t,x,y,z
0.0,30.0,10.0,10.0
0.25,27.55001392744122,9.991906071150796,9.999993282385452
0.5,25.292446740276052,9.967189646746814,9.999945744562204
0.75,23.206681488462355,9.925236020628379,9.999815204884934
1.0,21.276009542026763,9.86549584452221,9.99955812955249
1.25,19.48681638669883,9.78750702727468,9.999129825757572
1.5,17.82793828470343,9.69091906440308,9.998484693081624
1.75,16.29014307078055,9.575519285244779,9.997576535805376
2.0,14.865703234696339,9.441259896775701,9.996358942996476
2.25,13.548038986909834,9.288284501329487,9.994785734228689
2.5,12.331416997434545,9.116952247721645,9.992811467186025
2.75,11.210696071188327,8.927857358387822,9.99039200013617
3.0,10.18111501620481,8.721841766744038,9.98748509255688
3.25,9.238120833952703,8.499998515191193,9.984051026313693
3.5,8.377236705731512,8.26366423327875,9.980053217879176
3.75,7.593969555354732,8.014399502901352,9.97545879795578
4.0,6.883755963079793,7.753957351930609,9.970239123779896
4.25,6.241943653823527,7.484241109422367,9.964370199042305
4.5,5.663803745794989,7.207254240539606,9.957832975361539
4.75,5.14456716538307,6.9250455264874535,9.950613522766366
5.0,4.679477431278687,6.639653569981379,9.942703060398681
5.25,4.263851663508815,6.353054464259683,9.93409785150956
5.5,3.89314236708287,6.067115845720972,9.924798976134069
5.75,3.562993832728134,5.783559721282664,9.914811999632853
6.0,3.269288876853681,5.503935283597035,9.904146561912253
6.25,3.0081835592935593,5.229601919231469,9.892815912247235
6.5,2.776129232593318,4.961721685322815,9.880836415996374
6.75,2.5698826362359064,4.7012600753684834,9.868227051236124
7.0,2.386505622433077,4.448993204833609,9.855008922173386
7.25,2.2233565804020228,4.205519984665851,9.841204793447652
7.5,2.0780756969354996,3.9712774522285708,9.826838662727317
7.75,1.948566082889967,3.746557935841698,9.811935374577024
8.0,1.8329724968389247,3.5315269015943946,9.796520278845936
8.25,1.7296590907379157,3.3262405423311803,9.780618935902442
8.5,1.637187190717456,3.1306626273878253,9.764256863357296
8.75,1.5542939094315464,2.9446800732969804,9.747459325478712
9.0,1.4798720478807825,2.7681170715939967,9.73025116015129
9.25,1.412951580750016,2.60074767669123,9.712656639393586
9.5,1.352682872113843,2.4423068557931877,9.69469935899912
9.75,1.2983215930979006,2.292500020743359,9.676402155754015
10.0,1.2492153458378032,2.1510112071953458,9.657787045344138
10.25,1.204791850091627,2.017509970592761,9.638875180219998
10.5,1.1645485820928438,1.891657151578011,9.619686823427116
10.75,1.128043731342073,1.7731096909863515,9.600241334025776
11.0,1.0948883157954274,1.6615245101450533,9.580557165917043
11.25,1.0647393445484492,1.5565616951794836,9.560651873498738
11.5,1.0372938850369757,1.457887019355113,9.540542125213
11.75,1.0122839251421825,1.365173915825692,9.520243722839565
12.0,0.9894719298764939,1.2781050162590548,9.499771624169115
12.25,0.9686469913823668,1.1963732730654404,9.479139970077705
12.5,0.949621500374301,1.1196827797674291,9.458362113237031
12.75,0.9322282632174288,1.0477493223147674,9.437450648575036
13.0,0.9163180028733356,0.9803007049057965,9.416417445005488
13.25,0.9017571936335445,0.9170769060133849,9.395273677346268
13.5,0.8884261804838249,0.8578300902842586,9.374029858359913
13.75,0.8762175435358703,0.8023244933801136,9.352695870988311
14.0,0.8650346762058695,0.750336227873542,9.331280999659082
14.25,0.8547905450279434,0.7016530120654234,9.309793961134991
14.5,0.8454066070080135,0.6560738428225954,9.288242934587572
14.75,0.8368118640351793,0.6134086310428433,9.266635590605736
15.0,0.8289420343789363,0.5734778101041226,9.24497911912052
15.25,0.8217388256542968,0.5361119161283239,9.223280256545483
15.5,0.8151492966946214,0.5011511651103303,9.201545311495142
15.75,0.8091252956747582,0.4684450200335313,9.17978018952903
16.0,0.8036229646840604,0.4378517595414936,9.157990416689572
16.25,0.7986023025344758,0.40923805035656086,9.136181161900286
16.5,0.7940267779981685,0.3824785257055868,9.11435725828338
16.75,0.7898629860010844,0.3574553723865472,9.09252322343602
17.0,0.7860803438340361,0.33405793199437345,9.070683278513867
17.25,0.78265082050532,0.3121823139313409,9.048841366335777
17.5,0.7795486951361045,0.2917310207733862,9.027001168556533
17.75,0.7767503416744672,0.27261258916267794,9.005166121843443
18.0,0.7742340367575005,0.2547412476670902,8.983339433062831
18.25,0.7719797876981862,0.2380365892291613,8.96152409361157
18.5,0.7699691774760935,0.22242325554778095,8.93972289304067
18.75,0.7681852251185078,0.20783063621927853,8.917938431900275
19.0,0.766612262500394,0.19419259233060143,8.896173133449865
19.25,0.7652358206935646,0.1814471835394797,8.874429255084525
19.5,0.7640425284289843,0.16953641375524225,8.852708898905153
19.75,0.7630200203382271,0.1584059909573789,8.831014021629123
20.0,0.7621568539711915,0.14800510051855115,8.809346443880637
20.25,0.7614424342039321,0.1382861894297503,8.787707858975194
20.5,0.7608669443501086,0.12920476183071675,8.76609984119612
20.75,0.7604212846786695,0.12071919146111786,8.744523853355817
21.0,0.7600970153028711,0.11279053981843432,8.722981254083948
21.25,0.7598863045300499,0.10538238686821734,8.701473304585784
21.5,0.7597818817988252,0.09846067225807699,8.680001174957093
21.75,0.759776994697175,0.0919935461191259,8.658565950096067
22.0,0.7598653693588696,0.08595122753237264,8.63716863529121
22.25,0.7600411742932996,0.08030587216609263,8.615810161431945
22.5,0.7602989875921742,0.07503144972861396,8.594491389820558
22.75,0.7606337663317236,0.07010362662850075,8.57321311676582
23.0,0.7610408186778358,0.06549965693036355,8.551976077842328
23.25,0.7615157782969507,0.061198280426984865,8.530780951863372
23.5,0.7620545807607477,0.05717962687056602,8.509628364605899
23.75,0.7626534416021115,0.053425125247247914,8.488518892332216
24.0,0.7633088363854337,0.04991742023525423,8.467453065027907
24.25,0.7640174822158606,0.04664029346528292,8.44643136944849
24.5,0.764776320559912,0.04357858928967866,8.425454251987208
24.75,0.7655825014682257,0.04071814575887558,8.40452212133816
25.0,0.7664333690176096,0.038045730163554004,8.383635350980141
25.25,0.7673264477629496,0.03554897833446823,8.362794281512885
25.5,0.7682594301109673,0.033216337461064366,8.341999222855458
25.75,0.7692301648873477,0.03103701385086936,8.321250456252812
26.0,0.7702366464991531,0.029000922920067305,8.300548236194812
26.25,0.7712770049563851,0.02709864276335886,8.279892792196387
26.5,0.7723494966435481,0.025321370880321197,8.259284330455369
26.75,0.7734524957551124,0.023660883719943585,8.238723035401241
27.0,0.7745844862603128,0.022109498470156076,8.21820907115696
27.25,0.7757440544860553,0.020660037567367524,8.197742582895879
27.5,0.7769298822915556,0.019305795843908437,8.177323698097053
27.75,0.7781407406066961,0.01804050927453516,8.156952527738868
28.0,0.779375483474154,0.016858326013371516,8.136629167404633
28.25,0.7806330425246625,0.015753779414665475,8.116353698311956
28.5,0.7819124218181965,0.014721762740686054,8.096126188277344
28.75,0.7832126929826857,0.013757505253486306,8.075946692627754
29.0,0.7845329907811109,0.012856550317776185,8.05581525503505
29.25,0.7858725089400774,0.012014734743995956,8.035731908302983
29.5,0.7872304962406262,0.011228169382671216,8.015696675106302
29.75,0.7886062529003668,0.010493221113282335,7.9957095686765305
30.0,0.7899991272108476,0.009806496063505397,7.9757705934406955
30.25,0.7914085123814517,0.009164823835095997,7.955879745621627
30.5,0.7928338435651409,0.008565242623906202,7.936037013804151
30.75,0.7942745951659957,0.008004985699291515,7.916242379449308
31.0,0.7957302782616058,0.007481468468815862,7.896495817386314
31.25,0.7972004382104915,0.006992276452974708,7.876797296269817
31.5,0.7986846524301271,0.0065351541022280225,7.857146779005009
31.75,0.8001825283281514,0.006107994374550433,7.837544223143752
32.0,0.80169370135384,0.005708828920291714,7.817989581257594
32.25,0.8032178331631522,0.0053358188414040775,7.798482801288927
32.5,0.8047546099633032,0.004987246325911343,7.779023826868709
32.75,0.806303740913665,0.0046615065901931515,7.759612597622567
33.0,0.8078649566472383,0.004357100421166643,7.740249049454028
33.25,0.8094380078954183,0.004072627236526042,7.7209331148080205
33.5,0.8110226642070499,0.0038067786196086615,7.701664722916303
33.75,0.8126187127405988,0.0035583322302118105,7.682443800028609
34.0,0.8142259571218805,0.003326146054319834,7.663270269630919
34.25,0.8158442164193029,0.00310915322592063,7.644144052641886
34.5,0.8174733241511895,0.0029063570317277585,7.6250650676023595
34.75,0.8191131273649549,0.0027168262763979465,7.606033230851198
35.0,0.8207634857810248,0.002539690973639392,7.58704845668866
35.25,0.8224242709966291,0.002374138339098465,7.568110657528308
35.5,0.8240953657366331,0.0022194090254442035,7.549219744039719
35.75,0.8257766631400132,0.002074793546490415,7.530375625284021
36.0,0.827468066114757,0.0019396290347283459,7.511578208836703
36.25,0.829169486730058,0.0018132961918551633,7.4928274009030895
36.5,0.8308808456368452,0.001695216390088284,7.47412310642811
36.75,0.8326020715326543,0.0015848489942049703,7.455465229197654
37.0,0.8343331006646362,0.0014816888747003086,7.436853671932637
37.25,0.8360738763647864,0.001385264084552352,7.41828833637686
37.5,0.8378243486089275,0.0012951336607540452,7.399769123380123
37.75,0.8395844735986479,0.0012108855455129019,7.381295932976803
38.0,0.8413542133949404,0.0011321347524206682,7.36286866445505
38.25,0.8431335355535492,0.001058521556545533,7.3444872164251285
38.5,0.844922412789337,0.0009897098273084983,7.326151486882308
38.75,0.8467208226637343,0.0009253854768108581,7.307861373265363
39.0,0.8485287472950263,0.0008652550214369566,7.28961677251074
39.25,0.8503461730867443,0.0008090442352540438,7.271417581103254
39.5,0.8521730904689508,0.0007564968716518034,7.253263695124179
39.75,0.8540094936523249,0.0007073734517856171,7.235155010296817
40.0,0.8558553804173019,0.0006614502153787438,7.21709142202583
40.25,0.8577107518995586,0.0006185180657709605,7.199072825436839
40.5,0.8595756123935807,0.0005783816023731291,7.181099115412683
40.75,0.8614499691696176,0.0005408582195362173,7.163170186627145
41.0,0.863333832304435,0.0005057772728150976,7.145285933576112
41.25,0.8652272145232236,0.0004729793008121264,7.127446250606606
41.5,0.8671301310495192,0.00044231528863448034,7.1096510319442485
41.75,0.8690425994602068,0.0004136459599028278,7.091900171719644
42.0,0.8709646395580278,0.00038684114946747265,7.074193563991662
42.25,0.8728962732541397,0.00036177922501949957,7.0565311027688615
42.5,0.8748375244494171,0.0003383465087969602,7.038912682030926
42.75,0.8767884189277538,0.0003164367555321268,7.021338195747949
43.0,0.8787489842565833,0.00029595066567332344,7.003807537898376
43.25,0.8807192496949934,0.0002767954351760509,6.986320602485544
43.5,0.8826992461075882,0.0002588843338122952,6.96887728355314
43.75,0.8846890058822486,0.00024213630394691262,6.951477475199878
44.0,0.8866885628500483,0.00022647557217082238,6.9341210715937045
44.25,0.8886979522167797,0.00021183131278948095,6.916807966983998
44.5,0.890717210500451,0.00019813733968335886,6.899538055712691
44.75,0.892746375465345,0.0001853317868337908,6.882311232225841
45.0,0.8947854860643063,0.00017335682608774186,6.8651273910837745
45.25,0.896834582384566,0.0001621584022009205,6.847986426970568
45.5,0.8988937055980347,0.00015168598885006727,6.830888234702732
45.75,0.9009628979150119,0.00014189236112670565,6.813832709237262
46.0,0.903042202540258,0.00013273338002464191,6.796819745679238
46.25,0.9051316636303743,0.00012416778443350134,6.7798492392891365
46.5,0.9072313262525111,0.00011615699051090129,6.7629210854898805
46.75,0.9093412363547264,0.00010866494034753797,6.746035179871961
47.0,0.9114614407306247,0.00010165792916954228,6.729191418199416
47.25,0.9135919869874864,9.510444824627426e-05,6.712389696415206
47.5,0.9157329235171293,8.897504049929875e-05,6.695629910646102
47.75,0.9178842994690019,8.324216647134737e-05,6.678911957207173
48.0,0.9200461647256197,7.788008103899472e-05,6.662235732605869
48.25,0.9222185698797657,7.286471846535383e-05,6.645601133545783
48.5,0.9244015662128744,6.817358338909673e-05,6.629008056930188
48.75,0.9265952056740241,6.378564534610563e-05,6.612456399865445
49.0,0.9287995408589722,5.9681234492918776e-05,6.595946059664366
49.25,0.9310146249945482,5.584195951880043e-05,6.579476933848729
49.5,0.9332405119250502,5.225063452766957e-05,6.563048920151425
49.75,0.9354772560942284,4.889118909442033e-05,6.5466619165192945
50.0,0.9377249125319069,4.57485975839888e-05,6.530315821115198
50.25,0.9399835368407913,4.28088098880775e-05,6.514010532320047
50.5,0.9422531851846878,4.005868836216541e-05,6.497745948734584
50.75,0.9445339142778327,3.748594973437778e-05,6.481521969180995
51.0,0.9468257813750247,3.507911075778998e-05,6.465338492704353
51.25,0.9491288442622572,3.28274363777396e-05,6.449195418573989
51.5,0.9514431612475467,3.072088918572084e-05,6.433092646284809
51.75,0.9537687911516514,2.87500789314356e-05,6.417030075558606
52.0,0.9561057933006607,2.6906219687327455e-05,6.401007606345088
52.25,0.958454227523281,2.5181105639854295e-05,6.385025138822173
52.5,0.9608141541412653,2.3567060736663237e-05,6.369082573397313
52.75,0.9631856339646186,2.205690713497283e-05,6.353179810708085
53.0,0.9655687282862269,2.0643931786778946e-05,6.337316751622856
53.25,0.9679634988772062,1.93218560706258e-05,6.321493297241338
53.5,0.9703700079828873,1.8084808121113503e-05,6.305709348895032
53.75,0.9727883183192811,1.6927297262090982e-05,6.289964808147601
54.0,0.9752184930698753,1.5844189949483056e-05,6.274259576795175
54.25,0.9776605958826071,1.4830686629700492e-05,6.258593556866638
54.5,0.9801146908668639,1.3882298919581914e-05,6.242966650623891
54.75,0.9825808425903559,1.2994826513816312e-05,6.227378760562136
55.0,0.9850591160764001,1.2164335797273804e-05,6.211829789410097
55.25,0.9875495768055113,1.1387154805851446e-05,6.196319640129592
55.5,0.9900522907116359,1.0659848281302261e-05,6.180848215915901
55.75,0.9925673241811152,9.979203040075093e-06,6.165415420197724
56.0,0.9950947440516394,9.34221350247746e-06,6.150021156637132
56.25,0.9976346176113445,8.746067854436593e-06,6.1346653291295095
56.5,1.0001870125982522,8.188135586410438e-06,6.119347841803426
56.75,1.0027519971999834,7.665956140347586e-06,6.104068599020482
57.0,1.005329640053673,7.177228395595205e-06,6.088827505375113
57.25,1.007920010246014,6.7198007246539544e-06,6.073624465694379
57.5,1.01052317731336,6.291661349678934e-06,6.058459385037745
57.75,1.0131392112418143,5.890928730625651e-06,6.043332168696859
58.0,1.0157681824672358,5.515841715940077e-06,6.02824272219534
58.25,1.0184101618751007,5.164749233963271e-06,6.013190951288591
58.5,1.021065220802613,4.8361081672538785e-06,5.998176761963288
58.75,1.0237334310399213,4.528478108043001e-06,5.983200060436994
59.0,1.0264148648296711,4.2405100526810305e-06,5.968260753158017
59.25,1.0291095948684872,3.970942162192939e-06,5.95335874680498
59.5,1.0318176943079407,3.7185937079031396e-06,5.938493948286485
59.75,1.0345392367557005,3.4823596919310013e-06,5.923666264740732
60.0,1.0372742962768335,3.261206029803742e-06,5.908875603535125
60.25,1.0400229473952258,3.054165182433453e-06,5.894121872265868
60.5,1.0427852650950902,2.86033212470498e-06,5.8794049787575355
60.75,1.0455613248225342,2.678860537921396e-06,5.864724831062655
61.0,1.0483512024871506,2.508959113353811e-06,5.850081337461264
61.25,1.051154974463605,2.349887854142247e-06,5.835474406460488
61.5,1.0539727175931857,2.200954262794315e-06,5.820903946794117
61.75,1.0568045091852853,2.0615093015284374e-06,5.806369867422189
62.0,1.0596504270188325,1.930943175570964e-06,5.79187207753059
62.25,1.0625105493455977,1.8086876484276377e-06,5.777410486530388
62.5,1.0653849548917071,1.6942121662382624e-06,5.762985004057424
62.75,1.0682737228590005,1.587019378741034e-06,5.7485955399719195
63.0,1.0711769329273428,1.486644009525712e-06,5.734242004357955
63.25,1.0740946652565992,1.3926505630293028e-06,5.7199243075230015
63.5,1.0770270004886913,1.3046313073346313e-06,5.705642359997437
63.75,1.0799740197497238,1.2222044897775585e-06,5.691396072534056
64.0,1.0829358046521707,1.1450127423685935e-06,5.677185356107573
64.25,1.0859124372971005,1.072721634034655e-06,5.663010121914126
64.5,1.0889040002764394,1.0050183266867319e-06,5.648870281370768
64.75,1.0919105766752497,9.416102921191973e-07,5.634765746114969
65.0,1.094932250074017,8.822240467465265e-07,5.620696428004111
65.25,1.09796910455093,8.26603861183174e-07,5.606662239114985
65.5,1.1010212246841444,7.745104016723573e-07,5.592663091743297
65.75,1.104088695554013,7.257192603695049e-07,5.578698898403181
66.0,1.1071716027452747,6.800193314861173e-07,5.56476957182671
66.25,1.1102700323494719,6.372119388692924e-07,5.550875024963386
66.5,1.1133840709686025,5.971140715868452e-07,5.537015170979469
66.75,1.1165138057163315,5.595534997059232e-07,5.523189923257627
67.0,1.1196593242207262,5.243689175630779e-07,5.509399195396388
67.25,1.1228207146267748,4.914093828532146e-07,5.495642901209622
67.5,1.1259980655988469,4.605335533137251e-07,5.48192095472603
67.75,1.129191466323189,4.316090223724584e-07,5.468233270188638
68.0,1.1324010065104477,4.04511739152787e-07,5.45457976205428
68.25,1.1356267763982177,3.791254982290204e-07,5.440960344993083
68.5,1.13886886675361,3.55341484525422e-07,5.427374933887953
68.75,1.1421273688758355,3.330578587520818e-07,5.413823443834058
69.0,1.1454023745987976,3.121793687709019e-07,5.400305790138315
69.25,1.1486939762936932,2.926169722849469e-07,5.386821888318872
69.5,1.152002266871612,2.7428745624441425e-07,5.373371654104596
69.75,1.1553273397861343,2.5711303836247924e-07,5.359955003434564
70.0,1.1586692890359203,2.410209361342691e-07,5.346571852457552
70.25,1.1620282091672856,2.2594288875221986e-07,5.33322211753153
70.5,1.1654041952767606,2.1181461731107058e-07,5.319905715223166
70.75,1.168797343013627,1.985752086957498e-07,5.306622562307319
71.0,1.1722077485827782,1.861675112120394e-07,5.2933725757665115
71.25,1.1756355087479875,1.7453982375481858e-07,5.280155672790338
71.5,1.1790807208336662,1.6364282290254804e-07,5.266971770775072
71.75,1.1825434827278631,1.5343036493445619e-07,5.25382078732312
72.0,1.1860238928849327,1.4385927606472124e-07,5.2407026402425085
72.25,1.1895220503281987,1.3488911674982957e-07,5.227617247546386
72.5,1.1930380546526305,1.264819791678635e-07,5.214564527452513
72.75,1.196572006027527,1.1860231356840961e-07,5.201544398382764
73.0,1.2001240051992113,1.1121677919177869e-07,5.188556778962618
73.25,1.2036941534937307,1.0429411545622738e-07,5.175601588020657
73.5,1.207282552819562,9.780502911187325e-08,5.162678744588064
73.75,1.2108893056703216,9.172209305999332e-08,5.1497881678981186
74.0,1.2145145151274739,8.601965253639745e-08,5.136929777385699
74.25,1.2181582848630435,8.067373435756714e-08,5.124103492686781
74.5,1.2218207191423238,7.566195492825051e-08,5.111309233637935
74.75,1.2255019228265818,7.096342270920451e-08,5.098546920275836
75.0,1.2292020013757587,6.655863084377509e-08,5.085816472836763
75.25,1.2329210608511638,6.242933564200582e-08,5.073117811756108
75.5,1.2366592079181593,5.8558416620966644e-08,5.060450857667884
75.75,1.2404165498488349,5.492971379999244e-08,5.04781553140423
76.0,1.2441931945246718,5.1527837949523194e-08,5.035211753994934
76.25,1.2479892504391914,4.833794949223625e-08,5.0226394466669415
76.5,1.2518048267008592,4.534629316439824e-08,5.010098530843841
76.75,1.2556400330360893,4.254107212688693e-08,4.99758892814534
77.0,1.2594949797913166,3.991055102360745e-08,4.985110560386852
77.25,1.2633697779359558,3.744377839152298e-08,4.972663349578977
77.5,1.2672645390650825,3.5130532110868396e-08,4.960247217927018
77.75,1.2711793754021075,3.296124908221745e-08,4.947862087830495
78.0,1.2751143998014471,3.092696529320128e-08,4.935507881882664
78.25,1.279069725751193,2.901926524513676e-08,4.923184522870036
78.5,1.2830454673757767,2.7230239709822838e-08,4.910891933771897
78.75,1.2870417394386326,2.5552450786763447e-08,4.898630037759822
79.0,1.2910586573448544,2.3978903231075182e-08,4.886398758197203
79.25,1.2950963371438462,2.250302102233817e-08,4.874198018638768
79.5,1.2991548955319694,2.1118628144648514e-08,4.862027742830103
79.75,1.3032344498551784,1.981993254813063e-08,4.849887854707179
80.0,1.307335118111653,1.860151226216785e-08,4.837778278395873
80.25,1.3114570189544181,1.7458302630609663e-08,4.825698938211499
80.5,1.3156002716939568,1.638558363921397e-08,4.813649758658332
80.75,1.3197649963008102,1.5378966305582625e-08,4.801630664429136
81.0,1.3239513134081702,1.443437710184879e-08,4.789641580404699
81.25,1.328159344314455,1.3548039380374272e-08,4.77768243165336
81.5,1.3323892109858773,1.2716450772715366e-08,4.76575314343054
81.75,1.3366410360589944,1.1936355532115447e-08,4.753853641178281
82.0,1.3409149428432472,1.1204710789782719e-08,4.741983850524779
82.25,1.3452110553234822,1.0518645695211568e-08,4.7301436972839195
82.5,1.3495294981624582,9.875412410805639e-09,4.718333107454819
82.75,1.3538703967033359,9.272327931061322e-09,4.706552007221358
83.0,1.3582338769721505,8.706705696569722e-09,4.694800322951734
83.25,1.3626200656802652,8.175775973095641e-09,4.683077981197991
83.5,1.367029090226891,7.676827291267565e-09,4.671384908695568
83.75,1.37146107870199,7.208495109542175e-09,4.659721032362778
84.0,1.3759161598880525,6.768962546893893e-09,4.648086279300429
84.25,1.3803944632626934,6.356402229388727e-09,4.63648057679135
84.5,1.3848961190011098,5.969135062940127e-09,4.6249038522999335
84.75,1.38942125797845,5.605610831525993e-09,4.613356033471674
85.0,1.3939700117721685,5.264391263149413e-09,4.601837048132725
85.25,1.3985425126643634,4.944135404062655e-09,4.590346824289448
85.5,1.4031388936440936,4.643587141773944e-09,4.578885290127955
85.75,1.4077592884096777,4.3615647173565586e-09,4.56745237401367
86.0,1.4124038313709741,4.096952067579786e-09,4.556048004490877
86.25,1.417072657651637,3.848691837381262e-09,4.54467211028227
86.5,1.4217659030913552,3.615779903200237e-09,4.533324620288515
86.75,1.4264837042480638,3.3972612476912912e-09,4.522005463587802
87.0,1.4312261984001378,3.192227026338042e-09,4.510714569435401
87.25,1.4359935235485566,2.999812666486378e-09,4.4994518672632235
87.5,1.4407858184190478,2.819196839316744e-09,4.488217286679375
87.75,1.4456032224642048,2.6496011452750095e-09,4.477010757467724
88.0,1.4504458758655752,2.4902903534814826e-09,4.465832209587455
88.25,1.4553139195357265,2.3405730356375535e-09,4.4546815731726355
88.5,1.460207495120281,2.1998024349495502e-09,4.443558778531778
88.75,1.4651267449999232,2.067377410589304e-09,4.432463756147404
89.0,1.4700718122923784,1.9427432982109817e-09,4.421396436675609
89.25,1.4750428408543586,1.8253925270437056e-09,4.410356750945633
89.5,1.4800399752834819,1.7148648340794995e-09,4.3993446299594225
89.75,1.485063360920156,1.6107469158760898e-09,4.388360004891202
90.0,1.4901131438494313,1.5126713584941104e-09,4.377402807087044
90.25,1.4951894709028208,1.42031468608821e-09,4.366472968064443
90.5,1.5002924896600853,1.3333943686716471e-09,4.355570419511879
90.75,1.505422348450984,1.2516646295738592e-09,4.344695093288399
91.0,1.5105791963569906,1.1749108931105644e-09,4.33384692142319
91.25,1.5157631832129703,1.1029427129859191e-09,4.323025836115149
91.5,1.5209744596088237,1.0355850219462822e-09,4.312231769732468
91.75,1.5262131768910887,9.726675432050874e-10,4.301464654812203
92.0,1.5314794871645068,9.140122041583921e-10,4.290724424059859
92.25,1.536773543293549,8.594183929106136e-10,4.280011010348968
92.5,1.5420954989039,8.086458981299999e-10,4.269324346720667
92.75,1.5474455083839038,7.613953727533452e-10,4.258664366383289
93.0,1.5528237268859668,7.172861620595325e-10,4.248031002711932
93.25,1.558230310327916,6.758313366313664e-10,4.237424189248059
93.5,1.5636654153943186,6.364097707253037e-10,4.226843859699072
93.75,1.569129199537739,5.986348725515385e-10,4.216289947937895
94.0,1.5746218209800118,5.633067398168371e-10,4.205762388002528
94.25,1.5801434387135238,5.302353752697776e-10,4.195261114095685
94.5,1.5856942125022362,4.991696088466504e-10,4.1847860605843765
94.75,1.5912743028827532,4.699094603142347e-10,4.174337161999486
95.0,1.5968838711653466,4.4229810612311114e-10,4.163914353035369
95.25,1.6025230794349345,4.162145562008221e-10,4.15351756854944
95.5,1.6081920905520082,3.9156701344681306e-10,4.1431467435617675
95.75,1.6138910681535072,3.6828688869108085e-10,4.132801813254664
96.0,1.6196201766536438,3.463234438784594e-10,4.12248271297229
96.25,1.6253795812446705,3.256390362404707e-10,4.112189378220236
96.5,1.631169447897596,3.062049362166725e-10,4.101921744665133
96.75,1.6369899433628423,2.879976918874284e-10,4.091679748134242
97.0,1.6428412351708446,2.709960126800323e-10,4.081463324615053
97.25,1.6487234916325941,2.5517814511011423e-10,4.071272410254893
97.5,1.6546368818401183,2.405197133202585e-10,4.061106941360513
97.75,1.6605815756669022,2.2699199717776054e-10,4.050966854397704
98.0,1.6665577437682466,2.1456062069345513e-10,4.040852085990894
98.25,1.6725655575815614,2.0318462352354076e-10,4.030762572922746
98.5,1.6786051893265965,1.92815888316333e-10,4.020698252133774
98.75,1.684676812005604,1.8339889666587371e-10,4.010659060721941
99.0,1.6907805994034344,1.7487078643432583e-10,4.00064493594227
99.25,1.6969167260875655,1.6716168320508205e-10,3.990655815206447
99.5,1.7030853674080584,1.601952786285182e-10,3.9806916360824376
99.75,1.7092866994974458,1.538896284223182e-10,3.970752336294089
100.0,1.7155208992705453,1.4815814278830096e-10,3.9608378537207454
100.25,1.721788144424202,1.4291074200767763e-10,3.9509481263968578
100.5,1.728088613436954,1.3805514997666962e-10,3.9410830925115983
100.75,1.7344224855686232,1.3349829844441332e-10,3.9312426904084723
101.0,1.7407899408598297,1.2914781471508477e-10,3.921426858584934
101.25,1.747191160131426,1.2491356557616955e-10,3.911635535692003
101.5,1.7536263249838537,1.2070923021480875e-10,3.901868660533878
101.75,1.7600956177964173,1.164538748841507e-10,3.8921261720675573
102.0,1.7665992217264783,1.1207350208163536e-10,3.8824080094024565
102.25,1.7731373207085643,1.0750254700114249e-10,3.8727141118000272
102.5,1.7797100994533952,1.0268529402093095e-10,3.863044418673378
102.75,1.7863177434468214,9.757718598930032e-11,3.8533988695868957
103.0,1.7929604389486777,9.214599906990086e-11,3.843777404255868
103.25,1.7996383729915482,8.637285590862418e-11,3.8341799625461066
103.5,1.806351733379441,8.025304988400027e-11,3.8246064844735703
103.75,1.8131007086863733,7.379665320303344e-11,3.8150569102039924
104.0,1.8198854882548643,6.702888160440313e-11,3.8055311800525042
104.25,1.8267062621943357,5.999018843096032e-11,3.796029234483264
104.5,1.8335632213794177,5.273606083344867e-11,3.786551014109083
104.75,1.8404565574481584,4.5336490867377815e-11,3.7770964596910566
105.0,1.8473864628001386,3.7875094244980086e-11,3.7676655121381923
105.25,1.8543531305944878,3.044784950417788e-11,3.7582581125070402
105.5,1.8613567547477996,2.3161430356491798e-11,3.7488742020013257
105.75,1.86839752993195,1.613110397581783e-11,3.7395137219715817
106.0,1.8754756515718112,9.478167990003501e-12,3.730176613914781
106.25,1.8825913158428635,3.3268989371509493e-12,3.7208628194739717
106.5,1.8897447196687052,-2.19901505142376e-12,3.711572280437912
106.75,1.8969360607184527,-6.9805845796442156e-12,3.7023049387407054
107.0,1.9041655374040398,-1.0908199564614375e-11,3.6930607364614394
107.25,1.9114333488774047,-1.3886907302114686e-11,3.6838396158238225
107.5,1.9187396950275708,-1.5842315257726414e-11,3.674641519195821
107.75,1.9260847764776161,-1.6727145821653085e-11,3.6654663890893024
108.0,1.933468794581532,-1.6528470265311928e-11,3.656314168159674
108.25,1.9408919514209693,-1.527564913776578e-11,3.6471847992055215
108.5,1.9483544498018694,-1.3049006340065664e-11,3.6380782251682575
108.75,1.9558564932509834,-9.989264115575612e-12,3.628994389131758
109.0,1.9633982860122714,-6.307766194350807e-12,3.619933234322011
109.25,1.9709800330431861,-2.297516329640284e-12,3.6108947041067605
109.5,1.9786019400108388,1.6549405354169214e-12,3.6018787419951495
109.75,1.986264213288043,5.056767232827284e-12,3.5928852916373692
110.0,1.9939670599492392,7.295186228443675e-12,3.583914296824307
110.25,2.0017106877660416,7.662336189096456e-12,3.5749657014871943
110.5,2.0094953051919022,7.231535705388711e-12,3.566039449697337
110.75,2.0173211213726194,6.828413239742416e-12,3.557135485665661
111.0,2.0251883461424534,6.449615741139503e-12,3.5482537537423506
111.25,2.0330971900134744,6.092440276760768e-12,3.5393941984165456
111.5,2.041047864170723,5.754742366093808e-12,3.530556764315991
111.75,2.049040580467224,5.434851598085691e-12,3.521741396206694
112.0,2.0570755514188477,5.1314942791353764e-12,3.5129480389925742
112.25,2.0651529901990258,4.8437228597208754e-12,3.5041766377151222
112.5,2.0732731106333135,4.570851887456162e-12,3.4954271375530537
112.75,2.0814361271938013,4.312400234372831e-12,3.486699483821968
113.0,2.089642254993372,4.068039346221504e-12,3.4779936219740044
113.25,2.097891709779806,3.837547261587997e-12,3.4693094975975023
113.5,2.1061847079297285,3.6207681486192323e-12,3.4606470564166596
113.75,2.1145214664424032,3.4175771071539224e-12,3.4520062442911956
114.0,2.1229022029333655,3.2278499840529993e-12,3.443387007216009
114.25,2.1313271356279007,3.0514379495248144e-12,3.4347892913208438
114.5,2.139796483354357,2.8881465822401055e-12,3.42621304286995
114.75,2.1483104655373055,2.737719211031713e-12,3.4176582082617486
115.0,2.1568693021905294,2.599824260974092e-12,3.409124734028496
115.25,2.1654732139098574,2.4740463516375683e-12,3.4006125668359517
115.5,2.174122421865828,2.3598808953123864e-12,3.3921216534830414
115.75,2.182817147796193,2.2567319429975204e-12,3.383651940901529
116.0,2.191557613998249,2.163913025949268e-12,3.3752033761556803
116.25,2.200344043321007,2.0806507405846256e-12,3.366775906441936
116.5,2.2091766591571895,2.006090824534438e-12,3.3583694790885787
116.75,2.2180556854350604,1.9393064716413354e-12,3.3499840415554067
117.0,2.2269813466100805,1.87930863369746e-12,3.3416195414334036
117.25,2.235953867656397,1.8250580567169768e-12,3.333275926444412
117.5,2.2449734740581517,1.7754787995383695e-12,3.3249531444408045
117.75,2.254040391800625,1.7294729825515414e-12,3.3166511434051618
118.0,2.2631548473611938,1.6859365143446976e-12,3.3083698714499454
118.25,2.272317067700123,1.6437755440660328e-12,3.3001092768171727
118.5,2.2815272802511712,1.601923387295215e-12,3.2918693078780947
118.75,2.290785712912024,1.5593576732196664e-12,3.2836499131328742
119.0,2.3000925940345445,1.5151174609106535e-12,3.275451041210262
119.25,2.3094481524148414,1.4683200724941811e-12,3.2672726408672785
119.5,2.3188526172831603,1.4181773910116911e-12,3.259114660988891
119.75,2.3283062182935854,1.3640113707655731e-12,3.250977050587696
120.0,2.3378091855135645,1.3052685079444838e-12,3.2428597588035997
120.25,2.3473617494132406,1.2415330193234827e-12,3.2347627349035015
120.5,2.3569641408546023,1.1725384768339855e-12,3.226685928280975
120.75,2.366616591080447,1.0981776457985367e-12,3.2186292884559538
121.0,2.3763193317031517,1.0185102746253959e-12,3.210592765074414
121.25,2.386072594693257,9.33768583757948e-13,3.202576307908063
121.5,2.3958766123678603,8.443602016739465e-13,3.1945798668540206
121.75,2.4057316173788146,7.508682957295753e-13,3.18660339193451
122.0,2.4156378427007366,6.540486456433432e-13,3.1786468332965434
122.25,2.4255955216188196,5.548234074148105e-13,3.1707101412116105
122.5,2.435604887716452,4.5427131547313975e-13,3.1627932660753695
122.75,2.4456661748626365,3.536140708504974e-13,3.1548961584073343
123.0,2.4557796171992163,2.541986631752838e-13,3.147018768850566
123.25,2.465945449127899,1.574753742801994e-13,3.1391610481713648
123.5,2.4761639052970814,6.497121122016516e-14,3.1313229472589628
123.75,2.4864352205884757,-2.1741483504928795e-14,3.123504417125215
124.0,2.4967596301035293,-1.010814967276047e-13,3.1157054089042933
124.25,2.507137369149648,-1.7150053659536181e-13,3.1079258738523823
124.5,2.517568673226207,-2.315306039633651e-13,3.1001657633473725
124.75,2.5280537780103636,-2.7983719540228554e-13,3.0924250288885573
125.0,2.5385929193426597,-3.152785900262975e-13,3.084703622096328
125.25,2.5491863332124174,-3.3697147234620706e-13,3.0770014947118725
125.5,2.5598342557429263,-3.443631433527206e-13,3.069318598596873
125.75,2.5705369231764217,-3.373105720348627e-13,3.061654885733203
126.0,2.58129457185885,-3.1616653953852147e-13,3.054010308222629
126.25,2.592107438224423,-2.818731281701286e-13,3.046384818286508
126.5,2.6029757587799622,-2.3606280745047e-13,3.03877836826549
126.75,2.613899770089022,-1.811673694236417e-13,3.031190910619218
127.0,2.624879708755804,-1.205349654261063e-13,3.0236223979260313
127.25,2.635915811408852,-5.855549652089685e-14,3.016072782882668
127.5,2.6470083146845305,-7.946098019398773e-16,3.008542018303967
127.75,2.658157455210282,4.5863447226507775e-14,3.0010300571225743
128.0,2.669363469587668,7.30638619902971e-14,2.993536852388646
128.25,2.6806265943716845,7.43651091810867e-14,2.986062357269584
128.5,2.6919470660338667,7.048283551121848e-14,2.978606525049948
128.75,2.7033251209904288,6.681711620729653e-14,2.9711693091307976
129.0,2.714760995565482,6.335011658486226e-14,2.963750663029501
129.25,2.7262549259671567,6.006666175540117e-14,2.956350540379491
129.5,2.7378071482697353,5.695388236644926e-14,2.9489688949299726
129.75,2.749417898395536,5.40008882919917e-14,2.9416056805456368
130.0,2.7610874120965407,5.1198469302585324e-14,2.9342608512063704
130.25,2.7728159249357858,4.8538821744637203e-14,2.926934361006967
130.5,2.784603672268501,4.60153002582713e-14,2.9196261641568415
130.75,2.796450889223012,4.3622193563215325e-14,2.9123362149797427
131.0,2.808357810681405,4.1354523342139686e-14,2.905064467913468
131.25,2.8203246712599546,3.920786525088071e-14,2.8978108775095777
131.5,2.8323517052893203,3.717819108498014e-14,2.8905753984331115
131.75,2.8444391467945147,3.526173113197286e-14,2.8833579854623053
132.0,2.8565872294746426,3.34548557388552e-14,2.876158593488307
132.25,2.8687961866824176,3.175397512416527e-14,2.868977177514896
132.5,2.881066251403459,3.0155456464108175e-14,2.8618136926582007
132.75,2.8933976562353694,2.865555728215734e-14,2.854668094146419
133.0,2.905790633366595,2.7250374171564612e-14,2.8475403373195376
133.25,2.9182454145550776,2.5935805880210865e-14,2.840430377629053
133.5,2.930762231106693,2.470752978722918e-14,2.8333381706376937
133.75,2.943341313853485,2.3560990800832773e-14,2.8262636720191416
134.0,2.955982893131694,2.2491401706779594e-14,2.819206837557755
134.25,2.9686871987595853,2.149375399690572e-14,2.8121676231482935
134.5,2.9814544600150774,2.0562838207159395e-14,2.805145984795641
134.75,2.9942849056131773,1.9693272794568245e-14,2.7981418786145316
135.0,3.00717876368322,1.8879540582570962e-14,2.791155260829275
135.25,3.02013626174592,1.8116031804146295e-14,2.7841860877734823
135.5,3.033157626690236,1.739709277217078e-14,2.7772343158897956
135.75,3.046243084750049,1.6717079206437546e-14,2.770299901729613
136.0,3.05939286148066,1.6070413246768322e-14,2.763382801952819
136.25,3.0726071817351115,1.545164318165037e-14,2.756482973327513
136.5,3.085886269640328,1.4855504921830644e-14,2.7496003727297387
136.75,3.0992303485730894,1.4276984248299186e-14,2.742734957143216
137.0,3.112639641135827,1.3711378864093753e-14,2.7358866836590714
137.25,3.126114369132259,1.31543592793577e-14,2.72905550947557
137.5,3.139654753542857,1.2602027559083166e-14,2.722241391897848
137.75,3.1532610145001554,1.2050972962971757e-14,2.715444288337646
138.0,3.1669333712638927,1.1498323506844603e-14,2.708664156313043
138.25,3.180672042196006,1.0941792475033705e-14,2.701900953448192
138.5,3.1944772447354706,1.0379718913187128e-14,2.695154637473052
138.75,3.2083491953729815,9.811101130919465e-15,2.688425166223128
139.0,3.2222881096254974,9.235622243740033e-15,2.6817124976392046
139.25,3.236294202010634,8.653666783690625e-15,2.6750165897670843
139.5,3.250367686020914,8.066327408125124e-15,2.6683374007573244
139.75,3.2645087740978846,7.475400736062626e-15,2.661674888864977
140.0,3.278717677606089,6.883371341546502e-15,2.6550290124493268
140.25,3.2929946068069142,6.293382933441187e-15,2.6483997299736313
140.5,3.3073397708322987,5.709195751098924e-15,2.641787000004861
140.75,3.3217533776583203,5.135129205328305e-15,2.63519078121344
141.0,3.3362356340786534,4.575988794096891e-15,2.6286110323729877
141.25,3.3507867456779055,4.03697632239973e-15,2.6220477123600623
141.5,3.365406916804834,3.5235824557259854e-15,2.6155007801539014
141.75,3.3800963505454478,3.041460636555563e-15,2.608970194836167
142.0,3.3948552486959924,2.596281393318036e-15,2.6024559155906895
142.25,3.4096838117358272,2.1935660712455275e-15,2.5959579017032106
142.5,3.4245822388001885,1.8384990145519913e-15,2.589476112561131
142.75,3.4395507276528563,1.5357172293706674e-15,2.583010507653255
143.0,3.4545894746587087,1.289076556881919e-15,2.576561046569536
143.25,3.469698674756183,1.1013933860632998e-15,2.570127689000826
143.5,3.4848785214296387,9.74160935494159e-16,2.563710394738621
143.75,3.500129206681623,9.072391336465848e-16,2.5573091236748096
144.0,3.5154509210050504,8.985171270949298e-16,2.5509238358014232
144.25,3.530843853355286,9.4354744607573e-16,2.5445544912103837
144.5,3.5463081911221526,1.035150856830376e-15,2.538201050093254
144.75,3.5618441201018474,1.1629909301622224e-15,2.531863472740989
145.0,3.5774518244687816,1.3131173556405306e-15,2.5255417195436864
145.25,3.5931314867473425,1.4674770308829693e-15,2.519235750990338
145.5,3.6088832877835806,1.603391955348992e-15,2.5129455276685833
145.75,3.6247074067168246,1.6930029580759043e-15,2.50667101026446
146.0,3.6406040209512307,1.7026782887899037e-15,2.500412159562159
146.25,3.6565733061226378,1.628381868299227e-15,2.4941689364438533
146.5,3.672615436075744,1.5523298200442836e-15,2.4879413018895473
146.75,3.688730582858023,1.4802363565385393e-15,2.481729216976496
147.0,3.7049189166699104,1.4117542134422836e-15,2.4755326428791316
147.25,3.7211806058358547,1.3465877276827855e-15,2.4693515408688342
147.5,3.7375158167765408,1.2844868394040565e-15,2.463185872313688
147.75,3.753924713981109,1.2252414923816246e-15,2.4570355986782397
148.0,3.77040745997937,1.1686764213589105e-15,2.4509006815232577
148.25,3.786964215314031,1.1146463147618016e-15,2.4447810825054908
148.5,3.8035951385129363,1.0630313412480227e-15,2.438676763377427
148.75,3.8203003860613385,1.0137330285478905e-15,2.4325876859870577
149.0,3.837080112374204,9.666704830530557e-16,2.426513812277633
149.25,3.853934469768563,9.2177693860982e-16,2.42045510428743
149.5,3.870863608435915,8.789966229736268e-16,2.41441152414951
149.75,3.8878676764146975,8.382819303813213e-16,2.408383034091484
150.0,3.90494681956283,7.995908886977704e-16,2.402369596435277
150.25,3.9221011815303317,7.628849095934432e-16,2.396371173596889
150.5,3.939330903732042,7.281268102095404e-16,2.390387728086165
150.75,3.9566361253204327,6.952790947672749e-16,2.3844192225065557
151.0,3.9740169831585312,6.643024845778909e-16,2.3784656195548863
151.25,3.991473611792966,6.351546849100225e-16,2.372526882021122
151.5,4.0090061434271345,6.077893771709824e-16,2.3666029727881366
151.75,4.0266147078945105,5.821554248585789e-16,2.36069385483148
152.0,4.0442994326321,5.581962817400532e-16,2.3547994912191457
152.25,4.062060442654047,5.358495907147333e-16,2.3489198451113413
152.5,4.07989786052541,5.150469618170002e-16,2.343054879760258
152.75,4.097811806336104,4.957139178161589e-16,2.33720455850984
153.0,4.115802397675032,4.777699958698121e-16,2.331368844795557
153.25,4.133869749604408,4.611289936873274e-16,2.325547702144174
153.5,4.1520139746342775,4.456993486599983e-16,2.319741094173525
153.75,4.1702351826972475,4.3138463841448846e-16,2.3139489845922845
154.0,4.188533481123443,4.18084191246156e-16,2.308171337199742
154.25,4.206908974615684,4.056937948888574e-16,2.3024081158855743
154.5,4.225361765224904,3.941064920778155e-16,2.2966592846296208
154.75,4.243891952325818,3.832134513621584e-16,2.2909248075016593
155.0,4.262499632592836,3.729049016237133e-16,2.2852046486611797
155.25,4.2811848999762585,3.630711187586603e-16,2.279498772357162
155.5,4.29994784567873,3.5360345297863035e-16,2.273807142927851
155.75,4.318788558131986,3.443953851878525e-16,2.2681297248005357
156.0,4.337707122973888,3.3534360089293807e-16,2.2624664824913254
156.25,4.356703623025765,3.2634907010189996e-16,2.25681738060493
156.5,4.375778138270059,3.1731812166900085e-16,2.251182383834436
156.75,4.394930745828299,3.0816350054202477e-16,2.2455614569610884
157.0,4.4141615199393955,2.988053963685702e-16,2.23995456485407
157.25,4.433470531938283,2.8917243191795227e-16,2.2343616724702824
157.5,4.452857850234902,2.792025997753198e-16,2.2287827448541258
157.75,4.47232354029354,2.688441357645692e-16,2.223217747137281
158.0,4.491867664612544,2.5805631755666207e-16,2.217666644538494
158.25,4.5114902827044,2.4681017691993256e-16,2.212129402363354
158.5,4.531191451076203,2.3508911406898538e-16,2.2066059860040825
158.75,4.5509712232105155,2.228894025687757e-16,2.2010963609393106
159.0,4.570829649546635,2.1022057325046427e-16,2.195600492733869
159.25,4.590766777462265,1.9710566559565167e-16,2.1901183470385694
159.5,4.610782651255614,1.8358133504557375e-16,2.1846498895899913
159.75,4.630877312127927,1.6969780469186144e-16,2.1791950862102665
160.0,4.651050798166441,1.5551864980546045e-16,2.173753902806867
160.25,4.671303144327808,1.4112040366029975e-16,2.1683263053723913
160.5,4.691634382421965,1.2659197310830858e-16,2.162912259984351
160.75,4.712044541096472,1.1203385236237578e-16,2.1575117328049602
161.0,4.732533645821329,9.755712344384474e-17,2.152124690080922
161.25,4.753101718874272,8.32822317511403e-17,2.1467510981432185
161.5,4.773748779326573,6.933752520612296e-17,2.141390923406901
161.75,4.794474843029335,5.585754543476425e-17,2.1360441323708783
162.0,4.815279922600301,4.298105943873707e-17,2.130710691617707
162.25,4.836164027411192,3.084882021451861e-17,2.1253905678133846
162.5,4.85712716357556,1.9601044776597917e-17,2.120083727707138
162.75,4.8781693339372065,9.37459804138691e-18,2.114790138131216
163.0,4.89929053805912,2.998710284230218e-19,2.1095097660006843
163.25,4.920490772212997,-7.502658164533802e-18,2.104242578313214
163.5,4.941770029369316,-1.3926192155922053e-17,2.098988542148878
163.75,4.963128299187998,-1.8881722387714238e-17,2.0937476246699434
164.0,4.984565568009644,-2.2302489089084892e-17,2.0885197931206663
164.25,5.006081818847371,-2.4148804639800023e-17,2.083305014827086
164.5,5.027677031379257,-2.4413251876749144e-17,2.0781032571968194
164.75,5.049351181941392,-2.3126268887012246e-17,2.072914487718859
165.0,5.071104243521558,-2.0362131830874977e-17,2.067738673963366
165.25,5.092936185753533,-1.6245347338193256e-17,2.0625757835814684
165.5,5.114846974912048,-1.0957466021514275e-17,2.057425784305058
165.75,5.136836573908381,-4.7443286493566955e-18,2.052288643946588
166.0,5.1589049422866164,2.076243476941233e-18,2.0471643303988687
166.25,5.181052036220577,9.106302399403609e-18,2.0420528116348686
166.5,5.203277808511424,1.5859160089222908e-17,2.0369540557075125
166.75,5.225582208585953,2.175029619878395e-17,2.031868030749478
167.0,5.24796518249558,2.6087775436501985e-17,2.026794704972999
167.25,5.270426672916033,2.806216302106897e-17,2.0217340466696627
167.5,5.292966619178973,2.732105760042702e-17,2.016686024210302
167.75,5.3155849573238605,2.624159249149727e-17,2.0116506060451265
168.0,5.338281619824368,2.520762977050774e-17,2.006627760702801
168.25,5.361056535776225,2.4216903680520335e-17,2.0016174567905147
168.5,5.383909630923774,2.3267320292088553e-17,1.9966196629938426
168.75,5.406840827660282,2.2356942141040848e-17,1.9916343480765522
169.0,5.429850045029247,2.1483973827622026e-17,1.9866614808804057
169.25,5.452937198726652,2.0646748549134585e-17,1.981701030324966
169.5,5.476102201104208,1.9843715538221863e-17,1.9767529654074016
169.75,5.4993449611735326,1.907342837893485e-17,1.971817255202293
170.0,5.522665384611276,1.8334534172724654e-17,1.966893868861438
170.25,5.546063373765192,1.7625763526502425e-17,1.9619827756136596
170.5,5.569538827661123,1.694592133490869e-17,1.9570839447646138
170.75,5.593091642010913,1.6293878328933887e-17,1.9521973456965962
171.0,5.616721709221221,1.5668563363032175e-17,1.9473229478683511
171.25,5.6404289184032415,1.5068956412870214e-17,1.9424607208148807
171.5,5.664213155383309,1.4494082255852918e-17,1.937610634147255
171.75,5.688074302714395,1.3943004806568092e-17,1.9327726575524196
172.0,5.712012239688464,1.3414822079291712e-17,1.9279467607930085
172.25,5.736026842349705,1.2908661749695941e-17,1.9231329137071542
172.5,5.7601179835086125,1.242367728790157e-17,1.9183310862082987
172.75,5.784285532756915,1.1959044635016921e-17,1.9135412482850058
173.0,5.808529356483342,1.1513959395305033e-17,1.9087633700007738
173.25,5.832849317890216,1.1087634516121046e-17,1.903997421493847
173.5,5.85724527701087,1.0679298427761671e-17,1.8992433729770317
173.75,5.88171709072787,1.0288193615368636e-17,1.8945011947375068
174.0,5.906264612792036,9.913575595027998e-18,1.8897708571366405
174.25,5.9308876938422666,9.554712266207236e-18,1.8850523306098044
174.5,5.955586181426138,9.21088361267196e-18,1.8803455856661886
174.75,5.98035992002128,8.881381724024219e-18,1.8756505928886174
175.0,6.005208751057517,8.565511110004184e-18,1.8709673229333659
175.25,6.030132512939771,8.262589279697224e-18,1.866295746529976
175.5,6.055131041071702,7.971947557788154e-18,1.8616358344810748
175.75,6.080204167880098,7.692932110004622e-18,1.8569875576621906
176.0,6.105351722839993,7.424905149891504e-18,1.852350887021572
176.25,6.130573532500495,7.167246299058182e-18,1.8477257935800058
176.5,6.155869420511341,6.919354073040617e-18,1.8431122484306375
176.75,6.181239207650148,6.680647464920122e-18,1.8385102227387882
177.0,6.206682711850358,6.450567598840661e-18,1.8339196877417767
177.25,6.232199748229867,6.228579425566697e-18,1.8293406147487388
177.5,6.257790129120336,6.014173432223308e-18,1.8247729751404484
177.75,6.283453664097164,5.806867338360594e-18,1.8202167403691385
178.0,6.30919016001012,5.6062077504842565e-18,1.8156718819583229
178.25,6.3349994210146265,5.411771747194139e-18,1.8111383715026186
178.5,6.360881248603684,5.223168367072761e-18,1.806616180667568
178.75,6.386835441640424,5.040039971465656e-18,1.8021052811894622
179.0,6.412861796391285,4.862063454295371e-18,1.7976056448751638
179.25,6.438960106559805,4.688951271051132e-18,1.7931172436019323
179.5,6.46513016332102,4.5204522590959735e-18,1.7886400493172456
179.75,6.4913717553564485,4.356352221433257e-18,1.784174034038628
180.0,6.517684668889676,4.1964742460744554e-18,1.7797191698534731
180.25,6.544068687722509,4.040678733150142e-18,1.7752754289188697
180.5,6.5705235932717,3.888863101906006e-18,1.7708427834614284
180.75,6.597049164606235,3.7409611497258315e-18,1.7664212057771076
181.0,6.623645178485163,3.5969420353233555e-18,1.7620106682310406
181.25,6.650311409395986,3.4568088582448063e-18,1.7576111432573622
181.5,6.677047629593558,3.320596806824112e-18,1.7532226033590368
181.75,6.70385360913953,3.1883708467326286e-18,1.748845021107687
182.0,6.730729115942299,3.060222922265278e-18,1.7444783691434205
182.25,6.7576739157974615,2.9362686425049764e-18,1.7401226201746605
182.5,6.784687772428776,2.8166434245072783e-18,1.7357777469779745
182.75,6.811770447529598,2.7014980656471233e-18,1.7314437223979036
183.0,6.8389217008048115,2.5909937172695346e-18,1.7271205193467924
183.25,6.866141290013216,2.4852962317862133e-18,1.7228081108046207
183.5,6.893428971010385,2.384569855359883e-18,1.7185064698188333
183.75,6.920784497791974,2.2889702383183245e-18,1.7142155695041708
184.0,6.9482076225374705,2.198636735439905e-18,1.7099353830425026
184.25,6.975698095654383,2.1136839682526317e-18,1.7056658836826581
184.5,7.003255665822852,2.034192621488446e-18,1.7014070447402594
184.75,7.03088008004068,1.960199445834819e-18,1.6971588395975534
185.0,7.058571083668768,1.8916864391254237e-18,1.692921241703246
185.25,7.086328420476954,1.828569178111845e-18,1.688694224572335
185.5,7.114151832690236,1.7706842729581694e-18,1.6844777617859445
185.75,7.142041061035386,1.717775916600366e-18,1.6802718269911585
186.0,7.169995844787924,1.6694815011124056e-18,1.676076393900856
186.25,7.198015921819462,1.625316273220879e-18,1.6718914362935464
186.5,7.226101028645406,1.5846570011101445e-18,1.6677169280132043
186.75,7.254250900472995,1.5467246246598331e-18,1.6635528429691058
187.0,7.282465271249681,1.5105658612565645e-18,1.6593991551356637
187.25,7.310743873711836,1.4750337393218697e-18,1.6552558385522655
187.5,7.339086439433781,1.4387670316981148e-18,1.6511228673231093
187.75,7.3674926988771166,1.4001685610343566e-18,1.647000215617041
188.0,7.395962381464206,1.3575222482419218e-18,1.6428878576673984
188.25,7.424495216495492,1.3141945960055931e-18,1.6387857677721056
188.5,7.453090932084552,1.2723697768603793e-18,1.634693920293197
188.75,7.481749255070204,1.2319916835112933e-18,1.630612289656611
189.0,7.510469911459991,1.1930065841004263e-18,1.6265408503521426
189.25,7.539252626482225,1.155362991870186e-18,1.6224795769332823
189.5,7.568097124638207,1.1190115428098044e-18,1.6184284440170582
189.75,7.597003129754601,1.0839048809843138e-18,1.6143874262838764
190.0,7.625970365035946,1.0499975512451904e-18,1.6103564984773637
190.25,7.6549985531173,1.017245899021865e-18,1.6063356354042084
190.5,7.684087416116993,9.85607976893301e-19,1.6023248119340041
190.75,7.713236675689468,9.550434576388362e-19,1.5983240029990913
191.0,7.742446053078214,9.255135534674909e-19,1.5943331835944017
191.25,7.771715269168755,8.969809411249406e-19,1.5903523287773016
191.5,7.80104404454169,8.694096925773497e-19,1.5863814136674355
191.75,7.830432099525764,8.427652109712722e-19,1.5824204134465711
192.0,7.8598791542509625,8.1701417156881e-19,1.5784693033584445
192.25,7.889384928701606,7.921244673572358e-19,1.5745280587086044
192.5,7.918949142769429,7.680651590322748e-19,1.5705966548642587
192.75,7.948571516306638,7.448064290542476e-19,1.5666750672541203
193.0,7.978251769178915,7.223195394762718e-19,1.5627632713682533
193.25,8.007989621318378,7.005767932437219e-19,1.5588612427579203
193.5,8.03778479277645,6.795514986641477e-19,1.5549689570354288
193.75,8.067637003776648,6.592179367468486e-19,1.5510863898739797
194.0,8.097545974767272,6.395513311113062e-19,1.5472135170075152
194.25,8.127511426473957,6.205278201636709e-19,1.5433503142305662
194.5,8.157533079952106,6.021244312405043e-19,1.539496757398102
194.75,8.187610656639166,5.8431905641897575e-19,1.5356528224253794
195.0,8.217743878406727,5.670904296927123e-19,1.5318184852877914
195.25,8.247932467612463,5.504181052125019e-19,1.5279937220207183
195.5,8.278176147151843,5.342824362910485e-19,1.5241785087193764
195.75,8.308474640509665,5.18664554870978e-19,1.5203728215386703
196.0,8.338827671811329,5.035463511552967e-19,1.5165766366930424
196.25,8.36923496587389,4.889104530994975e-19,1.5127899304563253
196.5,8.399696248256841,4.747402054645175e-19,1.509012679161593
196.75,8.430211245312622,4.610196481297422e-19,1.5052448592010128
197.0,8.460779684236842,4.477334933652595e-19,1.5014864470256988
197.25,8.491401293118196,4.348671017625603e-19,1.4977374191455632
197.5,8.522075800988056,4.2240645652288384e-19,1.493997752129171
197.75,8.552802937869735,4.1033813580241175e-19,1.4902674226035921
198.0,8.583582434827395,3.986492828135052e-19,1.4865464072542562
198.25,8.614414024014577,3.8732757338118696e-19,1.482834682824807
198.5,8.645297438722375,3.7636118065406665e-19,1.4791322261169557
198.75,8.676232413427186,3.6573873666891e-19,1.4754390139903382
199.0,8.707218683838066,3.5544929046804895e-19,1.4717550233623675
199.25,8.73825598694364,3.4548226246883447e-19,1.4680802312080918
199.5,8.769344061058584,3.358273947843294e-19,1.4644146145600494
199.75,8.800482645869645,3.2647469719444156e-19,1.460758150508125
200.0,8.831671482481172,3.1741438846669695e-19,1.4571108161994069
200.25,8.862910313460178,3.086368327258498e-19,1.4534725888380433
200.5,8.894198882880884,3.001324705715335e-19,1.449843445685101
200.75,8.925536936368742,2.918917446431454e-19,1.4462233640584214
201.0,8.956924221143925,2.839050193311705e-19,1.4426123213324797
201.25,8.98836048606427,2.761624943341409e-19,1.4390102949382437
201.5,9.019845481667645,2.68654111760429e-19,1.435417262363031
201.75,9.051378960213732,2.6136945647407577e-19,1.4318332011503694
202.0,9.082960675725078,2.5429767006322134e-19,1.4282580888998557
202.25,9.114590383988542,2.4743457695024795e-19,1.4246919032670364
202.5,9.146267842667363,2.4077758648780993e-19,1.4211346219632512
202.75,9.17799281133955,2.343199528296068e-19,1.417586222755479
203.0,9.209765051494724,2.2805517652331875e-19,1.414046683466213
203.25,9.241584326575124,2.219769933644809e-19,1.4105159819733206
203.5,9.27345040201566,2.160793638352757e-19,1.4069940962099061
203.75,9.305363045283052,2.1035646310766888e-19,1.403481004164172
204.0,9.337322025914057,2.048026715903166e-19,1.3999766838792824
204.25,9.369327115552796,1.9941256599866984e-19,1.396481113453224
204.5,9.401378087987178,1.941809109277032e-19,1.3929942710386711
204.75,9.433474719184444,1.8910265090669445e-19,1.3895161348428475
205.0,9.465616787325839,1.8417290291548152e-19,1.3860466831273912
205.25,9.497804072840415,1.7938694934162413e-19,1.382585894208218
205.5,9.530036358437965,1.7474023135789569e-19,1.3791337464553861
205.75,9.562313429141124,1.7022834269953334e-19,1.3756902182929607
206.0,9.594635072316628,1.6584702382067196e-19,1.3722552881988799
206.25,9.627001077705728,1.6159215640938914e-19,1.368828934704819
206.5,9.659411237453803,1.5745975824078789e-19,1.3654111363960577
206.75,9.691865346139148,1.5344597834754352e-19,1.362001871911345
207.0,9.724363200800958,1.4954709248734148e-19,1.3586011199427661
207.25,9.75690460096653,1.4575949888663303e-19,1.3552088592356102
207.5,9.789489348677666,1.4207971424013498e-19,1.3518250685882356
207.75,9.822117248516308,1.3850436994550068e-19,1.3484497268519395
208.0,9.854788107629407,1.350302085525885e-19,1.3450828129308245
208.25,9.887501735753025,1.3165408040675486e-19,1.3417243057816672
208.5,9.920257945235706,1.2837294046559808e-19,1.338374184413786
208.75,9.95305655106109,1.251838452685803e-19,1.3350324278889107
209.0,9.985897370869806,1.220839500389532e-19,1.3316990153210524
209.25,10.018780224980642,1.1907050589741561e-19,1.3283739258763707
209.5,10.051704936411006,1.161408571669282e-19,1.3250571387730457
209.75,10.084671330896677,1.1329243874811285e-19,1.321748633281147
210.0,10.117679236910867,1.105227735446633e-19,1.3184483887225045
210.25,10.150728485682599,1.0782946991819322e-19,1.315156384470579
210.5,10.18381891121441,1.0521021915194913e-19,1.3118725999503336
210.75,10.21695035029938,1.026627929028142e-19,1.3085970146381045
211.0,10.250122642537514,1.0018504062103009e-19,1.305329608061474
211.25,10.283335630351473,9.77748869170631e-20,1.3020703597991408
211.5,10.316589159001659,9.543032885504165e-20,1.2988192494807935
211.75,10.349883076600673,9.31494331521915e-20,1.295576256786983
212.0,10.383217234127164,9.093033326369572e-20,1.292341361448996
212.25,10.416591485439048,8.877122633240557e-20,1.2891145432487272
212.5,10.450005687286136,8.667036998282965e-20,1.2858957820185533
212.75,10.483459699322163,8.462607893882733e-20,1.2826850576412077
213.0,10.516953384116235,8.263672144443349e-20,1.2794823500496535
213.25,10.550486607163707,8.070071546724133e-20,1.276287639226959
213.5,10.584059236896474,7.881652466376979e-20,1.2731009052061721
213.75,10.617671144692734,7.698265408624202e-20,1.2699221280701956
214.0,10.651322204886178,7.519764561020215e-20,1.2667512879516614
214.25,10.685012294774653,7.346007306239638e-20,1.2635883650328088
214.5,10.718741294628298,7.176853702834573e-20,1.2604333395453577
214.75,10.752509087697153,7.012165931903655e-20,1.2572861917703873
215.0,10.786315560218245,6.851807707615586e-20,1.2541469020382108
215.25,10.82016060142221,6.695643649529793e-20,1.2510154507282534
215.5,10.854044103539374,6.543538614656898e-20,1.2478918182689291
215.75,10.887965961805381,6.395356987201667e-20,1.2447759851375184
216.0,10.921926074352214,6.25097519253601e-20,1.241667931860051
216.25,10.95592434187043,6.110322455491119e-20,1.2385676390111984
216.5,10.989960668334618,5.973297220471836e-20,1.2354750872141211
216.75,11.024034960737884,5.839796108354902e-20,1.2323902571403607
217.0,11.05814712904546,5.709718978853696e-20,1.2293131295097186
217.25,11.092297086192938,5.582968811894292e-20,1.2262436850901373
217.5,11.12648474808375,5.459451594304791e-20,1.2231819046975791
217.75,11.16071003358587,5.339076211627864e-20,1.220127769195907
218.0,11.19497286452777,5.221754344866412e-20,1.2170812594967642
218.25,11.229273165693645,5.107400371972302e-20,1.2140423565594556
218.5,11.263610864817895,4.995931273888069e-20,1.2110110413908277
218.75,11.297985892578918,4.887266544951533e-20,1.2079872950451513
219.0,11.332398182592193,4.78132810747326e-20,1.2049710986240019
219.25,11.36684767140268,4.6780402302967704e-20,1.201962433276142
219.5,11.401334298476549,4.577329451151446e-20,1.1989612801974037
219.75,11.435858006192257,4.4791245026080523e-20,1.19596762063057
220.0,11.47041873983098,4.383356241446795e-20,1.1929814358652588
220.25,11.505016447566394,4.2899575812478504e-20,1.1900027072378057
220.5,11.53965108045388,4.1988634280142893e-20,1.1870314161311466
220.75,11.574322592419076,4.110010618637318e-20,1.1840675439747022
221.0,11.609030940245878,4.0233378620137677e-20,1.1811110722442617
221.25,11.643776083563841,3.9387856826257577e-20,1.1781619824618668
221.5,11.67855798483502,3.856296366392459e-20,1.1752202561956966
221.75,11.713376609340271,3.775813908603879e-20,1.172285875059952
222.0,11.74823192516499,3.697283963746608e-20,1.1693588207147414
222.25,11.783123903184359,3.620653797031431e-20,1.166439074865965
222.5,11.818052517048052,3.5458722374327554e-20,1.163526619265202
222.75,11.853017743164465,3.472889632049766e-20,1.1606214357095954
223.0,11.888019560684448,3.4016578015992364e-20,1.1577235060417383
223.25,11.923057951484575,3.33212999684993e-20,1.1548328121495612
223.5,11.958132900149943,3.264260855808502e-20,1.1519493359662178
223.75,11.993244393956548,3.198006361466848e-20,1.1490730594699732
224.0,12.028392422853207,3.133323799920807e-20,1.1462039646840898
224.25,12.063576979443077,3.070171718670162e-20,1.1433420336767166
224.5,12.098798058964768,3.0085098849098543e-20,1.140487248560776
224.75,12.134055659273052,2.948299243622333e-20,1.137639591493852
225.0,12.169349780819221,2.889501875280981e-20,1.1347990446780793
225.25,12.204680426631045,2.832080952974537e-20,1.1319655903600316
225.5,12.240047602292412,2.7760006987624315e-20,1.129139210830611
225.75,12.27545131592261,2.721226339070976e-20,1.1263198884249364
226.0,12.310891578155287,2.667724058940326e-20,1.1235076055222337
226.25,12.346368402117111,2.6154609549321416e-20,1.120702344545726
226.5,12.381881803406118,2.5644049865078764e-20,1.1179040879625228
226.75,12.417431800069785,2.5145249256876236e-20,1.1151128182835113
227.0,12.453018412582827,2.4657903047994336e-20,1.1123285180632456
227.25,12.488641663824737,2.418171362129043e-20,1.1095511698998395
227.5,12.52430157905708,2.3716389852799383e-20,1.1067807564348557
227.75,12.559998185900566,2.3261646520536688e-20,1.1040172603531986
228.0,12.595731514300427,2.2817206480411048e-20,1.1012606643830067
228.25,12.631501596403442,2.2382821431429617e-20,1.0985109512955507
228.5,12.667308466660028,2.1958240290544952e-20,1.0957681039051161
228.75,12.703152161797727,2.1543215074301285e-20,1.0930321050688978
229.0,12.739032720778072,2.113750469599322e-20,1.0903029376868942
229.25,12.774950184767928,2.0740874751102712e-20,1.0875805847018003
229.5,12.810904597111046,2.0353097310747843e-20,1.084865029098901
229.75,12.846896003299852,1.997395072285972e-20,1.0821562539059653
230.0,12.882924450947385,1.9603219420803684e-20,1.079454242193139
230.25,12.918989989759416,1.9240693739161127e-20,1.0767589770728405
230.5,12.955092671506675,1.8886169736388185e-20,1.0740704416996538
230.75,12.991232549997184,1.8539449024067526e-20,1.0713886192702244
231.0,13.02740968104867,1.820033860246952e-20,1.068713493023153
231.25,13.063624122461007,1.7868650702139063e-20,1.0660450462388922
231.5,13.099875933988697,1.7544202631224267e-20,1.0633832622396404
231.75,13.136165177313332,1.7226816628263312e-20,1.0607281243892395
232.0,13.17249191601603,1.691631972014572e-20,1.0580796160930686
232.25,13.208856215549803,1.661254358496428e-20,1.0554377207979424
232.5,13.245258143211842,1.6315324419473912e-20,1.0528024219920067
232.75,13.281697768115693,1.6024502810873707e-20,1.0501737032046352
233.0,13.318175161163284,1.5739923612628424e-20,1.0475515480063269
233.25,13.354690395016792,1.546143582404567e-20,1.0449359400086033
233.5,13.391243544070312,1.5188892473325076e-20,1.042326862863906
233.75,13.427834684421308,1.492215050379565e-20,1.0397243002654941
234.0,13.464463893841813,1.4661070663057635e-20,1.037128235947343
234.25,13.501131251749369,1.4405517394745103e-20,1.0345386536840426
234.5,13.537836839177642,1.4155358732625527e-20,1.0319555372906954
234.75,13.574580738746732,1.391046619675263e-20,1.0293788706228153
235.0,13.611363034633126,1.367071469138873e-20,1.0268086375762278
235.25,13.648183812539253,1.3435982404412862e-20,1.0242448220869675
235.5,13.685043159662658,1.3206150707930922e-20,1.0216874081311802
235.75,13.72194116466472,1.2981104059804109e-20,1.0191363797250201
236.0,13.758877917638925,1.2760729905811907e-20,1.0165917209245514
236.25,13.795853510078636,1.2544918582165882e-20,1.0140534158256485
236.5,13.832868034844374,1.2333563218090516e-20,1.011521448563896
236.75,13.869921586130525,1.2126559638187392e-20,1.00899580331449
237.0,13.90701425943151,1.192380626429895e-20,1.0064764642921393
237.25,13.944146151507345,1.172520401658807e-20,1.0039634157509665
237.5,13.981317360360373,1.1530656261446345e-20,1.0014566419844089
237.75,14.018527985403814,1.1340069597691807e-20,0.9989561273251232
238.0,14.055778127190226,1.1153352855686769e-20,0.9964618561448851
238.25,14.093067887398513,1.0970416971324167e-20,0.9939738128544917
238.5,14.130397368860312,1.0791175148129372e-20,0.9914919819036642
238.75,14.167766675526586,1.0615542793701072e-20,0.9890163477809509
239.0,14.205175912435262,1.0443437458208272e-20,0.9865468950136309
239.25,14.242625185679833,1.0274778774874558e-20,0.9840836081676161
239.5,14.280114602378802,1.0109488402380696e-20,0.9816264718473559
239.75,14.317644270645937,9.947489969116723e-21,0.9791754706957401
240.0,14.355214299561181,9.78870901921462e-21,0.9767305893940036
240.25,14.392824799142186,9.6330729602927e-21,0.9742918126616302
240.5,14.430475880316338,9.480511012842815e-21,0.9718591252562576
240.75,14.468167654893229,9.330954161191512e-21,0.9694325119735814
241.0,14.50590023553743,9.184335105966231e-21,0.9670119576472608
241.25,14.543673735741544,9.040588217997698e-21,0.9645974471488231
241.5,14.581488269799383,8.89964949358959e-21,0.96218896538757
241.75,14.619343952779234,8.761456511086625e-21,0.9597864973104827
242.0,14.657240900497094,8.625948388672156e-21,0.9573900279021278
242.25,14.695179229489796,8.493065743326418e-21,0.9549995421845636
242.5,14.733159056987937,8.362750650876531e-21,0.9526150252172468
242.75,14.77118050088852,8.234946607069373e-21,0.9502364620969386
243.0,14.80924367972721,8.109598489598439e-21,0.9478638379576115
243.25,14.847348712650149,7.986652521015814e-21,0.9454971379703574
243.5,14.885495719385176,7.866056232460367e-21,0.9431363473432934
243.75,14.92368482021245,7.747758428133274e-21,0.9407814513214706
244.0,14.961916135934313,7.63170915045201e-21,0.9384324351867811
244.25,15.000189787844336,7.517859645813909e-21,0.9360892842578665
244.5,15.038505897695465,7.406162330900399e-21,0.9337519838900259
244.75,15.076864587667169,7.296570759453072e-21,0.931420519475124
245.0,15.115265980331486,7.189039589452638e-21,0.9290948764415009
245.25,15.153710198667097,7.083524564963624e-21,0.9267750402538796
245.5,15.192197366191554,6.979982538743828e-21,0.9244609964132767
245.75,15.230727606667788,6.87837136639374e-21,0.9221527304569107
246.0,15.269301044178116,6.77864990187646e-21,0.9198502279581119
246.25,15.307917803110959,6.680777976003042e-21,0.917553474526232
246.5,15.346578008131903,6.584716370990219e-21,0.9152624558065549
246.75,15.385281784156335,6.490426795763256e-21,0.9129771574802058
247.0,15.424029256323465,6.397871861980557e-21,0.910697565264063
247.25,15.46282054997161,6.30701506075664e-21,0.9084236649106676
247.5,15.501655790614544,6.2178207400601195e-21,0.906155442208135
247.75,15.540535103918742,6.130254082763316e-21,0.903892882980066
248.0,15.579458615681379,6.044281085320115e-21,0.901635973085458
248.25,15.618426451808885,5.959868537048721e-21,0.8993846984186167
248.5,15.657438738295918,5.8769839999959006e-21,0.8971390449090682
248.75,15.69649560120456,5.795595789359374e-21,0.8948989985214706
249.0,15.735597166643592,5.7156729544449615e-21,0.892664545255527
249.25,15.77474356074766,5.637185260135114e-21,0.8904356711458968
249.5,15.813934909656192,5.560103168845461e-21,0.88821236226211
249.75,15.853171339491867,5.4843978229459974e-21,0.8859946047084786
250.0,15.892452976338491,5.4100410276235304e-21,0.8837823846240107
250.25,15.931779946218114,5.337005234162027e-21,0.8815756881823237
250.5,15.97115237506719,5.265263523617473e-21,0.8793745015915575
250.75,16.010570388711663,5.194789590863882e-21,0.8771788110942889
251.0,16.05003411284077,5.12555772898707e-21,0.8749886029674451
251.25,16.08954367297941,5.057542814002832e-21,0.8728038635222182
251.5,16.129099194458902,4.9907202898761415e-21,0.8706245791039794
251.75,16.168700802401133,4.925066154383105e-21,0.8684507360921939
252.0,16.208348621868677,4.860556952546364e-21,0.8662823209003361
252.25,16.24804277763943,4.7971697563261465e-21,0.8641193199758038
252.5,16.287783394233703,4.734882151459379e-21,0.8619617197998342
252.75,16.327570595928623,4.6736722261353836e-21,0.8598095068874192
253.0,16.367404506731205,4.6135185586174305e-21,0.8576626677872212
253.25,16.40728525035419,4.554400205202282e-21,0.8555211890814887
253.5,16.44721295019439,4.496296688508273e-21,0.8533850573859729
253.75,16.487187729313245,4.4391879860824334e-21,0.8512542593498437
254.0,16.527209710419186,4.3830545193172026e-21,0.8491287816556065
254.25,16.567279015851614,4.32787714266724e-21,0.8470086110190186
254.5,16.607395767566132,4.273637133156876e-21,0.8448937341890069
254.75,16.64756008712067,4.220316180168719e-21,0.8427841379475841
255.0,16.687772095662297,4.167896375503944e-21,0.8406798091097669
255.25,16.728031913914336,4.1163602037048095e-21,0.8385807345234932
255.5,16.768339662163466,4.065690532629895e-21,0.8364869010695399
255.75,16.80869546024658,4.015870604272613e-21,0.8343982956614414
256.0,16.849099427536974,3.966884025813522e-21,0.8323149052454067
256.25,16.889551682929678,3.918714760896939e-21,0.8302367168002392
256.5,16.93005234482552,3.87134712112242e-21,0.8281637173372544
256.75,16.97060153111365,3.8247657577415924e-21,0.8260958939001988
257.0,17.01119935915226,3.778955653550901e-21,0.8240332335651691
257.25,17.0518459457471,3.733902114970775e-21,0.8219757234405317
257.5,17.092541407127545,3.689590764301744e-21,0.8199233506668416
257.75,17.133285858919898,3.646007532148036e-21,0.8178761024167622
258.0,17.174079416117582,3.603138649999179e-21,0.8158339658949854
258.25,17.214922193053322,3.560970642996083e-21,0.813796928338151
258.5,17.25581430365743,3.519490324981967e-21,0.8117649770147677
258.75,17.296755861238456,3.478684790704933e-21,0.8097380992251332
259.0,17.337746978392172,3.438541408264169e-21,0.8077162823012548
259.25,17.378787767091115,3.399047813387552e-21,0.80569951360677
259.5,17.41987833866061,3.3601919031939747e-21,0.803687780536868
259.75,17.461018803758797,3.3219618301144582e-21,0.8016810705182105
260.0,17.502209272360247,3.284345995968054e-21,0.7996793710088534
260.25,17.543449853742604,3.2473330461885685e-21,0.7976826694981682
260.5,17.58474065647579,3.2109118641981136e-21,0.7956909535067641
260.75,17.626081788413273,3.175071565923519e-21,0.7937042105864095
261.0,17.66747335668489,3.1398014944516083e-21,0.7917224283199547
261.25,17.708915467690748,3.10509121481937e-21,0.7897455943212541
261.5,17.75040822709565,3.0709305089350325e-21,0.7877736962350889
261.75,17.79195173982366,3.037309370626069e-21,0.7858067217370894
262.0,17.833546110052175,3.004218000810148e-21,0.7838446585336587
262.25,17.875191441205118,2.9716468027850465e-21,0.7818874943618954
262.5,17.91688783594468,2.939586377633545e-21,0.7799352169895171
262.75,17.958635396161174,2.9080275197393266e-21,0.7779878142147838
263.0,18.00043422296044,2.876961212409894e-21,0.776045273866422
263.25,18.04228441664837,2.846378623602524e-21,0.7741075838035479
263.5,18.084186076712008,2.816271101749282e-21,0.7721747319155926
263.75,18.126139301796744,2.7866301716771078e-21,0.7702467061222253
264.0,18.168144189679104,2.7574475306189983e-21,0.7683234943732787
264.25,18.21020083723466,2.7287150443123027e-21,0.766405084648673
264.5,18.2523093404879,2.7004247432785884e-21,0.764491464958341
264.75,18.29446979491775,2.6725688195675907e-21,0.7625826233421537
265.0,18.33668229498449,2.6451396226590288e-21,0.7606785478698446
265.25,18.378946934296827,2.6181296560661273e-21,0.7587792266409358
265.5,18.42126380562049,2.591531573954884e-21,0.7568846477846635
265.75,18.463633000858003,2.5653381778115167e-21,0.7549947994599037
266.0,18.50605461103373,2.539542413189529e-21,0.7531096698550982
266.25,18.54852872628347,2.5141373665346216e-21,0.7512292471881807
266.5,18.59105543584787,2.489116262085673e-21,0.7493535197065038
266.75,18.633634828068818,2.464472458850017e-21,0.7474824756867642
267.0,18.67626699038813,2.4401994476512415e-21,0.7456161034349308
267.25,18.718952009347763,2.416290848247733e-21,0.743754391286171
267.5,18.76168997059074,2.3927404065201923e-21,0.741897327604778
267.75,18.804480958862094,2.3695419917263467e-21,0.7400449007840973
268.0,18.847325058009012,2.3466895938210868e-21,0.7381970992464557
268.25,18.8902223509795,2.324177320840247e-21,0.7363539114430873
268.5,18.933172919818702,2.301999396346261e-21,0.7345153258540623
268.75,18.976176845662206,2.2801501569339133e-21,0.732681330988215
269.0,19.019234208725532,2.2586240497944174e-21,0.7308519153830714
269.25,19.06234508828906,2.2374156303360354e-21,0.729027067604778
269.5,19.105509562677607,2.2165195598594793e-21,0.7272067762480303
269.75,19.14872770923396,2.1959306032863043e-21,0.7253910299360015
270.0,19.191999604285513,2.175643626938531e-21,0.723579817320271
270.25,19.235325323109343,2.1556535963680458e-21,0.7217731270807541
270.5,19.27870494030426,2.1359555742703392e-21,0.719970947925631
270.75,19.322138529551765,2.11654471843143e-21,0.7181732685912761
271.0,19.365626163473678,2.097416279678462e-21,0.7163800778421877
271.25,19.409167913770645,2.0785655999176134e-21,0.7145913644709178
271.5,19.452763851199038,2.0599881102137614e-21,0.712807117298002
271.75,19.496414045555305,2.0416793289132576e-21,0.7110273251718895
272.0,19.540118565666738,2.0236348598090092e-21,0.709251976968874
272.25,19.583877479387514,2.0058503903470553e-21,0.7074810615930234
272.5,19.627690853598942,1.9883216898738416e-21,0.7057145679761107
272.75,19.671558754212768,1.971044607923377e-21,0.7039524850775449
273.0,19.71548124617647,1.9540150725434695e-21,0.7021948018843026
273.25,19.75945839347944,1.937229088660241e-21,0.7004415074108578
273.5,19.80349025915895,1.9206827364801015e-21,0.6986925906991143
273.75,19.847576905304745,1.9043721699283926e-21,0.6969480408183371
274.0,19.891718393061286,1.8882936151238775e-21,0.6952078468650837
274.25,19.935914782626398,1.8724433688882865e-21,0.6934719979631363
274.5,19.980166133245312,1.856817797290101e-21,0.6917404832634335
274.75,20.02447250319899,1.8414133342217705e-21,0.690013291944003
275.0,20.068833949785574,1.8262264800095678e-21,0.6882904132098931
275.25,20.113250529293932,1.811253800055257e-21,0.6865718362931065
275.5,20.157722296968156,1.7964919235087856e-21,0.6848575504525315
275.75,20.20224930696191,1.7819375419711853e-21,0.6831475449738763
276.0,20.246831612546877,1.7675874082001625e-21,0.681441809169601
276.25,20.29146926633148,1.7534383348506626e-21,0.6797403323788511
276.5,20.33616231973365,1.739487193314012e-21,0.6780431039673913
276.75,20.380910823240715,1.725730912500811e-21,0.6763501133275386
277.0,20.425714826388056,1.7121664776824283e-21,0.6746613498780957
277.25,20.470574377741467,1.6987909293575953e-21,0.6729768030642858
277.5,20.515489524888025,1.685601362143086e-21,0.6712964623576857
277.75,20.560460314433854,1.6725949236881162e-21,0.6696203172561606
278.0,20.60548679200732,1.6597688136121131e-21,0.667948357283798
278.25,20.650569002266106,1.647120282465497e-21,0.6662805719908428
278.5,20.695706988906633,1.63464663071312e-21,0.6646169509536314
278.75,20.740900794674253,1.6223452077400111e-21,0.6629574837745269
279.0,20.78615046137278,1.6102134108790655e-21,0.661302160081854
279.25,20.831456029871717,1.5982486844603297e-21,0.6596509695298345
279.5,20.87681754010972,1.5864485188815218e-21,0.6580039017985216
279.75,20.92223503109275,1.5748104496994365e-21,0.6563609465937371
280.0,20.967708540885347,1.563332056741877e-21,0.6547220936470053
280.25,21.013238106593544,1.5520109632397595e-21,0.65308733271549
280.5,21.058823764337866,1.5408448349790342e-21,0.6514566535819303
280.75,21.10446554921485,1.5298313794720708e-21,0.649830046054576
281.0,21.150163495245632,1.5189683451481489e-21,0.6482074999671249
281.25,21.195917635488996,1.5082535205437169e-21,0.6465890051786586
281.5,21.24172800247359,1.4976847334769104e-21,0.6449745515735795
281.75,21.287594627556118,1.4872598503547444e-21,0.6433641290615472
282.0,21.333517541177372,1.476976775399488e-21,0.6417577275774159
282.25,21.379496772858754,1.4668334499181473e-21,0.6401553370811709
282.5,21.42553235118213,1.4568278515894925e-21,0.6385569475578666
282.75,21.471624303780345,1.4469579937653581e-21,0.6369625490175631
283.0,21.517772657336433,1.4372219247860889e-21,0.6353721314952645
283.25,21.563977437589426,1.4276177273099937e-21,0.6337856850508559
283.5,21.61023866934471,1.4181435176566823e-21,0.632203199769042
283.75,21.65655637648683,1.4087974451641457e-21,0.6306246657592847
284.0,21.702930581992756,1.3995776915594557e-21,0.6290500731557411
284.25,21.749361307943474,1.3904824703429465e-21,0.6274794121172025
284.5,21.795848575531878,1.3815100261857465e-21,0.6259126728270321
284.75,21.842392405064913,1.3726586343405333e-21,0.6243498454931043
285.0,21.888992815957874,1.3639266000653736e-21,0.6227909203477434
285.25,21.935649826718812,1.355312258060521e-21,0.6212358876476619
285.5,21.982363454921025,1.3468139719180375e-21,0.6196847376739005
285.75,22.02913371716149,1.3384301335841074e-21,0.6181374607317668
286.0,22.07596062900326,1.3301591628339104e-21,0.6165940471507748
286.25,22.122844205022375,1.3219995067485788e-21,0.6150544872845846
286.5,22.16978445934932,1.3139496391608112e-21,0.613518771510942
286.75,22.216781405022935,1.3060080602130993e-21,0.6119868902316186
287.0,22.26383505419521,1.298173295854491e-21,0.6104588338723512
287.25,22.310945418150357,1.2904438973615238e-21,0.6089345928827827
287.5,22.358112507281316,1.2828184408727954e-21,0.6074141577364021
287.75,22.40533633107944,1.27529552693229e-21,0.6058975189304844
288.0,22.45261689813479,1.2678737800414473e-21,0.6043846669860323
288.25,22.499954216144207,1.2605518482199586e-21,0.6028755924477165
288.5,22.547348291924617,1.2533284025752758e-21,0.6013702858838158
288.75,22.594799131428676,1.2462021368808207e-21,0.5998687378861595
289.0,22.64230673976023,1.239171767162876e-21,0.5983709390700677
289.25,22.689871121186773,1.232236031296149e-21,0.5968768800742928
289.5,22.73749227914626,1.2253936886079896e-21,0.5953865515609614
289.75,22.78517021624552,1.2186435194912498e-21,0.5938999442155154
290.0,22.832904934247622,1.2119843250257707e-21,0.592417048746654
290.25,22.88069643404548,1.2054149266084816e-21,0.5909378558862757
290.5,22.928544715618933,1.1989341655920973e-21,0.5894623563894203
290.75,22.976449777972693,1.1925409029323997e-21,0.5879905410342112
291.0,23.02441161910337,1.1862340188408196e-21,0.5865224006217976
291.25,23.07243023658825,1.1800124124036434e-21,0.5850579259762971
291.5,23.120505627075435,1.1738750012794507e-21,0.5835971079447385
291.75,23.168637786332198,1.1678207213687261e-21,0.5821399373970042
292.0,23.216826709318866,1.161848526486674e-21,0.5806864052257736
292.25,23.265072390159457,1.155957388049186e-21,0.5792365023464661
292.5,23.313374822128747,1.1501462947643105e-21,0.5777902196971836
292.75,23.361733997652333,1.1444142523292743e-21,0.5763475482386552
293.0,23.4101499083162,1.1387602831331108e-21,0.5749084789541793
293.25,23.45862254488234,1.1331834259649435e-21,0.5734730028495684
293.5,23.507151897306887,1.1276827357279792e-21,0.572041110953092
293.75,23.555737954757426,1.1222572831592626e-21,0.5706127943154211
294.0,23.604380705625815,1.1169061545552421e-21,0.5691880440095722
294.25,23.653080137533248,1.1116284515032022e-21,0.5677668511308512
294.5,23.70183623732394,1.1064232906186106e-21,0.566349206796798
294.75,23.750648991044013,1.1012898032884363e-21,0.5649351021471308
295.0,23.79951838390214,1.0962271354204859e-21,0.5635245283436912
295.25,23.848444400208393,1.0912344471988139e-21,0.5621174765703879
295.5,23.897427023287943,1.086310912845257e-21,0.5607139380331431
295.75,23.946466235819805,1.081455720364617e-21,0.5593139039598362
296.0,23.9955620199763,1.0766680713039181e-21,0.5579173656002497
296.25,24.044714356948905,1.0719471805484035e-21,0.5565243142260144
296.5,24.093923227193056,1.0672922760853954e-21,0.5551347411305546
296.75,24.14318861038693,1.062702598786257e-21,0.5537486376290339
297.0,24.192510485411148,1.0581774021918398e-21,0.5523659950583011
297.25,24.241888830345232,1.0537159523014971e-21,0.5509868047768354
297.5,24.29132362247646,1.04931752736576e-21,0.549611058164693
297.75,24.34081483831667,1.0449814176827625e-21,0.5482387466234534
298.0,24.390362453622696,1.0407069253985138e-21,0.5468698615761648
298.25,24.43996644341597,1.0364933643111067e-21,0.5455043944672912
298.5,24.48962678199696,1.0323400596789559e-21,0.5441423367626587
298.75,24.53934344295002,1.0282463480331596e-21,0.5427836799494024
299.0,24.589116399134262,1.0242115769940751e-21,0.5414284155359125
299.25,24.63894562265607,1.0202351050922028e-21,0.5400765350517822
299.5,24.68883108481888,1.016316301593469e-21,0.538728030047754
299.75,24.738772756045773,1.0124545463290034e-21,0.5373828920956674
300.0,24.788770605803016,1.0086492295282422e-21,0.5360411127884056
300.25,24.838824603209524,1.0048997516283502e-21,0.5347026837398438
300.5,24.88893471663399,1.0012055231263613e-21,0.5333675965847957
300.75,24.939100913641465,9.975659644219983e-22,0.5320358429789627
301.0,24.989323161092802,9.939805056564906e-22,0.53070741459888
301.25,25.03960142510627,9.904485865597948e-22,0.5293823031418663
301.5,25.089935671042344,9.869696563000562e-22,0.5280605003259704
301.75,25.140325863506327,9.835431733354289e-22,0.5267419978899205
302.0,25.190771966363215,9.801686052683741e-22,0.525426787593072
302.25,25.241273942759403,9.768454287025615e-22,0.5241148612153564
302.5,25.291831755145694,9.735731291024855e-22,0.5228062105572295
302.75,25.342445365296204,9.703512006559252e-22,0.5215008274396205
303.0,25.393114734317606,9.671791461393617e-22,0.5201987037038804
303.25,25.44383982264329,9.640564767864749e-22,0.5188998312117319
303.5,25.49462059000694,9.609827121598416e-22,0.5176042018452176
303.75,25.545456995390037,9.579573800259519e-22,0.5163118075066497
304.0,25.59634899693787,9.549800162336662e-22,0.5150226401185595
304.25,25.6472965518542,9.520501645957385e-22,0.5137366916236465
304.5,25.698299616981025,9.491673767509423e-22,0.5124539539847285
304.75,25.74935814854027,9.463312120547784e-22,0.511174419184691
305.0,25.800472101958384,9.435412374708443e-22,0.5098980792264375
305.25,25.851641432002978,9.4079702745369e-22,0.5086249261328388
305.5,25.90286609273746,9.380981638395282e-22,0.5073549519466842
305.75,25.95414603750333,9.354442357383433e-22,0.5060881487306309
306.0,26.005481218923475,9.32834839427541e-22,0.5048245085671546
306.25,26.05687158891959,9.302695782472783e-22,0.5035640235585
306.5,26.108317098737103,9.277480624976162e-22,0.502306685826632
306.75,26.15981769897071,9.252699093376353e-22,0.5010524875131853
307.0,26.211373339583833,9.22834742686655e-22,0.4998014207794168
307.25,26.262983969915293,9.204421931276986e-22,0.49855347780615505
307.5,26.314649538666288,9.180918978133423e-22,0.4973086507937525
307.75,26.366369993861102,9.157835003740942e-22,0.4960669319620363
308.0,26.418145282774624,9.13516650829438e-22,0.4948283135502596
308.25,26.46997535182005,9.112910055016878e-22,0.49359278781705335
308.5,26.521860146593117,9.09106226927471e-22,0.49236034704037773
308.75,26.573799612559668,9.069619837537596e-22,0.49113098351747386
309.0,26.625793694309504,9.048579506736244e-22,0.4899046895648157
309.25,26.677842335801373,9.02793808337761e-22,0.4886814575180621
309.5,26.729945480342693,9.007692432740212e-22,0.4874612797320087
309.75,26.78210307055433,8.987839478090276e-22,0.48624414858054044
310.0,26.83431504836389,8.968376199906963e-22,0.4850300564565836
310.25,26.886581355019274,8.949299635118267e-22,0.4838189957720585
310.5,26.93890193111431,8.930606876349168e-22,0.4826109589578319
310.75,26.99127671661813,8.912295071183656e-22,0.4814059384636698
311.0,27.04370565090011,8.894361421442173e-22,0.4802039267581902
311.25,27.096188672742045,8.876803182476097e-22,0.479004916328816
311.5,27.14872572032936,8.859617662480834e-22,0.47780889968172807
311.75,27.20131673121311,8.842802221829137e-22,0.47661586934181854
312.0,27.25396164223447,8.826354272426189e-22,0.4754258178526439
312.25,27.306660389403483,8.810271277088105e-22,0.47423873777637837
312.5,27.359412907872432,8.794550748912334e-22,0.4730546216937678
312.75,27.41221913271135,8.77919025047991e-22,0.4718734622040826
313.0,27.465078998185113,8.764187393406817e-22,0.4706952519250723
313.25,27.51799243793757,8.749539837707827e-22,0.46951998349291874
313.5,27.570959384992484,8.735245291208174e-22,0.4683476495621904
313.75,27.62397977171163,8.721301508977464e-22,0.46717824280579634
314.0,27.67705352978658,8.707706292768691e-22,0.46601175591494065
314.25,27.730180590254253,8.69445749046407e-22,0.4648481815990763
314.5,27.78336088352626,8.68155299552951e-22,0.4636875125858602
314.75,27.83659433942197,8.668990746479427e-22,0.46252974162110716
315.0,27.889880887195392,8.656768726353694e-22,0.46137486146874485
315.25,27.943220455545827,8.644884962208472e-22,0.4602228649107686
315.5,27.996612972602335,8.633337524622686e-22,0.45907374474719614
315.75,28.050058365872022,8.622124527221897e-22,0.45792749379602277
316.0,28.103556562142135,8.611244126221356e-22,0.4567841048931762
316.25,28.157107487325998,8.60069451998995e-22,0.45564357089247226
316.5,28.210711066687104,8.590473948550762e-22,0.4545058846655695
316.75,28.264367225398967,8.580580693024086e-22,0.4533710391019255
317.0,28.31807588777287,8.571013075342775e-22,0.4522390271087517
317.25,28.371836977569654,8.56176945776503e-22,0.4511098416109694
317.5,28.425650417932115,8.552848242467647e-22,0.4499834755511657
317.75,28.479516131352884,8.54424787114245e-22,0.44885992188954893
318.0,28.533434039677175,8.5359668245957e-22,0.4477391736039051
318.25,28.58740406412835,8.528003622352386e-22,0.4466212236895538
318.5,28.64142612534436,8.520356822267349e-22,0.4455060651593044
318.75,28.695500143413085,8.51302502014516e-22,0.4443936910434125
319.0,28.749626037894483,8.506006849370717e-22,0.44328409438953614
319.25,28.80380372781769,8.499300980552425e-22,0.4421772682626927
319.5,28.85803313164097,8.49290612117999e-22,0.44107320574521536
319.75,28.912314167162577,8.48682101529867e-22,0.43997189993670965
320.0,28.96664675137051,8.481044443201972e-22,0.4388733439540108
320.25,29.02103080038096,8.475575221117038e-22,0.43777753093114025
320.5,29.075466230329692,8.470412200732978e-22,0.4366844540192631
320.75,29.129952956597208,8.465554269024061e-22,0.43559410638664503
321.0,29.18449089398791,8.461000347918486e-22,0.43450648121860985
321.25,29.239079956725142,8.45674939400259e-22,0.4334215717174967
321.5,29.29372005840178,8.452800398240602e-22,0.43233937110261766
321.75,29.34841111197483,8.44915238569476e-22,0.43125987261021537
322.0,29.403153029789774,8.445804415247885e-22,0.4301830694934207
322.25,29.457945723620387,8.44275557933055e-22,0.4291089550222107
322.5,29.51278910470972,8.440005003654957e-22,0.42803752248336646
322.75,29.567683083797956,8.437551846957637e-22,0.4269687651804311
323.0,29.62262757112286,8.435395300753114e-22,0.42590267643366797
323.25,29.67762247637852,8.433534589100628e-22,0.42483924958001895
323.5,29.73266770861812,8.43196896838605e-22,0.42377847797306273
323.75,29.78776317608639,8.43069772712112e-22,0.42272035498297333
324.0,29.84290878614813,8.429720185734283e-22,0.4216648739964787
324.25,29.898104446243558,8.429035696208208e-22,0.42061202841681905
324.5,29.953350063067848,8.428643641998903e-22,0.4195618116637062
324.75,30.008645542762324,8.428543437806147e-22,0.4185142171732821
325.0,30.06399079090092,8.42873452937862e-22,0.4174692383980776
325.25,30.119385712437776,8.42921639333164e-22,0.41642686880697205
325.5,30.17483021170452,8.429988536963782e-22,0.4153871018851521
325.75,30.230324192440378,8.431050498074704e-22,0.4143499311340711
326.0,30.28586755783809,8.432401844786498e-22,0.4133153500714085
326.25,30.34146021058887,8.434042175370922e-22,0.4122833522310293
326.5,30.397102052909382,8.435971118084805e-22,0.41125393116294356
326.75,30.45279298653385,8.438188331015976e-22,0.41022708043326633
327.0,30.508532912654445,8.44069350194203e-22,0.40920279362417716
327.25,30.564321731792955,8.44348634820427e-22,0.40818106433388024
327.5,30.620159343586902,8.446566616599143e-22,0.40716188617656407
327.75,30.67604564702442,8.449934083211771e-22,0.4061452527823619
328.0,30.731980541175496,8.453588553183536e-22,0.40513115779731174
328.25,30.78796392427377,8.457529860720138e-22,0.4041195948833166
328.5,30.843995694065306,8.461757868924986e-22,0.40311055771810494
328.75,30.90007574771661,8.46627246969858e-22,0.4021040399951913
329.0,30.956203981778362,8.471073583635829e-22,0.4011000354238365
329.25,31.012380292199005,8.476161159921885e-22,0.4000985377290087
329.5,31.06860457436819,8.481535176229108e-22,0.39909954065134423
329.75,31.124876723170345,8.487195638617648e-22,0.39810303794710794
330.0,31.18119663302831,8.49314258144226e-22,0.39710902338815474
330.25,31.23756419791731,8.499376067267894e-22,0.39611749076189035
330.5,31.293979311329302,8.50589618679659e-22,0.3951284338712327
330.75,31.35044186616779,8.512703058808283e-22,0.39414184653457296
331.0,31.406951754553315,8.519796830118039e-22,0.39315772258573706
331.25,31.463508867651896,8.52717767553508e-22,0.39217605587394716
331.5,31.520113096753477,8.534845797662813e-22,0.39119684026378304
331.75,31.576764332517868,8.542801426942988e-22,0.39022006963514405
332.0,31.63346246505448,8.551044821597202e-22,0.38924573788321054
332.25,31.690207383939214,8.55957626757887e-22,0.38827383891840583
332.5,31.7469989781477,8.568396078541078e-22,0.3873043666663583
332.75,31.80383713605368,8.577504595801013e-22,0.3863373150678632
333.0,31.860721745469302,8.586902188303766e-22,0.38537267807884484
333.25,31.917652693704127,8.596589252588335e-22,0.38441044967031895
333.5,31.97462986761954,8.606566212758632e-22,0.3834506238283549
333.75,32.03165315365538,8.61683352046235e-22,0.3824931945540379
334.0,32.08872243780551,8.627391654880462e-22,0.381538155863432
334.25,32.14583760551912,8.638241122730215e-22,0.3805855017875422
334.5,32.202998541504506,8.6493824582844e-22,0.3796352263722775
334.75,32.26020512946619,8.660816223403164e-22,0.3786873236784134
335.0,32.31745725311901,8.67254300741388e-22,0.377741787781555
335.25,32.37475479575304,8.684563427172034e-22,0.37679861277209986
335.5,32.432097640055815,8.696878127096905e-22,0.3758577927552011
335.75,32.48948566821227,8.709487779175441e-22,0.37491932185073057
336.0,32.54691876181977,8.722393082993193e-22,0.37398319419324205
336.25,32.6043968018804,8.735594765760537e-22,0.37304940393193464
336.5,32.66191966884328,8.749093582337342e-22,0.37211794523061614
336.75,32.71948724267011,8.762890315259175e-22,0.37118881226766665
337.0,32.77709940289676,8.776985774768163e-22,0.37026199923600217
337.25,32.834756028663975,8.791380798851632e-22,0.36933750034303814
337.5,32.89245699869023,8.806076253291647e-22,0.3684153098106535
337.75,32.9502021911596,8.821073031728548e-22,0.3674954218751545
338.0,33.00799148349772,8.836372055741616e-22,0.3665778307872385
338.25,33.06582475210804,8.851974274938531e-22,0.3656625308119582
338.5,33.12370187354227,8.867880666882928e-22,0.3647495162286858
338.75,33.18162272385294,8.884092237236194e-22,0.3638387813310771
339.0,33.23958717854134,8.90061001983595e-22,0.36293032042703616
339.25,33.29759511260794,8.917435076765061e-22,0.36202412783867927
339.5,33.35564640046943,8.934568498440495e-22,0.3611201979022998
339.75,33.4137409159595,8.952011403697066e-22,0.36021852496833284
340.0,33.471878532382036,8.96976493986953e-22,0.35931910340131945
340.25,33.53005912258566,8.987830282876482e-22,0.35842192757987196
340.5,33.588282559028265,9.006208637309487e-22,0.3575269918966386
340.75,33.646548713800314,9.024901236530936e-22,0.35663429075826847
341.0,33.70485745857575,9.04390934278404e-22,0.3557438185853764
341.25,33.763208664459256,9.063234247318453e-22,0.3548555698125086
341.5,33.82160220169853,9.082877270534947e-22,0.3539695388881072
341.75,33.88003793963729,9.102839762107739e-22,0.3530857202744761
342.0,33.938515748029864,9.123123100960203e-22,0.35220410844774613
342.25,33.99703549586146,9.143728695520882e-22,0.35132469789784043
342.5,34.05559705168239,9.164657983816615e-22,0.3504474831284402
342.75,34.114200283516155,9.185912433615891e-22,0.34957245865695036
343.0,34.172845058802686,9.207493542572914e-22,0.348699619014465
343.25,34.23153124442403,9.229402838367118e-22,0.3478289587457336
343.5,34.290258706776555,9.251641878841968e-22,0.34696047240912664
343.75,34.34902731185361,9.274212252146887e-22,0.3460941545766016
344.0,34.407836925302895,9.297115576886136e-22,0.3452299998336693
344.25,34.46668741242248,9.320353502278491e-22,0.34436800277935975
344.5,34.52557863805956,9.343927708331555e-22,0.3435081580261886
344.75,34.584510466376045,9.367839906034543e-22,0.3426504602001233
345.0,34.64348276046423,9.39209183757134e-22,0.3417949039405496
345.25,34.70249538333351,9.41668527639206e-22,0.34094148390023815
345.5,34.76154819787783,9.441622027396962e-22,0.340090194745311
345.75,34.8206410663526,9.466903927178098e-22,0.339241031155208
346.0,34.87977385057189,9.492532844187616e-22,0.338393987822654
346.25,34.938946411789104,9.51851067894409e-22,0.33754905945362546
346.5,34.99815861068929,9.544839364231812e-22,0.3367062407673173
346.75,35.057410307451605,9.571520865297244e-22,0.33586552649611
347.0,35.11670136184112,9.598557180046943e-22,0.3350269113855366
347.25,35.17603163328859,9.625950339251237e-22,0.3341903901942499
347.5,35.23540098091707,9.653702406757889e-22,0.33335595769398985
347.75,35.29480926347442,9.68181547972008e-22,0.33252360866955044
348.0,35.35425633913023,9.710291688842927e-22,0.3316933379187477
348.25,35.413742065096336,9.739133198652858e-22,0.3308651402523867
348.5,35.473266297877444,9.768342207706595e-22,0.33003901049422935
348.75,35.532828894468814,9.797920948706671e-22,0.32921494348096186
349.0,35.592429711049064,9.827871688880979e-22,0.3283929340621628
349.25,35.65206860342214,9.858196730186062e-22,0.32757297710027067
349.5,35.711745426862905,9.888898409576317e-22,0.32675506747055166
349.75,35.7714600360799,9.919979099266209e-22,0.3259392000610681
350.0,35.83121228526916,9.951441206988086e-22,0.32512536977264583
350.25,35.891002028212164,9.983287176250412e-22,0.324313571518843
350.5,35.95082911837103,1.0015519486601162e-21,0.3235038002259179
350.75,36.01069340893405,1.0048140653901147e-21,0.3226960508327973
351.0,36.070594752764556,1.0081153230612082e-21,0.3218903182910448
351.25,36.13053300220636,1.0114559806104113e-21,0.32108659756482943
351.5,36.19050800869878,1.0148363006987627e-21,0.3202848836308941
351.75,36.25051962276238,1.018256549741272e-21,0.319485171478524
352.0,36.31056769556028,1.0217169979214541e-21,0.31868745610951565
352.25,36.370652077476564,1.0252179192365285e-21,0.3178917325381454
352.5,36.43077261853203,1.0287595915245825e-21,0.31709799579113834
352.75,36.49092916824227,1.0323422964978475e-21,0.31630624090763715
353.0,36.55112157556425,1.0359663197756306e-21,0.3155164629391713
353.25,36.61134968894959,1.0396319509167198e-21,0.3147286569496259
353.5,36.67161335645093,1.0433394834517998e-21,0.3139428180152109
353.75,36.731912425828526,1.0470892149164072e-21,0.31315894122443044
354.0,36.79224674460342,1.0508814468849633e-21,0.31237702167805204
354.25,36.85261616000425,1.0547164850064163e-21,0.311597054489076
354.5,36.9130205187543,1.0585946390420281e-21,0.31081903478270484
354.75,36.97345966664549,1.0625162229058382e-21,0.31004295769631285
355.0,37.033933448569414,1.066481554701157e-21,0.30926881837941567
355.25,37.09444171013965,1.0704909567418076e-21,0.30849661199364015
355.5,37.1549842961818,1.0745447556050907e-21,0.3077263337126938
355.75,37.21556105118497,1.078643282165837e-21,0.3069579787223349
356.0,37.276171819138625,1.0827868716371272e-21,0.30619154222034217
356.25,37.33681644348393,1.0869758636104868e-21,0.30542701941648503
356.5,37.3974947671794,1.091210602095553e-21,0.3046644055324935
356.75,37.45820663282058,1.0954914355598171e-21,0.3039036958020283
357.0,37.518951882753726,1.0998187169690367e-21,0.3031448854706511
357.25,37.57973035912309,1.104192803828919e-21,0.3023879697957949
357.5,37.64054190379164,1.1086140582286732e-21,0.3016329440467343
357.75,37.70138635807512,1.113082846887029e-21,0.30087980350455584
358.0,37.76226356222894,1.117599541201323e-21,0.3001285434621287
358.25,37.82317335595305,1.1221645172872134e-21,0.2993791592240752
358.5,37.884115579564394,1.1267781560124692e-21,0.2986316461067414
358.75,37.94509007260023,1.1314408430567076e-21,0.29788599943816785
359.0,38.00609667428017,1.1361529689534943e-21,0.2971422145580605
359.25,38.067135223312455,1.1409149291395606e-21,0.29640028681776137
359.5,38.128205557874594,1.1457271240029887e-21,0.2956602115802197
359.75,38.1893075157056,1.1505899589309862e-21,0.29492198421996285
360.0,38.25044093424199,1.1555038443579233e-21,0.2941856001230674
360.25,38.31160565072968,1.1604691958143039e-21,0.29345105468713034
360.5,38.37280150224393,1.165486433977345e-21,0.29271834332124036
360.75,38.434028325549676,1.170555984723832e-21,0.291987461445949
361.0,38.49528595673411,1.1756782791859274e-21,0.29125840449324214
361.25,38.55657423062994,1.1808537538097587e-21,0.29053116790651146
361.5,38.61789298241884,1.1860828503933808e-21,0.2898057471405259
361.75,38.67924204718561,1.1913660161455674e-21,0.2890821376614034
362.0,38.740621259527295,1.1967037037448075e-21,0.2883603349465823
362.25,38.80203045365332,1.2020963713942612e-21,0.28764033448479326
362.5,38.863469463247604,1.2075444828798171e-21,0.2869221317760311
362.75,38.924938121501846,1.2130485076272481e-21,0.2862057223315265
363.0,38.986436261243824,1.2186089207592224e-21,0.2854911016737182
363.25,39.04796371508471,1.2242262031529237e-21,0.28477826533622463
363.5,39.10952031550915,1.2299008414990402e-21,0.2840672088638165
363.75,39.17110589483205,1.2356333283628737e-21,0.2833579278123884
364.0,39.23272028494592,1.2414241622483274e-21,0.2826504177489315
364.25,39.29436331678269,1.2472738476655276e-21,0.2819446742515057
364.5,39.356034820286574,1.2531828951942722e-21,0.2812406929092117
364.75,39.417734626408034,1.2591518215285159e-21,0.2805384693221639
365.0,39.47946256533471,1.2651811495586139e-21,0.27983799910146256
365.25,39.541218466989484,1.271271408432202e-21,0.27913927786916654
365.5,39.60300216082673,1.2774231336228651e-21,0.2784423012582659
365.75,39.66481347578633,1.2836368669981377e-21,0.27774706491265444
366.0,39.72665224039399,1.2899131568869618e-21,0.2770535644871029
366.25,39.788518282922745,1.2962525581474556e-21,0.2763617956472312
366.5,39.85041143153041,1.3026556322358426e-21,0.2756717540694819
366.75,39.91233151428799,1.3091229472773944e-21,0.27498343544109294
367.0,39.974278359013745,1.3156550781402362e-21,0.2742968354600706
367.25,40.036251792827976,1.3222526065128684e-21,0.2736119498351628
367.5,40.09825164150958,1.3289161209846085e-21,0.2729287742858321
367.75,40.16027773147742,1.335646217101112e-21,0.2722473045422292
368.0,40.222329888983836,1.3424434974484105e-21,0.27156753634516584
368.25,40.28440793988445,1.3493085717322178e-21,0.27088946544608866
368.5,40.346511709659225,1.3562420568558414e-21,0.2702130876070523
368.75,40.40864102327948,1.3632445770006237e-21,0.2695383986006931
369.0,40.47079570527048,1.3703167637054735e-21,0.2688653942102026
369.25,40.53297557987471,1.3774592559464465e-21,0.2681940702293011
369.5,40.595180471220836,1.3846727002173325e-21,0.26752442246221153
369.75,40.65741020340369,1.3919577506122146e-21,0.26685644672363323
370.0,40.719664600380185,1.3993150689109522e-21,0.2661901388387156
370.25,40.78194348558633,1.4067453246685558e-21,0.26552549464303227
370.5,40.84424668118665,1.414249195309346e-21,0.26486250998255473
370.75,40.90657400923307,1.4218273662031858e-21,0.2642011807136268
371.0,40.96892529238086,1.429480530747322e-21,0.26354150270293836
371.25,41.03130035266886,1.437209390468604e-21,0.26288347182749966
371.5,41.09369901186451,1.4450146551113568e-21,0.2622270839746157
371.75,41.15612109124916,1.4528970427320336e-21,0.2615723350418601
372.0,41.21856641164401,1.4608572797926286e-21,0.26091922093705006
372.25,41.28103479357144,1.4688961012539407e-21,0.2602677375782202
372.5,41.3435260574463,1.4770142506697683e-21,0.2596178808935974
372.75,41.406040023691624,1.4852124802831159e-21,0.2589696468215753
373.0,41.46857651267358,1.4934915511255018e-21,0.25832303131068884
373.25,41.53113534434997,1.5018522331204457e-21,0.25767803031958897
373.5,41.59371633752704,1.5102953051922204e-21,0.2570346398170174
373.75,41.656319310348174,1.518821555363428e-21,0.2563928557817814
374.0,41.71894408210175,1.527431780840593e-21,0.2557526742027286
374.25,41.7815904713149,1.5361267881386153e-21,0.2551140910787222
374.5,41.844258296321016,1.5449073931816168e-21,0.2544771024186154
374.75,41.906947374992406,1.5537744214136579e-21,0.2538417042412271
375.0,41.96965752474109,1.5627287079080799e-21,0.2532078925753166
375.25,42.03238856268239,1.5717710974765822e-21,0.252575663459559
375.5,42.09514030584439,1.5809024447792563e-21,0.2519450129425202
375.75,42.15791257130666,1.590123614436804e-21,0.2513159370826324
376.0,42.220705176151434,1.599435481146162e-21,0.2506884319481694
376.25,42.28351793711052,1.6088389298007565e-21,0.2500624936172222
376.5,42.34635066979113,1.6183348556166138e-21,0.2494381181776741
376.75,42.40920318897249,1.6279241642489231e-21,0.24881530172717656
377.0,42.472075310777434,1.637607771890842e-21,0.24819404037312479
377.25,42.53496685056067,1.647386605417977e-21,0.24757433023263326
377.5,42.59787762351753,1.6572616025064476e-21,0.2469561674325116
377.75,42.66080744439827,1.6672337117618519e-21,0.24633954810924025
378.0,42.723756127503776,1.677303892846875e-21,0.2457244684089465
378.25,42.78672348686128,1.6874731166086421e-21,0.24511092448738017
378.5,42.84970933645119,1.697742365207198e-21,0.24449891250988978
378.75,42.91271349035607,1.708112632246499e-21,0.24388842865139848
379.0,42.97573576270292,1.7185849229093038e-21,0.24327946909638015
379.25,43.0387759672698,1.7291602540973407e-21,0.2426720300388356
379.5,43.101833916627896,1.7398396545781442e-21,0.24206610768226877
379.75,43.16490942267642,1.7506241651189244e-21,0.2414616982396629
380.0,43.22800229866881,1.761514838606551e-21,0.24085879793345705
380.25,43.291112357113285,1.7725127402128042e-21,0.2402574029955223
380.5,43.35423941037416,1.7836189475330642e-21,0.23965750966713842
380.75,43.41738327037306,1.794834550736445e-21,0.23905911419897005
381.0,43.48054374860537,1.8061606527143843e-21,0.23846221285104363
381.25,43.54372065634091,1.8175983692291635e-21,0.23786680189272374
381.5,43.60691380486674,1.8291488290639045e-21,0.23727287760269003
381.75,43.67012300563038,1.8408131741756263e-21,0.23668043626891366
382.0,43.73334807014132,1.8525925598529157e-21,0.23608947418863446
382.25,43.79658880948907,1.864488154879791e-21,0.23549998766833743
382.5,43.859845033343866,1.8765011417072246e-21,0.23491197302372996
382.75,43.923116551339255,1.8886327166008467e-21,0.23432542657971855
383.0,43.98640317406558,1.9008840897950873e-21,0.23374034467038604
383.25,44.04970471154997,1.9132564856764893e-21,0.2331567236389686
383.5,44.113020973633716,1.9257511429488384e-21,0.23257455983783287
383.75,44.17635176970946,1.938369314807413e-21,0.23199384962845324
384.0,44.2396969087861,1.951112269111779e-21,0.23141458938138892
384.25,44.30305619972542,1.9639812885589014e-21,0.23083677547626158
384.5,44.36642945149475,1.9769776708583446e-21,0.2302604043017324
384.75,44.42981647327988,1.990102728911346e-21,0.2296854722554796
385.0,44.49321707430219,2.0033577909955242e-21,0.2291119757441761
385.25,44.55663106318449,2.016744200957008e-21,0.2285399111834668
385.5,44.6200582469093,2.030263318409513e-21,0.22796927499794636
385.75,44.68349843344136,2.0439165188948037e-21,0.22740006362113674
386.0,44.74695143095741,2.057705194083669e-21,0.22683227349546498
386.25,44.810417047351415,2.0716307519760616e-21,0.22626590107224095
386.5,44.87389509024308,2.085694617098473e-21,0.2257009428116352
386.75,44.937385366805145,2.0998982307057794e-21,0.22513739518265669
387.0,45.00088768390065,2.114243050982085e-21,0.22457525466313094
387.25,45.06440184835943,2.128730553242571e-21,0.22401451773967787
387.5,45.1279276672234,2.1433622301383657e-21,0.2234551809076899
387.75,45.19146494778996,2.1581395918664382e-21,0.22289724067131
388.0,45.2550134972829,2.17306416638654e-21,0.22234069354340985
388.25,45.31857312198032,2.188137499647197e-21,0.22178553604556814
388.5,45.38214362667808,2.2033611558105845e-21,0.22123176470804864
388.75,45.44572481806482,2.2187367174350077e-21,0.22067937606977875
389.0,45.50931650226527,2.2342657857276658e-21,0.22012836667832766
389.25,45.572918485341056,2.2499499807660894e-21,0.21957873308988485
389.5,45.63653057298647,2.265790941732111e-21,0.21903047186923863
389.75,45.700152570482565,2.281790327145646e-21,0.2184835795897546
390.0,45.76378428292024,2.297949815098267e-21,0.2179380528333542
390.25,45.82742551550618,2.3142711034888513e-21,0.21739388819049343
390.5,45.89107607376514,2.3307559102635817e-21,0.21685108226014155
390.75,45.95473576345255,2.3474059736625836e-21,0.21630963164975966
391.0,46.01840438999091,2.364223052475476e-21,0.21576953297527973
391.25,46.08208175725394,2.3812089263080054e-21,0.21523078286108327
391.5,46.1457676691313,2.3983653958184675e-21,0.2146933779399803
391.75,46.20946193076568,2.4156942829615842e-21,0.21415731485318834
392.0,46.27316434677676,2.4331974312715395e-21,0.21362259025031133
392.25,46.33687472166176,2.45087670612272e-21,0.21308920078931878
392.5,46.40059285949469,2.468733995002309e-21,0.21255714313652482
392.75,46.46431856402935,2.4867712077813154e-21,0.21202641396656735
393.0,46.5280516390032,2.5049902769866466e-21,0.2114970099623874
393.25,46.59179188843917,2.523393158076795e-21,0.21096892781520815
393.5,46.65553911674245,2.5419818297237376e-21,0.2104421642245145
393.75,46.719293128389545,2.560758294103633e-21,0.2099167158980323
394.0,46.78305372700646,2.579724577198907e-21,0.20939257955170776
394.25,46.84682071449086,2.5988827291035472e-21,0.20886975190968707
394.5,46.91059389475445,2.6182348242744906e-21,0.2083482297042957
394.75,46.974373071353064,2.6377829618632827e-21,0.20782800967601822
395.0,47.038158047805226,2.6575292660179668e-21,0.2073090885734777
395.25,47.10194862730345,2.6774758861969915e-21,0.20679146315341565
395.5,47.165744612642946,2.697624997484192e-21,0.20627513018067145
395.75,47.22954580647172,2.7179788009036755e-21,0.20576008642816232
396.0,47.293352011641566,2.7385395237375454e-21,0.20524632867686318
396.25,47.35716303143948,2.759309419849412e-21,0.20473385371578637
396.5,47.420978669479126,2.780290770016619e-21,0.20422265834196177
396.75,47.48479872903181,2.8014858822741273e-21,0.20371273936041656
397.0,47.54862301162375,2.822897092272376e-21,0.20320409358415548
397.25,47.61245131922057,2.844526763592645e-21,0.20269671783414078
397.5,47.676283454937014,2.866377288086433e-21,0.20219060893927238
397.75,47.74011922149443,2.8884510862482774e-21,0.201685763736368
398.0,47.80395842148804,2.9107506075702266e-21,0.20118217907014355
398.25,47.8678008571013,2.933278330908108e-21,0.20067985179319314
398.5,47.93164633026273,2.95603676484649e-21,0.20017877876596968
398.75,47.995494643006204,2.979028448065678e-21,0.19967895685676515
399.0,48.05934559779592,3.0022559497140817e-21,0.19918038294169096
399.25,48.12319899757691,3.0257218697892895e-21,0.19868305390465854
399.5,48.18705464531235,3.049428839531187e-21,0.1981869666373598
399.75,48.25091234276856,3.073379521830457e-21,0.19769211803924763
400.0,48.31477189035029,3.0975766116277994e-21,0.19719850501751676
400.25,48.37863309094004,3.1220228362637797e-21,0.1967061244870842
400.5,48.44249574672872,3.1467209559294565e-21,0.19621497337056998
400.75,48.50635965997326,3.1716737640689567e-21,0.19572504859827802
401.0,48.57022463256325,3.196884087804082e-21,0.19523634710817697
401.25,48.63409046605809,3.2223547883576046e-21,0.19474886584588086
401.5,48.69795696202798,3.2480887614777825e-21,0.19426260176463023
401.75,48.76182392244036,3.2740889378678905e-21,0.193777551825273
402.0,48.82569114983336,3.3003582836245436e-21,0.19329371299624545
402.25,48.88955844701809,3.32689980068862e-21,0.19281108225355337
402.5,48.953425616051035,3.3537165273125632e-21,0.192329656580753
402.75,49.01729245697437,3.380811538536962e-21,0.19184943296893234
403.0,49.081158772029596,3.40818794659461e-21,0.19137040841669223
403.25,49.14502436338027,3.435848901413883e-21,0.19089257993012768
403.5,49.208889033196684,3.4637975910941684e-21,0.1904159445228091
403.75,49.27275258337144,3.492037242393654e-21,0.18994049921576361
404.0,49.33661481542417,3.520571121220367e-21,0.18946624103745655
404.25,49.40047553080589,3.549402533123651e-21,0.1889931670237727
404.5,49.46433453132423,3.578534823790371e-21,0.18852127421799794
404.75,49.52819161941073,3.607971379550182e-21,0.18805055967080075
405.0,49.59204659795155,3.637715627894136e-21,0.18758102044021363
405.25,49.655899269402774,3.667771038010973e-21,0.18711265359161489
405.5,49.71974943413463,3.6981411213419774e-21,0.1866454561977102
405.75,49.78359689384292,3.728829432066173e-21,0.18617942533851428
406.0,49.847441451038236,3.759839567652192e-21,0.1857145581013328
406.25,49.91128290806378,3.791175169423785e-21,0.185250851580744
406.5,49.97512106710014,3.8228399231187974e-21,0.1847883028785806
406.75,50.03895572993818,3.8548375594586975e-21,0.18432690910391172
407.0,50.10278669824064,3.887171854717824e-21,0.18386666737302476
407.25,50.16661377399224,3.9198466312972344e-21,0.18340757480940742
407.5,50.23043675983829,3.9528657583080786e-21,0.18294962854372965
407.75,50.29425545901179,3.9862331521693675e-21,0.1824928257138258
408.0,50.358069674548716,4.0199527772250556e-21,0.18203716346467674
408.25,50.421879207531795,4.0540286463846825e-21,0.1815826389483919
408.5,50.48568385945875,4.088464821706192e-21,0.18112924932419158
408.75,50.54948343349545,4.123265415005255e-21,0.18067699175838914
409.0,50.61327773243508,4.158434588524555e-21,0.18022586342437333
409.25,50.67706655902631,4.193976555574991e-21,0.17977586150259062
409.5,50.74084971562784,4.229895581195993e-21,0.17932698318052748
409.75,50.804627004431325,4.266195982814975e-21,0.17887922565269299
410.0,50.868398227930534,4.3028821309114736e-21,0.1784325861206011
410.25,50.93216318931423,4.339958449691554e-21,0.17798706179275328
410.5,50.99592169246056,4.377429417778052e-21,0.17754264988462107
410.75,51.05967354121054,4.415299568922216e-21,0.17709934761862858
411.0,51.12341853759917,4.4535734927423165e-21,0.1766571522241352
411.25,51.187156483372036,4.492255835416072e-21,0.1762160609374183
411.5,51.25088718262002,4.5313513003643054e-21,0.17577607100165585
411.75,51.314610438883825,4.570864649036619e-21,0.17533717966690934
412.0,51.37832605575934,4.6108007016490804e-21,0.17489938419010653
412.25,51.44203383645866,4.6511643379494654e-21,0.17446268183502425
412.5,51.505733584007736,4.691960497981251e-21,0.17402706987227134
412.75,51.569425101735064,4.733194182852664e-21,0.17359254557927162
413.0,51.633108193705894,4.774870455517152e-21,0.17315910624024686
413.25,51.69678266475645,4.8169944415715895e-21,0.17272674914619976
413.5,51.760448319782626,4.859571330078566e-21,0.17229547159489708
413.75,51.82410496193767,4.90260637441909e-21,0.17186527089085274
414.0,51.88775239371268,4.946104893104498e-21,0.17143614434531093
414.25,51.951390420353334,4.990072270558222e-21,0.17100808927622932
414.5,52.015018846464805,5.034513958029684e-21,0.17058110300826237
414.75,52.07863747676839,5.079435474446618e-21,0.1701551828727445
415.0,52.142246115606525,5.124842407301487e-21,0.16973032620767348
415.25,52.205844567135486,5.170740413536578e-21,0.16930653035769375
415.5,52.26943263583887,5.217135220434959e-21,0.16888379267407988
415.75,52.33301012699218,5.264032626524491e-21,0.16846211051472
416.0,52.39657684670888,5.311438502502113e-21,0.16804148124409918
416.25,52.46013260119833,5.3593587921856026e-21,0.16762190223328316
416.5,52.523677194865975,5.407799513500026e-21,0.16720337085990175
416.75,52.58721043145209,5.456766759418946e-21,0.1667858845081325
417.0,52.650732117580674,5.506266698873348e-21,0.16636944056868433
417.25,52.714242059240725,5.556305577806901e-21,0.1659540364387813
417.5,52.77774006255377,5.6068897201645104e-21,0.16553966952214622
417.75,52.84122593326207,5.658025528918765e-21,0.1651263372289845
418.0,52.9046994769419,5.7097194870953914e-21,0.164714036975968
418.25,52.96816049954918,5.761978158805872e-21,0.1643027661862188
418.5,53.03160880790314,5.8148081902954465e-21,0.16389252228929307
418.75,53.095044209713194,5.868216311014675e-21,0.16348330272116518
419.0,53.1584665127545,5.92220933472279e-21,0.16307510492421146
419.25,53.221875522799685,5.976794160630979e-21,0.16266792634719435
419.5,53.28527104535488,6.031977774483182e-21,0.16226176444524643
419.75,53.348652888634604,6.087767249627624e-21,0.1618566166798545
420.0,53.41202086032853,6.144169748227877e-21,0.16145248051884367
420.25,53.47537476822558,6.2011925224132144e-21,0.16104935343636168
420.5,53.538714419731,6.258842915466965e-21,0.1606472329128629
420.75,53.60203962212754,6.317128363014716e-21,0.16024611643509276
421.0,53.66535018316034,6.376056394221702e-21,0.15984600149607198
421.25,53.728645911524936,6.435634633008715e-21,0.15944688559508088
421.5,53.79192661683811,6.495870799295883e-21,0.1590487662376438
421.75,53.85519210867105,6.556772710283633e-21,0.15865164093551343
422.0,53.918442194277034,6.618348281779046e-21,0.15825550720665535
422.25,53.9816766814521,6.680605529428164e-21,0.15786036257523245
422.5,54.04489538021073,6.74355256999238e-21,0.15746620457158952
422.75,54.108098100247275,6.807197622731941e-21,0.15707303073223777
423.0,54.171284651273716,6.871549010747803e-21,0.1566808385998394
423.25,54.23445484261648,6.936615162357272e-21,0.1562896257231923
423.5,54.29760848355201,7.002404612471126e-21,0.1558993896572147
423.75,54.36074538393386,7.068926003982826e-21,0.15551012796292996
424.0,54.42386535466423,7.136188089180486e-21,0.1551218382074512
424.25,54.48696820756279,7.204199731192188e-21,0.1547345179639662
424.5,54.55005375418564,7.27296990547531e-21,0.15434816481172217
424.75,54.61312180341735,7.34250770135416e-21,0.15396277633601066
425.0,54.67617216584093,7.412822323420683e-21,0.1535783501281524
425.25,54.739204653503194,7.483923093062928e-21,0.1531948837854824
425.5,54.80221907837801,7.55581945004259e-21,0.15281237491133473
425.75,54.86521525234245,7.62852095406154e-21,0.1524308211150277
426.0,54.928192986900285,7.70203728635444e-21,0.15205022001184884
426.25,54.99115209361365,7.776378251285428e-21,0.15167056922303998
426.5,55.05409238476831,7.851553777961e-21,0.1512918663757825
426.75,55.117013673797736,7.927573921871153e-21,0.15091410910318234
427.0,55.1799157749915,8.004448866570922e-21,0.15053729504425536
427.25,55.242798502013194,8.082188925414406e-21,0.1501614218439124
427.5,55.3056616656311,8.160804543331461e-21,0.14978648715294482
427.75,55.36850507965013,8.240306298424456e-21,0.1494124886280095
428.0,55.43132855840176,8.320704903798413e-21,0.14903942393161446
428.25,55.49413191638075,8.402011209361086e-21,0.14866729073210416
428.5,55.55691496785873,8.484236203651003e-21,0.14829608670364489
428.75,55.61967752677551,8.56739101568186e-21,0.14792580952621026
429.0,55.682419407280264,8.651486916794837e-21,0.14755645688556668
429.25,55.74514042441963,8.736535322532621e-21,0.14718802647325896
429.5,55.80784039446992,8.822547794548904e-21,0.14682051598659582
429.75,55.870519134410365,8.909536042567161e-21,0.14645392312863556
430.0,55.93317646003461,8.997511926402471e-21,0.14608824560817157
430.25,55.99581218448557,9.0864874579989e-21,0.14572348113971817
430.5,56.058426125050545,9.176474803274705e-21,0.14535962744349626
430.75,56.12101809863267,9.267486284296002e-21,0.14499668224541906
431.0,56.183587922454834,9.359534381339935e-21,0.1446346432770779
431.25,56.246135413405064,9.452631735024673e-21,0.14427350827572802
431.5,56.30866038812685,9.546791148446506e-21,0.1439132749842745
431.75,56.37116266367068,9.642025589330281e-21,0.1435539411512581
432.0,56.43364205817488,9.738348192208904e-21,0.14319550453084118
432.25,56.49609839104388,9.835772260647565e-21,0.14283796288279374
432.5,56.558531482091844,9.934311269528416e-21,0.14248131397247926
432.75,56.62094114911991,1.0033978867411381e-20,0.14212555557084092
433.0,56.683327208637216,1.0134788878835924e-20,0.14177068545438756
433.25,56.74568948123513,1.0236755306522618e-20,0.14141670140517978
433.5,56.80802778677119,1.0339892333896681e-20,0.1410636012108161
433.75,56.870341945375614,1.0444214327480685e-20,0.1407113826644192
434.0,56.93263177677572,1.0549735839369165e-20,0.140360043564622
434.25,56.994897100602365,1.0656471609706677e-20,0.14000958171555397
434.5,57.0571377371362,1.0764436569186624e-20,0.13965999492682743
434.75,57.1193535079321,1.0873645841588733e-20,0.1393112810135238
435.0,57.18154423576009,1.0984114746373052e-20,0.13896343779617998
435.25,57.24370974330117,1.1095858801348375e-20,0.13861646310077477
435.5,57.30584985024432,1.1208893725426461e-20,0.13827035475871513
435.75,57.36796437780507,1.1323235441183112e-20,0.13792511060682286
436.0,57.4300531493438,1.1438900077578647e-20,0.13758072848732086
436.25,57.49211598810655,1.1555903972801808e-20,0.13723720624781974
436.5,57.554152717294315,1.1674263677085342e-20,0.13689454174130442
436.75,57.616163159709174,1.179399595557179e-20,0.1365527328261206
437.0,57.67814713827562,1.1915117791189591e-20,0.13621177736596143
437.25,57.740104476845175,1.2037646387559845e-20,0.13587167322985422
437.5,57.802035000692236,1.2161599171954134e-20,0.135532418292147
437.75,57.8639385361091,1.2286993798323736e-20,0.13519401043249527
438.0,57.92581490850826,1.2413848150420644e-20,0.13485644753584883
438.25,57.98766394000251,1.2542180344978226e-20,0.13451972749243846
438.5,58.04948545681185,1.2672008734607073e-20,0.13418384819776283
438.75,58.11127928536479,1.2803351911111354e-20,0.13384880755257522
439.0,58.173045252397394,1.2936228708715405e-20,0.13351460346287053
439.25,58.23478318434634,1.3070658207362987e-20,0.1331812338398721
439.5,58.29649290734893,1.320665973603866e-20,0.1328486966000187
439.75,58.35817424795548,1.334425287610958e-20,0.13251698966495148
440.0,58.419827033931135,1.3483457464710963e-20,0.13218611096150107
440.25,58.48145109452407,1.362429359819841e-20,0.13185605842167444
440.5,58.54304625957715,1.3766781635690297e-20,0.13152682998264217
440.75,58.604612356860095,1.3910942202723472e-20,0.13119842358672543
441.0,58.666149212344834,1.4056796194851474e-20,0.1308708371813832
441.25,58.72765665677704,1.4204364781067263e-20,0.13054406871919938
441.5,58.78913452010449,1.43536694077118e-20,0.13021811615786996
441.75,58.85058263261796,1.4504731802196313e-20,0.12989297746019046
442.0,58.91200082417603,1.4657573976846954e-20,0.12956865059404288
442.25,58.97338892454718,1.481221823275874e-20,0.12924513353238332
442.5,59.03474676426274,1.4968687163683467e-20,0.12892242425322903
442.75,59.09607417532611,1.512700365997806e-20,0.12860052073964598
443.0,59.157370991123784,1.5287190912639776e-20,0.12827942097973621
443.25,59.21863704488367,1.5449272417454747e-20,0.12795912296662512
443.5,59.27987216639052,1.56132719792719e-20,0.1276396246984491
443.75,59.341076187622285,1.5779213715984765e-20,0.12732092417834295
444.0,59.402248942612026,1.5947122062799906e-20,0.12700301941442738
444.25,59.46339026538509,1.6117021776635754e-20,0.12668590841979654
444.5,59.524499989863415,1.6288937940512565e-20,0.12636958921250574
444.75,59.5855779495542,1.6462895968008916e-20,0.12605405981555887
445.0,59.64662397819368,1.6638921607739742e-20,0.1257393182568962
445.25,59.707637910659635,1.681704094788605e-20,0.12542536256938192
445.5,59.768619583466055,1.699728042080651e-20,0.12511219079079197
445.75,59.829568834153505,1.717966680776098e-20,0.12479980096380175
446.0,59.890485498888715,1.736422724377621e-20,0.12448819113597379
446.25,59.95136941049421,1.7550989222559453e-20,0.12417735935974568
446.5,60.01222040699278,1.77399806010339e-20,0.12386730369241777
446.75,60.07303832603737,1.793122960454023e-20,0.12355802219614118
447.0,60.13382300570113,1.8124764831839333e-20,0.12324951293790551
447.25,60.194574283654724,1.832061526025869e-20,0.1229417739895269
447.5,60.25529199733557,1.851881025086323e-20,0.12263480342763593
447.75,60.315975984820504,1.8719379553666423e-20,0.12232859933366559
448.0,60.37662608568301,1.8922353312915905e-20,0.12202315979383928
448.25,60.43724214111593,1.912776207248805e-20,0.1217184828991589
448.5,60.49782399260096,1.9335636781425787e-20,0.12141456674539286
448.75,60.55837147845324,1.9546008799651855e-20,0.1211114094330642
449.0,60.61888443735534,1.9758909903435585e-20,0.12080900906743874
449.25,60.679362711681364,1.9974372290952008e-20,0.12050736375851322
449.5,60.73980614341539,2.019242858825632e-20,0.12020647162100347
449.75,60.800214574639064,2.0413111855138688e-20,0.11990633077433263
450.0,60.86058784695562,2.0636455591108373e-20,0.11960693934261947
450.25,60.92092580207441,2.0862493741403258e-20,0.11930829545466654
450.5,60.981228282804054,2.1091260703063858e-20,0.11901039724394857
450.75,61.041495133702675,2.1322791331111086e-20,0.11871324284860078
451.0,61.10172620063328,2.1557120944866842e-20,0.11841683041140723
451.25,61.16192132847268,2.179428533445664e-20,0.11812115807978922
451.5,61.222080358131066,2.2034320767436632e-20,0.11782622400579373
451.75,61.28220313542533,2.2277263994915477e-20,0.11753202634608181
452.0,61.34228950647459,2.2523152258446378e-20,0.11723856326191716
452.25,61.402339317772054,2.2772023296776873e-20,0.11694583291915453
452.5,61.46235241544403,2.3023915352743147e-20,0.11665383348822832
452.75,61.52232864529233,2.327886718021512e-20,0.11636256314414115
453.0,61.58226785369146,2.3536918051092708e-20,0.11607202006645241
453.25,61.64216988855569,2.3798107762397905e-20,0.11578220243926693
453.5,61.702034599591244,2.4062476643507353e-20,0.11549310845122358
453.75,61.76186183704867,2.4330065563570016e-20,0.11520473629548401
454.0,61.821651448190984,2.460091593915463e-20,0.11491708416972131
454.25,61.881403279469616,2.4875069741687187e-20,0.11463015027610873
454.5,61.941117182169926,2.5152569504808963e-20,0.11434393282130854
454.75,62.00079300688885,2.5433458332447513e-20,0.1140584300164607
455.0,62.06043060445988,2.5717779906655422e-20,0.11377364007717172
455.25,62.12002982519336,2.60055784956517e-20,0.11348956122350361
455.5,62.17959051943954,2.629689896189698e-20,0.11320619167996256
455.75,62.23911253865626,2.659178677025334e-20,0.11292352967548802
456.0,62.29859573616287,2.689028799627977e-20,0.11264157344344156
456.25,62.35803996676242,2.7192449334714085e-20,0.11236032122159577
456.5,62.417445084413544,2.7498318108192265e-20,0.11207977125212339
456.75,62.47681093875143,2.780794227615824e-20,0.11179992178158617
457.0,62.53613738422618,2.812137044313953e-20,0.111520771060924
457.25,62.595424275990766,2.843865186794339e-20,0.11124231734544401
457.5,62.65467146953795,2.875983647275204e-20,0.11096455889480954
457.75,62.7138788199967,2.908497485237946e-20,0.11068749397302938
458.0,62.77304618211651,2.9414118283609024e-20,0.11041112084844686
458.25,62.83217341121274,2.9747318734600676e-20,0.11013543779372904
458.5,62.89126036422127,3.008462887442566e-20,0.10986044308585595
458.75,62.950306900010546,3.042610208278685e-20,0.10958613500610977
459.0,63.00931287809947,3.077179245998276e-20,0.1093125118400641
459.25,63.068278154929125,3.112175483717329e-20,0.10903957187757327
459.5,63.12720258573255,3.1476044786417813e-20,0.10876731341276162
459.75,63.18608603113838,3.183471863055221e-20,0.10849573474401286
460.0,63.244928350964436,3.219783345404281e-20,0.10822483417395942
460.25,63.30372940530642,3.256544711352499e-20,0.10795461000947187
460.5,63.3624890536921,3.293761824861843e-20,0.1076850605616483
460.75,63.421207155674175,3.331440629279185e-20,0.10741618414580377
461.0,63.479883571977346,3.3695871484343415e-20,0.10714797908145982
461.25,63.53851816531403,3.4082074877562884e-20,0.1068804436923339
461.5,63.59711079998348,3.4473078354141855e-20,0.10661357630632899
461.75,63.65566133936868,3.486894463489821e-20,0.10634737525552304
462.0,63.714169642223915,3.526973729175193e-20,0.10608183887615863
462.25,63.772635572476474,3.567552075889437e-20,0.1058169655086325
462.5,63.831058994764,3.608636034515411e-20,0.10555275349748526
462.75,63.88943977408179,3.650232224623528e-20,0.10528920119139099
463.0,63.94777777501736,3.6923473557175933e-20,0.10502630694314688
463.25,64.00607286175229,3.734988228491676e-20,0.10476406910966306
463.5,64.06432489908536,3.778161736096861e-20,0.1045024860519522
463.75,64.1225337535581,3.821874865425437e-20,0.10424155613511935
464.0,64.18069929376327,3.866134698420064e-20,0.10398127772835167
464.25,64.2388213889177,3.9109484134154843e-20,0.10372164920490826
464.5,64.29689990478181,3.956323286520303e-20,0.10346266894211002
464.75,64.35493470626176,4.002266692964903e-20,0.10320433532132947
465.0,64.41292566367346,4.048786108440737e-20,0.10294664672798064
465.25,64.47087264657621,4.0958891105561986e-20,0.10268960155150895
465.5,64.5287755247503,4.143583380258293e-20,0.10243319818538124
465.75,64.58663416735952,4.191876703288791e-20,0.10217743502707564
466.0,64.644448443625,4.2407769716479873e-20,0.10192231047807156
466.25,64.70221822405767,4.2902921850746774e-20,0.10166782294383975
466.5,64.75994338129664,4.340430452550959e-20,0.10141397083383229
466.75,64.81762378960059,4.3911999938404817e-20,0.10116075256147267
467.0,64.87525932203964,4.4426091410687546e-20,0.10090816654414585
467.25,64.93284984680238,4.4946663403333736e-20,0.1006562112031884
467.5,64.99039523801382,4.547380153210786e-20,0.10040488496387864
467.75,65.0478953701616,4.600759258428308e-20,0.10015418625542674
468.0,65.10535011815219,4.654812453510344e-20,0.09990411351096495
468.25,65.16275935639898,4.7095486564585686e-20,0.09965466516753782
468.5,65.22012295891042,4.764976907445857e-20,0.09940583966609239
468.75,65.27744080041673,4.8211063705246204e-20,0.09915763545146845
469.0,65.3347127575485,4.8779463353593753e-20,0.09891005097238886
469.25,65.39193870908129,4.935506218993378e-20,0.09866308468144983
469.5,65.44911853425955,4.993795567659151e-20,0.09841673503511122
469.75,65.50625210826094,5.0528240586422676e-20,0.09817100049368695
470.0,65.56333930641266,5.1126015020870766e-20,0.09792587952133533
470.25,65.62038000899321,5.173137842824433e-20,0.09768137058604949
470.5,65.67737409571467,5.2344431623229645e-20,0.09743747215964779
470.75,65.73432144637268,5.29652768061173e-20,0.09719418271776427
471.0,65.79122194010029,5.3594017582432267e-20,0.09695150073983912
471.25,65.84807545616403,5.423075898268258e-20,0.09670942470910918
471.5,65.90488187528257,5.487560748233876e-20,0.09646795311259848
471.75,65.9616410804484,5.552867102215606e-20,0.09622708444110878
472.0,66.01835295623273,5.619005902895182e-20,0.09598681718921005
472.25,66.07501738555423,5.685988243694994e-20,0.09574714985523122
472.5,66.13163424636159,5.753825370943553e-20,0.09550808094125067
472.75,66.18820342350084,5.822528685911622e-20,0.09526960895308689
473.0,66.24472480160719,5.892109747079157e-20,0.0950317324002892
473.25,66.3011982658047,5.962580272351872e-20,0.09479444979612836
473.5,66.35762370061515,6.03395214133087e-20,0.09455775965758731
473.75,66.4140009901851,6.106237397598807e-20,0.09432166050535193
474.0,66.47033001953132,6.179448251027258e-20,0.09408615086380175
474.25,66.52661067575157,6.253597080118059e-20,0.09385122926100074
474.5,66.58284284814835,6.328696434391429e-20,0.09361689422868812
474.75,66.63902642621255,6.404759036833675e-20,0.09338314430226916
475.0,66.6951612946363,6.481797786414655e-20,0.09314997802080607
475.25,66.75124733973323,6.559825760507221e-20,0.09291739392700883
475.5,66.80728445197362,6.638856217389333e-20,0.09268539056722612
475.75,66.86327252151146,6.718902598861675e-20,0.09245396649143614
476.0,66.91921143839957,6.799978532852042e-20,0.09222312025323771
476.25,66.97510109199338,6.882097836065399e-20,0.09199285040984105
476.5,67.03094137189487,6.965274516652298e-20,0.09176315552205892
476.75,67.08673216935073,7.049522776910292e-20,0.0915340341542975
477.0,67.14247337801955,7.134857016032934e-20,0.09130548487454752
477.25,67.19816489302248,7.221291832920974e-20,0.09107750625437523
477.5,67.25380660719185,7.308842029070369e-20,0.09085009686891349
477.75,67.30939840861511,7.397522611484403e-20,0.09062325529685292
478.0,67.36494019313687,7.487348795435333e-20,0.09039698012043296
478.25,67.42043185578032,7.57833600753864e-20,0.090171269925433
478.5,67.47587329209482,7.670499888743872e-20,0.08994612330116361
478.75,67.53126439691393,7.763856297404418e-20,0.08972153884045765
479.0,67.58660506475212,7.858421312367631e-20,0.08949751513966149
479.25,67.64189519117224,7.954211236096017e-20,0.0892740507986263
479.5,67.69713467400594,8.051242597836187e-20,0.0890511444206992
479.75,67.75232341330924,8.149532156852242e-20,0.08882879461271462
480.0,67.80746130893547,8.249096905740249e-20,0.08860699998498552
480.25,67.86254825521567,8.349954073831713e-20,0.08838575915129475
480.5,67.91758414980846,8.452121130442452e-20,0.0881650707288864
480.75,67.97256889355359,8.555615788300343e-20,0.0879449333384571
481.0,68.02750238722156,8.660456007063965e-20,0.08772534560414744
481.25,68.08238453128278,8.766659996854283e-20,0.08750630615353337
481.5,68.13721522549157,8.874246221837704e-20,0.08728781361761762
481.75,68.19199436998598,8.983233403837141e-20,0.08706986663082111
482.0,68.24672186675367,9.093640525990119e-20,0.08685246383097449
482.25,68.30139762031409,9.205486836472972e-20,0.08663560385930952
482.5,68.3560215364674,9.318791852310138e-20,0.0864192853604507
482.75,68.4105935179604,9.433575363287632e-20,0.08620350698240668
483.0,68.46511346342994,9.549857435870007e-20,0.08598826737656191
483.25,68.51958127974386,9.667658416963223e-20,0.08577356519766817
483.5,68.57399687249998,9.786998938078118e-20,0.08555939910383611
483.75,68.62836014779337,9.907899919377433e-20,0.08534576775652698
484.0,68.68267101089963,1.0030382573832401e-19,0.08513266982054414
484.25,68.73692936684822,1.0154468411406026e-19,0.0849201039640248
484.5,68.79113512190574,1.0280179243281525e-19,0.08470806885843167
484.75,68.84528818478736,1.0407537186157696e-19,0.08449656317854465
485.0,68.899388466416,1.0536564666632932e-19,0.08428558560245254
485.25,68.95343587704778,1.066728442569964e-19,0.08407513481154483
485.5,69.00743032081105,1.0799719523348953e-19,0.08386520949050336
485.75,69.0613717068405,1.0933893342948936e-19,0.0836558083272942
486.0,69.1152599464655,1.1069829595935853e-19,0.0834469300131594
486.25,69.16909495114962,1.1207552326556863e-19,0.08323857324260885
486.5,69.22287663186967,1.1347085916663175e-19,0.083030736713412
486.75,69.2766048988797,1.148845509056238e-19,0.0828234191265899
487.0,69.33027966295961,1.1631684919912615e-19,0.08261661918640693
487.25,69.38390083693675,1.177680082868331e-19,0.08241033560036283
487.5,69.43746833626874,1.192382859820743e-19,0.0822045670791845
487.75,69.49098207747595,1.2072794372349983e-19,0.081999312336818
488.0,69.54444197321195,1.2223724662817647e-19,0.08179457009042052
488.25,69.59784793299951,1.237664635443288e-19,0.08159033906035237
488.5,69.65119987456913,1.2531586710280315e-19,0.08138661797016894
488.75,69.70449771421355,1.2688573377337115e-19,0.08118340554661276
489.0,69.75774136862104,1.2847634391964806e-19,0.08098070051960551
489.25,69.81093075357074,1.300879818554376e-19,0.08077850162224012
489.5,69.86406578466816,1.317209359014519e-19,0.08057680759077282
489.75,69.91714637893207,1.3337549844267995e-19,0.08037561716461525
490.0,69.97017245599088,1.3505196598668747e-19,0.0801749290863266
490.25,70.02314393764685,1.367506392231326e-19,0.07997474210160573
490.5,70.07606074456675,1.3847182308478055e-19,0.07977505495928333
490.75,70.12892279083957,1.4021582680986505e-19,0.0795758664113141
491.0,70.18172999697738,1.4198296400132747e-19,0.07937717521276899
491.25,70.2344822848602,1.4377355269090297e-19,0.07917898012182735
491.5,70.28717957664178,1.4558791540324064e-19,0.0789812798997692
491.75,70.33982179383152,1.4742637922100732e-19,0.07878407331096754
492.0,70.3924088572082,1.4928927585070758e-19,0.07858735912288053
492.25,70.44494068819823,1.511769416891135e-19,0.07839113610604385
492.5,70.49741721044772,1.5308971789062891e-19,0.07819540303406301
492.75,70.54983835031761,1.5502795043591155e-19,0.07800015868360569
493.0,70.60220403503091,1.5699199020207775e-19,0.07780540183439404
493.25,70.6545141872012,1.589821930348137e-19,0.07761113126919712
493.5,70.7067687273204,1.6099891981957837e-19,0.07741734577382328
493.75,70.75896758378126,1.6304253655206779e-19,0.07722404413711254
494.0,70.81111068359337,1.6511341441436372e-19,0.07703122515092903
494.25,70.86319795402582,1.6721192984961313e-19,0.07683888761015346
494.5,70.91522932135821,1.6933846463850603e-19,0.0766470303126756
494.75,70.96720471174339,1.7149340597629962e-19,0.07645565205938668
495.0,71.01912405288591,1.7367714655075836e-19,0.07626475165417201
495.25,71.07098727523704,1.7589008462138065e-19,0.07607432790390345
495.5,71.12279431140715,1.7813262410028209e-19,0.07588437961843192
495.75,71.17454509249619,1.804051746351058e-19,0.07569490561058001
496.0,71.22623954266855,1.827081516936116e-19,0.0755059046961346
496.25,71.27787759350579,1.8504197664412588e-19,0.0753173756938393
496.5,71.32945917744087,1.8740707684290422e-19,0.07512931742538727
496.75,71.3809842272505,1.8980388572108723e-19,0.07494172871541371
497.0,71.4324526749484,1.9223284287320434e-19,0.07475460839148858
497.25,71.48386445178814,1.9469439414660027e-19,0.07456795528410923
497.5,71.53521948974253,1.9718899173173216e-19,0.07438176822669314
497.75,71.58651772313347,1.9971709425376022e-19,0.07419604605557059
498.0,71.63775908908514,2.0227916686585585e-19,0.07401078760997742
498.25,71.6889435254743,2.0487568134465006e-19,0.07382599173204774
498.5,71.7400709650513,2.0750711618824565e-19,0.07364165726680669
498.75,71.7911413389339,2.101739567127861e-19,0.07345778306216329
499.0,71.84215458609194,2.128766951487004e-19,0.07327436796890313
499.25,71.89311064413886,2.1561583074397093e-19,0.07309141084068131
499.5,71.94400945086242,2.1839186986576827e-19,0.07290891053401519
499.75,71.99485094298062,2.2120532610441705e-19,0.07272686590827722
500.0,72.04563505707611,2.2405672037815086e-19,0.07254527582568791
500.25,72.09636173135648,2.2694658103913965e-19,0.07236413915130868
500.5,72.14703090688685,2.2987544398127395e-19,0.0721834547530347
500.75,72.19764252694202,2.328438527501899e-19,0.0720032215015879
501.0,72.24819653312473,2.358523586560193e-19,0.07182343827050987
501.25,72.29869285971625,2.3890152088838145e-19,0.07164410393615482
501.5,72.34913144886008,2.4199190662597787e-19,0.07146521737768259
501.75,72.39951224349296,2.451240911554321e-19,0.07128677747705162
502.0,72.44983518689033,2.482986579895744e-19,0.07110878311901192
502.25,72.5001002214958,2.5151619898786047e-19,0.0709312331910982
502.5,72.5503072889189,2.5477731447806654e-19,0.07075412658362282
502.75,72.60045633147709,2.5808261337919863e-19,0.07057746218966889
503.0,72.6505472939037,2.614327133261681e-19,0.0704012389050834
503.25,72.70058012384312,2.6482824079678834e-19,0.07022545562847024
503.5,72.75055476975486,2.6826983124164453e-19,0.07005011126118335
503.75,72.80047117484763,2.7175812921739176e-19,0.06987520470731988
504.0,72.85032928009296,2.7529378851851006e-19,0.06970073487371328
504.25,72.90012903506738,2.788774723081173e-19,0.06952670066992654
504.5,72.94987038774636,2.825098532586501e-19,0.06935310100824531
504.75,72.9995532863309,2.8619161369017344e-19,0.06917993480367113
505.0,73.04917767786661,2.89923445711957e-19,0.06900720097391468
505.25,73.0987435091693,2.9370605136515557e-19,0.06883489843938893
505.5,73.14825072865574,2.9754014276722563e-19,0.06866302612320252
505.75,73.19769928767694,3.0142644225871153e-19,0.06849158295115289
506.0,73.24708913995077,3.0536568255303417e-19,0.06832056785171965
506.25,73.29642023769117,3.093586068899154e-19,0.06814997975605788
506.5,73.34569252534773,3.1340596919207096e-19,0.06797981759799143
506.75,73.39490595485701,3.1750853421499507e-19,0.06781008031400626
507.0,73.4440604795867,3.216670777081804e-19,0.06764076684324379
507.25,73.49315605312363,3.258823865765507e-19,0.06747187612749428
507.5,73.54219262823086,3.3015525904442386e-19,0.06730340711119019
507.75,73.59117015670247,3.344865048213865e-19,0.06713535874139964
508.0,73.64008859091076,3.388769452698201e-19,0.06696772996781976
508.25,73.68894788561964,3.433274135748014e-19,0.06680051974277017
508.5,73.73774799863818,3.4783875491710334e-19,0.06663372702118643
508.75,73.786488888888,3.5241182665001907e-19,0.06646735076061347
509.0,73.83517051045838,3.5704749848073496e-19,0.06630138992119913
509.25,73.88379281327674,3.6174665265114974e-19,0.06613584346568763
509.5,73.93235575738451,3.66510184114931e-19,0.06597071035941307
509.75,73.98085930083325,3.7133900072981173e-19,0.065805989570293
510.0,74.02930340208725,3.762340234458903e-19,0.06564168006882197
510.25,74.07768801837881,3.811961864987215e-19,0.06547778082806505
510.5,74.12601310650437,3.8622643760394226e-19,0.06531429082365144
510.75,74.17427862470122,3.9132573815421835e-19,0.06515120903376809
511.0,74.22248453415648,3.964950634193417e-19,0.06498853443915327
511.25,74.27063079870022,4.017354027503061e-19,0.06482626602309026
511.5,74.3187173812344,4.070477597881921e-19,0.06466440277140091
511.75,74.36674423667031,4.124331526780203e-19,0.06450294367243938
512.0,74.41471132555303,4.178926142745277e-19,0.06434188771708578
512.25,74.46261861164587,4.234271923598576e-19,0.06418123389873985
512.5,74.51046605856546,4.2903794986480844e-19,0.06402098121331472
512.75,74.55825362925714,4.347259650921511e-19,0.06386112865923056
513.0,74.60598128550527,4.404923319430946e-19,0.06370167523740841
513.25,74.6536489893899,4.463381601459378e-19,0.06354261995126385
513.5,74.70125670522137,4.522645754878573e-19,0.06338396180670085
513.75,74.74880440048341,4.5827272005078e-19,0.06322569981210545
514.0,74.79629204431592,4.643637524522882e-19,0.06306783297833969
514.25,74.84371960206852,4.705388480925101e-19,0.06291036031873534
514.5,74.89108703225429,4.767991994031513e-19,0.06275328084908778
514.75,74.93839430449137,4.831460160874992e-19,0.0625965935876498
515.0,74.98564138673817,4.895805253827354e-19,0.06244029755512551
515.25,75.03282824750715,4.961039723170551e-19,0.06228439177466419
515.5,75.0799548540702,5.027176199732451e-19,0.06212887527185421
515.75,75.12702117293891,5.094227497545769e-19,0.06197374707471693
516.0,75.17402717172253,5.162206616537316e-19,0.061819006213700595
516.25,75.2209728208747,5.231126745258426e-19,0.06166465172167433
516.5,75.26785809384104,5.301001263667454e-19,0.06151068263392206
516.75,75.31468296411852,5.371843745975181e-19,0.06135709798813648
517.0,75.36144739790952,5.443667963562828e-19,0.06120389682441306
517.25,75.4081513626098,5.516487887833448e-19,0.06105107818524402
517.5,75.45479483249476,5.590317693127778e-19,0.060898641115512374
517.75,75.50137778074858,5.665171759774701e-19,0.06074658466248594
518.0,75.54790018032993,5.741064677130453e-19,0.060594907875811385
518.25,75.59436200283798,5.818011246675911e-19,0.060443609807508306
518.5,75.64076321971146,5.896026485141957e-19,0.06029268951196328
518.75,75.68710380425433,5.975125627675371e-19,0.060142146045923967
519.0,75.73338373298125,6.055324131057702e-19,0.05999197846849322
519.25,75.77960298477626,6.136637676989561e-19,0.05984218584112318
519.5,75.82576153635824,6.219082175452812e-19,0.059692767227609446
519.75,75.8718593556813,6.302673768138451e-19,0.0595437216940852
520.0,75.91789641982906,6.387428831734907e-19,0.059395048309015375
520.25,75.9638727067508,6.473363981470844e-19,0.05924674614319082
520.5,76.0097881946522,6.560496074649356e-19,0.05909881426972252
520.75,76.05564286070609,6.648842214244715e-19,0.05895125176403579
521.0,76.1014366809225,6.738419752541032e-19,0.05880405770386448
521.25,76.14716963184084,6.829246294809439e-19,0.05865723116924523
521.5,76.19284169252099,6.921339703038037e-19,0.05851077124251174
521.75,76.23845284530985,7.014718099728913e-19,0.05836467700828898
522.0,76.2840030738598,7.109399871776462e-19,0.058218947553487506
522.25,76.32949235687575,7.205403674441296e-19,0.05807358196729776
522.5,76.3749206670504,7.302748435336767e-19,0.05792857934118435
522.75,76.42028798891012,7.401453358310434e-19,0.0577839387688804
523.0,76.4655943046419,7.501537927664463e-19,0.05763965934638184
523.25,76.51083959695809,7.603021912290991e-19,0.05749574017194183
523.5,76.55602384715465,7.705925369913773e-19,0.05735218034606506
523.75,76.60114703576187,7.810268651367092e-19,0.05720897897150214
524.0,76.6462091445336,7.916072404925708e-19,0.057066135153244026
524.25,76.69121015823623,8.023357580702232e-19,0.056923647998516375
524.5,76.73615006469858,8.132145435128234e-19,0.05678151661677402
524.75,76.78102885158397,8.24245753553548e-19,0.056639740119695345
525.0,76.82584649856798,8.354315764851372e-19,0.0564983176211768
525.25,76.87060298700702,8.46774232618861e-19,0.056357248237327295
525.5,76.91529830528026,8.582759747551107e-19,0.05621653108646274
525.75,76.95993244058573,8.699390886740693e-19,0.05607616528910046
526.0,77.00450537982769,8.817658936253356e-19,0.055936149967953784
526.25,77.04901710841263,8.937587428268107e-19,0.055796484247926485
526.5,77.09346761148494,9.0592002396831e-19,0.05565716725610737
526.75,77.13785687604958,9.18252159721773e-19,0.055518198121764784
527.0,77.1821848924291,9.307576082599482e-19,0.055379575976341175
527.25,77.22645165350204,9.434388637854278e-19,0.055241299953447696
527.5,77.2706571501703,9.562984570719088e-19,0.05510336918885875
527.75,77.31480136389612,9.693389560168167e-19,0.0549657828205066
528.0,77.35888428468958,9.825629661733503e-19,0.054828539988476005
528.25,77.40290590442866,9.959731313188e-19,0.05469163983499881
528.5,77.4468662150241,1.0095721340254872e-18,0.05455508150444863
528.75,77.49076520739068,1.0233626962401464e-18,0.05441886414333543
529.0,77.53460287106363,1.0373475798708662e-18,0.05428298690030028
529.25,77.57837919585313,1.0515295873802499e-18,0.05414744892610995
529.5,77.62209417397149,1.0659115623869432e-18,0.05401224937365168
529.75,77.66574780106772,1.0804963902776866e-18,0.05387738739792781
530.0,77.70934007460446,1.0952869988320393e-18,0.05374286215605056
530.25,77.75287098801186,1.110286358861928e-18,0.053608672807236725
530.5,77.79634052618464,1.1254974848589342e-18,0.05347481851280245
530.75,77.8397486864085,1.140923435618764e-18,0.053341298436157945
531.0,77.88309546436463,1.1565673149200827e-18,0.05320811174280231
531.25,77.92638085628292,1.1724322721927412e-18,0.05307525760031827
531.5,77.9696048569876,1.1885215032019479e-18,0.052942735178367
531.75,78.01276746015796,1.2048382507393356e-18,0.052810543648682935
532.0,78.05586866026587,1.2213858053220173e-18,0.05267868218506859
532.25,78.09890845461383,1.238167505902097e-18,0.05254714996338937
532.5,78.14188684389731,1.255186740589106e-18,0.05241594616156848
532.75,78.1848038297151,1.2724469473878347e-18,0.05228506995958172
533.0,78.22765940745148,1.2899516149540245e-18,0.05215452053945241
533.25,78.27045356738715,1.3077042833491751e-18,0.052024297085246245
533.5,78.31318631216367,1.325708544783248e-18,0.05189439878306622
533.75,78.35585764161192,1.343968044415916e-18,0.0517648248210475
534.0,78.39846755601964,1.3624864811434176e-18,0.05163557438935243
534.25,78.44101605406055,1.3812676084053494e-18,0.05150664668016537
534.5,78.48350313354881,1.4003152349988714e-18,0.051378040887687736
534.75,78.52592879355434,1.4196332259029801e-18,0.051249756208132886
535.0,78.56829303629338,1.4392255031156785e-18,0.05112179183972117
535.25,78.61059586720846,1.4590960465068831e-18,0.05099414698267486
535.5,78.65283729165209,1.479248894689898e-18,0.0508668208392132
535.75,78.69501730666846,1.4996881459141567e-18,0.05073981261354736
536.0,78.73713590953177,1.520417958943203e-18,0.050613121511875525
536.25,78.7791931063569,1.5414425539466e-18,0.050486746742377894
536.5,78.8211889014454,1.5627662134364692e-18,0.05036068751521174
536.75,78.8631232989695,1.5843932831987721e-18,0.0502349430425065
537.0,78.90499630140611,1.6063281732439042e-18,0.050109512538358804
537.25,78.94680791065919,1.6285753587665262e-18,0.04998439521882758
537.5,78.9885581302769,1.651139381117887e-18,0.04985959030192919
537.75,79.03024696717009,1.6740248487938921e-18,0.04973509700763249
538.0,79.0718744312382,1.6972364384421758e-18,0.049610914557853984
538.25,79.11344053130898,1.720778895891431e-18,0.04948704217645296
538.5,79.15494526651669,1.744657037204864e-18,0.04936347908922663
538.75,79.19638864072549,1.7688757497054823e-18,0.04924022452390529
539.0,79.23777066339224,1.7934399930435886e-18,0.04911727771014752
539.25,79.27909134306755,1.818354800293227e-18,0.04899463787953532
539.5,79.32035068769017,1.8436252790538842e-18,0.048872304265569357
539.75,79.3615487034908,1.869256612570983e-18,0.04875027610366414
540.0,79.4026853963789,1.8952540608679358e-18,0.04862855263114327
540.25,79.44376077421262,1.9216229618935075e-18,0.04850713308723464
540.5,79.48477484835145,1.94836873268822e-18,0.0483860167130657
540.75,79.5257276328917,1.9754968705735433e-18,0.04826520275165872
541.0,79.56661913998452,2.0030129543676124e-18,0.04814469044792606
541.25,79.60744937136329,2.0309226456274158e-18,0.04802447904866542
541.5,79.64821833667966,2.0592316898513783e-18,0.04790456780255516
541.75,79.6889260488451,2.087945917751014e-18,0.04778495596014961
542.0,79.72957252040871,2.117071246538339e-18,0.047665642773874355
542.25,79.77015776299066,2.146613681228014e-18,0.047546627498021604
542.5,79.8106817865148,2.1765793159588502e-18,0.04742790938874549
542.75,79.85114460077524,2.206974335329566e-18,0.04730948770405744
543.0,79.89154621773253,2.2378050157530816e-18,0.047191361703821544
543.25,79.93188665293391,2.2690777268336645e-18,0.047073530649749916
543.5,79.97216592445304,2.300798932771213e-18,0.046955993805398076
543.75,80.01238404774368,2.3329751937969885e-18,0.04683875043616038
544.0,80.05254102751886,2.36561316763827e-18,0.04672179980926538
544.25,80.09263687841919,2.3987196109336306e-18,0.046605141193771266
544.5,80.13267161686659,2.432301380742125e-18,0.046488773860561335
544.75,80.1726452592189,2.4663654360584557e-18,0.046372697082339355
545.0,80.21255782071192,2.5009188393512772e-18,0.046256910133625095
545.25,80.25240931488942,2.5359687581225857e-18,0.04614141229074975
545.5,80.29219975527909,2.5715224664844205e-18,0.046026202831851416
545.75,80.33192915770623,2.6075873467578148e-18,0.04591128103687061
546.0,80.37159754163669,2.6441708910989408e-18,0.04579664618754573
546.25,80.41120492894052,2.681280703157399e-18,0.0456822975674086
546.5,80.45075133846821,2.7189244997715915e-18,0.04556823446177998
546.75,80.49023677814034,2.757110112696617e-18,0.045454456157765076
547.0,80.5296612668218,2.79584549027368e-18,0.04534096194424912
547.25,80.5690248244705,2.8351386992159995e-18,0.045227751111892915
547.5,80.60832747109959,2.8749979263954117e-18,0.04511482295312838
547.75,80.64756922550619,2.9154314806591994e-18,0.045002176762154164
548.0,80.68675010477237,2.95644779467107e-18,0.0448898118349312
548.25,80.72587012598758,2.998055426772912e-18,0.04477772746917833
548.5,80.7649293085827,3.0402630628730037e-18,0.0446659229643679
548.75,80.80392767566515,3.083079518366379e-18,0.0445543976217214
549.0,80.84286525274513,3.1265137400930303e-18,0.044443150744205066
549.25,80.88174206224227,3.1705748083396385e-18,0.04433218163652556
549.5,80.92055811542278,3.2152719388797858e-18,0.04422148960512559
549.75,80.95931343461521,3.2606144849464135e-18,0.0441110739581796
550.0,80.99800804333248,3.306611939340064e-18,0.044000934005589444
550.25,81.03664196510373,3.353273936539096e-18,0.04389106905898005
550.5,81.07521522224157,3.4006102548451134e-18,0.04378147843169515
550.75,81.1137278352843,3.4486308185573736e-18,0.04367216143879297
551.0,81.15217982470263,3.497345700171857e-18,0.043563117397041946
551.25,81.19057121326018,3.5467651226115354e-18,0.04345434562491646
551.5,81.22890202741736,3.596899461494393e-18,0.043345845442592575
551.75,81.26717229616811,3.64775924744575e-18,0.043237616171943806
552.0,81.30538204569899,3.699355168461444e-18,0.04312965713653687
552.25,81.34353129080654,3.751698072318755e-18,0.04302196766162742
552.5,81.38162005643719,3.80479896891108e-18,0.04291454707415591
552.75,81.41964836970521,3.858669032730288e-18,0.04280739470274331
553.0,81.45761625750815,3.913319605363588e-18,0.04270050987768694
553.25,81.4955237456343,3.968762198026434e-18,0.042593891930956314
553.5,81.53337085800602,4.025008494131923e-18,0.04248754019618891
553.75,81.57115761830005,4.0820703518891415e-18,0.04238145400868603
554.0,81.6088840523355,4.139959806938022e-18,0.04227563270540867
554.25,81.64655018962043,4.1986890750282316e-18,0.04217007562497333
554.5,81.68415606244733,4.258270554749652e-18,0.04206478210764793
554.75,81.72170170092875,4.3187168303219906e-18,0.04195975149534762
555.0,81.75918712378356,4.380040674444865e-18,0.041854983131630746
555.25,81.79661235753916,4.4422550510684956e-18,0.04175047636169469
555.5,81.83397743302983,4.505373118306757e-18,0.041646230532371806
555.75,81.87128238033578,4.569408231398045e-18,0.04154224499212531
556.0,81.90852722868323,4.634373945694362e-18,0.041438519091045255
556.25,81.94571200532764,4.7002840196988495e-18,0.0413350521808444
556.5,81.98283673699909,4.767152418136991e-18,0.04123184361485423
556.75,82.01990145230292,4.8349933150701516e-18,0.041128892748020875
557.0,82.05690618346945,4.903821097060179e-18,0.04102619893690108
557.25,82.09385096584603,4.973650366393736e-18,0.04092376153965818
557.5,82.1307358335249,5.0444959443750726e-18,0.04082157991605813
557.75,82.16756080986966,5.116372874694069e-18,0.04071965342746543
558.0,82.20432592169334,5.189296426727462e-18,0.04061798143683921
558.25,82.24103120379957,5.263282098941508e-18,0.04051656330872918
558.5,82.277676689184,5.338345622413401e-18,0.040415398409271726
558.75,82.31426241046299,5.414502964355748e-18,0.04031448610618589
559.0,82.35078839820457,5.49177033170929e-18,0.040213825768769446
559.25,82.38725468208102,5.570164174774358e-18,0.04011341676789497
559.5,82.42366129324044,5.649701190891072e-18,0.04001325847600586
559.75,82.46000826629523,5.7303983281783155e-18,0.039913350267112485
560.0,82.49629563932513,5.8122727893415134e-18,0.0398136915167882
560.25,82.53252345029226,5.895342035559229e-18,0.0397142816021655
560.5,82.56869172826624,5.97962379045862e-18,0.039615119901932096
560.75,82.60480049883165,6.0651360440693535e-18,0.039516205796327024
561.0,82.64084980119883,6.151897056774298e-18,0.03941753866713682
561.25,82.67683967087933,6.239925363513858e-18,0.039319117897691595
561.5,82.71277014379483,6.3292397779356266e-18,0.03922094287286123
561.75,82.74864125383834,6.419859396645953e-18,0.039123012979051484
562.0,82.78445303357502,6.511803603505662e-18,0.039025327604200216
562.25,82.82020551650321,6.60509207398143e-18,0.0389278861377735
562.5,82.85589873927937,6.699744779564353e-18,0.038830687970761876
562.75,82.89153274231026,6.795781992267299e-18,0.038733732495676465
563.0,82.92710756711556,6.8932242892125905e-18,0.03863701910654524
563.25,82.96262324886459,6.992092557321604e-18,0.0385405471989092
563.5,82.9980798129303,7.092407998048457e-18,0.03844431616981862
563.75,83.0334773010191,7.19419213199293e-18,0.03834832541782923
564.0,83.06881575145677,7.297466803885807e-18,0.038252574342998544
564.25,83.10409520329453,7.402254187493061e-18,0.03815706234688202
564.5,83.13931569378367,7.508576790643398e-18,0.03806178883252937
564.75,83.17447725841113,7.616457460312238e-18,0.03796675320448083
565.0,83.20957993291569,7.725919387768644e-18,0.0378719548687634
565.25,83.24462375569527,7.836986113798518e-18,0.03777739323288718
565.5,83.27960876901572,7.949681534017433e-18,0.03768306770584164
565.75,83.3145350174319,8.064029904286468e-18,0.037588977698091934
566.0,83.34940254183137,8.18005584624438e-18,0.0374951226215752
566.25,83.3842113706336,8.297784352945366e-18,0.0374015018896969
566.5,83.41896154432223,8.41724079432876e-18,0.03730811491732716
566.75,83.45365310492483,8.538450923043589e-18,0.037214961120797106
567.0,83.48828609425811,8.661440880289765e-18,0.03712203991789519
567.25,83.52286055294611,8.786237201751462e-18,0.03702935072786361
567.5,83.55737651950926,8.91286682361739e-18,0.036936892971394616
567.75,83.59183403193396,9.041357088671554e-18,0.036844666070626926
568.0,83.62623313014153,9.171735752469906e-18,0.03675266944914212
568.25,83.6605738577756,9.304030989618299e-18,0.036660902531961005
568.5,83.69485626172727,9.438271400167204e-18,0.03656936474554005
568.75,83.72908038781681,9.574486016138592e-18,0.0364780555177678
569.0,83.7632462711181,9.712704308199812e-18,0.03638697427796128
569.25,83.79735394730677,9.852956192252003e-18,0.036296120456862445
569.5,83.83140346325139,9.99527203613289e-18,0.03620549348663461
569.75,83.86539486281576,1.0139682666633101e-17,0.036115092800858936
570.0,83.89932818990565,1.0286219376476222e-17,0.03602491783453082
570.25,83.93320348624715,1.0434913931452509e-17,0.03593496802405644
570.5,83.96702079222537,1.0585798577630618e-17,0.03584524280724919
570.75,84.00078014921225,1.0738906048665183e-17,0.03575574162332617
571.0,84.03448160181256,1.0894269573218067e-17,0.03566646391290468
571.25,84.06812519845745,1.1051922882511124e-17,0.035577409117998754
571.5,84.1017109887743,1.1211900218028313e-17,0.035488576682015625
571.75,84.1352390161622,1.137423633938498e-17,0.03539996604975228
572.0,84.16870931283489,1.1538966532290944e-17,0.03531157666739198
572.25,84.20212192798179,1.1706126616299301e-17,0.0352234079825008
572.5,84.23547690774882,1.187575295316803e-17,0.035135459444024165
572.75,84.26877429896344,1.204788245510407e-17,0.035047730502283436
573.0,84.3020141467165,1.2222552593206142e-17,0.03496022060897243
573.25,84.33519649408761,1.2399801406009534e-17,0.034872929217154035
573.5,84.3683213840308,1.2579667508136728e-17,0.034785855781256765
573.75,84.40138886186115,1.2762190099074543e-17,0.034698999757071365
574.0,84.43439897678232,1.294740897209835e-17,0.0346123606017474
574.25,84.46735178089607,1.3135364523364058e-17,0.03452593777378986
574.5,84.5002473241336,1.3326097761188449e-17,0.03443973073305579
574.75,84.53308564411644,1.3519650315531654e-17,0.03435373894075092
575.0,84.56586678389417,1.371606444729139e-17,0.03426796185942626
575.25,84.59859079432925,1.3915383057932422e-17,0.03418239895297477
575.5,84.63125772426025,1.4117649699396136e-17,0.034097049686628
575.75,84.66386762212824,1.4322908584040572e-17,0.03401191352695277
576.0,84.69642053409262,1.4531204594772788e-17,0.033926989941847806
576.25,84.72891650505922,1.4742583295296747e-17,0.03384227840054041
576.5,84.76135558107372,1.495709094050055e-17,0.03375777837358318
576.75,84.79373781153376,1.517477448700696e-17,0.03367348933285068
577.0,84.82606324967259,1.5395681603911015e-17,0.03358941075153612
577.25,84.85833194976726,1.5619860683728706e-17,0.03350554210414809
577.5,84.89054395952482,1.584736085358048e-17,0.03342188286650729
577.75,84.92269931515108,1.6078231986507296e-17,0.03333843251574319
578.0,84.95479807053883,1.6312524712492915e-17,0.03325519053029085
578.25,84.98684027627894,1.655029043035022e-17,0.03317215638988757
578.5,85.01882598367598,1.679158131944026e-17,0.03308932957556971
578.75,85.05075524228843,1.7036450351674725e-17,0.03300670956966941
579.0,85.08262809955195,1.7284951303666404e-17,0.032924295855811365
579.25,85.11444460261386,1.7537138769031502e-17,0.03284208791890959
579.5,85.146204800846,1.7793068170871415e-17,0.032760085245164224
579.75,85.17790874750285,1.8052795774461692e-17,0.032678287322058276
580.0,85.20955649899206,1.8316378700175755e-17,0.03259669363835447
580.25,85.24114811022433,1.858387493667112e-17,0.03251530368409201
580.5,85.27268362456236,1.8855343354364858e-17,0.032434116950583416
580.75,85.3041630860746,1.9130843718753286e-17,0.032353132930411345
581.0,85.33558655102367,1.9410436703963196e-17,0.03227235111742541
581.25,85.36695407211012,1.969418390693309e-17,0.032191771006739
581.5,85.39826570222355,1.9982147861515288e-17,0.03211139209472618
581.75,85.42952149196547,2.0274392052896958e-17,0.032031213879018486
582.0,85.46072149030891,2.0570980932184205e-17,0.0319512358585018
582.25,85.49186574687725,2.0871979931181363e-17,0.03187145753331324
582.5,85.52295431432431,2.1177455477397467e-17,0.031791878404838006
582.75,85.55398724929788,2.1487475009312047e-17,0.0317124979757063
583.0,85.58496461046919,2.180210699193224e-17,0.03163331574979016
583.25,85.61588645211015,2.2121420932673323e-17,0.03155433123220044
583.5,85.64675281473896,2.244548739753692e-17,0.03147554392928363
583.75,85.67756375222254,2.2774378026853567e-17,0.03139695334861885
584.0,85.70831932023457,2.3108165552006015e-17,0.03131855899901469
584.25,85.7390195739667,2.3446923812216717e-17,0.031240360390506226
584.5,85.76966456752847,2.3790727771588615e-17,0.031162357034351898
584.75,85.8002543526492,2.413965353641359e-17,0.031084548443030473
585.0,85.83078898001885,2.449377837269023e-17,0.031006934130238004
585.25,85.86126850176655,2.485318072388815e-17,0.030929513610884786
585.5,85.89169297357513,2.5217940228996023e-17,0.030852286401092315
585.75,85.92206245493072,2.558813774089055e-17,0.030775252018190282
586.0,85.95237700600553,2.5963855345063506e-17,0.03069840998071354
586.25,85.9826366796728,2.634517637874414e-17,0.03062175980839911
586.5,86.01284151714789,2.6732185450232938e-17,0.030545301022183165
586.75,86.04299157861053,2.7124968457774276e-17,0.03046903314419804
587.0,86.07308692024677,2.7523612609895647e-17,0.030392955697769244
587.25,86.10312759906083,2.792820644544387e-17,0.030317068207412496
587.5,86.13311367027806,2.8338839854116675e-17,0.030241370198830737
587.75,86.16304518685769,2.875560409725196e-17,0.030165861198911157
588.0,86.1929222012573,2.917859182888102e-17,0.03009054073572227
588.25,86.22274476796542,2.9607897117088745e-17,0.03001540833851093
588.5,86.25251294531796,3.004361546572418e-17,0.029940463537699413
588.75,86.28222679511514,3.048584383650446e-17,0.02986570586488247
589.0,86.31188637855465,3.0934680671555415e-17,0.029791134852824402
589.25,86.34149174699743,3.1390225916432e-17,0.02971675003545614
589.5,86.37104294506354,3.185258104317174e-17,0.029642550947872333
589.75,86.40054003591136,3.232184907315311e-17,0.029568537126328443
590.0,86.42998307703853,3.27981346015602e-17,0.029494708108237847
590.25,86.45937212693246,3.3281543821443226e-17,0.029421063432168937
590.5,86.48870724194433,3.377218454841836e-17,0.029347602637842248
590.75,86.51798847632121,3.4270166245652706e-17,0.029274325266127582
591.0,86.54721588421415,3.477560004917708e-17,0.02920123085904112
591.25,86.57638952219709,3.528859879357695e-17,0.029128318959742584
591.5,86.60550945083124,3.5809277038111466e-17,0.029055589112532365
591.75,86.63457573381,3.6337751093311e-17,0.02898304086284868
592.0,86.66358843321905,3.687413904810318e-17,0.028910673757264735
592.25,86.69254759944647,3.741856079751778e-17,0.02883848734348588
592.5,86.721453281329,3.7971138070203567e-17,0.028766481170346803
592.75,86.75030554300253,3.853199445619762e-17,0.02869465478780868
593.0,86.77910444366549,3.9101255436205425e-17,0.028623007746956388
593.25,86.80785004315142,3.967904841058507e-17,0.028551539599995686
593.5,86.83654239898803,4.0265502729045383e-17,0.02848024990025043
593.75,86.86518156671286,4.086074972068813e-17,0.028409138202159755
594.0,86.89376760200047,4.146492272445256e-17,0.02833820406127532
594.25,86.92230056315562,4.207815712002075e-17,0.028267447034258517
594.5,86.95078051252707,4.2700590359241994e-17,0.028196866678877695
594.75,86.97920751539662,4.3332361998134716e-17,0.028126462554005402
595.0,87.00758163489763,4.3973613729524116e-17,0.02805623421961563
595.25,87.03590292155977,4.4624489416372535e-17,0.02798618123678106
595.5,87.06417142702108,4.5285135124763793e-17,0.02791630316767032
595.75,87.09238721633382,4.595569915748489e-17,0.02784659957554525
596.0,87.12055035022188,4.6636332089140353e-17,0.027777070024758176
596.25,87.148660889825,4.7327186801057064e-17,0.027707714080749173
596.5,87.176718893912,4.802841851700197e-17,0.027638531310043374
596.75,87.20472441927657,4.874018483932056e-17,0.027569521280248227
597.0,87.23267752289107,4.946264578556389e-17,0.02750068356005083
597.25,87.26057826439339,5.019596382567229e-17,0.027432017719215204
597.5,87.2884267074825,5.094030391978345e-17,0.027363523328579616
597.75,87.31622291879756,5.169583355673297e-17,0.02729519996005391
598.0,87.34396696285614,5.2462722793315275e-17,0.027227047186616803
598.25,87.37165889163738,5.3241144294372235e-17,0.027159064582313246
598.5,87.39929875724903,5.403127337253486e-17,0.027091251722251734
598.75,87.42688662638004,5.4833288028551094e-17,0.027023608182601674
599.0,87.45442256089233,5.564736899358699e-17,0.02695613354059072
599.25,87.48190662322843,5.647369977119899e-17,0.02688882737450215
599.5,87.50933887347541,5.731246668031424e-17,0.026821689263672194
599.75,87.53671936964597,5.816385889871965e-17,0.026754718788487446
600.0,87.56404816977346,5.90280685071385e-17,0.02668791553038222
600.25,87.59132533441817,5.990529053397416e-17,0.02662127907183593
600.5,87.61855092818146,6.079572300079955e-17,0.0265548089963705
600.75,87.64572501882485,6.169956696867202e-17,0.02648850488854774
601.0,87.67284767259108,6.261702658535228e-17,0.026422366333966756
601.25,87.69991894432397,6.35483091335069e-17,0.02635639291926137
601.5,87.72693888429805,6.449362507883033e-17,0.026290584232097527
601.75,87.75390756142389,6.545318811816027e-17,0.026224939861170714
602.0,87.78082503835779,6.642721523063652e-17,0.026159459396203403
602.25,87.80769137882498,6.741592672811183e-17,0.02609414242794247
602.5,87.83450664432706,6.841954630689294e-17,0.026028988548156655
602.75,87.8612708940965,6.943830110009595e-17,0.025963997349633998
603.0,87.88798418702933,7.047242173070235e-17,0.02589916842617929
603.25,87.91464658421584,7.152214236540799e-17,0.025834501372611555
603.5,87.94125815068848,7.258770076935761e-17,0.0257699957847615
603.75,87.96781895500693,7.366933836185671e-17,0.02570565125946898
604.0,87.99432906529948,7.476730027315349e-17,0.025641467394580512
604.25,88.02078854038052,7.588183540238275e-17,0.025577443788946726
604.5,88.04719742832278,7.70131964759675e-17,0.02551358004241988
604.75,88.0735557988797,7.816164010501799e-17,0.025449875755851357
605.0,88.09986371577081,7.932742684706e-17,0.02538633053108915
605.25,88.12612124389294,8.051082126669962e-17,0.025322943970975398
605.5,88.15232844627239,8.171209199788772e-17,0.0252597156793439
605.75,88.17848538343827,8.293151180697578e-17,0.02519664526101762
606.0,88.20459211504424,8.416935765660035e-17,0.025133732321806244
606.25,88.23064870238164,8.542591077050368e-17,0.025070976468503692
606.5,88.25665521042706,8.670145669939846e-17,0.02500837730888568
606.75,88.28261170806701,8.799628538798408e-17,0.024945934451707258
607.0,88.30851826514312,8.931069124322238e-17,0.024883647506700364
607.25,88.33437494496046,9.064497320398034e-17,0.024821516084571386
607.5,88.36018179578663,9.19994348118122e-17,0.024759539796998735
607.75,88.38593888432725,9.337438428000498e-17,0.024697718256630415
608.0,88.41164627646104,9.477013456731854e-17,0.024636051077081594
608.25,88.43730403792225,9.61870034514262e-17,0.024574537872932203
608.5,88.46291223334316,9.762531360372608e-17,0.02451317825972451
608.75,88.48847092472315,9.908539266532093e-17,0.024451971853960735
609.0,88.513980172519,1.005675733239697e-16,0.024390918273100647
609.25,88.53944003802438,1.0207219339213655e-16,0.02433001713555916
609.5,88.56485058570514,1.0359959588626314e-16,0.024269268060703973
609.75,88.59021188415777,1.0515012910739015e-16,0.024208670668853162
610.0,88.6155240043583,1.0672414672325371e-16,0.024148224581272842
610.25,88.64078701386863,1.0832200785198275e-16,0.024087929420174757
610.5,88.66600096587642,1.0994407714750581e-16,0.024027784808713964
610.75,88.6911659184031,1.115907248838451e-16,0.023967790370986435
611.0,88.71628194148413,1.1326232704179186e-16,0.02390794573202675
611.25,88.74134910089137,1.1495926539866662e-16,0.023848250517805713
611.5,88.76636746279549,1.1668192761791437e-16,0.023788704355228046
611.75,88.79133709091165,1.1843070734070833e-16,0.023729306872130033
612.0,88.8162580467402,1.2020600427868404e-16,0.023670057697277216
612.25,88.84113039159398,1.2200822430795065e-16,0.02361095646036206
612.5,88.86595418910478,1.2383777956452648e-16,0.023552002792001637
612.75,88.8907295069009,1.2569508854134621e-16,0.02349319632373533
613.0,88.91545641614802,1.2758057618698674e-16,0.023434536688022523
613.25,88.94013498764558,1.2949467400625898e-16,0.0233760235182403
613.5,88.9647652831707,1.314378201628125e-16,0.023317656448681164
613.75,88.98934735172118,1.334104595828505e-16,0.023259435114550732
614.0,89.01388126508853,1.3541304405677845e-16,0.02320135915196548
614.25,89.03836708946906,1.3744603234850532e-16,0.023143428197950455
614.5,89.06280489209517,1.3950989030305065e-16,0.023085641890437002
614.75,89.0871947385962,1.4160509095685344e-16,0.023027999868260516
615.0,89.11153669194549,1.437321146495893e-16,0.022970501771158166
615.25,89.13583081378924,1.4589144913746286e-16,0.02291314723976666
615.5,89.16007716687479,1.4808358970814755e-16,0.022855935915619987
615.75,89.18427581729634,1.5030903929754542e-16,0.02279886744114719
616.0,89.2084268352758,1.525683086085388e-16,0.022741941459670113
616.25,89.23253029319642,1.5486191623190646e-16,0.02268515761540119
616.5,89.25658625960729,1.5719038876957652e-16,0.022628515553441208
616.75,89.28059478815776,1.5955426096036037e-16,0.022572014919777096
617.0,89.30455593820527,1.619540758040486e-16,0.02251565536127971
617.25,89.32846978113528,1.6439038468920976e-16,0.022459436525701624
617.5,89.35233638386357,1.6686374752532707e-16,0.022403358061674934
617.75,89.37615581379055,1.6937473287475364e-16,0.022347419618709057
618.0,89.3999281358604,1.719239180876342e-16,0.022291620847188543
618.25,89.42365341268979,1.745118894385171e-16,0.022235961398370887
618.5,89.4473317065095,1.7713924226485838e-16,0.022180440924384353
618.75,89.47096308166381,1.798065811076202e-16,0.0221250590782258
619.0,89.49454760641112,1.82514519854165e-16,0.022069815513758508
619.25,89.5180853527701,1.852636818836477e-16,0.022014709885710016
619.5,89.54157639315554,1.8805470021510796e-16,0.021959741849669975
619.75,89.56502079254759,1.9088821765846397e-16,0.021904911062087976
620.0,89.58841860028801,1.937648869678856e-16,0.02185021718027142
620.25,89.61176988625279,1.9668537099165803e-16,0.02179565986238337
620.5,89.6350747186854,1.996503428322785e-16,0.02174123876744041
620.75,89.65833316568155,2.0266048600566785e-16,0.021686953555310515
621.0,89.68154529437717,2.0571649460343598e-16,0.02163280388671094
621.25,89.7047111691947,2.0881907345774052e-16,0.021578789423206072
621.5,89.72783085270481,2.119689383083019e-16,0.021524909827205348
621.75,89.75090440787491,2.1516681597181169e-16,0.021471164761961106
622.0,89.77393190047493,2.184134445139713e-16,0.021417553891566524
622.25,89.79691340041155,2.2170957342439794e-16,0.02136407688095348
622.5,89.81984898076173,2.2505596379463463e-16,0.02131073339589049
622.75,89.84273871327645,2.284533884995013e-16,0.02125752310298059
623.0,89.86558265912555,2.3190263238202373e-16,0.021204445669659285
623.25,89.88838086841398,2.35404492439811e-16,0.02115150076419244
623.5,89.91113341570394,2.3895977800874787e-16,0.021098688055674223
623.75,89.93384036809863,2.4256931096021317e-16,0.021046007214025036
624.0,89.95650179413802,2.4623392589480447e-16,0.020993457909989445
624.25,89.97911776066142,2.499544703412426e-16,0.02094103981513413
624.5,90.0016883317862,2.5373180495794193e-16,0.020888752601845827
624.75,90.02421357018638,2.5756680373729465e-16,0.020836595943329282
625.0,90.04669353946905,2.614603542129488e-16,0.02078456951360521
625.25,90.0691283064472,2.6541335767035717e-16,0.020732672987508256
625.5,90.0915179421068,2.6942672936087596e-16,0.020680906040684965
625.75,90.11386252006685,2.7350139871969137e-16,0.020629268349591747
626.0,90.1361621113301,2.7763830958785215e-16,0.02057775959149287
626.25,90.15841677412325,2.818384204386868e-16,0.02052637944445842
626.5,90.18062656137617,2.8610270460435713e-16,0.020475127587362318
626.75,90.20279154850668,2.9043215050233837e-16,0.02042400369988029
627.0,90.22491180258618,2.9482776187630577e-16,0.020373007462487866
627.25,90.24698739232218,2.992905580331216e-16,0.020322138556458404
627.5,90.26901838438953,3.038215740863151e-16,0.02027139666386107
627.75,90.29100484278189,3.0842186120266844e-16,0.020220781467558874
628.0,90.31294683028072,3.1309248685218266e-16,0.020170292651206675
628.25,90.33484441086775,3.178345350617506e-16,0.020119929899249205
628.5,90.35669765190683,3.2264910667286444e-16,0.020069692896919098
628.75,90.37850662492154,3.2753731960368484e-16,0.020019581330234928
629.0,90.40027140379435,3.325003091157992e-16,0.01996959488599924
629.25,90.42199205921338,3.3753922808599615e-16,0.019919733251796592
629.5,90.44366864819307,3.4265524728338353e-16,0.019869996115991613
629.75,90.4653012250224,3.4784955564592257e-16,0.01982038316772704
630.0,90.48688986513558,3.5312336055868366e-16,0.019770894096921787
630.25,90.5084346357455,3.584778881481269e-16,0.019721528594268994
630.5,90.52993560566104,3.639143835722802e-16,0.019672286351234115
630.75,90.55139284158618,3.694341113187241e-16,0.01962316706005297
631.0,90.57280640753795,3.7503835550638074e-16,0.019574170413729827
631.25,90.5941763663285,3.807284201914721e-16,0.019525296106035487
631.5,90.61550278196555,3.8650562967803174e-16,0.01947654383150537
631.75,90.63678572182562,3.9237132883335663e-16,0.0194279132854376
632.0,90.65802525745416,3.983268834087827e-16,0.019379404163891105
632.25,90.67922146284693,4.043736803661712e-16,0.019331016163683715
632.5,90.70037440906688,4.1051312821049e-16,0.01928274898239028
632.75,90.72148415405078,4.1674665732887534e-16,0.01923460231834075
633.0,90.74255075028533,4.230757203300859e-16,0.019186575870618325
633.25,90.76357427383442,4.2950179238386198e-16,0.019138669339057546
633.5,90.78455479180245,4.360263715818636e-16,0.01909088242424244
633.75,90.80549237308334,4.4265097929263984e-16,0.019043214827504627
634.0,90.82638708462709,4.49377160526394e-16,0.018995666250921476
634.25,90.8472389906304,4.562064843044861e-16,0.01894823639731423
634.5,90.86804815386218,4.63140544034034e-16,0.018900924970246147
634.75,90.88881463800668,4.701809578880689e-16,0.01885373167402065
635.0,90.90953850990749,4.773293691916982e-16,0.018806656213679496
635.25,90.93021984059446,4.84587446814731e-16,0.01875969829500089
635.5,90.95085870397703,4.919568855712192e-16,0.0187128576244977
635.75,90.97145517208625,4.994394066263698e-16,0.018666133909415576
636.0,90.99200930574862,5.070367579112818e-16,0.018619526857731147
636.25,91.01252115398268,5.147507145412638e-16,0.01857303617815019
636.5,91.03299079242159,5.225830792283951e-16,0.018526661580105803
636.75,91.05341828838996,5.305356827241317e-16,0.018480402773756604
637.0,91.07380371074976,5.386103842540855e-16,0.018434259469984896
637.25,91.09414712690779,5.468090719643631e-16,0.018388231380394884
637.5,91.11444860145753,5.551336633741608e-16,0.018342318217310857
637.75,91.13470819714506,5.635861058345501e-16,0.018296519693775395
638.0,91.1549259770708,5.721683769939927e-16,0.01825083552354758
638.25,91.17510200703855,5.808824852711186e-16,0.018205265421101197
638.5,91.19523635696356,5.897304703353052e-16,0.018159809101622956
638.75,91.21532910025141,5.98714403595593e-16,0.018114466281010714
639.0,91.23538031005886,6.078363886984746e-16,0.018069236675871698
639.25,91.25539005134894,6.170985620350911e-16,0.018024120003520723
639.5,91.27535837208924,6.265030932566296e-16,0.017979115981978443
639.75,91.29528534242203,6.36052185779307e-16,0.017934224329969575
640.0,91.31517103164336,6.45748077321802e-16,0.01788944476692115
640.25,91.3350155081445,6.555930404412546e-16,0.017844777012960753
640.5,91.35481883991395,6.65589383078394e-16,0.017800220788914772
640.75,91.37458109224191,6.757394491121599e-16,0.01775577581630667
641.0,91.39430232805057,6.8604561892179e-16,0.017711441817355216
641.25,91.41398260979089,6.965103099570101e-16,0.017667218514972775
641.5,91.43362200184657,7.07135977316959e-16,0.017623105632763564
641.75,91.45322057238579,7.179251143384821e-16,0.017579102895021924
642.0,91.4727783936016,7.288802531944276e-16,0.017535210026730603
642.25,91.49229553928164,7.40003965502579e-16,0.017491426753559025
642.5,91.51177207864768,7.512988629458569e-16,0.0174477528018616
642.75,91.53120806540589,7.627675979044253e-16,0.017404187898675982
643.0,91.55060355530627,7.74412864084294e-16,0.017360731771721382
643.25,91.56995862332752,7.862373971568185e-16,0.01731738414939687
643.5,91.58927333623369,7.982439754278867e-16,0.017274144760779667
643.75,91.60854776242263,8.104354205008005e-16,0.017231013335623446
644.0,91.62778196819976,8.228145979562724e-16,0.017187989604356663
644.25,91.64697601708512,8.353844180413717e-16,0.01714507329808086
644.5,91.66612997112391,8.481478363681692e-16,0.01710226414856898
644.75,91.68524389317031,8.611078546228308e-16,0.0170595618882637
645.0,91.70431784911476,8.742675212859107e-16,0.017016966250275753
645.25,91.72335190902442,8.876299323645916e-16,0.016974476968382265
645.5,91.74234614616704,9.011982321376258e-16,0.016932093777025082
645.75,91.76130063288798,9.149756139137227e-16,0.016889816411309128
646.0,91.78021543231047,9.289653208041366e-16,0.01684764460700072
646.25,91.79909059077819,9.431706465068292e-16,0.01680557810052595
646.5,91.81792617970314,9.575949360755745e-16,0.016763616628969014
646.75,91.83672226731022,9.722415867408499e-16,0.01672175993007058
647.0,91.8554789214715,9.871140487248261e-16,0.016680007742226142
647.25,91.87419620959479,1.0022158260722372e-15,0.016638359804484387
647.5,91.89287419637186,1.0175504774952635e-15,0.01659681585654557
647.75,91.91151294406652,1.0331216172299597e-15,0.016555375638759886
648.0,91.93011251434197,1.0489329159051186e-15,0.016514038892125837
648.25,91.94867297062657,1.0649881014244595e-15,0.016472805358288618
648.5,91.9671943800177,1.0812909598630294e-15,0.01643167477953851
648.75,91.9856768137226,1.0978453363787046e-15,0.016390646898809265
649.0,92.00412034503611,1.1146551361396839e-15,0.01634972145967649
649.25,92.02252504385406,1.1317243252688602e-15,0.01630889820635606
649.5,92.04089096672213,1.1490569318059587e-15,0.01626817688370251
649.75,92.05921816204109,1.1666570466743662e-15,0.016227557237207438
650.0,92.0775067061062,1.1845288246433972e-15,0.016187039012997926
650.25,92.09575666457357,1.2026764853550417e-15,0.016146621957834936
650.5,92.11396810520907,1.2211043143320339e-15,0.01610630581911174
650.75,92.13214109427676,1.2398166640140013e-15,0.016066090344852346
651.0,92.15027569517906,1.2588179548079252e-15,0.016025975283709904
651.25,92.16837196929411,1.2781126761533262e-15,0.015985960384965157
651.5,92.1864299780398,1.2977053876032285e-15,0.01594604539852485
651.75,92.20444978519258,1.3176007199219604e-15,0.015906230074920192
652.0,92.22243145849045,1.337803376200841e-15,0.01586651416530528
652.25,92.24037506954859,1.358318132992813e-15,0.015826897421455554
652.5,92.25828069111661,1.3791498414670716e-15,0.01578737959576623
652.75,92.27614839070614,1.4003034285847487e-15,0.015747960441250767
653.0,92.29397821961761,1.4217838982967025e-15,0.015708639711539327
653.25,92.31177023208792,1.4435963327354325e-15,0.01566941716087722
653.5,92.32952450260599,1.4657458934289405e-15,0.015630292544123375
653.75,92.34724109651395,1.4882378225693345e-15,0.015591265616748812
654.0,92.3649200810635,1.5110774442695359e-15,0.015552336134835105
654.25,92.382561521561,1.5342701658526746e-15,0.015513503855072868
654.5,92.40016548045314,1.557821479158832e-15,0.015474768534760224
654.75,92.41773201841187,1.581736961870385e-15,0.015436129931801297
655.0,92.43526119647677,1.6060222788572019e-15,0.01539758780470469
655.25,92.45275307831339,1.6306831835429456e-15,0.015359141912581987
655.5,92.47020773164546,1.6557255192937386e-15,0.015320792015146233
655.75,92.48762522791966,1.6811552208304398e-15,0.015282537872710446
656.0,92.50500563926109,1.7069783156657898e-15,0.015244379246186114
656.25,92.52234903177765,1.7332009255676774e-15,0.015206315897081692
656.5,92.53965545435751,1.7598292680496927e-15,0.015168347587501126
656.75,92.55692496336108,1.786869657849698e-15,0.01513047408014236
657.0,92.57415763173512,1.8143285084491858e-15,0.015092695138295847
657.25,92.59135352449852,1.8422123336462437e-15,0.015055010525843078
657.5,92.60851270833058,1.8705277491215675e-15,0.015017420007255103
657.75,92.62563524788462,1.899281474042887e-15,0.01497992334759106
658.0,92.64272120495116,1.928480332691213e-15,0.0149425203124967
658.25,92.65977063955847,1.9581312561103934e-15,0.014905210668202934
658.5,92.67678361209818,1.98824128378147e-15,0.014867994181524364
658.75,92.69376018556376,2.0188175653233324e-15,0.014830870619857828
659.0,92.71070042698973,2.049867362221154e-15,0.014793839751180942
659.25,92.7276044071792,2.081398049584107e-15,0.014756901344050659
659.5,92.74447219780765,2.1134171179338487e-15,0.014720055167601814
659.75,92.76130386499074,2.145932175025266e-15,0.014683300991545682
660.0,92.77809945840367,2.1789509477009736e-15,0.014646638586168546
660.25,92.79485903011705,2.2124812837394722e-15,0.014610067722330252
660.5,92.81158265432576,2.2465311537340495e-15,0.01457358817146278
660.75,92.8282703949548,2.281108653059451e-15,0.01453719970556882
661.0,92.84492231812503,2.316222003817708e-15,0.014500902097220342
661.25,92.86153848817294,2.3518795568355254e-15,0.014464695119557175
661.5,92.87811896654418,2.3880897936889228e-15,0.01442857854628559
661.75,92.89466381269098,2.424861328756899e-15,0.01439255215167689
662.0,92.91117308609067,2.4622029113058897e-15,0.014356615710565986
662.25,92.92764684850258,2.5001234276068018e-15,0.014320768998350008
662.5,92.94408516558018,2.5386319030864006e-15,0.014285011790986887
662.75,92.96048810695609,2.5777375045148304e-15,0.01424934386499396
663.0,92.97685574391663,2.6174495422310442e-15,0.014213764997446574
663.25,92.99318814378346,2.6577774724079187e-15,0.014178274965976692
663.5,93.0094853601194,2.698730899358841e-15,0.014142873548771499
663.75,93.02574743686714,2.7403195778601994e-15,0.014107560524572025
664.0,93.04197444915272,2.782553415460487e-15,0.014072335672671752
664.25,93.05816646015072,2.8254424749441084e-15,0.014037198772915241
664.5,93.07432353525601,2.8689969767504698e-15,0.014002149605696757
664.75,93.09044573878538,2.9132273014595456e-15,0.013967187951958887
665.0,93.10653313222068,2.9581439923134806e-15,0.013932313593191184
665.25,93.12258577464269,3.0037577577741096e-15,0.013897526311428791
665.5,93.13860372450199,3.050079474118521e-15,0.013862825889251083
665.75,93.15458704187355,3.0971201880747835e-15,0.01382821210978031
666.0,93.17053579034135,3.1448911194999603e-15,0.013793684756680236
666.25,93.18645003765951,3.1934036641025346e-15,0.013759243614154794
666.5,93.20232985433657,3.242669396211369e-15,0.013724888466946729
666.75,93.21817530928917,3.2927000715933176e-15,0.01369061910033626
667.0,93.23398646171182,3.3435076303216235e-15,0.013656435300139734
667.25,93.24976335226425,3.395104199690254e-15,0.013622336852708288
667.5,93.26550604768275,3.4475020970824915e-15,0.013588323544926515
667.75,93.28121461403211,3.5007138330112376e-15,0.013554395164211131
668.0,93.29688911524356,3.554752114156633e-15,0.013520551498509647
668.25,93.3125296156982,3.609629846450037e-15,0.01348679233629904
668.5,93.32813617735401,3.6653601382158704e-15,0.013453117466584438
668.75,93.34370885936184,3.721956303357695e-15,0.013419526678897795
669.0,93.35924771934592,3.7794318645910754e-15,0.013386019763296578
669.25,93.37475281552472,3.837800556725753e-15,0.013352596510362457
669.5,93.39022420884763,3.897076329999673e-15,0.01331925671119999
669.75,93.40566196432309,3.957273353467408e-15,0.013286000157435324
670.0,93.42106615071383,4.018406018445505e-15,0.013252826641214892
670.25,93.43643683777486,4.080488942017309e-15,0.01321973595520411
670.5,93.45177409020985,4.143536970599789e-15,0.01318672789258608
670.75,93.46707795752134,4.207565183574909e-15,0.013153802247060304
671.0,93.48234848341667,4.272588896936533e-15,0.013120958812841392
671.25,93.49758574240387,4.338623666942499e-15,0.01308819738465777
671.5,93.51278979570783,4.405685293989068e-15,0.013055517757750408
671.75,93.52796070720198,4.473789826419549e-15,0.013022919727871531
672.0,93.54309853961398,4.542953564439084e-15,0.012990403091283345
672.25,93.55820335282738,4.613193064085396e-15,0.012957967644756766
672.5,93.573275204278,4.684525141256838e-15,0.012925613185570149
672.75,93.58831415064975,4.756966875800763e-15,0.012893339511508017
673.0,93.60332025007412,4.83053561566526e-15,0.012861146420859802
673.25,93.61829356403845,4.905248981117307e-15,0.012829033712418583
673.5,93.63323415820692,4.9811248690303605e-15,0.012797001185479828
673.75,93.64814210135943,5.05818145724444e-15,0.01276504863984014
674.0,93.6630174616525,5.136437209001732e-15,0.012733175875796003
674.25,93.67786029940707,5.21591087746077e-15,0.01270138269414254
674.5,93.69267065600341,5.296621510291233e-15,0.012669668896172262
674.75,93.70744858690132,5.378588454228806e-15,0.012638034283673825
675.0,93.72219416122904,5.461831359794329e-15,0.012606478658930803
675.25,93.73690744015649,5.546370186129649e-15,0.012575001824720435
675.5,93.7515884867118,5.632225205836e-15,0.012543603584312406
675.75,93.76623736208543,5.719417009925173e-15,0.012512283741467612
676.0,93.78085412455283,5.807966512840595e-15,0.012481042100436933
676.25,93.79543883024886,5.897894957551958e-15,0.01244987846596001
676.5,93.8099915350274,5.98922392072706e-15,0.012418792643264025
676.75,93.82451229663944,6.081975317984495e-15,0.012387784438062488
677.0,93.8390011764629,6.176171409230831e-15,0.012356853656554012
677.25,93.8534582400173,6.2718348040859405e-15,0.012326000105421115
677.5,93.86788355549706,6.3689884674001145e-15,0.012295223591829002
677.75,93.8822771895562,6.467655724866609e-15,0.012264523923424359
678.0,93.89663919957816,6.5678602687332765e-15,0.012233900908334164
678.25,93.91096962335865,6.669626163611598e-15,0.012203354355164469
678.5,93.92526852106731,6.772977852217153e-15,0.012172884072999216
678.75,93.93953595860576,6.877940161389473e-15,0.012142489871399048
679.0,93.95377199668434,6.984538308173827e-15,0.012112171560400101
679.25,93.9679766973631,7.09279790595512e-15,0.012081928950512836
679.5,93.98215012067466,7.202744970720323e-15,0.01205176185272084
679.75,93.99629232373577,7.314405927410363e-15,0.012021670078479655
680.0,94.01040336160933,7.42780761636579e-15,0.011991653439715593
680.25,94.0244832891786,7.542977299870645e-15,0.011961711748824566
680.5,94.03853216329524,7.659942668798901e-15,0.011931844818670908
680.75,94.05255004446316,7.778731849367834e-15,0.011902052462586205
681.0,94.06653699731973,7.899373410002743e-15,0.011872334494368138
681.25,94.08049308917612,8.021896368317367e-15,0.01184269072827931
681.5,94.09441838587861,8.146330198214398e-15,0.011813120979046082
681.75,94.10831294425256,8.272704837110465e-15,0.011783625061857428
682.0,94.12217680138532,8.401050693286178e-15,0.01175420279236377
682.25,94.13601001425506,8.531398653164874e-15,0.011724853986675826
682.5,94.1498126490972,8.663780088905342e-15,0.011695578461363466
682.75,94.16358476533678,8.798226866114855e-15,0.011666376033454563
683.0,94.17732642413618,8.934771351603497e-15,0.011637246520433844
683.25,94.19103768482063,9.07344642130867e-15,0.01160818974024176
683.5,94.20471860379418,9.214285468333307e-15,0.01157920551127334
683.75,94.21836923523637,9.357322411103044e-15,0.011550293652377058
684.0,94.23198963286896,9.502591701647666e-15,0.011521453982853702
684.25,94.24557985208318,9.650128334012062e-15,0.011492686322455245
684.5,94.25913995171679,9.799967852801969e-15,0.011463990491383714
684.75,94.2726699947714,9.952146361869794e-15,0.011435366310290072
685.0,94.28617004735953,1.0106700533145769e-14,0.011406813600273095
685.25,94.29964017517143,1.0263667615619707e-14,0.011378332182878252
685.5,94.31308043675165,1.042308544447866e-14,0.01134992188009659
685.75,94.32649087287504,1.0584992450405701e-14,0.011321582514363627
686.0,94.33987152735938,1.0749427668882503e-14,0.011293313908558231
686.25,94.35322247142349,1.0916430749637853e-14,0.011265115886001527
686.5,94.36654376217417,1.1086041966524436e-14,0.011236988270455781
686.75,94.37983545978032,1.125830222728987e-14,0.011208930886123304
687.0,94.39309762327031,1.1433253083607942e-14,0.011180943557645354
687.25,94.40633030884607,1.1610936741254219e-14,0.011153026110101036
687.5,94.41953357012869,1.1791396070431891e-14,0.01112517836900621
687.75,94.43270745965351,1.197467461625422e-14,0.011097400160312408
688.0,94.445852030932,1.2160816609389947e-14,0.011069691310405732
688.25,94.45896734039857,1.2349866976878003e-14,0.011042051646105779
688.5,94.47205344855968,1.2541871353117905e-14,0.011014480994664561
688.75,94.48511041966306,1.2736876091042142e-14,0.010986979183765413
689.0,94.49813831920481,1.293492827347698e-14,0.010959546041521929
689.25,94.51113720859192,1.3136075724697955e-14,0.010932181396476882
689.5,94.524107136278,1.334036702218648e-14,0.010904885077601149
689.75,94.53704813387574,1.3547851508543226e-14,0.010877656914292648
690.0,94.54996026941019,1.3758579303287073e-14,0.010850496736375273
690.25,94.56284360138001,1.3972601315386156e-14,0.010823404374097819
690.5,94.57569818818666,1.4189969255659908e-14,0.010796379658132937
690.75,94.58852408870008,1.4410735649447583e-14,0.010769422419576064
691.0,94.60132135947707,1.4634953849493992e-14,0.01074253248994437
691.25,94.61409005417336,1.4862678049024338e-14,0.010715709701175708
691.5,94.62683022449446,1.5093963295015783e-14,0.01068895388562756
691.75,94.6395419220304,1.5328865501673453e-14,0.010662264876075994
692.0,94.65222520031949,1.556744146411857e-14,0.01063564250571461
692.25,94.66488011648632,1.5809748872296318e-14,0.01060908660815351
692.5,94.67750673179896,1.605584632511118e-14,0.010582597017418245
692.75,94.69010511049069,1.630579334479741e-14,0.010556173567948789
693.0,94.70267531619125,1.6559650391532245e-14,0.010529816094598495
693.25,94.71521740531274,1.681747887829966e-14,0.01050352443263307
693.5,94.72773141673542,1.70793411860122e-14,0.01047729841772954
693.75,94.74021738899913,1.7345300678688973e-14,0.010451137885975228
694.0,94.75267539305939,1.7615421718795042e-14,0.010425042673866724
694.25,94.76510548353514,1.7889769683334083e-14,0.010399012618308869
694.5,94.77750771838458,1.816841097974345e-14,0.010373047556613729
694.75,94.78988215481587,1.8451413062215065e-14,0.010347147326499585
695.0,94.80222884732578,1.8738844448256588e-14,0.010321311766089913
695.25,94.81454784766666,1.9030774735499155e-14,0.01029554071391238
695.5,94.82683920611397,1.9327274618761065e-14,0.010269834008897824
695.75,94.83910297340634,1.962841590737661e-14,0.010244191490379253
696.0,94.85133920273032,1.993427154279937e-14,0.010218612998090845
696.25,94.86354795112217,2.0244915616489246e-14,0.010193098372166939
696.5,94.87572927965876,2.0560423388092507e-14,0.01016764745314104
696.75,94.88788325180943,2.088087130392412e-14,0.010142260081944823
697.0,94.90000992932157,2.120633701576166e-14,0.010116936099907131
697.25,94.91210936501156,2.1536899399960095e-14,0.010091675348753
697.5,94.92418159188583,2.1872638576896237e-14,0.010066477670602649
697.75,94.93622665591967,2.2213635930374634e-14,0.010041342907970508
698.0,94.94824462371935,2.2559974127573733e-14,0.01001627090376423
698.25,94.96023554926481,2.2911737139582314e-14,0.009991261501283707
698.5,94.97219948949925,2.3269010261890467e-14,0.00996631454422009
698.75,94.984136500244,2.3631880135374822e-14,0.009941429876654818
699.0,94.99604663452097,2.4000434767592347e-14,0.009916607343058638
699.25,95.00792994268095,2.437476355439401e-14,0.009891846788290632
699.5,95.01978647373714,2.4754957301869495e-14,0.009867148057597254
699.75,95.03161627730216,2.5141108248634247e-14,0.009842510996611358
700.0,95.0434194055275,2.5533310088470075e-14,0.00981793545135123
700.25,95.0551959144442,2.5931657993330554e-14,0.009793421268219632
700.5,95.06694586410352,2.6336248636722458e-14,0.009768968294002842
700.75,95.07866931691619,2.6747180217474486e-14,0.00974457637586969
701.0,95.09036633358927,2.71645524839045e-14,0.00972024536137061
701.25,95.10203696605912,2.7588466758396534e-14,0.00969597509843668
701.5,95.1136812468194,2.8019025962398792e-14,0.009671765435378678
701.75,95.12529921743818,2.845633464144477e-14,0.009647616220886132
702.0,95.13689094542768,2.8900498990724555e-14,0.009623527304026373
702.25,95.14845648314194,2.935162688155251e-14,0.009599498534243592
702.5,95.15999588632438,2.980982788770075e-14,0.009575529761357898
702.75,95.17150920986143,3.027521331238765e-14,0.009551620835564384
703.0,95.18299650592121,3.0747896215665896e-14,0.009527771607432187
703.25,95.19445782390761,3.122799144222344e-14,0.00950398192790355
703.5,95.20589321165491,3.1715615649611276e-14,0.009480251648292904
703.75,95.21730271728761,3.221088733691151e-14,0.009456580620285919
704.0,95.22868639117065,3.2713926873859336e-14,0.009432968695938595
704.25,95.24004428737469,3.322485653043271e-14,0.00940941572767633
704.5,95.2513764640814,3.374380050692318e-14,0.009385921568292991
704.75,95.26268298235378,3.4270884964501645e-14,0.00936248607095001
705.0,95.27396390269622,3.4806238056292617e-14,0.00933910908917545
705.25,95.28521927882933,3.534998995897064e-14,0.009315790476863098
705.5,95.29644914810446,3.590227290489251e-14,0.009292530088271553
705.75,95.30765353858412,3.646322121454622e-14,0.00926932777802331
706.0,95.31883251985684,3.703297132906408e-14,0.009246183401103855
706.25,95.32998614339355,3.7611661844469535e-14,0.009223096812860756
706.5,95.34111446329317,3.8199433545521227e-14,0.009200067869002761
706.75,95.35221753384793,3.879642944040335e-14,0.009177096425598899
707.0,95.36329540701513,3.9402794795962076e-14,0.00915418233907757
707.25,95.37434813183337,4.001867717347375e-14,0.00913132546622566
707.5,95.38537575523425,4.064422646496155e-14,0.00910852566418764
707.75,95.39637832369976,4.1279594930077116e-14,0.009085782790464672
708.0,95.40735588521616,4.192493723356382e-14,0.009063096702913722
708.25,95.4183084909747,4.258041048331808e-14,0.00904046725974667
708.5,95.42923619626985,4.324617426906548e-14,0.00901789431952942
708.75,95.44013906004577,4.39223907016681e-14,0.008995377741181023
709.0,95.45101714254109,4.4609224453079774e-14,0.008972917383972795
709.25,95.46187050048323,4.5306842796965686e-14,0.008950513107527425
709.5,95.47269917928216,4.601541565000308e-14,0.008928164771818113
709.75,95.48350320298444,4.67351156138616e-14,0.00890587223716769
710.0,95.49428262326968,4.746611801707487e-14,0.008883635364247742
710.25,95.50503749991385,4.8208600958552065e-14,0.00886145401407774
710.5,95.51576788379288,4.896274535162535e-14,0.008839328048024175
710.75,95.52647382835518,4.972873496847226e-14,0.008817257327799683
711.0,95.5371553858491,5.050675648546151e-14,0.008795241715462195
711.25,95.54781260573229,5.1296999529182363e-14,0.00877328107341406
711.5,95.55844553473854,5.2099656723177726e-14,0.008751375264401194
711.75,95.56905421807826,5.291492373540118e-14,0.00872952415151222
712.0,95.57963870124789,5.3742999326418074e-14,0.008707727598177612
712.25,95.59019903192399,5.4584085398370815e-14,0.008685985468168839
712.5,95.60073526141824,5.5438387044728585e-14,0.008664297625597518
712.75,95.61124744516829,5.630611260084161e-14,0.008642663934914564
713.0,95.62173564174087,5.718747369532014e-14,0.008621084260909337
713.25,95.63219990982253,5.808268530225832e-14,0.008599558468708808
713.5,95.64264030267371,5.899196579432313e-14,0.008578086423776703
713.75,95.65305685952214,5.991553699672849e-14,0.008556667991912672
714.0,95.66344960069904,6.085362424200029e-14,0.008535303039251447
714.25,95.6738185883689,6.180645642463842e-14,0.008513991432262003
714.5,95.68416387543957,6.277426605840824e-14,0.008492733037746726
714.75,95.69448551253957,6.375728933350838e-14,0.008471527722840584
715.0,95.70478355188362,6.475576617478128e-14,0.008450375355010288
715.25,95.71505804402905,6.576994030096114e-14,0.00842927580205347
715.5,95.72530903664824,6.680005928482444e-14,0.008408228932097857
715.75,95.73553657481746,6.784637461426735e-14,0.008387234613600443
716.0,95.7457407023223,6.890914175433485e-14,0.008366292715346668
716.25,95.7559214634802,6.99886202102259e-14,0.0083454031064496
716.5,95.76607890498045,7.108507359129931e-14,0.008324565656349115
716.75,95.77621307724183,7.219876967610499e-14,0.008303780234811084
717.0,95.78632403478856,7.33299804784649e-14,0.008283046711926551
717.25,95.79641183514465,7.447898231462853e-14,0.008262364958110936
717.5,95.80647653574721,7.564605587152731e-14,0.008241734844103205
717.75,95.8165181883789,7.683148627615252e-14,0.008221156240965082
718.0,95.82653683062011,7.803556316608141e-14,0.008200629020080228
718.25,95.83653248069241,7.925858076105344e-14,0.008180153053153448
718.5,95.84650519955296,8.050083793455067e-14,0.00815972821220988
718.75,95.85645503929805,8.176263828856795e-14,0.008139354369594202
719.0,95.86638204911013,8.30442902283764e-14,0.008119031397969833
719.25,95.8762862799858,8.434610703860292e-14,0.008098759170318133
719.5,95.88616778141291,8.566840696066711e-14,0.008078537559937614
719.75,95.89602660003072,8.701151327140576e-14,0.008058366440443145
720.0,95.90586277979804,8.837575436291496e-14,0.008038245685765163
720.25,95.91567636319333,8.976146382363975e-14,0.008018175170148885
720.5,95.92546739297151,9.116898052074122e-14,0.007998154768153524
720.75,95.93523591400182,9.259864868377119e-14,0.007978184354651504
721.0,95.94498197471115,9.405081798968414e-14,0.007958263804827673
721.25,95.9547056276574,9.552584364921678e-14,0.007938392994178532
721.5,95.96440692875723,9.702408649466474e-14,0.007918571798511449
721.75,95.97408593469265,9.85459130690868e-14,0.007898800093943885
722.0,95.98374269802099,1.0009169571696625e-13,0.007879077756902626
722.25,95.9933772595126,1.0166181267635962e-13,0.007859404664122997
722.5,96.00298963784141,1.0325664817255053e-13,0.007839780692648107
722.75,96.01257987813806,1.0487659251206149e-13,0.007820205719828069
723.0,96.02214803952535,1.0652204217950256e-13,0.00780067962331924
723.25,96.0316941682721,1.0819339993598683e-13,0.007781202281083453
723.5,96.04121831400391,1.0989107491834665e-13,0.007761773571387256
723.75,96.05072052570117,1.1161548274036622e-13,0.0077423933728011495
724.0,96.06020084976782,1.1336704559557445e-13,0.00772306156419883
724.25,96.06965932971889,1.1514619236163466e-13,0.007703778024756431
724.5,96.07909600703465,1.1695335870636757e-13,0.007684542633951768
724.75,96.08851092272967,1.1878898719544445e-13,0.007665355271563585
725.0,96.09790411918442,1.2065352740178647e-13,0.007646215817670806
725.25,96.10727564178781,1.2254743601670772e-13,0.007627124152651781
725.5,96.11662553993821,1.2447117696283734e-13,0.007608080157183542
725.75,96.12595386695148,1.264252215088584e-13,0.007589083712241056
726.0,96.13526067842342,1.2841004838609947e-13,0.007570134699096479
726.25,96.14454602859524,1.304261439070156e-13,0.007551232999318418
726.5,96.1538099642695,1.3247400208559556e-13,0.007532378494771188
726.75,96.16305251582493,1.3455412475973132e-13,0.007513571067614074
727.0,96.1722736986261,1.3666702171530384e-13,0.007494810600300595
727.25,96.18147357763604,1.38813210811073e-13,0.00747609697557777
727.5,96.19065219955336,1.4099321810827534e-13,0.007457430076485383
727.75,96.19980961132958,1.4320757800026258e-13,0.007438809786355255
728.0,96.2089458614284,1.454568333447141e-13,0.00742023598881051
728.25,96.21806099672486,1.4774153559804587e-13,0.007401708567764855
728.5,96.2271550612414,1.5006224495191322e-13,0.007383227407421847
728.75,96.23622809629147,1.524195304718517e-13,0.007364792392274175
729.0,96.24528014160177,1.5481397023810147e-13,0.007346403407102933
729.25,96.25431123698422,1.5724615148865907e-13,0.007328060336976905
729.5,96.26332142412838,1.5971667076460196e-13,0.007309763067251842
729.75,96.2723107480854,1.6222613405773e-13,0.007291511483569749
730.0,96.28127925801452,1.64775156960569e-13,0.00727330547185817
730.25,96.29022700676296,1.6736436481878047e-13,0.007255144918329471
730.5,96.29915404885016,1.699943928860229e-13,0.007237029709480134
730.75,96.3080604364275,1.726658864813087e-13,0.007218959732090045
731.0,96.31694621278425,1.753795011489018e-13,0.007200934873221787
731.25,96.32581140297083,1.7813590282080039e-13,0.007182955020219933
731.5,96.3346560237634,1.8093576798140438e-13,0.007165020060710342
731.75,96.34348014232566,1.837797838340481e-13,0.007147129882599462
732.0,96.3522838019612,1.866686484727142e-13,0.007129284374073618
732.25,96.36106704867566,1.896030710542459e-13,0.007111483423598326
732.5,96.36982992961666,1.9258377197403136e-13,0.007093726919917586
732.75,96.37857249019136,1.9561148304451122e-13,0.007076014752053195
733.0,96.3872947729265,1.9868694767648873e-13,0.007058346809304044
733.25,96.39599681766403,2.0181092106329747e-13,0.007040722981245434
733.5,96.40467866268591,2.049841703678811e-13,0.007023143157728382
733.75,96.41334034636128,2.0820747491283961e-13,0.007005607228878935
734.0,96.42198190890929,2.1148162637349706e-13,0.00698811508509748
734.25,96.43060339387114,2.1480742897404483e-13,0.006970666617058061
734.5,96.43920484888442,2.1818569968681545e-13,0.006953261715707697
734.75,96.44778632535329,2.216172684347413e-13,0.006935900272265697
735.0,96.45634787660772,2.251029782970529e-13,0.0069185821782229845
735.25,96.46488955414516,2.286436857182714e-13,0.006901307325341414
735.5,96.47341140154799,2.3224026072054975e-13,0.0068840756056531
735.75,96.48191344567012,2.3589358711941707e-13,0.006866886911459738
736.0,96.49039569675638,2.3960456274279015e-13,0.0068497411353319335
736.25,96.49885821793254,2.4337409965257556e-13,0.00683263817010853
736.5,96.50730105416969,2.472031243720788e-13,0.006815577908895939
736.75,96.51572424934899,2.510925781152001e-13,0.006798560245067474
737.0,96.52412784940216,2.550434170197066e-13,0.006781585072262679
737.25,96.53251189903183,2.5905661238434216e-13,0.006764652284386669
737.5,96.54087644020555,2.631331509096868e-13,0.006747761775609466
737.75,96.54922151203841,2.672740349428319e-13,0.006730913440365334
738.0,96.55754715167978,2.7148028272593844e-13,0.006714107173352124
738.25,96.56585339581876,2.7575292864874466e-13,0.006697342869530612
738.5,96.57414028242404,2.8009302350508955e-13,0.0066806204241238445
738.75,96.58240785233284,2.8450163475351933e-13,0.006663939732616484
739.0,96.59065615030441,2.889798467820431e-13,0.0066473006907541545
739.25,96.59888522515297,2.935287611771047e-13,0.00663070319454279
739.5,96.60709512857534,2.9814949699683674e-13,0.006614147140247984
739.75,96.61528591228844,3.028431910486648e-13,0.006597632424394346
740.0,96.62345762309168,3.076109981713267e-13,0.006581158943764847
740.25,96.63161029546936,3.12454091521375e-13,0.00656472659540018
740.5,96.63974394134844,3.1737366286422855e-13,0.006548335276598114
740.75,96.6478585923984,3.2237092286958775e-13,0.006531984884912852
741.0,96.65595431021359,3.2744710141217565e-13,0.006515675318154396
741.25,96.66403113412511,3.32603447877101e-13,0.006499406474387899
741.5,96.6720891081729,3.378412314695675e-13,0.0064831782519330335
741.75,96.68012827676294,3.4316174152983176e-13,0.006466990549363358
742.0,96.68814868224152,3.485662878531808e-13,0.0064508432655056794
742.25,96.69615036402226,3.540562010150119e-13,0.00643473629943942
742.5,96.70413335890261,3.5963283270109413e-13,0.006418669550495991
742.75,96.71209770220605,3.652975560430947e-13,0.006402642918258158
743.0,96.72004342938602,3.7105176595945014e-13,0.006386656302559418
743.25,96.72797057772841,3.7689687950166407e-13,0.0063707096034833705
743.5,96.73587918778836,3.828343362061129e-13,0.006354802721363096
743.75,96.74376930419815,3.8886559845144047e-13,0.006338935556780528
744.0,96.75164097548216,3.9499215182162356e-13,0.006323108010565837
744.25,96.75949425251538,4.012155054747881e-13,0.006307319983796809
744.5,96.76732918526177,4.0753719251785954e-13,0.006291571377798225
744.75,96.77514581742868,4.139587703871263e-13,0.006275862094141245
745.0,96.78294417867377,4.2048182123479985e-13,0.006260192034642797
745.25,96.79072427489898,4.271079523216634e-13,0.006244561101364956
745.5,96.79848614833018,4.3383879641713585e-13,0.006228969196614342
745.75,96.80622985372342,4.406760122049466e-13,0.006213416222941496
746.0,96.81395542985975,4.47621284694484e-13,0.0061979020831402845
746.25,96.82166291967609,4.5467632563941767e-13,0.006182426680247283
746.5,96.82935236619657,4.618428739627349e-13,0.006166989917541173
746.75,96.83702381027888,4.691226961886145e-13,0.006151591698542137
747.0,96.84467728983242,4.76517586881237e-13,0.0061362319270112575
747.25,96.85231284016534,4.840293690906279e-13,0.006120910506949913
747.5,96.8599304951171,4.916598948056376e-13,0.006105627342599176
747.75,96.86753028863365,4.994110454141513e-13,0.006090382338439223
748.0,96.87511225644201,5.072847321706314e-13,0.006075175399188726
748.25,96.88267643748108,5.15282896671091e-13,0.0060600064298042666
748.5,96.89022287474579,5.234075113355954e-13,0.006044875335479738
748.75,96.89775161520112,5.316605798983926e-13,0.0060297820216457495
749.0,96.90526270842331,5.400441379057704e-13,0.006014726393969042
749.25,96.9127562036247,5.485602532217396e-13,0.0059997083583518945
749.5,96.92023214471948,5.572110265416419e-13,0.005984727820931535
749.75,96.92769056308693,5.659985919137812e-13,0.005969784688079556
750.0,96.93513146768926,5.749251172691783e-13,0.0059548788664013285
750.25,96.94255488065117,5.839928049622688e-13,0.00594001026273542
750.5,96.9499608665985,5.932038923205323e-13,0.005925178784153009
750.75,96.95734946127699,6.025606521969078e-13,0.005910384337957306
751.0,96.96472070567722,6.12065393536324e-13,0.0058956268316829735
751.25,96.97207464182546,6.217204619492974e-13,0.005880906173095552
751.5,96.97941131008575,6.315282402948329e-13,0.005866222270190876
751.75,96.98673074797763,6.41491149272767e-13,0.005851575031194505
752.0,96.99403299018564,6.516116480256716e-13,0.005836964364561148
752.25,97.00131806943803,6.618922347504394e-13,0.005822390178974092
752.5,97.0085860179312,6.723354473196701e-13,0.005807852383344629
752.75,97.0158368689767,6.829438639129766e-13,0.00579335088681149
753.0,97.0230706585479,6.937201036583329e-13,0.0057788855987402745
753.25,97.03028742640265,7.046668272835821e-13,0.005764456428722886
753.5,97.0374872164594,7.157867377782233e-13,0.005750063286576963
753.75,97.04467007610303,7.270825810656006e-13,0.005735706082345324
754.0,97.0518360540976,7.385571466856097e-13,0.005721384726295394
754.25,97.0589851967827,7.502132684880459e-13,0.005707099128918652
754.5,97.06611754223026,7.620538253367108e-13,0.0056928492009300675
754.75,97.07323311203864,7.740817418243978e-13,0.005678634853267546
755.0,97.08033190479469,7.86299988999425e-13,0.005664455997091368
755.25,97.08741397291305,7.987115851144645e-13,0.005650312543783637
755.5,97.09447936338432,8.113195963709123e-13,0.0056362044049477235
755.75,97.10152811282671,8.241271376810837e-13,0.005622131492407714
756.0,97.10856026168982,8.371373734445708e-13,0.005608093718207862
756.25,97.11557585042401,8.503535183348336e-13,0.00559409099461203
756.5,97.12257491731853,8.637788380986835e-13,0.005580123234103154
756.75,97.12955749770454,8.774166503688014e-13,0.005566190349382683
757.0,97.1365236242191,8.912703254894372e-13,0.005552292253370044
757.25,97.14347332782633,9.053432873554331e-13,0.005538428859202091
757.5,97.15040663929207,9.19639014264716e-13,0.005524600080232567
757.75,97.15732359080789,9.341610397844022e-13,0.005510805830031559
758.0,97.16422421746078,9.4891295363066e-13,0.005497046022384958
758.25,97.17110855824484,9.638984025624735e-13,0.005483320571293922
758.5,97.17797665631072,9.79121091289452e-13,0.005469629390974337
758.75,97.18482855814939,9.945847833938295e-13,0.005455972395856283
759.0,97.1916643114062,1.0102933022667996e-12,0.005442349500583497
759.25,97.1984839610213,1.0262505320593263e-12,0.005428760620012838
759.5,97.20528754339281,1.0424604186475805e-12,0.005415205669213761
759.75,97.2120750782588,1.0589269706131416e-12,0.005401684563467777
760.0,97.21884656137493,1.0756542602389592e-12,0.005388197218267934
760.25,97.22560204250932,1.0926464245427143e-12,0.0053747435493182805
760.5,97.23234156949879,1.1099076662940995e-12,0.005361323472533342
760.75,97.23906517709459,1.1274422550589645e-12,0.005347936904037595
761.0,97.24577290430116,1.145254528266121e-12,0.005334583760164944
761.25,97.2524647904444,1.1633488922859427e-12,0.0053212639574581975
761.5,97.25914087287303,1.1817298235268299e-12,0.005307977412668545
761.75,97.26580118600758,1.2004018695497097e-12,0.005294724042755039
762.0,97.2724457614521,1.2193696502007445e-12,0.005281503764884076
762.25,97.27907462888335,1.2386378587624188e-12,0.005268316496428875
762.5,97.28568781743229,1.258211263123179e-12,0.005255162154968968
762.75,97.29228535727286,1.278094706965798e-12,0.005242040658289677
763.0,97.29886728113277,1.2982931109746322e-12,0.005228951924381607
763.25,97.30543362544121,1.3188114740619509e-12,0.005215895871440127
763.5,97.31198443082847,1.3396548746135013e-12,0.005202872417864867
763.75,97.31851974169206,1.3608284717534893e-12,0.005189881482259199
764.0,97.32503960454449,1.3823375066291405e-12,0.005176922983429734
764.25,97.3315440648573,1.40418730371502e-12,0.005163996840385813
764.5,97.33803316211642,1.4263832721372789e-12,0.005151102972339
764.75,97.34450692280362,1.4489309070180003e-12,0.005138241298702581
765.0,97.35096535101886,1.4718357908398192e-12,0.005125411739091051
765.25,97.35740845333646,1.4951035948481612e-12,0.005112614213319624
765.5,97.36383629878758,1.5187400804926736e-12,0.0050998486414037215
765.75,97.3702489189408,1.5427511008187195e-12,0.005087114943558479
766.0,97.37664634982112,1.5671426019452158e-12,0.005074413040198245
766.25,97.38302862971186,1.5919206245443246e-12,0.005061742851936082
766.5,97.38939579603739,1.6170913053447648e-12,0.005049104299583272
766.75,97.39574788369454,1.6426608786601852e-12,0.005036497304148824
767.0,97.40208492456546,1.6686356779427988e-12,0.0050239217868389766
767.25,97.40840694794498,1.6950221373624826e-12,0.005011377669056706
767.5,97.41471398161535,1.7218267934115445e-12,0.004998864872401235
767.75,97.42100605330123,1.749056286535358e-12,0.004986383318667547
768.0,97.42728319223802,1.7767173627890671e-12,0.004973932929845889
768.25,97.43354543058632,1.8048168755205658e-12,0.004961513628121292
768.5,97.4397928044254,1.83336178707995e-12,0.0049491253358730815
768.75,97.44602535405879,1.8623591705556483e-12,0.004936767975674391
769.0,97.45224312336482,1.8918162115374285e-12,0.00492444147029168
769.25,97.45844615792495,1.921740209906488e-12,0.004912145742684251
769.5,97.46463450166297,1.952138581652825e-12,0.004899880716003767
769.75,97.47080819172794,1.9830188607200946e-12,0.004887646313593773
770.0,97.47696725135373,2.0143887008781543e-12,0.004875442458989215
770.25,97.48311168042821,2.0462558776234912e-12,0.004863269075915963
770.5,97.48924148570902,2.0786282901428916e-12,0.004851126088290332
770.75,97.49535673687556,2.1115139633298766e-12,0.004839013420218615
771.0,97.50145746347455,2.1449210497042824e-12,0.004826930995996594
771.25,97.50754370014322,2.1788578314831648e-12,0.004814878740109083
771.5,97.51361548391785,2.213332722642221e-12,0.0048028565772294425
771.75,97.51967285110264,2.2483542710104952e-12,0.004790864432219118
772.0,97.52571583554116,2.2839311604003755e-12,0.004778902230127163
772.25,97.53174446804128,2.3200722127731072e-12,0.004766969896189778
772.5,97.53775877670354,2.356786390440053e-12,0.004755067355829839
772.75,97.54375878790373,2.394082798299938e-12,0.00474319453465643
773.0,97.54974452767955,2.431970686112306e-12,0.004731351358464382
773.25,97.55571602327221,2.470459450807418e-12,0.004719537753233805
773.5,97.5616733045729,2.5095586388328288e-12,0.004707753645129632
773.75,97.56761640522488,2.549277948536869e-12,0.004695998960501148
774.0,97.5735453631312,2.5896272325892684e-12,0.004684273625881537
774.25,97.57946022011873,2.6306165004391456e-12,0.004672577567987422
774.5,97.58536102050854,2.6722559208106023e-12,0.004660910713718404
774.75,97.59124780834337,2.7145558242361513e-12,0.004649272990156607
775.0,97.59712062302215,2.7575267056282067e-12,0.004637664324566223
775.25,97.6029794930923,2.8011792268888725e-12,0.004626084644393055
775.5,97.60882442794987,2.8455242195582597e-12,0.004614533877264067
775.75,97.61465541310453,2.8905726875102273e-12,0.004603011950986925
776.0,97.62047250409832,2.9363358098341693e-12,0.004591518793549557
776.25,97.62627574422672,2.9828249435073504e-12,0.004580054333119692
776.5,97.63206516362888,3.0300516262346193e-12,0.0045686184980444165
776.75,97.63784079726413,3.0780275793513975e-12,0.004557211216849725
777.0,97.64360268095963,3.126764710740672e-12,0.004545832418240076
777.25,97.64935084893779,3.1762751177999876e-12,0.004534482031097941
777.5,97.65508533259069,3.2265710904587005e-12,0.004523159984483367
777.75,97.66080616026882,3.277665114245746e-12,0.004511866207633526
778.0,97.66651335785089,3.3295698734081683e-12,0.004500600629962278
778.25,97.67220694986229,3.3822982540806844e-12,0.004489363181059728
778.5,97.67788696090906,3.435863347506514e-12,0.004478153790691784
778.75,97.68355341719476,3.4902784533097502e-12,0.004466972388799724
779.0,97.68920634788715,3.545557082819512e-12,0.004455818905499749
779.25,97.69484578610205,3.6017129624461445e-12,0.004444693271082556
779.5,97.7004717692714,3.65876003710971e-12,0.004433595416012894
779.75,97.70608433866276,3.716712473721034e-12,0.004422525270929135
780.0,97.71168353781735,3.775584664715561e-12,0.004411482766642839
780.25,97.71726940967379,3.8353912316402596e-12,0.00440046783413832
780.5,97.72284199214474,3.8961470287938594e-12,0.0043894804045722146
780.75,97.72840131191356,3.9578671469206464e-12,0.004378520409273056
781.0,97.73394737621813,4.02056691695809e-12,0.004367587779740839
781.25,97.73948016659119,4.0842619138492694e-12,0.004356682447646595
781.5,97.74499973525283,4.148967960674023e-12,0.004345804344831967
781.75,97.7505061280721,4.214701132406809e-12,0.004334953403308776
782.0,97.75599937301601,4.281477759916791e-12,0.004324129555258608
782.25,97.7614795034766,4.34931443410164e-12,0.004313332733032377
782.5,97.76694655418203,4.418228010016027e-12,0.004302562869149911
782.75,97.77240055855536,4.4882356110718995e-12,0.00429181989629953
783.0,97.77784154730418,4.559354633310821e-12,0.00428110374733762
783.25,97.78326954802442,4.631602749748609e-12,0.004270414355288217
783.5,97.78868458560189,4.704997914792548e-12,0.00425975165334259
783.75,97.79408668319444,4.7795583687314344e-12,0.004249115574858817
784.0,97.79947586357845,4.855302642298708e-12,0.004238506053361377
784.25,97.80485215064263,4.932249561308933e-12,0.004227923022540729
784.5,97.81021557081273,5.0104182513678956e-12,0.004217366416252896
784.75,97.81556615419021,5.089828142656562e-12,0.004206836168519059
785.0,97.82090393518834,5.1704989747891744e-12,0.004196332213525139
785.25,97.826228952449,5.252450801745734e-12,0.004185854485621383
785.5,97.83154124782342,5.33570399687913e-12,0.004175402919321962
785.75,97.83684086420031,5.420279257997187e-12,0.004164977449304556
786.0,97.84212784196451,5.506197612519875e-12,0.004154578010409944
786.25,97.8474022138696,5.593480422711949e-12,0.004144204537641604
786.5,97.85266399810777,5.682149390991286e-12,0.0041338569661653
786.75,97.85791318936012,5.772226565313161e-12,0.004123535231308678
787.0,97.86314977269714,5.8637343447407834e-12,0.004113239268560866
787.25,97.86837382273401,5.956695485467348e-12,0.004102969013572065
787.5,97.87358536901426,6.051133105928485e-12,0.004092724402153153
787.75,97.87878444012067,6.147070692792087e-12,0.004082505370275277
788.0,97.88397106893368,6.2445321068414184e-12,0.004072311854069458
788.25,97.88914528896211,6.3435415889150455e-12,0.0040621437898261895
788.5,97.89430713201259,6.444123765951105e-12,0.00405200111399504
788.75,97.8994566269961,6.5463036571361095e-12,0.004041883763184257
789.0,97.90459379967122,6.650106680158523e-12,0.004031791674160367
789.25,97.90971867312199,6.755558657567347e-12,0.004021724783847785
789.5,97.91483126876999,6.862685823235908e-12,0.0040116830293284176
789.75,97.919931607719,6.97151482893111e-12,0.004001666347841269
790.0,97.92501971223106,7.082072750988333e-12,0.003991674676782051
790.25,97.93009560713314,7.194387097092246e-12,0.003981707953702791
790.5,97.93515932095261,7.308485813163725e-12,0.003971766116311442
790.75,97.94021088658103,7.424397290353113e-12,0.0039618491024714896
791.0,97.94525034126445,7.542150372140054e-12,0.00395195685020157
791.25,97.95027772571942,7.661774361540104e-12,0.003942089297675078
791.5,97.95529308217344,7.783299028418364e-12,0.003932246383219783
791.75,97.96029645112857,7.906754616910354e-12,0.00392242804531744
792.0,97.96528786664715,8.032171852950342e-12,0.003912634222603412
792.25,97.97026734995833,8.159581951907366e-12,0.0039028648538662765
792.5,97.97523490118434,8.289016626329158e-12,0.003893119878047453
792.75,97.98019049261416,8.420508093822017e-12,0.003883399234240814
793.0,97.98513417664276,8.554089085916331e-12,0.003873702861692309
793.25,97.99006600164074,8.68979285560332e-12,0.003864030699799582
793.5,97.99498599152219,8.827653185556626e-12,0.003854382688111595
793.75,97.99989417664415,8.967704396807353e-12,0.003844758766328248
794.0,98.00479058953199,9.109981357279085e-12,0.0038351588743000026
794.25,98.00967526197411,9.254519490476213e-12,0.0038255829520275073
794.5,98.01454822329949,9.40135478432565e-12,0.003816030939661222
794.75,98.01940949965201,9.550523800172033e-12,0.0038065027775010425
795.0,98.02425911407494,9.702063681926522e-12,0.00379699840599593
795.25,98.02909708721923,9.856012165369307e-12,0.0037875177657435356
795.5,98.0339234384895,1.0012407587605902e-11,0.003778060797489833
795.75,98.03873818744111,1.0171288896677365e-11,0.0037686274421287443
796.0,98.04354135524211,1.0332695661324523e-11,0.0037592176407017733
796.25,98.04833296601356,1.0496668080906295e-11,0.003749831334397636
796.5,98.05311304786207,1.0663246995472264e-11,0.0037404684645518924
796.75,98.05788163341809,1.0832473895989536e-11,0.003731128972646581
797.0,98.06263875969347,1.1004390934724054e-11,0.0037218128003098537
797.25,98.0673844670723,1.117904093577642e-11,0.0037125198893156078
797.5,98.07211879724818,1.1356467405772357e-11,0.003703250181583125
797.75,98.076841789922,1.1536714544707907e-11,0.003694003619176709
798.0,98.08155347807369,1.171982725694946e-11,0.0036847801443053193
798.25,98.08625388162146,1.1905851162388749e-11,0.0036755796993222147
798.5,98.09094299928248,1.209483260775285e-11,0.0036664022267245897
798.75,98.0956207990827,1.2286818678077543e-11,0.0036572476691532174
799.0,98.1002873134862,1.2481857209718877e-11,0.003648115969392089
799.25,98.1049426095063,1.2679996801963937e-11,0.0036390070703680587
799.5,98.10958671302966,1.2881286828212069e-11,0.0036299209151504836
799.75,98.1142196498913,1.308577744885883e-11,0.0036208574469508707
800.0,98.11884144587646,1.3293519623852583e-11,0.003611816609122522
