t,x,y,z
0.0,30.0,10.0,10.0
0.25,27.79955306109348,9.992772722208954,9.999993999514583
0.5,25.754431074543124,9.97074310733103,9.999951587656094
0.75,23.849187525507165,9.933418055052277,9.999835271113925
1.0,22.071176771025456,9.880353555325797,9.99960647734171
1.25,20.410008495000927,9.811169915025046,9.999225698195387
1.5,18.857110096613688,9.725568571557309,9.998652674391618
1.75,17.40536880414272,9.62335027374095,9.997846621205198
2.0,16.048833797228504,9.504433953874214,9.996766502254097
2.25,14.78246401739515,9.368875668736544,9.99537134828276
2.5,13.601912182967183,9.216886496300345,9.993620622983803
2.75,12.503338633368767,9.04884829813563,9.991474627898802
3.0,11.483251531170877,8.865325803004147,9.988894943975128
3.25,10.538371565999421,8.667073753731373,9.985844894141684
3.5,9.665520775912178,8.455037663386404,9.982290017122203
3.75,8.861535683183206,8.230347304346706,9.978198529803622
4.0,8.123204887938359,7.994302194333447,9.973541765799634
4.25,7.447230807431671,7.74834932731559,9.968294564225692
4.5,6.830214247276118,7.494053794959777,9.962435594932959
4.75,6.268659402938452,7.233063890671356,9.95594759974322
5.0,5.758995726726361,6.96707257561845,9.948817543598215
5.25,5.29761232570626,6.697777774181469,9.94103666537128
5.5,4.880900101036736,6.4268438235072765,9.932600431334766
5.75,4.505296910217281,6.155866322095119,9.923508395437988
6.0,4.167331618205798,5.886342039185504,9.913763979168044
6.25,3.8636637064468515,5.619645101307877,9.903374183697599
6.5,3.591116188196506,5.357009935210194,9.892349252101807
6.75,3.3467006103183867,5.099520929314003,9.880702298206147
7.0,3.1276338626958426,4.848108281979491,9.868448918483004
7.25,2.9313472124780073,4.603549204337667,9.855606801413131
7.5,2.7554885075647717,4.366473487859503,9.842195345072621
7.75,2.5979186841291977,4.137372232953005,9.82823529800048
8.0,2.4567039516375933,3.9166089707649343,9.813748420270384
8.25,2.3301047809034143,3.7044320307480847,9.798757179174922
8.5,2.216562857564396,3.5009875625414475,9.783284475427614
8.75,2.1146868883300374,3.3063325539907127,9.76735340326942
9.0,2.023238006632188,3.1204473967314237,9.750987043827536
9.25,1.941115317515712,2.9432477616513446,9.73420828818165
9.5,1.867341985692321,2.774595515870181,9.717039690171829
9.75,1.8010521177313565,2.614308608364699,9.699503345634904
10.0,1.7414785906995176,2.4621698798605274,9.681620795712153
10.25,1.6879419373054634,2.3179348579330856,9.66341294924413
10.5,1.639840249074277,2.1813384997280227,9.644900025523503
10.75,1.5966401095786622,2.052101008033998,9.626101512316836
11.0,1.5578685114299615,1.9299328060582825,9.607036136605748
11.25,1.523105663391347,1.8145387106722504,9.587721847998493
11.5,1.4919786331550866,1.7056214272242625,9.568175811316674
11.75,1.464155753950191,1.6028844705315641,9.54841440585564
12.0,1.4393416801661212,1.506034493275157,9.528453233783516
12.25,1.4172730668687032,1.4147832087540857,9.508307131675926
12.5,1.397714773190169,1.3288489007996425,9.487990187074637
12.75,1.3804565333814607,1.24795759054407,9.467515758614322
13.0,1.3653100474595423,1.1718439327485288,9.44689649805171
13.25,1.3521064315825233,1.1002518688111205,9.426144374275776
13.5,1.3406939800692657,1.0329350616974462,9.40527069924934
13.75,1.3309362116536918,0.9696571828057684,9.384286153980549
14.0,1.3227101530707488,0.9101920499740924,9.363200815345571
14.25,1.3159048324566542,0.8543236488444117,9.342024183140897
14.5,1.3104199597839057,0.801846068910099,9.320765206703609
14.75,1.306164766406955,0.7525633651489906,9.299432311209086
15.0,1.3030569805060834,0.7062893484750539,9.278033423932527
15.25,1.3010219288427942,0.6628473430136598,9.256575999367502
15.5,1.2999917432697103,0.6220699030506412,9.235067043815445
15.75,1.2999046590817727,0.5837985032606653,9.213513139206144
16.0,1.3007043948666426,0.5478832099593338,9.191920466073986
16.25,1.3023396047039004,0.5141823428985361,9.170294825537129
16.5,1.304763392420755,0.4825621324424755,9.148641660295894
16.75,1.3079328773488548,0.45289636430386265,9.126966075077235
17.0,1.3118088114325004,0.4250660356492499,9.105272855764152
17.25,1.3163552367488616,0.39895900973855747,9.083566487814991
17.5,1.3215391802449543,0.3744696781277713,9.061851173727977
17.75,1.3273303812130448,0.3514986311885796,9.040130849605726
18.0,1.3337010475090003,0.3299523371317918,9.018409200891133
18.25,1.3406256365739104,0.3097428298617784,8.996689677340036
18.5,1.3480806593577928,0.290787409763931,8.974975507109713
18.75,1.356044504599219,0.27300835661185385,8.953269710043566
19.0,1.3644972797298764,0.25633265191186366,8.931575110325738
19.25,1.3734206678015484,0.24069171395759698,8.909894348389981
19.5,1.3827977985761344,0.22602114588348862,8.888229892111067
19.75,1.3926131320709911,0.21226049565101857,8.866584047347878
20.0,1.402852352677618,0.19935302629013701,8.844958967933547
20.25,1.4135022724505606,0.18724549593683026,8.82335666515507
20.5,1.4245507453003807,0.1758879546621159,8.801779016437733
20.75,1.4359865873973592,0.16523354761807313,8.780227773698595
21.0,1.4477995048912513,0.15523832925596143,8.758704571176564
21.25,1.459980028239389,0.14586108836179246,8.737210932761354
21.5,1.4725194523646432,0.1370631831204774,8.71574827886367
21.75,1.48540978174608,0.12880838486355836,8.694317932891002
22.0,1.4986436796133753,0.12106272931879057,8.672921127386301
22.25,1.512214422292708,0.11379437885331296,8.651559009684995
22.5,1.5261158569134283,0.1069734917056016,8.630232647266363
22.75,1.5403423622493535,0.10057209812111609,8.608943032806135
23.0,1.554888812934759,0.09456398447252663,8.587691088886944
23.25,1.569750546581775,0.08892458451007204,8.566477672405657
23.5,1.5849233333302502,0.0836308768247176,8.545303578718691
23.75,1.600403347372047,0.0786612876224,8.524169545565753
24.0,1.6161871411851298,0.07399560079474977,8.503076256687153
24.25,1.6322716214756203,0.06961487298013264,8.482024345235418
24.5,1.6486540266752203,0.06550135331020975,8.461014396994601
24.75,1.665331906230515,0.06163840850600853,8.440046953378971
25.0,1.6823031014294922,0.05801045275069491,8.419122514235983
25.25,1.6995657274916358,0.054602881714024644,8.39824154048078
25.5,1.7171181566634446,0.05140201013285548,8.377404456587993
25.75,1.7349590028623607,0.048395014194613936,8.356611652886023
26.0,1.7530871071880239,0.04556987715657335,8.33586348772228
26.25,1.7715015242771144,0.04291533809807837,8.315160289503256
26.5,1.790201509656918,0.04042084413749364,8.294502358594539
26.75,1.8091865079571403,0.038076505754111846,8.27388996909604
27.0,1.8284561418122915,0.03587305480455358,8.253323370510072
27.25,1.8480102012997017,0.03380180484714285,8.232802789318852
27.5,1.8678486342988374,0.03185461455488001,8.212328430436088
27.75,1.8879715373217385,0.03002385321609956,8.191900478576786
28.0,1.9083791468093534,0.028302368246155417,8.171519099547947
28.25,1.9290718310108852,0.026683454915398374,8.151184441450477
28.5,1.9500500823628866,0.0251608280650829,8.130896635801914
28.75,1.971314510265099,0.023728595554263602,8.110655798591011
29.0,1.9928658341489753,0.02238123317650649,8.090462031275324
29.25,2.0147048770893834,0.021113561496367558,8.070315421700899
29.5,2.0368325597220567,0.01992072409957385,8.050216044966525
29.75,2.0592498943932678,0.018798167055385142,8.030163964241096
30.0,2.0819579796660794,0.017741619798374207,8.010159231524181
30.25,2.104957995125823,0.016747077272756976,7.990201888356428
30.5,2.128251196424889,0.015810783189456817,7.970291966486233
30.75,2.1518389104920908,0.014929214217295114,7.950429488500402
31.0,2.1757225310302872,0.014099065295903497,7.93061446840966
31.25,2.1999035142727776,0.013317235991335786,7.910846912192329
31.5,2.224383374812321,0.012580817513077434,7.891126818313326
31.75,2.2491636816591205,0.011887080649761829,7.8714541782062115
32.0,2.2742460544778806,0.011233464499611283,7.851828976723618
32.25,2.2996321599759386,0.010617565921127985,7.832251192559221
32.5,2.325323708393057,0.010037129592255816,7.81272079864616
32.75,2.3513224501008194,0.009490038662882028,7.793237762532231
33.0,2.3776301724474282,0.008974306209387488,7.773802046721715
33.25,2.4042486965863294,0.008488067028444068,7.754413609005457
33.5,2.431179874449389,0.008029570017073025,7.735072402767159
33.75,2.458425585822443,0.007597171046934738,7.715778377269997
34.0,2.4859877355191844,0.00718932630785101,7.69653147792448
34.25,2.5138682506229304,0.006804586055124516,7.677331646540469
34.5,2.542069077767321,0.006441588697400994,7.658178821566155
34.75,2.57059218053598,0.006099055330687676,7.639072938308615
35.0,2.5994395369365177,0.005775784639579465,7.620013929139625
35.25,2.628613136879992,0.005470648041381469,7.601001723692518
35.5,2.658114979739584,0.005182585174573451,7.582036249044971
35.75,2.6879470719657608,0.004910599681816342,7.563117429889951
36.0,2.718111424749128,0.00465375526394401,7.54424518869579
36.25,2.7486100517113363,0.004411171965603651,7.5254194458572
36.5,2.7794449666089243,0.004182022659475557,7.506640119838694
36.75,2.8106181811252897,0.003965529823503785,7.487907127305492
37.0,2.8421317026744735,0.0037609624981519672,7.469220383247529
37.25,2.8739875322116375,0.0035676334043023604,7.450579801097284
37.5,2.906187662083444,0.00338489626095743,7.431985292839404
37.75,2.938734073907408,0.0032121432777438013,7.413436769113216
38.0,2.971628736474347,0.0030488028076525626,7.394934139308756
38.25,3.0048736036619585,0.0028943371373480902,7.376477311657375
38.5,3.0384706123480125,0.0027482403929581663,7.358066193317936
38.75,3.0724216803643625,0.0026100366058625355,7.339700690456177
39.0,3.1067287044787,0.00247927791833777,7.32138070831824
39.25,3.1413935583509227,0.002355542853909918,7.303106151302109
39.5,3.1764180905187938,0.002238434716745818,7.284876923023578
39.75,3.2118041223954417,0.00212758009142037,7.266692926378114
40.0,3.247553446280332,0.0020226274403179756,7.248554063598696
40.25,3.283667823376814,0.0019232457859224854,7.230460236310241
40.5,3.320148981809368,0.0018291234652499746,7.212411345581206
40.75,3.3569986146384014,0.0017399669489682151,7.194407291972704
41.0,3.3942183779223845,0.001655499776984231,7.176447975582267
41.25,3.4318098887578916,0.001575461529574738,7.1585332960866
41.5,3.4697747233261556,0.001499606860356609,7.140663152781785
41.75,3.5081144149509775,0.001427704593791147,7.122837444620791
42.0,3.546830452166315,0.0013595368804535145,7.105056070248558
42.25,3.58592427679305,0.001294898406290503,7.087318928034832
42.5,3.6253972820214773,0.0012335956489097392,7.069625916105093
42.75,3.665250810496049,0.0011754461739434295,7.051976932369906
43.0,3.705486152399975,0.0011202779655572262,7.034371874552983
43.25,3.7461045435740776,0.0010679288218344652,7.016810640216186
43.5,3.787107163636214,0.0010182457798719616,6.999293126783436
43.75,3.8284951340980458,0.0009710845626262285,6.981819231563897
44.0,3.8702695165014003,0.0009263090677832936,6.9643888517732995
44.25,3.9124313105665234,0.0008837908871940955,6.947001884553982
44.5,3.954981452355582,0.0008434088573946689,6.929658226993607
44.75,3.997920812450289,0.0008050486375467987,6.912357776142725
45.0,4.041250194142512,0.0007686023111348233,6.895100429031385
45.25,4.084970331636722,0.000733968007754264,6.877886082684957
45.5,4.129081888265368,0.0007010495431969278,6.86071463413927
45.75,4.1735854547491265,0.0006697561027000194,6.843585980453535
46.0,4.218481547456706,0.0006400019269110328,6.826500018723482
46.25,4.2637706066868395,0.0006117060161055816,6.809456646093696
46.5,4.3094529949769,0.0005847918551986227,6.792455759769054
46.75,4.355528995436618,0.0005591871550249456,6.775497257025449
47.0,4.4019988101099745,0.0005348236101996831,6.758581035219792
47.25,4.44886255836566,0.0005116366717085633,6.741706991799392
47.5,4.496120275316466,0.0004895653323776198,6.724875024310793
47.75,4.543771910268009,0.00046855192337207763,6.708085030408182
48.0,4.591817325197148,0.0004485419198741361,6.691336907861457
48.25,4.640256293268735,0.0004294837599084477,6.6746305545636835
48.5,4.689088497409523,0.0004113286883511403,6.657965868537199
48.75,4.738313528890471,0.00039403058886590083,6.641342747940665
49.0,4.787930885965806,0.00037754583623873095,6.624761091075018
49.25,4.8379399725512,0.0003618331550709835,6.608220796389211
49.5,4.8883400969482205,0.00034685348738220967,6.591721762485534
49.75,4.939130470616661,0.00033256986852807304,6.575263888124578
50.0,4.990310206995953,0.0003189473105440654,6.558847072229867
50.25,5.0418783203768385,0.00030595269202575914,6.5424712138922105
50.5,5.093833724824491,0.00029355465365633025,6.526136212373843
50.75,5.146175233154263,0.00028172349849208745,6.509841967112369
51.0,5.198901555961591,0.0002704310962960348,6.49358837772458
51.25,5.252011300726204,0.00025965080190934535,6.477375344009446
51.5,5.305502970967866,0.0002493573742727259,6.461202765951189
51.75,5.35937496545816,0.00023952689539450092,6.445070543722467
52.0,5.413625577503585,0.0002301366984073139,6.428978577687057
52.25,5.468252994292736,0.00022116529842396618,6.412926768402439
52.5,5.5232552963129,0.00021259232776957293,6.396915016622179
52.75,5.578630456837248,0.00020439847518641485,6.380943223298133
53.0,5.634376341483811,0.00019656542860786453,6.365011289582481
53.25,5.690490707847452,0.00018907582109776647,6.349119116829634
53.5,5.746971205206007,0.00018191317955164955,6.333266606598028
53.75,5.803815374301795,0.00017506187575615093,6.317453660651818
54.0,5.861020647199687,0.00016850707940303024,6.301680180962521
54.25,5.91858434722515,0.0001622347135656991,6.285946069710536
54.5,5.976503689000161,0.00015623142019939525,6.270251229286012
54.75,6.034775778537403,0.00015048451815048228,6.254595562290334
55.0,6.0933976134290475,0.00014498196685783758,6.238978971537234
55.25,6.1523660831178875,0.00013971233235898138,6.2234013600538125
55.5,6.211677969253933,0.00013466475480065684,6.207862631081494
55.75,6.2713299461386685,0.00012982891795209868,6.192362688076885
56.0,6.331318581257238,0.00012519502054948365,6.1769014347125495
56.25,6.3916403358988,0.00012075374930005699,6.161478774877699
56.5,6.452291565865312,0.00011649625337442859,6.146094612678827
56.75,6.513268522269005,0.00011241412021553246,6.130748852440282
57.0,6.574567352418791,0.00010849935249274365,6.115441398704793
57.25,6.6361841007958615,0.00010474434602964581,6.100172156233972
57.5,6.698114710118736,0.000101141868533944,6.084941030008775
57.75,6.760355022499309,9.7685039312001e-05,6.069747925229939
58.0,6.8229007807040984,9.436731492885045e-05,6.054592747317966
58.25,6.885747629481282,9.118246979013321e-05,6.039475401913565
58.5,6.948891116990918,8.812457927223584e-05,6.024395794877908
58.75,7.012326696320778,8.518800461499141e-05,6.009353832292782
59.0,7.076049727089716,8.236737811604525e-05,5.99434942046075
59.25,7.140055477140498,7.965758921466764e-05,5.9793824659052595
59.5,7.2043391243205175,7.705377139749152e-05,5.9644528753707124
59.75,7.268895758348823,7.455128985865261e-05,5.949560555822506
60.0,7.333720382767929,7.214572984681004e-05,5.934705414447031
60.25,7.398807916978806,6.9832885631525e-05,5.9198873586516445
60.5,7.464153198357533,6.760875002147546e-05,5.905106296064629
60.75,7.529750984452014,6.546950436698437e-05,5.890362134535119
61.0,7.595595955257227,6.341150897933949e-05,5.875654782133023
61.25,7.6616827155674185,6.143129389938237e-05,5.860984147148936
61.5,7.728005797403703,5.952554994784428e-05,5.8463501380940395
61.75,7.794559662518629,5.7691120454659655e-05,5.831752663699966
62.0,7.86133870498551,5.59249965382942e-05,5.817191632918359
62.25,7.928337253821361,5.422430752099306e-05,5.802666954920901
62.5,7.99554957570669,5.258631437735144e-05,5.788178539099069
62.75,8.062969877756865,5.100840343133635e-05,5.773726295063892
63.0,8.1305923103543,4.948808013817529e-05,5.75931013264572
63.25,8.198410970041046,4.8022963225226836e-05,5.7449299618939635
63.5,8.266419902468302,4.661077916753213e-05,5.7305856930768275
63.75,8.334613105399407,4.5249356973746244e-05,5.716277236681024
64.0,8.402984531762801,4.393662325814852e-05,5.702004503411472
64.25,8.47152809275148,4.267059757443088e-05,5.687767404190986
64.5,8.54023766096552,4.144938798696316e-05,5.673565850159949
64.75,8.609107073594114,4.027118685523439e-05,5.659399752675991
65.0,8.678130135633728,3.913426680716926e-05,5.645269023313645
65.25,8.74730062313884,3.803697687701851e-05,5.631173573864006
65.5,8.816612286501822,3.69777387835226e-05,5.617113316334388
65.75,8.886058853758483,3.595504332404733e-05,5.603088162947975
66.0,8.955634033915775,3.496744686039082e-05,5.589098026143479
66.25,9.02533152030149,3.401356803330845e-05,5.575142818574775
66.5,9.095144993965173,3.3092086652979904e-05,5.561222453110326
66.75,9.16506812701969,3.2201739511477715e-05,5.547336842832946
67.0,9.23509458603167,3.1341317630896056e-05,5.533485901039402
67.25,9.305218035416262,3.0509663983586133e-05,5.519669541239993
67.5,9.375432140825433,2.970567104377196e-05,5.5058876771581415
67.75,9.445730572533394,2.8928278473285157e-05,5.492140222729993
68.0,9.51610700881547,2.8176470933538008e-05,5.478427092103994
68.25,9.586555139316678,2.7449276015854034e-05,5.464748199640478
68.5,9.657068668406332,2.6745762282275288e-05,5.451103459911235
68.75,9.727641318514884,2.6065037408965728e-05,5.437492787699084
69.0,9.798266833449368,2.5406246424329768e-05,5.423916097997439
69.25,9.86893898168367,2.4768570033965404e-05,5.41037330600987
69.5,9.939651559619914,2.4151223024571087e-05,5.3968643271496655
69.75,10.010398394817294,2.355345273892558e-05,5.383389077039391
70.0,10.081173349184542,2.2974537614060106e-05,5.369947471510446
70.25,10.151970322132419,2.2413785774742003e-05,5.356539426602617
70.5,10.222783253682419,2.1870533674389144e-05,5.343164858563639
70.75,10.293606127528044,2.134414477553436e-05,5.32982368384875
71.0,10.36443297404486,2.0834008261959135e-05,5.316515819120251
71.25,10.435257873245687,2.0339537774615823e-05,5.303241181247061
71.5,10.506074957684888,1.9860170360696676e-05,5.289999687304263
71.75,10.576878415385384,1.939536657407277e-05,5.276791254572504
72.0,10.647662492585608,1.8944608264610904e-05,5.26361580053769
72.25,10.718421496425975,1.8507397863442984e-05,5.250473242890497
72.5,10.789149797628822,1.8083257587431873e-05,5.237363499525895
72.75,10.85984183310353,1.7671728565649777e-05,5.224286488542688
73.0,10.9304921084761,1.7272370010574538e-05,5.211242128243059
73.25,11.001095200542244,1.6884758431713587e-05,5.1982303371321015
73.5,11.071645759643062,1.6508486889365426e-05,5.185251033917358
73.75,11.14213851196238,1.6143164286228404e-05,5.172304137508354
74.0,11.212568261744812,1.5788414694566618e-05,5.159389567016133
74.25,11.282929893433616,1.544387671664276e-05,5.146507241752787
74.5,11.353218373727422,1.5109202876127672e-05,5.133657081230996
74.75,11.423428753554884,1.4784059038196506e-05,5.120839005163549
75.0,11.493556169966347,1.4468123856021192e-05,5.108052933462885
75.25,11.56359584794158,1.4161088241369122e-05,5.095298786240619
75.5,11.63354310211265,1.3862654857017785e-05,5.082576483807081
75.75,11.703393338401021,1.3572537628695227e-05,5.069885946670841
76.0,11.773142055567918,1.3290461274256086e-05,5.057227095538245
76.25,11.842784846677052,1.3016160847803057e-05,5.044599851312954
76.5,11.91231740046876,1.2749381296463585e-05,5.032004135095471
76.75,11.981735502644646,1.2489877027531574e-05,5.019439868182685
77.0,12.051035037061762,1.2237411483683962e-05,5.006906972067401
77.25,12.120211986835436,1.1991756723981937e-05,4.994405368437886
77.5,12.189262435349175,1.1752693009062957e-05,4.981934979177411
77.75,12.258182566871081,1.1520008961470373e-05,4.969495726363704
78.0,12.326968667953214,1.1293501139238734e-05,4.957087532268509
78.25,12.395617128056562,1.1072973241084745e-05,4.94471031935719
78.5,12.464124439864243,1.0858236099822457e-05,4.932364010288217
78.75,12.53248719992786,1.0649107388422022e-05,4.920048527912705
79.0,12.600702109209923,1.0445411339908013e-05,4.9077637952739535
79.25,12.668765973525261,1.0246978480534307e-05,4.895509735606979
79.5,12.736675703884336,1.0053645375672427e-05,4.88328627233806
79.75,12.804428316741413,9.865254387850377e-06,4.871093329084265
80.0,12.872020934150527,9.681653446378876e-06,4.858930829653001
80.25,12.939450783832122,9.502695828001973e-06,4.846798698041547
80.5,13.006715199153382,9.328239948009024e-06,4.834696858436593
80.75,13.0738116190251,9.158149161244943e-06,4.822625235213779
81.0,13.140737587718082,8.99229157245575e-06,4.810583752937236
81.25,13.207490754601958,8.830539855406323e-06,4.798572336359128
81.5,13.274068873809407,8.67277108020735e-06,4.786590910419188
81.75,13.340469803828645,8.518866548288431e-06,4.774639400244268
82.0,13.406691507027167,8.368711634454285e-06,4.76271773114787
82.25,13.472732049109663,8.222195635461033e-06,4.7508258286297
82.5,13.538589598513003,8.079211624549529e-06,4.738963618375209
82.75,13.604262425741286,7.939656311372663e-06,4.727131026255134
83.0,13.66974890264383,7.80342990675364e-06,4.715327978325049
83.25,13.735047501639057,7.670435991712173e-06,4.703554400824909
83.5,13.800156794887208,7.540581390195554e-06,4.691810220178601
83.75,13.865075453414814,7.413776044951574e-06,4.680095362993492
84.0,13.929802246193859,7.289932895980237e-06,4.668409756059979
84.25,13.994336039178545,7.168967761001252e-06,4.656753326351041
84.5,14.058675794302644,7.050799217374238e-06,4.645126001021794
84.75,14.122820568440293,6.9353484849086305e-06,4.633527707409042
85.0,14.186769512333232,6.822539309000226e-06,4.621958373030842
85.25,14.250521869487391,6.712297843531344e-06,4.610417925586048
85.5,14.314076975041733,6.604552532971568e-06,4.598906292953881
85.75,14.377434254612329,6.499233993116005e-06,4.587423403193487
86.0,14.44059322052435,6.39627542563595e-06,4.575969184543401
86.25,14.503553471077822,6.295612472463925e-06,4.564543565421122
86.5,14.566314692188241,6.1971825021460505e-06,4.553146474422784
86.75,14.628876654195368,6.1009248783394545e-06,4.541777840322653
87.0,14.691239210436715,6.006780887326563e-06,4.530437592072688
87.25,14.753402295792325,5.9146936685208785e-06,4.519125658802099
87.5,14.815365925202821,5.82460814785664e-06,4.507841969816915
87.75,14.877130192162664,5.73647097395313e-06,4.496586454599543
88.0,14.938695267190614,5.650230456944395e-06,4.485359042808331
88.25,15.00006139627935,5.565836509865141e-06,4.474159664277137
88.5,15.061228899326228,5.483240592483579e-06,4.462988249014892
88.75,15.12219816854714,5.402395657471968e-06,4.4518447272051676
89.0,15.182969666875445,5.323256098805646e-06,4.440729029205742
89.25,15.243543926347943,5.2457777022812815e-06,4.42964108554817
89.5,15.303921546479852,5.169917598045143e-06,4.418580826937352
89.75,15.36410319263079,5.095634215022134e-06,4.407548184251104
90.0,15.424089594363672,5.022887237136352e-06,4.396543088539732
90.25,15.483881543798567,4.951637561213964e-06,4.385565471025599
90.5,15.543479893963415,4.88184725645913e-06,4.374615263102699
90.75,15.602885557143614,4.813479525393763e-06,4.363692396336237
91.0,15.66209950323244,4.746498666151884e-06,4.352796802462198
91.25,15.721122758084261,4.680870036019336e-06,4.341928413386926
91.5,15.779956401872523,4.616560016109616e-06,4.3310871611867015
91.75,15.838601567454463,4.553535977066611e-06,4.320272978107317
92.0,15.897059438744549,4.4917662456849695e-06,4.309485796563662
92.25,15.955331249098581,4.431220072338916e-06,4.298725549139294
92.5,16.013418279710447,4.371867599110225e-06,4.287992168586031
92.75,16.07132185802348,4.31367982850617e-06,4.277285587823527
93.0,16.12904335615844,4.256628592658171e-06,4.266605739938854
93.25,16.186584189359998,4.200686522891929e-06,4.255952558186096
93.5,16.24394581446378,4.1458270195598024e-06,4.2453259759859225
93.75,16.301129728385906,4.092024222026204e-06,4.234725926925186
94.0,16.358137466636975,4.039252978696758e-06,4.224152344756501
94.25,16.41497060108331,3.987488901831158e-06,4.213605163397824
94.5,16.471630738277234,3.936708347663476e-06,4.203084316932037
94.75,16.528119519152753,3.886888276208208e-06,4.19258973960656
95.0,16.58443861705587,3.838006290161314e-06,4.182121365832938
95.25,16.64058973625362,3.790040614407624e-06,4.171679130186423
95.5,16.696574610470545,3.742970076203604e-06,4.1612629674055714
95.75,16.752395001451678,3.6967740860789805e-06,4.150872812391839
96.0,16.808052697551542,3.6514326194322127e-06,4.1405086002091736
96.25,16.863549512348897,3.6069261987948346e-06,4.130170266083609
96.5,16.918887283286658,3.5632358767396725e-06,4.119857745402866
96.75,16.974067870336746,3.5203432194079456e-06,4.109570973715947
97.0,17.029093154689356,3.4782302906302666e-06,4.099309886732735
97.25,17.083965037466292,3.4368796366165425e-06,4.089074420323595
97.5,17.138685438457948,3.396274271189796e-06,4.07886451051897
97.75,17.193256294883522,3.356397661538908e-06,4.068680093508987
98.0,17.247679560174106,3.3172337144652954e-06,4.058521105643058
98.25,17.301957202778183,3.278766763098538e-06,4.048387483429482
98.5,17.356091204989177,3.240981554055953e-06,4.038279163535052
98.75,17.41008356179461,3.2038632350211403e-06,4.028196082784658
99.0,17.463936279746548,3.1673973427164987e-06,4.018138178160891
99.25,17.517651375852783,3.1315697912447273e-06,4.008105386803658
99.5,17.57123087648852,3.0963668607743213e-06,3.998097646009781
99.75,17.62467681632805,3.061775186544071e-06,3.9881148932326127
100.0,17.677991237296013,3.0277817481615753e-06,3.9781570660816437
100.25,17.731176187537915,2.9943738591707786e-06,3.968224102322113
100.5,17.78423372040944,2.9615391568635396e-06,3.9583159398746233
100.75,17.837165893484144,2.9292655923102468e-06,3.9484325168147487
101.0,17.889974767579194,2.897541420584485e-06,3.938573771372654
101.25,17.942662405798657,2.8663551911567637e-06,3.9287396419327063
101.5,17.995230872854357,2.8356957410264278e-06,3.918930067033091
101.75,18.047682235229512,2.8055521981722635e-06,3.909144985365427
102.0,18.100018558641967,2.7759139571280177e-06,3.8993843357743865
102.25,18.152241907850446,2.7467706751460002e-06,3.8896480572573133
102.5,18.204354345959487,2.718112265861593e-06,3.879936088963842
102.75,18.256357933616492,2.6899288919502627e-06,3.870248370195518
103.0,18.308254728241202,2.6622109580216746e-06,3.860584840405419
103.25,18.360046783286396,2.634949103743738e-06,3.850945439197778
103.5,18.411736147528433,2.608134197189461e-06,3.8413301063276046
103.75,18.463324864386383,2.581757328399457e-06,3.8317387817003112
104.0,18.514814971268482,2.5558098031529706e-06,3.8221714053713365
104.25,18.566208498944548,2.5302831369402646e-06,3.8126279175457727
104.5,18.617507470943142,2.5051690491292395e-06,3.8031082585779905
104.75,18.668713902972126,2.480459457319132e-06,3.7936123689712686
105.0,18.719829802361375,2.456146471874152e-06,3.784140189377422
105.25,18.770857167526287,2.4322223906299167e-06,3.774691660596431
105.5,18.821797987450882,2.4086796937655287e-06,3.7652667235760733
105.75,18.872654241189103,2.3855110388341698e-06,3.755865319411552
106.0,18.92342789738313,2.362709255945053e-06,3.746487389345132
106.25,18.97412091379732,2.3402673430895924e-06,3.73713287476577
106.5,19.024735236866547,2.318178461604657e-06,3.727801717208752
106.75,19.075272801257615,2.296435931765744e-06,3.718493858355324
107.0,19.125735529442473,2.2750332285029555e-06,3.709209240032333
107.25,19.17612533128192,2.2539639772326046e-06,3.6999478042118583
107.5,19.226444103618547,2.233221949797335e-06,3.690709493010854
107.75,19.27669372987754,2.2128010605075907e-06,3.6814942486907847
108.0,19.326876079674175,2.1926953622773e-06,3.6723020136572666
108.25,19.37699300842661,2.172899042846633e-06,3.6631327304597074
108.5,19.427046356972713,2.1534064210846774e-06,3.653986341790947
108.75,19.477037951220847,2.1342119433995074e-06,3.6448627904869
109.0,19.52696960367451,2.115310182693644e-06,3.635762019526201
109.25,19.57684311136367,2.0966958338223997e-06,3.6266839720298436
109.5,19.626660255278868,2.078363709145376e-06,3.6176285912608304
109.75,19.676422801004744,2.0603087363300052e-06,3.608595820623816
110.0,19.726132498413055,2.042525955388143e-06,3.599585603664754
110.25,19.775791081387446,2.0250105157964814e-06,3.5905978840705446
110.5,19.825400267578196,2.0077576736987553e-06,3.5816326056686827
110.75,19.874961758184934,1.9907627891877254e-06,3.572689712426908
111.0,19.92447723776557,1.97402132366493e-06,3.5637691484528546
111.25,19.973948374069384,1.9575288372761783e-06,3.5548708579937003
111.5,20.023376817892583,1.9412809864207723e-06,3.5459947854358216
111.75,20.072764202954257,1.925273521332448e-06,3.537140875304443
112.0,20.122112145790943,1.909502283730004e-06,3.528309072263294
112.25,20.171422245667916,1.8939632045356146e-06,3.5194993211142602
112.5,20.22069608450525,1.878652301658804e-06,3.510711566797041
112.75,20.269935226816827,1.863565677844065e-06,3.501945754388804
113.0,20.31914121966038,1.8486995185801097e-06,3.493201829103844
113.25,20.368315592596666,1.8340500900687278e-06,3.484479736293238
113.5,20.417459857655903,1.8196137372512447e-06,3.4757794214445066
113.75,20.466575509309582,1.8053868818905565e-06,3.4671008301812725
114.0,20.515664024445755,1.7913660207067265e-06,3.45844390826292
114.25,20.564726862345918,1.777547723564128e-06,3.4498086015842575
114.5,20.613765464661572,1.7639286317081157e-06,3.4411948561751786
114.75,20.66278125538865,1.750505456049207e-06,3.432602618200326
115.0,20.711775640837825,1.7372749754927627e-06,3.424031833958754
115.25,20.760750009598866,1.7242340353121402e-06,3.415482449883594
115.5,20.809705732497157,1.7113795455633134e-06,3.4069544125417193
115.75,20.85864416254048,1.698708479538935e-06,3.3984476686334113
116.0,20.90756663485413,1.6862178722598274e-06,3.3899621649920273
116.25,20.956474466602582,1.6739048190018853e-06,3.381497848583667
116.5,21.005368956895683,1.6617664738563725e-06,3.373054666506843
116.75,21.0542513866776,1.6498000483215975e-06,3.3646325659921477
117.0,21.10312301859657,1.6380028099239492e-06,3.3562314944019263
117.25,21.151985099775516,1.6263720812266227e-06,3.3478513992299472
117.5,21.20083886268809,1.614905238791783e-06,3.339492228101075
117.75,21.249685519797975,1.6035997112423451e-06,3.3311539287709406
118.0,21.298526266467583,1.5924529783361837e-06,3.3228364491256173
118.25,21.347362280988584,1.5814625698064847e-06,3.3145397371812937
118.5,21.39619472460764,1.5706260642274935e-06,3.3062637410839497
118.75,21.445024741574304,1.5599410879083742e-06,3.2980084091090323
119.0,21.493853459208776,1.549405313814647e-06,3.289773689661132
119.25,21.54268198798696,1.539016460516678e-06,3.2815595312736625
119.5,21.591511421640508,1.5287722911646925e-06,3.2733658826085357
119.75,21.640342837269365,1.5186706124897795e-06,3.2651926924558436
120.0,21.689177295464383,1.5087092738303639e-06,3.257039909733538
120.25,21.738015840437612,1.4988861661836145e-06,3.2489074834871112
120.5,21.78685950015784,1.4891992212812574e-06,3.2407953628892767
120.75,21.835709286488886,1.4796464106892728e-06,3.232703497239653
121.0,21.884566195328354,1.4702257449309368e-06,3.2246318359644452
121.25,21.93343120674427,1.4609352726326886e-06,3.2165803286161316
121.5,21.98230528510729,1.451773079692289e-06,3.208548924873146
121.75,22.031189379215995,1.4427372884687416e-06,3.200537574539565
122.0,22.080084422412853,1.433826056993452e-06,3.192546227544792
122.25,22.12899133268846,1.42503757820209e-06,3.1845748339432483
122.5,22.177911012771578,1.4163700791866339e-06,3.176623343914057
122.75,22.226844350202573,1.4078218204670587e-06,3.1686917077607344
123.0,22.27579221738784,1.3993910952821495e-06,3.160779875910878
123.25,22.324755471632734,1.3910762288989026e-06,3.1528877989158572
123.5,22.373734955150685,1.3828755779399916e-06,3.1450154274505047
123.75,22.422731495069108,1.3747875297273588e-06,3.1371627123128074
124.0,22.47174590566477,1.3668105015096223e-06,3.1293296044236008
124.25,22.52077898720786,1.3589429399206937e-06,3.12151605482626
124.5,22.569831525071162,1.3511833204243308e-06,3.113722014686396
124.75,22.618904290778534,1.3435301466590463e-06,3.105947435291549
125.0,22.667998042071478,1.3359819498588305e-06,3.0981922680508847
125.25,22.717113523001316,1.3285372882863772e-06,3.09045646449489
125.5,22.76625146404357,1.3211947466787033e-06,3.0827399762750716
125.75,22.815412582231097,1.3139529357050508e-06,3.0750427551636523
126.0,22.864597581302505,1.3068104914369608e-06,3.0673647530532704
126.25,22.913807151862464,1.2997660748304093e-06,3.0597059219566787
126.5,22.963041971550425,1.2928183712198935e-06,3.052066214006446
126.75,23.01230270521432,1.285966089824359e-06,3.044445581454656
127.0,23.06159000508581,1.2792079632648549e-06,3.03684397667261
127.25,23.110904510953606,1.2725427470938098e-06,3.02926135215053
127.5,23.16024685033148,1.2659692193358154e-06,3.02169766049726
127.75,23.209617638617466,1.2594861800398068e-06,3.0141528544399714
128.0,23.25901747924084,1.2530924508425317e-06,3.006626886823867
128.25,23.308446963793404,1.2467868745431939e-06,2.999119710611887
128.5,23.357906672141723,1.2405683146891654e-06,2.9916312788844137
128.75,23.407397172516717,1.2344356551726504e-06,2.9841615448389796
129.0,23.456919021577328,1.2283877998381961e-06,2.976710461789974
129.25,23.506472764444723,1.2224236721009376e-06,2.9692779831683525
129.5,23.556058934703593,1.2165422145754642e-06,2.9618640625213444
129.75,23.60567805442839,1.2107423887118022e-06,2.954468653512164
130.0,23.65533063635327,1.2050231743189294e-06,2.947091709919719
130.25,23.705017182300374,1.1993835693055685e-06,2.9397331856383246
130.5,23.754738183068536,1.1938225893551823e-06,2.932393034677413
130.75,23.804494119217875,1.1883392675525829e-06,2.9250712111612476
131.0,23.85428546108997,1.1829326540598744e-06,2.9177676693286343
131.25,23.904112668866183,1.177601815798099e-06,2.910482363532637
131.5,23.953976192658804,1.1723458361346598e-06,2.9032152482402926
131.75,24.00387647262958,1.1671638145766016e-06,2.895966278032326
132.0,24.0538139391304,1.162054866469826e-06,2.8887354076028657
132.25,24.103789012860723,1.1570181227043144e-06,2.8815225917591616
132.5,24.153802105036437,1.1520527294254436e-06,2.874327785421302
132.75,24.203853617564793,1.1471578477514625e-06,2.867150943621932
133.0,24.253943943220076,1.1423326534972147e-06,2.859992021505973
133.25,24.30407346581468,1.13757633690418e-06,2.852850974330342
133.5,24.35424256036024,1.1328881023769132e-06,2.8457277574636715
133.75,24.40445159321346,1.1282671682259583e-06,2.838622326386032
134.0,24.454700922201337,1.123712766417314e-06,2.8315346366886516
134.25,24.50499089672041,1.1192241423285284e-06,2.8244646440736414
134.5,24.555321857804685,1.114800554511502e-06,2.817412304353715
134.75,24.605694138156917,1.1104412744620715e-06,2.810377573451917
135.0,24.6561080621379,1.1061455863964572e-06,2.803360407401342
135.25,24.706563945708414,1.1019127870346486e-06,2.7963607623448654
135.5,24.757062096318496,1.097742185390805e-06,2.789378594534865
135.75,24.807602812916862,1.0936331025631941e-06,2.78241386033295
136.0,24.858186389326193,1.0895848713843492e-06,2.775466516209687
136.25,24.908813111428575,1.085596836339617e-06,2.7685365187443307
136.5,24.959483257133787,1.0816683533768528e-06,2.761623824624548
136.75,25.01019709721197,1.0777987896787275e-06,2.7547283906461506
137.0,25.06095489529091,1.0739875234743899e-06,2.747850173712825
137.25,25.1117569078964,1.0702339438537714e-06,2.7409891308358616
137.5,25.16260338452876,1.0665374505846876e-06,2.7341452191338873
137.75,25.21349456776831,1.062897453932884e-06,2.727318395832596
138.0,25.26443069340284,1.0593133744851826e-06,2.7205086182644833
138.25,25.315411990569917,1.0557846429758776e-06,2.7137158438685796
138.5,25.36643868190702,1.0523107001165326e-06,2.7069400301901814
138.75,25.417510983702435,1.0488909964293322e-06,2.7001811348805895
139.0,25.468629106039774,1.0455249920841377e-06,2.6934391156968425
139.25,25.51979325292915,1.0422121567394003e-06,2.686713930501454
139.5,25.57100362241785,1.0389519693870831e-06,2.680005537262146
139.75,25.622260406673504,1.0357439182017418e-06,2.6733138940515917
140.0,25.673563792032606,1.03258750039392e-06,2.666638959047148
140.25,25.72491395900744,1.0294822220680038e-06,2.659980690530599
140.5,25.776311082244185,1.026427598084696e-06,2.65333904688789
140.75,25.82775533042527,1.0234231519282552e-06,2.6467139866088725
141.0,25.879246866108826,1.020468415578652e-06,2.6401054682870413
141.25,25.930785846056608,1.01756292937058e-06,2.633513450619278
141.5,25.98237242402847,1.0147062417735853e-06,2.6269378924055915
141.75,26.03400674757716,1.0118979093724249e-06,2.62037875254886
142.0,26.085688959045257,1.0091374967141585e-06,2.6138359900545773
142.25,26.13741919581212,1.0064245761798264e-06,2.6073095640305923
142.5,26.189197590284806,1.0037587278671717e-06,2.600799433686856
142.75,26.24102426993325,1.0011395394746567e-06,2.5943055583351664
143.0,26.29289935736093,9.985666061869576e-07,2.5878278973889146
143.25,26.344822970402195,9.96039530562127e-07,2.581366410362829
143.5,26.396795222237426,9.935579224206062e-07,2.5749210568727254
143.75,26.448816221517294,9.91121398736277e-07,2.568491796635252
144.0,26.500886072487262,9.88729583529736e-07,2.562078589467638
144.25,26.55300487510352,9.863821077639788e-07,2.555681395287445
144.5,26.605172725131613,9.840786092426811e-07,2.549300174112313
144.75,26.657389714218876,9.8181873251126e-07,2.542934886059713
145.0,26.709655929931934,9.79602128760905e-07,2.536585491346697
145.25,26.76197145575047,9.774284557357594e-07,2.530251950289649
145.5,26.814336371008373,9.752973776434466e-07,2.5239342233040367
145.75,26.866750750773587,9.732085650691167e-07,2.5176322709041656
146.0,26.919214665657762,9.71161694893209e-07,2.5113460537029306
146.25,26.971728182475495,9.691564501886814e-07,2.505075532411572
146.5,27.024291365920913,9.67192520092535e-07,2.4988206678394262
146.75,27.076904276133604,9.652695997887448e-07,2.4925814208936856
147.0,27.129566969746076,9.63387390401122e-07,2.48635775257915
147.25,27.18227949988617,9.615455989143319e-07,2.480149623997985
147.5,27.23504191616724,9.597439380970925e-07,2.47395699634948
147.75,27.287854264722124,9.579821264260196e-07,2.467779830929803
148.0,27.34071658827041,9.562598880103317e-07,2.4616180891317594
148.25,27.39362892620835,9.545769525176146e-07,2.455471732444553
148.5,27.446591314710833,9.529330551008553e-07,2.449340722453543
148.75,27.499603786834886,9.513279363269501e-07,2.4432250208400044
149.0,27.552666372614034,9.497613421068924e-07,2.437124589380889
149.25,27.605779099132995,9.482330236278486e-07,2.431039389948585
149.5,27.658941990572075,9.467427372873246e-07,2.4249693845106832
149.75,27.712155068210706,9.452902446296323e-07,2.418914535129732
150.0,27.76541835037953,9.4387531228486e-07,2.4128748039630077
150.25,27.81873185235044,9.42497711910555e-07,2.4068501532622726
150.5,27.872095586153947,9.4115722013632e-07,2.400840545373542
150.75,27.92550956074358,9.398536185020417e-07,2.3948459427368474
151.0,27.97897378375218,9.385866933618178e-07,2.388866307886004
151.25,28.03248825962789,9.37356235869692e-07,2.382901603448373
151.5,28.086052990233586,9.36162041912463e-07,2.3769517921446313
151.75,28.139667974910058,9.35003912054733e-07,2.3710168367885363
152.0,28.19333321045033,9.338816514872148e-07,2.365096700286695
152.25,28.247048691121105,9.327950699752858e-07,2.359191345638332
152.5,28.300814408718825,9.317439818080075e-07,2.353300735935057
152.75,28.354630352647856,9.307282057478346e-07,2.3474248343606345
153.0,28.40849651000838,9.297475649812349e-07,2.341563604190756
153.25,28.462412865681408,9.288018870704404e-07,2.335717008792807
153.5,28.516379402398545,9.278910039065519e-07,2.3298850116256404
153.75,28.570396100783967,9.270147516642194e-07,2.3240675762393477
154.0,28.62446293935613,9.261729707581186e-07,2.3182646662750304
154.25,28.67857989447675,9.253655058014459e-07,2.3124762454645738
154.5,28.7327469402346,9.245922055666535e-07,2.306702277630419
154.75,28.78696404825155,9.238529229486456e-07,2.3009427266853395
155.0,28.841231187929733,9.231475149204696e-07,2.2951975566322114
155.25,28.895548327762718,9.224758424692502e-07,2.2894667315637927
155.5,28.949915433820127,9.218377705877847e-07,2.2837502156624963
155.75,29.004332470316434,9.212331682270225e-07,2.278047973200167
156.0,29.05879939958812,9.206619082603604e-07,2.272359968537858
156.25,29.113316182069138,9.201238674489598e-07,2.266686166125609
156.5,29.167882776313636,9.196189264071194e-07,2.261026530502222
156.75,29.22249913905146,9.191469695679389e-07,2.255381026295042
157.0,29.277165225261758,9.187078851495125e-07,2.249749618219735
157.25,29.33188098825019,9.183015651218877e-07,2.2441322710800664
157.5,29.38664637971521,9.179279051750278e-07,2.238528949767683
157.75,29.44146134978872,9.175868046880146e-07,2.2329396192618916
158.0,29.496325847036733,9.172781666997299e-07,2.227364244629442
158.25,29.551239818405257,9.170018978812509e-07,2.2218027910243086
158.5,29.606203209097032,9.167579085101983e-07,2.2162552236874693
158.75,29.661215962364416,9.165461124472735e-07,2.210721507946693
159.0,29.71627801983486,9.163664271044418e-07,2.2052016092163202
159.25,29.771389322484882,9.162187734025623e-07,2.199695492997047
159.5,29.82654980941021,9.161030757678251e-07,2.1942031248757097
159.75,29.881759418323966,9.160192620992211e-07,2.1887244705250706
160.0,29.937018085492564,9.159672637460876e-07,2.183259495703602
160.25,29.99232574571254,9.159470154857437e-07,2.1778081662552733
160.5,30.047682332335643,9.159584555010631e-07,2.1723704481093375
160.75,30.103087777325122,9.160015253582373e-07,2.166946307280117
161.0,30.158542011326375,9.160761699849857e-07,2.161535709866793
161.25,30.21404496373491,9.161823376494693e-07,2.156138622053193
161.5,30.269596562744738,9.163199799401613e-07,2.1507550101075776
161.75,30.32519673536021,9.164890517469311e-07,2.145384840382433
162.0,30.38084540735435,9.166895112435972e-07,2.1400280793142583
162.25,30.436542503156755,9.169213198722042e-07,2.1346846934233565
162.5,30.49228794565408,9.171844423292804e-07,2.1293546493136257
162.75,30.548081656222898,9.17478846549109e-07,2.124037913672349
163.0,30.603923555907045,9.178045036697143e-07,2.118734453269987
163.25,30.6598135642899,9.181613880354238e-07,2.1134442349599727
163.5,30.71575159984742,9.185494771770877e-07,2.108167225678499
163.75,30.771737579916362,9.189687517985929e-07,2.1029033924443166
164.0,30.827771420656067,9.194191957641335e-07,2.0976527023585256
164.25,30.883853037065464,9.199007960852627e-07,2.092415122604372
164.5,30.939982343035737,9.20413542908003e-07,2.0871906204470387
164.75,30.996159251418838,9.209574295002947e-07,2.0819791632334463
165.0,31.052383674092145,9.215324522400569e-07,2.0767807183920435
165.25,31.108655521999548,9.221386106041411e-07,2.071595253432608
165.5,31.164974705149266,9.227759071584532e-07,2.066422735946041
165.75,31.221341132548616,9.234443475495241e-07,2.061263133604165
166.0,31.277754712056073,9.241439404978025e-07,2.0561164141595225
166.25,31.33421535013087,9.248746977929509e-07,2.0509825454451733
166.5,31.390722952355695,9.256366342786011e-07,2.045861495374495
166.75,31.44727742393422,9.264297678378709e-07,2.040753231940981
167.0,31.503878668848547,9.272541193988855e-07,2.035657723218042
167.25,31.5605265902171,9.281097129234265e-07,2.0305749373588036
167.5,31.617221090199543,9.28996575402505e-07,2.025504842595911
167.75,31.673962069976913,9.29914736851434e-07,2.020447407241328
168.0,31.73074942978463,9.308642303046982e-07,2.01540259968614
168.25,31.78758306897539,9.318450918109244e-07,2.010370388400356
168.5,31.844462886089072,9.328573604282558e-07,2.0053507419327103
168.75,31.901388778906718,9.339010782204366e-07,2.0003436289104695
169.0,31.958360644465635,9.349762902539074e-07,1.9953490180392326
169.25,32.015378379012745,9.360830445962187e-07,1.9903668781027377
169.5,32.072441877873224,9.372213923160641e-07,1.9853971779626656
169.75,32.129551035211485,9.383913874852382e-07,1.9804398865584465
170.0,32.1867057440782,9.395930871772567e-07,1.9754949729070648
170.25,32.243905897550285,9.40826551451743e-07,1.970562406102866
170.5,32.3011513876198,9.420918433695557e-07,1.965642155317363
170.75,32.35844210555326,9.433890289887089e-07,1.9607341897990445
171.0,32.415777941815904,9.447181773664268e-07,1.9558384788731813
171.25,32.47315878602879,9.460793605612888e-07,1.9509549919416362
171.5,32.53058452699142,9.474726536350127e-07,1.9460836984826715
171.75,32.588055052743094,9.488981346542136e-07,1.9412245680507592
172.0,32.6455702506366,9.503558846924718e-07,1.9363775702763895
172.25,32.70313000739755,9.518459878330449e-07,1.9315426748658824
172.5,32.76073420914273,9.533685311725601e-07,1.9267198516011976
172.75,32.81838274133108,9.5492360482602e-07,1.9219090703397457
173.0,32.876075488620444,9.565113019334581e-07,1.9171103010141997
173.25,32.93381233460375,9.581317186685788e-07,1.9123235136323073
173.5,32.991593161854986,9.597849542439437e-07,1.9075486782767042
173.75,33.04941785311447,9.61471110902143e-07,1.902785765104725
174.0,33.107286290138525,9.631902939370658e-07,1.8980347443482195
174.25,33.16519835406803,9.64942611696412e-07,1.8932955863133638
174.5,33.22315392533745,9.667281755903407e-07,1.888568261380477
174.75,33.28115288362956,9.685471001000463e-07,1.8838527400038354
175.0,33.33919510790221,9.70399502785918e-07,1.8791489927114866
175.25,33.39728047645631,9.722855042956568e-07,1.8744569901050672
175.5,33.45540886701437,9.742052283727147e-07,1.8697767028596182
175.75,33.513580156778865,9.761588018654337e-07,1.8651081017234012
176.0,33.5717942224397,9.7814635473725e-07,1.8604511575177167
176.25,33.630050940099984,9.80168020078337e-07,1.8558058411367209
176.5,33.68835018508954,9.822239341190557e-07,1.851172123547244
176.75,33.74669183163523,9.84314236245587e-07,1.8465499757886092
177.0,33.80507575336572,9.864390690059607e-07,1.841939368972451
177.25,33.86350182397777,9.885985781145206e-07,1.8373402742825347
177.5,33.92196991626874,9.907929124767049e-07,1.8327526629745772
177.75,33.980479902503355,9.930222241980808e-07,1.8281765063760664
178.0,34.039031654284706,9.952866685997708e-07,1.8236117758860821
178.25,34.09762504253001,9.975864042331221e-07,1.8190584429751182
178.5,34.156259937516786,9.999215928940138e-07,1.8145164791849029
178.75,34.21493620896428,1.0022923996372165e-06,1.809985856128222
179.0,34.273653726114574,1.0046989927912165e-06,1.8054665454887413
179.25,34.33241235777818,1.0071415439739124e-06,1.8009585190208288
179.5,34.391211972308696,1.0096202281096003e-06,1.79646174854938
179.75,34.45005243747109,1.0121352234476575e-06,1.791976205969639
180.0,34.508933620168435,1.0146867115833372e-06,1.7875018632470259
180.25,34.56785538616557,1.0172748774790672e-06,1.7830386924169594
180.5,34.62681760148937,1.0198999094667464e-06,1.7785866655846834
180.75,34.685820131541405,1.0225619992770605e-06,1.7741457549250912
181.0,34.74486284116487,1.0252613420582821e-06,1.7697159326825533
181.25,34.80394559464465,1.0279981363961897e-06,1.7652971711707426
181.5,34.86306825562601,1.030772584335442e-06,1.7608894427724622
181.75,34.922230687132014,1.033584891400317e-06,1.7564927199394724
182.0,34.98143275163939,1.0364352666152766e-06,1.7521069751923182
182.25,35.04067431117212,1.0393239225258147e-06,1.7477321811201585
182.5,35.09995522737241,1.0422510752200471e-06,1.7433683103805937
182.75,35.15927536150837,1.045216944351504e-06,1.7390153356994962
183.0,35.218634574378,1.0482217531635813e-06,1.7346732298708383
183.25,35.278032726068865,1.0512657285161099e-06,1.7303419657565233
183.5,35.3374696755407,1.0543491009144176e-06,1.7260215162862156
183.75,35.39694528152826,1.0574721045240346e-06,1.7217118544571715
184.0,35.45645940275971,1.0606349771935616e-06,1.7174129533340705
184.25,35.51601189724636,1.0638379604886086e-06,1.7131247860488465
184.5,35.57560262253984,1.067081299715252e-06,1.7088473258005208
184.75,35.63523143559849,1.0703652439483999e-06,1.7045805458550338
185.0,35.694898192778446,1.0736900460593028e-06,1.7003244195450782
185.25,35.75460274990324,1.0770559627427168e-06,1.6960789202699322
185.5,35.81434496236576,1.0804632545442375e-06,1.6918440214952941
185.75,35.874124685216174,1.083912185888314e-06,1.687619696753115
186.0,35.933941773189794,1.0874030251074527e-06,1.6834059196414342
186.25,35.99379608062845,1.0909360444731305e-06,1.6792026638242146
186.5,36.0536874612493,1.0945115202289184e-06,1.6750099030311771
186.75,36.11361576771475,1.0981297326263402e-06,1.6708276110576374
187.0,36.17358085212215,1.1017909659511643e-06,1.6666557617643416
187.25,36.2335825669758,1.1054955085449152e-06,1.6624943290773033
187.5,36.29362076396295,1.1092436528511523e-06,1.6583432869876398
187.75,36.35369529437979,1.1130356954441176e-06,1.6542026095514104
188.0,36.41380600896502,1.1168719370644372e-06,1.6500722708894546
188.25,36.47395275787579,1.1207526826538555e-06,1.6459522451872286
188.5,36.53413539075736,1.1246782413895246e-06,1.6418425066946463
188.75,36.594353756853906,1.12864892671843e-06,1.6377430297259161
189.0,36.65460770510797,1.132665056392521e-06,1.6336537886593825
189.25,36.71489708419608,1.1367269525051188e-06,1.6295747579373638
189.5,36.77522174244796,1.1408349415291785e-06,1.625505912065995
189.75,36.83558152759682,1.1449893543579747e-06,1.6214472256150654
190.0,36.89597628630828,1.1491905263487856e-06,1.6173986732178622
190.25,36.956405864709474,1.1534387973563716e-06,1.613360229571011
190.5,37.01687010941099,1.1577345117617216e-06,1.6093318694343175
190.75,37.077368866226045,1.1620780185263646e-06,1.6053135676306094
191.0,37.13790198060684,1.1664696712287044e-06,1.6013052990455807
191.25,37.19846929746607,1.1709098281076204e-06,1.597307038627633
191.5,37.25907066115613,1.1753988521050214e-06,1.593318761387719
191.75,37.3197059155498,1.1799371109079542e-06,1.5893404423991884
192.0,37.38037490416291,1.184524976990914e-06,1.5853720567976293
192.25,37.44107747025967,1.1891628276589983e-06,1.5814135797807147
192.5,37.50181345688108,1.1938510450925431e-06,1.5774649866080468
192.75,37.56258270673719,1.1985900163938892e-06,1.5735262526010023
193.0,37.62338506190364,1.2033801336369165e-06,1.5695973531425789
193.25,37.68422036327544,1.2082217939198595e-06,1.5656782636772406
193.5,37.74508845165855,1.2131153994012867e-06,1.5617689597107642
193.75,37.8059891680415,1.2180613573455439e-06,1.5578694168100875
194.0,37.86692235277301,1.2230600801806285e-06,1.553979610603155
194.25,37.92788784582535,1.2281119855451348e-06,1.5500995167787661
194.5,37.988885486633286,1.2332174963404584e-06,1.546229111086424
194.75,38.049915114098894,1.2383770407819584e-06,1.542368369336183
195.0,38.11097656669546,1.2435910524497999e-06,1.5385172673984981
195.25,38.172069682603336,1.2488599703401941e-06,1.5346757812040739
195.5,38.233194299810876,1.2541842389177612e-06,1.5308438867437137
195.75,38.29435025611341,1.2595643081697345e-06,1.5270215600681705
196.0,38.35553738894338,1.265000633662728e-06,1.5232087772879968
196.25,38.41675553496455,1.2704936766027907e-06,1.5194055145733947
196.5,38.47800452959087,1.2760439038970406e-06,1.515611748154068
196.75,38.53928420887925,1.2816517881908113e-06,1.5118274543190733
197.0,38.600594408481946,1.2873178079369106e-06,1.5080526094166713
197.25,38.66193496364789,1.2930424474545105e-06,1.5042871898541794
197.5,38.7233057091952,1.2988261969891669e-06,1.500531172097825
197.75,38.784706479404605,1.304669552774505e-06,1.4967845326725968
198.0,38.84613710807116,1.31057301709305e-06,1.4930472481620993
198.25,38.90759742863921,1.3165370983370161e-06,1.4893192952084062
198.5,38.9690872743452,1.3225623110698641e-06,1.4856006505119141
198.75,39.03060647829332,1.3286491760894373e-06,1.4818912908311979
199.0,39.09215487338859,1.3347982204934895e-06,1.478191192982864
199.25,39.15373229205233,1.3410099777484125e-06,1.4745003338414062
199.5,39.2153385656448,1.3472849877619793e-06,1.4708186903390617
199.75,39.27697352479673,1.3536237969472966e-06,1.4671462394656665
200.0,39.33863700103112,1.3600269582739398e-06,1.4634829582685107
200.25,39.400328825072634,1.3664950313552785e-06,1.459828823852197
200.5,39.46204882737689,1.3730285825130976e-06,1.4561838133784957
200.75,39.52379683790846,1.379628184851185e-06,1.4525479040662028
201.0,39.585572686118155,1.3862944183277345e-06,1.4489210731909983
201.25,39.64737620105465,1.3930278698272768e-06,1.445303298085303
201.5,39.7092072115265,1.3998291332330504e-06,1.4416945561381371
201.75,39.77106554623026,1.406698809500722e-06,1.4380948247949799
202.0,39.832951033760686,1.4136375067343752e-06,1.4345040815576273
202.25,39.89486350241875,1.420645840265677e-06,1.4309223039840524
202.5,39.95680277973346,1.4277244327371364e-06,1.427349469688265
202.75,40.01876869191438,1.4348739141871397e-06,1.4237855563401707
203.0,40.08076106602489,1.4420949221068874e-06,1.4202305416654335
203.25,40.14277972873801,1.4493881015350133e-06,1.4166844034453343
203.5,40.2048245063886,1.45675410513935e-06,1.4131471195166334
203.75,40.26689522490532,1.4641935933011366e-06,1.4096186677714315
204.0,40.32899170970321,1.4717072342007263e-06,1.4060990261570319
204.25,40.391113785760226,1.4792957039024153e-06,1.4025881726758023
204.5,40.453261277784236,1.4869596864394201e-06,1.399086085385037
204.75,40.51543401037635,1.4946998739000353e-06,1.3955927423968215
205.0,40.57763180809702,1.5025169665159989e-06,1.3921081218778935
205.25,40.63985449534085,1.5104116727540962e-06,1.3886322020495077
205.5,40.7021018959265,1.5183847094120346e-06,1.3851649611872994
205.75,40.76437383234074,1.5264368017192547e-06,1.3817063776211487
206.0,40.8266701272425,1.5345686834144817e-06,1.3782564297350455
206.25,40.888990603638064,1.5427810968389289e-06,1.3748150959669538
206.5,40.95133508400089,1.5510747930420702e-06,1.3713823548086772
206.75,41.01370339049902,1.5594505318767846e-06,1.367958184805725
207.0,41.07609534480565,1.5679090821002768e-06,1.3645425645571765
207.25,41.138510768139746,1.5764512214737562e-06,1.3611354727155498
207.5,41.20094948143239,1.5850777368620386e-06,1.357736887986666
207.75,41.263411305514715,1.5937894243342316e-06,1.3543467891295178
208.0,41.325896061223084,1.6025870892666665e-06,1.3509651549561357
208.25,41.38840356931712,1.6114715464492386e-06,1.3475919643314558
208.5,41.45093365010653,1.6204436201963183e-06,1.3442271961731886
208.75,41.513486122682245,1.6295041444633971e-06,1.3408708294516858
209.0,41.57606080569503,1.6386539629481193e-06,1.3375228431898103
209.25,41.63865751876889,1.6478939291858215e-06,1.3341832164628042
209.5,41.70127608081133,1.6572249066804816e-06,1.330851928398158
209.75,41.76391631051412,1.666647769013168e-06,1.327528958175481
210.0,41.82657802609826,1.67616339996029e-06,1.3242142850263703
210.25,41.88926104532806,1.6857726936103302e-06,1.3209078882342815
210.5,41.951965185679484,1.695476554480359e-06,1.317609747134399
210.75,42.01469026454737,1.70527589763365e-06,1.3143198411135073
211.0,42.07743609937595,1.7151716487997043e-06,1.3110381496098618
211.25,42.140202507597095,1.725164744498001e-06,1.3077646521130597
211.5,42.20298930626076,1.7352561321667832e-06,1.3044993281639137
211.75,42.26579631124218,1.745446770298197e-06,1.301242157354322
212.0,42.328623337733234,1.7557376285606646e-06,1.2979931193271421
212.25,42.39147020217764,1.7661296879068133e-06,1.2947521937760635
212.5,42.45433672025947,1.7766239407271232e-06,1.2915193604454798
212.75,42.5172227074923,1.7872213909762687e-06,1.2882945991303636
213.0,42.58012797893656,1.7979230543109877e-06,1.2850778896761392
213.25,42.64305234920529,1.8087299582263765e-06,1.2818692119785569
213.5,42.70599563264326,1.8196431421919638e-06,1.2786685459835674
213.75,42.7689576435517,1.8306636577890407e-06,1.2754758716871966
214.0,42.83193819633108,1.8417925688507385e-06,1.2722911691354208
214.25,42.89493710541433,1.8530309516063367e-06,1.2691144184240413
214.5,42.95795418486279,1.8643798948312856e-06,1.2659455996985607
214.75,43.02098924749744,1.8758405000044307e-06,1.2627846931540583
215.0,43.08404210557086,1.8874138814494628e-06,1.2596316790350668
215.25,43.14711257261148,1.8991011664649533e-06,1.256486537635449
215.5,43.210200461417806,1.910903495500252e-06,1.253349249298274
215.75,43.27330558463335,1.9228220223039642e-06,1.2502197944156945
216.0,43.33642775445378,1.9348579140844148e-06,1.247098153428825
216.25,43.39956678264912,1.9470123516684235e-06,1.2439843068276188
216.5,43.46272248076559,1.9592865296600214e-06,1.2408782351507461
216.75,43.52589466036631,1.9716816566007874e-06,1.2377799189854735
217.0,43.589083133170455,1.984198955133488e-06,1.2346893389675409
217.25,43.652287710950226,1.9968396621706947e-06,1.2316064757810419
217.5,43.71550820504516,2.0096050290700714e-06,1.2285313101583026
217.75,43.77874442536399,2.0224963218178724e-06,1.2254638228797616
218.0,43.84199618182387,2.0355148211859522e-06,1.222403994773849
218.25,43.90526328525422,2.0486618228974413e-06,1.2193518067168674
218.5,43.96854554593104,2.061938637822302e-06,1.2163072396328725
218.75,44.03184277393732,2.075346592153991e-06,1.2132702744935528
219.0,44.0951547789048,2.0888870275957137e-06,1.2102408923181127
219.25,44.15848137007987,2.1025613015451175e-06,1.2072190741731517
219.5,44.22182235655915,2.1163707872793152e-06,1.2042048011725472
219.75,44.28517754754051,2.1303168741421556e-06,1.2011980544773369
220.0,44.34854675243502,2.1444009677356337e-06,1.1981988152956
220.25,44.411929780685625,2.158624490117352e-06,1.1952070648823407
220.5,44.47532644113813,2.172988880005935e-06,1.1922227845393707
220.75,44.538736541000794,2.187495592993978e-06,1.1892459556151924
221.0,44.602159888439346,2.2021461017194997e-06,1.1862765595048823
221.25,44.665596291844835,2.216941896080435e-06,1.1833145776499747
221.5,44.72904555931679,2.231884483448917e-06,1.1803599915383463
221.75,44.792507498681154,2.246975388882142e-06,1.1774127827040992
222.0,44.85598191731479,2.2622161553381935e-06,1.1744729327274475
222.25,44.919468622279325,2.277608343890754e-06,1.1715404232346005
222.5,44.98296742059531,2.293153533944852e-06,1.1686152358976485
222.75,45.04647811948778,2.3088533234558103e-06,1.1656973524344485
223.0,45.11000052643398,2.32470932915355e-06,1.1627867546085098
223.25,45.173534448844215,2.3407231867744066e-06,1.15988342422888
223.5,45.237079693206965,2.35689655130262e-06,1.1569873431500315
223.75,45.3006360644935,2.3732310972115313e-06,1.1540984932717477
224.0,45.364203369536774,2.38972851865805e-06,1.1512168565390106
224.25,45.42778141463933,2.4063905297524225e-06,1.1483424149418875
224.5,45.491370006031076,2.423218864795378e-06,1.1454751505154182
224.75,45.55496894957863,2.4402152785280934e-06,1.1426150453395039
225.0,45.61857805073007,2.4573815463822106e-06,1.1397620815387939
225.25,45.682197114731885,2.474719464729547e-06,1.1369162412825748
225.5,45.74582594693328,2.4922308511339407e-06,1.134077506784659
225.75,45.80946435299346,2.509917544607689e-06,1.1312458603032727
226.0,45.873112138806846,2.527781405875019e-06,1.1284212841409464
226.25,45.9367691099619,2.5458243176450383e-06,1.1256037606444038
226.5,46.00043507055073,2.5640481848965922e-06,1.122793272204451
226.75,46.064109824487566,2.5824549351339163e-06,1.1199898012558667
227.0,46.127793177090915,2.601046518642611e-06,1.1171933302772932
227.25,46.1914849330967,2.619824908795206e-06,1.1144038417911262
227.5,46.25518489713849,2.6387921023287263e-06,1.1116213183634054
227.75,46.31889287342764,2.6579501196363566e-06,1.1088457426037064
228.0,46.38260866584286,2.677301005057293e-06,1.1060770971650318
228.25,46.446332078227854,2.6968468271675684e-06,1.1033153647437022
228.5,46.51006291469599,2.71658967907463e-06,1.1005605280792488
228.75,46.57380097974063,2.736531678718433e-06,1.0978125699543053
229.0,46.63754607794997,2.7566749691818435e-06,1.0950714731945002
229.25,46.70129801312534,2.777021719013116e-06,1.0923372206683502
229.5,46.76505658728743,2.7975741225539075e-06,1.0896097952871522
229.75,46.82882160434128,2.81833440020837e-06,1.086889180004877
230.0,46.89259286796271,2.839304798794583e-06,1.0841753578180633
230.25,46.956370181760434,2.8604875918692277e-06,1.0814683117657102
230.5,47.02015334903257,2.8818850800625263e-06,1.078768024929173
230.75,47.08394217267121,2.9034995914152343e-06,1.0760744804320557
231.0,47.147736455398686,2.92533348171533e-06,1.073387661440107
231.25,47.21153600011686,2.9473891348375505e-06,1.0707075511611144
231.5,47.27534061015085,2.9696689630889286e-06,1.0680341328447993
231.75,47.33915008916841,2.9921754075634783e-06,1.0653673897827132
232.0,47.40296424055632,3.0149109385091877e-06,1.062707305308132
232.25,47.466782866048156,3.0378780557102815e-06,1.0600538627959526
232.5,47.53060576745283,3.061079288830325e-06,1.0574070456625897
232.75,47.5944327480143,3.0845171977656317e-06,1.0547668373658707
233.0,47.65826361048294,3.1081943730494138e-06,1.0521332214049337
233.25,47.722098157522176,3.1321134362285626e-06,1.0495061813201239
233.5,47.78593619138449,3.1562770402556895e-06,1.0468857006928904
233.75,47.849777514043915,3.1806878698794902e-06,1.044271763145685
234.0,47.913621927547894,3.2053486420370146e-06,1.041664352341858
234.25,47.97746923435128,3.2302621062514127e-06,1.0390634519855577
234.5,48.04131923739559,3.2554310450387455e-06,1.036469045821628
234.75,48.1051717396963,3.2808582743274382e-06,1.0338811176355063
235.0,48.169026543201156,3.306546643893954e-06,1.0312996512531238
235.25,48.232883448256615,3.33249903779491e-06,1.0287246305408033
235.5,48.29674225768153,3.3587183747367832e-06,1.026156039405158
235.75,48.36060277369619,3.3852076085566305e-06,1.0235938617929925
236.0,48.424464798580104,3.41196972865355e-06,1.021038081691201
236.25,48.48832813426205,3.4390077604421828e-06,1.0184886831266684
236.5,48.55219258231975,3.4663247658056347e-06,1.0159456501661701
236.75,48.61605794430334,3.4939238435493287e-06,1.0134089669162722
237.0,48.67992402212625,3.5218081298598643e-06,1.0108786175232327
237.25,48.743790618267,3.5499807987729416e-06,1.0083545861729024
237.5,48.80765753552557,3.578445062654424e-06,1.0058368570906262
237.75,48.87152457607776,3.6072041726986034e-06,1.003325414541144
238.0,48.93539154004675,3.636261419440316e-06,1.0008202428284936
238.25,48.9992582294007,3.6656201331908287e-06,0.998321326295911
238.5,49.06312444634363,3.695283684565855e-06,0.9958286493257344
238.75,49.12698999301382,3.72525548499946e-06,0.9933421963393055
239.0,49.19085467131007,3.7555389872636284e-06,0.9908619517968729
239.25,49.2547182827433,3.7861376859938516e-06,0.988387900197494
239.5,49.31858062871252,3.817055118214692e-06,0.9859200260789397
239.75,49.382441510928636,3.848294863869948e-06,0.9834583140175969
240.0,49.44630073170909,3.87986054636204e-06,0.981002748628372
240.25,49.51015809386676,3.911755833105239e-06,0.9785533145645956
240.5,49.57401339991627,3.943984436097369e-06,0.9761099965179261
240.75,49.637866450402235,3.976550112513255e-06,0.9736727792182542
241.0,49.70171704658682,4.00945666523432e-06,0.971241647433608
241.25,49.76556499102744,4.042707943420634e-06,0.9688165859700569
241.5,49.82941008597284,4.076307843125431e-06,0.966397579671618
241.75,49.893252133573476,4.110260307888957e-06,0.9639846134201605
242.0,49.95709093558366,4.144569329348262e-06,0.9615776721353114
242.25,50.02092629358258,4.1792389478460644e-06,0.9591767407743622
242.5,50.0847580094163,4.214273253043947e-06,0.9567818043321736
242.75,50.148585885562575,4.249676384545134e-06,0.9543928478410834
243.0,50.21240972512074,4.28545253253211e-06,0.9520098563708114
243.25,50.276229331128334,4.321605938424336e-06,0.9496328150283675
243.5,50.34004450490665,4.358140895561308e-06,0.9472617089579581
243.75,50.403855047380056,4.395061749842903e-06,0.9448965233408937
244.0,50.46766076177236,4.432372900355253e-06,0.9425372433954956
244.25,50.531461450714794,4.470078800100934e-06,0.9401838543770049
244.5,50.59525691688726,4.508183956678424e-06,0.9378363415774892
244.75,50.65904696258284,4.5466929329893e-06,0.9354946903257516
245.0,50.722831389877285,4.585610347943715e-06,0.9331588859872388
245.25,50.786610001083055,4.624940877170138e-06,0.9308289139639497
245.5,50.850382599168,4.664689253735323e-06,0.9285047596943445
245.75,50.914148987818166,4.704860268880488e-06,0.9261864086532537
246.0,50.97790897082474,4.74545877277969e-06,0.9238738463517872
246.25,51.04166235047481,4.7864896753263505e-06,0.9215670583372442
246.5,51.10540892790774,4.827957946893911e-06,0.9192660301930229
246.75,51.16914850718558,4.869868619039419e-06,0.9169707475385304
247.0,51.23288089165249,4.912226785357212e-06,0.914681196029093
247.25,51.29660588479628,4.955037602261974e-06,0.9123973613558669
247.5,51.36032328973322,4.998306289807872e-06,0.9101192292457484
247.75,51.42403290933901,5.042038132505977e-06,0.9078467854612852
248.0,51.487734546716105,5.086238480146161e-06,0.9055800158005876
248.25,51.55142800565439,5.130912748630266e-06,0.9033189060972394
248.5,51.61511309074158,5.176066420823343e-06,0.9010634422202103
248.75,51.678789606780214,5.221705047429759e-06,0.8988136100737667
249.0,51.74245735716776,5.2678342479009636e-06,0.8965693955973847
249.25,51.80611614379036,5.314459711325605e-06,0.8943307847656616
249.5,51.86976577174092,5.361587197238676e-06,0.892097763588229
249.75,51.93340604540793,5.409222536608687e-06,0.889870318109665
250.0,51.99703676936687,5.4573716327450934e-06,0.8876484344094072
250.25,52.06065774783308,5.506040462246465e-06,0.8854320986016665
250.5,52.12426878477513,5.555235075947566e-06,0.8832212968353392
250.75,52.187869684402216,5.6049615998715264e-06,0.8810160152939219
251.0,52.25146025165794,5.6552262361948264e-06,0.8788162401954245
251.25,52.31504029235333,5.706035264232834e-06,0.8766219577922845
251.5,52.37860961257155,5.75739504145363e-06,0.8744331543712809
251.75,52.442168016976915,5.809312004527863e-06,0.8722498162534491
252.0,52.505715308614825,5.861792670361458e-06,0.8700719297939956
252.25,52.56925129391239,5.914843637035788e-06,0.8678994813822123
252.5,52.6327757785986,5.9684715849474436e-06,0.865732457441392
252.75,52.69628856861491,6.022683277860688e-06,0.8635708444287439
253.0,52.75978946954401,6.077485564005402e-06,0.8614146288353085
253.25,52.823278286732695,6.132885377174363e-06,0.8592637971858741
253.5,52.8867548258089,6.188889737826746e-06,0.8571183360388921
253.75,52.95021889320069,6.245505754206653e-06,0.8549782319863936
254.0,53.013670296264735,6.302740623485464e-06,0.8528434716539055
254.25,53.077108842632136,6.360601632936825e-06,0.8507140417003674
254.5,53.140534338379055,6.419096161153079e-06,0.848589928818048
254.75,53.203946588105424,6.478231679235615e-06,0.8464711197324624
255.0,53.26734539989052,6.538015751895206e-06,0.8443576012022892
255.25,53.330730581090705,6.598456038767803e-06,0.8422493600192882
255.5,53.394101939285264,6.659560295635583e-06,0.8401463830082173
255.75,53.45745928168548,6.721336375698949e-06,0.8380486570267514
256.0,53.520802415296885,6.78379223084788e-06,0.8359561689653994
256.25,53.584131147476356,6.846935912941343e-06,0.8338689057474235
256.5,53.64744528646613,6.910775575104785e-06,0.8317868543287567
256.75,53.71074464148625,6.975319473055722e-06,0.8297100016979221
257.0,53.77402902196761,7.040575966467461e-06,0.8276383348759517
257.25,53.83729823550722,7.106553520380956e-06,0.8255718409163053
257.5,53.900552088735125,7.173260706566886e-06,0.8235105069047899
257.75,53.9637903916267,7.240706204826822e-06,0.8214543199594793
258.0,54.02701295346629,7.308898804506661e-06,0.8194032672306333
258.25,54.090219583731454,7.377847405916455e-06,0.8173573359006187
258.5,54.15341009151679,7.447561021804066e-06,0.815316513183828
258.75,54.21658428576563,7.518048778828453e-06,0.813280786326601
259.0,54.279741975875154,7.58931991904376e-06,0.8112501426071445
259.25,54.34288297223013,7.661383801405603e-06,0.8092245693354532
259.5,54.40600708622033,7.734249903310985e-06,0.807204053853231
259.75,54.46911412929689,7.80792782218324e-06,0.8051885835338116
260.0,54.53220391064052,7.882427277112964e-06,0.8031781457820801
260.25,54.59527623954274,7.957758110402383e-06,0.8011727280343945
260.5,54.65833092797314,8.033930289127993e-06,0.7991723177585075
260.75,54.72136778747444,8.110953906864733e-06,0.7971769024534882
261.0,54.78438662966776,8.188839185345439e-06,0.7951864696496442
261.25,54.847387265780945,8.26759647616698e-06,0.7932010069084445
261.5,54.91036950697661,8.347236262498077e-06,0.7912205018224414
261.75,54.973333165007325,8.427769160801828e-06,0.7892449420151931
262.0,55.03627805272568,8.509205922585915e-06,0.7872743151411876
262.25,55.099203983976736,8.591557436193482e-06,0.7853086088857645
262.5,55.16211077240066,8.67483472864772e-06,0.7833478109650394
262.75,55.224998228900574,8.759048967556957e-06,0.7813919091258266
263.0,55.28786616594679,8.844211462861484e-06,0.7794408911455636
263.25,55.35071439771131,8.930333668718473e-06,0.7774947448322342
263.5,55.413542738261775,9.017427185462316e-06,0.7755534580242932
263.75,55.476351001592136,9.10550376154565e-06,0.7736170185905903
264.0,55.539139001312286,9.19457529551478e-06,0.7716854144302946
264.25,55.60190655109229,9.284653837990331e-06,0.7697586334728196
264.5,55.664653465360445,9.375751593667937e-06,0.7678366636777478
264.75,55.727379559754496,9.467880923353794e-06,0.7659194930347558
265.0,55.79008465082531,9.561054346049835e-06,0.7640071095635397
265.25,55.85276855449224,9.655284541103388e-06,0.7620995013137402
265.5,55.91543108365783,9.750584350409786e-06,0.7601966563648684
265.75,55.97807205438084,9.846966780398193e-06,0.7582985628262321
266.0,56.04069128329535,9.944445004298935e-06,0.7564052088368608
266.25,56.10328858721174,1.0043032364376961e-05,0.754516582565433
266.5,56.165863782713224,1.0142742374199527e-05,0.7526326722102017
266.75,56.22841668604469,1.0243588720924397e-05,0.7507534659989216
267.0,56.29094711368252,1.0345585267598396e-05,0.7488789521887756
267.25,56.35345488305546,1.0448746055483187e-05,0.7470091190663021
267.5,56.41593981288677,1.0553085306425109e-05,0.7451439549473211
267.75,56.47840172262784,1.0658617425286003e-05,0.7432834481768631
268.0,56.54084043045342,1.0765357002451821e-05,0.7414275871290953
268.25,56.60325575183364,1.0873318816356826e-05,0.7395763602072503
268.5,56.665647506608366,1.098251783577954e-05,0.7377297558435532
268.75,56.728015514170956,1.1092969222539745e-05,0.7358877624991501
269.0,56.79035959425734,1.1204688334058294e-05,0.7340503686640364
269.25,56.85267956625044,1.1317690726000797e-05,0.732217562856985
269.5,56.91497524929401,1.1431992154929853e-05,0.7303893336254754
269.75,56.977246462983075,1.1547608580974697e-05,0.728565669545622
270.0,57.039493028071206,1.166455617053752e-05,0.7267465592221033
270.25,57.101714766634956,1.178285129905565e-05,0.7249319912880914
270.5,57.16391150113577,1.1902510553838863e-05,0.723121954405181
270.75,57.22608305181963,1.2023550737000978e-05,0.721316437263319
271.0,57.28822923788804,1.2145988868304402e-05,0.7195154285807344
271.25,57.35034988261756,1.2269842187914482e-05,0.7177189171038683
271.5,57.41244480857379,1.2395128159521077e-05,0.7159268916073037
271.75,57.474513838575795,1.2521864473313733e-05,0.7141393408936962
272.0,57.536556795020765,1.265006904905312e-05,0.7123562537937039
272.25,57.59857350023273,1.2779760039147748e-05,0.7105776191659189
272.5,57.66056377725086,1.2910955831757673e-05,0.7088034258967971
272.75,57.72252745046704,1.3043675053947068e-05,0.7070336629005902
273.0,57.784464345522565,1.3177936574907609e-05,0.7052683191192763
273.25,57.84637428787346,1.331375950927457e-05,0.7035073835224915
273.5,57.90825709975583,1.3451163220545836e-05,0.7017508451074613
273.75,57.97011260541803,1.359016732424847e-05,0.6999986928989326
274.0,58.031940631036896,1.373079169134488e-05,0.6982509159491054
274.25,58.09374100275336,1.387305645175004e-05,0.6965075033375647
274.5,58.155513546616845,1.4016981997834285e-05,0.6947684441712135
274.75,58.217258088269034,1.416258898798151e-05,0.6930337275842045
275.0,58.2789744535178,1.4309898350161948e-05,0.691303342737873
275.25,58.34066246917969,1.4458931285544503e-05,0.6895772788206697
275.5,58.40232196356937,1.4609709272173598e-05,0.6878555250480938
275.75,58.463952766014366,1.4762254068735545e-05,0.686138070662626
276.0,58.525554704773604,1.491658771843939e-05,0.684424904933662
276.25,58.587127604737816,1.507273255295885e-05,0.6827160171574458
276.5,58.648671295359314,1.5230711196029734e-05,0.6810113966570033
276.75,58.71018560605962,1.5390546567588525e-05,0.6793110327820768
277.0,58.77167036661665,1.555226188777217e-05,0.6776149149090582
277.25,58.83312540646497,1.5715880681020922e-05,0.6759230324409239
277.5,58.89455055474716,1.5881426780204668e-05,0.6742353748071686
277.75,58.95594564108091,1.604892433077655e-05,0.6725519314637403
278.0,59.017310496388475,1.621839779498248e-05,0.6708726918929749
278.25,59.07864495313478,1.63898719561549e-05,0.6691976456035312
278.5,59.13994884432054,1.656337192311941e-05,0.6675267821303257
278.75,59.20122200057687,1.673892313474266e-05,0.6658600910344682
279.0,59.26246425109233,1.6916551364379214e-05,0.6641975619031968
279.25,59.32367542982131,1.709628272416036e-05,0.6625391843498141
279.5,59.38485536991431,1.7278143669838782e-05,0.6608849480136224
279.75,59.446003904835834,1.7462161005421584e-05,0.65923484255986
280.0,59.50712086758562,1.7648361887949082e-05,0.6575888576796372
280.25,59.568206091096165,1.783677383228588e-05,0.6559469830898724
280.5,59.629259409136566,1.8027424715956044e-05,0.6543092085332292
280.75,59.690280657036396,1.8220342784054876e-05,0.652675523778052
281.0,59.751269671543476,1.841555665426983e-05,0.6510459186183039
281.25,59.81222628912913,1.8613095322042997e-05,0.6494203828735027
281.5,59.8731503425595,1.8812988165884364e-05,0.6477989063886588
281.75,59.93404166728782,1.9015264952306114e-05,0.6461814790342122
282.0,59.99490010063288,1.9219955841162964e-05,0.6445680907059698
282.25,60.05572547996766,1.9427091391106975e-05,0.6429587313250433
282.5,60.11651764251303,1.9636702565053724e-05,0.6413533908377872
282.75,60.17727642505303,1.9848820735724256e-05,0.6397520592157361
283.0,60.238001664631405,2.0063477691215594e-05,0.6381547264555436
283.25,60.29869319950991,2.0280705640636975e-05,0.6365613825789204
283.5,60.35935086966854,2.050053721984888e-05,0.6349720176325724
283.75,60.419974516128214,2.0723005497341983e-05,0.63338662168814
284.0,60.480563978376175,2.09481439802931e-05,0.6318051848421363
284.25,60.54111909242851,2.117598662067198e-05,0.6302276972158869
284.5,60.601639699850374,2.1406567820887316e-05,0.6286541489554679
284.75,60.66212564172913,2.1639922440265767e-05,0.6270845302316467
285.0,60.72257675959775,2.1876085801273867e-05,0.6255188312398199
285.25,60.78299289454594,2.211509369592388e-05,0.6239570421999544
285.5,60.84337388740656,2.235698239220917e-05,0.6223991533565262
285.75,60.90371957967822,2.2601788640590328e-05,0.6208451549784612
286.0,60.96402981443046,2.2849549680574398e-05,0.6192950373590745
286.25,61.02430443643769,2.3100303247429604e-05,0.6177487908160116
286.5,61.08454329078823,2.3354087579077962e-05,0.6162064056911885
286.75,61.144746219249,2.361094142320622e-05,0.614667872350732
287.0,61.204913063767556,2.3870904044084483e-05,0.613133181184921
287.25,61.265043670358935,2.4134015229467277e-05,0.6116023226081277
287.5,61.32513788455794,2.440031529804381e-05,0.6100752870587584
287.75,61.38519555202362,2.4669845106722718e-05,0.6085520649991945
288.0,61.44521651788337,2.4942646058085704e-05,0.6070326469157344
288.25,61.50520062732481,2.5218760107871815e-05,0.6055170233185357
288.5,61.5651477266468,2.549822977254071e-05,0.6040051847415558
288.75,61.625057663980996,2.5781098136963436e-05,0.6024971217424948
289.0,61.68493028889569,2.6067408862289026e-05,0.6009928249027372
289.25,61.744765450093055,2.6357206194035457e-05,0.5994922848272947
289.5,61.80456299193614,2.6650534970362105e-05,0.5979954921447478
289.75,61.864322763537224,2.694744062971097e-05,0.5965024375071897
290.0,61.92404461474468,2.724796921934092e-05,0.5950131115901677
290.25,61.98372839573339,2.7552167403762073e-05,0.5935275050926273
290.5,62.043373956321595,2.786008247331789e-05,0.5920456087368549
290.75,62.10298114590144,2.8171762352843554e-05,0.5905674132684205
291.0,62.162549814346725,2.84872556103835e-05,0.5890929094561228
291.25,62.222079813073755,2.880661146602349e-05,0.5876220880919307
291.5,62.281570995431025,2.912987980089265e-05,0.5861549399909288
291.75,62.34102321559365,2.9457111166390766e-05,0.5846914559912604
292.0,62.40043632513823,2.9788356793696333e-05,0.583231626954072
292.25,62.45981017307771,3.0123668603180022e-05,0.5817754437634577
292.5,62.519144614673365,3.0463099213386526e-05,0.5803228973264029
292.75,62.57843950415752,3.0806701951186226e-05,0.5788739785727296
293.0,62.63769469620316,3.1154530861508025e-05,0.5774286784550413
293.25,62.69691004489572,3.150664071737636e-05,0.5759869879486673
293.5,62.75608540416534,3.186308702998534e-05,0.5745488980516081
293.75,62.81522062890225,3.2223926058868023e-05,0.5731143997844808
294.0,62.87431557589463,3.258921482222408e-05,0.5716834841904638
294.25,62.93337010372784,3.295901110746943e-05,0.5702561423352437
294.5,62.99238407078464,3.333337348207114e-05,0.5688323653069597
294.75,63.05135733093046,3.371236130469902e-05,0.5674121442161503
295.0,63.11028974075332,3.409603473570817e-05,0.5659954701956987
295.25,63.16918115958287,3.448445474829655e-05,0.5645823344007802
295.5,63.22803144670079,3.487768314000795e-05,0.563172728008807
295.75,63.28684046123057,3.527578254422701e-05,0.5617666422193762
296.0,63.34560806169928,3.567881644185237e-05,0.5603640682542154
296.25,63.404334106869804,3.60868491730365e-05,0.5589649973571302
296.5,63.463018456944866,3.6499945949064865e-05,0.5575694207939512
296.75,63.521660974244504,3.691817286444716e-05,0.5561773298524811
297.0,63.580261522458336,3.734159690929319e-05,0.5547887158424418
297.25,63.63881996357413,3.7770285982046244e-05,0.5534035700954224
297.5,63.6973361549111,3.820430890238521e-05,0.5520218839648264
297.75,63.75580996045737,3.8643735423194086e-05,0.55064364882582
298.0,63.81424124388042,3.908863624413898e-05,0.5492688560752799
298.25,63.87262986935992,3.953908302482343e-05,0.5478974971317412
298.5,63.930975700512285,3.999514839829593e-05,0.5465295634353464
298.75,63.98927860052354,4.045690598464102e-05,0.5451650464477932
299.0,64.04753843327185,4.09244304046799e-05,0.5438039376522835
299.25,64.10575506450222,4.139779729386388e-05,0.5424462285534725
299.5,64.16392836211571,4.1877083316444366e-05,0.5410919106774168
299.75,64.22205819463564,4.236236618000253e-05,0.5397409755715248
300.0,64.280144426913,4.285372465042241e-05,0.5383934148045046
300.25,64.3381869222246,4.335123856652098e-05,0.5370492199663148
300.5,64.3961855502863,4.3854988854392105e-05,0.5357083826681134
300.75,64.45414017971146,4.436505754327978e-05,0.5343708945422075
301.0,64.51205067946371,4.4881527780922264e-05,0.5330367472420039
301.25,64.56991691776332,4.540448384933543e-05,0.5317059324419584
301.5,64.62773876268089,4.5934011180660995e-05,0.5303784418375269
301.75,64.6855160834449,4.6470196373175385e-05,0.5290542671451154
302.0,64.74324875148471,4.701312720755514e-05,0.5277334001020306
302.25,64.80093664023087,4.756289266349481e-05,0.5264158324664311
302.5,64.85857962269422,4.811958293677343e-05,0.5251015560172776
302.75,64.91617756644895,4.868328945680779e-05,0.523790562554285
303.0,64.97373034258088,4.9254104903127966e-05,0.5224828438978727
303.25,65.03123782510949,4.983212322301027e-05,0.5211783918891167
303.5,65.08869988800879,5.04174396495673e-05,0.519877198389701
303.75,65.146116405016,5.101015071986652e-05,0.5185792552818695
304.0,65.20348724910099,5.16103542933263e-05,0.5172845544683777
304.25,65.26081229341412,5.221814957022106e-05,0.5159930878724448
304.5,65.31809141269197,5.283363711040619e-05,0.5147048474377064
304.75,65.37532448409998,5.3456918852373404e-05,0.5134198251281665
305.0,65.43251138649129,5.408809813274716e-05,0.5121380129281503
305.25,65.4896519970608,5.472727970633272e-05,0.5108594028422571
305.5,65.54674618703521,5.537456976654665e-05,0.5095839868953127
305.75,65.60379383480326,5.6030075964317204e-05,0.5083117571323233
306.0,65.66079481906556,5.6693907429357574e-05,0.5070427056184282
306.25,65.71774901901178,5.736617479099496e-05,0.5057768244388535
306.5,65.77465631321722,5.8046990199466645e-05,0.5045141056988656
306.75,65.83151657954497,5.8736467347393405e-05,0.5032545415237248
307.0,65.88832969635476,5.943472149141131e-05,0.50199812405864
307.25,65.94509554395339,6.014186947408958e-05,0.5007448454687218
307.5,66.00181400522082,6.085802974626254e-05,0.4994946979389377
307.75,66.05848496434645,6.158332238990336e-05,0.49824767367406586
308.0,66.11510830260977,6.231786914166755e-05,0.49700376489865034
308.25,66.17168389586215,6.306179341656896e-05,0.49576296385695534
308.5,66.22821162899477,6.381522033004098e-05,0.4945252628129206
308.75,66.28469138569797,6.457827672317395e-05,0.4932906540501164
309.0,66.3411230503481,6.53510911869129e-05,0.49205912987169886
309.25,66.3975065064692,6.613379408702836e-05,0.4908306826003655
309.5,66.45384163692852,6.692651758921697e-05,0.48960530457831075
309.75,66.51012832533402,6.772939568441098e-05,0.48838298816718206
310.0,66.56636645752117,6.854256421444515e-05,0.4871637257480358
310.25,66.62255592201538,6.936616089822908e-05,0.48594750972129325
310.5,66.67869660835748,7.02003253585731e-05,0.4847343325066973
310.75,66.73478840217884,7.104519914981607e-05,0.48352418654326884
311.0,66.79083118437858,7.190092578531242e-05,0.48231706428926335
311.25,66.84682484568278,7.276765076336147e-05,0.48111295822212813
311.5,66.9027692749906,7.364552159686222e-05,0.479911860838459
311.75,66.95866436192772,7.453468784158668e-05,0.4787137646539578
312.0,67.01450999510725,7.543530112543757e-05,0.47751866220338984
312.25,67.07030606246691,7.634751517782674e-05,0.4763265460405412
312.5,67.1260524528006,7.727148585930988e-05,0.4751374087381769
312.75,67.18174905732106,7.820737119164967e-05,0.4739512428879988
313.0,67.23739577008999,7.915533138847975e-05,0.4727680411006034
313.25,67.29299248615199,8.011552888674183e-05,0.4715877960054407
313.5,67.3485390962087,8.108812837906829e-05,0.47041050025077236
313.75,67.40403548577875,8.207329684597727e-05,0.46923614650363044
314.0,67.45948155114627,8.307120358616283e-05,0.4680647274497764
314.25,67.51487718649996,8.408202025131766e-05,0.4668962357936601
314.5,67.5702222868377,8.510592087922542e-05,0.46573066425837906
314.75,67.62551674603984,8.614308192805556e-05,0.46456800558563793
315.0,67.6807604571557,8.719368231079532e-05,0.46340825253570805
315.25,67.73595331401206,8.825790342997257e-05,0.46225139788738734
315.5,67.79109521292568,8.933592921287071e-05,0.46109743443796014
315.75,67.84618605330289,9.042794614743643e-05,0.4599463550031578
316.0,67.90122573590844,9.153414331908184e-05,0.4587981524171184
316.25,67.95621415758646,9.265471244858179e-05,0.4576528195323481
316.5,68.0111512078574,9.378984793020483e-05,0.45651034921968126
316.75,68.06603678802706,9.493974686683458e-05,0.45537073436824166
317.0,68.1208707976906,9.610460911078953e-05,0.4542339678854037
317.25,68.17565313734362,9.728463730265981e-05,0.45310004269675375
317.5,68.23038370638338,9.848003691150825e-05,0.4519689517460515
317.75,68.2850624030549,9.969101627529157e-05,0.4508406879951918
318.0,68.33968912602562,0.00010091778664158051,0.44971524442416666
318.25,68.39426377631344,0.0001021605622088148,0.4485926140310273
318.5,68.4487862582934,0.00010341956016832836,0.44747278983184663
318.75,68.50325647850774,0.00010469500074738033,0.44635576486068146
319.0,68.55767434100434,0.00010598710725342778,0.4452415321695356
319.25,68.61203974024123,0.00010729610611946,0.4441300848283225
319.5,68.66635258018029,0.00010862222694532469,0.4430214159248285
319.75,68.72061276645434,0.00010996570254450367,0.44191551856467637
320.0,68.77482020500113,0.00011132676899033026,0.44081238587128835
320.25,68.82897480108032,0.00011270566566293981,0.43971201098585055
320.5,68.88307645838671,0.00011410263529683158,0.4386143870672763
320.75,68.93712508033192,0.00011551792402868997,0.43751950729217076
321.0,68.99112057215791,0.00011695178144574206,0.43642736485479505
321.25,69.04506284254579,0.00011840446063492868,0.4353379529670311
321.5,69.09895180338326,0.00011987621823316631,0.4342512648583462
321.75,69.15278736635409,0.00012136731447897668,0.433167293775758
322.0,69.20656943501314,0.00012287801326576155,0.4320860329838001
322.25,69.26029791052126,0.00012440858219308975,0.431007475764487
322.5,69.31397270657187,0.00012595929261698723,0.4299316154172802
322.75,69.36759373372209,0.0001275304197069653,0.4288584452590538
323.0,69.42116090339002,0.00012912224250004914,0.4277879586240609
323.25,69.47467412528349,0.00013073504395693842,0.4267201488638996
323.5,69.52813330781983,0.0001323691110183092,0.4256550093474798
323.75,69.58153836014807,0.00013402473466158157,0.42459253346098985
324.0,69.63488919437083,0.00013570220995848037,0.4235327146078637
324.25,69.68818572656352,0.00013740183613371703,0.422475546208748
324.5,69.74142787518849,0.0001391239166251195,0.42142102170146967
324.75,69.79461555550161,0.00014086875914553785,0.4203691345410035
325.0,69.84774867059258,0.0001426366757463883,0.4193198781994401
325.25,69.90082713448547,0.0001444279828748993,0.4182732461659541
325.5,69.95385086427449,0.00014624300143927334,0.41722923194677264
325.75,70.00681977696524,0.0001480820568735556,0.4161878290651439
326.0,70.05973378902532,0.00014994547920307543,0.4151490310613059
326.25,70.11259281481203,0.0001518336031110246,0.4141128314924559
326.5,70.16539676773873,0.0001537467680053113,0.41307922393271945
326.75,70.21814556270661,0.0001556853180860787,0.4120482019731202
327.0,70.27083911832973,0.00015764960241427658,0.4110197592215497
327.25,70.3234773574798,0.00015963997498167492,0.4099938893027376
327.5,70.37606020467851,0.00016165679478270768,0.408970585858222
327.75,70.42858757886432,0.0001637004258885361,0.4079498425463197
328.0,70.48105938561449,0.00016577123752229566,0.40693165304209755
328.25,70.53347554788434,0.0001678696041256795,0.4059160110373434
328.5,70.58583598754879,0.00016999590543908348,0.40490291024053743
328.75,70.63814062743185,0.00017215052657753406,0.40389234437682386
329.0,70.6903893892467,0.0001743338581090575,0.40288430718798285
329.25,70.74258219229228,0.0001765462961338845,0.40187879243240254
329.5,70.79471895492863,0.00017878824236401377,0.40087579388505185
329.75,70.84679959728332,0.00018106010420359826,0.39987530533745264
330.0,70.89882404364096,0.00018336229483061764,0.3988773205976533
330.25,70.95079222296795,0.00018569523328030004,0.39788183349020156
330.5,71.00270406602493,0.00018805934453075706,0.3968888378561184
330.75,71.05455949751868,0.00019045505959129535,0.39589832755287147
331.0,71.10635842645323,0.00019288281559249687,0.3949102964543492
331.25,71.15810078050433,0.0001953430558649349,0.3939247384508357
331.5,71.20978648744487,0.00019783623003447656,0.39294164744898485
331.75,71.26141547565092,0.0002003627941131644,0.3919610173717956
332.0,71.31298767260077,0.00020292321059243063,0.3909828421585871
332.25,71.36450300295463,0.00020551794853766354,0.3900071157649742
332.5,71.41596138984563,0.0002081474836831045,0.3890338321628433
332.75,71.46736275775415,0.00021081229852763154,0.3880629853403287
333.0,71.51870703533785,0.00021351288243198454,0.3870945693017887
333.25,71.5699941565898,0.00021624973171798778,0.38612857806778267
333.5,71.62122405869641,0.00021902334977032538,0.3851650056750481
333.75,71.67239667496811,0.00022183424714142477,0.3842038461764775
334.0,71.72351192157743,0.0002246829416598828,0.3832450936410967
334.25,71.77456972203198,0.00022756995852798079,0.38228874215404235
334.5,71.82557001306746,0.000230495830427137,0.3813347858165406
334.75,71.8765127275978,0.00023346109763188426,0.38038321874588576
335.0,71.92739779946783,0.000236466308118854,0.3794340350754189
335.25,71.97822515955617,0.00023951201768022354,0.3784872289545075
335.5,72.02899473601431,0.00024259879003726346,0.37754279454852496
335.75,72.07970645692915,0.0002457271969546543,0.37660072603883055
336.0,72.13036025369621,0.0002488978183562416,0.3756610176227498
336.25,72.18095606339092,0.0002521112424428984,0.37472366351355507
336.5,72.2314938284248,0.0002553680658131644,0.37378865794044686
336.75,72.28197349177415,0.0002586688935873314,0.3728559951485347
337.0,72.33239498606828,0.0002620143395356433,0.3719256693988191
337.25,72.38275822413651,0.000265405026207741,0.3709976749681733
337.5,72.43306314825665,0.0002688415850420188,0.37007200614932645
337.75,72.4833096964754,0.00027232465650800606,0.36914865725084567
338.0,72.53349780842316,0.0002758548902354262,0.36822762259711955
338.25,72.58362742249881,0.00027943294514918844,0.3673088965283417
338.5,72.63369847330875,0.0002830594896060212,0.3663924734004944
338.75,72.6837108929745,0.00028673520153143974,0.3654783475853332
339.0,72.73366461450615,0.00029046076855785904,0.36456651347037133
339.25,72.7835595754384,0.00029423688816466244,0.36365696545886506
339.5,72.83339571992616,0.0002980642678210362,0.36274969796979906
339.75,72.8831729974968,0.00030194362513238086,0.3618447054378721
340.0,72.93289135665579,0.0003058756879911094,0.36094198231348373
340.25,72.98255073154289,0.0003098611947326434,0.36004152306272025
340.5,73.03215103605649,0.0003139008942903279,0.359143322167342
340.75,73.081692221867,0.0003179955463252298,0.35824737412477153
341.0,73.13117423132368,0.0003221459214034331,0.3573536734480809
341.25,73.18059700965351,0.00032635280114968703,0.35646221466598005
341.5,73.22996050035077,0.0003306169784116181,0.3555729923228058
341.75,73.27926464248048,0.00033493925742516975,0.3546860009785108
342.0,73.32850937213985,0.00033932045398039836,0.35380123520865325
342.25,73.37769462617888,0.00034376139558861334,0.3529186896043871
342.5,73.42682034628164,0.00034826292165184757,0.3520383587724526
342.75,73.47588648150939,0.0003528258836356464,0.35116023733516716
343.0,73.5248929874068,0.0003574511452461622,0.35028431993041714
343.25,73.57383981977267,0.0003621395826125412,0.34941060121164935
343.5,73.62272692119637,0.0003668920844755904,0.34853907584786353
343.75,73.6715542054915,0.00037170955238014083,0.3476697385236049
344.0,73.72032162346451,0.0003765929008295236,0.34680258393895835
344.25,73.76902912509554,0.00038154305749504613,0.34593760680954183
344.5,73.81767666012303,0.00038656096340769144,0.3450748018665006
344.75,73.86626417824695,0.00039164757315454695,0.34421416385650216
345.0,73.91479162433802,0.00039680385508035373,0.3433556875417316
345.25,73.96325893879443,0.0004020307914890166,0.34249936769988726
345.5,74.01166606104621,0.0004073293788462856,0.3416451991241772
345.75,74.06001293420758,0.0004127006279848191,0.34079317662331626
346.0,74.10829950887677,0.0004181455643128362,0.3399432950215235
346.25,74.15652574408408,0.00042366522802757094,0.33909554915852
346.5,74.20469160338754,0.0004292606743347355,0.3382499338895277
346.75,74.25279704411683,0.0004349329736752037,0.33740644408526765
347.0,74.30084199776509,0.00044068321196012326,0.3365650746319602
347.25,74.34882638161828,0.0004465124907909399,0.3357258204313246
347.5,74.39675016577341,0.0004524219276514935,0.334888676400581
347.75,74.44461330031031,0.000458412656183555,0.3340536374724508
348.0,74.49241574104603,0.00046448582640873484,0.33322069859515874
348.25,74.54015744092314,0.0004706426049753326,0.3323898547324354
348.5,74.58783834681337,0.00047688417540495874,0.3315611008635202
348.75,74.63545840122123,0.0004832117383394643,0.33073443198316516
349.0,74.68301754678004,0.000489626511789671,0.3299098431016393
349.25,74.7305157314342,0.0004961297313873919,0.3290873292447335
349.5,74.77795291220043,0.0005027226506422358,0.3282668854537664
349.75,74.82532905540138,0.0005094065412046852,0.3274485067855905
350.0,74.87264413126461,0.0005161826931369423,0.3266321883125989
350.25,74.91989810078032,0.0005230524151930298,0.3258179251227324
350.5,74.96709089271087,0.0005300170351096444,0.3250057123194879
350.75,75.01422242401289,0.0005370778998711543,0.32419554502192693
351.0,75.06129267350799,0.000544236375943991,0.32338741836468676
351.25,75.10830159455466,0.0005514938496227098,0.32258132749798896
351.5,75.15524914773336,0.000558851727299117,0.3217772675876512
351.75,75.20213529050594,0.0005663114357670413,0.32097523381509824
352.0,75.24895997324779,0.0005738744225262828,0.32017522137737453
352.25,75.29572314077306,0.0005815421560866483,0.31937722548715725
352.5,75.34242473713311,0.0005893161262739237,0.31858124137277005
352.75,75.38906471146947,0.0005971978445396364,0.31778726427819787
353.0,75.4356430227012,0.0006051888442764562,0.3169952894631022
353.25,75.48215964082775,0.0006132906811410898,0.31620531220283726
353.5,75.5286145426278,0.0006215049333865166,0.3154173277884668
353.75,75.57500769953457,0.0006298332022054195,0.31463133152678135
354.0,75.62133905546827,0.000638277112086662,0.31384731874031624
354.25,75.66760850965433,0.000646838311172576,0.3130652847673707
354.5,75.71381603804474,0.000655518471510529,0.31228522496203004
354.75,75.7599616023371,0.0006643192894813301,0.31150713469418473
355.0,75.80604516537021,0.0006732424861430068,0.3107310093495525
355.25,75.85206669107123,0.0006822898075975425,0.309956844329701
355.5,75.89802613627768,0.0006914630253688855,0.30918463505207083
355.75,75.94392344969954,0.0007007639367796995,0.30841437694999996
356.0,75.98975857568387,0.000710194365329168,0.3076460654727489
356.25,76.03553146044425,0.0007197561610741692,0.30687969608552707
356.5,76.08124205841762,0.0007294512010161326,0.3061152642695196
356.75,76.12689033641057,0.0007392813894958932,0.3053527655219158
357.0,76.17247627319779,0.0007492486585988561,0.3045921953559374
357.25,76.21799985223475,0.0007593549685727861,0.30383354930086875
357.5,76.26346104514728,0.0007696023082605355,0.3030768229020868
357.75,76.30885978366003,0.0007799926955500244,0.3023220117210925
358.0,76.35419595936287,0.0007905281778034205,0.30156911133554315
358.25,76.39946956796896,0.0008012108321569551,0.3008181173392894
358.5,76.44468056878648,0.0008120427660976919,0.30006902534240726
358.75,76.48982892884622,0.0008230261178667298,0.2993218309712342
359.0,76.53491461500973,0.0008341630569256324,0.2985765298684062
359.25,76.57993758546209,0.000845455784428854,0.2978331176928951
359.5,76.62489778883287,0.0008569065336944152,0.2970915901200476
359.75,76.66979516848419,0.0008685175706757457,0.2963519428416254
360.0,76.71462966950438,0.0008802911944376044,0.2956141715658463
360.25,76.75940124594612,0.0008922297376389932,0.29487827201742683
360.5,76.80410986584738,0.0009043355670259743,0.29414423993762545
360.75,76.84875551157411,0.0009166110839373072,0.2934120710842873
361.0,76.89333817302327,0.000929058724825818,0.2926817612318895
361.25,76.93785783122463,0.0009416809617984136,0.2919533061715875
361.5,76.98231442988042,0.0009544803031776538,0.2912267017112625
361.75,77.02670784358398,0.0009674592940747335,0.2905019436755698
362.0,77.07103804811936,0.0009806205167396406,0.2897790279059935
362.25,77.11530501860251,0.0009939665912360527,0.2890579502608959
362.5,77.15950871962963,0.0010075001760053537,0.28833870661557
362.75,77.20364912230293,0.0010212239684203508,0.28762129286229404
363.0,77.24772619035997,0.001035140705382945,0.28690570491038714
363.25,77.29173987575156,0.0010492531639175176,0.28619193868626547
363.5,77.33569012107847,0.0010635641617637271,0.28547999013350067
363.75,77.3795768662965,0.0010780765579724116,0.2847698552128798
364.0,77.4234000570999,0.0010927932535082967,0.28406152990246625
364.25,77.46715965239311,0.0011077171918632014,0.28335501019766257
364.5,77.51085562826044,0.001122851359683441,0.2826502921112741
364.75,77.55448797584397,0.0011381987874151233,0.2819473716735743
365.0,77.59805669053894,0.0011537625499710323,0.2812462449323707
365.25,77.64156174991717,0.0011695457674227978,0.28054690795307247
365.5,77.68500307778791,0.001185551605722048,0.27984935681875894
365.75,77.72838052474654,0.0012017832774080157,0.27915358763024983
366.0,77.77169409663402,0.0012182440419861453,0.27845959650618546
366.25,77.81494375954065,0.0012349372069047513,0.2777673795830944
366.5,77.85812947990914,0.0012518661281999352,0.2770769330154709
366.75,77.90125122992124,0.0012690342112177252,0.27638825297585234
367.0,77.94430897252369,0.0012864449113738072,0.27570133565489746
367.25,77.98730265664676,0.0013041017349072776,0.2750161772614672
367.5,78.03023221989223,0.0013220082396331483,0.2743327740227067
367.75,78.0730975959674,0.00134016803569833,0.27365112218413
368.0,78.11589872414207,0.0013585847863458239,0.272971218009706
368.25,78.15863555800496,0.001377262208691848,0.2722930577819462
368.5,78.20130807079663,0.0013962040745206282,0.2716166378019945
368.75,78.24391625459532,0.001415414211101579,0.2709419543897181
369.0,78.28646011063275,0.0014348965020336045,0.27026900388379976
369.25,78.3289396280163,0.001454654888121248,0.2695977826418321
369.5,78.37135474813468,0.0014746933682874145,0.2689282870404127
369.75,78.4137053124219,0.0014950160005267094,0.2682605134752406
370.0,78.45599124196059,0.0015156269024791203,0.2675944583612237
370.25,78.49821255224549,0.0015365302523141352,0.26693011813258183
370.5,78.54036919422092,0.0015577302898848431,0.266267489242945
370.75,78.58246113913277,0.0015792313175038005,0.26560656816546346
371.0,78.62448835461053,0.0016010377009254178,0.26494735139291464
371.25,78.66645079341718,0.0016231538703163932,0.26428983543781365
371.5,78.70834839200765,0.0016455843212202987,0.2636340168325254
371.75,78.75018107603604,0.001668333615522408,0.26297989212938017
372.0,78.79194876995231,0.0016914063824208752,0.26232745790079065
372.25,78.83365140782878,0.0017148073194103543,0.2616767107393719
372.5,78.87528894255686,0.0017385411932841625,0.26102764725806304
372.75,78.91686135055464,0.0017626128411610857,0.2603802640902512
373.0,78.95836862912573,0.0017870271715429238,0.2597345578898975
373.25,78.99981078360973,0.001811789165408874,0.2590905253316645
373.5,79.041187801465,0.0018369038773528522,0.25844816311104574
373.75,79.08249961042401,0.0018623764367698501,0.2578074679444969
374.0,79.12374601789479,0.0018882120490973562,0.2571684365695683
374.25,79.164926920597,0.001914415996510072,0.25653106574505286
374.5,79.20604235294752,0.0019409936389976964,0.2558953522511289
374.75,79.24709225397204,0.0019679504159870833,0.2552612928894924
375.0,79.28807659037926,0.001995291847268624,0.25462888448350823
375.25,79.32899532741342,0.0020230235342743735,0.25399812387835713
375.5,79.36984841397445,0.0020511511613379597,0.25336900794118555
375.75,79.41063577900914,0.0020796804969442145,0.25274153356125884
376.0,79.45135733617587,0.002108617394976457,0.2521156976501183
376.25,79.49201299378619,0.002137967795969372,0.25149149714174046
376.5,79.53260266702596,0.002167737728375408,0.25086892899269997
376.75,79.57312628945913,0.0021979333098526396,0.25024799018233507
377.0,79.61358382081718,0.0022285607485820233,0.24962867771291564
377.25,79.65397524807692,0.0022596263446219857,0.24901098860981397
377.5,79.69430057682983,0.0022911364913082745,0.2483949199216779
377.75,79.73455980994592,0.0023230976767070134,0.2477804687206061
378.0,79.77475291053483,0.0023555164851288904,0.24716763210232565
378.25,79.81487974620734,0.0023883995987124176,0.24655640718637153
378.5,79.85494003824584,0.002421753799014234,0.24594679111626955
378.75,79.8949337932374,0.002455585967384113,0.24533878105975165
379.0,79.93486098897138,0.002489903087320159,0.24473237420892893
379.25,79.97472156253126,0.0025247122459673386,0.2441275677804878
379.5,80.01451547477168,0.002560020635516911,0.24352435901589287
379.75,80.05424268050791,0.002595835554878591,0.24292274518158716
380.0,80.0939031137121,0.00263216441132849,0.24232272356919715
380.25,80.13349668458345,0.0026690147221432358,0.24172429149574207
380.5,80.17302328535933,0.0027063941162306943,0.24112744630384764
380.75,80.2124828017345,0.0027443103357677073,0.24053218536196339
381.0,80.25187512675534,0.002782771237855264,0.23993850606458444
381.25,80.29120017405653,0.0028217847962015165,0.23934640583247643
381.5,80.3304578873069,0.002861359102843064,0.23875588211290422
381.75,80.36964824273184,0.0029015023699149136,0.23816693237986378
382.0,80.40877124157902,0.002942222931479539,0.2375795541343174
382.25,80.447826889395,0.002983529245425448,0.2369937449044316
382.5,80.48681515897931,0.003025429895445684,0.23640950224581797
382.75,80.52573593388344,0.003067933593106662,0.23582682374177671
383.0,80.56458892932166,0.0031110491800177727,0.23524570700354216
383.25,80.60337390879828,0.0031547856290622075,0.23466614967055574
383.5,80.64209098295184,0.0031991520454689795,0.2340881494107477
383.75,80.68074004246085,0.0032441576706088763,0.23351170392075987
384.0,80.7193210255108,0.0032898118831171377,0.23293681092623536
384.25,80.75783387983029,0.0033361242011181957,0.2323634681820885
384.5,80.79627853656719,0.003383104284428877,0.23179167347278015
384.75,80.83465489910441,0.003430761936732499,0.23122142461259934
385.0,80.8729628435527,0.0034791071077376343,0.23065271944595025
385.25,80.91120222765768,0.003528149895335361,0.23008555584764523
385.5,80.94937290485815,0.003577900547768761,0.22951993172320265
385.75,80.9874747402331,0.003628369465828489,0.22895584500915
386.0,81.02550762507433,0.0036795672050881764,0.2283932936733319
386.25,81.06347148682221,0.0037315044781934857,0.22783227571522227
386.5,81.10136629110151,0.0037841921572185928,0.22727278916624133
386.75,81.13919203259466,0.003837641276103895,0.2267148320900763
387.0,81.1769487114895,0.00389186303318874,0.2261584025830061
387.25,81.2146362922389,0.003946868793852957,0.22560349877422964
387.5,81.25225464136925,0.004002670093281001,0.2250501188261974
387.75,81.28980344107521,0.004059278639362477,0.22449826093494626
388.0,81.32728227715491,0.004116706314898719,0.22394792333045685
388.25,81.36469130456655,0.004174965177551657,0.22339910427707166
388.5,81.40203039709851,0.004234067466036139,0.2228518020737725
388.75,81.43929945502347,0.004294025601413929,0.22230601505457864
389.0,81.47649840476039,0.0043548521898955994,0.22176174158891734
389.25,81.51362716222326,0.004416560025821653,0.22121898008199714
389.5,81.55068561372218,0.004479162094593716,0.22067772897518925
389.75,81.58767361103637,0.004542671575574201,0.22013798674641705
390.0,81.62459097727879,0.004607101844972875,0.21959975191055303
390.25,81.66143752017169,0.004672466478738725,0.21906302301982308
390.5,81.69821304935287,0.004738779255475554,0.21852779866421762
390.75,81.73491739433204,0.004806054159399723,0.21799407747190958
391.0,81.77155041971689,0.004874305383358445,0.21746185810967833
391.25,81.80811203432845,0.004943547331927047,0.2169311392833399
391.5,81.84460219082519,0.005013794624603635,0.21640191973818262
391.75,81.8810208724556,0.0050850620991195455,0.21587419825940837
392.0,81.91736806355856,0.005157364814884034,0.21534797367257846
392.25,81.95364370043121,0.005230718056581581,0.2148232448440645
392.5,81.98984759918383,0.005305137337940268,0.21430001068150345
392.75,82.02597935720128,0.005380638405689607,0.21377827013425685
393.0,82.0620384028999,0.0054572372427616955,0.21325802219389647
393.25,82.09802491395041,0.005534950067031439,0.21273926589480574
393.5,82.13393874237484,0.005613793340742335,0.212222000314537
393.75,82.16977973529119,0.005693783772166868,0.21170622457435945
394.0,82.20554778183981,0.005774938319138541,0.21119193783977325
394.25,82.24124276682136,0.005857274193134701,0.21067913932102025
394.5,82.2768645441554,0.0059408088632801875,0.21016782827360617
394.75,82.3124129266831,0.006025560060296614,0.2096580039988334
395.0,82.3478876888367,0.006111545780422031,0.2091496658443448
395.25,82.38328857869936,0.0061987842893257376,0.20864281320467726
395.5,82.41861533597779,0.0062872941260430325,0.20813744552182487
395.75,82.45386771241151,0.006377094106954666,0.2076335622858116
396.0,82.48904549114114,0.006468203329835759,0.20713116303527246
396.25,82.52414850155938,0.0065606411779989635,0.20663024735804306
396.5,82.55917662616736,0.00665442732455665,0.20613081489175716
396.75,82.59412979595955,0.00674958173682687,0.20563286532445157
397.0,82.62900797086061,0.006846124680907879,0.20513639839517808
397.25,82.66381110173677,0.006944076726445993,0.20464141389462198
397.5,82.69853907050518,0.0070434587516215435,0.2041479116657267
397.75,82.73319160486429,0.007144291948377703,0.20365589160432418
398.0,82.76776816416822,0.007246597827916957,0.20316535365977043
398.25,82.80226798984324,0.007350398225090477,0.20267629783561944
398.5,82.83669129700228,0.007455715295070149,0.2021887241904957
398.75,82.87103789085216,0.007562571528160925,0.2017026328385453
399.0,82.90530754285145,0.007670989751659252,0.2012180239502051
399.25,82.93950008283421,0.007780993134394562,0.20073489775292266
399.5,82.97361534304228,0.007892605192395746,0.20025325453186238
399.75,83.00765312402834,0.008005849794435914,0.19977309463062756
400.0,83.04161317888999,0.008120751167488957,0.199294418451998
400.25,83.07549521229554,0.008237333902131438,0.1988172264586821
400.5,83.10929889076131,0.008355622957923277,0.19834151917408327
400.75,83.1430238606412,0.008475643668800797,0.19786729718307988
401.0,83.1766697702886,0.008597421748515598,0.19739456113281814
401.25,83.21023629285108,0.008720983296152783,0.19692331173351743
401.5,83.2437231461581,0.008846354801762052,0.19645354975928714
401.75,83.27713010616219,0.008973563152135173,0.195985276048955
402.0,83.3104570103937,0.009102635636763319,0.19551849150690565
402.25,83.34370374788973,0.009233599954007818,0.19505319710392946
402.5,83.37687023205726,0.009366484217517786,0.19458939387808047
402.75,83.40995635293105,0.009501316962928193,0.19412708293554315
403.0,83.44296190528652,0.00963812715487183,0.19366626545150742
403.25,83.4758864890679,0.009776944194338725,0.19320694267105104
403.5,83.50872937859205,0.009917797926416496,0.19274911591002913
403.75,83.54148955864184,0.010060718646532846,0.19229278655601625
404.0,83.57416726613216,0.010205737093063516,0.19183795606959866
404.25,83.6067622505182,0.010352884470849007,0.191384625984936
404.5,83.63927416766207,0.010502192453529147,0.19093279791084544
404.75,83.6717027528596,0.010653693189124824,0.19048247353182876
405.0,83.70404775408538,0.010807419308021348,0.1900336546090596
405.25,83.73630888905704,0.010963403930765739,0.1895863429813932
405.5,83.76848582256777,0.0111216806757234,0.18914054056639812
405.75,83.80057816053512,0.011282283666639623,0.18869624936140889
406.0,83.83258545721482,0.011445247540151379,0.1882534714445989
406.25,83.86450723202769,0.011610607453294841,0.18781220897607248
406.5,83.89634299244854,0.011778399091054105,0.18737246419897582
406.75,83.928092259405,0.011948658673996543,0.1869342394406252
407.0,83.9597545916352,0.012121422966040256,0.18649753711365236
407.25,83.99132960545225,0.012296729282399062,0.18606235971716578
407.5,84.02281698636436,0.012474615497750495,0.18562870983792726
407.75,84.05421648899888,0.012655120054672241,0.18519659015154286
408.0,84.08552792177849,0.012838281972392486,0.18476600342366734
408.25,84.11675111279853,0.013024140855899598,0.18433695251122145
408.5,84.14788585335309,0.013212736905456638,0.18390944036362095
408.75,84.1789318155592,0.013404110926566112,0.18348347002401702
409.0,84.20988844052675,0.01359830434043043,0.18305904463054648
409.25,84.24075479352317,0.013795359194953548,0.18263616741759192
409.5,84.27152949316091,0.013995318174901555,0.1822148417170853
409.75,84.302212631975,0.014198224587310916,0.1817950709604495
410.0,84.33280398750237,0.014404122394928946,0.18137685867938433
410.25,84.3633030269758,0.014613056224203986,0.18096020850728978
410.5,84.39370933054988,0.014825071369900309,0.18054512418080285
410.75,84.42402251089054,0.015040213806535856,0.18013160954119242
411.0,84.45424215849076,0.015258530199533623,0.1797196685357869
411.25,84.48436780922349,0.015480067916148121,0.17930930521943317
411.5,84.51439893064253,0.015704875036228458,0.17890052375598628
411.75,84.54433492354227,0.0159330003628795,0.17849332841982807
412.0,84.57417513528698,0.016164493433082645,0.178087723597414
412.25,84.6039188814207,0.016399404528337644,0.1776837137888471
412.5,84.63356547206833,0.016637784685387052,0.17728130360947736
412.75,84.66311423963893,0.016879685707084705,0.17688049779152631
413.0,84.69256456434198,0.0171251601734698,0.17648130118573468
413.25,84.72191589402745,0.01737426145310802,0.17608371876303275
413.5,84.75116775486048,0.01762704371476121,0.17568775561623176
413.75,84.78031974934159,0.017883561939447144,0.17529341696173567
414.0,84.80937153818321,0.018143871932950785,0.17490070814127157
414.25,84.83832280255322,0.018408030338848632,0.17450963462363822
414.5,84.86717318319661,0.018676094652107567,0.17412020200647116
414.75,84.8959221929459,0.01894812323331977,0.17373241601802328
415.0,84.92456909913118,0.01922417532363514,0.17334628251895995
415.25,84.95311277240056,0.01950431106045271,0.17296180750416731
415.5,84.98155149846214,0.019788591493932636,0.17257899710457275
415.75,85.00988444094922,0.020077078574785086,0.1721978575897277
416.0,85.03811184045722,0.02036983516693704,0.17181839536980933
416.25,85.06623284344377,0.02066692509746759,0.17144061699669452
416.5,85.09424676467647,0.02096841314748277,0.17106452916656215
416.75,85.12215299155466,0.021274365068744153,0.17069013872188485
417.0,85.14995091292103,0.021584847599907413,0.17031745265346698
417.25,85.17763987205261,0.021899928482398905,0.1699464781025293
417.5,85.20521914051,0.02221967647601235,0.16957722236283784
417.75,85.23268790952466,0.02254416137430794,0.16920969288287635
418.0,85.26004529560308,0.02287345401989605,0.16884389726806018
418.25,85.28729035702766,0.023207626319687796,0.1684798432829902
418.5,85.31442211793319,0.0235467512601946,0.1681175388537451
418.75,85.34143959663854,0.023890902922959086,0.16775699207021058
419.0,85.36834183491273,0.024240156500199447,0.16739821118844392
419.25,85.39512792485486,0.02459458831074952,0.16704120463307215
419.5,85.42179703006701,0.024954275816376832,0.1666859809997225
419.75,85.44834839779966,0.025319297638560775,0.16633254905748338
420.0,85.47478135874881,0.02568973357581318,0.16598091775139417
420.25,85.50109531118416,0.0260656646216235,0.16563109620496289
420.5,85.5272896860877,0.026447172983110816,0.16528309372270925
420.75,85.55336388998208,0.026834342100464863,0.16493691979273242
421.0,85.57931722212791,0.027227256667258386,0.16459258408930114
421.25,85.60514876276955,0.02762600265171291,0.1642500964754653
421.5,85.63085722910847,0.0280306673190003,0.1639094670056868
421.75,85.65644079568389,0.028441339254662183,0.16357070592848874
422.0,85.68189706655595,0.028858108384447797,0.16323382368924652
422.25,85.70722605262478,0.029281065921640568,0.16289883093494376
422.5,85.73242711321038,0.029710304465893157,0.16256573851500739
422.75,85.75749908711845,0.030145918014934842,0.1622345574844532
423.0,85.78244096346657,0.030588001968605276,0.16190529910729057
423.25,85.80725178801652,0.031036653152916677,0.16157797485945527
423.5,85.83193059521965,0.031491969843537956,0.16125259643181142
423.75,85.85647636297286,0.031954051788807544,0.16092917573322021
424.0,85.88088798708196,0.03242300023238157,0.1606077248936733
424.25,85.90516427242972,0.032898917935624064,0.16028825626748883
424.5,85.92930393784567,0.03338190919984589,0.15997078243656765
424.75,85.95330563167488,0.033872079888499156,0.1596553162137082
425.0,85.97716795504265,0.03436953744943359,0.1593418706459772
425.25,86.0008894898124,0.034874390937321906,0.15903045901813442
425.5,86.02446882823386,0.035386751036360416,0.15872109485610947
425.75,86.04790460127872,0.03590673008335203,0.15841379193052818
426.0,86.07119550266063,0.03643444209127794,0.1581085642602867
426.25,86.09434030553707,0.03697000277346496,0.15780542611617082
426.5,86.11733786888988,0.03751352956845498,0.15750439202451905
426.75,86.14018713058171,0.038065141665683436,0.15720547677092644
427.0,86.16288708408565,0.038624960032073344,0.15690869540398786
427.25,86.18543673588478,0.0391931074396516,0.15661406323907778
427.5,86.20783504053924,0.03976970849429426,0.15632159586216524
427.75,86.23008081041762,0.040354889665707515,0.15603130913366128
428.0,86.25217259708994,0.040948779318751,0.1557432191922969
428.25,86.2741085413792,0.041551507746210095,0.1554573424590293
428.5,86.29588618906895,0.04216320720312404,0.15517369564097472
428.75,86.3175023662189,0.0427840119392739,0.15489229573546273
429.0,86.33895649763171,0.043414058111378606,0.1546131600375257
429.25,86.36024776918332,0.04405348391976543,0.15433630614121746
429.5,86.38137442644737,0.04470242965430844,0.15406175194352165
429.75,86.40233487990423,0.04536103768436949,0.1537895156498806
430.0,86.423127611067,0.046029452493954334,0.15351961577853987
430.25,86.4437511019065,0.04670782071612586,0.15325207116499304
430.5,86.46420378509539,0.047396291166803106,0.15298690096652434
430.75,86.48448401259225,0.04809501487807548,0.1527241246668463
431.0,86.50459004008579,0.04880414513116081,0.1524637620808293
431.25,86.52452002481996,0.04952383748913659,0.15220583335932053
431.5,86.54427203432027,0.05025424982957327,0.15195035899404943
431.75,86.56384406354182,0.05099554237719863,0.1516973598226168
432.0,86.58323405795963,0.05174787773672237,0.1514468570335648
432.25,86.60243994012173,0.052511420925949806,0.15119887217152503
432.5,86.62145963718547,0.05328633940931383,0.15095342714244184
432.75,86.64029110695742,0.05407280313195408,0.15071054421886834
433.0,86.65893235995773,0.05487098455447238,0.15047024604533168
433.25,86.67738147502892,0.05568105868849345,0.1502325556437656
433.5,86.69563660601011,0.05650320313316,0.14999749641900667
433.75,86.71369597699672,0.05733759811269114,0.14976509216435224
434.0,86.73155786370648,0.05818442651513313,0.14953536706717643
434.25,86.74922055847212,0.059043873932431684,0.14930834571460194
434.5,86.76668231638106,0.05991612870195452,0.14908405309922468
434.75,86.78394128008294,0.060801381949593586,0.14886251462488853
435.0,86.80099538078515,0.06169982763457564,0.14864375611250732
435.25,86.81784221295712,0.06261166259611041,0.14842780380593107
435.5,86.8344788802635,0.06353708660200537,0.14821468437785407
435.75,86.8509018102473,0.06447630239937599,0.14800442493576169
436.0,86.8671070176184,0.06542951574230908,0.14779705302869764
436.25,86.88309394507338,0.06639693523951741,0.14759259665968583
436.5,86.89886052435885,0.06737877265954176,0.14739108428412728
436.75,86.91440418085338,0.06837524291015168,0.14719254481848457
437.0,86.92972245407874,0.06938656405077565,0.14699700764793122
437.25,86.94481292523966,0.07041295734264778,0.1468045026329407
437.5,86.95967316173623,0.07145464729827565,0.1466150601160173
437.75,86.97430067695534,0.07251186173035899,0.14642871092856571
438.0,86.98869290364728,0.07358483180028984,0.1462454863978959
438.25,87.00284717919398,0.07467379206636413,0.14606541835435977
438.5,87.01676074107505,0.07577898053183486,0.14588853913861627
438.75,87.03043073083806,0.07690063869293723,0.14571488160902157
439.0,87.04385420487928,0.07803901158701564,0.14554447914914095
439.25,87.05702815034121,0.079194347840883,0.14537736567537884
439.5,87.06994950443325,0.08036689971954242,0.1452135756447238
439.75,87.0826151754817,0.08155692317540143,0.14505314406260517
440.0,87.09502206401555,0.08276467789810898,0.14489610649085743
440.25,87.1071670821943,0.08399042736514542,0.1447424990557896
440.5,87.11904716988396,0.08523443889329543,0.14459235845635582
440.75,87.13065930568797,0.08649698369113455,0.14444572197242386
441.0,87.14200051123878,0.08777833691265892,0.14430262747313807
441.25,87.15306784705682,0.08907877771218883,0.14416311342537363
441.5,87.16385839828304,0.09039858930067612,0.14402721890227843
441.75,87.17436924859128,0.09173805900354558,0.14389498359189923
442.0,87.1845974405868,0.0930974783202006,0.14376644780588896
442.25,87.19453992099733,0.09447714298532325,0.14364165248829142
442.5,87.20419346896288,0.0958773530320989,0.14352063922440017
442.75,87.21355460573066,0.09729841285749563,0.1434034502496883
443.0,87.22261948406143,0.0987406312897286,0.1432901284588055
443.25,87.23138375565343,0.10020432165803961,0.14318071741463897
443.5,87.23984241489056,0.10168980186492194,0.14307526135743537
443.75,87.24799088961444,0.1031973943642807,0.1429738052177209
444.0,87.25582747297044,0.10472742604449586,0.14287639463265298
444.25,87.26334840614791,0.10628022866370654,0.14278307594176273
444.5,87.27054981523308,0.10785613876026832,0.142693896203399
444.75,87.27742784170857,0.10945549770768068,0.1426089032051884
445.0,87.28397860971499,0.11107865178263879,0.14252814547416193
445.25,87.29019820048036,0.11272595223309592,0.14245167228706973
445.5,87.2960826332471,0.11439775534640163,0.14237953368088047
445.75,87.30162785202643,0.11609442251758187,0.14231178046346213
446.0,87.30682971751001,0.11781632031782642,0.14224846422444057
446.25,87.31168400346866,0.11956382056324943,0.14218963734623288
446.5,87.31618639696785,0.12133730038398886,0.14213535301525154
446.75,87.32033250173016,0.1231371422937103,0.14208566523327673
447.0,87.32411784397402,0.1249637342595811,0.14204062882899268
447.25,87.32753788005898,0.12681746977278038,0.14200029946968526
447.5,87.33058800526717,0.12869874791961056,0.14196473367309706
447.75,87.3332635630507,0.1306079734532763,0.1419339888194367
448.0,87.33555985407507,0.13254555686639627,0.14190812316353899
448.25,87.33747214438809,0.13451191446431374,0.14188719584717255
448.5,87.33899567204446,0.1365074684392715,0.14187126691149152
448.75,87.34012565151562,0.13853264694551679,0.1418603973096278
449.0,87.34085727521476,0.14058788417540205,0.14185464891942073
449.25,87.34118571146685,0.1426736204365472,0.14185408455628068
449.5,87.34110609825353,0.1447903022301288,0.14185876798618302
449.75,87.34061353206253,0.1469383823303625,0.1418687639387893
450.0,87.33970305117174,0.1491183198652436,0.14188413812069223
450.25,87.33836961269742,0.15133058039861222,0.14190495722878085
450.5,87.33660806273666,0.15357563601360796,0.1419312889637228
450.75,87.33441309893378,0.15585396539758073,0.1419632020435603
451.0,87.33177922480043,0.1581660539285225,0.14200076621741584
451.25,87.32870069511945,0.16051239376308624,0.14204405227930528
451.5,87.32517145176206,0.16289348392625747,0.142093132082054
451.75,87.32118504924838,0.16530983040274438,0.1421480785513132
452.0,87.3167354964653,0.1677619461418329,0.1422089657067912
452.25,87.31181806517756,0.17025035104997482,0.14227586868204078
452.5,87.30642694482063,0.17277557230919882,0.14234886372234962
452.75,87.30055620134982,0.1753381443843196,0.14242802820839529
453.0,87.29419981157726,0.17793860910375525,0.14251344067167812
453.25,87.28735166876302,0.1805775157441446,0.14260518080995427
453.5,87.28000558683983,0.1832554211162347,0.1427033295028876
453.75,87.27215530339494,0.18597288965195807,0.142807968827918
454.0,87.26379448153378,0.1887304934926201,0.14291918207634344
454.25,87.25491671074944,0.19152881257811621,0.14303705376961326
454.5,87.24551550692219,0.19436843473709886,0.1431616696758295
454.75,87.2355843115733,0.19724995577801444,0.14329311682645424
455.0,87.22511649049731,0.20017397958092986,0.14343148353321983
455.25,87.21410533189697,0.20314111819006872,0.14357685940523965
455.5,87.20254404414511,0.2061519919069773,0.1437293353663163
455.75,87.19042575329756,0.2092072293842401,0.14388900367244523
456.0,87.17774350048138,0.21230746771966477,0.14405595792951037
456.25,87.16449023928263,0.21545335255085674,0.1442302931111697
456.5,87.15065883325782,0.2186455381501031,0.14441210557692769
456.75,87.13624205369331,0.22188468751948617,0.14460149309039227
457.0,87.1212325777368,0.22517147248614608,0.1447985548377134
457.25,87.10562298702521,0.22850657379761274,0.14500339144620056
457.5,87.08940576693308,0.23189068121712725,0.14521610500311685
457.75,87.07257330656569,0.2353244936188723,0.1454367990746466
458.0,87.0551178996212,0.2388087190830317,0.14566557872503394
458.25,87.03703174624586,0.24234407499059918,0.14590255053588994
458.5,87.01830695600675,0.2459312881178561,0.14614782262566525
458.75,86.99893555210596,0.24957109473043826,0.14640150466928575
459.0,86.97890947696055,0.2532642406769115,0.14666370791794872
459.25,86.95822059927261,0.25701148148177627,0.14693454521907637
459.5,86.93686072271346,0.2608135824378212,0.14721413103642472
459.75,86.91482159634624,0.2646713186977453,0.14750258147034456
460.0,86.89209492691116,0.26858547536496885,0.1478000142781922
460.25,86.8686723930975,0.2725568475835532,0.14810654889488714
460.5,86.84454566192677,0.27658624062714904,0.14842230645361415
460.75,86.81970634858546,0.2806744700082152,0.14874740981477172
461.0,86.79414532186183,0.2848223618444933,0.14908198358510072
461.25,86.7678532862195,0.28903075273215695,0.1494261541286065
461.5,86.74082114174,0.2933004896979004,0.1497800495969983
461.75,86.71303988803204,0.2976324303289228,0.150143799951109
462.0,86.68450054446207,0.30202744289630057,0.15051753698257112
462.25,86.65519408604214,0.3064864064718973,0.15090139433577132
462.5,86.6251113936927,0.311010211039207,0.15129550753007115
462.75,86.59424321759717,0.3155997575985283,0.15170001398228214
463.0,86.56258015236581,0.3202559582668641,0.1521150530293841
463.25,86.53011262272607,0.32497973637294436,0.15254076595147448
463.5,86.49683087845654,0.3297720265477677,0.15297729599493698
463.75,86.46272499728202,0.33463377481105805,0.15342478839581833
464.0,86.4277848944466,0.3395659386540325,0.15388339040340054
464.25,86.3920003376823,0.3445694871188773,0.15435325130395805
464.5,86.3553609662904,0.34964540087532714,0.1548345224446868
464.75,86.31785631305266,0.35479467229474526,0.15532735725779476
465.0,86.27947582768977,0.36001830552209924,0.15583191128474125
465.25,86.24020890058416,0.3653173165462301,0.15634834220061372
465.5,86.20004488548469,0.37069273326881025,0.15687680983863034
465.75,86.15897311990993,0.3761455955723861,0.1574174762147565
466.0,86.11698294196795,0.3816769553879028,0.15797050555242362
466.25,86.07406370230935,0.3872878767621064,0.15853606430733844
466.5,86.03020476993098,0.3929794359252201,0.1591143211923712
466.75,85.98539553054762,0.3987527213592902,0.15970544720251098
467.0,85.93962537624881,0.4046088338675997,0.16030961563987622
467.25,85.89288368515804,0.41054888664554345,0.16092700213876926
467.5,85.84515978981166,0.41657400535336286,0.16155778469076246
467.75,85.79644293297466,0.42268532819113613,0.1622021436698048
468.0,85.74672220961061,0.42888400597641935,0.16286026185733696
468.25,85.69598649372304,0.4351712022249361,0.16353232446740318
468.5,85.64422434878536,0.4415480932347107,0.16421851917174815
468.75,85.59142392047677,0.44801586817404165,0.1649190361248874
469.0,85.53757281044128,0.45457572917371203,0.16563406798913904
469.25,85.4826579297871,0.46122889142383233,0.16636380995960598
469.5,85.42666533104368,0.467976583275713,0.16710845978909566
469.75,85.36958187943553,0.47482004531720257,0.16786821782524347
470.0,85.3114007867333,0.4817605280199427,0.1686432870647568
470.25,85.25210715764,0.4887992999037541,0.16943387308328145
470.5,85.19168687465961,0.49593764158830833,0.17024018413226283
470.75,85.13012741551718,0.5031768454169906,0.17106243116877856
471.0,85.06741722908338,0.5105182159267974,0.17190082787530042
471.25,85.00354522832454,0.5179630702268151,0.17275559068053323
471.5,84.9385003910124,0.5255127382918668,0.17362693878122454
471.75,84.8722714589275,0.5331685631779165,0.17451509416483826
472.0,84.80484672629055,0.5409319011658164,0.1754202816329856
472.25,84.73621390815576,0.5488041218399874,0.17634272882550675
472.5,84.66636007950035,0.5567866081086191,0.17728266624509684
472.75,84.59527167574436,0.5648807561719779,0.1782403272823695
473.0,84.5229345454348,0.5730879754454103,0.17921594824125123
473.25,84.44933404582844,0.581409688443631,0.1802097683646003
473.5,84.37445517210725,0.5898473306328801,0.18122202985994337
473.75,84.29828271096065,0.5984023502575427,0.18225297792522327
474.0,84.22080140926866,0.6070762081478127,0.18330286077445146
474.25,84.14199614862025,0.6158703775149926,0.18437192966315827
474.5,84.06185211640079,0.6247863437410173,0.1854604389135347
474.75,83.98035496418284,0.6338256041687856,0.18656864593915906
475.0,83.89749094415457,0.6429896678998939,0.18769681126920137
475.25,83.81324701431957,0.6522800556063525,0.18884519857200002
475.5,83.72761090320259,0.6616982993628788,0.19001407467790268
475.75,83.64057112479503,0.6712459425063513,0.19120370960126618
476.0,83.5521169344745,0.6809245395290129,0.1924143765615078
476.25,83.46223821663253,0.6907356560120137,0.193646352003102
476.5,83.37092529474448,0.7006808686058772,0.19489991561441544
476.75,83.27816865461595,0.7107617650644814,0.19617535034527434
477.0,83.18395857153966,0.7209799443391406,0.1974729424231568
477.25,83.088284632097,0.7313370167393755,0.1987929813679044
477.5,82.99113514133846,0.7418346041669619,0.2001357600048455
477.75,82.89249640607689,0.7524743404298426,0.20150157447622452
478.0,82.79235188502786,0.7632578716424926,0.2028907242508298
478.25,82.69068119653133,0.7741868567193244,0.20430351213171433
478.5,82.58745897458847,0.7852629679677217,0.20574024426190185
478.75,82.48265356394806,0.7964878917872897,0.20720123012797229
479.0,82.37624617149135,0.807863314020762,0.20868678275170685
479.25,82.26824852201912,0.8193909065009201,0.21019721886454149
479.5,82.15864761582547,0.8310723680659454,0.21173285841150133
479.75,82.04742983693814,0.8429094061011599,0.21329402478693785
480.0,81.93458160811208,0.8549037357379621,0.21488104485101908
480.25,81.82008932317304,0.867057079557005,0.21649424893893265
480.5,81.70393932846338,0.8793711672197362,0.2181339708698323
480.75,81.5861179410518,0.8918477350413321,0.21980054795529805
481.0,81.4666114913677,0.9044885255180637,0.2214943210070804
481.25,81.34540637792149,0.9172952868221299,0.22321563434389896
481.5,81.22248912177197,0.9302697722769946,0.2249648357970656
481.75,81.09784640840186,0.9434137398262618,0.22674227671470282
482.0,80.97146510466254,0.9567289515091256,0.22854831196432718
482.25,80.84333223844932,0.9702171729554324,0.2303832999335687
482.5,80.71343492876815,0.9838801729133876,0.232247602528796
482.75,80.58176025385507,0.9977197228229459,0.23414158517141773
483.0,80.44829504500933,1.0117375964479196,0.2360656167916307
483.25,80.31302559815887,1.0259355695749615,0.2380200698194501
483.5,80.17593890395429,1.04031541800079,0.2400053201966285
483.75,80.03702276508275,1.0548789167533237,0.24202174737011192
484.0,79.8962645869851,1.0696278407101958,0.24406973426488826
484.25,79.75365190424512,1.08456396330131,0.24614966728020707
484.5,79.60917234297595,1.0996890558159533,0.24826193627556656
484.75,79.46281362011119,1.1150048866289282,0.25040693455553203
485.0,79.31456356684718,1.130513220363406,0.252585058853068
485.25,79.16441016348315,1.146215817008203,0.2547967093110667
485.5,79.01234157290561,1.1621144310071778,0.25704228946175617
485.75,78.85834615996367,1.178210810338456,0.25932220620367025
486.0,78.70241248398169,1.1945066956011798,0.2616368697758624
486.25,78.54452925165589,1.2110038191274868,0.26398669372904787
486.5,78.38468521758149,1.2277039041374171,0.26637209489335467
486.75,78.22286911141826,1.244608663818752,0.2687934933441635
487.0,78.05907016964854,1.2617197995045495,0.2712513123769187
487.25,77.8932777591367,1.279039000130722,0.27374597846196547
487.5,77.7254814473636,1.296567940978039,0.27627792120559536
487.75,77.55567099171253,1.3143082825498527,0.2788475733060089
488.0,77.38383631886124,1.3322616694112206,0.28145537050645286
488.25,77.20996753964162,1.3504297289232317,0.28410175154629963
488.5,77.03405498422164,1.3688140699002178,0.28678715810959277
488.75,76.85608924246453,1.3874162812175417,0.2895120347705827
489.0,76.67606119432017,1.406237930397654,0.29227682893577683
489.25,76.49396201510349,1.4252805622021045,0.2950819907820283
489.5,76.30978314051485,1.4445456972572,0.2979279731901864
489.75,76.12351617625738,1.464034830740995,0.3008152316738344
490.0,75.93515274936118,1.483749431135607,0.3037442243029513
490.25,75.7446849313293,1.5036909378507877,0.30671541163823024
490.5,75.55210520014175,1.5238607597002813,0.30972925664977985
490.75,75.35740624908748,1.5442602735578368,0.31278622462878003
491.0,75.16058106014601,1.5648908225320588,0.3158867831008478
491.25,74.96162287721332,1.5857537142761222,0.3190314017328648
491.5,74.76052521691227,1.606850219156656,0.32222055223678014
491.75,74.55728190101517,1.6281815683202003,0.3254547082697527
492.0,74.35188709450557,1.6497489516956418,0.3287343453299988
492.25,74.1443353333064,1.67155351597103,0.3320599406477081
492.5,73.9346215257018,1.6935963625831763,0.3354319730703937
492.75,73.72274091147989,1.715878545758444,0.33885092294203983
493.0,73.50868896282364,1.738401070643129,0.34231727197541273
493.25,73.29246131344019,1.7611648913056548,0.3458315031202392
493.5,73.07405423499199,1.7841709073511507,0.3493941004436691
493.75,72.85346430563271,1.80741996245487,0.35300554897972947
494.0,72.63068847058445,1.8309128418514675,0.35666633458603625
494.25,72.40572402709495,1.8546502700198844,0.3603769437917086
494.5,72.17856861537992,1.8786329082669153,0.36413786364015904
494.75,71.94922023987368,1.902861352155067,0.36794958152732543
495.0,71.7176773045632,1.9273361288263995,0.37181258503453435
495.25,71.48393864617992,1.9520576942740397,0.3757273617551845
495.5,71.24800354902482,1.9770264306130605,0.3796943991144397
495.75,71.00987172520098,2.002242643402414,0.3837141841811202
496.0,70.76954324402902,2.027706559069612,0.3877872034709818
496.25,70.52701840327302,2.0534183224604248,0.39191394274094465
496.5,70.28229802666178,2.079377992944074,0.39609488679416816
496.75,70.03538346710393,2.1055855414476783,0.4003305192658883
497.0,69.78627646506266,2.1320408477976263,0.4046213223971886
497.25,69.5349791928922,2.1587436975048115,0.40896777680795615
497.5,69.28149423103673,2.185693778693617,0.4133703612599152
497.75,69.02582457863217,2.2128906788209948,0.41782955241405767
498.0,68.76797368297096,2.240333881252184,0.4223458245815013
498.25,68.5079454722895,2.2680227617595885,0.4269196494668052
498.5,68.24574437633855,2.295956585011361,0.4315514959027751
498.75,67.98137531919585,2.324134501116214,0.4362418295757864
499.0,67.71484366878161,2.352555542291002,0.4409911127406584
499.25,67.44615512753619,2.3812186197176017,0.4457998039241075
499.5,67.17531579764058,2.410122519578084,0.4506683576290338
499.75,66.90233249286655,2.43926589802363,0.45559722404300507
500.0,66.62721242136817,2.4686472786810194,0.4605868487059816
500.25,66.34996328476907,2.4982650483837197,0.46563767219018504
500.5,66.07059324640797,2.5281174534490933,0.4707501297637779
500.75,65.7891109317656,2.5582025957082957,0.4759246510477516
501.0,65.50552545017132,2.588518428356954,0.4811616596651235
501.25,65.21984642394912,2.619062751707905,0.48646157288138364
501.5,64.93208401116374,2.649833208927249,0.4918248012351325
501.75,64.64224890812679,2.6808272818350014,0.497251748157849
502.0,64.35035231782332,2.712042286851607,0.5027428095817305
502.25,64.05640587041897,2.7434753711715874,0.5082983735345448
502.5,63.760421554198054,2.775123508820791,0.5139188197253327
502.75,63.46241208230922,2.8069834941787546,0.5196045191493169
503.0,63.16239064967206,2.8390519389601896,0.5253558336426168
503.25,62.86037096741024,2.8713252674945005,0.5311731154455075
503.5,62.55636725433115,2.903799712361433,0.537056706751447
503.75,62.25039422765293,2.9364713099396744,0.5430069392464035
504.0,61.942467115834546,2.969335895750018,0.5490241336398693
504.25,61.632601682163944,3.00238909968719,0.5551085991865496
504.5,61.32081424775966,3.03562634123443,0.5612606331977084
504.75,61.00712170264072,3.06904282475492,0.5674805205411578
505.0,60.69154149352034,3.102633534954151,0.5737685331288748
505.25,60.37409157697822,3.136393232607327,0.5801249293912296
505.5,60.05479032726497,3.170316450640954,0.5865499537368636
505.75,59.73365668927303,3.204397488245981,0.593043836022898
506.0,59.41071028312124,3.238630405484471,0.5996067910108048
506.25,59.08597123039802,3.2730090199111848,0.6062390177896785
506.5,58.759460214510675,3.307526901538119,0.6129406992074725
506.75,58.43119846225898,3.3421773684669462,0.6197120012853894
507.0,58.101207747170704,3.376953482310368,0.6265530726245649
507.25,57.769510406159405,3.4118480435056733,0.6334640438042878
507.5,57.43612936106499,3.4468535866237775,0.6404450267709969
507.75,57.101088136637316,3.481962375777029,0.6474961142172987
508.0,56.76441086652336,3.5171664002290663,0.6546173789502464
508.25,56.42612227881831,3.55245737031001,0.6618088732481231
508.5,56.08624765274098,3.587826713740271,0.6690706282049715
508.75,55.74481275121948,3.6232655723134295,0.6764026530635118
509.0,55.40184404552443,3.6587647954108196,0.683804934570006
509.25,55.0573686499091,3.6943149369730897,0.6912774362912875
509.5,54.71141427478362,3.7299062521493314,0.6988200979261905
509.75,54.364009254980346,3.7655286935212904,0.706432834615803
510.0,54.01518254375547,3.8011719078314905,0.7141155362430638
510.25,53.6649637212858,3.8368252326455345,0.7218680667274265
510.5,53.31338301208545,3.872477693056215,0.7296902633143917
510.75,52.96047130576697,3.908117998537064,0.737581935859703
511.0,52.606260175571514,3.9437345400529717,0.7455428661080119
511.25,52.25078188909264,3.9793153875355163,0.7535728069658059
511.5,51.894069405618424,4.014848287830621,0.7616714817684028
511.75,51.53615635451632,4.050320663226185,0.7698385835408103
512.0,51.17707698930294,4.085719610663587,0.7780737742522761
512.25,50.816866300722616,4.121031898621762,0.7863766840885079
512.5,50.45556009325467,4.156243965104167,0.7947469107190952
512.75,50.093194869347286,4.191341918784318,0.8031840185407005
513.0,49.72980788841076,4.226311537915143,0.8116875379415639
513.25,49.36543716702803,4.261138270655834,0.8202569645596864
513.5,49.0001214893231,4.295807235561457,0.8288917585447462
513.75,48.633900424314554,4.330303222341551,0.8375913438244812
514.0,48.26681434708142,4.3646106929939394,0.8463551073762768
514.25,47.8989044605686,4.398713783419996,0.855182398504691
514.5,47.53021281485915,4.432596305627586,0.8640725281256546
514.75,47.16078232074064,4.466241750627907,0.8730247680580824
515.0,46.79065675439282,4.499633292132481,0.8820383503236293
515.25,46.419880750023836,4.5327537911564955,0.8911124664553289
515.5,46.04849977779546,4.565585801621254,0.9002462668159239
515.75,45.67656024868427,4.598111573390078,0.9094388599484972
516.0,45.30410955744992,4.630313057764467,0.9186893119362433
516.25,44.931196011761386,4.662171916150536,0.927996645761979
516.5,44.557868883550796,4.693669526699624,0.9373598407047542
516.75,44.184178418198584,4.7247869928676876,0.9467778317512207
517.0,43.810175848682704,4.755505152580856,0.9562495090305192
517.25,43.4359134131774,4.7858045881006435,0.9657737172747534
517.5,43.06144437458735,4.815665636682306,0.9753492553071148
517.75,42.68682304050261,4.84506840211981,0.9849748755597292
518.0,42.31210478206027,4.8739927672709165,0.9946492836232893
518.25,41.93734605019826,4.902418407655863,1.0043711378305413
518.5,41.56260438778706,4.930324806223107,1.0141390488756923
518.75,41.18793843612489,4.957691269375649,1.0239515794718057
519.0,40.81340793428212,4.984496944351397,1.033807244048253
519.25,40.43907371042189,5.010720838023022,1.043704508490334
519.5,40.06499775797976,5.036341833159887,1.053641789935236
519.75,39.69124325029038,5.061338708535413,1.0636174566194856
520.0,39.31787449674381,5.085690162403862,1.0736298277580643
520.25,38.94495697351715,5.109374834139297,1.0836771734952517
520.5,38.57255732697242,5.132371328269382,1.0937577149125035
520.75,38.20074337724266,5.154658239646852,1.1038696240957202
521.0,37.82958412137822,5.1762141797956,1.1140110242653718
521.25,37.45914973542551,5.197017804468378,1.1241799899729363
521.5,37.08951157481056,5.217047842453091,1.134374547367113
521.75,36.72074217239936,5.236283125664653,1.1445926745332742
522.0,36.352915233607476,5.2547026205593905,1.1548323019096112
522.25,35.98610562793095,5.272285460908985,1.1650913127834404
522.5,35.620389376270815,5.289010981970905,1.1753675438711275
522.75,35.255843633423396,5.304858756092341,1.1856587859850891
523.0,34.89254666510863,5.3198086297845935,1.1959627847913383
523.25,34.530577818992334,5.333840762298471,1.206277241660862
523.5,34.17001752752182,5.346935662406119,1.2165998145658425
523.75,33.810947287003955,5.359074227312508,1.2269281191436145
524.0,33.45344959563432,5.370237786979527,1.2372597298247772
524.25,33.09760793054834,5.380408145201779,1.2475921810442885
524.5,32.743506707823755,5.389567622505781,1.2579229685948126
524.75,32.39123123826972,5.397699100051103,1.2682495510780631
525.0,32.04086767889951,5.404786064384536,1.2785693514567893
525.25,31.692502979983505,5.410812652898417,1.2888797587100522
525.5,31.34622482757909,5.415763699844216,1.2991781295944387
525.75,31.00212158143433,5.41962478275249,1.3094617905138595
526.0,30.660282208162077,5.422382269110329,1.3197280395005797
526.25,30.320796209581257,5.424023363147382,1.3299741483101277
526.5,29.98375354612208,5.424536152581588,1.3401973646327319
526.75,29.649244555191903,5.423909655175725,1.3503949144239296
527.0,29.317359864398433,5.422133864955874,1.3605640043569978
527.25,28.988190299527105,5.419199797942918,1.3707018243998514
527.5,28.661826787169236,5.4150995372481825,1.380805550519059
527.75,28.33836025396078,5.409826277442367,1.3908723474148459
528.0,28.01788153041183,5.403374367004965,1.4008993710461768
528.25,27.700481233178788,5.395739349702073,1.410883771945858
528.5,27.38624965203624,5.386918005061566,1.4208226981841827
528.75,27.07527663518946,5.376908385737764,1.4307132984884943
529.0,26.767651469496258,5.365709853053492,1.4405527254677282
529.25,26.463462756567253,5.353323110444082,1.4503381389162755
529.5,26.162798285507034,5.339750234461828,1.4600667091892594
529.75,25.86574490305879,5.3249947029993745,1.4697356206413201
530.0,25.572388381915005,5.309061420390532,1.4793420751210018
530.25,25.282813287956685,5.291956739047027,1.4888832955128342
530.5,24.997102847183733,5.273688477289659,1.4983565293192047
530.75,24.715338813099017,5.254265933032377,1.5077590522741136
531.0,24.437601335308617,5.233699892977748,1.5170881719809066
531.25,24.163968830100924,5.212002636982341,1.5263412315660794
531.5,23.894517845454487,5.189187939972778,1.5355156133465537
531.75,23.62932291446777,5.165271075148993,1.5446087424115535
532.0,23.368456446610658,5.140268799128815,1.553618090270978
532.25,23.111988594624478,5.114199341190949,1.5625411784788013
532.5,22.85998713762961,5.087082385125141,1.571375582101614
532.75,22.61251736659866,5.058939046080087,1.580118933163348
533.0,22.36964197258621,5.029791842611686,1.5887689240470264
533.25,22.1314209390406,4.999664663881726,1.5973233108307705
533.5,21.897911439523376,4.968582731957066,1.6057799165353002
533.75,21.66916774216187,4.936572559159401,1.6141366342601615
534.0,21.445241122160507,4.9036619004156785,1.6223914301859157
534.25,21.226179783696345,4.8698797005592604,1.6305423464195248
534.5,21.012028792524443,4.835256036531888,1.638587503660169
534.75,20.802830020618543,4.799822054436542,1.6465251036627282
535.0,20.598622104172648,4.763609901391267,1.6543534314761659
535.25,20.399440388675476,4.726652657168982,1.6620708577938297
535.5,20.20531684609229,4.6889842703462286,1.6696758415722968
535.75,20.0162801045387,4.6506394707893,1.6771669311570232
536.0,19.832355412885352,4.611653692940909,1.684542766165287
536.25,19.653564635379414,4.572062993974637,1.6918020788638566
536.5,19.479926254220644,4.531903969535419,1.6989436953635502
536.75,19.311455379441394,4.491213667698507,1.705966536630352
537.0,19.14816376654452,4.450029501600679,1.712869619297849
537.25,18.990059842353144,4.408389161197426,1.7196520562657471
537.5,18.837148739526228,4.366330524599876,1.7263130570692327
537.75,18.689432340193896,4.323891569445202,1.7328519280039372
538.0,18.546909329166446,4.281110284754242,1.7392680719912694
538.25,18.409575257171046,4.238024583730113,1.7455609881688767
538.5,18.27742261456998,4.194672217951531,1.7517302711909966
538.75,18.15044090034972,4.151090693099284,1.7577756105095546
539.0,18.028616659849302,4.107317186810641,1.7636967901346727
539.25,17.911933605231667,4.063388469345113,1.7694936867535132
539.5,17.800372690375347,4.019340826231035,1.7751662685650575
539.75,17.69391219881162,3.975209985343734,1.7807145937733688
540.0,17.59252783554459,3.931031047288844,1.7861388088805445
540.25,17.496192820988302,3.8868384192931633,1.791439146812708
540.5,17.404877986486603,3.8426657528543986,1.7966159248904423
540.75,17.318551870881503,3.7985458854011362,1.801669542655079
541.0,17.2371808175958,3.754510786214386,1.8066004795622432
541.25,17.160729071695695,3.7105915068620354,1.8114092925540655
541.5,17.089158876399193,3.666818136397567,1.8160966135214667
541.75,17.02243056849599,3.6232197615743735,1.8206631466679233
542.0,16.96050267214465,3.5798244323270163,1.825109665786119
542.25,16.90333199051274,3.536659132770774,1.8294370114588903
542.5,16.850873694725806,3.4937497579708183,1.8336460881958747
542.75,16.803081412098575,3.4511210878399896,1.8377378614839674
543.0,16.759907309595945,3.4087967628026807,1.841713354866978
543.25,16.721302174489455,3.3667992831253812,1.845573646933978
543.5,16.687215492744077,3.325149996633559,1.8493198682932501
543.75,16.65759552067729,3.2838690947518656,1.8529531986036034
544.0,16.63238935407132,3.242975612376905,1.8564748635798527
544.25,16.611542994393673,3.2024874313890948,1.8598861319887308
544.5,16.595001411770344,3.1624212876339475,1.8631883126517175
544.75,16.582708604356107,3.1227927812030853,1.866382751471258
545.0,16.574607653746174,3.0836163898453113,1.869470828496852
545.25,16.570640776073628,3.0449054853380524,1.8724539550474848
545.5,16.570749368436978,3.0066723526495,1.8753335709068852
545.75,16.574874050302174,2.9689282117217566,1.8781111416080822
546.0,16.58295469952347,2.9316832417053216,1.880788155823739
546.25,16.594930482762752,2.894946607456765,1.8833661228757568
546.5,16.610739905319882,2.858726484632465,1.8858465698178104
546.75,16.63032084478577,2.823030088191816,1.8882310388873964
547.0,16.65361056382386,2.787863704987938,1.8905210854514551
547.25,16.680545741723993,2.753232724295558,1.8927182755537333
547.5,16.71106249683662,2.7191416701372666,1.894824183700657
547.75,16.745096407497673,2.6855942342902486,1.8968403907265434
548.0,16.782582531565907,2.652593309825742,1.898768481740883
548.25,16.823455424694703,2.6201410250335107,1.900610044160406
548.5,16.86764915746011,2.588238777583591,1.9023666658286655
548.75,16.915097331467113,2.5568872687775843,1.904039933225854
549.0,16.96573309455593,2.5260865377417727,1.9056314297715802
549.25,17.019489155230286,2.4958359954143154,1.907142734223329
549.5,17.07629779642952,2.466134458178811,1.9085754191733257
549.75,17.13609088876641,2.436980180996481,1.9099310496465343
550.0,17.198799903352622,2.4083708898892584,1.9112111818025022
550.25,17.264355928660304,2.3803038141577675,1.9124173616303166
550.5,17.332689692508954,2.3527757183892106,1.9135511235994778
550.75,17.40373156999715,2.325782932465407,1.9146139897844519
551.0,17.477411601693397,2.299321381635512,1.915607468821308
551.25,17.553659513081055,2.273386615561216,1.9165330549342836
551.5,17.632404734778895,2.2479738364365787,1.9173922270506694
551.75,17.71357642370278,2.2230779261733926,1.9181864479985637
552.0,17.797103485325195,2.1986934726416836,1.9189171637822628
552.25,17.88291459718957,2.1748147949549503,1.9195858029300525
552.5,17.970938233836197,2.151435967789757,1.920193775909163
552.75,18.06110269329661,2.1285508447292822,1.9207424746026556
553.0,18.153336125313277,2.1061530806204356,1.9212332718430043
553.25,18.24756656144144,2.0842361529341433,1.9216675209971361
553.5,18.343721947189984,2.0627933821184232,1.9220465555976975
553.75,18.441730176358135,2.041817950933839,1.9223716890153097
554.0,18.541519127724918,2.021302922760958,1.9226442141665792
554.25,18.643016704248115,2.0012412588694093,1.9228654032526267
554.5,18.74615087492969,1.9816258346381577,1.9230365075229023
554.75,18.850849719504428,1.9624494547165934,1.9231587570590474
555.0,18.95704146173923,1.9437048684195208,1.9232333608368808
555.25,19.06465448822126,1.9253847859545878,1.923261507097472
555.5,19.173617429662258,1.90748188801206,1.9232443626354927
555.75,19.28385919340507,1.8899888389672423,1.9231830730459702
556.0,19.395309010221712,1.8728982983268145,1.9230787627447266
556.25,19.50789648238238,1.856202931355603,1.922932535009917
556.5,19.621551632120255,1.8398954189783545,1.922745472056206
556.75,19.736204950411167,1.823968466983424,1.9225186351382975
557.0,19.851787445987338,1.8084148145552879,1.92225306468054
557.25,19.96823069450432,1.793227242162795,1.921949780429328
557.5,20.085466887780317,1.7783985788300658,1.9216097816250146
557.75,20.20342888302698,1.76392170881695,1.921234047190061
558.0,20.322050251990913,1.7497895777359582,1.9208235359301373
558.25,20.441265329925002,1.7359951981325725,1.9203791867448967
558.5,20.561009264308698,1.7225316545558553,1.9199019188451416
558.75,20.681218063236468,1.7093921081462597,1.9193926319731027
559.0,20.801828643393506,1.6965698007675605,1.918852206622548
559.25,20.92277887753791,1.6840580587098093,1.9182815042554453
559.5,21.044007641321365,1.6718502959922563,1.917681367513761
559.75,21.16545484499892,1.659940017577883,1.9170526207395855
560.0,21.287061476594452,1.6483208218329943,1.9163960702347322
560.25,21.408769651637993,1.6369864026160468,1.9157125043225711
560.5,21.530522647213353,1.6259305513048212,1.9150026937340057
560.75,21.652264938861343,1.6151471584081225,1.9142673918974058
561.0,21.773942235398405,1.6046302149168095,1.9135073352310692
561.25,21.895501511609208,1.5943738134068643,1.9127232434377615
561.5,22.01689103877186,1.5843721489071962,1.9119158198008808
561.75,22.138060412974337,1.5746195195448882,1.911085751481796
562.0,22.25896058118067,1.5651103269805817,1.9102337098179079
562.25,22.37954386500557,1.5558390766467078,1.9093603506209775
562.5,22.499763982156047,1.546800377801262,1.908466314475276
562.75,22.61957606549862,1.5379889434098264,1.9075522270350984
563.0,22.738936679710736,1.5293995898685417,1.9066186993211918
563.25,22.857803835475014,1.5210272365807298,1.9056663280156478
563.5,22.976137001174866,1.5128669053998682,1.9046956957548042
563.75,23.093897111982134,1.5049137199654248,1.9037073714187076
564.0,23.211046575499672,1.4971629051755382,1.9027019104083818
564.25,23.327549277639438,1.4896097860838067,1.9016798549565248
564.5,23.443370583492566,1.482249787075612,1.9006417343846818
564.75,23.55847733676815,1.4750784308710723,1.8995880653830162
565.0,23.672837857319397,1.4680913373793492,1.8985193522936046
565.25,23.78642193623883,1.4612842225125504,1.8974360873868656
565.5,23.899200828628217,1.4546528969608332,1.8963387511316236
565.75,24.011147244148905,1.4481932649303209,1.8952278124593036
566.0,24.122235335458367,1.44190132284544,1.8941037290227565
566.25,24.232440684638544,1.4357731580172866,1.8929669474502127
566.5,24.341740287721798,1.4298049472796306,1.8918179035948612
566.75,24.450112537420132,1.4239929555941693,1.8906570227805557
567.0,24.557537204163367,1.4183335346266344,1.8894847200441394
567.25,24.663995415552076,1.4128231212953666,1.8883014003748937
567.5,24.769469634330864,1.4074582362939627,1.8871074589516055
567.75,24.8739436349878,1.4022354825896068,1.8859032813777503
568.0,24.977402479085665,1.397151543898691,1.8846892439152907
568.25,25.079832489430725,1.39220318314134,1.88346571371759
568.5,25.18122122318477,1.387387240876442,1.8822330490619352
568.75,25.28155744402608,1.3827006337188017,1.8809915995821713
569.0,25.380831092007263,1.3781403530310579,1.8797417064371174
569.25,25.479033249086434,1.373703464112975,1.878483702375105
569.5,25.576156114178755,1.3693871036995067,1.8772179121571075
569.75,25.672192970902028,1.3651884788382156,1.8759446526661805
570.0,25.767138154924996,1.3611048654436373,1.8746642331003425
570.25,25.860987021194877,1.3571336068316255,1.873376955167526
570.5,25.953735910950087,1.3532721122712448,1.8720831132742912
570.75,26.045382118568003,1.3495178555544463,1.87078299470869
571.0,26.135923858297613,1.345868373583759,1.8694768798176589
571.25,26.22536023092684,1.3423212649782361,1.8681650421793268
571.5,26.31369119043441,1.3388741886978859,1.8668477487706179
571.75,26.400917510676134,1.3355248626868297,1.865525260130534
572.0,26.48704075215532,1.3322710625354142,1.8641978305194964
572.25,26.572063228927323,1.3291106201615206,1.8628657080751319
572.5,26.65598797568793,1.3260414225113013,1.8615291349648861
572.75,26.73881871509544,1.32306141027958,1.8601883475358447
573.0,26.820559825376368,1.3201685766501525,1.858843576462145
573.25,26.90121630826447,1.3173609660562222,1.8574950468903624
573.5,26.980793757323028,1.3146366729612042,1.8561429785832542
573.75,27.059298326700194,1.3119938406601364,1.85478758606224
574.0,27.136736700367226,1.3094306601019288,1.8534290787490064
574.25,27.213116061889455,1.3069453687326908,1.8520676611066125
574.5,27.28844406477983,1.3045362493603685,1.8507035327804864
574.75,27.36272880436939,1.3022016290432883,1.849336888719774
575.0,27.43597879705698,1.2999398780526064,1.8479679191126601
575.25,27.508202943715236,1.2977494087920163,1.8465968096940755
575.5,27.5794105056488,1.2956286747048948,1.8452237418492827
575.75,27.649611079396696,1.2935761692694565,1.8438488926981078
576.0,27.718814570984005,1.2915904250112198,1.8424724352052142
576.25,27.787031171168405,1.289670012530518,1.8410945382872987
576.5,27.85427133163983,1.2878135395458827,1.839715366917319
576.75,27.920545742131416,1.286019649954121,1.8383350822258677
577.0,27.98586530839987,1.2842870229079137,1.8369538415998008
577.25,28.050241131033424,1.2826143719117575,1.835571798778232
577.5,28.113684485045624,1.2810004439370763,1.8341891039460068
577.75,28.17620680021305,1.2794440185573253,1.8328059038247642
578.0,28.23781964211513,1.2779439071039138,1.8314223417617
578.25,28.298534693834327,1.2764989518437693,1.8300385578161402
578.5,28.358363738274733,1.2751080251793707,1.8286546888440387
578.75,28.41731864105731,1.27377002887207,1.8272708685805077
579.0,28.475411333949996,1.2724838932895324,1.8258872277204947
579.25,28.53265379879074,1.2712485766781156,1.8245038939977138
579.5,28.58905805186172,1.270063064461015,1.823120992261947
579.75,28.6446361286729,1.2689263685629961,1.821738644554822
580.0,28.699400069860598,1.2678375267406912,1.8203569701831845
580.25,28.753361922086107,1.2667956015068698,1.8189760857712005
580.5,28.80653371529459,1.2657996797746598,1.817596105342722
580.75,28.858927449602017,1.2648488722674591,1.8162171403905345
581.0,28.910555087277924,1.2639423128091347,1.8148392999372374
581.25,28.96142854225214,1.2630791577187956,1.8134626905985614
581.5,29.01155967035195,1.2622585852166823,1.8120874166449428
581.75,29.06096026022715,1.2614797948415741,1.8107135800614091
582.0,29.10964202492053,1.2607420068801256,1.809341280605819
582.25,29.157616594041148,1.2600444618085345,1.8079706158655113
582.5,29.204895506498016,1.2593864197469504,1.8066016813124086
582.75,29.2514902037515,1.2587671599270278,1.8052345703566262
583.0,29.297412023540055,1.2581859801730337,1.8038693743986347
583.25,29.342672194039658,1.2576421963969113,1.8025061828800262
583.5,29.38728182841348,1.2571351421077108,1.8011450833329328
583.75,29.431251919709247,1.2566641679357906,1.7997861614281456
584.0,29.474593336061716,1.2562286411721968,1.7984295010219857
584.25,29.517316816157837,1.2558279453236267,1.797075184201973
584.5,29.559432964921978,1.2554614796833825,1.7957232913313457
584.75,29.600952249378704,1.2551286589187234,1.7943739010924764
585.0,29.641884994650663,1.2548289126750185,1.7930270905292351
585.25,29.68224138261446,1.2545616851276304,1.7916829350871315
585.5,29.722031456792834,1.2543264343851241,1.7903415086507204
585.75,29.76126511009917,1.254122632373596,1.789002883586614
586.0,29.79995208603065,1.2539497643746755,1.7876671307783092
586.25,29.83810197735244,1.2538073286506661,1.7863343196629513
586.5,29.87572422463035,1.2536948360901279,1.7850045182672518
586.75,29.91282811505371,1.2536118098613906,1.783677793242324
587.0,29.949422781530657,1.2535577850740036,1.7823542098974772
587.25,29.985517202037833,1.2535323084481274,1.781033832233005
587.5,30.0211201992066,1.2535349379918772,1.7797167229720128
587.75,30.056240440127873,1.2535652426866215,1.7784029435913178
588.0,30.090886436357685,1.253622802180246,1.7770925543514675
588.25,30.12506654410548,1.2537072064883867,1.7757856143259088
588.5,30.15878896458729,1.253818055703643,1.7744821814293543
588.75,30.19206174452592,1.2539549597127708,1.7731823124453794
589.0,30.224892776780067,1.2541175379218725,1.771886063053294
589.25,30.257289801084667,1.2543054189895808,1.7705934878543248
589.5,30.2892604048844,1.254518240568249,1.7693046403971504
589.75,30.320812024242482,1.2547556490531524,1.7680195732028259
590.0,30.351951944806878,1.2550172993397113,1.76673833778914
590.25,30.38268730281595,1.2553028545887355,1.7654609846944391
590.5,30.413025086125668,1.2556119859997037,1.7641875635009643
590.75,30.442972135240456,1.255944372592082,1.7629181228577329
591.0,30.47253514447648,1.2562997009907273,1.761652710502428
591.25,30.50172066776456,1.2566776651017517,1.7603913732713004
591.5,30.530535118517356,1.2570779659597877,1.759134157134038
591.75,30.55898476854939,1.257500311581428,1.7578811072092067
592.0,30.587075750728268,1.2579444167421476,1.756632267779731
592.25,30.61481406101381,1.2584100027787675,1.7553876823126553
592.5,30.642205560479777,1.2588967973980567,1.7541473934781446
592.75,30.669255977320642,1.2594045344912639,1.752911443167765
593.0,30.695970908845716,1.2599329539543604,1.7516798725120755
593.25,30.72235582346307,1.2604818015137889,1.7504527218975663
593.5,30.748416062655593,1.2610508285574982,1.7492300309829794
593.75,30.77415684295159,1.2616397919710558,1.7480118387150458
594.0,30.799583257892284,1.2622484539786236,1.746798183343674
594.25,30.824700279998627,1.2628765819885834,1.7455891024366241
594.5,30.849512762739764,1.263523948443602,1.7443846328937047
594.75,30.874025442505577,1.2641903306749194,1.7431848109605237
595.0,30.89824294058565,1.2648755107606509,1.7419896722418307
595.25,30.92216976515706,1.2655792753878872,1.7407992517144861
595.5,30.945810313283353,1.2663014157183823,1.7396135837400883
595.75,30.969168872927128,1.267041727257615,1.7384327020772978
596.0,30.99224962497855,1.267800009727011,1.7372566398938902
596.25,31.015056645302227,1.268576066939113,1.7360854297785755
596.5,31.037593906804794,1.269369706675488,1.734919103752616
596.75,31.059865281525624,1.2701807405671546,1.7337576932812782
597.0,31.081874542753,1.2710089839773222,1.7326012292851556
597.25,31.10362536716815,1.2718542558862274,1.7314497421513946
597.5,31.125121337019568,1.272716378777852,1.730303261744859
597.75,31.14636594232992,1.2735951785283162,1.7291618174192702
598.0,31.167362583137965,1.2744904842957272,1.7280254380283528
598.25,31.188114571777895,1.2754021284112758,1.7268941519370273
598.5,31.208625135198417,1.2763299462713646,1.7257679870326785
598.75,31.22889741667139,1.2772737762454704,1.7246469707333292
599.0,31.24893446765744,1.2782334598138096,1.7235311299458957
599.25,31.26873926058321,1.2792088412316454,1.7224204911271828
599.5,31.288314690318188,1.2801997674453918,1.721315080293126
599.75,31.307663573632386,1.2812060880607794,1.720214923014905
600.0,31.326788651177072,1.2822276552556797,1.7191200444270505
600.25,31.345692589390705,1.2832643236961507,1.7180304692352144
600.5,31.36437798233499,1.284315950455549,1.7169462217236178
600.75,31.382847353466133,1.2853823949365533,1.7158673257621944
601.0,31.401103157346213,1.2864635187959423,1.714793804813447
601.25,31.419147781299717,1.2875591858719744,1.7137256819390323
601.5,31.436983547020223,1.2886692621142088,1.7126629798060935
601.75,31.45461271213219,1.2897936155156193,1.7116057206933548
602.0,31.47203747171289,1.2909321160468374,1.710553926496998
602.25,31.489259959779474,1.2920846355923765,1.7095076187363358
602.5,31.506282250746104,1.293251047888676,1.7084668185592982
602.75,31.523106360856232,1.294431228463814,1.7074315467477523
603.0,31.53973424959497,1.2956250545787298,1.70640182372267
603.25,31.55616782108654,1.2968324051698028,1.7053776695491596
603.5,31.57240892548182,1.2980531607926322,1.7043591039413815
603.75,31.588459360340966,1.29928720356686,1.703346146267362
604.0,31.604320872016107,1.300534417121884,1.7023388155537251
604.25,31.6199951570391,1.3017946865433043,1.7013371304903546
604.5,31.635483863519358,1.3030678983199482,1.7003411094350096
604.75,31.650788592556722,1.3043539402913173,1.6993507704179056
605.0,31.665910899674373,1.3056527015953017,1.6983661311462808
605.25,31.68085229627679,1.3069640726160054,1.6973872090089615
605.5,31.695614251137755,1.308287944931529,1.6964140210809489
605.75,31.710198191923347,1.3096242112615517,1.695446584128039
606.0,31.724605506755005,1.3109727654145582,1.694484914611495
606.25,31.738837545219862,1.312333502248011,1.6935290286912863
606.5,31.752895610437104,1.313706317831102,1.6925789422067237
606.75,31.766780969464865,1.3150911091958297,1.6916346707031171
607.0,31.780494854646232,1.3164877742906336,1.6906962294357373
607.25,31.794038462632805,1.317896211987762,1.6897636333678079
607.5,31.807412955476735,1.3193163220446975,1.6888368971736476
607.75,31.82061946168259,1.3207480050669247,1.6879160352416769
608.0,31.833659077221306,1.3221911624719773,1.6870010616772892
608.25,31.84653286650844,1.3236456964547056,1.6860919903056015
608.5,31.859241863348906,1.3251115099537012,1.6851888346740835
608.75,31.87178707185047,1.3265885066188206,1.6842916080550743
609.0,31.884169467308165,1.3280765907797443,1.6834003234481945
609.25,31.896389997061863,1.3295756674155137,1.6825149935826569
609.5,31.908449581329233,1.3310856421249804,1.681635630919486
609.75,31.920349114016297,1.3326064210981114,1.6807622476536477
610.0,31.93208946350777,1.3341379110880878,1.6798948557161002
610.25,31.94367147343946,1.3356800193841338,1.6790334667757698
610.5,31.955095963454877,1.3372326537850192,1.6781780922414593
610.75,31.96636372994834,1.338795722573172,1.677328743263693
611.0,31.977475546796715,1.3403691344893398,1.676485430736508
611.25,31.98843216608208,1.3419527987077418,1.6756481652991961
611.5,31.999234318807495,1.3435466248116459,1.6748169573380025
611.75,32.009882715608086,1.3451505227693163,1.6739918169877879
612.0,32.02037804745969,1.346764402910265,1.673172754133661
612.25,32.03072098638722,1.3483881759017486,1.6723597784125879
612.5,32.0409121861751,1.350021752725451,1.671552899214983
612.75,32.050952283081756,1.3516650446542884,1.6707521256862885
613.0,32.06084189656064,1.3533179632292776,1.6699574667285513
613.25,32.07058162998984,1.3549804202364053,1.6691689310019984
613.5,32.08017207141249,1.3566523276834395,1.668386526926624
613.75,32.089613794062004,1.3583335977818087,1.6676102626832476
614.0,32.09890735350185,1.3600241430057243,1.666840146206641
614.25,32.1080532915028,1.3617238759984915,1.6660761851945254
614.5,32.11705213688319,1.363432709547712,1.6653183871091628
614.75,32.12590440530166,1.3651505565846314,1.6645667591766211
615.0,32.13461059975365,1.3668773301676866,1.6638213083877034
615.25,32.143171211057115,1.3686129434664605,1.6630820414988348
615.5,32.15158671832776,1.3703573097460384,1.6623489650329049
615.75,32.159857589443625,1.3721103423517644,1.6616220852800687
616.0,32.167984281499386,1.3738719546943892,1.6609014082985087
616.25,32.17596724125034,1.3756420602356052,1.6601869399151559
616.5,32.18380690554625,1.3774205724739663,1.6594786857263728
616.75,32.19150370175517,1.3792074049311847,1.6587766510986015
617.0,32.199058048177264,1.3810024711387998,1.658080841168974
617.25,32.20647035444896,1.382805684625218,1.6573912608458896
617.5,32.213741021937246,1.384616958903112,1.6567079148095583
617.75,32.22087044412449,1.3864362074571828,1.656030807512512
618.0,32.2278590069838,1.3882633437322696,1.6553599431800865
618.25,32.23470708934493,1.390098281121813,1.6546953258108719
618.5,32.24141506325109,1.3919409329566588,1.6540369591771351
618.75,32.24798329430655,1.3937912124942007,1.6533848468252175
619.0,32.25441214201523,1.395649032907858,1.6527389920759026
619.25,32.260701960110445,1.3975143072768792,1.6520993980247625
619.5,32.26685309687589,1.3993869485764714,1.6514660675424788
619.75,32.272865895457876,1.4012668696682482,1.6508390032751428
620.0,32.2787406941691,1.40315398329099,1.6502182076445322
620.25,32.284477826783984,1.4050482020517145,1.6496036828483707
620.5,32.29007762282563,1.4069494384170502,1.6489954308605663
620.75,32.295540407844655,1.4088576047049095,1.6483934534314344
621.0,32.30086650368991,1.4107726130764549,1.6477977520879035
621.25,32.30605622894063,1.412694375524855,1.6472083281334915
621.5,32.31110989901158,1.4146228038715183,1.646625182648073
621.75,32.31602782627073,1.4165578097612481,1.646048316488537
622.0,32.32081032052635,1.4184993046499819,1.6454777302889028
622.25,32.325457689238334,1.420447199798764,1.6449134244603494
622.5,32.32997023773037,1.4224014062678063,1.644355399191242
622.75,32.334348269403264,1.4243618349106277,1.6438036544471537
623.0,32.338592085948605,1.426328396368294,1.6432581899708776
623.25,32.3427019875622,1.4283010010637711,1.6427190052824343
623.5,32.346678273156584,1.430279559196409,1.642186099679072
623.75,32.35052124057183,1.4322639807365716,1.6416594722352569
624.0,32.35423118678417,1.4342541754204268,1.641139121802656
624.25,32.35780840811156,1.4362500527449176,1.6406250470101107
624.5,32.361253200415696,1.4382515219629228,1.6401172462636
624.75,32.364565859299674,1.4402584920786294,1.6396157177461947
625.0,32.367746680300705,1.4422708718431299,1.6391204594179987
625.25,32.370795959077114,1.44428856975026,1.6386314690160817
625.5,32.373713991589135,1.4463114940326938,1.6381487440543971
625.75,32.37650107427258,1.448339552658311,1.6376722818236895
626.0,32.379157504204976,1.4503726533268526,1.637202079391388
626.25,32.38168357926323,1.4524107034668832,1.6367381336014866
626.5,32.38407959827239,1.4544536102330694,1.6362804410744103
626.75,32.386345861144704,1.4565012805037991,1.635828998206866
627.0,32.388482669008255,1.4585536208791479,1.6353838011716793
627.25,32.39049032432466,1.4606105376792176,1.6349448459176141
627.5,32.39236913099504,1.4626719369428556,1.6345121281691775
627.75,32.39411939445361,1.4647377244267743,1.634085643426406
628.0,32.39574142174822,1.466807805605087,1.6336653869646363
628.25,32.39723552164829,1.468882085668301,1.6332513538343156
628.5,32.39860200597504,1.4709604694936316,1.632843538862548
628.75,32.399841188481176,1.473042861673485,1.632441936651097
629.0,32.40095338489846,1.475129166515839,1.6320465415761791
629.25,32.40193891348026,1.4772192880333892,1.6316573477889122
629.5,32.40279809507352,1.4793131299440005,1.6312743492150783
629.75,32.40353125319699,1.4814105956711123,1.6308975395549
630.0,32.40413871412494,1.4835115883441123,1.630526912282831
630.25,32.4046208069756,1.4856160107987018,1.6301624606473573
630.5,32.40497786380331,1.4877237655772735,1.6298041776708097
630.75,32.40521021969373,1.489834754929323,1.6294520561491879
631.0,32.40531821286114,1.4919488808119141,1.6291060886519908
631.25,32.4053021847471,1.494066044890218,1.6287662675220587
631.5,32.40516248011958,1.4961861485381502,1.6284325848754198
631.75,32.404899447171715,1.4983090928391223,1.6281050326011433
632.0,32.40451343761944,1.5004347785869332,1.6277836023612007
632.25,32.404004806797026,1.502563106286817,1.627468285590327
632.5,32.40337391374984,1.504693976156672,1.6271590734958898
632.75,32.402621121323385,1.5068272881284879,1.6268559570577563
633.0,32.401746796247856,1.508962941849997,1.6265589270281666
633.25,32.40075130921732,1.5111008366865641,1.6262679739316035
633.5,32.39963503496273,1.513240871723343,1.6259830880646648
633.75,32.39839835231791,1.5153829457677126,1.6257042594959317
634.0,32.39704164427779,1.5175269573520214,1.6254314780658374
634.25,32.395565298047785,1.5196728047366561,1.6251647333865302
634.5,32.39396970508385,1.521820385913456,1.6249040148417344
634.75,32.39225526112206,1.5239695986094959,1.624649311586604
635.0,32.39042236619712,1.5261203402912566,1.6244006125475718
635.25,32.388471424648756,1.5282725081692046,1.6241579064221905
635.5,32.38640284511536,1.5304259992028018,1.6239211816789663
635.75,32.38421704051393,1.5325807101059665,1.6236904265571834
636.0,32.38191442800548,1.534736537353006,1.6234656290667182
636.25,32.379495430195426,1.5368933771537137,1.623246776989772
636.5,32.37696047547921,1.5390511254504766,1.623033857881285
636.75,32.37430999571937,1.5412096779815834,1.6228268590652632
637.0,32.37154442767708,1.5433689302505391,1.6226257676369178
637.25,32.36866421302655,1.545528777531384,1.622430570462622
637.5,32.365669798357914,1.547689114874403,1.6222412541798654
637.75,32.36256163518558,1.549849837111796,1.6220578051972308
638.0,32.35934017996137,1.5520108388633234,1.6218802096943932
638.25,32.35600589409205,1.5541720145419418,1.621708453622141
638.5,32.35255924396047,1.556333258359445,1.6215425227024192
638.75,32.34900070095,1.5584944643321248,1.6213824024283912
639.0,32.34533074147146,1.5606555262864652,1.6212280780645234
639.25,32.34154984699207,1.5628163378648847,1.621079534646688
639.5,32.33765850406593,1.564976792531543,1.6209367569822843
639.75,32.33365720436527,1.5671367835782253,1.6207997296503809
640.0,32.329546444712115,1.5692962041303171,1.6206684370018714
640.25,32.32532672710962,1.5714549471528891,1.6205428631596523
640.5,32.32099855877261,1.5736129054569004,1.620422992018815
640.75,32.316562452156724,1.5757699717055398,1.6203088072468528
641.0,32.31201892498557,1.5779260384207172,1.6202002922838872
641.25,32.30736850027538,1.5800809979897197,1.6200974303429059
641.5,32.30261170635653,1.5822347426720484,1.6200002044100166
641.75,32.29774907689139,1.584387164606449,1.6199085972447143
642.0,32.29278115088797,1.5865381558181508,1.6198225913801627
642.25,32.287708472708665,1.5886876082263313,1.6197421691234868
642.5,32.282531592073724,1.5908354136518161,1.6196673125560794
642.75,32.27725106405869,1.592981463825034,1.6195980035339184
643.0,32.27186744908536,1.5951256503942373,1.6195342236878947
643.25,32.26638131290563,1.5972678649340057,1.6194759544241504
643.5,32.26079322657768,1.599407998954046,1.6194231769244287
643.75,32.25510376643397,1.601545943908301,1.6193758721464313
644.0,32.24931351404037,1.6036815912043885,1.6193340208241844
644.25,32.243423056145986,1.6058148322133747,1.619297603468414
644.5,32.23743298462302,1.6079455582799067,1.6192666003669285
644.75,32.23134389639611,1.6100736607327129,1.619240991585008
645.0,32.22515639336062,1.6121990308954868,1.6192207569657993
645.25,32.218871082366675,1.6143215600961156,1.6192058761308166
645.5,32.212488577725296,1.6164411396085805,1.6191963284838948
645.75,32.20600949905447,1.6185576607183503,1.6191920932094097
646.0,32.19943447042143,1.6206710147552315,1.6191931492712217
646.25,32.19276412111114,1.622781093082158,1.6191994754142134
646.5,32.18599908562652,1.6248877871042513,1.6192110501649832
646.75,32.17914000368548,1.6269909882780538,1.6192278518325542
647.0,32.1721875202148,1.629090588120927,1.6192498585090975
647.25,32.165142285340934,1.6311864782206154,1.6192770480706704
647.5,32.15800495437806,1.6332785502449612,1.6193093981779725
647.75,32.15077618781324,1.6353666959517708,1.6193468862771174
648.0,32.14345665128908,1.637450807198822,1.6193894896004224
648.25,32.136047015583806,1.6395307759540105,1.6194371851672167
648.5,32.12854795658907,1.641606494305623,1.6194899497846684
648.75,32.120960155285445,1.6436778544727377,1.6195477600486303
649.0,32.11328429771592,1.645744748815742,1.619610592344507
649.25,32.105521074957295,1.647807069846961,1.6196784228481425
649.5,32.09767118308989,1.6498647102413928,1.6197512275267283
649.75,32.089735323165456,1.6519175628475435,1.6198289821397356
650.0,32.08171420117351,1.6539655206983548,1.6199116622398686
650.25,32.07360852800627,1.6560084770222188,1.6199992431740418
650.5,32.065419019422244,1.6580463252540747,1.6200917000843817
650.75,32.05714639600868,1.6600789590465796,1.620189007909253
651.0,32.0487913831429,1.6621062722813484,1.6202911413843097
651.25,32.04035471095272,1.6641281590802552,1.6203980750435747
651.5,32.03183711427615,1.6661445138167932,1.6205097832205417
651.75,32.02323933262037,1.6681552311274819,1.6206262400493088
652.0,32.01456211012016,1.670160205923321,1.6207474194657379
652.25,32.00580619549601,1.6721593334012808,1.6208732952086427
652.5,31.996972342011837,1.6741525090558234,1.6210038408210075
652.75,31.988061307432716,1.6761396286904515,1.621139029651235
653.0,31.979073853982467,1.6781205884292751,1.6212788348544238
653.25,31.97001074830143,1.680095284728591,1.6214232293936792
653.5,31.960872761404495,1.6820636143884713,1.6215721860414547
653.75,31.95166066863948,1.684025474564349,1.6217256773809265
654.0,31.94237524964606,1.6859807627786034,1.6218836758074004
654.25,31.933017288315305,1.6879293769321289,1.6220461535297548
654.5,31.923587572750026,1.6898712153158886,1.6222130825719145
654.75,31.914086895226006,1.691806176622445,1.6223844347743648
655.0,31.904516052154257,1.6937341599574576,1.6225601817956963
655.25,31.894875844044474,1.6956550648511475,1.6227402951141898
655.5,31.88516707546976,1.6975687912697166,1.622924746029437
655.75,31.87539055503277,1.699475239626721,1.6231135056639987
656.0,31.86554709533345,1.701374310794388,1.6233065449651025
656.25,31.855637512938433,1.7032659061148718,1.6235038347063793
656.5,31.845662626843524,1.7051499274605249,1.6237053454847226
656.75,31.835623257973385,1.707026277257207,1.6239110477190433
657.0,31.825520235041004,1.7088948583042909,1.6241209116714492
657.25,31.815354389813045,1.710755573942039,1.624334907435269
657.5,31.805126556943655,1.7126083280668858,1.6245530049363763
657.75,31.794837574058807,1.7144530251384706,1.624775173935329
658.0,31.784488281821304,1.716289570187299,1.62500138402949
658.25,31.774079523977388,1.7181178688229906,1.6252316046551267
658.5,31.763612147386016,1.7199378272430783,1.6254658050894986
658.75,31.753087002031698,1.7217493522423253,1.6257039544529284
659.0,31.742504941021988,1.7235523512225173,1.6259460217108637
659.25,31.731866820570517,1.725346732202698,1.62619197567593
659.5,31.721173499966675,1.727132403829809,1.6264417850099757
659.75,31.710425841532793,1.7289092753896962,1.6266954182261135
660.0,31.699624710569967,1.7306772568184496,1.626952843690761
660.25,31.688770975293377,1.732436258714035,1.6272140296256794
660.5,31.677865506758177,1.7341861923481845,1.6274789441100155
660.75,31.666909178776937,1.7359269696785076,1.62774755508235
661.0,31.655902867829578,1.7376585033607859,1.6280198303427493
661.25,31.644847452966854,1.739380706761414,1.628295737554831
661.5,31.63374381570832,1.7410934939699525,1.628575244247837
661.75,31.62259283993583,1.7427967798117532,1.6288583178187228
662.0,31.611395411783473,1.7444904798606207,1.629144925534262
662.25,31.60015241952504,1.746174510451475,1.6294350345331698
662.5,31.588864753459923,1.7478487886929759,1.629728611828246
662.75,31.577533305798507,1.749513232480075,1.6300256243085416
663.0,31.566158970547985,1.7511677605064562,1.6303260387415512
663.25,31.55474264339962,1.7528122922768286,1.6306298217754316
663.5,31.543285221618444,1.7544467481190364,1.6309369399412506
663.75,31.53178760393638,1.7560710491959473,1.631247359655268
664.0,31.520250690449767,1.7576851175170825,1.6315610472212507
664.25,31.50867538252231,1.7592888759499536,1.631877968832824
664.5,31.497062582694376,1.7608822482310673,1.6321980905758622
664.75,31.485413194599726,1.762465158976561,1.6325213784309192
665.0,31.47372812289059,1.7640375336924359,1.6328477982757037
665.25,31.462008273172124,1.7655992987843463,1.6331773158876
665.5,31.450254551947186,1.7671503815669116,1.6335098969462345
665.75,31.43846786657251,1.7686907102725116,1.6338455070360947
666.0,31.426649125227176,1.7702202140595316,1.6341841116492
666.25,31.414799236894414,1.7717388230200168,1.634525676187826
666.5,31.402919111357733,1.7732464681867024,1.6348701659672873
666.75,31.391009659212347,1.7747430815393803,1.6352175462187777
667.0,31.379071791892912,1.7762285960105662,1.6355677820922743
667.25,31.367106421718518,1.7777029454904318,1.6359208386595019
667.5,31.35511446195601,1.7791660648309635,1.6362766809169673
667.75,31.343096826902524,1.780617889849311,1.6366352737890584
668.0,31.331054431988324,1.7820583573302897,1.6369965821312158
668.25,31.318988193900857,1.783487405028,1.6373605707331766
668.5,31.30689903073106,1.7849049716665264,1.6377272043222935
668.75,31.294787862142915,1.7863109969396793,1.6380964475669302
669.0,31.28265560956718,1.787705421509744,1.638468265079938
669.25,31.270503195641275,1.7890881870322395,1.6388426214202003
669.5,31.258331519355735,1.7904592370206274,1.63921948103142
669.75,31.24614148538978,1.7918185158287743,1.6395988083209025
670.0,31.23393400721536,1.7931659685556216,1.6399805676706154
670.25,31.221709997036804,1.7945015413997971,1.6403647234142285
670.5,31.209470365852983,1.795825181661345,1.6407512398403175
670.75,31.197216023499646,1.7971368377440384,1.641140081195528
671.0,31.184947878672908,1.7984364591582223,1.641531211687704
671.25,31.172666838935097,1.7997239965241525,1.6419245954889845
671.5,31.16037381070399,1.8009994015757815,1.6423201967388656
671.75,31.148069699226618,1.8022626271649502,1.6427179795472382
672.0,31.135755408538667,1.8035136272659418,1.6431179079973948
672.25,31.123431841410664,1.804752356980356,1.6435199461490144
672.5,31.111099899281992,1.805978772542259,1.6439240580411245
672.75,31.098760482183867,1.8071928313235661,1.644330207695042
673.0,31.086414488652395,1.8083944918396138,1.6447383591172975
673.25,31.074062815632782,1.8095837137548805,1.6451484763025437
673.5,31.061706358375854,1.810760457888808,1.64556052323645
673.75,31.049346010327938,1.8119246862216851,1.6459744638985867
674.0,31.03698266301524,1.8130763619005485,1.6463902622652984
674.25,31.02461720592386,1.8142154492450562,1.6468078823125738
674.5,31.01225052637647,1.8153419137532933,1.6472272880189078
674.75,30.99988350940684,1.8164557221074646,1.6476484433681633
675.0,30.987517037633275,1.8175568421794321,1.6480713123524324
675.25,30.975151991132094,1.8186452430360531,1.6484958589748995
675.5,30.962789247312234,1.8197208949442776,1.6489220472527089
675.75,30.95042968079211,1.8207837693759594,1.6493498412198393
676.0,30.93807416327981,1.821833839012341,1.6497792049299866
676.25,30.925723563457797,1.8228710777481645,1.650210102459459
676.5,30.913378746873107,1.8238954606953697,1.6506424979100836
676.75,30.901040575834273,1.8249069641863347,1.6510763554121284
677.0,30.88870990931603,1.825905565776615,1.6515116391272455
677.25,30.876387602872867,1.8268912442471381,1.6519483132514294
677.5,30.864074508562627,1.8278639796058123,1.652386342018001
677.75,30.851771474881172,1.828823753088504,1.6528256897006137
678.0,30.83947934670926,1.8297705471593428,1.653266320616289
678.25,30.827198965272782,1.830704345510307,1.6537081991284766
678.5,30.814931168117347,1.8316251330600535,1.6541512896501496
678.75,30.80267678909848,1.8325328959519411,1.6545955566469317
679.0,30.790436658388398,1.83342762155121,1.6550409646402584
679.25,30.77821160250056,1.8343092984412694,1.655487478210578
679.5,30.766002444333054,1.8351779164190563,1.6559350620005908
679.75,30.753810003231976,1.8360334664894138,1.6563836807185324
680.0,30.74163509507583,1.836875940858456,1.6568332991414996
680.25,30.729478532382124,1.8377053329258664,1.657283882118824
680.5,30.717341124437276,1.8385216372760924,1.6577353945754936
680.75,30.705223677450846,1.8393248496683932,1.658187801515626
681.0,30.693126994735323,1.8401149670256944,1.6586410680259953
681.25,30.68105187691247,1.8408919874222076,1.6590951592796133
681.5,30.668999119145447,1.841655910185784,1.6595500405317982
681.75,30.656969490928148,1.8424067366730428,1.660005677072257
682.0,30.64496376864957,1.8431444690056147,1.660462034310268
682.25,30.632982727425894,1.8438691103826221,1.6609190777570617
682.5,30.62102713711637,1.8445806652292855,1.6613767730187574
682.75,30.609097762333857,1.845279139190804,1.6618350857993596
683.0,30.597195362444136,1.8459645391264976,1.6622939819037128
683.25,30.585320691554823,1.8466368731041802,1.6627534272404134
683.5,30.573474498494534,1.8472961503947423,1.663213387824681
683.75,30.56165752678309,1.8479423814669083,1.6636738297811908
684.0,30.549870514593454,1.8485755779821471,1.664134719346867
684.25,30.538114194706147,1.8491957527897054,1.6645960228736403
684.5,30.526389294456866,1.849802919921738,1.6650577068311683
684.75,30.51469653567806,1.8503970945885053,1.6655197378095234
685.0,30.503036634635134,1.8509782931736138,1.6659820825218459
685.25,30.491410301958087,1.8515465332292695,1.6664447078069662
685.5,30.479818242569255,1.8521018334715182,1.6669075806319962
685.75,30.468261155607923,1.8526442137754449,1.667370668094892
686.0,30.45673973435251,1.8531736951703044,1.6678339374269875
686.25,30.44525466614109,1.8536902998345568,1.6682973559955014
686.5,30.433806632290946,1.8541940510907804,1.668760891306021
686.75,30.422396308017916,1.8546849734004318,1.6692245110049577
687.0,30.411024362356237,1.8551630923584308,1.669688182881984
687.25,30.39969145807961,1.8556284346875378,1.6701518748724453
687.5,30.388398251624285,1.8560810282324993,1.6706155550597535
687.75,30.377145393014793,1.8565209019539344,1.6710791916777612
688.0,30.365933525793135,1.85694808592193,1.6715427531131166
688.25,30.354763286952114,1.8573626113093256,1.6720062079076043
688.5,30.343635306873573,1.8577645103846525,1.6724695247604686
688.75,30.33255020927225,1.8581538165047038,1.6729326725307243
689.0,30.32150861114596,1.8585305641067078,1.6733956202394533
689.25,30.310511122732894,1.8588947887000764,1.673858337072092
689.5,30.2995583474767,1.8592465268577005,1.6743207923807064
689.75,30.288650882000113,1.859585816206768,1.6747829556862588
690.0,30.277789316087855,1.8599126954190723,1.6752447966808677
690.25,30.26697423267955,1.8602272042007881,1.6757062852300608
690.5,30.256206207873344,1.8605293832816856,1.676167391375023
690.75,30.24548581094101,1.8608192744037542,1.6766280853348394
691.0,30.234813604355217,1.8610969203092107,1.6770883375087384
691.25,30.22419014382977,1.8613623647278632,1.6775481184783314
691.5,30.21361597837344,1.861615652363804,1.6780073990098527
691.75,30.203091650358225,1.8618568288814026,1.6784661500564018
692.0,30.192617695602696,1.8620859408905732,1.6789243427601865
692.25,30.182194643471206,1.8623030359312893,1.679381948454773
692.5,30.17182301698964,1.8625081624573152,1.6798389386673362
692.75,30.16150333297852,1.8627013698191315,1.6802952851209214
693.0,30.15123610057102,1.8628827083131645,1.680750959732882
693.25,30.141021811292283,1.8630522295782665,1.681205934593556
693.5,30.13086095523886,1.8632099859188878,1.6816601820061032
693.75,30.120754016790926,1.8633560304689079,1.6821136744782137
694.0,30.110701472808504,1.8634904172538176,1.6825663847196548
694.25,30.100703792648513,1.8636132011780115,1.6830182856440594
694.5,30.0907614381774,1.8637244380121918,1.6834693503706684
694.75,30.08087486377963,1.8638241843808705,1.6839195522260286
695.0,30.07104451636247,1.863912497749966,1.684368864745647
695.25,30.061270835357263,1.8639894364144758,1.6848172616756
695.5,30.051554252717615,1.8640550594862257,1.6852647169741028
695.75,30.041895192914787,1.8641094268816762,1.685711204813033
696.0,30.032294072930615,1.8641525993097838,1.6861566995794164
696.25,30.022751302248302,1.864184638259903,1.6866011758768693
696.5,30.01326728284139,1.8642056059897207,1.6870446085270028
696.75,30.003842409161262,1.8642155655132158,1.6874869725707848
697.0,29.994477068123466,1.864214580588628,1.687928243269867
697.25,29.98517163909324,1.8642027157064338,1.6883683961078697
697.5,29.975926493870524,1.8641800360773138,1.6888074067916319
697.75,29.96674199667478,1.864146607620105,1.6892452512524232
698.0,29.957618504130004,1.864102496949728,1.68968190564712
698.25,29.948556365250177,1.8640477713650774,1.690117346359345
698.5,29.939555921425562,1.8639824988368685,1.6905515500005743
698.75,29.930617506410115,1.8639067479954285,1.6909844934112062
699.0,29.92174144631036,1.8638205881184242,1.6914161536616004
699.25,29.91292805957606,1.8637240891185138,1.6918465080530811
699.5,29.904177656993017,1.8636173215309169,1.6922755341189106
699.75,29.895490541678274,1.8635003565008903,1.6927032096252275
700.0,29.88686700907816,1.863373265771099,1.6931295125719577
700.25,29.878307346969354,1.8632361216688782,1.693554421193692
700.5,29.869811835463445,1.8630889970933673,1.693977913960536
700.75,29.861380747015204,1.862931965502517,1.694399969578929
701.0,29.853014346434957,1.86276510089995,1.6948205669924363
701.25,29.844712890905345,1.8625884778216737,1.6952396853825125
701.5,29.836476630002867,1.8624021713226284,1.6956573041692373
701.75,29.828305805724412,1.8622062569630664,1.6960734030120261
702.0,29.82020065251926,1.86200081079475,1.6964879618103135
702.25,29.812161397326754,1.8617859093469586,1.696900960704212
702.5,29.80418825962002,1.8615616296122948,1.6973123800751468
702.75,29.796281451456082,1.861328049032283,1.6977222005464647
703.0,29.78844117753265,1.8610852454827471,1.6981304029840218
703.25,29.780667635251966,1.8608332972589579,1.698536968496748
703.5,29.77296101479196,1.8605722830605436,1.6989418784371881
703.75,29.76532149918514,1.8603022819761497,1.6993451144020242
704.0,29.757749264405458,1.8600233734678429,1.699746658232574
704.25,29.750244479463515,1.8597356373552445,1.700146492015273
704.5,29.742807306510436,1.859439153799387,1.700544598082133
704.75,29.73543790071211,1.8591340032955868,1.7009409590107067
705.0,29.72813640503033,1.8588202668666607,1.7013355576138114
705.25,29.720902956366146,1.8584980258137196,1.7017283769520715
705.5,29.71373768604094,1.8581673616816161,1.7021194003349625
705.75,29.70664071814711,1.8578283563111297,1.7025086113175774
706.0,29.699612169581837,1.8574810918262594,1.7028959937007442
706.25,29.69265215008141,1.8571256506215494,1.7032815315311127
706.5,29.68576076225619,1.856762115349452,1.7036652091012057
706.75,29.678938101626212,1.8563905689077296,1.7040470109494397
707.0,29.672184256657363,1.8560110944268975,1.7044269218601105
707.25,29.665499308798232,1.8556237752577136,1.7048049268633492
707.5,29.658883332517558,1.8552286949587142,1.7051810112350447
707.75,29.652336395342303,1.8548259372838016,1.705555160496735
708.0,29.645858557896386,1.8544155861698859,1.7059273604154672
708.25,29.639449873940016,1.8539977257245819,1.706297597003627
708.5,29.633110390409687,1.8535724402139677,1.7066658565187365
708.75,29.626840147458797,1.853139814050404,1.7070321254632237
709.0,29.620639178498912,1.85269993178042,1.7073963905841592
709.25,29.61450751024168,1.8522528780726675,1.7077586388729655
709.5,29.608445162741386,1.8517987377059455,1.708118857565096
709.75,29.602452149438147,1.8513375955573006,1.7084770341396853
710.0,29.59652847720178,1.8508695365902028,1.7088331563191694
710.25,29.590674146376312,1.8503946458428029,1.7091872120688798
710.5,29.584889150825127,1.849913008416272,1.7095391895966079
710.75,29.579173477976816,1.8494247094632272,1.709889077352141
711.0,29.573527108871644,1.8489298341762466,1.7102368640267727
711.25,29.567950018208712,1.8484284677764746,1.7105825385527846
711.5,29.56244217439376,1.8479206955023246,1.7109260901029018
711.75,29.55700353958766,1.8474066025982765,1.7112675080897213
712.0,29.551634069755586,1.846886274303776,1.7116067821651149
712.25,29.546333714716805,1.8463597958422384,1.7119439022196052
712.5,29.541102418195223,1.8458272524101569,1.7122788583817168
712.75,29.53594011787055,1.8452887291663216,1.712611641017302
713.0,29.530846745430168,1.8447443112211497,1.712942240728841
713.25,29.525822226621685,1.8441940836261324,1.713270648354718
713.5,29.52086648130617,1.8436381313633985,1.7135968549684728
713.75,29.515979423512075,1.8430765393353996,1.7139208518780278
714.0,29.511160961489853,1.8425093923547191,1.7142426306248921
714.25,29.506410997767265,1.8419367751340088,1.7145621829833413
714.5,29.501729429205398,1.8413587722760536,1.7148795009595752
714.75,29.497116147055344,1.8407754682639716,1.7151945767908516
715.0,29.492571037015637,1.840186947451547,1.7155074029445976
715.25,29.488093979290344,1.8395932940537034,1.7158179721175006
715.5,29.483684848647883,1.838994592137118,1.7161262772345747
715.75,29.479343514480547,1.8383909256109812,1.7164323114482067
716.0,29.475069840864755,1.8377823782179012,1.7167360681371828
716.25,29.47086368662197,1.8371690335249615,1.7170375409056902
716.5,29.466724905380406,1.836550974914931,1.7173367235823016
716.75,29.462653345637367,1.8359282855776276,1.7176336102189385
717.0,29.45864885082239,1.8353010485014456,1.717928195089813
717.25,29.45471125936105,1.834669346465041,1.718220472690353
717.5,29.450840404739544,1.8340332620291837,1.7185104377361033
717.75,29.447036115569933,1.8333928775287769,1.7187980851616136
718.0,29.44329821566942,1.832748275061991,1.719083410119391
718.25,29.439626524199884,1.8320995364209667,1.7193664079803346
718.5,29.43602085502725,1.831446743186482,1.7196470743292602
718.75,29.432481017306845,1.8307899766994515,1.7199254049647845
719.0,29.429006815717663,1.8301293180250473,1.7202013958990103
719.25,29.425598050497126,1.829464847946424,1.7204750433562552
719.5,29.422254517478898,1.828796646958421,1.7207463437717736
719.75,29.41897600813366,1.8281247952612496,1.721015293790466
720.0,29.415762309612717,1.8274493727541743,1.7212818902655798
720.25,29.412613204794205,1.8267704590291909,1.7215461302574027
720.5,29.409528472331807,1.8260881333647132,1.7218080110319423
720.75,29.406507886705807,1.825402474719271,1.7220675300596007
721.0,29.403551218276327,1.8247135617252301,1.7223246850138367
721.25,29.40065823333858,1.8240214726825383,1.7225794737698206
721.5,29.39782869418001,1.8233262855525065,1.7228318944030785
721.75,29.395062359139168,1.8226280779516313,1.723081945188128
722.0,29.392358982666114,1.8219269271454646,1.7233296245971048
722.25,29.389718315384275,1.8212229100425399,1.7235749312983801
722.5,29.38714010415355,1.8205161031883608,1.7238178641551691
722.75,29.384624092134512,1.8198065827594578,1.7240584222241297
723.0,29.382170018853575,1.8190944245575227,1.7242966047539539
723.25,29.379777620268975,1.8183797040036254,1.7245324111839486
723.5,29.37744662883735,1.8176624961325216,1.7247658411426094
723.75,29.37517677358088,1.8169428755870574,1.7249968944461835
724.0,29.372967780154706,1.816220916612679,1.7252255710972253
724.25,29.370819370914575,1.8154966930520526,1.7254518712831433
724.5,29.36873126498449,1.814770278339804,1.725675795374738
724.75,29.36670317832427,1.814041745497383,1.7258973439247316
725.0,29.364734823796795,1.8133111671280586,1.7261165176662883
725.25,29.362825911234864,1.8125786154120576,1.7263333175115276
725.5,29.360976147507436,1.8118441621018442,1.7265477445500275
725.75,29.359185236585162,1.811107878517558,1.7267598000473214
726.0,29.357452879605002,1.8103698355426099,1.7269694854433844
726.25,29.35577877493383,1.8096301036194442,1.7271768023511131
726.5,29.35416261823082,1.8088887527454782,1.7273817525547972
726.75,29.352604102508476,1.8081458524692213,1.727584338008581
727.0,29.351102918192197,1.8074014718865823,1.7277845608349194
727.25,29.34965875317813,1.8066556796373727,1.727982423323024
727.5,29.34827129288925,1.8059085439020133,1.7281779279273028
727.75,29.34694022032949,1.8051601323984479,1.7283710772657899
728.0,29.345665216135686,1.8044105123792755,1.7285618741185687
728.25,29.344445958627325,1.8036597506291054,1.728750321426188
728.5,29.34328212385383,1.8029079134621424,1.7289364222880688
728.75,29.342173385639267,1.8021550667200092,1.7291201799609035
729.0,29.34111941562433,1.8014012757698141,1.729301597857049
729.25,29.340119883305437,1.8006466055024697,1.72948067954291
729.5,29.33917445607078,1.7998911203312697,1.729657428737317
729.75,29.338282799233188,1.7991348841907315,1.729831849309894
730.0,29.337444576059653,1.7983779605357118,1.7300039452794227
730.25,29.336659447797324,1.7976204123408006,1.7301737208121946
730.5,29.33592707369589,1.796862302100002,1.7303411802203597
730.75,29.335247111026113,1.7961036918267097,1.730506327960266
731.0,29.334619215094452,1.7953446430539806,1.7306691686307916
731.25,29.334043039253494,1.794585216835118,1.7308297069716707
731.5,29.333518234908215,1.7938254737445685,1.7309879478618118
731.75,29.333044451517722,1.79306547387914,1.731143896317608
732.0,29.33262134003894,1.7923052766755765,1.7312975574980192
732.25,29.332248552169535,1.7915449409496635,1.7314489367013512
732.5,29.331925734686525,1.7907845252013312,1.7315980393523633
732.75,29.33165253311096,1.790024087422285,1.731744871007778
733.0,29.33142859175802,1.7892636850948462,1.731889437354698
733.25,29.331253553771635,1.7885033751916968,1.7320317442089936
733.5,29.331127061160732,1.787743214175624,1.7321717975136939
733.75,29.331048754836807,1.7869832579992724,1.7323096033373833
734.0,29.3310182746529,1.7862235621049012,1.7324451678726007
734.25,29.331035259443766,1.7854641814241554,1.7325784974342457
734.5,29.331099347067163,1.7847051703778491,1.7327095984579868
734.75,29.331210174446213,1.7839465828757692,1.7328384774986754
735.0,29.331367377612654,1.783188472316497,1.7329651412287648
735.25,29.331570591750932,1.7824308915872584,1.7330895964367325
735.5,29.331819451243017,1.7816738930637974,1.7332118500255085
735.75,29.33211358971388,1.7809175286102827,1.7333319090109078
736.0,29.33245264007746,1.7801618495792493,1.7334497805200677
736.25,29.332836234583073,1.779406906811575,1.7335654717898894
736.5,29.333264004862183,1.7786527506364989,1.733678990165486
736.75,29.333735581975365,1.7778994308716851,1.7337903430986346
737.0,29.334250596459405,1.7771469968233304,1.7338995381462319
737.25,29.334808678374472,1.7763954972863256,1.734006582968758
737.5,29.33540945735117,1.7756449805444683,1.7341114853287427
737.75,29.33605256263744,1.7748954943707338,1.7342142530892377
738.0,29.33673762314523,1.7741470860276058,1.7343148942122948
738.25,29.33746426749674,1.7733998022674706,1.7344134167574483
738.5,29.338232124070235,1.772653689333078,1.7345098288802026
738.75,29.3390408210453,1.771908792958072,1.7346041388305264
739.0,29.339889986447414,1.7711651583675951,1.7346963549513514
739.25,29.340779248191737,1.7704228302789689,1.7347864856770758
739.5,29.341708234126077,1.7696818529024545,1.7348745395320748
739.75,29.342676572072865,1.7689422699420954,1.7349605251292157
740.0,29.343683889870068,1.7682041245966478,1.735044451168379
740.25,29.34472981541094,1.767467459560599,1.7351263264349837
740.5,29.345813976682507,1.7667323170252804,1.7352061597985216
740.75,29.346936001802696,1.7659987386800744,1.7352839602110932
741.0,29.348095519055985,1.7652667657137215,1.735359736705953
741.25,29.34929215692751,1.7645364388157314,1.7354334983960578
741.5,29.350525544135497,1.7638077981778975,1.735505254472623
741.75,29.351795309661917,1.7630808834959222,1.735575014203684
742.0,29.353101082781315,1.7623557339711533,1.7356427869326632
742.25,29.354442493087646,1.7616323883124374,1.7357085820769431
742.5,29.35581917051906,1.760910884738091,1.7357724091264468
742.75,29.357230745380534,1.7601912609779942,1.7358342776422229
743.0,29.35867684836422,1.7594735542758089,1.7358941972550377
743.25,29.360157110567457,1.7587578013913279,1.7359521776639726
743.5,29.361671163508312,1.7580440386029528,1.7360082286350296
743.75,29.363218639138555,1.75733230171031,1.7360623599997405
744.0,29.364799169853978,1.7566226260370026,1.7361145816537855
744.25,29.366412388501963,1.7559150464335054,1.7361649035556153
744.5,29.36805792838619,1.7552095972802046,1.7362133357250822
744.75,29.36973542326836,1.7545063124905862,1.7362598882420757
745.0,29.37144450736689,1.7538052255145735,1.7363045712451661
745.25,29.373184815352438,1.7531063693420228,1.736347394930254
745.5,29.37495598236757,1.7524097765051376,1.7363883695492441
745.75,29.376757646926222,1.751715478950472,1.7364275054108291
746.0,29.378589448399406,1.7510235081550292,1.7364648128780327
746.25,29.380451025469103,1.7503338952006304,1.7365003023651664
746.5,29.382342017645634,1.749646670708985,1.736533984337374
746.75,29.384262065292702,1.748961864843861,1.736565869309397
747.0,29.38621080965202,1.74827950731329,1.7365959678443454
747.25,29.38818789286751,1.7475996273718026,1.7366242905524725
747.5,29.390192958009102,1.746922253822693,1.7366508480899558
747.75,29.392225649096112,1.7462474150203122,1.7366756511576826
748.0,29.394285611120193,1.7455751388723897,1.7366987105000415
748.25,29.396372490067908,1.744905452842382,1.7367200369037197
748.5,29.398485932942858,1.7442383839518458,1.736739641196505
748.75,29.40062558778744,1.7435739587828383,1.7367575342460964
749.0,29.402791103704168,1.7429122034803395,1.7367737269589187
749.25,29.404982130876597,1.7422531437546984,1.7367882302789448
749.5,29.407198320589885,1.7415968048841015,1.7368010551865243
749.75,29.409439325250883,1.7409432117170622,1.7368122126972192
750.0,29.411704798407904,1.7402923886749297,1.7368217138606472
750.25,29.41399439477003,1.7396443597544187,1.7368295697593314
750.5,29.41630777022608,1.7389991485301555,1.7368357915075587
750.75,29.418644581863152,1.7383567781572429,1.7368403902502447
751.0,29.42100448798478,1.7377172713738407,1.7368433771618075
751.25,29.423387148128718,1.7370806505037617,1.7368447634450488
751.5,29.425792223084308,1.7364469374590823,1.736844560330045
751.75,29.4282193749095,1.7358161537427663,1.7368427790730452
752.0,29.430668266947464,1.7351883204513017,1.7368394309553778
752.25,29.433138563842824,1.7345634582773484,1.7368345272823678
752.5,29.435629931557518,1.7339415875123971,1.736828079382262
752.75,29.43814203738628,1.7333227280494379,1.7368200986051632
753.0,29.440674549971742,1.7327068993856372,1.736810596321976
753.25,29.44322713931917,1.7320941206250215,1.7367995839233592
753.5,29.44579947681081,1.7314844104811713,1.7367870728186914
753.75,29.44839123521989,1.7308777872799157,1.7367730744350443
754.0,29.45100208872424,1.7302742689620374,1.7367576002161675
754.25,29.45363171291954,1.7296738730859769,1.7367406616214853
754.5,29.456279784832205,1.7290766168305425,1.7367222701251004
754.75,29.45894598293192,1.7284825169976217,1.736702437214812
755.0,29.461629987143795,1.7278915900148932,1.7366811743911452
755.25,29.464331478860185,1.7273038519385397,1.7366584931663884
755.5,29.467050140952118,1.7267193184559582,1.7366344050636457
755.75,29.46978565778041,1.7261380048884711,1.7366089216159006
756.0,29.472537715206386,1.7255599261940324,1.7365820543650894
756.25,29.475306000602263,1.7249850969699312,1.7365538148611892
756.5,29.478090202861214,1.7244135314554898,1.7365242146613176
756.75,29.48089001240702,1.7238452435347575,1.7364932653288447
757.0,29.48370512120344,1.7232802467391954,1.736460978432518
757.25,29.486535222763187,1.722718554250357,1.7364273655456006
757.5,29.489380012156598,1.7221601789025567,1.7363924382450218
757.75,29.49223918601994,1.7216051331855318,1.7363562081105426
758.0,29.495112442563375,1.7210534292470923,1.736318686723933
758.25,29.497999481578606,1.7205050788957603,1.7362798856681647
758.5,29.500900004446184,1.7199600936033963,1.7362398165266169
758.75,29.503813714142453,1.7194184845078129,1.736198490882296
759.0,29.506740315246205,1.7188802624153734,1.7361559203170713
759.25,29.50967951394497,1.7183454378035767,1.7361121164109232
759.5,29.51263101804101,1.7178140208236243,1.7360670907412081
759.75,29.51559453695694,1.7172860213029713,1.736020854881937
760.0,29.518569781741082,1.716761448747859,1.7359734204030701
760.25,29.52155646444502,1.7162403123795198,1.7359247988635498
760.5,29.52455429794874,1.7157226211565906,1.7358750018033782
760.75,29.52756299918229,1.7152083836057817,1.7358240407746865
761.0,29.53058228662445,1.7146976079479066,1.7357719273218846
761.25,29.533611880158965,1.7141903021084286,1.7357186729794658
761.5,29.536651501116218,1.7136864737184299,1.735664289271469
761.75,29.53970087231182,1.7131861301157019,1.7356087877109307
762.0,29.542759718082078,1.7126892783459564,1.7355521797993316
762.25,29.545827764316567,1.712195925164148,1.7354944770260357
762.5,29.548904738487813,1.7117060770359078,1.7354356908677246
762.75,29.551990369678272,1.7112197401390812,1.7353758327878268
763.0,29.555084388604612,1.7107369203653655,1.73531491423594
763.25,29.55818652763948,1.7102576233220457,1.7352529466472515
763.5,29.56129652083083,1.7097818543338168,1.7351899414419532
763.75,29.564414103918875,1.7093096184446985,1.7351259100246532
764.0,29.567539014350814,1.7088409204200277,1.7350608637837854
764.25,29.57067099129342,1.7083757647485296,1.734994814091016
764.5,29.573809775643568,1.7079141556444644,1.734927772300647
764.75,29.576955110036835,1.7074560970498385,1.7348597497490204
765.0,29.58010673885425,1.707001592636683,1.734790757753919
765.25,29.583264408227297,1.70655064580939,1.7347208076139686
765.5,29.586427866041298,1.7061032597071037,1.7346499106080393
765.75,29.589596861937235,1.7056594372061638,1.7345780779946458
766.0,29.592771147312135,1.7052191809225914,1.7345053210113517
766.25,29.595950475318137,1.7047824932146205,1.734431650874172
766.5,29.599134600860296,1.704349376185262,1.7343570787769798
766.75,29.60232328059325,1.7039198316849025,1.7342816158909133
767.0,29.605516272916883,1.7034938613139308,1.7342052733637878
767.25,29.608713337971004,1.7030714664253865,1.734128062319508
767.5,29.611914237629236,1.7026526481276276,1.7340499938574876
767.75,29.615118735492132,1.7022374072870123,1.7339710790520706
768.0,29.618326596879683,1.7018257445305904,1.7338913289519573
768.25,29.621537588823287,1.7014176602488,1.7338107545796377
768.5,29.624751480057277,1.7010131545981637,1.7337293669308278
768.75,29.627968041010117,1.7006122275039819,1.7336471769739137
769.0,29.631187043795393,1.7002148786630165,1.7335641956494021
769.25,29.63440826220262,1.6998211075461627,1.7334804338693781
769.5,29.637631471688078,1.6994309134011012,1.733395902516969
769.75,29.640856449365685,1.699044295254931,1.7333106124458182
770.0,29.64408297399804,1.6986612519167719,1.7332245744795676
770.25,29.64731082598775,1.6982817819803395,1.7331377994113462
770.5,29.650539787369127,1.697905883826481,1.7330502980032725
770.75,29.653769641800363,1.6975335556256734,1.7329620809859623
771.0,29.657000174556256,1.6971647953404747,1.7328731590580515
771.25,29.660231172521648,1.6967996007279267,1.7327835428857263
771.5,29.6634624241856,1.6964379693419043,1.732693243102266
771.75,29.666693719636466,1.6960798985354044,1.732602270307598
772.0,29.669924850557944,1.6957253854627747,1.7325106350678663
772.25,29.67315561022619,1.6953744270818722,1.732418347915009
772.5,29.67638579350813,1.6950270201561501,1.7323254193463538
772.75,29.679615196861015,1.6946831612566704,1.7322318598242241
773.0,29.68284361833342,1.6943428467640314,1.732137679775561
773.25,29.68607085756763,1.6940060728702129,1.732042889591559
773.5,29.689296715803707,1.6936728355803297,1.7319474996273176
773.75,29.692520995885157,1.6933431307142897,1.7318515202015097
774.0,29.695743502266435,1.6930169539083537,1.7317549615960626
774.25,29.698964041022283,1.6926943006165915,1.7316578340558602
774.5,29.702182419859103,1.6923751661122284,1.7315601477884592
774.75,29.70539844812838,1.6920595454888794,1.7314619129638251
775.0,29.708611936842292,1.6917474336616665,1.7313631397140838
775.25,29.711822698691616,1.6914388253682122,1.7312638381332939
775.5,29.715030548066018,1.6911337151695094,1.7311640182772374
775.75,29.718235301076827,1.690832097450657,1.7310636901632306
776.0,29.721436775582387,1.6905339664214614,1.7309628637699535
776.25,29.72463479121612,1.6902393161168987,1.7308615490373005
776.5,29.727829169417344,1.6899481403974304,1.7307597558662535
776.75,29.73101973346503,1.6896604329491702,1.730657494118774
777.0,29.734206308514487,1.6893761872838986,1.7305547736177191
777.25,29.737388721637192,1.6890953967389175,1.7304516041467788
777.5,29.74056680186377,1.6888180544767424,1.7303479954504366
777.75,29.743740380230314,1.688544153484627,1.730243957233954
778.0,29.74690928982802,1.6882736865739167,1.730139499163378
778.25,29.750073365856423,1.6880066463792254,1.7300346308655739
778.5,29.753232445680112,1.6877430253574293,1.7299293619282812
778.75,29.756386368889235,1.6874828157864787,1.7298237019001974
779.0,29.759534977363728,1.687226009764017,1.7297176602910855
779.25,29.7626781153415,1.6869725992058056,1.7296112465719085
779.5,29.765815617566034,1.6867225763845588,1.7295044701118218
779.75,29.76894731378904,1.6864759337317936,1.7293973402007485
780.0,29.772073048439044,1.6862326629455417,1.7292898661538676
780.25,29.77519266732073,1.6859927555920933,1.7291820572415988
780.5,29.778306017584597,1.6857562031089768,1.729073922689204
780.75,29.781412947753434,1.6855229968053453,1.7289654716766967
781.0,29.784513307746128,1.6852931278624563,1.7288567133387438
781.25,29.787606948898922,1.6850665873342487,1.7287476567645623
781.5,29.790693723984187,1.6848433661480056,1.7286383109978085
781.75,29.793773487226808,1.684623455105106,1.7285286850364614
782.0,29.796846094318283,1.684406844881856,1.7284187878327026
782.25,29.799911402428656,1.6841935260303988,1.7283086282927882
782.5,29.802969270216316,1.6839834889796987,1.728198215276919
782.75,29.80601955783583,1.683776724036595,1.7280875575991048
783.0,29.809062126943843,1.6835732213869234,1.7279766640270253
783.25,29.812096840703198,1.6833729710966985,1.7278655432818868
783.5,29.815123563785296,1.6831759631133558,1.7277542040382774
783.75,29.81814216237088,1.6829821872670483,1.7276426549240187
784.0,29.821152504149268,1.682791633271995,1.7275309045200136
784.25,29.824154458316166,1.6826042907278747,1.7274189613600948
784.5,29.827147895570125,1.6824201491212656,1.72730683393087
784.75,29.830132688107796,1.6822391978271218,1.7271945306715661
785.0,29.83310870961799,1.6820614261102875,1.7270820599738739
785.25,29.836075835274723,1.6818868231270419,1.7269694301817893
785.5,29.83903394172931,1.6817153779266727,1.7268566495914586
785.75,29.841982907101542,1.6815470794530731,1.7267437264510197
786.0,29.844922610970187,1.6813819165463595,1.726630668960448
786.25,29.847852934362724,1.6812198779445051,1.7265174852714007
786.5,29.85077375974457,1.6810609522849875,1.7264041834870631
786.75,29.8536849710078,1.680905128106443,1.7262907716619977
787.0,29.85658645345949,1.6807523938503275,1.7261772578019947
787.25,29.859478093809727,1.6806027378625767,1.7260636498639241
787.5,29.862359780159505,1.6804561483952665,1.7259499557555935
787.75,29.86523140198844,1.680312613608263,1.7258361833356064
788.0,29.868092850142514,1.6801721215708645,1.7257223404132256
788.25,29.870944016821923,1.680034660263429,1.7256084347482405
788.5,29.873784795569062,1.679900217578983,1.7254944740508393
788.75,29.876615081256833,1.6797687813248077,1.725380465981485
789.0,29.879434770077314,1.6796403392240005,1.7252664181507975
789.25,29.882243759530873,1.6795148789170062,1.725152338119441
789.5,29.885041948415882,1.6793923879631154,1.725038233398017
789.75,29.887829236819066,1.6792728538419237,1.724924111446965
790.0,29.890605526106604,1.6791562639547521,1.724809979676468
790.25,29.8933707189161,1.6790426056260201,1.724695845446367
790.5,29.89612471914947,1.678931866104572,1.7245817160660817
790.75,29.89886743196688,1.678824032564948,1.7244675987945393
791.0,29.901598763781838,1.678719092108601,1.7243535008401125
791.25,29.90431862225746,1.6786170317650517,1.7242394293605643
791.5,29.907026916304115,1.67851783849298,1.7241253914630046
791.75,29.909723556078475,1.6784214991812472,1.7240113942038524
792.0,29.912408452984035,1.678328000649847,1.723897444588812
792.25,29.915081519673304,1.6782373296507826,1.7237835495728555
792.5,29.917742670051663,1.678149472868859,1.7236697160602188
792.75,29.920391819283026,1.6780644169223977,1.723555950904407
793.0,29.92302888379739,1.6779821483638595,1.7234422609082105
793.25,29.925653781300394,1.6779026536803796,1.723328652823735
793.5,29.928266430784934,1.6778259192942042,1.723215133352441
793.75,29.93086675254497,1.6777519315630314,1.723101709145198
794.0,29.933454668191604,1.6776806767802475,1.7229883868023488
794.25,29.93603010067153,1.6776121411750566,1.722875172873791
794.5,29.938592974287943,1.6775463109125015,1.7227620738590668
794.75,29.941143214723994,1.6774831720933687,1.7226490962074719
795.0,29.943680749068914,1.6774227107539756,1.7225362463181755
795.25,29.946205505846898,1.6773649128658359,1.722423530540355
795.5,29.94871741504878,1.6773097643352,1.7223109551733486
795.75,29.951216408166715,1.6772572510024641,1.7221985264668198
796.0,29.953702418231835,1.6772073586414482,1.7220862506209398
796.25,29.95617537985507,1.6771600729585332,1.7219741337865861
796.5,29.958635229271163,1.677115379591661,1.7218621820655564
796.75,29.961081904386035,1.6770732641091866,1.7217504015108012
797.0,29.963515344827535,1.677033712008582,1.721638798126672
797.25,29.965935491999705,1.6769967087149893,1.721527377869189
797.5,29.96834228857955,1.676962239602993,1.7214161466438722
797.75,29.970735666453688,1.6769302905000811,1.7213051102530479
798.0,29.97311556274633,1.6769008470196094,1.721194274465956
798.25,29.975481920029868,1.6768738945527786,1.7210836450197098
798.5,29.97783468203113,1.6768494184483178,1.7209732276005674
798.75,29.980173793625987,1.676827404013478,1.7208630278439543
799.0,29.982499200834,1.676807836515019,1.7207530513344889
799.25,29.98481085081305,1.6767907011801917,1.7206433036060087
799.5,29.987108691854008,1.676775983197711,1.7205337901415998
799.75,29.989392673375363,1.676763667718725,1.7204245163736283
800.0,29.99166274591793,1.6767537398577748,1.7203154876837747
