t,x,y,z
0.0,30.0,10.0,10.0
0.3333333333333333,26.78411200523643,9.985578965564036,9.999984062101753
0.6666666666666666,23.89632818084935,9.941308943940411,9.999870902279856
1.0,21.29272395299206,9.86581497791793,9.999559167063175
1.3333333333333333,18.93995105529718,9.757973374921828,9.998943656973596
1.6666666666666665,16.812410566174066,9.617011600752157,9.997916338747737
2.0,14.890133447021181,9.442618146964552,9.996367703720962
2.333333333333333,13.157137791693389,9.235054387913614,9.994188494748796
2.6666666666666665,11.600125596387961,8.995256512929892,9.991271785678274
3.0,10.207445094863036,8.724911886018514,9.9875153559605
3.333333333333333,8.968285593409664,8.426492845951854,9.982824245776122
3.6666666666666665,7.872094904169034,8.103233134011282,9.977113321092412
4.0,6.908215941135815,7.75903851992434,9.970309645363107
4.333333333333333,6.065731192526744,7.398333893367458,9.962354437294461
4.666666666666666,5.333487202273933,7.025860878583106,9.95320442404883
5.0,4.700253360127928,6.646449703565788,9.942832468099983
5.333333333333333,4.154957934298803,6.264793738847622,9.931227427965633
5.666666666666666,3.6869440103302726,5.885252794834232,9.918393311155642
6.0,3.2861984614777002,5.5117037041830335,9.904347850115803
6.333333333333333,2.9435241225363717,5.147446418388288,9.889120677368409
6.666666666666666,2.6506433642683964,4.79516413348515,9.8727512863968
7.0,2.400235774211727,4.4569291362472505,9.855286942670007
7.333333333333333,2.185921646267794,4.134242236922729,9.83678068647694
7.666666666666666,2.0022066245100048,3.8280938309443693,9.817289506581584
8.0,1.8444024872893674,3.5390355953271784,9.796872746408956
8.333333333333332,1.7085366394608124,3.2672546045753537,9.775590761289125
8.666666666666666,1.5912595096210578,3.012644366926641,9.753503820160997
9.0,1.4897559982175372,2.77486925611973,9.73067123866166
9.333333333333332,1.4016644693816458,2.5534207647060696,9.707150716492121
9.666666666666666,1.3250049665388515,2.347665192637229,9.682997848003163
10.0,1.2581169521484574,2.1568830153205676,9.658265781359159
10.333333333333332,1.1996062349593455,1.980300763606555,9.633004995519112
10.666666666666666,1.1483002219913008,1.8171162916156487,9.607263174209814
11.0,1.1032105236099488,1.6665185101426645,9.581085152633042
11.333333333333332,1.0635018656470532,1.5277023871011908,9.554512924584243
11.666666666666666,1.0284663603458652,1.3998801810298107,9.527585691178182
12.0,0.9975022516594848,1.2822895706414172,9.500339942259707
12.333333333333332,0.9700963797846285,1.174199347830716,9.472809559617687
12.666666666666666,0.9458097118291945,1.074913146196884,9.445025936348843
13.0,0.9242653990326675,0.9837716778517973,9.417018104958855
13.333333333333332,0.9051389049313531,0.900153794194349,9.388812870865506
13.666666666666666,0.8881498341724027,0.823476679319106,9.36043494685445
14.0,0.8730551508685646,0.7531953597653596,9.331907087360303
14.333333333333332,0.8596435419246969,0.688801749141873,9.303250219180585
14.666666666666666,0.8477307157749134,0.6298233360155377,9.274483568416825
15.0,0.8371554747067913,0.5758216488836849,9.245624781795886
15.333333333333332,0.8277764201655183,0.5263905627251276,9.216690042527143
15.666666666666666,0.819469183434469,0.48115452426453864,9.187694179883236
16.0,0.8121240898459957,0.43976674332994853,9.158650772446673
16.333333333333332,0.8056441830051538,0.4019073898569355,9.129572244908617
16.666666666666664,0.799943548667055,0.36728181972972745,9.100469958671521
17.0,0.7949458858983058,0.3356188504456335,9.071354296436457
17.333333333333332,0.7905832902756103,0.3066691087343879,9.042234740596426
17.666666666666664,0.7867952090343461,0.2802034469982273,9.013119946269347
18.0,0.7835275443769063,0.2560114433953617,8.984017808850739
18.333333333333332,0.7807318818955282,0.2338999916574799,8.954935526280002
18.666666666666664,0.7783648216890179,0.21369196538680932,8.925879656942177
19.0,0.7763873989713976,0.19522497095399388,8.896856172941817
19.333333333333332,0.7747645825367321,0.1783501911145035,8.86787050887678
19.666666666666664,0.7734648348462865,0.16293129679445542,8.838927607180842
20.0,0.7724597292252691,0.14884344385668635,8.81003195952678
20.333333333333332,0.7717236140297843,0.1359723409502333,8.781187644949865
20.666666666666664,0.7712333165267025,0.12421338204319772,8.752398365040042
21.0,0.7709678840148333,0.11347085357136562,8.723667475900392
21.333333333333332,0.7709083536541479,0.10365719507084087,8.694998017754218
21.666666666666664,0.771037549600083,0.09469232130470123,8.666392741946643
22.0,0.7713399031224561,0.08650299793497256,8.63785413569168
22.333333333333332,0.771801292009662,0.0790222635065407,8.609384444879952
22.666666666666664,0.7724088987265786,0.07218890340729418,8.58098569475962
23.0,0.7731510829971863,0.06594696233518743,8.55265970903301
23.333333333333332,0.7740172683727746,0.06024529869418879,8.524408127257697
23.666666666666664,0.7749978407396924,0.0550371758535622,8.496232420763253
24.0,0.7760840568560358,0.05027988501688476,8.468133907298963
24.333333333333332,0.7772679629380972,0.04593440282320567,8.440113764303776
24.666666666666664,0.7785423209165696,0.04196507499643951,8.412173041140923
25.0,0.7799005423165675,0.038339327832038736,8.384312670235879
25.333333333333332,0.7813366286772113,0.03502740407441091,8.356533477255962
25.666666666666664,0.7828451174911847,0.03200211973562317,8.328836190468794
26.0,0.7844210338173971,0.029238643646651588,8.301221449214834
26.333333333333332,0.7860598461738739,0.026714294092953162,8.273689811713927
26.666666666666664,0.7877574267962123,0.02440835362479673,8.246241762166544
27.0,0.7895100156410477,0.02230189970087504,8.218877717241615
27.333333333333332,0.7913141875627095,0.02037764894003535,8.191598032038
27.666666666666664,0.7931668228283728,0.018619816097603305,8.164403005477958
28.0,0.795065080114179,0.017013984053869877,8.137292885276187
28.333333333333332,0.7970063720933704,0.015546985537966245,8.110267872457415
28.666666666666664,0.7989883432501105,0.01420679505133001,8.08332812548206
29.0,0.8010088495694673,0.01298242949458174,8.056473764037943
29.333333333333332,0.8030659402595199,0.011863858303590338,8.029704872467317
29.666666666666664,0.8051578409508724,0.010841920603781963,8.003021502925211
30.0,0.8072829384729215,0.009908249878338545,7.976423678250151
30.333333333333332,0.809439766996008,0.009055205208982715,7.949911394583521
30.666666666666664,0.8116269952982121,0.008275807998300065,7.923484623779575
31.0,0.8138434153016735,0.007563684834541149,7.897143315580627
31.333333333333332,0.816087931508261,0.006913014810465305,7.870887399622396
31.666666666666664,0.8183595514049509,0.0063184816027258605,7.844716787257615
32.0,0.8206573767313257,0.005775229809320259,7.818631373217192
32.33333333333333,0.8229805954320316,0.005278824727538033,7.792631037140342
32.666666666666664,0.8253284743962727,0.004825216009167087,7.7667156449567285
33.0,0.8277003527816589,0.004410704262979915,7.740885050156398
33.33333333333333,0.8300956359169351,0.004031910555952306,7.7151390949492695
33.666666666666664,0.8325137897648485,0.00368574870689309,7.689477611318163
34.0,0.8349543358209119,0.003369399797829637,7.663900421987467
34.33333333333333,0.8374168464670608,0.003080288963502211,7.638407341304987
34.666666666666664,0.8399009407524222,0.0028160643163391255,7.612998176042414
35.0,0.8424062804942364,0.0025745775126454445,7.587672726133405
35.33333333333333,0.844932566746505,0.0023538661501159566,7.562430785341833
35.666666666666664,0.8474795365669892,0.002152137673734581,7.537272141872609
36.0,0.8500469600248776,0.0019677545197884405,7.512196578935469
36.33333333333333,0.8526346375251128,0.001799220812370665,7.4872038752494525
36.666666666666664,0.85524239731631,0.001645170018067859,7.462293805511037
37.0,0.857870093224322,0.0015043537265961504,7.437466140819344
37.33333333333333,0.8605176025933462,0.0013756314647182925,7.412720649061953
37.666666666666664,0.8631848243858288,0.0012579613214376666,7.388057095269859
38.0,0.8658716774361837,0.0011503913501538664,7.363475241942864
38.33333333333333,0.8685780988900159,0.0010520518731425338,7.338974849340475
38.666666666666664,0.8713040427399842,0.0009621482977727237,7.314555675753414
39.0,0.8740494785015862,0.0008799546198311763,7.290217477748904
39.33333333333333,0.8768143900098907,0.0008048075239179794,7.265960010393173
39.666666666666664,0.8795987743048369,0.0007361009365371519,7.241783027456741
40.0,0.8824026406060098,0.0006732810273864167,7.2176862816026395
40.33333333333333,0.8852260094046676,0.0006158417692297438,7.1936695245532505
40.666666666666664,0.8880689116032393,0.0005633207568061773,7.169732507247346
41.0,0.8909313877392111,0.0005152954337917704,7.1458749799815475
41.33333333333333,0.8938134872817884,0.0004713796732470791,7.122096692538263
41.666666666666664,0.8967152679836197,0.00043122063361303856,7.09839739430315
42.0,0.8996367952730252,0.0003944958252484917,7.074776834374577
42.33333333333333,0.9025781417269023,0.00036091054862205315,7.051234761658814
42.666666666666664,0.9055393865702145,0.00033019547806987224,7.027770924959732
43.0,0.908520615218865,0.0003021044565154037,7.004385073060448
43.33333333333333,0.9115219188675718,0.00027641250411528003,6.981076954796785
43.666666666666664,0.9145433941156028,0.0002529140088030386,6.9578463191237665
44.0,0.9175851426170332,0.00023142104216803257,6.934692915177381
44.33333333333333,0.9206472707559143,0.00021176179929794297,6.911616492331602
44.666666666666664,0.9237298893728277,0.00019377926713324284,6.888616800246607
45.0,0.926833113493069,0.00017732991894541238,6.865693588916094
45.33333333333333,0.9299570620852038,0.00016228254868223807,6.842846608709208
45.666666666666664,0.9331018578430916,0.00014851721517746257,6.820075610408278
46.0,0.9362676269887655,0.00013592428438585674,6.797380345242796
46.33333333333333,0.9394544990882476,0.00012440353692944238,6.7747605649209195
46.666666666666664,0.9426626068767469,0.00011386332537753318,6.7522160216591045
47.0,0.9458920861178822,0.0001042198768533288,6.7297464682061054
47.33333333333333,0.9491430754623899,9.53966043224864e-05,6.707351657866707
47.666666666666664,0.9524157163204073,8.732348074690305e-05,6.685031344523042
48.0,0.9557101527473216,7.993647495829378e-05,6.662785282653548
48.33333333333333,0.9590265313421517,7.317704417439915e-05,6.640613227349755
48.666666666666664,0.9623650011546833,6.699166790862464e-05,6.618514934331488
49.0,0.9657257135969703,6.133140565945247e-05,6.596490159961186
49.33333333333333,0.9691088223612537,5.615148537364968e-05,6.574538661257054
49.666666666666664,0.9725144833602376,5.1410983184937406e-05,6.552660195902664
50.0,0.9759428546581972,4.7072473282380815e-05,6.530854522257769
50.33333333333333,0.9793940964137414,4.310172703489054e-05,6.509121399367212
50.666666666666664,0.982868370828298,3.9467438051203574e-05,6.4874605869688455
51.0,0.986365842101306,3.61409764210426e-05,6.465871845500338
51.33333333333333,0.9898866763899431,3.3096163673622144e-05,6.444354936105189
51.666666666666664,0.9934310417710787,3.0309059465767763e-05,6.422909620638302
52.0,0.9969991082037905,2.7757753426450798e-05,6.4015356616714
52.33333333333333,1.000591047504824,2.5422207726418316e-05,6.3802328224964375
52.666666666666664,1.0042070333234963,2.328410024133421e-05,6.3590008671290335
53.0,1.0078472411164736,2.132666939284001e-05,6.337839560311849
53.33333333333333,1.011511848127632,1.9534579958509968e-05,6.316748667517165
53.666666666666664,1.0152010333709804,1.789380189284393e-05,6.295727954948951
54.0,1.0189149776166297,1.639150195086257e-05,6.274777189544468
54.33333333333333,1.0226538633786453,1.5015943775281346e-05,6.253896138975534
54.666666666666664,1.0264178749036292,1.3756392108240415e-05,6.2330845716496555
55.0,1.0302071981589342,1.2603016998053826e-05,6.212342256711171
55.33333333333333,1.034022020827339,1.1546822303610987e-05,6.191668964041453
55.666666666666664,1.0378625323044397,1.0579585150718334e-05,6.1710644642586825
56.0,1.0417289236914364,9.693779697286993e-06,6.150528528718267
56.33333333333333,1.0456213877925942,8.882518635964068e-06,6.130060929512569
56.666666666666664,1.0495401191134608,8.139498086638823e-06,6.109661439470509
57.0,1.0534853138607874,7.458949182969638e-06,6.08932983215692
57.33333333333333,1.0574571699436124,6.835594391032316e-06,6.069065881871725
57.666666666666664,1.0614558869749604,6.264606598190782e-06,6.048869363649016
58.0,1.0654816662736126,5.741569010291188e-06,6.028740053256116
58.33333333333333,1.069534710865404,5.262433895932866e-06,6.008677727192698
58.666666666666664,1.0736152254879252,4.82349346070282e-06,5.9886821626894235
59.0,1.0777234165982597,4.4213617085896266e-06,5.968753137706174
59.33333333333333,1.0818594923751472,4.052937296051086e-06,5.94889043093103
59.666666666666664,1.086023662725358,3.715381286694114e-06,5.929093821778678
60.0,1.0902161392897236,3.4060939920072596e-06,5.909363090388864
60.33333333333333,1.0944371354500362,3.1226949681472276e-06,5.889698017624729
60.666666666666664,1.0986868663365745,2.8630053484280255e-06,5.870098385071057
61.0,1.102965548836019,2.625031691161311e-06,5.850563975032483
61.33333333333333,1.1072734015995147,2.406950522496369e-06,5.8310945705316755
61.666666666666664,1.111610645050644,2.20709275390832e-06,5.811689955307529
62.0,1.1159775013930704,2.023927153983116e-06,5.792349913813419
62.33333333333333,1.1203741946193841,1.8560478980085203e-06,5.773074231215286
62.666666666666664,1.1248009505236298,1.7021744549488004e-06,5.753862693389245
63.0,1.1292579967080465,1.5611324284827362e-06,5.734715086919964
63.33333333333333,1.133745562593459,1.431846539389079e-06,5.715631199098566
63.666666666666664,1.1382638794290438,1.3133316724479698e-06,5.696610817920614
64.0,1.1428131803024486,1.2046851289343787e-06,5.6776537320840585
64.33333333333333,1.1473937001502286,1.1050799591671478e-06,5.658759730987154
64.66666666666666,1.1520056757684993,1.0137590630098518e-06,5.639928604726347
65.0,1.1566493458237108,9.300297462196506e-07,5.621160144094151
65.33333333333333,1.161324950863442,8.532584205403156e-07,5.602454140577045
65.66666666666666,1.1660327333271265,7.828651354355676e-07,5.583810386353352
66.0,1.1707729375566025,7.183176293589678e-07,5.565228674291177
66.33333333333333,1.175545809806519,6.591249784843822e-07,5.54670879794636
66.66666666666666,1.1803515982575397,6.04840072777768e-07,5.528250551560067
67.0,1.1851905530270674,5.550544406757316e-07,5.509853730056714
67.33333333333333,1.1900629261800242,5.093932056998343e-07,5.491518129041896
67.66666666666666,1.1949689717405134,4.6751294096087085e-07,5.473243544800186
68.0,1.199908945703215,4.2909874746069953e-07,5.455029774292997
68.33333333333333,1.2048831060449186,3.9386181198535757e-07,5.436876615156418
68.66666666666666,1.2098917127361577,3.615373388140484e-07,5.418783865699047
69.0,1.2149350277529085,3.3188274946862553e-07,5.40075132489982
69.33333333333333,1.2200133150883121,3.046760447281521e-07,5.382778792405846
69.66666666666666,1.2251268407643912,2.7971422313312454e-07,5.364866068530236
70.0,1.2302758728437155,2.56811650203978e-07,5.347012954249955
70.33333333333333,1.2354606814409845,2.3579827259845743e-07,5.3292192512036785
70.66666666666666,1.2406815387344896,2.1651757143244342e-07,5.311484761689669
71.0,1.2459387189774322,1.9882419050677908e-07,5.293809288663677
71.33333333333333,1.2512324985106917,1.8258597316142299e-07,5.276192635736669
71.66666666666666,1.2565631557746106,1.6768325040827919e-07,5.258634607172666
72.0,1.261930971319879,1.5400552157804315e-07,5.241135007886708
72.33333333333333,1.2673362278195324,1.4145160726022614e-07,5.223693643442683
72.66666666666666,1.2727792100805266,1.299286946202791e-07,5.206310320051196
73.0,1.2782602050553187,1.193515561163719e-07,5.188984844567451
73.33333333333333,1.2837795018534457,1.0964191055347734e-07,5.1717170244891335
73.66666666666666,1.289337391753088,1.0072789541241329e-07,5.154506667954284
74.0,1.2949341682125943,9.254361939150657e-08,5.137353583739194
74.33333333333333,1.300570126881964,8.502876409852992e-08,5.120257581256288
74.66666666666666,1.3062455656142644,7.812820383056569e-08,5.1032184705520285
75.0,1.3119607844769736,7.179161237945833e-08,5.086236062304813
75.33333333333333,1.3177160857632289,6.597302580050801e-08,5.069310167822898
75.66666666666666,1.3235117740029734,6.063033008205948e-08,5.052440599042311
76.0,1.3293481559739793,5.5724642653646964e-08,5.035627168524794
76.33333333333333,1.335225540712737,5.1219556670348157e-08,5.0188696894557525
76.66666666666666,1.3411442395253874,4.708074627757121e-08,5.00216797564219
77.0,1.3471045659997238,4.327883259778019e-08,4.985521841510523
77.33333333333333,1.3531068360149487,3.9786311141335924e-08,4.968931102104649
77.66666666666666,1.3591513677525735,3.657784595192325e-08,4.952395573083872
78.0,1.3652384817070764,3.3630277105302404e-08,4.935915070720862
78.33333333333333,1.3713685006963554,3.092235678948665e-08,4.919489411899617
78.66666666666666,1.377541749872083,2.8434537516916074e-08,4.903118414113442
79.0,1.3837585567299593,2.614880511475003e-08,4.886801895462923
79.33333333333333,1.3900192511198477,2.4048549139397335e-08,4.870539674653916
79.66666666666666,1.3963241652557976,2.211846336140383e-08,4.854331570995534
80.0,1.402673633725932,2.0344468966819387e-08,4.838177404398141
80.33333333333333,1.4090679935021992,1.871365312116374e-08,4.822076995371358
80.66666666666666,1.4155075839499833,1.7214215542110864e-08,4.806030165022066
81.0,1.4219927468375564,1.5835415727013685e-08,4.790036735052421
81.33333333333333,1.4285238263453706,1.4567513481388625e-08,4.774096527757881
81.66666666666666,1.4351011690751816,1.3401695394479902e-08,4.758209366025226
82.0,1.4417251240589926,1.2329979908025045e-08,4.742375073330599
82.33333333333333,1.4483960427678109,1.1345093624341222e-08,4.72659347373755
82.66666666666666,1.455114279120213,1.0440311499852608e-08,4.710864391895084
83.0,1.4618801894907034,9.609253570179707e-09,4.695187653035726
83.33333333333333,1.4686941327178638,8.845630852910707e-09,4.679563082973583
83.66666666666666,1.4755564701122834,8.142933074174851e-09,4.663990508102428
84.0,1.482467565464888,7.495776029886493e-09,4.6484697553937115
84.33333333333333,1.4894277850547808,6.900559463682671e-09,4.633000652394615
84.66666666666666,1.4964374976557524,6.352973856223309e-09,4.617583027226233
85.0,1.5034970745438756,5.849159406255376e-09,4.602216708581618
85.33333333333333,1.5106068895044076,5.385634573751081e-09,4.586901525723882
85.66666666666666,1.5177673188384593,4.959232383055196e-09,4.571637308484302
86.0,1.5249787413694242,4.567048387427846e-09,4.556423887260425
86.33333333333333,1.532241538449155,4.206399187506486e-09,4.541261093014193
86.66666666666666,1.5395560939638864,3.874790396210894e-09,4.526148757270063
87.0,1.5469227943398893,3.5698929426154374e-09,4.511086712113131
87.33333333333333,1.5543420285488494,3.289526607312368e-09,4.496074790187277
87.66666666666666,1.5618141881129635,3.0316496817900468e-09,4.481112824693297
88.0,1.5693396671097424,2.7943536443502136e-09,4.466200649387054
88.33333333333333,1.5769188621765127,2.5758617450881866e-09,4.451338098577631
88.66666666666666,1.5845521725146094,2.3745303924598084e-09,4.436525007125488
89.0,1.5922399998932502,2.1888522339593233e-09,4.42176121044063
89.33333333333333,1.5999827486530807,2.0174598234319813e-09,4.407046544480777
89.66666666666666,1.607780825709388,1.8591287675452932e-09,4.392380845749539
90.0,1.615634640554967,1.7127792439430288e-09,4.3777639512946
90.33333333333333,1.6235446052626326,1.5774747836057954e-09,4.363195698705913
90.66666666666666,1.631511134487375,1.4524172099421412e-09,4.348675926113889
91.0,1.6395346454681403,1.3369366271342185e-09,4.334204472187599
91.33333333333333,1.6476155580292333,1.2304753502618922e-09,4.31978117613299
91.66666666666666,1.6557542945813355,1.1325646697292282e-09,4.305405877691088
92.0,1.6639512801221226,1.042793342517373e-09,4.291078417136227
92.33333333333333,1.6722069422364805,9.607667027877455e-10,4.276798635274271
92.66666666666666,1.6805217110963064,8.860552843594488e-10,4.262566373440849
93.0,1.688896019459889,8.181318475849256e-10,4.248381473499594
93.33333333333333,1.6973303026708555,7.562957031477641e-10,4.234243777840389
93.66666666666666,1.705824998656682,6.995832253065907e-10,4.220153129377616
94.0,1.7143805479267558,6.466634471090437e-10,4.2061093715484175
94.33333333333333,1.7229973935690384,5.968992899307052e-10,4.192112348310929
94.66666666666666,1.7316759812479487,5.513156002418779e-10,4.1781619041425015
95.0,1.740416759203232,5.093629281692527e-10,4.164257884038059
95.33333333333333,1.749220178243476,4.705827559809049e-10,4.150400133508358
95.66666666666666,1.7580866917417448,4.346381072595499e-10,4.136588498578256
96.0,1.7670167556307539,4.012869050644739e-10,4.122822825785014
96.33333333333333,1.7760108283975067,3.703586150345628e-10,4.109102962176583
96.66666666666666,1.7850693710773913,3.4173399809059066e-10,4.095428755309904
97.0,1.7941928472477116,3.153277973949627e-10,4.081800053249214
97.33333333333333,1.8033817230206504,2.910741842270712e-10,4.068216704564364
97.66666666666666,1.8126364670356552,2.689147874324255e-10,4.054678558329125
98.0,1.8219575504512266,2.4878913110374915e-10,4.041185464119519
98.33333333333333,1.8313454469361035,2.3062730515220242e-10,4.027737272012147
98.66666666666666,1.8408006326598363,2.1434469342689473e-10,4.014333832582519
99.0,1.850323586282731,1.9983858404087633e-10,4.000974996903396
99.33333333333333,1.8599147889451526,1.8698648656176756e-10,3.9876606165431374
99.66666666666666,1.8695747242561866,1.7564598072519528e-10,3.9743905435640476
100.0,1.8793038782816325,1.6565592132921767e-10,3.9611646305207358
100.33333333333333,1.889102739531327,1.5683882396790264e-10,3.9479827304584765
100.66666666666666,1.8989717989457873,1.4900425626222678e-10,3.934844696911577
101.0,1.908911549882156,1.419530592464762e-10,3.921750383901749
101.33333333333333,1.91892248809944,1.354822235683123e-10,3.9086996459364904
101.66666666666666,1.9290051117430338,1.2939024516067504e-10,3.895692338007464
102.0,1.939159921328513,1.2348278504369868e-10,3.8827283155888903
102.33333333333333,1.9493874197246848,1.1757845791480774e-10,3.8698074346359412
102.66666666666666,1.9596881121358933,1.1151457418516337e-10,3.8569295515831383
103.0,1.9700625060835566,1.0515266012063494e-10,3.844094523342759
103.33333333333333,1.980511111386928,9.838358074546659e-11,3.831302207303247
103.66666666666666,1.9910344401430797,9.113209016680705e-11,3.818552461327627
104.0,2.00163300670608,8.336063397827741e-11,3.805845143751926
104.33333333333333,2.0123073276653685,7.507222840074983e-11,3.7931801133836007
104.66666666666666,2.0230579218233085,6.631224081849935e-11,3.7805572294999665
105.0,2.03388531017191,5.716889636891077e-11,3.767976351846633
105.33333333333333,2.0447900158687076,4.777233524390712e-11,3.755437340635952
105.66666666666666,2.055772564211788,3.829204536126647e-11,3.742940056545455
106.0,2.066833482613951,2.8932495064006276e-11,3.730484360716311
106.33333333333333,2.0779733005759904,1.9926790506003982e-11,3.718070114751784
106.66666666666666,2.0891925496590944,1.1528182382017658e-11,3.7056971807156907
107.0,2.1004917634563394,3.999246660290387e-12,3.693365421130869
107.33333333333333,2.111871477563276,-2.4014360240998438e-12,3.681074698977652
107.66666666666666,2.123332229547596,-7.435277656971099e-12,3.668824877692343
108.0,2.134874558917861,-1.0902532155677069e-11,3.6566158211656976
108.33333333333333,2.146499007091286,-1.2664172044483178e-11,3.6444473937414106
108.66666666666666,2.1582061173605767,-1.266696783651238e-11,3.6323194602146076
109.0,2.169996434859785,-1.0971945464084817e-11,3.620231885830342
109.33333333333333,2.1818705065291937,-7.786397099282237e-12,3.608184536282097
109.66666666666666,2.1938288810792144,-3.4996207065663067e-12,3.596177277710289
110.0,2.205872108953275,1.2774363307206779e-12,3.5842099767007825
110.33333333333333,2.2180007422897012,5.6684541681445615e-12,3.572282500283404
110.66666666666666,2.23021533488257,8.48376270042836e-12,3.560394715930463
111.0,2.2425164421383537,8.524904241155952e-12,3.548546491555295
111.33333333333333,2.2549046210082277,7.906005106775011e-12,3.5367376955109604
111.66666666666666,2.2673804299899203,7.333284376989543e-12,3.5249681965885173
112.0,2.279944429071373,6.8025826914166035e-12,3.513237864015627
112.33333333333333,2.292597179679408,6.310415036331802e-12,3.501546567455138
112.66666666666666,2.3053392446342467,5.853841190156722e-12,3.489894177003634
113.0,2.3181711881028138,5.4303524279507745e-12,3.4782805631899936
113.33333333333333,2.3310935755508293,5.037773566173197e-12,3.466705596973948
113.66666666666666,2.344106973693691,4.67417942898097e-12,3.455169149744648
114.0,2.3572119504461364,4.3378248173289105e-12,3.4436710933192307
114.33333333333333,2.370409074870682,4.027087062137666e-12,3.4322112999414016
114.66666666666666,2.383698917124853,3.7404202427954185e-12,3.4207896422800075
115.0,2.3970820484071735,3.4763201522594963e-12,3.409405993427625
115.33333333333333,2.41055904090194,3.233299090023647e-12,3.3980602268991515
115.66666666666666,2.424130467722766,3.0098695642168115e-12,3.386752216630397
116.0,2.4377969028548883,2.8045359840995374e-12,3.375481836976684
116.33333333333333,2.451558921096243,2.6157934242238126e-12,3.3642489627114536
116.66666666666666,2.465417097997309,2.442132541522192e-12,3.3530534690248706
117.0,2.4793720097997056,2.282049726592296e-12,3.3418952315224404
117.33333333333333,2.4934242333735512,2.1340615704424856e-12,3.3307741262236257
117.66666666666666,2.5075743461535813,1.9967227279646254e-12,3.3196900295604697
118.0,2.5218229260740146,1.8686462593999476e-12,3.308642818376221
118.33333333333333,2.536170551502174,1.7485255310638598e-12,3.2976323699239702
118.66666666666666,2.5506178011708553,1.6351567565956185e-12,3.2866585618652824
119.0,2.5651652541094423,1.527461259998834e-12,3.2757212722688385
119.33333333333333,2.579813489573762,1.4245065417387182e-12,3.264820379609084
119.66666666666666,2.594563086974691,1.3255252291619184e-12,3.253955762764875
120.0,2.6094146258054867,1.2299309925049835e-12,3.2431273010181343
120.33333333333333,2.6243686855678656,1.1373305077572924e-12,3.232334874052512
120.66666666666666,2.6394258456968123,1.0475305476443706e-12,3.2215783619520444
121.0,2.6545866854841185,9.605392819975661e-13,3.2108576451998267
121.33333333333333,2.66985178400065,8.765608687759689e-13,3.2001726046766814
121.66666666666666,2.685221720017346,7.959824170064737e-13,3.1895231216598363
122.0,2.7006970719249344,7.193524029079594e-13,3.1789090778216025
122.33333333333333,2.7162784176523727,6.473496204654781e-13,3.168330355228065
122.66666666666666,2.7319663345840115,5.807417477203415e-13,3.1577868363377646
123.0,2.747761399475466,5.203326100420986e-13,3.147278404000396
123.33333333333333,2.763664188368208,4.668972216482633e-13,3.136804941455505
123.66666666666666,2.7796752765028674,4.2110368663772197e-13,3.1263663323311874
124.0,2.7957952382312445,3.834210408037761e-13,3.115962460642798
124.33333333333333,2.812024646927025,3.540121154927003e-13,3.1055932107916577
124.66666666666666,2.8283640748952026,3.3261050477375304e-13,3.095258467563771
125.0,2.8448140932802053,3.1838071718656353e-13,3.084958116128539
125.33333333333333,2.8613752719727117,3.0976059333181196e-13,3.0746920420374875
125.66666666666666,2.878048179515176,3.0428507057111273e-13,3.0644601312229884
126.0,2.8948333830060413,2.9839037610203613e-13,3.0542622699969906
126.33333333333333,2.9117314480026404,2.8719772967418936e-13,3.044098345049758
126.66666666666666,2.928742938416694,2.6844571303206937e-13,3.0339682434486637
127.0,2.945868416413877,2.503837744915904e-13,3.0238718526370425
127.33333333333333,2.9631084423398955,2.3357065696620306e-13,3.013809060432671
127.66666666666666,2.980463574597928,2.179102827734105e-13,3.003779755026638
128.0,2.9979343695457135,2.0331829756399284e-13,2.993783824982111
128.33333333333331,3.0155213813926234,1.8972009629608245e-13,2.9838211592331003
128.66666666666666,3.033225162095432,1.7704909158384094e-13,2.9738916470832186
129.0,3.051046261252784,1.6524521065796656e-13,2.9639951782044553
129.33333333333331,3.06898522599844,1.542536071752144e-13,2.954131642635948
129.66666666666666,3.0870426008933074,1.4402357411414853e-13,2.944300930782758
130.0,3.105218927816301,1.345076439943401e-13,2.9345029334146564
130.33333333333331,3.1235147458540786,1.2566086265620146e-13,2.9247375416649084
130.66666666666666,3.141930591189689,1.1744022283867334e-13,2.9150046470290603
131.0,3.160466996990149,1.0980424379197669e-13,2.9053041413637395
131.33333333333331,3.179124493293017,1.0271268316262379e-13,2.8956359168854497
131.66666666666666,3.1979036068919884,9.612636738790284e-14,2.8859998661693713
132.0,3.2168048612215308,9.000712683704702e-14,2.876395882148172
132.33333333333331,3.2358287762406315,8.431782193628497e-14,2.8668238581108167
132.66666666666666,3.2549758683156784,7.902244651498526e-14,2.857283687701378
133.0,3.2742466501024916,7.408629461010597e-14,2.8477752649178587
133.33333333333331,3.293641630427582,6.947617696614704e-14,2.8382984841110157
133.66666666666666,3.3131613141686547,6.516067346781769e-14,2.828853239983179
134.0,3.3328062021343743,6.1110407742629e-14,2.8194394275870907
134.33333333333331,3.352576790943475,5.729833017061098e-14,2.8100569423247346
134.66666666666666,3.3724735729032203,5.3699995538365756e-14,2.8007056799461725
135.0,3.392497035887244,5.029382157466595e-14,2.791385536548392
135.33333333333331,3.4126476632128444,4.706131460479939e-14,2.782096408574147
135.66666666666666,3.432925933517742,4.398724856087055e-14,2.7728381928108092
136.0,3.453332320636332,4.105978358526764e-14,2.763610786389221
136.33333333333331,3.4738672934755006,3.827051046449788e-14,2.7544140867825555
136.66666666666666,3.4945313158900184,3.5614407130599704e-14,2.7452479918051695
137.0,3.5153248465575424,3.308969346734191e-14,2.7361123996114785
137.33333333333331,3.53624833885329,3.0697570658411363e-14,2.7270072086948174
137.66666666666666,3.5573022407244093,2.844183131479956e-14,2.717932317886313
138.0,3.5784869945640647,2.6328326618596006e-14,2.708887626353764
138.33333333333331,3.5998030370853096,2.436427672039199e-14,2.6998730336005163
138.66666666666666,3.6212507991947676,2.2557410627503288e-14,2.6908884394643455
139.0,3.6428307058661415,2.091492182022132e-14,2.6819337441163458
139.33333333333331,3.664543176013623,1.9442225833295042e-14,2.6730088480598195
139.66666666666666,3.6863886223652202,1.8141506039853536e-14,2.664113652129166
140.0,3.7083674513360307,1.7010033874976857e-14,2.6552480574887865
140.33333333333331,3.7304800629015213,1.6038249736119186e-14,2.646411965631978
140.66666666666666,3.7527268504708458,1.52075907975943e-14,2.637605278379838
141.0,3.775108200760212,1.448805197632826e-14,2.6288278978801753
141.33333333333331,3.797624493666377,1.383546628608768e-14,2.6200797266064195
141.66666666666666,3.8202761021402867,1.318849081738922e-14,2.611360667356531
142.0,3.8430633920608828,1.2465474812959298e-14,2.602670623251924
142.33333333333331,3.865986722114749,1.1706238735838301e-14,2.5940094977365233
142.66666666666666,3.889046443679572,1.0995788163499398e-14,2.58537719457558
143.0,3.9122429006921213,1.0330261376028788e-14,2.576773617854506
143.33333333333331,3.9355764295248306,9.706303390837663e-15,2.568198671977905
143.66666666666666,3.959047358863776,9.120991048482219e-15,2.5596522616685062
144.0,3.9826560095873815,8.571765454821232e-15,2.5511342919661075
144.33333333333331,4.0064026946459546,8.056371450161137e-15,2.5426446682265187
144.66666666666666,4.030287718942107,7.57280377604001e-15,2.534183296120504
145.0,4.054311379212128,7.119259610301687e-15,2.5257500816327405
145.33333333333331,4.078473963908397,6.6940971411101105e-15,2.5173449310607663
145.66666666666666,4.1027757530829225,6.295799850555209e-15,2.50896775101394
146.0,4.127217018272028,5.922946178501491e-15,2.5006184484124057
146.33333333333331,4.15179802238232,5.57418423732957e-15,2.492296930486055
146.66666666666666,4.176519019577988,5.2482112482218664e-15,2.4840031047734947
147.0,4.201380255169474,4.9437573696436e-15,2.4757368791210244
147.33333333333331,4.2263819655036565,4.659573588669421e-15,2.467498161681608
147.66666666666666,4.2515243778555645,4.394423345806849e-15,2.459286860913853
148.0,4.27680771032171,4.147077563967596e-15,2.451102885580997
148.33333333333331,4.302232171715121,3.916312752237216e-15,2.4429461447498912
148.66666666666666,4.327797961462159,3.700911855094195e-15,2.43481654778999
149.0,4.353505269501149,3.4996675177295534e-15,2.4267140043723456
149.33333333333331,4.379354276182945,3.3113874381174103e-15,2.4186384244686057
149.66666666666666,4.4053451521734965,3.134901476487675e-15,2.410589718350009
150.0,4.431478058358443,2.969070192851815e-15,2.4025677965863945
150.33333333333331,4.457753145749875,2.8127944832322894e-15,2.394572570045205
150.66666666666666,4.4841705553953,2.6650259852467476e-15,2.386603949890495
151.0,4.510730418288877,2.5247779236978845e-15,2.378661847581949
151.33333333333331,4.537432855285019,2.3911360668196887e-15,2.370746174873896
151.66666666666666,4.5642779770144335,2.263269463831025e-15,2.362856843814326
152.0,4.591265883802645,2.140440634447551e-15,2.354993766743919
152.33333333333331,4.618396665591109,2.0220148810026554e-15,2.347156856295068
152.66666666666666,4.645670401860983,1.9074683938283827e-15,2.339346025390908
153.0,4.673087161559597,1.7963948205473242e-15,2.3315611872443505
153.33333333333331,4.700647003029744,1.688509969926163e-15,2.323802255357119
153.66666666666666,4.728349973941838,1.5836543209418585e-15,2.316069143518786
154.0,4.756196111229001,1.4817930077114319e-15,2.3083617658058184
154.33333333333331,4.784185441025178,1.3830129509360606e-15,2.3006800365806215
154.66666666666666,4.812317978606355,1.2875168065104381e-15,2.2930238704905834
155.0,4.8405937283349125,1.1956134019483727e-15,2.285393182467134
155.33333333333331,4.869012683607237,1.1077043312753335e-15,2.2777878877247932
155.66666666666666,4.897574826804652,1.0242663790389405e-15,2.2702079017602292
156.0,4.9262801292477,9.458294440882779e-16,2.262653140351322
156.33333333333331,4.955128551153915,8.729496337728403e-16,2.2551235195562236
156.66666666666666,4.98412004159912,8.061771992120326e-16,2.2476189557124253
157.0,5.0132545384823075,7.460189822861588e-16,2.2401393654358275
157.33333333333331,5.0425319684942265,6.928950449996655e-16,2.2326846656198116
157.66666666666666,5.071952247089712,6.470891518676008e-16,2.2252547734343135
158.0,5.10151527846382,6.086927759761676e-16,2.2178496063249042
158.33333333333331,5.131220955531893,5.775422993682154e-16,2.210469082011869
158.66666666666666,5.1610691599135805,5.531490784045565e-16,2.203113118489291
159.0,5.191059761920896,5.346220447520393e-16,2.195781634024137
159.33333333333331,5.221192620550409,5.205825126491683e-16,2.18847454715535
159.66666666666666,5.25146758347963,5.0907086310024e-16,2.181191776692936
160.0,5.28188448706764,4.974447756488203e-16,2.173933241717062
160.33333333333331,5.3124431563600805,4.822686783814626e-16,2.1666988615771543
160.66666666666666,5.343143405110679,4.597931784116299e-16,2.1594885558910177
161.0,5.37398503591673,4.3585629884058817e-16,2.152302244544306
161.33333333333331,5.404967839890368,4.132411381500068e-16,2.145139847689131
161.66666666666666,5.436091596850697,3.918667882213478e-16,2.1380012857432167
162.0,5.467356075421115,3.716591383635011e-16,2.1308864793891265
162.33333333333331,5.498761033049209,3.525501179919004e-16,2.1237953495733817
162.66666666666666,5.530306216032308,3.344770070494158e-16,2.116727817505577
163.0,5.5619913595486254,3.17381811214067e-16,2.109683804657511
163.33333333333331,5.593816187693951,3.0121069893855845e-16,2.1026632327623074
163.66666666666666,5.625780413523808,2.8591349736668473e-16,2.095666023813546
164.0,5.65788373910098,2.714432441716474e-16,2.088692100064395
164.33333333333331,5.690125855548392,2.577557923612903e-16,2.0817413840267496
164.66666666666666,5.722506443107237,2.4480946509529753e-16,2.074813798470364
165.0,5.755025171200275,2.32564757559395e-16,2.0679092664219993
165.33333333333331,5.787681698500271,2.2098408294156602e-16,2.061027711164566
165.66666666666666,5.820475673003478,2.1003155955532216e-16,2.0541690562362684
166.0,5.853406732108077,1.9967283615507063e-16,2.0473332254297603
166.33333333333331,5.8864745026975545,1.8987495248858953e-16,2.0405201427912933
166.66666666666666,5.919678601228917,1.806062321316532e-16,2.033729732619875
167.0,5.95301863382565,1.7183620464984495e-16,2.0269619194664297
167.33333333333331,5.986494196375413,1.6353555413257304e-16,2.020216628132957
167.66666666666666,6.020104874632362,1.5567609114433076e-16,2.0134937836716986
168.0,6.053850244324005,1.4823074513823457e-16,2.006793311384304
168.33333333333331,6.087729871262594,1.4117357437686238e-16,2.0001151368210053
168.66666666666666,6.121743311460926,1.3447979040542708e-16,1.993459185779782
169.0,6.155890111252484,1.2812579412232257e-16,1.9868253843055463
169.33333333333331,6.19016980741589,1.22089220492063e-16,1.9802136586893158
169.66666666666666,6.224581927303576,1.163489889456513e-16,1.973623935467395
170.0,6.2591259889745725,1.1088535651341309e-16,1.9670561414205627
170.33333333333331,6.293801501331416,1.0567997073531744e-16,1.9605102035732562
170.66666666666666,6.328607964261051,1.0071591939382097e-16,1.95398604919276
171.0,6.363544868779661,9.597777411426987e-17,1.947483605788401
171.33333333333331,6.398611697181387,9.145162487788294e-17,1.9410028011107416
171.66666666666666,6.43380792319086,8.71251024923513e-17,1.934543563150775
172.0,6.469133012119432,8.298738606508925e-17,1.9281058201391292
172.33333333333331,6.504586421025104,7.902919252415997e-17,1.9216895005452679
172.66666666666666,6.540167598876043,7.524274523191132e-17,1.915294533076693
173.0,6.575875986717611,7.162171873635616e-17,1.9089208466781578
173.33333333333331,6.6117110178428575,6.81611567053208e-17,1.9025683705308734
173.66666666666666,6.6476721179664295,6.485736008839755e-17,1.8962370340517212
174.0,6.6837587054017416,6.170774255173476e-17,1.8899267668924715
174.33333333333331,6.719970191241443,5.871065023068882e-17,1.883637498938999
174.66666666666666,6.756305979541064,5.586514284537385e-17,1.8773691603105027
175.0,6.792765467505735,5.3170733224141524e-17,1.8711216813587306
175.33333333333331,6.829348045679989,5.0627082280017586e-17,1.8648949926672045
175.66666666666666,6.866053098140526,4.823364648512865e-17,1.8586890250504453
176.0,6.902880002691859,4.5989274888152704e-17,1.8525037095532066
176.33333333333331,6.9398281310648215,4.389175271982022e-17,1.846338977449706
176.66666666666666,6.976896849117842,4.193728863149869e-17,1.8401947602428579
177.0,7.014085517040883,4.0119942611894555e-17,1.8340709896635135
177.33333333333331,7.051393489562037,3.8430991626898497e-17,1.8279675976696996
177.66666666666666,7.088820116156683,3.685823002760934e-17,1.8218845164458595
178.0,7.126364741259097,3.5385201771566476e-17,1.8158216784020982
178.33333333333331,7.16402670447652,3.399036150222168e-17,1.8097790161734293
178.66666666666666,7.201805340805563,3.2646161531680535e-17,1.8037564626190221
179.0,7.239699980850881,3.1318061771748006e-17,1.7977539508214544
179.33333333333331,7.277709951254882,2.998218772938137e-17,1.7917714140860295
179.66666666666666,7.3158345756855025,2.8698700535235286e-17,1.7858087859402734
180.0,7.354073173489272,2.7474817603335245e-17,1.7798660001327336
180.33333333333331,7.392425060462694,2.630757082909613e-17,1.7739429906323936
180.66666666666666,7.430889549203168,2.5194158178319675e-17,1.768039691627975
181.0,7.469465949341312,2.413193155637317e-17,1.7621560375272067
181.33333333333331,7.508153567774684,2.3118385707581572e-17,1.7562919629560954
181.66666666666666,7.5469517089027525,2.2151148089675656e-17,1.7504474027581969
182.0,7.585859674862945,2.122796966813855e-17,1.7446222919938954
182.33333333333331,7.624876765767709,2.0346716575290785e-17,1.73881656593968
182.66666666666666,7.664002279942406,1.9505362578956353e-17,1.7330301600874232
183.0,7.703235514163891,1.8701982305552022e-17,1.7272630101436681
183.33333333333331,7.742575763899693,1.793474516244027e-17,1.7215150520289126
183.66666666666666,7.782022323547633,1.7201909904388153e-17,1.7157862218768944
184.0,7.821574486675716,1.650181978897439e-17,1.7100764560338861
184.33333333333331,7.861231546262233,1.5832898265785065e-17,1.7043856910579855
184.66666666666666,7.900992794935885,1.5193645144240292e-17,1.6987138637184094
185.0,7.940857525215793,1.458263318489397e-17,1.6930609109947943
185.33333333333331,7.980825029751294,1.3998505059047216e-17,1.6874267700764947
185.66666666666666,8.020894601561382,1.3439970621517754e-17,1.6818113783618842
186.0,8.061065534273611,1.290580444140727e-17,1.6762146734576622
186.33333333333331,8.10133712236239,1.2394843535707552e-17,1.6706365931781602
186.66666666666666,8.14170866138652,1.1905985250587488e-17,1.6650770755446487
187.0,8.182179448225796,1.1438185235203e-17,1.659536058784652
187.33333333333331,8.22274878131658,1.0990455452870784e-17,1.6540134813312604
187.66666666666666,8.263415960886242,1.0561862174447917e-17,1.6485092818224452
188.0,8.30418028918622,1.0151523898759272e-17,1.6430233991003789
188.33333333333331,8.34504107072371,9.758609144913804e-18,1.6375557722107548
188.66666666666666,8.385997612491746,9.382334061351671e-18,1.6321063404021083
189.0,8.427049224197576,9.021959796464132e-18,1.6266750431251447
189.33333333333331,8.468195218489193,8.676789575627267e-18,1.6212618200320643
189.66666666666666,8.509434911179905,8.346165429491582e-18,1.6158666109758915
190.0,8.550767621470765,8.029464518369272e-18,1.610489356009808
190.33333333333331,8.592192672170782,7.726094997560394e-18,1.605129995386485
190.66666666666666,8.633709389914738,7.435491368459827e-18,1.599788469557419
191.0,8.675317105378493,7.1571092602869e-18,1.5944647191722705
191.33333333333331,8.71701515349163,6.890419587278893e-18,1.5891586850782042
191.66666666666666,8.758802873647356,6.634902026190321e-18,1.5838703083192296
192.0,8.800679609909428,6.3900377589398605e-18,1.578599530135547
192.33333333333331,8.842644711216069,6.155301425246115e-18,1.5733462919628938
192.66666666666666,8.884697531580699,5.930152230094192e-18,1.5681105354318903
193.0,8.92683743028931,5.7140241508748e-18,1.5628922023673941
193.33333333333331,8.969063772090028,5.5063560027835305e-18,1.5576912347878555
193.66666666666666,9.011375927391537,5.306990913413861e-18,1.5525075749047212
194.0,9.053773272543605,5.115643307071091e-18,1.547341165121725
194.33333333333331,9.096255189920786,4.931962645701019e-18,1.5421919480342592
194.66666666666666,9.13882106809567,4.7556153804978655e-18,1.5370598664287465
195.0,9.181470302026758,4.586283931670013e-18,1.531944863282006
195.33333333333331,9.224202293241095,4.42366574176415e-18,1.526846881760618
195.66666666666666,9.267016450011665,4.26747239887532e-18,1.5217658652202912
196.0,9.309912187529598,4.117428826070307e-18,1.5167017572052357
196.33333333333331,9.352888928071298,3.9732725333514866e-18,1.5116545014475338
196.66666666666666,9.395946101160536,3.834752928488583e-18,1.5066240418665138
197.0,9.439083143725508,3.701630683045797e-18,1.5016103225681297
197.33333333333331,9.482299500250999,3.5736771499314184e-18,1.496613287844338
197.66666666666666,9.525594622925684,3.4506738287973793e-18,1.491632882172478
198.0,9.568967971784579,3.3324118756161923e-18,1.4866690502146576
198.33333333333331,9.612419014846765,3.2186916527623993e-18,1.4817217368171365
198.66666666666666,9.655947228248436,3.109322315925998e-18,1.476790887009713
199.0,9.699552096371256,3.004121434185257e-18,1.471876446005115
199.33333333333331,9.743233111966184,2.902914639566084e-18,1.466978359198391
199.66666666666666,9.786989776272783,2.8055353024153944e-18,1.4620965721663013
200.0,9.830821599134035,2.7118242289158787e-18,1.4572310306667167
200.33333333333331,9.874728099106779,2.6216293770693652e-18,1.4523816806380139
200.66666666666666,9.918708803567815,2.5348055874761997e-18,1.4475484681984747
201.0,9.962763248815701,2.451214325238046e-18,1.4427313396456884
201.33333333333331,10.006890980168334,2.3707234293113145e-18,1.4379302414559556
201.66666666666666,10.051091552056391,2.2932068656386282e-18,1.4331451202836911
202.0,10.095364528112619,2.2185444803857286e-18,1.428375922960834
202.33333333333331,10.139709481257096,2.1466217496110422e-18,1.4236225964962557
202.66666666666666,10.18412599377854,2.077329521695311e-18,1.4188850880751704
203.0,10.228613657411612,2.0105637488586788e-18,1.4141633450585498
203.33333333333331,10.273172073410404,1.9462252040924677e-18,1.4094573149825373
203.66666666666666,10.317800852618115,1.884219179833044e-18,1.404766945557864
204.0,10.362499615532926,1.8244551647051616e-18,1.400092184669269
204.33333333333331,10.40726799237023,1.7668464946620234e-18,1.3954329803749204
204.66666666666666,10.4521056231212,1.7113099748494588e-18,1.3907892809058346
205.0,10.497012157607783,1.657765468521593e-18,1.3861610346653055
205.33333333333331,10.541987255534165,1.6061354493352757e-18,1.3815481902283273
205.66666666666666,10.587030586534814,1.5563445133506294e-18,1.3769506963410232
206.0,10.632141830219055,1.5083188470651378e-18,1.3723685019200766
206.33333333333331,10.67732067621237,1.4619856478084932e-18,1.3678015560521617
206.66666666666666,10.722566824194375,1.4172724928256195e-18,1.363249807993377
207.0,10.767879983933547,1.3741066541683071e-18,1.3587132071686812
207.33333333333331,10.813259874707862,1.3324315365341016e-18,1.354191703171359
207.66666666666666,10.85870622557847,1.292201006382651e-18,1.3496852457624489
208.0,10.904218776065186,1.2533598063230459e-18,1.3451937848701543
208.33333333333331,10.949797275711749,1.2158550039210817e-18,1.3407172705893082
208.66666666666666,10.995441484088303,1.179635876873698e-18,1.3362556531808167
209.0,11.041151170788757,1.1446538051180271e-18,1.331808883071108
209.33333333333331,11.086926115423207,1.1108621695425882e-18,1.32737691085158
209.66666666666666,11.132766107605535,1.078216256968245e-18,1.3229596872780516
210.0,11.17867094693625,1.046673171066539e-18,1.3185571632702162
210.33333333333331,11.224640442980782,1.0161917488829373e-18,1.3141692899110955
210.66666666666666,11.270674415243315,9.86732482632611e-19,1.3097960184464956
211.0,11.316772693136256,9.582574464363512e-19,1.3054373002844664
211.33333333333331,11.36293511594553,9.307302276641718e-19,1.3010930869947612
211.66666666666666,11.409161532791794,9.041158625542064e-19,1.2967633303082975
212.0,11.455451802587651,8.783807757745104e-19,1.2924479821166228
212.33333333333331,11.501805793991096,8.534927235953159e-19,1.2881469944713795
212.66666666666666,11.548223385355234,8.294207403393478e-19,1.2838603195837694
213.0,11.594704464674399,8.061350877778118e-19,1.279587909824028
213.33333333333331,11.641248929526848,7.836072071396011e-19,1.2753297177208904
213.66666666666666,11.687856687014154,7.618096734013332e-19,1.271085695961067
214.0,11.734527653697336,7.407161515258222e-19,1.2668557973887162
214.33333333333331,11.781261755529972,7.203013543165376e-19,1.262639975004922
214.66666666666666,11.828058927788362,7.005410015556623e-19,1.2584381819671697
215.0,11.874919114998834,6.81411780093347e-19,1.2542503715888278
215.33333333333331,11.921842270862394,6.628913045557249e-19,1.2500764973386278
215.66666666666666,11.968828358176804,6.449580783392862e-19,1.2459165128401466
216.0,12.015877348756199,6.275914545592195e-19,1.2417703718712936
216.33333333333331,12.0629892233484,6.107715966192774e-19,1.2376380283637947
216.66666666666666,12.110163971550062,5.944794380707712e-19,1.2335194364026807
217.0,12.157401591719706,5.786966414282973e-19,1.229414550225778
217.33333333333331,12.204702090888865,5.634055556097539e-19,1.2253233242231998
217.66666666666666,12.252065484671409,5.485891716682571e-19,1.2212457129368373
218.0,12.299491797171148,5.342310764835497e-19,1.2171816710598562
218.33333333333331,12.346981060887934,5.203154040804722e-19,1.2131311534361935
218.66666666666666,12.394533316622296,5.068267842420966e-19,1.2090941150600525
219.0,12.442148613378771,4.937502880851208e-19,1.2050705110754052
219.33333333333331,12.48982700826806,4.810713702650918e-19,1.2010602967754926
219.66666666666666,12.537568566253485,4.687763431099212e-19,1.197063427602334
220.0,12.585373359878018,4.568528161467947e-19,1.1930798591462417
220.33333333333331,12.633241469602016,4.4528824244162275e-19,1.1891095471453035
220.66666666666666,12.681172983536987,4.340705221041148e-19,1.1851524474849
221.0,12.729167997313699,4.23188002967883e-19,1.181208516197217
221.33333333333331,12.777226613956662,4.1262946211609255e-19,1.1772777094607558
221.66666666666666,12.825348943759384,4.0238408833496633e-19,1.1733599835998447
222.0,12.873535104160194,3.924414654486796e-19,1.1694552950841568
222.33333333333331,12.921785219618522,3.827915564891568e-19,1.1655636005282242
222.66666666666666,12.970099421491433,3.7342468865430665e-19,1.1616848566909552
223.0,13.018477847910216,3.643315390082311e-19,1.157819020475157
223.33333333333331,13.06692064365691,3.5550312087692076e-19,1.1539660489270538
223.66666666666666,13.115427960040586,3.469307708929733e-19,1.1501258992358103
224.0,13.163999954773146,3.38606136642869e-19,1.1462985287330572
224.33333333333331,13.212636791844567,3.3052116487031786e-19,1.1424838948924163
224.66666666666666,13.261338641397368,3.2266809018921375e-19,1.138681955329027
225.0,13.310105679600102,3.1503942425972955e-19,1.1348926677990778
225.33333333333331,13.358938088519752,3.076279453810681e-19,1.131115990199335
225.66666666666666,13.407836055992856,3.004266884544054e-19,1.1273518805666751
226.0,13.456799775495131,2.9342893526955737e-19,1.123600297077619
226.33333333333331,13.5058294460095,2.866282050688882e-19,1.1198611980478683
226.66666666666666,13.554925271892312,2.8001824534199423e-19,1.1161345419318391
227.0,13.604087462737576,2.7359302280469576e-19,1.112420287322204
227.33333333333331,13.65331623323905,2.673467145158551e-19,1.1087183929494295
227.66666666666666,13.702611803050045,2.61273699085554e-19,1.1050288176813179
228.0,13.75197439664069,2.5536854792816323e-19,1.1013515205225506
228.33333333333331,13.801404243152575,2.496260165138228e-19,1.0976864606142327
228.66666666666666,13.850901576250566,2.440410355718659e-19,1.094033597233437
229.0,13.900466633971584,2.386087021997186e-19,1.090392889792754
229.33333333333331,13.950099658659134,2.333242798552685e-19,1.0867642978398404
229.66666666666666,13.999800897159643,2.2818322939785227e-19,1.0831477810569716
230.0,14.049570600170883,2.2318114984004e-19,1.0795432992605913
230.33333333333331,14.099409022296781,2.1831378614227107e-19,1.0759508124008652
230.66666666666666,14.14931642193771,2.135770272722061e-19,1.072370280561235
231.0,14.199293061146868,2.0896690085258521e-19,1.068801663957977
231.33333333333331,14.24933920549181,2.0447956803977622e-19,1.0652449229397591
231.66666666666666,14.299455123920474,2.0011131862214564e-19,1.0617000179871998
232.0,14.349641088630985,1.958585663273841e-19,1.0581669097124298
232.33333333333331,14.399897374944713,1.9171784432790777e-19,1.0546455588586545
232.66666666666666,14.450224261181866,1.8768580093346883e-19,1.0511359262997164
233.0,14.500622028538963,1.8375919546010593e-19,1.0476379730396626
233.33333333333331,14.551090960967615,1.799348942645574e-19,1.0441516602123095
233.66666666666666,14.601631345053928,1.7620986693326902e-19,1.0406769490808119
234.0,14.652243469897847,1.7258118261512814e-19,1.0372138010372327
234.33333333333331,14.702927626991887,1.6904600648704647e-19,1.0337621776021138
234.66666666666666,14.753684110098554,1.6560159634152363e-19,1.0303220404240476
235.0,14.8045132151258,1.622452992853229e-19,1.026893351279253
235.33333333333331,14.855415239999902,1.5897454853838198e-19,1.023476072071149
235.66666666666666,14.906390484535144,1.5578686032209045e-19,1.020070164829931
236.0,14.957439250299572,1.5267983082606532e-19,1.0166755917121504
236.33333333333331,15.008561840476272,1.4965113324254783e-19,1.0132923150002935
236.66666666666666,15.059758559719505,1.4669851485755323e-19,1.009920297102361
237.0,15.111029714023669,1.4381979430580136e-19,1.006559500551453
237.33333333333331,15.162375610965421,1.4101286145781722e-19,1.003209888005351
237.66666666666666,15.213796559285035,1.3827567324329034e-19,0.9998714222461033
238.0,15.265292868753066,1.3560625080330055e-19,0.9965440661796117
238.33333333333331,15.316864850135548,1.3300267778944942e-19,0.9932277828352193
238.66666666666666,15.368512815069737,1.3046309819972103e-19,0.9899225353652987
239.0,15.420237075947966,1.2798571429865453e-19,0.9866282870448445
239.33333333333331,15.472037945808466,1.2556878461819641e-19,0.9833450012710638
239.66666666666666,15.523915738231851,1.2321062203560647e-19,0.9800726415629692
240.0,15.575870767242051,1.2090959192479162e-19,0.9768111715609751
240.33333333333331,15.627903347210497,1.1866411037743557e-19,0.9735605550264924
240.66666666666666,15.680013792762322,1.164726424902982e-19,0.9703207558415257
241.0,15.732202418683299,1.143337007150587e-19,0.9670917380082733
241.33333333333331,15.784469539826372,1.122458432670709e-19,0.9638734656487262
241.66666666666666,15.83681547101651,1.1020767258940417e-19,0.9606659030042691
242.0,15.88924052695262,1.0821783386854415e-19,0.9574690144352843
242.33333333333331,15.941745022105366,1.0627501359812162e-19,0.9542827644207553
242.66666666666666,15.994329270609636,1.0437793818704345e-19,0.9511071175578708
243.0,16.04699358615039,1.0252537260839875e-19,0.9479420385616332
243.33333333333331,16.09973828184071,1.0071611908550977e-19,0.9447874922644657
243.66666666666666,16.152563670147615,9.894901585843594e-20,0.9416434436158208
244.0,16.20547006311003,9.722293629058356e-20,0.9385098576817925
244.33333333333331,16.258457771893408,9.553678743343823e-20,0.9353866996447276
244.66666666666666,16.31152710684069,9.388950895634604e-20,0.9322739348028374
245.0,16.364678377399194,9.22800721065276e-20,0.9291715285698141
245.33333333333331,16.41791189201623,9.070747867657237e-20,0.9260794464744456
245.66666666666666,16.471227958048246,8.917076000943477e-20,0.922997654160232
246.0,16.524626881681105,8.766897603947241e-20,0.919926117385005
246.33333333333331,16.578108967859375,8.620121436806344e-20,0.9168648020205467
246.66666666666666,16.631674520222173,8.476658937234372e-20,0.91381367405221
247.0,16.68532384104335,8.336424134560418e-20,0.9107726995785419
247.33333333333331,16.739057231173717,8.199333566788551e-20,0.9077418448109061
247.66666666666666,16.792874989983027,8.065306200531062e-20,0.9047210760731068
248.0,16.846777415299364,7.934263353669538e-20,0.9017103598010161
248.33333333333331,16.900764803343744,7.806128620597485e-20,0.8987096625422002
248.66666666666666,16.954837448657543,7.68082779989853e-20,0.8957189509555473
249.0,17.008995644020494,7.558288824314258e-20,0.8927381918108981
249.33333333333331,17.063239680356983,7.438441692855408e-20,0.8897673519886762
249.66666666666666,17.117569846628324,7.321218404910464e-20,0.886806398479519
250.0,17.17198642970872,7.206552896205672e-20,0.8838552983839129
250.33333333333331,17.226489714488206,7.094380980233159e-20,0.8809140189118266
250.66666666666666,17.28107998420457,6.9846402969734e-20,0.8779825273823464
251.0,17.335757519763117,6.877270246058956e-20,0.8750607912233143
251.33333333333331,17.39052259996213,6.772211935196976e-20,0.8721487779709655
251.66666666666666,17.44537550141282,6.669408127446182e-20,0.8692464552695665
252.0,17.50031649846344,6.568803190060684e-20,0.8663537908710578
252.33333333333331,17.55534586314101,6.470343045067372e-20,0.8634707526346945
252.66666666666666,17.610463865107015,6.37397512151591e-20,0.860597308526688
253.0,17.66567077162329,6.279648309340393e-20,0.8577334266198524
253.33333333333331,17.720966847524497,6.187312914771497e-20,0.8548790750932483
253.66666666666666,17.77635235519344,6.096920617238187e-20,0.852034222231829
254.0,17.831827554535504,6.008424427698001e-20,0.8491988364260891
254.33333333333331,17.887392702948617,5.921778648334775e-20,0.8463728861717129
254.66666666666666,17.943048055284933,5.836938833562844e-20,0.8435563400692238
255.0,17.998793863800586,5.753861752276771e-20,0.8407491668236361
255.33333333333331,18.05463037808984,5.672505351285436e-20,0.8379513352441077
255.66666666666666,18.11055784499995,5.592828719869549e-20,0.8351628142435916
256.0,18.166576508522922,5.514792055401601e-20,0.8323835728384926
256.3333333333333,18.222686609688957,5.438356630031964e-20,0.8296135801483224
256.66666666666663,18.278888387159366,5.363484760288657e-20,0.8268528053953556
257.0,18.33518207677278,5.2901397754818425e-20,0.8241012179042883
257.3333333333333,18.391567911458292,5.218285987144294e-20,0.8213587871018987
257.66666666666663,18.448046121324555,5.1478886604103595e-20,0.818625482516705
258.0,18.50461693358634,5.0789139859778495e-20,0.8159012737786275
258.3333333333333,18.5612805725179,5.01132905296236e-20,0.8131861306186532
258.66666666666663,18.61803725942753,4.9451018226168845e-20,0.8104800228684963
259.0,18.674887212647516,4.880201102889844e-20,0.8077829204602647
259.3333333333333,18.73183064753387,4.81659652379438e-20,0.8050947934261269
259.66666666666663,18.788867776470273,4.754258513561733e-20,0.8024156118979767
260.0,18.845998808870366,4.69315827555186e-20,0.7997453461071024
260.3333333333333,18.90322395117284,4.633267765894107e-20,0.7970839663838576
260.66666666666663,18.960543406823692,4.574559671830798e-20,0.7944314431573286
261.0,19.017957376239863,4.517007390736854e-20,0.7917877469550074
261.3333333333333,19.07546605674861,4.460585009788286e-20,0.7891528484024656
261.66666666666663,19.1330696424971,4.40526728625241e-20,0.7865267182230249
262.0,19.190768324326307,4.3510296283729063e-20,0.7839093272374336
262.3333333333333,19.248562289799317,4.2978480768558983e-20,0.7813006463635436
262.66666666666663,19.306451723981862,4.245699287153822e-20,0.7787006466159846
263.0,19.364436808560626,4.194560511993931e-20,0.7761092991058434
263.3333333333333,19.42251772211364,4.1444095845202784e-20,0.7735265750403439
263.66666666666663,19.48069464009243,4.0952249020227776e-20,0.7709524457225253
264.0,19.53896773476835,4.0469854101476406e-20,0.7683868825509236
264.3333333333333,19.597337175211106,3.999670587582175e-20,0.7658298570192559
264.66666666666663,19.655803127291428,3.953260431201609e-20,0.7632813407161008
265.0,19.71436575369939,3.9077354416658734e-20,0.7607413053245835
265.3333333333333,19.773025213970236,3.863076609454e-20,0.7582097226220634
265.66666666666663,19.831781664509585,3.819265401323852e-20,0.7556865644798175
266.0,19.890635258609546,3.7762837471850657e-20,0.7531718028627289
266.3333333333333,19.9495861464476,3.734114027372903e-20,0.7506654098289767
266.66666666666663,20.00863447506011,3.6927390603107086e-20,0.7481673575297232
267.0,20.06778038828198,3.6521420905488573e-20,0.7456776182088058
267.3333333333333,20.127024026644413,3.612306777167888e-20,0.7431961642024294
267.66666666666663,20.186365527222428,3.573217182533526e-20,0.740722967938857
268.0,20.24580502385602,3.5348577613065223e-20,0.7382580019381039
268.3333333333333,20.305342647844697,3.4972133497164156e-20,0.7358012388116347
268.66666666666663,20.364978527000822,3.4602691554669995e-20,0.7333526512620556
269.0,20.42471278603328,3.424010747662142e-20,0.7309122120828128
269.3333333333333,20.484545546483144,3.3884240471320746e-20,0.7284798941578908
269.66666666666663,20.544476926685498,3.3534953170374624e-20,0.7260556704615099
270.0,20.604507041768734,3.3192111537410556e-20,0.7236395140578255
270.3333333333333,20.664636003679988,3.28555847794149e-20,0.7212313981006314
270.66666666666663,20.724863921225268,3.252524526063817e-20,0.7188312958330586
271.0,20.785190900112667,3.22009684190149e-20,0.7164391805872788
271.3333333333333,20.845617042987225,3.188263268504383e-20,0.7140550257842102
271.66666666666663,20.90614244944608,3.157011940307422e-20,0.7116788049332187
272.0,20.96676721602221,3.1263312754945485e-20,0.7093104916318256
272.3333333333333,21.02749143612541,3.0962099685925983e-20,0.7069500595654152
272.66666666666663,21.08831519992911,3.066636983289674e-20,0.7045974825069398
273.0,21.14923859419134,3.037601545472729e-20,0.7022527343166296
273.3333333333333,21.2102617025649,3.009093136359285e-20,0.6999157889417038
273.66666666666663,21.271384606253726,2.981101485758585e-20,0.6975866204160781
274.0,21.332607383085048,2.9536165658655285e-20,0.6952652028600779
274.3333333333333,21.393930107899433,2.926628584946628e-20,0.6929515104801517
274.66666666666663,21.455352852473887,2.900127981301856e-20,0.6906455175685822
275.0,21.516875685492572,2.8741054173898685e-20,0.6883471985032018
275.3333333333333,21.578498672561235,2.848551774112112e-20,0.6860565277471091
275.66666666666663,21.64022187624997,2.823458145253792e-20,0.683773479848383
276.0,21.702045356148744,2.798815832079793e-20,0.6814980294398005
276.3333333333333,21.763969168920234,2.7746163380835075e-20,0.6792301512385569
276.66666666666663,21.825993368334693,2.750851363886549e-20,0.6769698200459816
277.0,21.88811800527119,2.72751280228743e-20,0.6747170107472601
277.3333333333333,21.95034312766979,2.7045927334571793e-20,0.6724716983111554
277.66666666666663,22.01266878041946,2.6820834202798587e-20,0.6702338577897282
278.0,22.075095005165906,2.659977303836073e-20,0.6680034643180605
278.3333333333333,22.137621840429244,2.6382669989589008e-20,0.6657804931139801
278.66666666666663,22.200249322562698,2.6169452897693095e-20,0.663564919477784
279.0,22.262977484728594,2.5960051256770128e-20,0.661356718791964
279.3333333333333,22.325806357264227,2.575439617255291e-20,0.6591558665209352
279.66666666666663,22.388735967618345,2.5552420322956216e-20,0.6569623382107601
280.0,22.451766340317945,2.5354057919681757e-20,0.6547761094888793
280.3333333333333,22.514897496988542,2.51592446708071e-20,0.6525971560638406
280.66666666666663,22.57812945640777,2.496791774435609e-20,0.6504254537250278
281.0,22.64146223457184,2.4780015732849127e-20,0.6482609783423919
281.3333333333333,22.704895844754724,2.4595478618830828e-20,0.6461037058661853
281.66666666666663,22.768430297539844,2.4414247741372607e-20,0.6439536123266909
282.0,22.832065600803848,2.4236265763548492e-20,0.6418106738339582
282.3333333333333,22.89580175963233,2.4061476640881754e-20,0.6396748665775381
282.66666666666663,22.959638776147255,2.388982559075983e-20,0.6375461668262166
283.0,23.023576649285914,2.372125906273865e-20,0.6354245509277519
283.3333333333333,23.087615375806426,2.355572470805353e-20,0.6333099953086129
283.66666666666663,23.15175494981921,2.3393171351847025e-20,0.6312024764737151
284.0,23.215995362667936,2.3233548965760306e-20,0.6291019710061605
284.3333333333333,23.28033660302585,2.3076808640899558e-20,0.6270084555669786
284.66666666666663,23.34477865683081,2.2922902561740998e-20,0.6249219068948648
285.0,23.409321507292862,2.2771783980661052e-20,0.6228423018059233
285.3333333333333,23.473965134948426,2.2623407193099228e-20,0.6207696171934098
285.66666666666663,23.53870951773517,2.2477727513361193e-20,0.6187038300274741
286.0,23.603554631061314,2.2334701251070372e-20,0.6166449173549035
286.3333333333333,23.66850044784343,2.219428568827551e-20,0.6145928562988701
286.66666666666663,23.733546938486846,2.2056439057221833e-20,0.6125476240586741
287.0,23.798694070782325,2.1921120518793973e-20,0.6105091979094915
287.3333333333333,23.863941809693205,2.1788290141638253e-20,0.6084775552021227
287.66666666666663,23.929290117187758,2.1657908881792908e-20,0.6064526733627382
288.0,23.994738953408724,2.1529938561512483e-20,0.60443452989263
288.3333333333333,24.060288275854425,2.1404341850629212e-20,0.6024231023679617
288.66666666666663,24.12593803951533,2.128108224748996e-20,0.6004183684395175
289.0,24.19168819686259,2.1160124060479733e-20,0.598420305832455
289.3333333333333,24.257538697797884,2.1041432390082667e-20,0.5964288923460586
289.66666666666663,24.323489489681183,2.09249731113508e-20,0.5944441058534911
290.0,24.38954051740345,2.0810712856794932e-20,0.5924659243015483
290.3333333333333,24.455691723471332,2.069861899971117e-20,0.5904943257104157
290.66666666666663,24.521943048071126,2.0588659637956935e-20,0.5885292881734216
291.0,24.58829442907884,2.0480803578190584e-20,0.586570789856795
291.3333333333333,24.654745801983566,2.037502032058839e-20,0.5846188089994242
291.66666666666663,24.721297099691334,2.0271280044052535e-20,0.5826733239126123
292.0,24.78794825220596,2.016955359190141e-20,0.5807343129798381
292.3333333333333,24.854699187546014,2.00698124569621e-20,0.5788017546565165
292.66666666666663,24.921549831599734,1.9972028767859583e-20,0.576875627469757
293.0,24.988500107794675,1.9876175275851648e-20,0.5749559100181261
293.3333333333333,25.05554993722311,1.978222534160052e-20,0.5730425809714109
293.66666666666663,25.122699238558948,1.9690152922451585e-20,0.5711356190703799
294.0,25.189947928074968,1.95999325599772e-20,0.5692350031265474
294.3333333333333,25.257295919719354,1.9511539367803453e-20,0.5673407120219396
294.66666666666663,25.32474312521063,1.9424949019737702e-20,0.5654527247088578
295.0,25.392289454109694,1.9340137738215174e-20,0.5635710202096453
295.3333333333333,25.459934813827974,1.9257082283082467e-20,0.5616955776164558
295.66666666666663,25.527679109530805,1.9175759940735827e-20,0.5598263760910187
296.0,25.595522243894656,1.9096148513632434e-20,0.5579633948644084
296.3333333333333,25.663464116794938,1.9018226310118562e-20,0.5561066132368151
296.66666666666663,25.73150462649528,1.894197213356487e-20,0.5542560105773123
297.0,25.799643669063567,1.8867365272893394e-20,0.552411566323629
297.3333333333333,25.867881138325142,1.879438549303661e-20,0.5505732599819216
297.66666666666663,25.9362169258706,1.872301302556991e-20,0.5487410711265451
298.0,26.004650920991498,1.8653228559640224e-20,0.5469149793998264
298.3333333333333,26.07318301072209,1.858501323307254e-20,0.545094964511839
298.66666666666663,26.141813079936515,1.851834862367538e-20,0.5432810062401765
299.0,26.210541011450633,1.8453216740766542e-20,0.5414730844297277
299.3333333333333,26.27936668607793,1.8389600016940157e-20,0.5396711789924549
299.66666666666663,26.348289982588923,1.832748130009606e-20,0.5378752699071675
300.0,26.417310777523276,1.8266843845752795e-20,0.5360853372193012
300.3333333333333,26.486428944803983,1.8207671309665293e-20,0.5343013610406975
300.66666666666663,26.555644356126784,1.8149947740229914e-20,0.53252332154938
301.0,26.624956881775752,1.8093657570846985e-20,0.5307511989893359
301.3333333333333,26.69436638968226,1.8038785613423586e-20,0.5289849736702967
301.66666666666663,26.76387274572122,1.7985317051381055e-20,0.5272246259675185
302.0,26.833475813577454,1.7933237433062066e-20,0.5254701363215636
302.3333333333333,26.90317545475674,1.7882532665246022e-20,0.5237214852380854
302.66666666666663,26.972971528681473,1.783318900679563e-20,0.521978653287609
303.0,27.042863892808857,1.7785193062458604e-20,0.5202416211053167
303.3333333333333,27.11285240270988,1.7738531776848273e-20,0.5185103693908337
303.66666666666663,27.182936912047346,1.7693192428626775e-20,0.5167848789080118
304.0,27.253117272390842,1.7649162624914833e-20,0.5150651304847165
304.3333333333333,27.323393332806965,1.7606430295951846e-20,0.5133511050126147
304.66666666666663,27.393764940055906,1.7564983689631016e-20,0.5116427834469611
305.0,27.46423193971905,1.7524811365753116e-20,0.5099401468063871
305.3333333333333,27.53479417509671,1.74859021914394e-20,0.5082431761726909
305.66666666666663,27.60545148753056,1.7448245336025908e-20,0.5065518526906254
306.0,27.67620371625368,1.741183026629687e-20,0.5048661575676899
306.3333333333333,27.747050698401516,1.7376646741786378e-20,0.5031860720739217
306.66666666666663,27.817992269120822,1.734268481016943e-20,0.5015115775416867
307.0,27.889028261701604,1.7309934802768807e-20,0.4998426553654727
307.3333333333333,27.960158507657233,1.727838733020406e-20,0.4981792870016831
307.66666666666663,28.031382836678038,1.7248033278208987e-20,0.49652145396843
308.0,28.102701076383198,1.721886380364398e-20,0.49486913784532893
308.3333333333333,28.17411305180606,1.719087033072589e-20,0.4932223202732955
308.66666666666663,28.245618586189547,1.7164044546859744e-20,0.49158098295433933
309.0,28.317217501365313,1.7138378398736577e-20,0.48994510765136207
309.3333333333333,28.388909617079324,1.7113864088965608e-20,0.4883146761879551
309.66666666666663,28.46069475114161,1.7090494072469498e-20,0.4866896704481963
310.0,28.532572719305094,1.706826105309015e-20,0.4850700723764492
310.3333333333333,28.604543335320177,1.7047157980234164e-20,0.4834558639771638
310.66666666666663,28.67660641107535,1.702717804558696e-20,0.4818470273146741
311.0,28.7487617567337,1.7008314679924553e-20,0.48024354451300044
311.3333333333333,28.821009180775597,1.6990561550051942e-20,0.4786453977556514
311.66666666666663,28.893348489857757,1.6973912555897078e-20,0.4770525692854239
312.0,28.965779488398585,1.6958361827789386e-20,0.4754650414042073
312.3333333333333,29.03830197824508,1.694390372379927e-20,0.4738827964727871
312.66666666666663,29.11091576032844,1.693053282647657e-20,0.47230581691064744
313.0,29.183620633559443,1.6918243940632152e-20,0.47073408519577675
313.3333333333333,29.25641639501697,1.6907032090756e-20,0.4691675838644737
313.66666666666663,29.32930283980309,1.689689251862173e-20,0.4676062955111515
314.0,29.402279761030385,1.6887820680933908e-20,0.4660502027881455
314.3333333333333,29.47534694995268,1.687981224701011e-20,0.46449928840552107
314.66666666666663,29.54850419613219,1.687286309652953e-20,0.4629535351308799
315.0,29.62175128753577,1.6866969317379883e-20,0.4614129257891695
315.3333333333333,29.69508801045333,1.6862127203634423e-20,0.45987744326249297
315.66666666666663,29.768514149131345,1.6858333253690754e-20,0.45834707048991724
316.0,29.842029485167988,1.685558416855599e-20,0.4568217904672845
316.3333333333333,29.915633799019016,1.685387684954822e-20,0.4553015862470236
316.66666666666663,29.989326869496672,1.6853208396690593e-20,0.4537864409379608
317.0,30.063108473574033,1.685357610708557e-20,0.45227633770513226
317.3333333333333,30.13697838632479,1.6854977473301718e-20,0.45077125976959825
317.66666666666663,30.210936380863387,1.6857410181833032e-20,0.44927119040825475
318.0,30.28498222847296,1.686087211157079e-20,0.44777611295364883
318.3333333333333,30.359115698794515,1.6865361332322838e-20,0.4462860107937938
318.66666666666663,30.433336559950636,1.6870876103415166e-20,0.44480086737198343
319.0,30.507644578476825,1.6877414872410602e-20,0.4433206661866087
319.3333333333333,30.582039518933833,1.6884976273979513e-20,0.44184539079097496
319.66666666666663,30.656521143223348,1.6893559128915522e-20,0.44037502479311796
320.0,30.73108921214204,1.690316244257765e-20,0.43890955185562236
320.3333333333333,30.805743484953055,1.691378540395295e-20,0.4374489556954409
320.66666666666663,30.880483719123532,1.692542738473592e-20,0.43599322008371216
321.0,30.95530967025876,1.693808793839879e-20,0.43454232884558075
321.3333333333333,31.030221092043014,1.6951766799322346e-20,0.4330962658600185
321.66666666666663,31.105217736390376,1.696646388192831e-20,0.43165501505964365
322.0,31.180299353656196,1.698217927985166e-20,0.4302185604305435
322.3333333333333,31.2554656927604,1.6998913265191144e-20,0.42878688601209675
322.66666666666663,31.33071650107367,1.7016666287876412e-20,0.42735997589679486
323.0,31.406051523917306,1.7035438975190032e-20,0.42593781423006605
323.3333333333333,31.481470503947143,1.705523213137338e-20,0.4245203852100999
323.66666666666663,31.55697318313149,1.7076046736605613e-20,0.4231076730876702
324.0,31.632559301693114,1.7097883946832173e-20,0.42169966216596094
324.3333333333333,31.70822859815784,1.7120745093355455e-20,0.4202963368003922
324.66666666666663,31.78398080918374,1.7144631682527474e-20,0.41889768139844524
325.0,31.85981566956628,1.7169545395452854e-20,0.41750368041949
325.3333333333333,31.93573291244081,1.719548808769407e-20,0.41611431837461266
325.66666666666663,32.011732269508265,1.722246178902131e-20,0.4147295798264427
326.0,32.08781347110977,1.7250468703249017e-20,0.4133494493889818
326.3333333333333,32.16397624597604,1.7279511208201495e-20,0.41197391172743364
326.66666666666663,32.24022032047751,1.7309591855849806e-20,0.4106029515580319
327.0,32.31654541881081,1.7340713372268632e-20,0.4092365536478716
327.3333333333333,32.39295126468206,1.7372878657273203e-20,0.4078747028147401
327.66666666666663,32.4694375798489,1.740609078487958e-20,0.4065173839269472
328.0,32.54600408440353,1.7440353003379525e-20,0.4051645819031578
328.3333333333333,32.622650496566244,1.7475668735583218e-20,0.4038162817122248
328.66666666666663,32.69937653281124,1.7512041579032768e-20,0.40247246837302086
329.0,32.77618190812852,1.7549475306231598e-20,0.40113312695427256
329.3333333333333,32.85306633621955,1.7587973864936418e-20,0.39979824257439533
329.66666666666663,32.93002952942439,1.7627541378558536e-20,0.39846780040132657
330.0,33.00707119817765,1.7668182146721058e-20,0.39714178565236147
330.3333333333333,33.084191050162964,1.7709900645932867e-20,0.3958201835939897
330.66666666666663,33.16138879246046,1.7752701529615938e-20,0.39450297954173
331.0,33.238664130632394,1.7796589628889673e-20,0.3931901588599682
331.3333333333333,33.316016768617075,1.7841569953215125e-20,0.39188170696179464
331.66666666666663,33.39344640854687,1.788764769109825e-20,0.3905776093088413
332.0,33.47095275076491,1.7934828210797803e-20,0.3892778514111205
332.3333333333333,33.548535494085634,1.798311706102595e-20,0.38798241882686496
332.66666666666663,33.62619433606529,1.8032519971693395e-20,0.3866912971623658
333.0,33.70392897304798,1.8083042854750612e-20,0.38540447207181316
333.3333333333333,33.78173909975341,1.8134691805177017e-20,0.3841219292571378
333.66666666666663,33.85962440823494,1.8187473102156107e-20,0.3828436544678504
334.0,33.93758458926858,1.824139320976025e-20,0.3815696335008845
334.3333333333333,34.015619332758455,1.829645877789897e-20,0.38029985220043894
334.66666666666663,34.093728326924776,1.8352676643586963e-20,0.3790342964578193
335.0,34.17191125828071,1.8410053832078615e-20,0.3777729522112817
335.3333333333333,34.25016781154647,1.846859755806652e-20,0.37651580544587776
335.66666666666663,34.328497669900734,1.852831522685583e-20,0.37526284219329686
336.0,34.406900515299675,1.8589214435571744e-20,0.3740140485317119
336.3333333333333,34.485376028594715,1.8651302974457775e-20,0.3727694105856254
336.66666666666663,34.56392388917956,1.8714588828322285e-20,0.3715289145257138
337.0,34.642543773906894,1.8779080178188662e-20,0.3702925465686746
337.3333333333333,34.72123535794821,1.88447854025808e-20,0.36906029297707377
337.66666666666663,34.799998316023895,1.8911713078777677e-20,0.3678321400591918
338.0,34.87883232113747,1.8979871984651483e-20,0.36660807416887237
338.3333333333333,34.957737044665784,1.904927110026146e-20,0.3653880817053711
338.66666666666663,35.03671215621404,1.9119919609549433e-20,0.36417214911320356
339.0,35.11575732387601,1.9191826902001572e-20,0.3629602628819948
339.3333333333333,35.1948722145912,1.926500257434055e-20,0.36175240954633014
339.66666666666663,35.274056494290576,1.9339456432312268e-20,0.3605485756856044
340.0,35.35330982752244,1.9415198492630952e-20,0.3593487479238732
340.3333333333333,35.43263187626532,1.949223898514368e-20,0.3581529129297051
340.66666666666663,35.512022300891154,1.9570588354603066e-20,0.35696105741603196
341.0,35.5914807614098,1.965025726243334e-20,0.35577316814000237
341.3333333333333,35.67100691617352,1.973125658907646e-20,0.35458923190283476
341.66666666666663,35.750600421933584,1.9813597436108313e-20,0.3534092355496697
342.0,35.83026093370916,1.9897291128448946e-20,0.35223316596942417
342.3333333333333,35.90998810509155,1.9982349216539148e-20,0.35106101009464674
342.66666666666663,35.989781588632425,2.0068783478555034e-20,0.34989275490137106
343.0,36.069641035964246,2.0156605922731885e-20,0.34872838740897155
343.3333333333333,36.1495660973014,2.0245828789868874e-20,0.34756789468002003
343.66666666666663,36.22955642008387,2.0336464556063532e-20,0.3464112638201408
344.0,36.3096116507489,2.0428525934871513e-20,0.34525848197786774
344.3333333333333,36.38973143511126,2.0522025879804817e-20,0.3441095363445022
344.66666666666663,36.46991541746649,2.0616977587147507e-20,0.3429644141539696
345.0,36.55016324047915,2.071339449866884e-20,0.3418231026826781
345.3333333333333,36.630474545154065,2.0811290304380864e-20,0.3406855892493777
345.66666666666663,36.71084897122019,2.091067894527442e-20,0.33955186121501846
346.0,36.79128615752772,2.1011574616113238e-20,0.33842190598261024
346.3333333333333,36.871785742059586,2.111399176836631e-20,0.3372957109970837
346.66666666666663,36.95234736115812,2.1217945113358695e-20,0.33617326374514955
347.0,37.03297064819452,2.132344962559603e-20,0.33505455175515986
347.3333333333333,37.113655236554834,2.143052054529505e-20,0.3339395625969702
347.66666666666663,37.1944007584468,2.1539173381809908e-20,0.3328282838818006
348.0,37.275206844692796,2.1649423916927512e-20,0.331720703262098
348.3333333333333,37.35607312444375,2.1761288208243856e-20,0.33061680843140023
348.66666666666663,37.43699922533399,2.1874782592521386e-20,0.32951658712419757
349.0,37.51798477395532,2.198992368905136e-20,0.32842002711579726
349.3333333333333,37.599029396199136,2.2106728403111096e-20,0.32732711622218835
349.66666666666663,37.68013271701537,2.2225213929606002e-20,0.32623784229990505
350.0,37.761294359136734,2.2345397756985663e-20,0.32515219324589234
350.3333333333333,37.84251394291013,2.2467297671013892e-20,0.3240701569973722
350.66666666666663,37.923791089261144,2.2590931757995135e-20,0.3229917215317083
351.0,38.00512541748969,2.271631840909171e-20,0.3219168748662731
351.3333333333333,38.08651654550968,2.2843476324234192e-20,0.32084560505831516
351.66666666666663,38.16796408959816,2.2972424516204457e-20,0.3197779002048254
352.0,38.24946766477533,2.3103182314671672e-20,0.3187137484424054
352.3333333333333,38.331026885320796,2.3235769370279497e-20,0.3176531379471361
352.66666666666663,38.41264136491765,2.337020565888542e-20,0.3165960569344454
353.0,38.49431071591601,2.350651148605257e-20,0.31554249365897763
353.3333333333333,38.576034547630194,2.3644707491812077e-20,0.31449243641446367
353.66666666666663,38.65781246924702,2.3784814654604762e-20,0.3134458735335898
354.0,38.739644089252764,2.3926854295988387e-20,0.31240279338786875
354.3333333333333,38.82152901483485,2.407084808543462e-20,0.3113631843875106
354.66666666666663,38.903466851597706,2.4216818045151196e-20,0.3103270349812934
355.0,38.98545720371641,2.4364786554905257e-20,0.30929433365643516
355.3333333333333,39.06749967450178,2.4514776356854755e-20,0.3082650689384664
355.66666666666663,39.149593866806434,2.4666810560501453e-20,0.30723922939110176
356.0,39.231739382701036,2.482091264787826e-20,0.3062168036161133
356.3333333333333,39.31393582185126,2.4977106479084335e-20,0.3051977802532045
356.66666666666663,39.396182781963795,2.5135416297508775e-20,0.3041821479798828
357.0,39.47847986141834,2.529586673472141e-20,0.30316989551133466
357.3333333333333,39.56082665714167,2.5458482816393e-20,0.30216101160030023
357.66666666666663,39.643222764698606,2.5623289967881166e-20,0.30115548503694783
358.0,39.72566777813336,2.5790314019964623e-20,0.3001533046487495
358.3333333333333,39.80816129049562,2.595958121454405e-20,0.2991544593003577
358.66666666666663,39.89070289441379,2.6131118210437413e-20,0.2981589378934803
359.0,39.973292182076925,2.6304952089396725e-20,0.29716672936675786
359.3333333333333,40.05592874398772,2.648111036247414e-20,0.2961778226956414
359.66666666666663,40.138612167598254,2.6659620976519662e-20,0.29519220689226866
360.0,40.22134204146899,2.6840512319699225e-20,0.2942098710053426
360.3333333333333,40.30411795291616,2.7023813228408323e-20,0.29323080412001035
360.66666666666663,40.38693948807719,2.7209552993824165e-20,0.29225499535774063
361.0,40.469806231557556,2.73977613686559e-20,0.2912824338762037
361.3333333333333,40.55271776687159,2.7588468573853494e-20,0.2903131088691511
361.66666666666663,40.6356736771187,2.7781705305389264e-20,0.289347009566295
362.0,40.71867354518374,2.797750274125528e-20,0.28838412523318846
362.3333333333333,40.80171695275038,2.817589254882071e-20,0.2874244451711072
362.66666666666663,40.88480347825293,2.837690689252643e-20,0.2864679587169293
363.0,40.9679327007727,2.858057844052093e-20,0.2855146552430175
363.3333333333333,41.051104198757855,2.878694037245714e-20,0.28456452415710154
363.66666666666663,41.13431754954468,2.8996026387261974e-20,0.2836175549021594
364.0,41.21757232897964,2.9207870711021194e-20,0.28267373695630055
364.3333333333333,41.300868111770285,2.9422508104851275e-20,0.2817330598326495
364.66666666666663,41.384204472229946,2.963997387283e-20,0.28079551307922845
365.0,41.4675809846262,2.9860303870147343e-20,0.27986108627884143
365.3333333333333,41.55099722234305,3.0083534511639433e-20,0.27892976904895905
365.66666666666663,41.634452755555245,3.030970278076905e-20,0.27800155104160246
366.0,41.7179471546443,3.053884623759067e-20,0.2770764219432285
366.3333333333333,41.80147998987518,3.077100302762195e-20,0.27615437147461575
366.66666666666663,41.885050830445735,3.1006211890995025e-20,0.2752353893907494
367.0,41.968659244124076,3.1244512171647283e-20,0.27431946548070774
367.3333333333333,42.05230479754348,3.1485943826532025e-20,0.2734065895675493
367.66666666666663,42.13598705700582,3.173054743488481e-20,0.27249675150819896
368.0,42.21970558891843,3.1978364207728136e-20,0.27158994119333535
368.3333333333333,42.3034599589894,3.2229435997798343e-20,0.27068614854727924
368.66666666666663,42.387249729723614,3.2483805309992245e-20,0.26978536352788074
369.0,42.47107446373104,3.27415153107847e-20,0.26888757612640796
369.3333333333333,42.55493372378622,3.3002609838490643e-20,0.2679927763674364
369.66666666666663,42.63882707165103,3.32671334139596e-20,0.2671009543087372
370.0,42.722754067706504,3.353513125128854e-20,0.26621210004116697
370.3333333333333,42.80671427125688,3.380664926857321e-20,0.2653262036885584
370.66666666666663,42.890707241397386,3.408173409872732e-20,0.2644432554076094
371.0,42.97473253747941,3.4360433100576163e-20,0.26356324538777426
371.3333333333333,43.05878971820717,3.464279437043252e-20,0.2626861638511551
371.66666666666663,43.14287833896279,3.4928866754243636e-20,0.26181200105239244
372.0,43.22699795557922,3.521869985857478e-20,0.2609407472785571
372.3333333333333,43.31114812405344,3.5512344062652636e-20,0.2600723928490429
372.66666666666663,43.39532839943966,3.5809850530789213e-20,0.2592069281154582
373.0,43.479538335439386,3.6111271224874244e-20,0.25834434346151913
373.3333333333333,43.56377748479841,3.6416658916902937e-20,0.25748462930294325
373.66666666666663,43.648045400246005,3.6726067201604e-20,0.25662777608734194
374.0,43.732341634912444,3.703955050940173e-20,0.25577377429411496
374.3333333333333,43.81666574116127,3.735716411994754e-20,0.2549226144343451
374.66666666666663,43.90101726783516,3.7678964176225126e-20,0.25407428705069157
375.0,43.9853957650195,3.80050076972564e-20,0.25322878271728577
375.3333333333333,44.06980078266902,3.833535259237384e-20,0.25238609203962664
375.66666666666663,44.15423186986306,3.8670057675601304e-20,0.2515462056544756
376.0,44.238688574353475,3.900918268022058e-20,0.25070911422975295
376.3333333333333,44.32317044313959,3.9352788273354887e-20,0.24987480846443455
376.66666666666663,44.407677023468004,3.970093607071168e-20,0.2490432790884476
377.0,44.49220786308934,4.0053688651749836e-20,0.2482145168625681
377.3333333333333,44.57676250860439,4.0411109575537616e-20,0.24738851257831865
377.66666666666663,44.66134050307415,4.0773263397042915e-20,0.2465652570578652
378.0,44.745941391822946,4.1140215681862307e-20,0.24574474115391562
378.3333333333333,44.83056471952402,4.151203302317291e-20,0.24492695574961834
378.66666666666663,44.91521003000365,4.188878305836698e-20,0.24411189175846035
379.0,44.99987686582964,4.2270534486020856e-20,0.2432995401241665
379.3333333333333,45.08456476912694,4.265735708286983e-20,0.2424898918205995
379.66666666666663,45.16927328258453,4.304932172103638e-20,0.24168293785165856
380.0,45.25400194937488,4.3446500385811913e-20,0.24087866925118007
380.3333333333333,45.33875031070778,4.3848966194294187e-20,0.24007707708283824
380.66666666666663,45.42351790515097,4.425679341392788e-20,0.23927815244004505
381.0,45.50830427391654,4.4670057479983824e-20,0.23848188644585167
381.3333333333333,45.59310895723134,4.508883501541861e-20,0.23768827025285022
381.66666666666663,45.677931494383955,4.5513203850229293e-20,0.23689729504307472
382.0,45.76277142358474,4.594324304117768e-20,0.2361089520279034
382.3333333333333,45.84762828303337,4.637903289156578e-20,0.2353232324479617
382.66666666666663,45.9325016118058,4.6820654971403094e-20,0.23454012757302373
383.0,46.01739094916411,4.7268192138306306e-20,0.23375962870191608
383.3333333333333,46.10229583117777,4.7721728559405355e-20,0.2329817271624213
383.66666666666663,46.18721579376935,4.8181349732071707e-20,0.2322064143111808
384.0,46.27215037430457,4.86471425053686e-20,0.23143368153359928
384.3333333333333,46.3570991094332,4.911919510277832e-20,0.23066352024374925
384.66666666666663,46.442061534648815,4.9597597144919605e-20,0.229895921884275
385.0,46.52703718472737,5.008243967242926e-20,0.22913087792629785
385.3333333333333,46.612025594971364,5.057381516904226e-20,0.2283683798693218
385.66666666666663,46.69702630173946,5.107181758525905e-20,0.22760841924113817
386.0,46.78203884074076,5.1576542362986504e-20,0.22685098759773212
386.3333333333333,46.86706274378707,5.208808646098591e-20,0.2260960765231889
386.66666666666663,46.95209754533271,5.260654837830402e-20,0.2253436776295998
387.0,47.03714277971613,5.313202818045867e-20,0.22459378255696927
387.3333333333333,47.12219798060608,5.366462752553117e-20,0.22384638297312234
387.66666666666663,47.20726268053309,5.4204449690692633e-20,0.2231014705736114
388.0,47.29233641189026,5.475159959880317e-20,0.22235903708162422
388.3333333333333,47.377418708150664,5.530618384542394e-20,0.22161907424789237
388.66666666666663,47.46250910364936,5.586831072668343e-20,0.2208815738505989
389.0,47.54760713029724,5.643809026843135e-20,0.22014652769528714
389.3333333333333,47.63271231819842,5.701563425486555e-20,0.21941392761477038
389.66666666666663,47.71782420030733,5.760105625661201e-20,0.21868376546904
390.0,47.80294230889346,5.819447166144521e-20,0.21795603314517567
390.3333333333333,47.888066175283825,5.87959977047018e-20,0.21723072255725542
390.66666666666663,47.97319533004109,5.940575350009246e-20,0.21650782564626514
391.0,48.05832930435366,6.002386007072268e-20,0.21578733438000933
391.3333333333333,48.1434676308472,6.065044038082283e-20,0.21506924075302236
391.66666666666663,48.22860984202695,6.128561936868935e-20,0.21435353678647864
392.0,48.31375546630241,6.19295239808565e-20,0.21364021452810436
392.3333333333333,48.39890403458372,6.258228320395891e-20,0.2129292660520896
392.66666666666663,48.48405507830628,6.324402809952255e-20,0.21222068345899936
393.0,48.56920812836096,6.391489183912374e-20,0.21151445887568632
393.3333333333333,48.65436271455676,6.45950097400225e-20,0.21081058445520368
393.66666666666663,48.73951836669578,6.52845193009518e-20,0.21010905237671712
394.0,48.824674615977656,6.598356023844721e-20,0.2094098548454185
394.3333333333333,48.90983099479716,6.669227452428607e-20,0.20871298409243935
394.66666666666663,48.994987033034356,6.741080642459529e-20,0.20801843237476403
395.0,49.080142258886646,6.813930253832137e-20,0.207326191975144
395.3333333333333,49.16529620379389,6.887791183521204e-20,0.20663625520201231
395.66666666666663,49.25044839865482,6.96267856969817e-20,0.20594861438939768
396.0,49.33559837347222,7.038607795823507e-20,0.2052632618968394
396.3333333333333,49.42074565766214,7.115594494789162e-20,0.20458019010930298
396.66666666666663,49.505889781645166,7.19365455309576e-20,0.2038993914370947
397.0,49.59103027763063,7.272804115128905e-20,0.2032208583157778
397.3333333333333,49.676166677504966,7.353059587599268e-20,0.2025445832060886
397.66666666666663,49.7612985088137,7.434437644117821e-20,0.20187055859385214
398.0,49.8464253028119,7.51695522948519e-20,0.20119877698989905
398.3333333333333,49.93154659094864,7.600629564409542e-20,0.20052923092998257
398.66666666666663,50.016661904182406,7.685478150223655e-20,0.19986191297469502
399.0,50.10177077252309,7.77151877367797e-20,0.1991968157093855
399.3333333333333,50.1868727264424,7.858769511758291e-20,0.19853393174407777
399.66666666666663,50.271967298307075,7.947248736589316e-20,0.1978732537133875
400.0,50.35705402158576,8.036975120497144e-20,0.19721477427644077
400.3333333333333,50.442132426087255,8.127967641288063e-20,0.19655848611679286
400.66666666666663,50.52720204217965,8.220245587331851e-20,0.19590438194234625
401.0,50.612262402705454,8.313828562811074e-20,0.1952524544852699
401.3333333333333,50.69731304015176,8.408736493216194e-20,0.19460269650191894
401.66666666666663,50.782353486016405,8.504989630870522e-20,0.1939551007727534
402.0,50.86738327171572,8.602608560499115e-20,0.19330966010225847
402.3333333333333,50.952401930365944,8.701614204868056e-20,0.19266636731886466
402.66666666666663,51.03740899702291,8.802027830577733e-20,0.19202521527486766
403.0,51.122404004964174,8.903871054093314e-20,0.19138619684634917
403.3333333333333,51.207386484396004,9.007165847798414e-20,0.1907493049330981
403.66666666666663,51.29235597021797,9.111934545851092e-20,0.19011453245853094
404.0,51.37731199686496,9.218199850582993e-20,0.18948187236961356
404.3333333333333,51.462254098107906,9.325984838848011e-20,0.18885131763678314
404.66666666666663,51.54718180719117,9.435312968469178e-20,0.18822286125386936
405.0,51.632094658704055,9.546208084738807e-20,0.18759649623801697
405.3333333333333,51.71699218960036,9.65869442706687e-20,0.18697221562960847
405.66666666666663,51.80187393677693,9.772796635872733e-20,0.18635001249218608
406.0,51.88673943238244,9.88853975967984e-20,0.18572987991237513
406.3333333333333,51.97158821308509,1.0005949261835199e-19,0.18511181099980745
406.66666666666663,52.05641981599357,1.0125051027831115e-19,0.1844957988870442
407.0,52.141233777833065,1.0245871372643769e-19,0.18388183672949995
407.3333333333333,52.22602963451095,1.036843704818803e-19,0.1832699177053668
407.66666666666663,52.31080692286588,1.0492775250822297e-19,0.18266003501553807
408.0,52.395565182251175,1.061891362899569e-19,0.1820521818835331
408.3333333333333,52.480303953182855,1.0746880291145837e-19,0.1814463515554221
408.66666666666663,52.56502277164005,1.087670381390356e-19,0.18084253729975067
409.0,52.64972117599161,1.1008413249960688e-19,0.18024073240746522
409.3333333333333,52.73439870675625,1.1142038136355657e-19,0.17964093019183874
409.66666666666663,52.81905490421173,1.1277608502992535e-19,0.1790431239883959
410.0,52.90368930770027,1.1415154881250194e-19,0.17844730715483925
410.3333333333333,52.988301457090216,1.1554708312656706e-19,0.17785347307097585
410.66666666666663,53.0728908947452,1.1696300357701138e-19,0.17726161513864302
411.0,53.1574571650436,1.183996310490526e-19,0.1766717267816353
411.3333333333333,53.24199980882583,1.198572918026464e-19,0.17608380144563177
411.66666666666663,53.326518366788264,1.2133631756493366e-19,0.17549783259812254
412.0,53.41101238346645,1.2283704562414404e-19,0.17491381372833648
412.3333333333333,53.49548140323463,1.2435981892845273e-19,0.17433173834716925
412.66666666666663,53.57992496957845,1.259049861853433e-19,0.17375159998711054
413.0,53.664342626152745,1.2747290196195136e-19,0.17317339220217248
413.3333333333333,53.748733918996486,1.2906392678673497e-19,0.1725971085678184
413.66666666666663,53.83309839675421,1.306784272538732e-19,0.17202274268089074
414.0,53.917435605769846,1.3231677613178034e-19,0.17145028815954036
414.3333333333333,54.001745089888686,1.3397935247150533e-19,0.1708797386431557
414.66666666666663,54.086026398281646,1.356665417136387e-19,0.1703110877922918
415.0,54.17027907993774,1.3737873580295379e-19,0.16974432928859987
415.3333333333333,54.25450268313922,1.3911633330303023e-19,0.1691794568347576
415.66666666666663,54.33869675604694,1.4087973951239201e-19,0.16861646415439846
416.0,54.42286084905887,1.4266936658193963e-19,0.16805534499204233
416.3333333333333,54.50699451559096,1.4448563363527225e-19,0.16749609311302632
416.66666666666663,54.591097307929985,1.4632896689349553e-19,0.16693870230343474
417.0,54.67516877402498,1.4819979980182455e-19,0.16638316637003062
417.3333333333333,54.75920846819497,1.5009857315203368e-19,0.16582947914018686
417.66666666666663,54.84321594460629,1.520257352151647e-19,0.16527763446181742
418.0,54.92719075694641,1.5398174187383922e-19,0.16472762620330897
418.3333333333333,55.011132458560056,1.559670567566919e-19,0.16417944825345315
418.66666666666663,55.09504060488418,1.5798215137412017e-19,0.16363309452137811
419.0,55.178914754671325,1.6002750525713716e-19,0.16308855893648116
419.3333333333333,55.262754466444726,1.6210360610114371e-19,0.16254583544836143
419.66666666666663,55.34655929343082,1.6421094991305158e-19,0.16200491802675232
420.0,55.43032879533837,1.6635004115269612e-19,0.16146580066145455
420.3333333333333,55.51406253217931,1.6852139288580666e-19,0.16092847736226987
420.66666666666663,55.597760063620065,1.7072552693709554e-19,0.16039294215893374
421.0,55.68142094882594,1.7296297404583584e-19,0.1598591891010494
421.3333333333333,55.765044748936894,1.7523427402287892e-19,0.15932721225802204
421.66666666666663,55.84863102863816,1.7753997591106367e-19,0.15879700571899227
422.0,55.9321793530567,1.7988063815107677e-19,0.15826856359277078
422.3333333333333,56.01568928155108,1.8225682875197852e-19,0.15774188000777314
422.66666666666663,56.09916037970024,1.8466912545510937e-19,0.157216949111954
423.0,56.18259221395975,1.8711811591030572e-19,0.15669376507274235
423.3333333333333,56.265984350521414,1.8960439785317985e-19,0.156172322076977
423.66666666666663,56.349336354969324,1.9212857928518184e-19,0.15565261433084146
424.0,56.43264779478852,1.9469127865531434e-19,0.15513463605979977
424.3333333333333,56.51591824120483,1.9729312504560425e-19,0.1546183815085326
424.66666666666663,56.59914726636971,1.999347583626883e-19,0.15410384494087295
425.0,56.682334436412624,2.026168295352608e-19,0.15359102063974245
425.3333333333333,56.76547932339676,2.0534000070425004e-19,0.15307990290708814
425.66666666666663,56.84858150077368,2.08104945426038e-19,0.15257048606381884
426.0,56.93164054178402,2.1091234887780994e-19,0.15206276444974204
426.3333333333333,57.01465601899413,2.1376290806599194e-19,0.1515567324235014
426.66666666666663,57.09762750685199,2.1665733203664485e-19,0.15105238436251361
427.0,57.18055458373102,2.195963420900881e-19,0.150549714662906
427.3333333333333,57.26343682925352,2.225806720024375e-19,0.15004871773945472
427.66666666666663,57.34627381683042,2.256110682541677e-19,0.14954938802552203
428.0,57.429065125676715,2.286882902507744e-19,0.14905171997299477
428.3333333333333,57.51181033676326,2.318131105575253e-19,0.14855570805222298
428.66666666666663,57.594509030880886,2.3498631513734226e-19,0.14806134675195792
429.0,57.67716078811108,2.3820870359216702e-19,0.14756863057929104
429.3333333333333,57.75976519045863,2.4148108940664805e-19,0.14707755405959333
429.66666666666663,57.84232182404159,2.448043001966804e-19,0.14658811173645386
430.0,57.92483027640214,2.4817917796584203e-19,0.14610029817161949
430.3333333333333,58.00729012866784,2.516065793699902e-19,0.14561410794493465
430.66666666666663,58.089700967885506,2.5508737597320764e-19,0.1451295356542806
431.0,58.172062383044256,2.586224545194718e-19,0.14464657591551577
431.3333333333333,58.2543739629636,2.6221271720822446e-19,0.14416522336241597
431.66666666666663,58.33663529574543,2.658590819739714e-19,0.1436854726466145
432.0,58.41884597152323,2.695624827686463e-19,0.1432073184375428
432.3333333333333,58.50100558474075,2.73323869849606e-19,0.14273075542237162
432.66666666666663,58.583113731292265,2.771442100767425e-19,0.14225577830595132
433.0,58.6651700004155,2.8102448721886966e-19,0.14178238181075342
433.3333333333333,58.7471739876596,2.849657022504807e-19,0.1413105606768122
433.66666666666663,58.82912529050636,2.8896887366666853e-19,0.1408403096616656
434.0,58.91102350625752,2.930350378023908e-19,0.1403716235402975
434.3333333333333,58.99286823151679,2.971652491564666e-19,0.13990449710507963
434.66666666666663,59.074659065097876,3.0136058071889017e-19,0.13943892516571338
435.0,59.15639561033009,3.056221243047656e-19,0.13897490254917233
435.3333333333333,59.238077471857245,3.099509908988308e-19,0.13851242409964504
435.66666666666663,59.31970424740743,3.143483110103103e-19,0.13805148467847722
436.0,59.401275541676576,3.188152350169574e-19,0.13759207916411492
436.3333333333333,59.482790961087886,3.233529335306096e-19,0.13713420245204783
436.66666666666663,59.564250111851514,3.279625977671463e-19,0.1366778494547522
437.0,59.64565259953386,3.326454399220769e-19,0.13622301510163434
437.3333333333333,59.72699803216237,3.37402693550103e-19,0.1357696943389747
437.66666666666663,59.808286022485035,3.4223561395256793e-19,0.13531788212987123
438.0,59.88951618424036,3.471454785772963e-19,0.1348675734541835
438.3333333333333,59.970688124044294,3.521335874295854e-19,0.13441876330847727
438.66666666666663,60.051801456337955,3.5720126347117775e-19,0.13397144670596853
439.0,60.13285579690881,3.6234985304504936e-19,0.1335256186764681
439.3333333333333,60.21385076127314,3.67580726304206e-19,0.1330812742663267
439.66666666666663,60.29478596440371,3.728952776472395e-19,0.1326384085383797
440.0,60.37566102405863,3.782949261586813e-19,0.13219701657189203
440.3333333333333,60.456475562904906,3.837811160588061e-19,0.1317570934625042
440.66666666666663,60.53722920404923,3.8935531716804356e-19,0.13131863432217702
441.0,60.617921563451766,3.950190253829035e-19,0.1308816342791377
441.3333333333333,60.69855226581968,4.0077376313901814e-19,0.13044608847782588
441.66666666666663,60.779120936704686,4.0662107990504764e-19,0.13001199207883918
442.0,60.859627201298956,4.1256255267988775e-19,0.12957934025887974
442.3333333333333,60.94007068441165,4.185997864979178e-19,0.1291481282107008
442.66666666666663,61.02045101403221,4.247344149401335e-19,0.12871835114305288
443.0,61.1007678232059,4.309681006566769e-19,0.12829000428063075
443.3333333333333,61.18102074458907,4.373025359066433e-19,0.12786308286402057
443.66666666666663,61.2612094040596,4.437394431089031e-19,0.12743758214964654
444.0,61.341333436982836,4.502805753803812e-19,0.12701349740971854
444.3333333333333,61.42139247906153,4.56927717110246e-19,0.12659082393217966
444.66666666666663,61.50138616550748,4.636826845368204e-19,0.12616955702065352
445.0,61.58131413138636,4.705473263338619e-19,0.12574969199439223
445.3333333333333,61.66117601540201,4.775235242041304e-19,0.12533122418822468
445.66666666666663,61.74097146138605,4.846131934867994e-19,0.12491414895250419
446.0,61.82070011161119,4.918182837853786e-19,0.12449846165305711
446.3333333333333,61.900361602646065,4.991407796045451e-19,0.12408415767113155
446.66666666666663,61.979955580696725,5.065827009775612e-19,0.12367123240334559
447.0,62.059481692011154,5.1414610413311175e-19,0.12325968126163638
447.3333333333333,62.13893958214275,5.2183308216534145e-19,0.12284949967320935
447.66666666666663,62.21832889682627,5.2964576571434965e-19,0.12244068308048701
448.0,62.29764928594277,5.375863236558767e-19,0.12203322694105853
448.3333333333333,62.37690040445412,5.456569638078081e-19,0.12162712672762939
448.66666666666663,62.45608190423074,5.538599336610752e-19,0.12122237792797075
449.0,62.535193433454204,5.621975211150723e-19,0.12081897604486949
449.3333333333333,62.614234649188546,5.706720552112381e-19,0.12041691659607846
449.66666666666663,62.693205208609434,5.792859069063308e-19,0.12001619511426626
450.0,62.77210476791756,5.880414898515176e-19,0.11961680714696775
450.3333333333333,62.85093298392409,5.969412611824132e-19,0.11921874825653492
450.66666666666663,62.92968951812376,6.059877223209166e-19,0.11882201402008702
451.0,63.008374036872944,6.151834197975209e-19,0.11842660002946172
451.3333333333333,63.08698620171505,6.245309461022468e-19,0.1180325018911663
451.66666666666663,63.16552567304756,6.340329405339426e-19,0.11763971522632846
452.0,63.243992119094614,6.436920900588542e-19,0.1172482356706478
452.3333333333333,63.322385208180286,6.535111302076478e-19,0.11685805887434757
452.66666666666663,63.4007046074479,6.634928459814155e-19,0.11646918050212597
453.0,63.478949985187406,6.7364007276938e-19,0.11608159623310813
453.3333333333333,63.55712101490936,6.839556972816414e-19,0.1156953017607983
453.66666666666663,63.6352173745308,6.944426585069063e-19,0.11531029279303166
454.0,63.713238735379235,7.051039487031433e-19,0.11492656505192675
454.3333333333333,63.79118477063404,7.159426143787785e-19,0.11454411427383819
454.66666666666663,63.869055159950214,7.269617572982935e-19,0.11416293620930888
455.0,63.94684958297013,7.381645355232672e-19,0.11378302662302303
455.3333333333333,64.02456771807068,7.495541644660011e-19,0.11340438129375921
455.66666666666663,64.1022092454161,7.611339179561481e-19,0.11302699601434314
456.0,64.17977385088959,7.729071293264236e-19,0.1126508665916011
456.3333333333333,64.25726122401672,7.848771925287333e-19,0.11227598884631357
456.66666666666663,64.33467104611236,7.970475632870857e-19,0.1119023586131683
457.0,64.41200300364923,8.094217602322566e-19,0.11152997174071438
457.3333333333333,64.48925678791748,8.22003366080076e-19,0.1111588240913162
457.66666666666663,64.56643209002027,8.347960288400623e-19,0.11078891154110707
458.0,64.64352859985941,8.4780346304089655e-19,0.11042022997994369
458.3333333333333,64.72054600985771,8.610294509708526e-19,0.11005277531136061
458.66666666666663,64.79748401856904,8.74477843942359e-19,0.10968654345252433
459.0,64.8743423270364,8.881525635935632e-19,0.10932153033418815
459.3333333333333,64.95112062695446,9.02057603228991e-19,0.10895773190064711
459.66666666666663,65.02781861845162,9.161970291340258e-19,0.1085951441096926
460.0,65.10443600461113,9.305749819553481e-19,0.1082337629325676
460.3333333333333,65.18097248812461,9.451956781047162e-19,0.1078735843539221
460.66666666666663,65.25742777071311,9.600634111846125e-19,0.10751460437176812
461.0,65.33380155742441,9.751825534317197e-19,0.10715681899743543
461.3333333333333,65.4100935597068,9.905575571906622e-19,0.10680022425552743
461.66666666666663,65.48630348986889,1.0061929564327707e-18,0.10644481618387659
462.0,65.56243105069538,1.0220933683130748e-18,0.10609059083350064
462.3333333333333,65.63847595604321,1.0382634946975416e-18,0.1057375442685588
462.66666666666663,65.71443792094401,1.054708123778509e-18,0.10538567256630778
463.0,65.7903166598019,1.0714321317063816e-18,0.10503497181705831
463.3333333333333,65.86611188645483,1.0884404842484667e-18,0.10468543812413193
463.66666666666663,65.94182331891403,1.1057382384698197e-18,0.10433706760381728
464.0,66.01745068165519,1.1233305444518526e-18,0.10398985638532714
464.3333333333333,66.09299369782121,1.1412226470655362e-18,0.10364380061075563
464.66666666666663,66.16845208247138,1.1594198877762132e-18,0.103298896435035
465.0,66.24382556278795,1.177927706426045e-18,0.102955140025893
465.3333333333333,66.31911386597187,1.1967516431194707e-18,0.10261252756381055
465.66666666666663,66.39431671826891,1.2158973401224421e-18,0.10227105524197894
466.0,66.46943384593222,1.2353705437929947e-18,0.10193071926625769
466.3333333333333,66.54446498023546,1.2551771065396829e-18,0.10159151585513256
466.66666666666663,66.61940985870741,1.2753229888269701e-18,0.10125344123967323
467.0,66.69426821479149,1.2958142612464749e-18,0.10091649166349154
467.3333333333333,66.76903977738202,1.3166571066046111e-18,0.10058066338269996
467.66666666666663,66.84372428615826,1.3378578220138618e-18,0.10024595266586964
468.0,66.91832148077495,1.3594228210857368e-18,0.09991235579398909
468.3333333333333,66.99283109945954,1.3813586361452613e-18,0.09957986906042313
468.66666666666663,67.06725288117315,1.4036719204782681e-18,0.0992484887708712
469.0,67.14158657069841,1.4263694506147357e-18,0.09891821124332664
469.3333333333333,67.21583191852083,1.4494581286700946e-18,0.09858903280803584
469.66666666666663,67.28998866824257,1.4729449847641612e-18,0.0982609498074572
470.0,67.36405656320755,1.496837179436587e-18,0.09793395859622062
470.3333333333333,67.4380353555973,1.5211420061030405e-18,0.09760805554108716
470.66666666666663,67.51192479747046,1.5458668936060845e-18,0.09728323702090835
471.0,67.58572463918914,1.5710194087973048e-18,0.09695949942658613
471.3333333333333,67.65943463270148,1.5966072591547951e-18,0.09663683916103291
471.66666666666663,67.73305453647947,1.6226382954469589e-18,0.09631525263913122
472.0,67.80658411373616,1.6491205144675507e-18,0.09599473628769416
472.3333333333333,67.88002311830232,1.6760620618590401e-18,0.09567528654542572
472.66666666666663,67.9533713083599,1.7034712349104107e-18,0.09535689986288098
473.0,68.02662844863643,1.7313564854426813e-18,0.09503957270242683
473.3333333333333,68.09979430350218,1.7597264227773276e-18,0.09472330153820276
473.66666666666663,68.17286863561799,1.788589816746949e-18,0.09440808285608139
474.0,68.24585121017394,1.81795560074598e-18,0.09409391315362967
474.3333333333333,68.31874179943347,1.847832874840092e-18,0.09378078894006996
474.66666666666663,68.39154017896871,1.8782309089628662e-18,0.09346870673624107
475.0,68.46424611317146,1.9091591462084106e-18,0.09315766307455971
475.3333333333333,68.53685937525438,1.940627206077904e-18,0.09284765449898208
475.66666666666663,68.60937974246134,1.9726448878685593e-18,0.09253867756496521
476.0,68.6818069914058,2.00522217412943e-18,0.09223072883942886
476.3333333333333,68.75414089721724,2.038369234172043e-18,0.0919238049007174
476.66666666666663,68.82638123854693,2.0720964276283695e-18,0.09161790233856168
477.0,68.898527801464,2.106414308082436e-18,0.09131301775404113
477.3333333333333,68.97058037339366,2.141333626808223e-18,0.09100914775954623
477.66666666666663,69.04253872998937,2.176865336604944e-18,0.09070628897874052
478.0,69.11440265933581,2.2130205955749388e-18,0.09040443804652326
478.3333333333333,69.18617195116647,2.249810771099175e-18,0.09010359160899221
478.66666666666663,69.25784639429581,2.2872474438632374e-18,0.08980374632340604
479.0,69.32942577649013,2.325342411951868e-18,0.08950489885814732
479.3333333333333,69.40090989003409,2.3641076950009575e-18,0.08920704589268567
479.66666666666663,69.47229853472273,2.4035555384413427e-18,0.0889101841175406
480.0,69.54359150920044,2.4436984178715127e-18,0.08861431023424485
480.3333333333333,69.61478860153981,2.4845490435179838e-18,0.08831942095530786
480.66666666666663,69.68588961404281,2.5261203646485474e-18,0.088025513004179
481.0,69.75689434898598,2.5684255742254294e-18,0.08773258311521132
481.3333333333333,69.82780260736719,2.6114781136007978e-18,0.08744062803362533
481.66666666666663,69.89861418974563,2.6552916772934323e-18,0.08714964451547265
482.0,69.9693289021549,2.699880217836798e-18,0.08685962932760004
482.3333333333333,70.03994655794203,2.7452579507404675e-18,0.0865705792476136
482.66666666666663,70.11046696625202,2.7914393596073884e-18,0.0862824910638428
483.0,70.18088992917292,2.8384392013123546e-18,0.08599536157530477
483.3333333333333,70.25121526203337,2.886272511181204e-18,0.08570918759166903
483.66666666666663,70.3214427798298,2.934954608419831e-18,0.08542396593322164
484.0,70.39157229574533,2.984501101599594e-18,0.0851396934308301
484.3333333333333,70.46160362326535,3.0349278942306948e-18,0.08485636692590819
484.66666666666663,70.53153658222377,3.0862511904261668e-18,0.08457398327038068
485.0,70.60137099925747,3.138487500704894e-18,0.08429253932664846
485.3333333333333,70.67110669370234,3.1916536479795885e-18,0.0840120319675538
485.66666666666663,70.74074348230725,3.2457667735693367e-18,0.08373245807634531
486.0,70.81028119303876,3.300844343286633e-18,0.08345381454664352
486.3333333333333,70.87971965349604,3.3569041537681686e-18,0.08317609828240644
486.66666666666663,70.94905868906038,3.4139643388855055e-18,0.08289930619789486
487.0,71.01829812624372,3.472043376251282e-18,0.08262343521763832
487.3333333333333,71.0874377986633,3.5311600938395664e-18,0.08234848227640094
487.66666666666663,71.15647754590803,3.591333676775975e-18,0.08207444431914718
488.0,71.22541719747632,3.652583674342387e-18,0.08180131830100798
488.3333333333333,71.29425658490949,3.7149300069645865e-18,0.08152910118724707
488.66666666666663,71.36299554874834,3.778392973366604e-18,0.08125778995322702
489.0,71.43163392896628,3.8429932579569566e-18,0.08098738158437573
489.3333333333333,71.50017156315673,3.908751938320256e-18,0.08071787307615307
489.66666666666663,71.56860829091589,3.975690492816828e-18,0.08044926143401723
490.0,71.63694395955993,4.043830808324567e-18,0.08018154367339161
490.3333333333333,71.7051784212367,4.113195188186582e-18,0.07991471681963178
490.66666666666663,71.7733115157352,4.183806360402233e-18,0.07964877790799212
491.0,71.84134308938349,4.25568748575852e-18,0.07938372398359303
491.3333333333333,71.90927299516004,4.328862166237094e-18,0.0791195521013883
491.66666666666663,71.97710108522243,4.403354453635711e-18,0.078856259326132
492.0,72.0448272093814,4.479188858324368e-18,0.07859384273234613
492.3333333333333,72.11245122032548,4.556390358126606e-18,0.07833229940428811
492.66666666666663,72.17997297892168,4.634984407376701e-18,0.07807162643591826
493.0,72.24739234945318,4.7149969462250545e-18,0.07781182093086754
493.3333333333333,72.31470918228446,4.796454410212264e-18,0.07755288000240551
493.66666666666663,72.38192333833561,4.879383739746333e-18,0.07729480077340804
494.0,72.44903468286641,4.963812389977054e-18,0.07703758037632544
494.3333333333333,72.51604308005892,5.049768340863777e-18,0.07678121595315075
494.66666666666663,72.58294839192722,5.137280107412038e-18,0.0765257046553877
495.0,72.64975048420615,5.226376750057972e-18,0.07627104364401918
495.3333333333333,72.71644923111043,5.31708788526794e-18,0.07601723008947588
495.66666666666663,72.78304450863479,5.409443696436499e-18,0.07576426117160452
496.0,72.8495361781257,5.503474945072996e-18,0.07551213407963672
496.3333333333333,72.91592411470376,5.5992129818660114e-18,0.07526084601215785
496.66666666666663,72.98220819576714,5.6966897582728505e-18,0.07501039417707561
497.0,73.04838829738408,5.7959378382831824e-18,0.07476077579158923
497.3333333333333,73.11446429373026,5.8969904103895884e-18,0.07451198808215861
497.66666666666663,73.18043606348438,5.999881299735104e-18,0.07426402828447327
498.0,73.24630349396243,6.104644980522171e-18,0.07401689364342175
498.3333333333333,73.31206647247936,6.211316588778079e-18,0.07377058141306111
498.66666666666663,73.37772487182498,6.319931935422409e-18,0.07352508885658628
499.0,73.44327858076802,6.43052751920681e-18,0.07328041324629955
499.3333333333333,73.50872748872834,6.5431405403053424e-18,0.07303655186358063
499.66666666666663,73.57407148353376,6.657808914068922e-18,0.07279350199885605
500.0,73.63931045144568,6.7745712850279995e-18,0.0725512609515692
500.3333333333333,73.70444428392848,6.893467041108074e-18,0.0723098260301505
500.66666666666663,73.76947288112274,7.01453632816113e-18,0.07206919455198717
501.0,73.83439614133606,7.137820064921245e-18,0.0718293638433936
501.3333333333333,73.8992139492294,7.263359958267524e-18,0.07159033123958176
501.66666666666663,73.96392620657765,7.391198518380221e-18,0.07135209408463133
502.0,74.02853281472531,7.52137907466421e-18,0.07111464973146034
502.3333333333333,74.09303367313736,7.653945791841869e-18,0.0708779955417958
502.66666666666663,74.15742868004615,7.788943686338358e-18,0.07064212888614425
503.0,74.22171773949051,7.926418642923592e-18,0.07040704714376263
503.3333333333333,74.28590076414135,8.066417431732984e-18,0.0701727477026292
503.66666666666663,74.34997766306287,8.208987725791488e-18,0.06993922795941442
504.0,74.41394833308537,8.354178118843961e-18,0.06970648531945202
504.3333333333333,74.4778126883488,8.502038143127256e-18,0.06947451719671036
504.66666666666663,74.5415706420261,8.65261828801563e-18,0.06924332101376342
505.0,74.60522210509433,8.8059700188621e-18,0.0690128942017623
505.3333333333333,74.66876698760123,8.962145796177666e-18,0.06878323420040681
505.66666666666663,74.73220520589956,9.121199095120784e-18,0.06855433845791674
506.0,74.79553668489066,9.283184425438392e-18,0.06832620443100369
506.3333333333333,74.85876134427123,9.448157352000955e-18,0.06809882958484285
506.66666666666663,74.92187909312227,9.616174515641388e-18,0.06787221139304467
507.0,74.98488985739894,9.787293654008934e-18,0.06764634733762688
507.3333333333333,75.04779356198279,9.961573623394522e-18,0.06742123490898659
507.66666666666663,75.11059012923099,1.0139074420801967e-17,0.06719687160587227
508.0,75.17327948081123,1.0319857206405814e-17,0.06697325493535597
508.3333333333333,75.23586154508457,1.0503984326382108e-17,0.06675038241280579
508.66666666666663,75.2983362588839,1.0691519336275265e-17,0.06652825156185803
509.0,75.36070355256665,1.0882527025063075e-17,0.06630685991438982
509.3333333333333,75.42296334718193,1.1077073439530523e-17,0.06608620501049176
509.66666666666663,75.48511558019904,1.1275225908739695e-17,0.06586628439844038
510.0,75.54716018801295,1.1477053069584233e-17,0.06564709563467103
510.3333333333333,75.60909710422048,1.1682624892650984e-17,0.0654286362837508
510.66666666666663,75.67092626187632,1.1892012708527578e-17,0.06521090391835131
511.0,75.7326476010038,1.2105289234555305e-17,0.06499389611922178
511.3333333333333,75.79426107007185,1.2322528602214243e-17,0.06477761047516227
511.66666666666663,75.85576661022537,1.2543806385326483e-17,0.06456204458299669
512.0,75.91716415397633,1.2769199628592306e-17,0.06434719604754621
512.3333333333333,75.97845365012753,1.2998786876292206e-17,0.0641330624816028
512.6666666666666,76.03963504635666,1.3232648202223396e-17,0.06391964150590225
513.0,76.10070828735212,1.3470865240008684e-17,0.06370693074909825
513.3333333333333,76.16167331729109,1.371352121392573e-17,0.06349492784773586
513.6666666666666,76.22253008747604,1.396070097026463e-17,0.06328363044622494
514.0,76.28327855771448,1.4212491009426984e-17,0.0630730361968145
514.3333333333333,76.34391868011292,1.4468979518980307e-17,0.06286314275956631
514.6666666666666,76.40445039806711,1.4730256407100433e-17,0.06265394780232879
515.0,76.46487367151973,1.4996413336224714e-17,0.062445449000711445
515.3333333333333,76.52518845920294,1.5267543758138522e-17,0.06223764403805884
515.6666666666666,76.58539471674433,1.554374294950494e-17,0.062030530605424676
516.0,76.64549239915564,1.582510804800613e-17,0.06182410640154652
516.3333333333333,76.70548146860123,1.611173808910724e-17,0.06161836913282005
516.6666666666666,76.76536189591607,1.640373404368725e-17,0.06141331651327338
517.0,76.8251336443904,1.6701198856780066e-17,0.06120894626454201
517.3333333333333,76.88479666765816,1.700423748680496e-17,0.06100525611584336
517.6666666666666,76.94435093660456,1.731295694501001e-17,0.06080224380395134
518.0,77.003796420778,1.7627466336614536e-17,0.060599907073171574
518.3333333333333,77.06313308659335,1.7947876902466187e-17,0.06039824367531614
518.6666666666666,77.12236089959589,1.827430206142807e-17,0.06019725136967841
519.0,77.18147983236439,1.860685745349109e-17,0.05999692792300855
519.3333333333333,77.24048986641968,1.8945660983894722e-17,0.05979727110948848
519.6666666666666,77.2993909765061,1.9290832868536327e-17,0.059598278710706984
520.0,77.35818312579384,1.9642495680036592e-17,0.05939994851563543
520.3333333333333,77.41686629592158,2.0000774393947894e-17,0.059202278320603
520.6666666666666,77.47544046698793,2.036579643702533e-17,0.059005265929272036
521.0,77.53390561604978,2.0737691736074956e-17,0.058808909152614
521.3333333333333,77.5922617188853,2.111659276768408e-17,0.05861320580888498
521.6666666666666,77.65050875801515,2.150263460879377e-17,0.05841815372360123
522.0,77.70864672525352,2.1895954988434923e-17,0.05822375072951542
522.3333333333333,77.76667560706196,2.2296694340952736e-17,0.05802999466659234
522.6666666666666,77.82459537555317,2.270499586014873e-17,0.057836883381984734
523.0,77.88240602280766,2.3121005553400776e-17,0.05764441473000974
523.3333333333333,77.94010753920553,2.3544872298315967e-17,0.05745258657212486
523.6666666666666,77.99769991231172,2.3976747900025785e-17,0.05726139677690401
524.0,78.0551831278546,2.4416787149552496e-17,0.05707084322001424
524.3333333333333,78.1125571778076,2.4865147883147473e-17,0.0568809237841919
524.6666666666666,78.16982206381456,2.5321991042969082e-17,0.056691636359218964
525.0,78.22697778414907,2.5787480739468752e-17,0.056502978841899934
525.3333333333333,78.28402431982416,2.626178431505261e-17,0.056314949136038295
525.6666666666666,78.3409616725364,2.67450724075111e-17,0.05612754515241303
526.0,78.3977898427835,2.7237519016480224e-17,0.05594076480875579
526.3333333333333,78.45450882851661,2.7739301570676936e-17,0.055754606029727566
526.6666666666666,78.51111862516927,2.825060099642575e-17,0.05556906674689544
527.0,78.56761923367759,2.877160178730145e-17,0.05538414489870998
527.3333333333333,78.62401066496551,2.93024920753052e-17,0.05519983843048214
527.6666666666666,78.6802929290141,2.98434637039976e-17,0.055016145294360254
528.0,78.7364660162338,3.0394712303355596e-17,0.05483306344930765
528.3333333333333,78.79252993668447,3.0956437364211877e-17,0.05465059086107978
528.6666666666666,78.84848470086831,3.1528842316150995e-17,0.05446872550220144
529.0,78.90433031700522,3.211213460646205e-17,0.054287465351944626
529.3333333333333,78.96006679004795,3.270652578061335e-17,0.05410680839630584
529.6666666666666,79.01569412942806,3.3312231564019295e-17,0.05392675262798361
530.0,79.07121235471206,3.3929471945547067e-17,0.053747296046356495
530.3333333333333,79.12662148722698,3.455847126325488e-17,0.05356843665746069
530.6666666666666,79.1819215278028,3.5199458292385754e-17,0.053390172473967684
531.0,79.23711249328913,3.585266633289691e-17,0.05321250151516256
531.3333333333333,79.29219440407826,3.651833330063331e-17,0.05303542180692179
531.6666666666666,79.34716727852077,3.7196701820115004e-17,0.052858931381691114
532.0,79.40203113098265,3.7888019319060447e-17,0.05268302827846405
532.3333333333333,79.45678597898079,3.859253812442164e-17,0.05250771054275992
532.6666666666666,79.51143185001385,3.9310515560386885e-17,0.05233297622660197
533.0,79.56596877609903,4.004221404890959e-17,0.05215882338849605
533.3333333333333,79.62039676988334,4.078790121307194e-17,0.051985250093408895
533.6666666666666,79.67471585334837,4.1547849980244344e-17,0.05181225441274644
534.0,79.72892605659585,4.2322338688646356e-17,0.05163983442433273
534.3333333333333,79.7830274078949,4.311165119646896e-17,0.051467988212388405
534.6666666666666,79.83701993101194,4.391607699291765e-17,0.05129671386750922
535.0,79.89090365124088,4.4735911311051336e-17,0.05112600948664519
535.3333333333333,79.94467860326822,4.557145524283041e-17,0.050955873173079286
535.6666666666666,79.99834482884648,4.642301585701658e-17,0.05078630303640615
536.0,80.05190235393171,4.729090632048183e-17,0.05061729719251146
536.3333333333333,80.10535120420214,4.817544602005301e-17,0.050448853763550836
536.6666666666666,80.15869141920949,4.907696068691926e-17,0.05028097087792877
537.0,80.21192303675612,4.999578252504063e-17,0.050113646670278206
537.3333333333333,80.26504609008383,5.0932250341590834e-17,0.0499468792814396
537.6666666666666,80.31806061210787,5.188670967961044e-17,0.04978066685844015
538.0,80.37096664399115,5.2859512953113e-17,0.049615007554473484
538.3333333333333,80.42376423600766,5.385101958539144e-17,0.04944989952887904
538.6666666666666,80.47645342866427,5.486159615126203e-17,0.049285340947121385
539.0,80.5290342503187,5.589161652123099e-17,0.04912132998077019
539.3333333333333,80.5815067498217,5.69414620066239e-17,0.04895786480747976
539.6666666666666,80.63387097377868,5.801152151080287e-17,0.048794943610968596
540.0,80.68612696502962,5.910219168233425e-17,0.04863256458099956
540.3333333333333,80.73827476415588,6.021387707102021e-17,0.04847072591335958
540.6666666666666,80.79031441821074,6.134699028663845e-17,0.04830942580983949
541.0,80.84224598460864,6.250195216123976e-17,0.04814866247821429
541.3333333333333,80.89406951810864,6.367919191586325e-17,0.047988434132223146
541.6666666666666,80.94578505200249,6.487914733100117e-17,0.04782873899154935
542.0,80.99739264192313,6.610226491644501e-17,0.04766957528180086
542.3333333333333,81.04889234297144,6.734900008894536e-17,0.04751094123449043
542.6666666666666,81.1002842076529,6.861981735220712e-17,0.04735283508701579
543.0,81.15156828448853,6.991519048046532e-17,0.0471952550826404
543.3333333333333,81.20274462607303,7.123560270508942e-17,0.047038199470473746
543.6666666666666,81.25381329555952,7.25815469051241e-17,0.04688166650545176
544.0,81.3047743595041,7.395352580274481e-17,0.04672565444831771
544.3333333333333,81.3556278625376,7.535205216404902e-17,0.04657016156560274
544.6666666666666,81.4063738615132,7.677764899946225e-17,0.046415186129606455
545.0,81.45701242047981,7.82308497711822e-17,0.04626072641837802
545.3333333333333,81.50754360141501,7.971219860521078e-17,0.046106780715696884
545.6666666666666,81.55796746126111,8.122225050728295e-17,0.045953347311053556
546.0,81.60828405815582,8.276157158236353e-17,0.045800424499630905
546.3333333333333,81.6584934597631,8.43307392584612e-17,0.04564801058228505
546.6666666666666,81.70859574164659,8.593034251588678e-17,0.045496103865526355
547.0,81.75859096430312,8.756098212302294e-17,0.045344702661500896
547.3333333333333,81.80847918294027,8.922327087404472e-17,0.04519380528797158
547.6666666666666,81.85826047035202,9.091783383041249e-17,0.04504341006829925
548.0,81.90793489717156,9.264530857093324e-17,0.044893515331424425
548.3333333333333,81.95750252933851,9.440634544559142e-17,0.04474411941184853
548.6666666666666,82.00696343096904,9.620160783394205e-17,0.044595220649615276
549.0,82.0563176734099,9.803177240817389e-17,0.04444681739029248
549.3333333333333,82.10556533843945,9.989752940215699e-17,0.04429890798495356
549.6666666666666,82.15470650357793,1.0179958288777355e-16,0.04415149079015907
550.0,82.20374122413732,1.0373865105717453e-16,0.0440045641679387
550.3333333333333,82.25266957969566,1.0571546650443059e-16,0.04385812648577297
550.6666666666666,82.30149164837995,1.0773077652009455e-16,0.043712176116574915
551.0,82.35020750552894,1.0978534338948931e-16,0.04356671143867231
551.3333333333333,82.39881722211071,1.118799446970626e-16,0.04342173083578951
551.6666666666666,82.447320872946,1.1401537363583499e-16,0.04327723269702934
552.0,82.49571854360765,1.1619243932334845e-16,0.0431332154168555
552.3333333333333,82.54401032399045,1.1841196712563174e-16,0.04298967739507453
552.6666666666666,82.59219628178116,1.2067479899007574e-16,0.04284661703681796
553.0,82.6402764936457,1.229817937784687e-16,0.04270403275252484
553.3333333333333,82.6882510461665,1.2533382761036357e-16,0.04256192295792391
553.6666666666666,82.73612002379474,1.277317942149787e-16,0.0424202860740159
554.0,82.78388350551278,1.3017660528942367e-16,0.04227912052705624
554.3333333333333,82.83154157018242,1.3266919086303746e-16,0.04213842474853747
554.6666666666666,82.8790943055246,1.352104996687303e-16,0.04199819717517159
555.0,82.92654180876681,1.3780149952305595e-16,0.041858436248873074
555.3333333333333,82.9738841669957,1.4044317771676462e-16,0.041719140416741345
555.6666666666666,83.02112145058926,1.431365414115609e-16,0.041580308131043416
556.0,83.06825375460777,1.4588261803870933e-16,0.04144193784919694
556.3333333333333,83.1152811707867,1.4868245571492988e-16,0.04130402803375297
556.6666666666666,83.16220378716804,1.5153712366339633e-16,0.04116657715237872
557.0,83.20902168800399,1.544477126431492e-16,0.041029583677840785
557.3333333333333,83.25573496264568,1.5741533538595558e-16,0.040893046087988105
557.6666666666666,83.30234371153321,1.6044112704260713e-16,0.040756962865734846
558.0,83.34884803737756,1.6352624564064947e-16,0.04062133249904385
558.3333333333333,83.39524801820686,1.6667187255424322e-16,0.0404861534809097
558.6666666666666,83.44154374659104,1.698792129735165e-16,0.040351424309341806
559.0,83.48773532199993,1.7314949639074559e-16,0.04021714348734805
559.3333333333333,83.53382284165905,1.7648397709681298e-16,0.04008330952291795
559.6666666666666,83.57980639707391,1.798839346871176e-16,0.039949920929006
560.0,83.6256860800416,1.8335067457608675e-16,0.03981697622351537
560.3333333333333,83.67146199162856,1.8688552852176776e-16,0.03968447392928136
560.6666666666666,83.71713424226901,1.9048985516280417e-16,0.03955241257405479
561.0,83.76270293113868,1.941650405700978e-16,0.03942079069048597
561.3333333333333,83.80816814070121,1.9791249880703061e-16,0.03928960681610821
561.6666666666666,83.85352997881446,2.0173367249287938e-16,0.03915885949332146
562.0,83.89878854971873,2.0563003339027913e-16,0.039028547269376386
562.3333333333333,83.94394395384097,2.0960308299999974e-16,0.03889866869635811
562.6666666666666,83.98899628747921,2.13654353167733e-16,0.03876922233116994
563.0,84.03394565172724,2.1778540670145053e-16,0.03864020673551764
563.3333333333333,84.0787921588852,2.2199783800202872e-16,0.038511620475893314
563.6666666666666,84.12353592458572,2.2629327370980416e-16,0.03838346212355933
564.0,84.1681770398559,2.306733733684801e-16,0.03825573025453272
564.3333333333333,84.21271560674872,2.351398300895908e-16,0.03812842344956924
564.6666666666666,84.25715173698762,2.396943712383147e-16,0.03800154029414741
565.0,84.30148554002295,2.443387591355636e-16,0.03787507937845315
565.3333333333333,84.34571711935381,2.490747917731031e-16,0.03774903929736391
565.6666666666666,84.38984657760817,2.539043035411357e-16,0.037623418650432956
566.0,84.43387402590166,2.5882916596985987e-16,0.03749821604187408
566.3333333333333,84.47779958578934,2.638512884881271e-16,0.03737343008054595
566.6666666666666,84.52162337212506,2.6897261920227874e-16,0.0372490593799365
567.0,84.56534547550265,2.741951456909828e-16,0.03712510255814783
567.3333333333333,84.60896601412946,2.7952089579998586e-16,0.03700155823788068
567.6666666666666,84.65248510359568,2.849519384727172e-16,0.03687842504641902
568.0,84.69590285659164,2.904903845911988e-16,0.036755701615615075
568.3333333333333,84.73921938043162,2.9613838783468894e-16,0.03663338658187393
568.6666666666666,84.7824347851703,3.0189814555304767e-16,0.03651147858613831
569.0,84.82554919161667,3.0777189965816756e-16,0.036389976273873734
569.3333333333333,84.86856272765495,3.1376193753708666e-16,0.03626887829505329
569.6666666666666,84.91147550205488,3.1987059299013e-16,0.03614818330414255
570.0,84.95428761872219,3.26100247177e-16,0.036027889960084866
570.3333333333333,84.9969992012676,3.3245332957976877e-16,0.03590799692628632
570.6666666666666,85.03961037039987,3.389323189985629e-16,0.035788502870600786
571.0,85.08212124156479,3.4553974456276643e-16,0.03566940646531534
571.3333333333333,85.12453192673708,3.5227818676139753e-16,0.035550706387135415
571.6666666666666,85.16684254382815,3.591502784923052e-16,0.03543240131716994
572.0,85.20905322222367,3.661587061343144e-16,0.03531448994091696
572.3333333333333,85.25116409296417,3.733062106465087e-16,0.035196970948248904
572.6666666666666,85.29317526008295,3.805955886961782e-16,0.0350798430333979
573.0,85.33508684262779,3.8802969378713723e-16,0.034963104894941505
573.3333333333333,85.37689896758866,3.956114374273247e-16,0.034846755235788125
573.6666666666666,85.41861175963875,4.033437903215617e-16,0.0347307927631625
574.0,85.46022533713362,4.112297835873218e-16,0.03461521618859156
574.3333333333333,85.50173981727494,4.192725099919158e-16,0.03450002422788999
574.6666666666666,85.54315532563476,4.2747512521363984e-16,0.03438521560114585
575.0,85.58447199866733,4.358408491316701e-16,0.03427078903270659
575.3333333333333,85.62568996783608,4.443729671495641e-16,0.03415674325116476
575.6666666666666,85.6668093370032,4.530748315484541e-16,0.03404307698934375
576.0,85.70783023736494,4.619498628390749e-16,0.033929788984283976
576.3333333333333,85.74875279922367,4.710015511729726e-16,0.033816877977228696
576.6666666666666,85.78957715034528,4.802334577733029e-16,0.03370434271360992
577.0,85.83030341229205,4.896492163959723e-16,0.03359218194303471
577.3333333333333,85.87093170765502,4.992525348160916e-16,0.03348039441927118
577.6666666666666,85.9114621690176,5.090471963444815e-16,0.033368978900234485
578.0,85.95189493840068,5.190370613797798e-16,0.033257934147973324
578.3333333333333,85.99223014593892,5.292260690017894e-16,0.033147258928656005
578.6666666666666,86.03246790047423,5.396182385922655e-16,0.03303695201255666
579.0,86.07260834063091,5.502176714629128e-16,0.03292701217404178
579.3333333333333,86.11265160037168,5.610285525543357e-16,0.03281743819155651
579.6666666666666,86.15259781027719,5.720551521552985e-16,0.032708228847610966
580.0,86.19244709531348,5.833018276586527e-16,0.0325993829287669
580.3333333333333,86.23219958323972,5.947730253481385e-16,0.03249089922562413
580.6666666666666,86.27185541275114,6.064732822224081e-16,0.03238277653280698
581.0,86.31141473023902,6.184072278627171e-16,0.03227501364895114
581.3333333333333,86.35087766416416,6.3057958635077e-16,0.032167609376690144
581.6666666666666,86.39024433152657,6.429951782094115e-16,0.03206056252264202
582.0,86.429514874368,6.556589223685605e-16,0.03195387189739621
582.3333333333333,86.4686894307145,6.685758382049656e-16,0.03184753631550026
582.6666666666666,86.50776813394248,6.817510476108858e-16,0.031741554595446544
583.0,86.54675111243726,6.951897771045643e-16,0.031635925559659335
583.3333333333333,86.58563849860676,7.088973599788371e-16,0.031530648034481634
583.6666666666666,86.624430436271,7.228792384953657e-16,0.031425720850162
584.0,86.66312707544887,7.371409661319811e-16,0.03132114284084179
584.3333333333333,86.70172854435754,7.516882098902625e-16,0.03121691284454208
584.6666666666666,86.74023496683039,7.665267526231844e-16,0.03111302970315066
585.0,86.77864648792668,7.816624954067069e-16,0.031009492262409368
585.3333333333333,86.81696324928228,7.971014599900574e-16,0.030906299371901164
585.6666666666666,86.85518538714334,8.128497912847506e-16,0.03080344988503725
586.0,86.89331303316236,8.289137599022851e-16,0.030700942659044515
586.3333333333333,86.93134632367831,8.452997647385405e-16,0.030598776554952772
586.6666666666666,86.96928540664948,8.620143356135881e-16,0.030496950437581966
587.0,87.00713043540782,8.790641359756188e-16,0.030395463175529772
587.3333333333333,87.04488153967485,8.964559656769317e-16,0.03029431364115894
587.6666666666666,87.08253884782499,9.141967637708493e-16,0.030193500710584652
588.0,87.1201025080197,9.322936113682183e-16,0.03009302326366222
588.3333333333333,87.15757266513731,9.507537345835225e-16,0.029992880183974575
588.6666666666666,87.19494945840094,9.69584507529438e-16,0.02989307035881973
589.0,87.23223302247642,9.887934553695115e-16,0.02979359267919864
589.3333333333333,87.26942349680836,1.0083882574274584e-15,0.029694446039802758
589.6666666666666,87.30652103251866,1.0283767503632122e-15,0.02959562933900167
590.0,87.3435257861913,1.0487669314258596e-15,0.029497141478831052
590.3333333333333,87.38043789087867,1.0695669617929198e-15,0.02939898136498037
590.6666666666666,87.41725747694609,1.0907851699370284e-15,0.029301147906780612
591.0,87.45398469576554,1.1124300550611367e-15,0.029203640017192382
591.3333333333333,87.49061969519124,1.1345102906439185e-15,0.029106456612793714
591.6666666666666,87.52716261756129,1.1570347280424814e-15,0.029009596613767938
592.0,87.56361360029146,1.1800124001659751e-15,0.02891305894389188
592.3333333333333,87.59997278508057,1.2034525252172063e-15,0.0288168425305238
592.6666666666666,87.6362403252135,1.2273645105140711e-15,0.028720946304591388
593.0,87.67241638044871,1.2517579564026063e-15,0.028625369200580064
593.3333333333333,87.7085010892448,1.2766426602734124e-15,0.028530110156521057
593.6666666666666,87.74449458118517,1.3020286206215475e-15,0.0284351681139795
594.0,87.7803970110847,1.327926041170859e-15,0.028340542018042862
594.3333333333333,87.81620852942163,1.3543453351447201e-15,0.028246230817309138
594.6666666666666,87.85192928183143,1.3812971295999942e-15,0.028152233463875062
595.0,87.88755940831363,1.4087922698496062e-15,0.02805854891332466
595.3333333333333,87.92309905203253,1.4368418239661098e-15,0.027965176124717554
595.6666666666666,87.95854836736756,1.4654570873800236e-15,0.027872114060577283
596.0,87.9939075168687,1.4946495875866982e-15,0.027779361686879993
596.3333333333333,88.0291766467726,1.5244310889757302e-15,0.027686917973042832
596.6666666666666,88.06435588318887,1.5548135977361826e-15,0.027594781891912404
597.0,88.0994453846623,1.5858093668001523e-15,0.027502952419753562
597.3333333333333,88.13444530370403,1.6174309009925394e-15,0.027411428536237924
597.6666666666666,88.1693557894582,1.6496909622433674e-15,0.027320209224432446
598.0,88.20417698454571,1.6826025749141527e-15,0.027229293470788313
598.3333333333333,88.23890903298715,1.716179031220071e-15,0.027138680265129576
598.6666666666666,88.27355208913043,1.7504338967638898e-15,0.02704836860064185
599.0,88.30810631741382,1.7853810161977197e-15,0.026958357473861293
599.3333333333333,88.34257187279606,1.8210345190289595e-15,0.02686864588466338
599.6666666666666,88.37694888007785,1.8574088255477426e-15,0.026779232836251696
600.0,88.41123749763756,1.8945186527638244e-15,0.02669011733514703
600.3333333333333,88.44543788042415,1.932379020603356e-15,0.026601298391176267
600.6666666666666,88.4795501812229,1.9710052581843358e-15,0.026512775017461274
601.0,88.51357454559792,2.0104130102319714e-15,0.026424546230408127
601.3333333333333,88.54751111815068,2.0506182436090415e-15,0.026336611049696094
601.6666666666666,88.5813600521254,2.0916372539771802e-15,0.02624896849826665
602.0,88.61512151237395,2.1334866726078417e-15,0.02616161760231279
602.3333333333333,88.64879566169274,2.1761834733620896e-15,0.02607455739126814
602.6666666666666,88.68238263016534,2.2197449798423646e-15,0.02598778689779607
603.0,88.71588256913313,2.2641888725570737e-15,0.025901305157779112
603.3333333333333,88.74929563697788,2.309533196345182e-15,0.02581511121030819
603.6666666666666,88.78262198988405,2.3557963679465422e-15,0.025729204097671828
604.0,88.8158617769622,2.402997183726661e-15,0.025643582865345703
604.3333333333333,88.84901514362821,2.4511548275451397e-15,0.02555824656198193
604.6666666666666,88.8820822412406,2.500288878776448e-15,0.025473194239398433
605.0,88.9150632331953,2.5504193205049604e-15,0.02538842495256855
605.3333333333333,88.94795828767776,2.6015665479166527e-15,0.02530393775961048
605.6666666666666,88.98076754783123,2.6537513769083132e-15,0.025219731721776707
606.0,89.01349115171016,2.7069950527799937e-15,0.02513580590344375
606.3333333333333,89.04612926220393,2.7613192590931628e-15,0.02505215937210168
606.6666666666666,89.07868203764593,2.816746126822321e-15,0.024968791198343675
607.0,89.1111496313818,2.873298243648674e-15,0.02488570045585587
607.3333333333333,89.14353219051375,2.930998663446e-15,0.02480288622140696
607.6666666666666,89.17582986436128,2.9898709159424967e-15,0.02472034757483788
608.0,89.20804281303,3.0499390165842987e-15,0.02463808359905173
608.3333333333333,89.24017120648078,3.1112274766268792e-15,0.024556093380003523
608.6666666666666,89.27221520449021,3.17376131348004e-15,0.02447437600668992
609.0,89.3041749348842,3.237566061270969e-15,0.0243929305711393
609.3333333333333,89.33605056073182,3.302667781428983e-15,0.024311756168401564
609.6666666666666,89.36784224163803,3.369093073728843e-15,0.024230851896538015
610.0,89.39955013538467,3.4368690874755322e-15,0.024150216856611496
610.3333333333333,89.43117439221383,3.5060235329417135e-15,0.024069850152676313
610.6666666666666,89.4627151602283,3.576584693013043e-15,0.023989750891768212
611.0,89.49417259507926,3.6485814350653575e-15,0.023909918183894603
611.3333333333333,89.52554686452932,3.722043223104478e-15,0.023830351142024607
611.6666666666666,89.55683813847942,3.797000130198749e-15,0.02375104888207911
612.0,89.58804655710789,3.873482851228778e-15,0.0236720105229211
612.3333333333333,89.61917226523971,3.951522715724671e-15,0.023593235186345797
612.6666666666666,89.65021542727996,4.031151701028137e-15,0.023514721997070828
613.0,89.68117620392346,4.1124024458255476e-15,0.023436470082726632
613.3333333333333,89.71205475010451,4.195308263916853e-15,0.023358478573846722
613.6666666666666,89.7428512146689,4.2799031582617626e-15,0.023280746603857917
614.0,89.77356574901333,4.366221835290665e-15,0.023203273309070894
614.3333333333333,89.80419851548176,4.454299719516372e-15,0.023126057828670492
614.6666666666666,89.83474968630804,4.544172968482028e-15,0.023049099304706083
615.0,89.86521942389385,4.635878488080472e-15,0.02297239688208219
615.3333333333333,89.89560785687732,4.7294539482053095e-15,0.022895949708548913
615.6666666666666,89.92591514934682,4.824937798434716e-15,0.02281975693469237
616.0,89.95614146287058,4.922369284383195e-15,0.02274381771392543
616.3333333333333,89.98628695744426,5.021788464273059e-15,0.022668131202478212
616.6666666666666,90.01635178540431,5.12323622588004e-15,0.022592696559388656
617.0,90.04633609593552,5.226754303790578e-15,0.022517512946493304
617.3333333333333,90.07624004469335,5.332385297001425e-15,0.022442579528417935
617.6666666666666,90.10606379953538,5.440172686903047e-15,0.02236789547256819
618.0,90.13580753335582,5.5501608556882915e-15,0.02229345994912049
618.3333333333333,90.16547139504497,5.662395105228652e-15,0.022219272131012713
618.6666666666666,90.19505552078402,5.776921676189014e-15,0.022145331193934963
619.0,90.22456007893406,5.893787767422244e-15,0.022071636316320534
619.3333333333333,90.2539852311218,6.013041556078091e-15,0.021998186679336718
619.6666666666666,90.28333113536203,6.134732217986226e-15,0.021924981466875635
620.0,90.31259794233338,6.258909948487497e-15,0.021852019865545306
620.3333333333333,90.34178580257206,6.385625983651772e-15,0.021779301064660545
620.6666666666666,90.37089487578618,6.514932621931157e-15,0.021706824256233877
621.0,90.39992533349276,6.646883246297353e-15,0.02163458863496671
621.3333333333333,90.4288773461803,6.78153234691307e-15,0.021562593398240317
621.6666666666666,90.45775105046361,6.918935544366693e-15,0.021490837746106824
622.0,90.48654659675746,7.05914961302657e-15,0.021419320881280502
622.3333333333333,90.51526415045413,7.202232505103102e-15,0.021348042009128803
622.6666666666666,90.543903873839,7.348243375290676e-15,0.021277000337663478
623.0,90.57246592297635,7.49724260587519e-15,0.02120619507753192
623.3333333333333,90.60095044767911,7.649291832343061e-15,0.021135625442008303
623.6666666666666,90.62935760002584,7.804453969480442e-15,0.021065290646984796
624.0,90.65768754283846,7.962793238020095e-15,0.02099518991096298
624.3333333333333,90.68594044953439,8.124375191894707e-15,0.020925322455045085
624.6666666666666,90.71411648676698,8.289266746154096e-15,0.020855687502925283
625.0,90.74221578441536,8.457536205531822e-15,0.02078628428088119
625.3333333333333,90.77023850237707,8.629253293088795e-15,0.020717112017765202
625.6666666666666,90.79818480418994,8.804489179964786e-15,0.020648169944995864
626.0,90.82605485172525,8.983316515632253e-15,0.020579457296549454
626.3333333333333,90.85384879954772,9.165809458803764e-15,0.02051097330895142
626.6666666666666,90.88156679699523,9.352043708930543e-15,0.020442717221267812
627.0,90.9092089972398,9.542096538315903e-15,0.020374688275096982
627.3333333333333,90.93677556495756,9.736046824912937e-15,0.020306885714561067
627.6666666666666,90.96426667423505,9.933975085874189e-15,0.020239308786297545
628.0,90.99168248833932,1.0135963511920902e-14,0.020171956739450988
628.3333333333333,91.01902313433965,1.034209600246196e-14,0.020104828825664642
628.6666666666666,91.04628877677374,1.0552458200813327e-14,0.020037924299072064
629.0,91.07347957806263,1.076713753088779e-14,0.019971242416288962
629.3333333333333,91.10059569947819,1.098622323439015e-14,0.019904782436404866
629.6666666666666,91.12763729459694,1.1209806408857869e-14,0.01983854362097482
630.0,91.15460451231533,1.143798004641875e-14,0.019772525234011334
630.3333333333333,91.18149750605649,1.1670839073314948e-14,0.01970672654197611
630.6666666666666,91.20831644101145,1.1908480390273166e-14,0.019641146813771854
631.0,91.23506149125829,1.2151002913800923e-14,0.019575785320734267
631.3333333333333,91.2617328186024,1.239850761849085e-14,0.019510641336623884
631.6666666666666,91.2883305488012,1.2651097580226745e-14,0.019445714137617948
632.0,91.31485484723716,1.2908878019531714e-14,0.01938100300230249
632.3333333333333,91.3413058757313,1.3171956346746342e-14,0.019316507211664252
632.6666666666666,91.36768379513997,1.3440442207798226e-14,0.019252226049082628
633.0,91.39398875855328,1.3714447531024135e-14,0.01918815880032184
633.3333333333333,91.4202209142815,1.3994086574877786e-14,0.019124304753522933
633.6666666666666,91.44638041498585,1.4279475976582664e-14,0.019060663199195794
634.0,91.47246742501422,1.457073480182419e-14,0.018997233430211414
634.3333333333333,91.49848211800312,1.4867984595578218e-14,0.018934014741793948
634.6666666666666,91.52442465680747,1.517134943417024e-14,0.018871006431512828
635.0,91.55029516656883,1.5480955978483445e-14,0.018808207799275098
635.3333333333333,91.57609380996429,1.5796933527340896e-14,0.018745618147317546
635.6666666666666,91.60182074871886,1.611941407306974e-14,0.018683236780198915
636.0,91.62747614351507,1.6448532357864006e-14,0.018621063004792274
636.3333333333333,91.6530601475063,1.6784425931422056e-14,0.018559096130277286
636.6666666666666,91.67857290832266,1.712723520968918e-14,0.018497335468132443
637.0,91.70401457688175,1.747710353475751e-14,0.018435780332127543
637.3333333333333,91.72938531528457,1.783417723603806e-14,0.018374430038316028
637.6666666666666,91.75468529607687,1.819860569281661e-14,0.01831328390502729
638.0,91.7799146851554,1.8570541398305057e-14,0.018252341252859235
638.3333333333333,91.80507360969686,1.89501400251999e-14,0.018191601404670688
638.6666666666666,91.83016222454596,1.9337560491517808e-14,0.018131063685573767
639.0,91.85518069227861,1.9732965028797103e-14,0.01807072742292656
639.3333333333333,91.88012917338543,2.0136519251588514e-14,0.018010591946325538
639.6666666666666,91.90500782174027,2.054839222839713e-14,0.017950656587598087
640.0,91.92981678449343,2.0968756554035383e-14,0.017890920680795175
640.3333333333333,91.95455621010119,2.1397788423388432e-14,0.017831383562183913
640.6666666666666,91.97922625699218,2.183566770672443e-14,0.017772044570240106
641.0,92.00382709537047,2.2282578026681873e-14,0.01771290304564103
641.3333333333333,92.02835889465595,2.273870683707026e-14,0.01765395833125805
641.6666666666666,92.05282179025086,2.320424550360009e-14,0.017595209772149244
642.0,92.07721592181898,2.367938938533467e-14,0.017536656715552264
642.3333333333333,92.10154145464352,2.4164337918126408e-14,0.017478298510877004
642.6666666666666,92.12579854819155,2.465929470045778e-14,0.017420134509698336
643.0,92.14998735773923,2.5164467580707044e-14,0.017362164065748992
643.3333333333333,92.17410803065499,2.5680068746302845e-14,0.01730438653491236
643.6666666666666,92.19816071278188,2.6206314814588418e-14,0.017246801275215235
644.0,92.22214555764005,2.6743426925552334e-14,0.017189407646820826
644.3333333333333,92.24606273116984,2.7291630836587577e-14,0.017132205012021586
644.6666666666666,92.26991240473676,2.7851157019436e-14,0.017075192735232052
645.0,92.29369472911857,2.8422240759475004e-14,0.017018370182981912
645.3333333333333,92.31740982473701,2.9005122256814755e-14,0.016961736723908914
645.6666666666666,92.34105785919391,2.96000467281423e-14,0.01690529172875178
646.0,92.36463898973831,3.0207264512865275e-14,0.016849034570343334
646.3333333333333,92.38815337331059,3.0827031180413396e-14,0.01679296462360348
646.6666666666666,92.41160115873048,3.145960764011968e-14,0.01673708126553219
647.0,92.43498248998229,3.2105260253186274e-14,0.016681383875202713
647.3333333333333,92.45829751509346,3.2764260946900776e-14,0.0166258718337546
647.6666666666666,92.4815463935483,3.343688733128982e-14,0.016570544524386784
648.0,92.50472929517868,3.4123422818396287e-14,0.016515401332350826
648.3333333333333,92.52784638347379,3.482415674437273e-14,0.016460441644944056
648.6666666666666,92.55089778219839,3.553938449445909e-14,0.016405664851502664
649.0,92.57388363903827,3.6269407628687185e-14,0.016351070343395075
649.3333333333333,92.5968041143456,3.701453401175123e-14,0.0162966575140151
649.6666666666666,92.61965936539339,3.7775077945613784e-14,0.016242425758775148
650.0,92.64244954381648,3.8551360304749645e-14,0.01618837447509962
650.3333333333333,92.66517479359919,3.9343708674184966e-14,0.016134503062418162
650.6666666666666,92.68783525797632,4.0152457490231e-14,0.016080810922158927
651.0,92.7104310884102,4.0977948184134527e-14,0.016027297457742052
651.3333333333333,92.73296244880636,4.182052932887404e-14,0.015973962074572946
651.6666666666666,92.75542950813048,4.268055678932403e-14,0.015920804180035664
652.0,92.77783241458901,4.355839387600887e-14,0.015867823183486403
652.3333333333333,92.80017128375218,4.445441150174343e-14,0.01581501849624689
652.6666666666666,92.82244628068898,4.5368988339407416e-14,0.01576238953159781
653.0,92.84465755981086,4.6302510986360315e-14,0.015709935704772353
653.3333333333333,92.86680527572193,4.7255374130654644e-14,0.01565765643294971
653.6666666666666,92.88888957502654,4.8227980721266795e-14,0.015605551135248502
654.0,92.91091059864765,4.9220742141595026e-14,0.015553619232720464
654.3333333333333,92.93286849026406,5.023407838644306e-14,0.015501860148343937
654.6666666666666,92.95476340424904,5.126841824275393e-14,0.015450273307017417
655.0,92.97659550649324,5.2324199474358476e-14,0.015398858135553264
655.3333333333333,92.99836496149479,5.340186901101221e-14,0.015347614062671284
655.6666666666666,93.02007189941695,5.450188314197591e-14,0.015296540518992327
656.0,93.04171644882481,5.56247077117654e-14,0.01524563693703207
656.3333333333333,93.06329877187729,5.6770818320080185e-14,0.015194902751194646
656.6666666666666,93.08481902200704,5.794070052799881e-14,0.015144337397766328
657.0,93.10627735021842,5.913485006727053e-14,0.015093940314909347
657.3333333333333,93.12767389912489,6.035377305436114e-14,0.01504371094265562
657.6666666666666,93.1490088076037,6.159798620863795e-14,0.014993648722900457
658.0,93.17028221966983,6.286801707500949e-14,0.014943753099396473
658.3333333333333,93.19149429117145,6.416440425134694e-14,0.014894023517747356
658.6666666666666,93.21264518790942,6.548769762100331e-14,0.014844459425401654
659.0,93.23373506878245,6.683845859074553e-14,0.014795060271646737
659.3333333333333,93.25476405180181,6.821726033427737e-14,0.014745825507602627
659.6666666666666,93.27573227691752,6.962468803753919e-14,0.014696754586215851
660.0,93.29663990078264,7.10613391516582e-14,0.01464784696225346
660.3333333333333,93.31748707576705,7.25278236515734e-14,0.014599102092296923
660.6666666666666,93.33827394965688,7.402476429961579e-14,0.01455051943473604
661.0,93.3590006620169,7.555279691469726e-14,0.014502098449763023
661.3333333333333,93.37966734989806,7.711257064678599e-14,0.014453838599366445
661.6666666666666,93.40027415671058,7.870474825704629e-14,0.014405739347325216
662.0,93.42082123808305,8.033000640402003e-14,0.014357800159202724
662.3333333333333,93.44130875852824,8.198903593624129e-14,0.01431002050234085
662.6666666666666,93.46173687273614,8.368254219166175e-14,0.014262399845853986
663.0,93.48210569271451,8.541124530394824e-14,0.014214937660623261
663.3333333333333,93.50241536171478,8.717588051078574e-14,0.014167633419290586
663.6666666666666,93.52266603317959,8.897719847279732e-14,0.014120486596252759
664.0,93.54285785767351,9.081596559860584e-14,0.014073496667655724
664.3333333333333,93.56299098058709,9.269296437658115e-14,0.014026663111388697
664.6666666666666,93.58306553915112,9.460899371352913e-14,0.013979985407078314
665.0,93.60308166831896,9.65648692800683e-14,0.013933463036082953
665.3333333333333,93.62303950955472,9.856142386316296e-14,0.013887095481486918
665.6666666666666,93.64293921656437,1.0059950772626554e-13,0.013840882228094651
666.0,93.66278095200737,1.0267998897751919e-13,0.013794822762425097
666.3333333333333,93.68256486922618,1.0480375394649072e-13,0.013748916572705959
666.6666666666666,93.70229107867294,1.069717075695939e-13,0.013703163148867957
667.0,93.72195971897098,1.0918477377833565e-13,0.01365756198253926
667.3333333333333,93.74157094240275,1.1144389590030545e-13,0.013612112567039791
667.6666666666666,93.76112489743201,1.1375003706843393e-13,0.013566814397375544
668.0,93.78062172800044,1.1610418063838134e-13,0.013521666970233074
668.3333333333333,93.80006156968516,1.1850733061481447e-13,0.013476669783973851
668.6666666666666,93.81944455499023,1.2096051208611585e-13,0.013431822338628645
669.0,93.83877082202427,1.234647716680673e-13,0.013387124135892063
669.3333333333333,93.85804052081718,1.260211779570711e-13,0.013342574679116963
669.6666666666666,93.87725381152832,1.2863082199345174e-13,0.013298173473308894
670.0,93.89641084879878,1.3129481773537858e-13,0.013253920025120679
670.3333333333333,93.91551174755674,1.340143025439083e-13,0.013209813842846902
670.6666666666666,93.93455663215859,1.367904376730974e-13,0.013165854436418387
671.0,93.95354565665693,1.3962440877257087e-13,0.013122041317396846
671.3333333333333,93.97247896665748,1.425174264038169e-13,0.01307837399896941
671.6666666666666,93.99135670554327,1.454707265650492e-13,0.013034851995943175
672.0,94.01017900815549,1.4848557122789753e-13,0.012991474824739896
672.3333333333333,94.02894600456177,1.5156324888467901e-13,0.01294824200339057
672.6666666666666,94.04765782837764,1.5470507510690225e-13,0.012905153051530045
673.0,94.06631462410701,1.5791239311565423e-13,0.012862207490391759
673.3333333333333,94.0849165479675,1.6118657436454902e-13,0.012819404842802385
673.6666666666666,94.10346375666636,1.645290191358896e-13,0.012776744633176478
674.0,94.12195637859288,1.6794115715069197e-13,0.012734226387511286
674.3333333333333,94.14039451473813,1.7142444818930258e-13,0.012691849633381434
674.6666666666666,94.15877832276858,1.7498038271928148e-13,0.012649613899933635
675.0,94.17710794428947,1.78610482547908e-13,0.012607518717881542
675.3333333333333,94.19538352252073,1.823163014818081e-13,0.01256556361950049
675.6666666666666,94.21360519285142,1.8609942600282074e-13,0.012523748138622257
676.0,94.23177308372657,1.8996147595716073e-13,0.012482071810629979
676.3333333333333,94.24988732388515,1.9390410525859055e-13,0.012440534172452925
676.6666666666666,94.26794805062589,1.9792900260638535e-13,0.01239913476256133
677.0,94.28595541377697,2.0203789221887244e-13,0.012357873120961337
677.3333333333333,94.30390957004676,2.062325345833649e-13,0.012316748789189851
677.6666666666666,94.32181066243157,2.105147272232717e-13,0.012275761310309405
678.0,94.33965878846082,2.148863054823311e-13,0.012234910228903157
678.3333333333333,94.35745408538547,2.1934914331498169e-13,0.012194195091069795
678.6666666666666,94.37519669758339,2.2390515410441522e-13,0.012153615444418456
679.0,94.39288676678518,2.285562914951224e-13,0.01211317083806377
679.3333333333333,94.4105244302094,2.333045502430549e-13,0.012072860822620823
679.6666666666666,94.42810981654277,2.38151967083795e-13,0.012032684950200111
680.0,94.4456430506441,2.4310062161810357e-13,0.011992642774402653
680.3333333333333,94.4631242618568,2.4815263721583636e-13,0.011952733850314985
680.6666666666666,94.48055359081512,2.5331018193917046e-13,0.011912957734504181
681.0,94.49793118962842,2.585754694860848e-13,0.011873313985013003
681.3333333333333,94.51525721032887,2.63950760155083e-13,0.011833802161354951
681.6666666666666,94.53253177646718,2.694383618321026e-13,0.01179442182450933
682.0,94.54975498090195,2.750406309952827e-13,0.01175517253691645
682.3333333333333,94.56692697731003,2.8075997373135394e-13,0.011716053862472726
682.6666666666666,94.58404790221638,2.8659884679155296e-13,0.011677065366525788
683.0,94.60111789441387,2.9255975865916265e-13,0.01163820661586974
683.3333333333333,94.61813708531108,2.98645270643372e-13,0.011599477178740302
683.6666666666666,94.63510559870925,3.04857997994954e-13,0.011560876624809967
684.0,94.65202355728445,3.112006110446482e-13,0.011522404525183308
684.3333333333333,94.66889109086546,3.1767583636544216e-13,0.01148406045239217
684.6666666666666,94.68570834159799,3.242864579598925e-13,0.011445843980390879
685.0,94.70247546108557,3.3103531847362115e-13,0.01140775468455159
685.3333333333333,94.71919259459781,3.379253204361848e-13,0.011369792141659524
685.6666666666666,94.73585984754101,3.4495942753044076e-13,0.011331955929908235
686.0,94.752477326057,3.5214066587886936e-13,0.011294245628894991
686.3333333333333,94.76904517881977,3.5947212535799325e-13,0.011256660819616078
686.6666666666666,94.7855635405306,3.669569609522092e-13,0.011219201084462086
687.0,94.802032546293,3.745983941276659e-13,0.01118186600721337
687.3333333333333,94.81845232293101,3.8239971423850313e-13,0.01114465517303536
687.6666666666666,94.8348229905689,3.90364279961186e-13,0.011107568168473941
688.0,94.85114466976492,3.9849552075830825e-13,0.011070604581450915
688.3333333333333,94.86741748949233,4.0679693837331385e-13,0.01103376400125939
688.6666666666666,94.88364159126043,4.1527210835751364e-13,0.010997046018559184
689.0,94.89981712466843,4.239246816307712e-13,0.010960450225372346
689.3333333333333,94.91594422968541,4.3275838607730957e-13,0.010923976215078589
689.6666666666666,94.93202300212185,4.417770281778225e-13,0.010887623582410733
690.0,94.94805355381204,4.509844946610615e-13,0.010851391923450275
690.3333333333333,94.96403602809663,4.60384754198788e-13,0.010815280835622866
690.6666666666666,94.97997055769649,4.699818591437962e-13,0.010779289917693802
691.0,94.99585727464569,4.797799472976848e-13,0.01074341876976364
691.3333333333333,95.01169630252964,4.897832437190118e-13,0.010707666993263708
691.6666666666666,95.02748775843496,4.999960625678458e-13,0.010672034190951658
692.0,95.04323176010344,5.104228089883806e-13,0.010636519966907107
692.3333333333333,95.0589284337827,5.210679810313713e-13,0.010601123926527215
692.6666666666666,95.07457791826546,5.319361716180589e-13,0.010565845676522257
693.0,95.09018036061022,5.430320705472458e-13,0.010530684824911327
693.3333333333333,95.1057358990353,5.543604665472869e-13,0.010495640981017946
693.6666666666666,95.12124462879949,5.659262493745962e-13,0.010460713755465686
694.0,95.13670665293998,5.777344119403554e-13,0.010425902760173921
694.3333333333333,95.15212211474481,5.897900524875311e-13,0.010391207608353463
694.6666666666666,95.1674911434823,6.020983768280096e-13,0.010356627914502248
695.0,95.18281386907394,6.146647006152887e-13,0.010322163294401113
695.3333333333333,95.19809041325249,6.274944516701835e-13,0.010287813365109491
695.6666666666666,95.21332089062126,6.405931723534966e-13,0.010253577744961126
696.0,95.22850541530265,6.539665219876709e-13,0.010219456053559898
696.3333333333333,95.24364410886432,6.676202793295649e-13,0.010185447911775563
696.6666666666666,95.25873710521115,6.81560345096371e-13,0.010151552941739507
697.0,95.27378454813119,6.957927445466946e-13,0.010117770766840619
697.3333333333333,95.28878657718376,7.10323630118936e-13,0.01008410101172106
697.6666666666666,95.303743297618,7.251592841289964e-13,0.010050543302272074
698.0,95.31865478980951,7.403061215158837e-13,0.010017097265629889
698.3333333333333,95.33352120053327,7.557706926290955e-13,0.009983762530171546
698.6666666666666,95.34834265454096,7.715596861137657e-13,0.009950538725510726
699.0,95.36311928018522,7.876799318310294e-13,0.009917425482493717
699.3333333333333,95.37785119887045,8.041384038499307e-13,0.00988442243319527
699.6666666666666,95.39253852376966,8.209422235001121e-13,0.009851529210914473
700.0,95.4071813651846,8.380986624873833e-13,0.009818745450170755
700.3333333333333,95.4217798384297,8.556151460747737e-13,0.009786070786699779
700.6666666666666,95.43633407012037,8.734992563315231e-13,0.009753504857449375
701.0,95.45084419874601,8.917587354524604e-13,0.00972104730057556
701.3333333333333,95.46531036540868,9.104014891503815e-13,0.009688697755438489
701.6666666666666,95.47973269060736,9.29435590123877e-13,0.009656455862598423
702.0,95.49411124559558,9.48869281599653e-13,0.009624321263811785
702.3333333333333,95.50844615762715,9.687109809154876e-13,0.00959229360202716
702.6666666666666,95.52273755441345,9.889692832232597e-13,0.00956037252138129
703.0,95.53698556149796,1.0096529652524984e-12,0.009528557667195183
703.3333333333333,95.55119030128665,1.0307709891563787e-12,0.009496848685970144
703.6666666666666,95.56535188744769,1.052332506440238e-12,0.009465245225383815
704.0,95.5794704276106,1.0743468619706874e-12,0.009433746934286317
704.3333333333333,95.5935460304345,1.0968235980684973e-12,0.009402353462696328
704.6666666666666,95.6075788131143,1.119772458688244e-12,0.009371064461797154
705.0,95.62156890539426,1.1432033936876904e-12,0.009339879583932922
705.3333333333333,95.63551644615795,1.1671265631900911e-12,0.009308798482604675
705.6666666666666,95.64942156866431,1.1915523420424024e-12,0.009277820812466505
706.0,95.6632843704982,1.2164913243723674e-12,0.009246946229321772
706.3333333333333,95.67710492306703,1.2419543282296468e-12,0.009216174390119247
706.6666666666666,95.69088336932847,1.2679524003016697e-12,0.009185504952949267
707.0,95.70461982778272,1.2944968207862955e-12,0.009154937577040006
707.3333333333333,95.71831442128702,1.321599108328459e-12,0.009124471922753652
707.6666666666666,95.73196726634133,1.3492710250763326e-12,0.0090941076515826
708.0,95.74557847086484,1.3775245818413954e-12,0.00906384442614576
708.3333333333333,95.75914813871997,1.4063720433656348e-12,0.009033681910184773
708.6666666666666,95.77267637723745,1.4358259336995215e-12,0.009003619768560242
709.0,95.78616330399669,1.4658990416943767e-12,0.008973657667248076
709.3333333333333,95.79960904911492,1.4966044266130265e-12,0.00894379527333574
709.6666666666666,95.81301374929909,1.5279554238623763e-12,0.008914032255018531
710.0,95.82637752991424,1.5599656508515198e-12,0.008884368281595953
710.3333333333333,95.8397004713355,1.5926490129792842e-12,0.008854803023468008
710.6666666666666,95.85298265801033,1.6260197097195134e-12,0.008825336152131505
711.0,95.86622422683102,1.6600922408410747e-12,0.008795967340176472
711.3333333333333,95.87942529398732,1.6948814127958808e-12,0.008766696261282484
711.6666666666666,95.89258597890797,1.730402345210146e-12,0.008737522590215013
712.0,95.90570639369562,1.7666704775273527e-12,0.008708446002821871
712.3333333333333,95.91878664215608,1.803701575788307e-12,0.008679466176029578
712.6666666666666,95.9318268248563,1.841511739552714e-12,0.00865058278783974
713.0,95.94482704664556,1.880117408966691e-12,0.00862179551732554
713.3333333333333,95.95778742307442,1.9195353719809837e-12,0.00859310404462813
713.6666666666666,95.9707080821458,1.9597827717243025e-12,0.008564508050953056
714.0,95.9835891578328,2.0008771140361966e-12,0.008536007218566776
714.3333333333333,95.9964307717975,2.042836275164239e-12,0.00850760123079309
714.6666666666666,96.00923299975105,2.0856785096299373e-12,0.008479289772009605
715.0,96.02199592215229,2.129422458228497e-12,0.008451072527644278
715.3333333333333,96.03471967405349,2.174087156206119e-12,0.00842294918417189
715.6666666666666,96.04740436828374,2.2196920416512877e-12,0.008394919429110545
716.0,96.06005012146328,2.266256964025891e-12,0.008366982951018242
716.3333333333333,96.0726570431344,2.313802192894583e-12,0.008339139439489392
716.6666666666666,96.08522523434885,2.3623484268352547e-12,0.008311388585151345
717.0,96.09775479232282,2.411916802535986e-12,0.008283730079661001
717.3333333333333,96.11024581777046,2.462528904084323e-12,0.00825616361570136
717.6666666666666,96.12269842152723,2.5142067724542675e-12,0.008228688886978077
718.0,96.13511272707365,2.5669729151963705e-12,0.008201305588216119
718.3333333333333,96.14748886557093,2.62085031633676e-12,0.008174013415156344
718.6666666666666,96.15982696001925,2.6758624464905143e-12,0.008146812064552086
719.0,96.17212709514968,2.732033273194726e-12,0.008119701234165848
719.3333333333333,96.18438932822318,2.789387271443571e-12,0.008092680622765917
719.6666666666666,96.19661379681762,2.8479494344157245e-12,0.008065749930122983
720.0,96.20880060962017,2.9077452845123437e-12,0.008038908857006864
720.3333333333333,96.22094988078412,2.968800884566568e-12,0.00801215710518315
720.6666666666666,96.23306171917189,3.031142849315306e-12,0.007985494377409865
721.0,96.24513622476151,3.094798357111215e-12,0.007958920377434215
721.3333333333333,96.25717349184177,3.159795161880773e-12,0.007932434809989274
721.6666666666666,96.26917361577938,3.2261616053350247e-12,0.007906037380790674
722.0,96.28113670014122,3.2939266294395732e-12,0.007879727796533386
722.3333333333333,96.29306286095535,3.3631197891509743e-12,0.007853505764888438
722.6666666666666,96.30495222489377,3.433771265426117e-12,0.007827370994499639
723.0,96.31680491816041,3.5059118785111376e-12,0.007801323194980397
723.3333333333333,96.32862104286765,3.5795731015170594e-12,0.007775362076910462
723.6666666666666,96.34040064698539,3.654787074284997e-12,0.007749487351832685
724.0,96.352143840943,3.7315866174921084e-12,0.007723698732249868
724.3333333333333,96.36385074044102,3.810005247134049e-12,0.007697995931621542
724.6666666666666,96.37552145507878,3.890077189279574e-12,0.007672378664360756
725.0,96.38715609428507,3.971837395139371e-12,0.007646846645830957
725.3333333333333,96.39875475932737,4.055321556462427e-12,0.0076213995923428
725.6666666666666,96.41031754343874,4.140566121256528e-12,0.0075960372211509725
726.0,96.42184453701364,4.227608309840886e-12,0.007570759250451103
726.3333333333333,96.43333583482406,4.3164861312396884e-12,0.0075455653993766044
726.6666666666666,96.44479154220697,4.407238399924593e-12,0.007520455387995527
727.0,96.45621177717432,4.499904752914162e-12,0.007495428937307499
727.3333333333333,96.46759666539694,4.594525667239046e-12,0.007470485769240603
727.6666666666666,96.47894632501344,4.691142477780939e-12,0.007445625606648259
728.0,96.49026083821526,4.7897973954932645e-12,0.007420848173306197
728.3333333333333,96.50154024681673,4.890533526000377e-12,0.007396153193909362
728.6666666666666,96.51278468191043,4.99339488856315e-12,0.007371540394068826
729.0,96.5239942470736,5.098426435520733e-12,0.007347009500308799
729.3333333333333,96.53516905022573,5.205674072084807e-12,0.007322560240063557
729.6666666666666,96.54630919596657,5.31518467657644e-12,0.00729819234167439
730.0,96.55741478008589,5.4270061210933525e-12,0.007273905534386636
730.3333333333333,96.56848589117017,5.54118729261559e-12,0.007249699548346645
730.6666666666666,96.5795226164206,5.6577781145593714e-12,0.007225574114598759
731.0,96.59052504879742,5.776829568788879e-12,0.007201528965082368
731.3333333333333,96.60149329260494,5.898393718096775e-12,0.007177563832628912
731.6666666666666,96.61242746463209,6.022523729163231e-12,0.007153678450958887
732.0,96.62332768796314,6.149273896003176e-12,0.007129872554678933
732.3333333333333,96.63419407557325,6.278699663912621e-12,0.007106145879278861
732.6666666666666,96.64502670082354,6.410857653923813e-12,0.007082498161128692
733.0,96.65582560287343,6.545805687774765e-12,0.007058929137475776
733.3333333333333,96.66659091377825,6.683602813416238e-12,0.007035438546441843
733.6666666666666,96.67732273264747,6.824309331079531e-12,0.007012026127020079
734.0,96.6880211644279,6.967986819863495e-12,0.006988691619072264
734.3333333333333,96.69868631057983,7.114698164902638e-12,0.006965434763325864
734.6666666666666,96.70931826371958,7.26450758511526e-12,0.006942255301371126
735.0,96.71991710911978,7.417480661542675e-12,0.006919152975658248
735.3333333333333,96.73048293034137,7.57368436629275e-12,0.006896127529494504
735.6666666666666,96.74101581627076,7.733187092099642e-12,0.0068731787070413575
736.0,96.75151586683577,7.896058682511585e-12,0.006850306253311675
736.3333333333333,96.76198319467413,8.062370462720006e-12,0.006827509914166863
736.6666666666666,96.7724179200279,8.232195271041821e-12,0.006804789436314024
737.0,96.7828201561379,8.405607491066738e-12,0.006782144567303189
737.3333333333333,96.7931899824111,8.582683084482889e-12,0.006759575055524487
737.6666666666666,96.80352742715603,8.763499624601085e-12,0.0067370806502053265
738.0,96.81383261051391,8.948136330661465e-12,0.0067146611014076586
738.3333333333333,96.82410563317823,9.136674102795644e-12,0.006692316160025173
738.6666666666666,96.83434659607362,9.329195557740864e-12,0.006670045577780509
739.0,96.84455559935864,9.525785065315685e-12,0.006647849107222542
739.3333333333333,96.85473273496277,9.72652878567612e-12,0.006625726501723614
739.6666666666666,96.86487808644164,9.931514707371255e-12,0.006603677515476764
740.0,96.87499173357863,1.01408326862127e-11,0.00658170190349305
740.3333333333333,96.88507375916093,1.0354574484974105e-11,0.006559799421598799
740.6666666666666,96.89512425535796,1.0572833813935153e-11,0.006537969826432872
741.0,96.90514332713009,1.0795706372284356e-11,0.006516212875444009
741.3333333333333,96.91513109009608,1.1023289890396949e-11,0.006494528326888106
741.6666666666666,96.92508766028678,1.1255684173002272e-11,0.006472915939825511
742.0,96.9350131332134,1.1492991143254914e-11,0.006451375474118387
742.3333333333333,96.94490754970646,1.1735314887726022e-11,0.006429906690428027
742.6666666666666,96.9547709708239,1.1982761702479251e-11,0.006408509350212168
743.0,96.96460352010257,1.2235440140126796e-11,0.006387183215722388
743.3333333333333,96.97440528962184,1.249346105769914e-11,0.006365928050001439
743.6666666666666,96.98417637843667,1.2756937665665356e-11,0.006344743616880594
744.0,96.99391688034405,1.3025985577948966e-11,0.00632362968097707
744.3333333333333,97.00362688004662,1.3300722863027876e-11,0.006302586007691383
744.6666666666666,97.01330645529103,1.3581270096135812e-11,0.006281612363204727
745.0,97.02295568255879,1.3867750412582564e-11,0.006260708514476415
745.3333333333333,97.03257464388787,1.4160289562212863e-11,0.00623987422924127
745.6666666666666,97.04216343240267,1.4459015965021306e-11,0.006219109276007023
746.0,97.05172215413023,1.4764060767940548e-11,0.006198413424051781
746.3333333333333,97.06125092368063,1.5075557902822708e-11,0.006177786443421448
746.6666666666666,97.0707498513695,1.539364414563136e-11,0.006157228104927141
747.0,97.08021901936036,1.5718459176861226e-11,0.006136738180142689
747.3333333333333,97.08965844917903,1.605014564321825e-11,0.006116316441402079
747.6666666666666,97.09906822899727,1.638884922104072e-11,0.006095962661796898
748.0,97.10844846689297,1.673471868066028e-11,0.006075676615173855
748.3333333333333,97.11779925440412,1.708790595211155e-11,0.006055458076132251
748.6666666666666,97.12712068733173,1.7448566192364255e-11,0.0060353068200214525
749.0,97.13641285515399,1.781685785391925e-11,0.006015222622938432
749.3333333333333,97.14567583817917,1.819294275490198e-11,0.005995205261725269
749.6666666666666,97.15490971016024,1.8576986150674242e-11,0.00597525451396664
750.0,97.16411454409433,1.8969156806984918e-11,0.005955370157987393
750.3333333333333,97.1732904189298,1.9369627074683858e-11,0.005935551972850066
750.6666666666666,97.18243742490412,1.9778572966019674e-11,0.005915799738352407
751.0,97.19155566523537,2.0196174232542087e-11,0.005896113235024971
751.3333333333333,97.2006452518905,2.0622614444633085e-11,0.005876492244128663
751.6666666666666,97.20970629315316,2.105808107268767e-11,0.005856936547652281
752.0,97.2187388707142,2.1502765569964662e-11,0.005837445928310141
752.3333333333333,97.22774300521401,2.1956863457138334e-11,0.005818020169539637
752.6666666666666,97.2367187664226,2.2420574409407458e-11,0.0057986590554988185
753.0,97.24566626806869,2.2894102344919834e-11,0.005779362371064031
753.3333333333333,97.25458559648115,2.3377655514707318e-11,0.005760129901827504
753.6666666666666,97.26347684476501,2.3871446595010966e-11,0.0057409614340949554
754.0,97.27234010090777,2.4375692781348647e-11,0.005721856754883247
754.3333333333333,97.28117544371145,2.4890615884656305e-11,0.005702815651918006
754.6666666666666,97.2899829444136,2.541644242952754e-11,0.00568383791363124
755.0,97.29876267186089,2.5953403754575876e-11,0.005664923329159036
755.3333333333333,97.30751469909848,2.650173611494897e-11,0.005646071688339185
755.6666666666666,97.31623910923909,2.7061680787019283e-11,0.005627282781708838
756.0,97.32493599847463,2.7633484175275527e-11,0.005608556400502212
756.3333333333333,97.33360547409434,2.8217397921444306e-11,0.005589892336648251
756.6666666666666,97.34224764537262,2.8813679015866422e-11,0.005571290382768298
757.0,97.35086260519012,2.942258991115199e-11,0.005552750332173827
757.3333333333333,97.35945040025148,3.0044398638144044e-11,0.005534271978864127
757.6666666666666,97.36801103843806,3.067937892470603e-11,0.005515855117523994
758.0,97.37654464760325,3.1327810318535705e-11,0.00549749954352149
758.3333333333333,97.38505131037836,3.1989978309547494e-11,0.005479205052905649
758.6666666666666,97.3935311155466,3.266617445683222e-11,0.00546097144240419
759.0,97.4019841517809,3.335669651770343e-11,0.005442798509421301
759.3333333333333,97.41041049984257,3.406184857952958e-11,0.005424686052035362
759.6666666666666,97.41881023135008,3.4781941194480415e-11,0.005406633868996691
760.0,97.4271834121171,3.5517291517215555e-11,0.005388641759725338
760.3333333333333,97.43553010805917,3.626822344555031e-11,0.0053707095243088416
760.6666666666666,97.4438503916679,3.703506776412717e-11,0.0053528369634999904
761.0,97.45214434705207,3.7818162291121044e-11,0.005335023878714643
761.3333333333333,97.46041207154481,3.861785202801344e-11,0.005317270072029503
761.6666666666666,97.46865367187586,3.943448931246397e-11,0.005299575346179903
762.0,97.47686925290819,4.0268433974307015e-11,0.005281939504557653
762.3333333333333,97.48505889693836,4.1120053494709163e-11,0.005264362351208829
762.6666666666666,97.49322263155928,4.198972316851553e-11,0.005246843690831584
763.0,97.50136047360014,4.2877826271364384e-11,0.005229383328774013
763.3333333333333,97.50947255433788,4.3784754231812004e-11,0.005211981071031972
763.6666666666666,97.51755894950894,4.4710906802168124e-11,0.0051946367242469045
764.0,97.5256197456512,4.565669223683128e-11,0.005177350095703728
764.3333333333333,97.53365502798032,4.66225274729863e-11,0.005160120993328674
764.6666666666666,97.54166487338989,4.7608838315327485e-11,0.005142949225687142
765.0,97.54964934960336,4.8616059624890216e-11,0.005125834601981599
765.3333333333333,97.5576085186082,4.964463551203183e-11,0.00510877693204945
765.6666666666666,97.56554244250218,5.069501953359377e-11,0.005091776026360902
766.0,97.57345118988212,5.1767674894276516e-11,0.005074831696016894
766.3333333333333,97.5813348409052,5.2863074652268635e-11,0.005057943752746986
766.6666666666666,97.58919348915305,5.398170192916162e-11,0.005041112008907241
767.0,97.59702723842865,5.512405012418191e-11,0.005024336277478182
767.3333333333333,97.60483619261642,5.6290623132781835e-11,0.005007616372062694
767.6666666666666,97.61262043673544,5.748193556962086e-11,0.004990952106883936
768.0,97.62038000731617,5.869851299596853e-11,0.004974343296783308
768.3333333333333,97.62811489489543,5.994089215293118e-11,0.004957789757218384
768.6666666666666,97.63582522598351,6.120962120507642e-11,0.0049412913042608374
769.0,97.64351107837996,6.250525997839584e-11,0.004924847754594435
769.3333333333333,97.65117253375692,6.382838021040159e-11,0.0049084589255129814
769.6666666666666,97.6588096760025,6.517956580354327e-11,0.0048921246349182745
770.0,97.66642258207762,6.655941308392637e-11,0.004875844701318114
770.3333333333333,97.67401131935057,6.796853106587193e-11,0.004859618943824267
770.6666666666666,97.68157594766572,6.940754172235146e-11,0.004843447182150444
771.0,97.68911652440246,7.08770802613306e-11,0.0048273292366103285
771.3333333333333,97.69663311078118,7.237779540806836e-11,0.0048112649281155636
771.6666666666666,97.70412577767243,7.391034969340575e-11,0.004795254078173744
772.0,97.71159460916591,7.547541974807713e-11,0.004779296508886467
772.3333333333333,97.71903970215534,7.707369660309148e-11,0.004763392042947344
772.6666666666666,97.72646116019611,7.870588599621726e-11,0.004747540503640003
773.0,97.73385907989162,8.037270868460385e-11,0.004731741714836169
773.3333333333333,97.7412335280652,8.207490076358728e-11,0.0047159955009936855
773.6666666666666,97.74858450797356,8.38132139917139e-11,0.004700301687154548
774.0,97.7559120406311,8.558841612876126e-11,0.004684660098942994
774.3333333333333,97.76321625605101,8.740129128139643e-11,0.004669070562563547
774.6666666666666,97.77049722179225,8.925264024307051e-11,0.004653532904799073
775.0,97.77775501868848,9.11432808534748e-11,0.004638046953008883
775.3333333333333,97.78498972676032,9.307404836060028e-11,0.004622612535126805
775.6666666666666,97.792201417865,9.504579579112357e-11,0.00460722947965925
776.0,97.79939015418331,9.705939432918972e-11,0.004591897615683344
776.3333333333333,97.80655599092117,9.911573370364202e-11,0.004576616772845008
776.6666666666666,97.81369898160418,1.012157225837315e-10,0.0045613867813570535
777.0,97.8208191843426,1.0336028898333749e-10,0.004546207471997324
777.3333333333333,97.82791666744485,1.0555038067375001e-10,0.0045310786761068025
777.6666666666666,97.83499151275733,1.0778696560504622e-10,0.0045160002255877196
778.0,97.84204381510808,1.1007103233609214e-10,0.004500971952901719
778.3333333333333,97.84907367623275,1.1240359047322097e-10,0.004485993691067977
778.6666666666666,97.85608119156007,1.1478567111761999e-10,0.004471065273661336
779.0,97.86306642823503,1.1721832732145677e-10,0.004456186534810484
779.3333333333333,97.87002939275762,1.1970263455279673e-10,0.004441357309196095
779.6666666666666,97.87697007586195,1.2223969117751972e-10,0.004426577432048978
780.0,97.88388861600532,1.248306189619607e-10,0.00441184673914828
780.3333333333333,97.8907850777404,1.274765635523633e-10,0.004397165066819642
780.6666666666666,97.89765953768874,1.3017869499205497e-10,0.004382532251933364
781.0,97.90451207440405,1.329382082397153e-10,0.0043679481319026285
781.3333333333333,97.91134275942503,1.3575632369923072e-10,0.004353412544681677
781.6666666666666,97.9181516543323,1.386342877617569e-10,0.004338925328763989
782.0,97.92493881230365,1.4157337336001067e-10,0.0043244863231805255
782.3333333333333,97.93170428266191,1.4457488053484095e-10,0.00431009536749792
782.6666666666666,97.93844811691004,1.4764013701410086e-10,0.004295752301816684
783.0,97.94517037474733,1.507704988038435e-10,0.00428145696676946
783.3333333333333,97.95187112856162,1.5396735079189068e-10,0.004267209203519234
783.6666666666666,97.95855046489119,1.5723210736379744e-10,0.004253008853757557
784.0,97.96520848135135,1.605662130312334e-10,0.004238855759702816
784.3333333333333,97.97184527751965,1.639711430728318e-10,0.004224749764098467
784.6666666666666,97.97846093827397,1.6744840418752842e-10,0.004210690710211271
785.0,97.9850555080783,1.7099953516041074e-10,0.004196678441829585
785.3333333333333,97.99162895541046,1.746261075412431e-10,0.0041827128032616056
785.6666666666666,97.99818132990578,1.7832972636801382e-10,0.0041687936393336325
786.0,98.00471274831915,1.8211203087778137e-10,0.004154920795388369
786.3333333333333,98.01122327251504,1.8597469521917875e-10,0.004141094117283189
786.6666666666666,98.01771297824065,1.89919429207174e-10,0.004127313451388412
787.0,98.02418194065264,1.9394797907990716e-10,0.004113578644585625
787.3333333333333,98.03063022673459,1.9806212827351177e-10,0.004099889544265963
787.6666666666666,98.03705789321137,2.0226369821492012e-10,0.004086245998328404
788.0,98.0434649885659,2.065545491326495e-10,0.004072647855178105
788.3333333333333,98.04985155776427,2.109365808856044e-10,0.004059094963724705
788.6666666666666,98.05621764829492,2.1541173380989333e-10,0.004045587173380631
789.0,98.06256331612767,2.1998198958365668e-10,0.004032124334059453
789.3333333333333,98.06888863019843,2.2464937210994158e-10,0.004018706296174202
789.6666666666666,98.07519367402539,2.2941594841762287e-10,0.004005332910635697
790.0,98.08147854306223,2.34283829580364e-10,0.003992004028850915
790.3333333333333,98.08774333639462,2.392551716536574e-10,0.003978719502721323
790.6666666666666,98.09398814138524,2.443321766299412e-10,0.0039654791846412225
791.0,98.1002130098735,2.495170934117859e-10,0.003952282927496137
791.3333333333333,98.10641792453562,2.5481221880319186e-10,0.0039391305846611605
791.6666666666666,98.11260286265257,2.602198985492256e-10,0.0039260220099993194
792.0,98.11876797399013,2.6574252842698305e-10,0.003912957057859971
792.3333333333333,98.12491331387074,2.7138255524185847e-10,0.0038999355830771788
792.6666666666666,98.13103895250534,2.7714247794832053e-10,0.003886957440968078
793.0,98.13714496437794,2.830248487563534e-10,0.0038740224873313007
793.3333333333333,98.143231418057,2.890322742628992e-10,0.003861130578445359
793.6666666666666,98.1492983718544,2.951674166101847e-10,0.0038482815710670333
794.0,98.15534587404403,3.0143299467087385e-10,0.0038354753224298095
794.3333333333333,98.16137396635165,3.078317852600428e-10,0.0038227116902422777
794.6666666666666,98.16738268942775,3.1436662437392083e-10,0.0038099905326865412
795.0,98.17337208901547,3.210404084553369e-10,0.0037973117084166633
795.3333333333333,98.17934222152498,3.2785609568587115e-10,0.0037846750765570866
795.6666666666666,98.18529315772653,3.3481670730465355e-10,0.003772080496701054
796.0,98.19122498327366,3.419253289537479e-10,0.0037595278289090754
796.3333333333333,98.19713779476842,3.4918511205012377e-10,0.0037470169337073585
796.6666666666666,98.20303169008058,3.5659927518415606e-10,0.003734547672086249
797.0,98.20890675163236,3.6417110554459054e-10,0.003722119905498709
797.3333333333333,98.21476302136068,3.7190396036997916e-10,0.0037097334958587657
797.6666666666666,98.22060046606855,3.798012684265251e-10,0.0036973883055399664
798.0,98.22641905665216,3.8786653157365133e-10,0.0036850841973738724
798.3333333333333,98.23221895212983,3.9610332640831287e-10,0.0036728210346485255
798.6666666666666,98.23800020232467,4.045153057201958e-10,0.003660598681106913
799.0,98.24376287424255,4.131062001841657e-10,0.0036484170009454826
799.3333333333333,98.24950704070827,4.2187982001085666e-10,0.0036362758588126183
799.6666666666666,98.25523276937602,4.308400566349315e-10,0.003624175119807126
800.0,98.26094011753965,4.399908844442265e-10,0.0036121146494767584
800.3333333333333,98.26662913155465,4.493363625496891e-10,0.00360009431381671
800.6666666666666,98.27229984968321,4.5888063659593555e-10,0.003588113979268116
801.0,98.2779523071741,4.686279406122516e-10,0.003576173512716592
801.3333333333333,98.28358654238912,4.78582598903947e-10,0.0035642727814907444
801.6666666666666,98.28920260278744,4.887490279838898e-10,0.003552411653360684
802.0,98.29480054957982,4.991317385440412e-10,0.00354058999653658
802.3333333333333,98.30038045986409,5.097353374669059e-10,0.003528807679667186
802.6666666666666,98.30594242505357,5.205645298767217e-10,0.003517064571838367
803.0,98.31148654441017,5.316241212302078e-10,0.0035053605425716707
803.3333333333333,98.31701291249362,5.429190194467892e-10,0.003493695461822864
803.6666666666666,98.3225215993387,5.544542370781203e-10,0.0034820691999804783
804.0,98.32801262217171,5.662348935167253e-10,0.0034704816278643916
804.3333333333333,98.33348590747836,5.782662172436756e-10,0.003458932616724383
804.6666666666666,98.33894147719246,5.905535483216586e-10,0.00344742203823869
805.0,98.34437947899524,6.031023407873989e-10,0.0034359497645126084
805.3333333333333,98.34979995649235,6.159181649042106e-10,0.0034245156680770567
805.6666666666666,98.3552029760887,6.290067097576985e-10,0.0034131196218871516
806.0,98.36058860938066,6.423737857655105e-10,0.003401761499320817
806.3333333333333,98.36595692224145,6.560253272510435e-10,0.003390441174177368
806.6666666666666,98.37130796951078,6.699673950807024e-10,0.0033791585206760966
807.0,98.37664179419158,6.842061793642969e-10,0.0033679134134548976
807.3333333333333,98.38195843005813,6.987480022182902e-10,0.0033567057275688647
807.6666666666666,98.38725790657853,7.135993205914901e-10,0.0033455353384888907
808.0,98.39254025505522,7.287667291527636e-10,0.003334402122100308
808.3333333333333,98.39780551488731,7.442569632404974e-10,0.0033233059547014975
808.6666666666666,98.40305373885774,7.600769018733871e-10,0.003312246713002504
809.0,98.40828499634931,7.762335708221401e-10,0.0033012242741236896
809.3333333333333,98.41349937339278,7.927341457418117e-10,0.003290238515594356
809.6666666666666,98.41869696845065,8.095859553643644e-10,0.0032792893153513747
810.0,98.42387788284015,8.267964847510226e-10,0.0032683765517378524
810.3333333333333,98.42904220469906,8.443733786041557e-10,0.003257500103501769
810.6666666666666,98.43418998539767,8.623244446382723e-10,0.0032466598497946195
811.0,98.43932120730054,8.806576570096963e-10,0.0032358556701700928
811.3333333333333,98.44443575167163,8.993811598210626e-10,0.003225087444582724
811.6666666666666,98.44953372520355,9.185032712719889e-10,0.0032143550533865516
812.0,98.45461523934719,9.380324869841008e-10,0.0032036583773338077
812.3333333333333,98.45968033750266,9.579774837361721e-10,0.0031929972975735846
812.6666666666666,98.46472908616249,9.783471234723088e-10,0.0031823716956505023
813.0,98.4697615569758,9.99150457205333e-10,0.003171781453503416
813.3333333333333,98.47477781537859,1.0203967290224659e-09,0.003161226453464093
813.6666666666666,98.47977791477284,1.0420953801924171e-09,0.003150706578255896
814.0,98.48476189523676,1.064256053372974e-09,0.0031402217109925
814.3333333333333,98.48972978574874,1.0868885969183826e-09,0.003129771735176586
814.6666666666666,98.49468160890727,1.1100030692856223e-09,0.0031193565346985344
815.0,98.49961738712958,1.1336097435386657e-09,0.003108975993835159
815.3333333333333,98.50453714931105,1.157719111950019e-09,0.0030986299972484096
815.6666666666666,98.5094409369283,1.1823418906986483e-09,0.0030883184299840796
816.0,98.51432880856798,1.2074890246633702e-09,0.003078041177470553
816.3333333333333,98.51920084186405,1.2331716923110186e-09,0.003067798125517521
816.6666666666666,98.52405713182574,1.2594013106784832e-09,0.003057589160314701
817.0,98.5288977845389,1.286189540447695e-09,0.0030474141684305963
817.3333333333333,98.53372290522292,1.313548291112885e-09,0.0030372730368112247
817.6666666666666,98.53853257962585,1.3414897262391953e-09,0.0030271656527788536
818.0,98.5433268477402,1.3700262688117275e-09,0.003017091904030767
818.3333333333333,98.54810566882169,1.39917060667435e-09,0.00300705167863801
818.6666666666666,98.55286888357017,1.4289356980788661e-09,0.0029970448650441365
819.0,98.55761660062434,1.4593347786228948e-09,0.0029870713520639886
819.3333333333333,98.56234895656867,1.4903813663364277e-09,0.0029771310288824555
819.6666666666666,98.56706598130425,1.5220892674693999e-09,0.0029672237850532283
820.0,98.57176773817082,1.5544725830740571e-09,0.002957349510497598
820.3333333333333,98.57645430196558,1.587545715185625e-09,0.002947508095503219
820.6666666666666,98.58112574403164,1.6213233731734011e-09,0.0029376994307228855
821.0,98.5857821234464,1.6558205802603175e-09,0.002927923407173333
821.3333333333333,98.59042348334089,1.6910526802093344e-09,0.0029181799162340213
821.6666666666666,98.59504985138038,1.7270353441747235e-09,0.0029084688496459174
822.0,98.59966124343714,1.7637845777162834e-09,0.002898790099510313
822.3333333333333,98.6042576694857,1.8013167279748578e-09,0.0028891435582876174
822.6666666666666,98.60883914075168,1.8396484910072122e-09,0.002879529118796154
823.0,98.61340567714424,1.8787969192783e-09,0.0028699466742109886
823.3333333333333,98.61795731400342,1.918779429309308e-09,0.002860396118062736
823.6666666666666,98.62249410719244,1.9596138094795254e-09,0.0028508773442363668
824.0,98.62701613556598,2.0013182279800626e-09,0.002841390246970048
824.3333333333333,98.63152349984495,2.043911240917824e-09,0.0028319347208539624
824.6666666666666,98.63601631692823,2.087411800567768e-09,0.0028225106608291244
825.0,98.64049470867238,2.1318392637714836e-09,0.0028131179621862373
825.3333333333333,98.64495878416943,2.177213400480484e-09,0.002803756520564519
825.6666666666666,98.64940861455409,2.223554402442267e-09,0.002794426231950533
826.0,98.65384419937018,2.2708828920271386e-09,0.0027851269926770558
826.3333333333333,98.65826542352765,2.3192199311942413e-09,0.002775858699421913
826.6666666666666,98.66267204854447,2.3685870308569097e-09,0.002766621249206826
827.0,98.66706433333412,2.4190061639602804e-09,0.00275741453939629
827.3333333333333,98.67144236418845,2.470499771273191e-09,0.002748238467696421
827.6666666666666,98.67580615211163,2.5230907723889887e-09,0.002739092932153815
828.0,98.68015576331884,2.5768025766662863e-09,0.0027299778311544306
828.3333333333333,98.68449128756522,2.631659093403739e-09,0.002720893063422457
828.6666666666666,98.68881281533031,2.6876847423163113e-09,0.0027118385280191777
829.0,98.69312042280846,2.744904464308758e-09,0.00270281412434187
829.3333333333333,98.69741416365574,2.8033437325425653e-09,0.002693819752122679
829.6666666666666,98.70169406644415,2.8630285637921032e-09,0.0026848553114274957
830.0,98.70596013677337,2.923985530085708e-09,0.0026759207026548666
830.3333333333333,98.71021236299094,2.986241770627961e-09,0.0026670158265348805
830.6666666666666,98.71445072447119,3.0498250039989026e-09,0.002658140584128056
831.0,98.7186752014037,3.1147635406258905e-09,0.002649294876824264
831.3333333333333,98.72288578504171,3.1810862955243895e-09,0.0026404786063416235
831.6666666666666,98.72708248736117,3.2488228013034245e-09,0.002631691674725403
832.0,98.73126534908084,3.3180032214313854e-09,0.002622933984346951
832.3333333333333,98.73543444499428,3.3886583637585068e-09,0.0026142054379026058
832.6666666666666,98.73958988556397,3.46081969429173e-09,0.0026055059384126056
833.0,98.74373181372846,3.5345193512176348e-09,0.0025968353892200312
833.3333333333333,98.74786039587288,3.609790159169778e-09,0.002588193693989725
833.6666666666666,98.75197580591347,3.686665643736144e-09,0.002579580756707213
834.0,98.75607820144685,3.7651800462023746e-09,0.0025709964816776603
834.3333333333333,98.76016769091419,3.845368338527142e-09,0.0025624407735247955
834.6666666666666,98.76424429073141,3.927266238545364e-09,0.0025539135371898496
835.0,98.76830787133555,4.010910225394903e-09,0.0025454146779305144
835.3333333333333,98.77235809109801,4.096337555163155e-09,0.002536944101319887
835.6666666666666,98.77639456910363,4.183586279344591e-09,0.002528501713245412
836.0,98.78041791165629,4.272695271828393e-09,0.002520087419907863
836.3333333333333,98.78442814344025,4.363704230211917e-09,0.002511701127820286
836.6666666666666,98.78842527043513,4.456653700207279e-09,0.0025033427438069535
837.0,98.79240936538017,4.551585094434806e-09,0.002495012175002354
837.3333333333333,98.79638053055784,4.648540710339258e-09,0.0024867093288501517
837.6666666666666,98.80033887044097,4.747563748658741e-09,0.002478434113102151
838.0,98.80428447310643,4.848698332437643e-09,0.002470186435817294
838.3333333333333,98.80821739931854,4.951989526575864e-09,0.0024619662053606277
838.6666666666666,98.81213767818481,5.057483357905734e-09,0.0024537733304022865
839.0,98.81604530828757,5.165226835787931e-09,0.0024456077199164926
839.3333333333333,98.81994026319393,5.275267973218719e-09,0.0024374692831805396
839.6666666666666,98.82382250024737,5.3876558084398655e-09,0.002429357929773781
840.0,98.8276919715441,5.50244042704254e-09,0.0024212735695766426
840.3333333333333,98.83154863599661,5.619672984557559e-09,0.0024132161127696184
840.6666666666666,98.83539247138819,5.739405729523293e-09,0.0024051854698322653
841.0,98.83922348532079,5.861692027022559e-09,0.0023971815515422294
841.3333333333333,98.84304172395943,5.986586382680844e-09,0.0023892042689742494
841.6666666666666,98.84684727747633,6.114144467117229e-09,0.002381253533499164
842.0,98.85064028109745,6.244423140839244e-09,0.0023733292567829447
842.3333333333333,98.85442091065468,6.377480479574096e-09,0.0023654313507857133
842.6666666666666,98.85818937154654,6.513375800027581e-09,0.002357559727760755
843.0,98.86194588001045,6.652169686061914e-09,0.0023497143002535648
843.3333333333333,98.86569063560957,6.793924015284953e-09,0.0023418949811008726
843.6666666666666,98.86942378383716,6.9387019860421025e-09,0.002334101683429667
844.0,98.87314536774151,7.0865681448021125e-09,0.0023263343206562513
844.3333333333333,98.87685526747443,7.237588413929288e-09,0.0023185928064852765
844.6666666666666,98.88055312666619,7.391830119833395e-09,0.0023108770549087783
845.0,98.88423826724163,7.549362021541821e-09,0.0023031869802052395
845.3333333333333,98.88791088710249,7.710254364154296e-09,0.0022955224969386442
845.6666666666666,98.89157156444084,7.874578898363396e-09,0.00228788351995752
846.0,98.89522026479706,8.042408896321382e-09,0.0022802699643940045
846.3333333333333,98.89885702860992,8.213819198189573e-09,0.002272681745662905
846.6666666666666,98.9024819356183,8.388886244310861e-09,0.002265118779460754
847.0,98.9060950779638,8.567688108413849e-09,0.0022575809817648924
847.3333333333333,98.90969654107796,8.750304531832964e-09,0.002250068268832533
847.6666666666666,98.91328639143799,8.936816958727301e-09,0.002242580557199827
848.0,98.91686467027499,9.127308572280958e-09,0.0022351177636809566
848.3333333333333,98.92043139231859,9.32186433186921e-09,0.0022276798053672067
848.6666666666666,98.92398654866187,9.520571011173326e-09,0.002220266599626045
849.0,98.9275301128305,9.72351723722668e-09,0.0022128780641002183
849.3333333333333,98.93106204914008,9.930793530376622e-09,0.0022055141167068412
849.6666666666666,98.93458232242548,1.0142492345144863e-08,0.0021981746756364784
850.0,98.93809090822621,1.0358708111968979e-08,0.002190859659352257
850.3333333333333,98.94158780251172,1.0579537279809589e-08,0.0021835689865889597
850.6666666666666,98.94507303003039,1.0805078359605914e-08,0.002176302576352119
851.0,98.94854665036644,1.1035431968562284e-08,0.0021690603479171387
851.3333333333333,98.9520087607884,1.1270700875250234e-08,0.0021618422208283953
851.6666666666666,98.95545949497314,1.1510990045508857e-08,0.0021546481148983438
852.0,98.95889901668949,1.1756406689125902e-08,0.0021474779502066456
852.3333333333333,98.96232750752513,1.2007060307284431e-08,0.0021403316470992814
852.6666666666666,98.96574514774102,1.2263062740757529e-08,0.0021332091261876637
853.0,98.96915208933687,1.252452821883367e-08,0.0021261103083477758
853.3333333333333,98.97254842041193,1.2791573408957462e-08,0.0021190351147192927
853.6666666666666,98.97593411990482,1.3064317467068409e-08,0.0021119834667047035
854.0,98.97930900179635,1.3342882088620076e-08,0.0021049552859684576
854.3333333333333,98.98267264785932,1.36273915602646e-08,0.0020979504944360966
854.6666666666666,98.98602457953136,1.3917972822945147e-08,0.0020909690142933857
855.0,98.98936545775628,1.421475557821483e-08,0.002084010767985488
855.3333333333333,98.99269542745408,1.451787227553748e-08,0.002077075678216081
855.6666666666666,98.99601452255857,1.4827458191488732e-08,0.0020701636679465053
856.0,98.99932278881462,1.5143651494815658e-08,0.0020632746603949322
856.3333333333333,99.00262027424246,1.5466593307184742e-08,0.0020564085790355105
856.6666666666666,99.00590702296361,1.5796427765627832e-08,0.0020495653475975186
857.0,99.0091830718984,1.6133302086660523e-08,0.0020427448900645385
857.3333333333333,99.01244844984512,1.647736663205032e-08,0.0020359471306736136
857.6666666666666,99.01570317845061,1.6828774976209163e-08,0.002029171993914408
858.0,99.01894727458239,1.718768397518457e-08,0.0020224194045283922
858.3333333333333,99.02218075361232,1.7554253837227023e-08,0.002015689287508008
858.6666666666666,99.02540363312148,1.7928648194907987e-08,0.0020089815680958377
859.0,99.02861593653672,1.8311034178762844e-08,0.002002296171783798
859.3333333333333,99.03181769620828,1.8701582492436405e-08,0.001995633024312314
859.6666666666666,99.03500895543883,1.910046748930544e-08,0.001988992051669499
860.0,99.03818976897385,1.9507867250552325e-08,0.0019823731800903558
860.3333333333333,99.04136020146316,1.9923963664667718e-08,0.001975776336055959
860.6666666666666,99.04452032340366,2.0348942508356505e-08,0.0019692014462926438
861.0,99.04767020407316,2.078299352882118e-08,0.0019626484377712164
861.3333333333333,99.0508099009655,2.122631052740061e-08,0.0019561172377061463
861.6666666666666,99.05393944523665,2.1679091444538413e-08,0.001949607773554761
862.0,99.05705882267178,2.2141538446055004e-08,0.0019431199730164663
862.3333333333333,99.06016794968353,2.2613858010701422e-08,0.0019366537640319469
862.6666666666666,99.06326678542362,2.3096261036506582e-08,0.0019302090747823743
863.0,99.06635549623044,2.3588962953508617e-08,0.0019237858336886382
863.3333333333333,99.06943410517874,2.4092183778605116e-08,0.0019173839694105496
863.6666666666666,99.07250264748652,2.4606148234795392e-08,0.0019110034108460576
864.0,99.07556116606888,2.5131085850240075e-08,0.0019046440871304865
864.3333333333333,99.07860970413213,2.5667231059375258e-08,0.0018983059276357548
864.6666666666666,99.08164830055055,2.6214823306833285e-08,0.0018919888619695977
865.0,99.08467698760398,2.677410715412622e-08,0.0018856928199748125
865.3333333333333,99.08769579065459,2.7345332389053156e-08,0.0018794177317284862
865.6666666666666,99.09070472934062,2.792875413778755e-08,0.0018731635275412279
866.0,99.0937038198657,2.8524632979600612e-08,0.0018669301379564225
866.3333333333333,99.09669307796155,2.9133235064182058e-08,0.0018607174937494675
866.6666666666666,99.0996725221025,2.9754832231514324e-08,0.0018545255259270138
867.0,99.10264217654981,3.038970213425618e-08,0.0018483541657262287
867.3333333333333,99.10560207380409,3.103812836259721e-08,0.0018422033446140408
867.6666666666666,99.10855225604392,3.170040057153926e-08,0.00183607299428639
868.0,99.11149277512885,3.237681461056053e-08,0.0018299630466674988
868.3333333333333,99.114423690745,3.306767265562414e-08,0.001823873433909126
868.6666666666666,99.11734506627128,3.377328334348707e-08,0.0018178040883898247
869.0,99.12025696194473,3.449396190826508e-08,0.0018117549427142225
869.3333333333333,99.12315942490268,3.523003032021565e-08,0.0018057259297122826
869.6666666666666,99.12605247568028,3.598181742669473e-08,0.0017997169824385726
870.0,99.12893609074152,3.674965909524278e-08,0.0017937280341715491
870.3333333333333,99.13181018235944,3.7533898359102574e-08,0.0017877590184128312
870.6666666666666,99.13467491709297,3.8334885635313864e-08,0.0017818098688864865
871.0,99.13753032197009,3.915297881309331e-08,0.0017758805195383159
871.3333333333333,99.14037628984215,3.9988543408231524e-08,0.001769970904535133
871.6666666666666,99.14321283175862,4.084195277399722e-08,0.001764080958264058
872.0,99.1460400284113,4.1713588258813915e-08,0.00175821061533182
872.3333333333333,99.14885799193304,4.260383936955819e-08,0.001752359810564047
872.6666666666666,99.15166683709909,4.351310394037283e-08,0.0017465284790045565
873.0,99.1544666609791,4.444178830688776e-08,0.00174071655591467
873.3333333333333,99.15725753008803,4.5390307485750175e-08,0.0017349239767725099
873.6666666666666,99.16003947408376,4.63590853593569e-08,0.0017291506772723027
874.0,99.16281248505973,4.734855486568193e-08,0.0017233965933237004
874.3333333333333,99.16557652148063,4.8359158193100636e-08,0.0017176616610510885
874.6666666666666,99.16833151580914,4.939134698010375e-08,0.0017119458167928975
875.0,99.17107738487196,5.044558251979371e-08,0.0017062489971009342
875.3333333333333,99.17381404201295,5.152233596906532e-08,0.0017005711387396982
875.6666666666666,99.17654141008184,5.262208856236366e-08,0.0016949121786857034
876.0,99.1792594343062,5.3745331829911465e-08,0.0016892720541268167
876.3333333333333,99.18196809409504,5.4892567820308666e-08,0.0016836507024615853
876.6666666666666,99.18466741282198,5.606430932739635e-08,0.001678048061298565
877.0,99.18735746463611,5.726108012127771e-08,0.0016724640684556691
877.3333333333333,99.19003837734863,5.8483415183398507e-08,0.0016668986619595033
877.6666666666666,99.19271033044333,5.973186094557965e-08,0.0016613517800447026
878.0,99.19537354725905,6.100697553289375e-08,0.0016558233611532892
878.3333333333333,99.1980282803921,6.230932901028904e-08,0.0016503133439340148
878.6666666666666,99.20067478936677,6.363950363285273e-08,0.0016448216672417066
879.0,99.20331330962216,6.499809409960555e-08,0.0016393482701366324
879.3333333333333,99.2059440118631,6.638570781073136e-08,0.001633893091883851
879.6666666666666,99.20856695082352,6.780296512813363e-08,0.0016284560719525675
880.0,99.21118200249023,6.925049963921029e-08,0.0016230371500155038
880.3333333333333,99.21378878883526,7.072895842375128e-08,0.0016176362659482595
880.6666666666666,99.21638658910466,7.223900232385048e-08,0.0016122533598286713
881.0,99.21897455373856,7.37813062948287e-08,0.0016068883719362092
881.3333333333333,99.22155376686914,7.535656018846688e-08,0.0016015412427514322
881.6666666666666,99.22412450959165,7.696546838010449e-08,0.0015962119129552422
882.0,99.2266867974988,7.860875026233394e-08,0.0015909003234283077
882.3333333333333,99.22924066862288,8.02871406319574e-08,0.0015856064152504565
882.6666666666666,99.23178617057168,8.200139000788048e-08,0.0015803301297000567
883.0,99.23432335117694,8.375226495913683e-08,0.001575071408253419
883.3333333333333,99.23685225225172,8.554054844286129e-08,0.0015698301925841855
883.6666666666666,99.23937290605362,8.736704015201494e-08,0.001564606424562722
884.0,99.24188533404997,8.923255687266389e-08,0.0015594000462555312
884.3333333333333,99.24438954758213,9.113793285063074e-08,0.0015542109999246508
884.6666666666666,99.24688555002506,9.308402016732126e-08,0.001549039228027058
885.0,99.24937334003896,9.507168912452794e-08,0.001543884673214091
885.3333333333333,99.25185291550953,9.710182863803016e-08,0.0015387472783308593
885.6666666666666,99.25432427777353,9.917534663979295e-08,0.0015336269864156564
886.0,99.25678743572604,1.0129317048856589e-07,0.0015285237406993917
886.3333333333333,99.25924240940618,1.0345624738870225e-07,0.0015234374846050116
886.6666666666666,99.26168923265794,1.056655448170005e-07,0.00151836816174692
887.0,99.26412795446245,1.0792205095736878e-07,0.0015133157159304223
887.3333333333333,99.26655863853858,1.1022677514313372e-07,0.0015082800911511525
887.6666666666666,99.2689813608083,1.1258074830679498e-07,0.0015032612315945067
888.0,99.27139620432342,1.1498502343702585e-07,0.0014982590816350933
888.3333333333333,99.2738032512504,1.1744067604274214e-07,0.0014932735858361706
888.6666666666666,99.27620257150959,1.199488046240402e-07,0.0014883046889490892
889.0,99.27859420766585,1.2251053114980426e-07,0.0014833523359127502
889.3333333333333,99.28097815566679,1.251270015418056e-07,0.0014784164718530527
889.6666666666666,99.28335434102553,1.277993861650948e-07,0.0014734970420823433
890.0,99.2857225900443,1.3052888032448597e-07,0.001468593992098884
890.3333333333333,99.28808281076624,1.333167049861788e-07,0.0014637072675863412
890.6666666666666,99.29043528373936,1.36164107588512e-07,0.001458836814413291
891.0,99.29278001634532,1.3907236196203467e-07,0.001453982578632603
891.3333333333333,99.29511702990519,1.4204276922225573e-07,0.0014491445064809601
891.6666666666666,99.29744636179356,1.4507665834463063e-07,0.0014443225443783346
892.0,99.29976805513158,1.4817538674132402e-07,0.0014395166389274763
892.3333333333333,99.3020821514425,1.513403408561729e-07,0.0014347267369133943
892.6666666666666,99.30438868591779,1.54572936777488e-07,0.0014299527853028427
893.0,99.3066876849421,1.5787462086833006e-07,0.0014251947312438225
893.3333333333333,99.30897916552533,1.6124687041392766e-07,0.0014204525220650776
893.6666666666666,99.31126313628961,1.646911942858738e-07,0.0014157261052755912
894.0,99.31353959965988,1.6820913362273738e-07,0.0014110154285641033
894.3333333333333,99.31580855490564,1.7180226252675742e-07,0.0014063204397986174
894.6666666666666,99.31807000168266,1.7547218877625643e-07,0.0014016410870259105
895.0,99.32032394372224,1.7922055455340885e-07,0.001396977318471062
895.3333333333333,99.32257039231663,1.8304903718703318e-07,0.0013923290825369732
895.6666666666666,99.32480936924853,1.8695934991004378e-07,0.001387696327803889
896.0,99.32704090881282,1.909532426311981e-07,0.0013830790030289382
896.3333333333333,99.32926505857894,1.9503250272080793e-07,0.0013784770571456649
896.6666666666666,99.33148187854177,1.99198955810052e-07,0.0013738904392635606
897.0,99.33369143830933,2.034544666035227e-07,0.0013693190986676178
897.3333333333333,99.33589381197557,2.0780093970467904e-07,0.0013647629848178699
897.6666666666666,99.33808907032616,2.1224032045384102e-07,0.0013602220473489352
898.0,99.34027727002565,2.1677459577835784e-07,0.0013556962360695812
898.3333333333333,99.34245843943411,2.2140579505462406e-07,0.0013511855009622736
898.6666666666666,99.34463256070138,2.2613599098157735e-07,0.001346689792182733
899.0,99.34679954778711,2.3096730046531007e-07,0.0013422090600595058
899.3333333333333,99.3489592210476,2.3590188551657953e-07,0.0013377432550935263
899.6666666666666,99.3511116343143,2.409419549012054e-07,0.0013332923279577931
900.0,99.35325696779898,2.460897648719452e-07,0.0013288562294969213
900.3333333333333,99.35539524055677,2.5134761962208506e-07,0.0013244349107266443
900.6666666666666,99.35752647799774,2.5671787267397395e-07,0.001320028322833454
901.0,99.35965070762117,2.6220292791309493e-07,0.001315636417174204
901.3333333333333,99.36176795615978,2.6780524065168e-07,0.001311259145275707
901.6666666666666,99.36387824793421,2.7352731872138614e-07,0.0013068964588343346
902.0,99.36598160421767,2.7937172359455026e-07,0.0013025483097156398
902.3333333333333,99.36807804341115,2.853410715335905e-07,0.0012982146499539693
902.6666666666666,99.37016758182928,2.9143803476807247e-07,0.0012938954317520826
903.0,99.37225023489697,2.976653426989552e-07,0.0012895906074807894
903.3333333333333,99.374326018557,3.040257831295879e-07,0.0012853001296785794
903.6666666666666,99.37639495068876,3.1052220352297397e-07,0.0012810239510512571
904.0,99.37845705233829,3.171575122848169e-07,0.001276762024471596
904.3333333333333,99.38051234855975,3.239346800719202e-07,0.0012725143029789835
904.6666666666666,99.38256086866853,3.3085674112545825e-07,0.0012682807397790719
905.0,99.3846026457062,3.379267946286296e-07,0.001264061288243447
905.3333333333333,99.38663771491723,3.4514800608826905e-07,0.0012598559019092888
905.6666666666666,99.38866611103805,3.52523608739933e-07,0.0012556645344790373
906.0,99.39068786419821,3.6005690497596905e-07,0.0012514871398200758
906.3333333333333,99.39270299423406,3.677512677961481e-07,0.0012473236719644056
906.6666666666666,99.39471150321498,3.756101422803729e-07,0.0012431740851083267
907.0,99.39671336598248,3.8363704708297164e-07,0.0012390383336121343
907.3333333333333,99.39870859543575,3.9183557636330496e-07,0.001234916371999867
907.6666666666666,99.40069725147367,4.0020940141303566e-07,0.0012308081549590151
908.0,99.40267935133066,4.087622718592821e-07,0.0012267136373401782
908.3333333333333,99.40465491804412,4.1749801761863235e-07,0.0012226327741568224
908.6666666666666,99.40662397670387,4.264205505792219e-07,0.0012185655205849985
909.0,99.40858655189811,4.355338663309066e-07,0.0012145118319630823
909.3333333333333,99.41054266621529,4.4484204594299025e-07,0.0012104716637915088
909.6666666666666,99.41249233963023,4.543492577887115e-07,0.001206444971732516
910.0,99.4144355896022,4.6405975941568784e-07,0.0012024317116099087
910.3333333333333,99.4163724317132,4.7397789946160486e-07,0.0011984318394088174
910.6666666666666,99.41830288067439,4.841081196143522e-07,0.0011944453112754654
911.0,99.42022695152868,4.944549566158037e-07,0.0011904720835169552
911.3333333333333,99.42214466087755,5.050230443085322e-07,0.001186512112601051
911.6666666666666,99.42405602796009,5.158171157246587e-07,0.001182565355155967
912.0,99.4259610754123,5.268420052160338e-07,0.0011786317679701778
912.3333333333333,99.42785982953467,5.38102650625041e-07,0.0011747113079922206
912.6666666666666,99.42975231989612,5.49604095495226e-07,0.0011708039323305068
913.0,99.43163857810222,5.6135149132094e-07,0.001166909598253151
913.3333333333333,99.43351863555581,5.733500998352998e-07,0.0011630282631877964
913.6666666666666,99.435392520038,5.856052953356579e-07,0.0011591598847214446
914.0,99.4372602509376,5.981225670457758e-07,0.0011553044206003057
914.3333333333333,99.43912183295703,6.109075215140017e-07,0.001151461828729642
914.6666666666666,99.44097724812259,6.239658850466485e-07,0.0011476320671736189
915.0,99.44282652033161,6.373035069094889e-07,0.0011438150941552772
915.3333333333333,99.44466970228702,6.509263618157437e-07,0.001140010868056393
915.6666666666666,99.44650677671072,6.648405516762295e-07,0.0011362193474172332
916.0,99.44833775740223,6.790523093372427e-07,0.0011324404909366103
916.3333333333333,99.45016267659459,6.935680012327819e-07,0.0011286742574717701
916.6666666666666,99.45198157431889,7.083941301207944e-07,0.001124920606038292
917.0,99.45379449054423,7.235373379120118e-07,0.0011211794958100143
917.3333333333333,99.4556014597939,7.390044085894777e-07,0.0011174508861189643
917.6666666666666,99.45740250793845,7.54802271216738e-07,0.0011137347364553007
918.0,99.45919765086644,7.709380030326557e-07,0.0011100310064672807
918.3333333333333,99.46098689473325,7.874188326309578e-07,0.0011063396559612307
918.6666666666666,99.46277023748904,8.042521432224837e-07,0.0011026606449015272
919.0,99.46454767138611,8.214454759780903e-07,0.0010989939334106046
919.3333333333333,99.46631918616683,8.390065334503332e-07,0.0010953394817689614
919.6666666666666,99.46808477263224,8.569431830718835e-07,0.0010916972504151799
920.0,99.46984442629258,8.752634607286385e-07,0.001088067199945969
920.3333333333333,99.47159815080002,8.939755744056477e-07,0.0010844492911162053
920.6666666666666,99.47334596086446,9.130879079038128e-07,0.001080843484838988
921.0,99.47508788435303,9.326090246253162e-07,0.0010772497421857128
921.3333333333333,99.47682396327397,9.525476714259041e-07,0.0010736680243861481
921.6666666666666,99.47855425334565,9.72912782531983e-07,0.0010700982928285186
922.0,99.48027882185116,9.93713483520479e-07,0.0010665405090596115
922.3333333333333,99.4819977434796,1.0149590953595909e-06,0.0010629946347848807
922.6666666666666,99.48371109385428,1.036659138508396e-06,0.0010594606318685604
923.0,99.48541894044875,1.0588233370732516e-06,0.0010559384623337984
923.3333333333333,99.48712133059144,1.0814616230191336e-06,0.0010524280883627865
923.6666666666666,99.4888182762592,1.1045841404338626e-06,0.0010489294722969007
924.0,99.490509735361,1.1282012498431623e-06,0.0010454425766368589
924.3333333333333,99.49219558921195,1.1523235325746924e-06,0.0010419673640428763
924.6666666666666,99.49387561632435,1.176961795175006e-06,0.0010385037973348282
925.0,99.49554988578893,1.2021270795797902e-06,0.001035051839493254
925.3333333333333,99.49721860895598,1.2278306654138689e-06,0.0010316114536592172
925.6666666666666,99.49888177703988,1.2540840707788921e-06,0.0010281826031339474
926.0,99.50053940560916,1.2808990609516655e-06,0.0010247652513796328
926.3333333333333,99.50219152380927,1.3082876533794447e-06,0.0010213593620196698
926.6666666666666,99.5038381660518,1.3362621228535696e-06,0.0010179648988389396
927.0,99.50547936592649,1.36483500685753e-06,0.0010145818257841198
927.3333333333333,99.5071151520924,1.3940191110858249e-06,0.0010112101069640108
927.6666666666666,99.50874554590496,1.4238275151297146e-06,0.001007849706649887
928.0,99.51037056053534,1.4542735783259655e-06,0.0010045005892758817
928.3333333333333,99.5119902013384,1.4853709457649471e-06,0.0010011627194393856
928.6666666666666,99.51360446722614,1.5171335544541882e-06,0.0009978360619014672
929.0,99.51521335280266,1.5495756396334737e-06,0.0009945205815873259
929.3333333333333,99.5168168510175,1.582711741237863e-06,0.000991216243586757
929.6666666666666,99.51841495609374,1.6165567105047264e-06,0.0009879230131546364
930.0,99.52000766648729,1.6511257167208757e-06,0.000984640855711438
930.3333333333333,99.52159498763383,1.6864342541061817e-06,0.0009813697368437583
930.6666666666666,99.52317693424013,1.7224981488297697e-06,0.0009781096223048617
931.0,99.52475353187592,1.7593335661548633e-06,0.0009748604780152553
931.3333333333333,99.52632481762308,1.7969570177086804e-06,0.0009716222700632699
931.6666666666666,99.52789083953849,1.8353853688734685e-06,0.0009683949647056601
932.0,99.52945165468705,1.8746358462947378e-06,0.0009651785283682307
932.3333333333333,99.53100732550143,1.914726045503118e-06,0.0009619729276464699
932.6666666666666,99.53255791422495,1.9556739386459095e-06,0.0009587781293061981
933.0,99.53410347519419,1.997497882324388e-06,0.0009555941002842422
933.3333333333333,99.5356440447177,2.0402166255332983e-06,0.0009524208076891144
933.6666666666666,99.53717962830744,2.083849317698603e-06,0.0009492582188017058
934.0,99.53871018501934,2.128415516809538e-06,0.0009461063010760025
934.3333333333333,99.54023560865949,2.17393519764142e-06,0.0009429650221398053
934.6666666666666,99.54175571370071,2.2204287603165736e-06,0.0009398343497954985
935.0,99.54327061122893,2.267917050942679e-06,0.0009367142520225448
935.3333333333333,99.54478044240105,2.3164213623746826e-06,0.0009336046969771469
935.6666666666666,99.54628522122458,2.365963439469717e-06,0.000930505652992543
936.0,99.54778496423438,2.4165654928391408e-06,0.0009274170885805235
936.3333333333333,99.54927968860456,2.468250208635476e-06,0.0009243389724323737
936.6666666666666,99.55076941091824,2.5210407586159072e-06,0.0009212712734198562
937.0,99.55225414649803,2.5749608104777264e-06,0.0009182139605962414
937.3333333333333,99.55373390919948,2.630034538461575e-06,0.0009151670031973657
937.6666666666666,99.55520871157029,2.686286634217894e-06,0.0009121303706427275
938.0,99.55667856527792,2.743742317931938e-06,0.0009091040325366289
938.3333333333333,99.55814348170807,2.80242734970324e-06,0.0009060879586693432
938.6666666666666,99.55960347263668,2.8623680411749156e-06,0.0009030821190183194
939.0,99.56105855087812,2.9235912674081623e-06,0.0009000864837494285
939.3333333333333,99.56250873081203,2.986124478997856e-06,0.0008971010232182356
939.6666666666666,99.56395402869164,3.0499957144246235e-06,0.0008941257079713058
940.0,99.56539446263581,3.1152336126387355e-06,0.0008911605087475504
940.3333333333333,99.56683005220779,3.181867425871745e-06,0.0008882053964795975
940.6666666666666,99.56826081748306,3.2499270326712412e-06,0.0008852603422951934
941.0,99.56968677750884,3.319442951154046e-06,0.0008823253175186432
941.3333333333333,99.571107948058,3.3904463524738063e-06,0.0008794002936722737
941.6666666666666,99.57252433857992,3.4629690744983404e-06,0.0008764852424779244
942.0,99.57393594825086,3.5370436356920473e-06,0.0008735801358584778
942.3333333333333,99.57534276927025,3.6127032500719964e-06,0.0008706849459395286
942.6666666666666,99.5767448338135,3.6899818468747638e-06,0.0008677996450517107
943.0,99.57814215749771,3.7689140798526818e-06,0.0008649242057315876
943.3333333333333,99.57953475341597,3.849535344662081e-06,0.0008620586007236624
943.6666666666666,99.58092263622679,3.931881795065085e-06,0.0008592028029822214
944.0,99.58230582071528,4.015990358899335e-06,0.0008563567856731547
944.3333333333333,99.58368432089603,4.101898754493084e-06,0.0008535205221758312
944.6666666666666,99.58505814957317,4.189645507518175e-06,0.0008506939860850322
945.0,99.5864273182737,4.2792699682733555e-06,0.0008478771512129558
945.3333333333333,99.58779183746942,4.370812329391238e-06,0.0008450699915912703
945.6666666666666,99.58915171700352,4.464313643961366e-06,0.0008422724814732259
946.0,99.59050696663758,4.559815844061867e-06,0.0008394845953358315
946.3333333333333,99.59185759663447,4.657361759692982e-06,0.0008367063078820786
946.6666666666666,99.59320361829316,4.756995138104971e-06,0.0008339375940432207
947.0,99.59454504435108,4.858760663512808e-06,0.0008311784289811139
947.3333333333333,99.59588188916979,4.962703977191027e-06,0.0008284287880906023
947.6666666666666,99.59721416861966,5.068871697941177e-06,0.0008256886470019548
948.0,99.5985418995795,5.177311442924298e-06,0.0008229579815833611
948.3333333333333,99.59986509896653,5.288071848851803e-06,0.0008202367679434685
948.6666666666666,99.60118378221293,5.401202593527219e-06,0.0008175249824339674
949.0,99.60249796110416,5.516754417731161e-06,0.0008148226016522333
949.3333333333333,99.60380764089533,5.634779147442981e-06,0.0008121296024440056
949.6666666666666,99.60511281662097,5.755329716391522e-06,0.0008094459619061126
950.0,99.60641349165942,5.8784601935927135e-06,0.000806771657389897
950.3333333333333,99.60770969420099,6.004225810117308e-06,0.0008041066665045241
950.6666666666666,99.60900142958711,6.132682974971463e-06,0.0008014509671187796
951.0,99.61028870858911,6.263889306725945e-06,0.0007988045373650629
951.3333333333333,99.61157154502622,6.397903658591196e-06,0.0007961673556424589
951.6666666666666,99.61284995343996,6.53478614413333e-06,0.0007935394006199013
952.0,99.61412394750032,6.6745981637792074e-06,0.0007909206512394501
952.3333333333333,99.61539353904973,6.817402432095582e-06,0.0007883110867196703
952.6666666666666,99.61665873769059,6.963263005826152e-06,0.000785710686559113
953.0,99.61791955082168,7.11224531267022e-06,0.0007831194305399089
953.3333333333333,99.6191759840298,7.264416180788056e-06,0.0007805372987314525
953.6666666666666,99.6204280417416,7.419843869016721e-06,0.0007779642714941845
954.0,99.6216757280422,7.578598097780072e-06,0.0007754003294834778
954.3333333333333,99.62291904756536,7.740750080678064e-06,0.0007728454536536094
954.6666666666666,99.62415800636177,7.906372556739108e-06,0.0007702996252618227
955.0,99.62539261265064,8.075539823319138e-06,0.0007677628258724872
955.3333333333333,99.62662287736056,8.248327769632617e-06,0.0007652350373613367
955.6666666666666,99.62784881436521,8.424813910899147e-06,0.0007627162419197921
956.0,99.62907044031977,8.605077423089364e-06,0.0007602064220593742
956.3333333333333,99.6302877740036,8.789199178255362e-06,0.0007577055606161887
956.6666666666666,99.63150083507517,8.97726178042932e-06,0.0007552136407554888
957.0,99.63270964214453,9.16934960207395e-06,0.0007527306459763213
957.3333333333333,99.6339142100695,9.36554882107009e-06,0.0007502565601162383
957.6666666666666,99.63511454638102,9.565947458225076e-06,0.0007477913673560791
958.0,99.63631064674347,9.7706354152855e-06,0.0007453350522248302
958.3333333333333,99.63750248935561,9.9797045134397e-06,0.0007428875996045427
958.6666666666666,99.63869004008683,1.0193248536480252e-05,0.0007404489947358945
959.0,99.63987334615967,1.0411363304328826e-05,0.0007380192232279675
959.3333333333333,99.64105242288228,1.0634146675785516e-05,0.0007355982710582065
959.6666666666666,99.64222727562337,1.0861698603182397e-05,0.0007331861245795691
960.0,99.64339791319307,1.1094121181464258e-05,0.0007307827705269102
960.3333333333333,99.64456434563307,1.1331518692620824e-05,0.000728388196022714
960.6666666666666,99.64572658264919,1.1573997651512938e-05,0.0007260023885830167
961.0,99.64688463260818,1.1821666853064148e-05,0.000723625336123525
961.3333333333333,99.64803850201946,1.2074637420791264e-05,0.00072125702696591
961.6666666666666,99.64918819542365,1.2333022856645405e-05,0.0007188974498442808
962.0,99.65033371560861,1.2596939092134851e-05,0.0007165465939118421
962.3333333333333,99.65147506407477,1.286650454070344e-05,0.0007142044487477157
962.6666666666666,99.65261224167062,1.3141840151335924e-05,0.0007118710043639298
963.0,99.65374524931991,1.342306946336158e-05,0.0007095462512125804
963.3333333333333,99.65487408876164,1.3710318662429908e-05,0.0007072301801931452
963.6666666666666,99.65599876322435,1.4003716637629769e-05,0.0007049227826599536
964.0,99.65711927795566,1.430339503972323e-05,0.0007026240504298166
964.3333333333333,99.65823564052874,1.4609488340468034e-05,0.0007003339757897977
964.6666666666666,99.65934786084655,1.4922133892999996e-05,0.0006980525515051289
965.0,99.66045595076551,1.5241471993246552e-05,0.0006957797708272732
965.3333333333333,99.66155992325962,1.556764594234547e-05,0.0006935156275021185
965.6666666666666,99.66265979104642,1.5900802110039982e-05,0.0006912601157783031
966.0,99.66375556459609,1.624108999902151e-05,0.0006890132304156774
966.3333333333333,99.66484724944479,1.658866231019408e-05,0.0006867749666938834
966.6666666666666,99.66593484273382,1.6943675008831684e-05,0.0006845453204210562
967.0,99.66701832889557,1.7306287391599627e-05,0.0006823242879426487
967.3333333333333,99.66809767450498,1.7676662154478192e-05,0.0006801118661503716
967.6666666666666,99.66917290470471,1.805496551666034e-05,0.0006779080524988953
968.0,99.67024403851123,1.844136725512806e-05,0.0006757128450101044
968.3333333333333,99.67131105279388,1.8836040755825358e-05,0.0006735262422797467
968.6666666666666,99.67237394461453,1.9239163131759477e-05,0.0006713482434933389
969.0,99.67343272305223,1.9650915296908202e-05,0.0006691788484359171
969.3333333333333,99.67448740273231,2.0071482043015965e-05,0.0006670180575021788
969.6666666666666,99.67553799890648,2.0501052119210853e-05,0.0006648658717070125
970.0,99.67658452392989,2.093981831437426e-05,0.0006627222926964143
970.3333333333333,99.6776269849823,2.1387977542199023e-05,0.0006605873227587667
970.6666666666666,99.67866538287919,2.1845730928867913e-05,0.0006584609648364772
971.0,99.67969971181968,2.231328390328428e-05,0.0006563432225379754
971.3333333333333,99.68072995991757,2.2790846289790718e-05,0.0006542341001500433
971.6666666666666,99.68175611036193,2.327863240330769e-05,0.0006521336026504771
972.0,99.68277814305377,2.3776861146823667e-05,0.0006500417357210788
972.3333333333333,99.6837960365652,2.4285756111172983e-05,0.0006479585057609521
972.6666666666666,99.68480977026766,2.480554567703309e-05,0.0006458839199001036
973.0,99.6858193264754,2.533646311907283e-05,0.0006438179860133406
973.3333333333333,99.68682469245098,2.5878746712187998e-05,0.0006417607127344502
973.6666666666666,99.68782586211921,2.643263983975586e-05,0.0006397121094706502
974.0,99.68882283733564,2.6998391103840094e-05,0.0006376721864173119
974.3333333333333,99.68981562855653,2.757625443728266e-05,0.0006356409545729328
974.6666666666666,99.69080425475654,2.8166489217614137e-05,0.0006336184257543546
975.0,99.69178874244052,2.8769360382713938e-05,0.0006316046126122237
975.3333333333333,99.69276912359605,2.9385138548157018e-05,0.0006295995286466726
975.6666666666666,99.69374543243295,3.001410012617867e-05,0.0006276031882232189
976.0,99.69471770075657,3.065652744618852e-05,0.0006256156065888781
976.3333333333333,99.69568595182092,3.131270887677069e-05,0.0006236367998884682
976.6666666666666,99.6966501925084,3.1982938949101636e-05,0.0006216667851811038
977.0,99.69761040368249,3.266751848171647e-05,0.0006197055804568759
977.3333333333333,99.69856652855971,3.3366754706561194e-05,0.0006177532046536937
977.6666666666666,99.6995184589477,3.4080961396262105e-05,0.000615809677674289
978.0,99.70046601940845,3.481045899273373e-05,0.0006138750204034022
978.3333333333333,99.701409243692,3.555557498729576e-05,0.0006119492547600071
978.6666666666666,99.70234826805486,3.631664394167098e-05,0.0006100324036995075
979.0,99.70328306535139,3.709400744273482e-05,0.0006081244912066376
979.3333333333333,99.70421362264126,3.788801442077884e-05,0.0006062255423390261
979.6666666666666,99.70513993531726,3.869902129502331e-05,0.0006043355832466906
980.0,99.70606200245572,3.952739212483599e-05,0.0006024546411923217
980.3333333333333,99.70697982327975,4.0373498766528615e-05,0.0006005827445723245
980.6666666666666,99.70789339462486,4.1237721035595554e-05,0.0005987199229386086
981.0,99.70880270929709,4.212044687425834e-05,0.000596866207021109
981.3333333333333,99.70970775521306,4.302207252418805e-05,0.0005950216287510104
981.6666666666666,99.71060851521227,4.3943002704269625e-05,0.000593186221284662
982.0,99.71150496743114,4.48836507932719e-05,0.0005913600190281683
982.3333333333333,99.71239708612865,4.584443901729543e-05,0.0005895430576626266
982.6666666666666,99.71328484285365,4.6825798641862285e-05,0.0005877353741699987
983.0,99.71416820784347,4.782817016851115e-05,0.0005859370068596026
983.3333333333333,99.71504715154363,4.885200353577036e-05,0.0005841479953951947
983.6666666666666,99.71592164613871,4.989775832437275e-05,0.0005823683808226299
984.0,99.71679166698398,5.096590396657552e-05,0.0005805982055980859
984.3333333333333,99.71765719382782,5.2056919959458165e-05,0.0005788375136168209
984.6666666666666,99.71851821171457,5.317129608206204e-05,0.0005770863502424542
985.0,99.71937471145782,5.4309532616234724e-05,0.0005753447623367538
985.3333333333333,99.72022668957389,5.547214057105239e-05,0.0005736127982899023
985.6666666666666,99.7210741475654,5.665964191068391e-05,0.0005718905080512279
986.0,99.72191709044458,5.7872569785559186e-05,0.0005701779431603878
986.3333333333333,99.72275552438646,5.9111468766715884e-05,0.0005684751567789728
986.6666666666666,99.72358945340153,6.037689508318749e-05,0.0005667822037225213
987.0,99.72441887491775,6.166941686229556e-05,0.0005650991404929291
987.3333333333333,99.72524377416191,6.298961437272015e-05,0.0005634260253112246
987.6666666666666,99.72606411722991,6.433808027021187e-05,0.0005617629181506968
988.0,99.72687984273603,6.571541984580732e-05,0.000560109880770363
988.3333333333333,99.72769085193086,6.712225127642335e-05,0.0005584669767487463
988.6666666666666,99.72849699799262,6.8559205878201e-05,0.0005568342715180277
989.0,99.72929921549213,7.002692919066995e-05,0.0005552118325241756
989.3333333333333,99.73009744989231,7.152608028646139e-05,0.0005535997291068184
989.6666666666666,99.73089068131495,7.305733176113361e-05,0.0005519980324996005
990.0,99.73167838805662,7.462137086393977e-05,0.0005504068160014728
990.3333333333333,99.73246041714111,7.621889974246759e-05,0.0005488261550080439
990.6666666666666,99.7332368726489,7.785063570273003e-05,0.0005472561270452642
991.0,99.7340080207698,7.951731148434185e-05,0.0005456968118053826
991.3333333333333,99.7347742105251,8.12196755504314e-05,0.0005441482911851068
991.6666666666666,99.73553580910509,8.295849239192317e-05,0.0005426106493259057
992.0,99.73629315076836,8.473454284582513e-05,0.0005410839726563994
992.3333333333333,99.73704649824896,8.654862442717122e-05,0.0005395683499367619
992.6666666666666,99.73779601561749,8.840155167425415e-05,0.0005380638723050811
993.0,99.73854175154239,9.029415650678205e-05,0.0005365706333256159
993.3333333333333,99.73928363189754,9.222728859661015e-05,0.0005350887290388801
993.6666666666666,99.74002146066233,9.420181575068217e-05,0.0005336182580134944
994.0,99.74075492806038,9.621862430581488e-05,0.0005321593213997484
994.3333333333333,99.74148362488297,9.827861953497737e-05,0.0005307120229848017
994.6666666666666,99.74220706194353,0.0001003827260646996,0.0005292764692494641
995.0,99.7429246936091,0.00010253188830324315,0.0005278527694264994
995.3333333333333,99.74363594435513,0.0001047270708791867,0.0005264410355603793
995.6666666666666,99.74434023728973,0.00010696925909006016,0.0005250413825684295
996.0,99.74503702359331,0.00010925945936066008,0.0005236539283033104
996.3333333333333,99.74572581182018,0.00011159869971069983,0.0005222787936167612
996.6666666666666,99.74640619600787,0.00011398803023142772,0.0005209161024245475
997.0,99.74707788154049,0.00011642852357084563,0.0005195659817725564
997.3333333333333,99.74774070771247,0.00011892127542718224,0.0005182285619039659
997.6666666666666,99.74839466593833,0.0001214674050502537,0.0005169039763274318
998.0,99.74903991255535,0.00012406805575034395,0.0005155923618862322
998.3333333333333,99.74967677516452,0.00012672439541425935,0.0005142938588283002
998.6666666666666,99.75030575145662,0.0001294376170281906,0.000513008610877085
999.0,99.75092749946914,0.00013220893920701292,0.0005117367653031835
999.3333333333333,99.7515428182203,0.00013503960672968084,0.0005104784729966716
999.6666666666666,99.75215261766647,0.00013793089108034957,0.0005092338885400768
1000.0,99.75275787692898,0.00014088409099485372,0.0005080031702819329
1000.3333333333333,99.75335958973656,0.0001439005330122006,0.0005067864804108466
1000.6666666666666,99.75395869602949,0.0001469815720307096,0.0005055839850300175
1001.0,99.75455599867176,0.00015012859186842785,0.000504395854232153
1001.3333333333333,99.75515206421728,0.00015334300582748046,0.0005032222621747061
1001.6666666666666,99.75574710667624,0.00015662625726198644,0.0005020633871553798
1002.0,99.75634085322797,0.00015997982014916972,0.0005009194116878376
1002.3333333333333,99.75693239082635,0.00016340519966332492,0.0004997905225775502
1002.6666666666666,99.7575199926438,0.0001669039327522682,0.0004986769109977198
1003.0,99.75810092330026,0.0001704775887159021,0.0004975787725652231
1003.3333333333333,99.7586712218232,0.00017412776978655524,0.0004964963074165027
1003.6666666666666,99.75922546290523,0.00017785611171190828,0.0004954297202835284
1004.0,99.75976559801323,0.00018166429044624152,0.0004943792215116594
1004.3333333333333,99.76029806361478,0.0001855540194950532,0.0004933450266762949
1004.6666666666666,99.76082324509241,0.000189527044801534,0.0004923273557470545
1005.0,99.76134121644648,0.0001935851500500008,0.0004913264338729556
1005.3333333333333,99.76185184187919,0.00019773015734940525,0.0004903424914781472
1005.6666666666666,99.762354859719,0.00020196392795449587,0.0004893757643622464
1006.0,99.76284995001228,0.00020628836302347925,0.0004884264938051664
1006.3333333333333,99.7633367871099,0.00021070540441106637,0.0004874949266763132
1006.6666666666666,99.7638150785757,0.00021521703549575144,0.0004865813155480389
1007.0,99.76428459174417,0.0002198252820401688,0.0004856859188132378
1007.3333333333333,99.76474516925485,0.00022453221308341511,0.0004848090008069649
1007.6666666666666,99.76519673489042,0.00022933994186418363,0.0004839508319319628
1008.0,99.76563929104589,0.00023425062677355523,0.00048311168878798465
1008.3333333333333,99.76607290915622,0.00023926647233633505,0.00048229185430479117
1008.6666666666666,99.76649771440951,0.0002443897302197807,0.0004814916178787098
1009.0,99.76691386607311,0.0002496227002685657,0.0004807112755126413
1009.3333333333333,99.76732153475996,0.0002549677315648694,0.00047995112995939405
1009.6666666666666,99.76772087796232,0.0002604272235124372,0.00047921149086823235
1010.0,99.76811201518032,0.00026600362694345565,0.00047849267493452495
1010.3333333333333,99.76849500397236,0.00027169944524713314,0.00047779500605237403
1010.6666666666666,99.76886981825494,0.00027751723551883167,0.00047711881547011055
1011.0,99.76923633017898,0.0002834596097285912,0.0004764644419485425
1011.3333333333333,99.76959429690991,0.00028952923590794017,0.00047583223192183615
1011.6666666666666,99.76994335363895,0.0002957288393538372,0.00047522253966091646
1012.0,99.77028301415265,0.0003020612038485828,0.00047463572743927245
1012.3333333333333,99.77061268028815,0.00030852917289459923,0.0004740721657010487
1012.6666666666666,99.77093166160135,0.00031513565096291944,0.00047353223323130843
1013.0,99.7712392065752,0.00032188360475422567,0.00047301631732835385
1013.3333333333333,99.77153454669549,0.000328776064471336,0.0004725248139779857
1013.6666666666666,99.77181695472142,0.0003358161251019803,0.0004720581280295864
1014.0,99.77208581847805,0.0003430069477107033,0.0004716166733739137
1014.3333333333333,99.77234073149815,0.00035035176073879677,0.00047120087312248524
1014.6666666666666,99.77258160184053,0.0003578538613111008,0.0004708111597884403
1015.0,99.77280878041225,0.0003655166165485097,0.00047044797546876395
1015.3333333333333,99.7730232101218,0.0003733434648850891,0.0004701117720277547
1015.6666666666666,99.77322659719086,0.0003813379173886397,0.0004698030112816225
1016.0,99.77342150990863,0.00038950355925085567,0.00046952216520437573
1016.3333333333333,99.77360625678605,0.00039784405931026667,0.00046926971708215355
1016.6666666666666,99.77377837821122,0.00040636316389973805,0.00046904616075212513
1017.0,99.77393738256674,0.00041506469661527646,0.00046885200066596567
1017.3333333333333,99.77408296204223,0.00042395256340608276,0.0004686877525384136
1017.6666666666666,99.77421492870789,0.000433030754147114,0.00046855394355713154
1018.0,99.77433316186234,0.0004423033442807917,0.0004684511126027038
1018.3333333333333,99.77443756579673,0.0004517744965263625,0.0004683798104785066
1018.6666666666666,99.77452803711729,0.00046144846265533943,0.00046834060015018777
1019.0,99.77460444076907,0.00047132958533144644,0.00046833405699449175
1019.3333333333333,99.77466659390248,0.0004814223000135765,0.00046836076905716617
1019.6666666666666,99.77471425672549,0.0004917311369201901,0.0004684213373196863
1020.0,99.77474712948336,0.000502260723053574,0.0004685163759745335
1020.3333333333333,99.77476485470838,0.0005130157842824748,0.0004686465127087637
1020.6666666666666,99.77476702388185,0.0005240011474815326,0.00046881238899560296
1021.0,99.77475318765046,0.000535221742725932,0.0004690146603938047
1021.3333333333333,99.77472286873953,0.0005466826055397895,0.0004692539968545063
1021.6666666666666,99.77467557670516,0.0005583888791967002,0.00046953108303532127
1022.0,99.77461082366784,0.0005703458170708588,0.0004698466186214015
1022.3333333333333,99.77452814016942,0.0005825587850372792,0.00047020131865320767
1022.6666666666666,99.7744270902961,0.000595033263919532,0.00047059591386072383
1023.0,99.77430728520937,0.0006077748519834139,0.0004710311510038505
1023.3333333333333,99.7741683942275,0.0006207892674750772,0.0004715077932187148
1023.6666666666666,99.77401015259947,0.0006340823512020363,0.00047202662036963344
1024.0,99.77383236511399,0.0006476600691554636,0.0004725884294064622
1024.3333333333333,99.77363490468557,0.0006615285151723062,0.0004731940347270719
1024.6666666666665,99.77341770506013,0.0006756939136356359,0.00047384426854468525
1025.0,99.7731807467823,0.0006901626222116726,0.00047453998125980996
1025.3333333333333,99.7729240355667,0.0007049411346219195,0.0004752820418365039
1025.6666666666665,99.77264757221553,0.000720036083448985,0.00047607133818271393
1026.0,99.77235131322456,0.0007354542429743672,0.000476908777534417
1026.3333333333333,99.77203512122014,0.0007512025320467336,0.00047779528684330176
1026.6666666666665,99.77169870436903,0.0007672880169792501,0.00047873181316773425
1027.0,99.77134154390377,0.0007837179144742258,0.0004797193240667326
1027.3333333333333,99.77096280890555,0.0008004995945736104,0.0004807588079966917
1027.6666666666665,99.770561257487,0.0008176405836339097,0.0004818512747106013
1028.0,99.77013512351708,0.0008351485673237663,0.00048299775565948023
1028.3333333333333,99.7696822404826,0.0008530313946660148,0.0004841993045505601
1028.6666666666665,99.7692038238948,0.0008712970953762082,0.00048545699994506566
1029.0,99.7687003623523,0.0008899538654554376,0.0004867719430497239
1029.3333333333333,99.76817141604722,0.000909010073336358,0.0004881452585316872
1029.6666666666665,99.76761649647074,0.0009284742671830574,0.0004895780955671194
1030.0,99.76703508104792,0.0009483551783786934,0.0004910716283189944
1030.3333333333333,99.76642662479793,0.0009686617251611178,0.0004926270564346889
1030.6666666666665,99.76579056927375,0.0009894030164027156,0.0004942456055628881
1031.0,99.76512634903573,0.001010588355530318,0.0004959285278892965
1031.3333333333333,99.76443339591319,0.0010322272445813987,0.0004976771026906725
1031.6666666666665,99.76371114130822,0.001054329388392794,0.0004994926369067069
1032.0,99.76295901679593,0.0010769046989177837,0.0005013764657292361
1032.3333333333333,99.76217645327529,0.0010999632996677555,0.0005033299532083079
1032.6666666666665,99.76136287892496,0.001123515530274699,0.0005053544928746238
1033.0,99.76051771621813,0.0011475719511703502,0.000507451508377843
1033.3333333333333,99.75964037825068,0.0011721433483782174,0.0005096224541402714
1033.6666666666665,99.7587302646368,0.0011972407384147434,0.0005118688160254555
1034.0,99.75778675722646,0.0012228753732954087,0.0005141921120211695
1034.3333333333333,99.75680921589866,0.0012490587456420116,0.0005165938929363147
1034.6666666666665,99.75579697468498,0.0012758025938873947,0.0005190757431112577
1035.0,99.75474933847747,0.0013031189075733997,0.0005216392811410881
1035.3333333333333,99.75366558057496,0.001331019932738297,0.0005242861606113207
1035.6666666666665,99.75254494132248,0.0013595181773899709,0.0005270180708455656
1036.0,99.7513866280974,0.0013886264170606191,0.0005298367376646487
1036.3333333333333,99.75018981689696,0.0014183577004392269,0.0005327439241567042
1036.6666666666665,99.74895365578116,0.0014487253550781046,0.000535741431457769
1037.0,99.74767727042543,0.001479742993169228,0.0005388310995423542
1037.3333333333333,99.74635977203695,0.00151142451738665,0.000542014808023519
1037.6666666666665,99.74500026788934,0.0015437841267912848,0.0005452944769619786
1038.0,99.74359787472935,0.0015768363227937825,0.0005486720676837165
1038.3333333333333,99.74215173531033,0.0016105959151717733,0.000552149583605631
1038.6666666666665,99.74066103830623,0.0016450780281377945,0.000555729071068745
1039.0,99.73912504186066,0.0016802981064535922,0.0005594126201784508
1039.3333333333333,99.73754310102505,0.001716271921587091,0.0005632023656513169
1039.6666666666665,99.73591459595144,0.0017530155812420522,0.0005671004881090624
1040.0,99.73423820942655,0.0017905455561682065,0.0005711092176375008
1040.3333333333333,99.73251280235792,0.0018288786581707568,0.000575230830905048
1040.6666666666665,99.73073734878002,0.0018680320557032763,0.0005794676532956192
1041.0,99.72891083168635,0.0019080232842765613,0.000583822060318077
1041.3333333333333,99.72703222841632,0.001948870253821543,0.0005882964786117594
1041.6666666666665,99.7251004993115,0.0019905912563131364,0.0005928933869886601
1042.0,99.72311457931931,0.0020332049736485618,0.0005976153175113402
1042.3333333333333,99.72107337222249,0.0020767304857744135,0.0006024648566057237
1042.6666666666665,99.71897574717217,0.0021211872790567804,0.0006074446462079407
1043.0,99.71682053720318,0.002166595254887938,0.0006125573849442885
1043.3333333333333,99.71460653940927,0.002212974738523888,0.0006178058293434693
1043.6666666666665,99.71233251645685,0.0022603464881470773,0.0006231927950802679
1044.0,99.70999719911502,0.0023087317041477783,0.0006287211582497366
1044.3333333333333,99.70759928948034,0.0023581520386184197,0.0006343938566710476
1044.6666666666665,99.70513746457435,0.002408629605055226,0.0006402138912201783
1045.0,99.70261037999212,0.0024601869882606045,0.0006461843271904932
1045.3333333333333,99.7000166732798,0.002512847254440591,0.0006523082956803835
1045.6666666666665,99.69735496671959,0.0025666339614917296,0.0006585889950071341
1046.0,99.6946238692,0.002621571169470786,0.0006650296921460748
1046.3333333333333,99.69182197684995,0.0026776834512416297,0.0006716337241941805
1046.6666666666665,99.6889478721144,0.002734995903293673,0.0006784044998572926
1047.0,99.68600012095001,0.0027935341567252355,0.0006853455009600132
1047.3333333333333,99.68297726781904,0.002853324388386178,0.0006924602839774388
1047.6666666666665,99.67987782815923,0.002914393332174226,0.000699752481587909
1048.0,99.67670027800835,0.002976768290478303,0.0007072258042458164
1048.3333333333333,99.67344304046125,0.003040477145763239,0.0007148840417736474
1048.6666666666665,99.67010446863762,0.003105548372290298,0.0007227310649724313
1049.0,99.66668282483869,0.003172011047966802,0.0007307708272496393
1049.3333333333333,99.66317625557107,0.0032398948663192317,0.0007390073662637042
1049.6666666666665,99.65958276211576,0.0033092301485842827,0.0007474448055843447
1050.0,99.65590033061444,0.0033800478610067344,0.0007560873571107434
1050.3333333333333,99.65212749397371,0.003452379648045865,0.0007649393257619143
1050.6666666666665,99.64826232268813,0.0035262578147438983,0.0007740051068007394
1051.0,99.64430286698187,0.0036017153514999022,0.00078328918939915
1051.3333333333333,99.64024719699032,0.00367878595028683,0.0007927961588804247
1051.6666666666665,99.63609336881431,0.0037575040189148996,0.0008025306986740824
1052.0,99.6318393992498,0.0038379046957290634,0.000812497592335352
1052.3333333333333,99.62748324823447,0.00392002386473297,0.0008227017256278028
1052.6666666666665,99.62302280805348,0.004003898171131918,0.0008331480886677255
1053.0,99.61845589834624,0.0040895650372857915,0.0008438417781286696
1053.3333333333333,99.61378026595624,0.004177062679064402,0.0008547879995047213
1053.6666666666665,99.60899358866588,0.004266430122597793,0.0008659920694311175
1054.0,99.6040934818583,0.0043577072214123925,0.0008774594180605941
1054.3333333333333,99.59907750714805,0.004450934673945524,0.0008891955914940542
1054.6666666666665,99.59394318202291,0.0045461540414308025,0.0009012062542641601
1055.0,99.58868798953831,0.004643407766145301,0.0009134971918702338
1055.3333333333333,99.58330938710697,0.004742739190010969,0.000926074313363061
1055.6666666666665,99.57780481342502,0.004844192573542913,0.0009389436539782035
1056.0,99.57217169257729,0.00494781311513532,0.0009521113778161974
1056.3333333333333,99.56640743436314,0.0050536469706775715,0.0009655837805682337
1056.6666666666665,99.56050942988524,0.005161741273493159,0.0009793672922859364
1057.0,99.55447504144294,0.005272144154592149,0.0009934684801936003
1057.3333333333333,99.54830158577249,0.005384904763229739,0.0010078940515414942
1057.6666666666665,99.54198630967588,0.005500073287763597,0.0010226508564988466
1058.0,99.53552635708034,0.005617700976800618,0.0010377458910848668
1058.3333333333333,99.52891872657064,0.005737840160625695,0.0010531863001364144
1058.6666666666665,99.52216021843569,0.005860544272905252,0.0010689793803109354
1059.0,99.51524737027206,0.005985867872656057,0.0010851325831230127
1059.3333333333333,99.50817638018593,0.006113866666471981,0.0011016535180131412
1059.6666666666665,99.50094394743832,0.006244597545166997,0.0011185499578895096
1060.0,99.49354729106098,0.006378118613005266,0.0011358298430806716
1060.3333333333333,99.48598280130156,0.006514489188460516,0.0011535012808896958
1060.6666666666665,99.47824699587986,0.006653769841586761,0.001171572551379429
1061.0,99.4703364249998,0.0067960224196503966,0.0011900521108787693
1061.3333333333333,99.46224759520088,0.006941310073292324,0.0012089485955839867
1061.6666666666665,99.45397691606802,0.007089697283312928,0.0012282708252695658
1062.0,99.44552066693944,0.007241249888076256,0.0012480278071058254
1062.3333333333333,99.43687498075194,0.007396035111532263,0.0012682287395808997
1062.6666666666665,99.42803584216301,0.007554121591856196,0.001288883016524688
1063.0,99.4189990970895,0.0077155794107012935,0.0013100002312320114
1063.3333333333333,99.40976047080221,0.007880480123063782,0.0013315901806825647
1063.6666666666665,99.40031559171602,0.008048896787759245,0.0013536628698552883
1064.0,99.3906600180148,0.008220903998506475,0.0013762285161343702
1064.3333333333333,99.380789264251,0.008396577915617794,0.0013992975538044854
1064.6666666666665,99.37069882505916,0.008575996298295037,0.0014228806386328964
1065.0,99.36038419312285,0.008759238537527142,0.0014469886525356175
1065.3333333333333,99.34984086853476,0.008946385689588408,0.0014716327083252499
1065.6666666666665,99.33906435668912,0.009137520510136693,0.0014968241545381263
1066.0,99.32805015184628,0.009332727488907346,0.0015225745803379466
1066.3333333333333,99.31679370350888,0.00953209288500201,0.001548895820493522
1066.6666666666665,99.30529036274875,0.009735704762771632,0.001575799960428276
1067.0,99.29353530562474,0.009943653028289343,0.0016032993413386625
1067.3333333333333,99.28152343083039,0.01015602946641241,0.0016314065653791321
1067.6666666666665,99.26924922871113,0.01037292777843266,0.0016601345009113
1068.0,99.25670661879072,0.010594443620310917,0.0016894962878144606
1068.3333333333333,99.24388875294609,0.010820674641494695,0.0017195053428550858
1068.6666666666665,99.23078968820855,0.011051720530938136,0.0017501753679110986
1069.0,99.2174050148188,0.011287683068506936,0.0017815203573767115
1069.3333333333333,99.20372841362499,0.011528666149277025,0.001813554598716941
1069.6666666666665,99.18975391663255,0.011774775828943164,0.0018462926815436965
1070.0,99.17547568334665,0.01202612036888701,0.0018797495037105724
1070.3333333333333,99.16088780843327,0.012282810281633413,0.001913940277541793
1070.6666666666665,99.14598419102593,0.012544958376833308,0.0019488805362436502
1071.0,99.13075845752853,0.012812679807823316,0.0019845861404932923
1071.3333333333333,99.1152039297647,0.01308609211881655,0.0020210732852003243
1071.6666666666665,99.0993136303242,0.013365315292779505,0.002058358506436726
1072.0,99.08308031695663,0.01365047180004486,0.0020964586885299083
1072.3333333333333,99.06649653786303,0.013941686647714856,0.002135391071314396
1072.6666666666665,99.04955469973588,0.014239087429910195,0.002175173257537639
1073.0,99.0322471403976,0.014542804378914097,0.002215823220414764
1073.3333333333333,99.01456619788857,0.014852970417266263,0.002257359311327751
1073.6666666666665,98.99650426785428,0.015169721210861829,0.002299800267664567
1074.0,98.97805384108301,0.015493195223104701,0.002343165220793026
1074.3333333333333,98.95920751304371,0.01582353377017015,0.0023874737041648846
1074.6666666666665,98.93995795727486,0.016160881077431848,0.0024327456615457132
1075.0,98.9202978544747,0.016505384337102517,0.0024790014553652913
1075.3333333333333,98.90021976914333,0.01685719376714317,0.002526261875184034
1075.6666666666665,98.87971596562696,0.017216462671496294,0.0025745481462710294
1076.0,98.85877815541481,0.017583347501691816,0.00262388193828838
1076.3333333333333,98.83739716753934,0.01795800791988105,0.002674285374077391
1076.6666666666665,98.81556253392971,0.018340606863354033,0.0027257810385421842
1077.0,98.7932619815695,0.018731310610588865,0.002778391987625416
1077.3333333333333,98.77048550082054,0.019130288819090766,0.0028321417615167137
1077.6666666666665,98.74722662754645,0.019537714604336277,0.0028870543962934885
1078.0,98.72347460530061,0.0199537646405896,0.0029431544264837354
1078.3333333333333,98.69921968702462,0.02037861918167548,0.003000466899514368
1078.6666666666665,98.67445253407216,0.02081246214004583,0.0030590173857436235
1079.0,98.64916372577589,0.021255481164694823,0.0031188319887439646
1079.3333333333333,98.62334343375224,0.021707867717682062,0.0031799373558892507
1079.6666666666665,98.59698123836071,0.022169817149624103,0.003242360689235507
1080.0,98.5700660647361,0.022641528774506446,0.003306129756683503
1080.3333333333333,98.5425862158105,0.023123205944176096,0.0033712729034124245
1080.6666666666665,98.51452947974262,0.023615056122875185,0.003437819063574
1081.0,98.48588328917201,0.024117290962167436,0.003505797772235231
1081.3333333333333,98.4566349097158,0.024630126376617663,0.00357523917755905
1081.6666666666665,98.42677163512488,0.025153782620585104,0.003646174053212278
1082.0,98.39628096651764,0.02568848436648189,0.0037186338109889963
1082.3333333333333,98.36515075310825,0.026234460784857108,0.0037926505136386597
1082.6666666666665,98.33336927184718,0.02679194562666737,0.003868256887888377
1083.0,98.30092522339122,0.027361177308084902,0.0039454863376473925
1083.3333333333333,98.26780762182094,0.027942398998203694,0.0040243729573831485
1083.6666666666665,98.23400555552219,0.02853585871000493,0.004104951545658353
1084.0,98.19950779665008,0.02914180939493225,0.004187257618817067
1084.3333333333333,98.16430223659225,0.029760509041437566,0.004271327424809179
1084.6666666666665,98.128375124849,0.03039222077785893,0.004357197957142763
1085.0,98.09171008874794,0.03103721297998051,0.004444906968952228
1085.3333333333333,98.05428691141063,0.03169575938363568,0.004534492987171704
1085.6666666666665,98.01608321228534,0.03236813914341293,0.004625995328809364
1086.0,97.97709302404992,0.03305463663497941,0.004719454128494895
1086.3333333333333,97.93729995585109,0.03375554206764691,0.0048149103373775785
1086.6666666666665,97.89668786170768,0.0344711512893296,0.004912405745452736
1087.0,97.85524258318726,0.035201765869231794,0.005011982998997467
1087.3333333333333,97.81295044459587,0.035947693245443404,0.0051136856162611825
1087.6666666666665,97.7697972166201,0.03670924685928948,0.005217558003726239
1088.0,97.72576748725926,0.03748674627829418,0.0053236454729026095
1088.3333333333333,97.68084437888405,0.0382805173096328,0.005431994257622337
1088.6666666666665,97.63500955025849,0.0390908921059461,0.005542651531799603
1089.0,97.5882434223627,0.03991820926537672,0.005655665427620277
1089.3333333333333,97.54052556685284,0.04076281392770155,0.005771085054126731
1089.6666666666665,97.49183519599528,0.04162505786843465,0.0058889605161637805
1090.0,97.44215169291209,0.042505299592759914,0.0060093429336495596
1090.3333333333333,97.39145512097481,0.04340390443116756,0.006132284461137115
1090.6666666666665,97.33972665118293,0.04432124463866947,0.0062578383076326806
1091.0,97.28694884636462,0.04525769949945184,0.006386058756634297
1091.3333333333333,97.23310574103644,0.046213655438839644,0.006517001186356643
1091.6666666666665,97.17818265575853,0.04718950614444814,0.006650722090108067
1092.0,97.1221656848229,0.048185652698379336,0.006787279096783396
1092.3333333333333,97.06504079611133,0.049202503722338156,0.006926730991438437
1092.6666666666665,97.00679248195964,0.05024047553754401,0.0070691377359122145
1093.0,96.9474018998657,0.05129999234129479,0.007214560489460398
1093.3333333333333,96.88684444187807,0.05238148640205857,0.007363061629365921
1093.6666666666665,96.8250866715014,0.05348539827496896,0.007514704771492849
1094.0,96.76208357172708,0.05461217700117439,0.007669554791411302
1094.3333333333333,96.69782707350585,0.05576227854125904,0.007827677878428592
1094.6666666666665,96.63230098986595,0.05693616790158484,0.007989141527467209
1095.0,96.56547727592711,0.058134318880593686,0.00815401456406421
1095.3333333333333,96.49733570925746,0.05935721343839271,0.008322367181257052
1095.6666666666665,96.42785923860113,0.060605342087451684,0.008494270960111367
1096.0,96.35703066377334,0.06187920420684213,0.00866979889169592
1096.3333333333333,96.28483048391884,0.06317930828928586,0.008849025400365688
1096.6666666666665,96.21123575132938,0.06450617213028219,0.009032026368214197
1097.0,96.13621976801767,0.06586032296855894,0.0092188791605529
1097.3333333333333,96.05975246224307,0.06724229758711577,0.00940966265227864
1097.6666666666665,95.9818012821854,0.06865264238412923,0.009604457254990352
1098.0,95.90233244396353,0.07009191342296409,0.0098033449447127
1098.3333333333333,95.82131237119486,0.07156067647055943,0.010006409290087717
1098.6666666666665,95.7387091632912,0.07305950703346,0.01021373548089572
1099.0,95.65449392968848,0.07458899040073577,0.01042541035676301
1099.3333333333333,95.56864182720584,0.07614972170305932,0.010641522435917525
1099.6666666666665,95.48113263773,0.07774230599721141,0.010862161943853772
1100.0,95.39195072342208,0.07936735838525726,0.011087420841764424
1100.3333333333333,95.30108419664255,0.08102550417766313,0.0113173928545998
1100.6666666666665,95.2085231417901,0.08271737910962464,0.011552173498616635
1101.0,95.11425672625174,0.0844436296198477,0.011791860108273405
1101.3333333333333,95.01826903765979,0.08620491320105268,0.012036551862333428
1101.6666666666665,94.92053348465139,0.08800189883147355,0.012286349809037336
1102.0,94.82100559832803,0.0898352674965918,0.012541356890201902
1102.3333333333333,94.71961407161065,0.09170571281037634,0.012801677964106622
1102.6666666666665,94.61626698182148,0.09361394051678101,0.01306741984392189
1103.0,94.51100583998944,0.0955606590048013,0.01333869146423514
1103.3333333333333,94.4037908241538,0.0975465957226893,0.013615603691207281
1103.6666666666665,94.29457884767267,0.09957248862685594,0.013898269465087121
1104.0,94.18334991973153,0.10163908465659509,0.014186803853668984
1104.3333333333333,94.07009389166676,0.10374714127807685,0.014481324064446778
1104.6666666666665,93.95480087183178,0.10589742761923884,0.014781949462358612
1105.0,93.83745488006134,0.10809072524254709,0.015088801592459952
1105.3333333333333,93.7180303127875,0.1103278286026364,0.015402004206868557
1105.6666666666665,93.59649078986051,0.11260954523584156,0.01572168329532468
1106.0,93.47278995413022,0.11493669572858996,0.01604796711870433
1106.3333333333333,93.34687379484153,0.11731011351166593,0.01638098624482892
1106.6666666666665,93.21868406589707,0.11973064452735913,0.016720873585914925
1107.0,93.08816237004281,0.12219914681646585,0.01706776443700108
1107.3333333333333,92.95525448003005,0.12471649007215445,0.017421796514696615
1107.6666666666665,92.81991446780695,0.12728355520770798,0.017783109995594192
1108.0,92.68210821279537,0.1299012339851114,0.018151847553684947
1108.3333333333333,92.54181586030644,0.13257042875149494,0.01852815439611909
1108.6666666666665,92.39903280114801,0.13529205233044833,0.018912178296656052
1109.0,92.2537687434798,0.13806702811517074,0.019304069626141146
1109.3333333333333,92.1060444479696,0.14089629041046947,0.01970398137935246
1109.6666666666665,91.9558856973037,0.14378078507062267,0.02011206919756202
1110.0,91.8033140711074,0.14672147048006903,0.020528491386147932
1110.3333333333333,91.64833409732887,0.14971931892393905,0.02095340892660143
1110.6666666666665,91.49091635113967,0.15277531839544306,0.02138698548227288
1111.0,91.33097607240758,0.15589047488707836,0.02182938739719333
1111.3333333333333,91.16834687279533,0.15906581521266933,0.022280783687315453
1111.6666666666665,91.00276899565065,0.16230238819766105,0.022741346053249855
1112.0,90.8343410287768,0.16560121440553424,0.023211249583840677
1112.3333333333333,90.66314843774238,0.1689633273127314,0.023690672226887196
1112.6666666666665,90.48916199023985,0.17238978440745842,0.024179794667009917
1113.0,90.3123525774423,0.1758816542806448,0.024678800524827217
1113.3333333333333,90.13269125376402,0.17944001644033364,0.025187876383775946
1113.6666666666665,89.95014950741587,0.18306596107312806,0.025707211816690834
1114.0,89.76469950607756,0.18676058879149834,0.026236999411538696
1114.3333333333333,89.57631406200639,0.19052501040581615,0.026777434795712523
1114.6666666666665,89.38496606090132,0.19436034675998745,0.027328716658291046
1115.0,89.19062803769754,0.19826772852259336,0.027891046771647773
1115.3333333333333,88.99327402374269,0.20224829561000904,0.02846463001674602
1115.6666666666665,88.7928784407013,0.20630319703236324,0.029049674401305698
1116.0,88.58941619375209,0.21043359054839705,0.02964639107903946
1116.3333333333333,88.38286253040924,0.21464064233347357,0.030254994367168168
1116.6666666666665,88.17319327694851,0.21892552654739916,0.030875701763653243
1117.0,87.96038518268777,0.2232894248559418,0.03150873396331073
1117.3333333333333,87.74441605926077,0.2277335259670747,0.032154314871887094
1117.6666666666665,87.52526440202244,0.23225902524297642,0.032812671617177554
1118.0,87.30290839117175,0.23686712440656646,0.03348403455682601
1118.3333333333333,87.07732754878127,0.24155903069372767,0.034168637291504655
1118.6666666666665,86.84850257597321,0.24633595633467217,0.03486671667144179
1119.0,86.61641486140512,0.2511991180710601,0.03557851280008232
1119.3333333333333,86.38104650062589,0.2561497365528568,0.03630426903694281
1119.6666666666665,86.14238047227832,0.26118903565262397,0.03704423199904043
1120.0,85.90040093612464,0.26631824171633467,0.03779865156050589
1120.3333333333333,85.65509332008722,0.2715385828329168,0.038567780849153105
1120.6666666666665,85.40644386349673,0.27685128820473276,0.03935187623877895
1121.0,85.15443919730619,0.2822575874716826,0.040151197339037825
1121.3333333333333,84.89906782886702,0.2877587095237761,0.040966006989066356
1121.6666666666665,84.64031925337697,0.2933558818636295,0.041796571240436946
1122.0,84.37818402906618,0.2990503297033582,0.04264315934023731
1122.3333333333333,84.11265384250301,0.3048432750130854,0.04350604371126815
1122.6666666666665,83.84372175142495,0.3107359354728991,0.04438549992986592
1123.0,83.5713822849375,0.3167295234276576,0.045281806699863356
1123.3333333333333,83.29563106613118,0.3228252449478463,0.046195245821165715
1123.6666666666665,83.01646476533129,0.3290242987431824,0.04712610215617513
1124.0,82.73388182395547,0.3353278747929482,0.048074663595775766
1124.3333333333333,82.44788197926864,0.34173715330215215,0.04904122101657228
1124.6666666666665,82.1584663011398,0.34825330346284633,0.05002606823617439
1125.0,81.86563732880616,0.35487748212092257,0.05102950196505476
1125.3333333333333,81.56939924323352,0.3616108323819167,0.05205182175438126
1125.6666666666665,81.26975774001882,0.36845448228327865,0.053093329937979106
1126.0,80.96671971689992,0.3754095434879169,0.05415433156883305
1126.3333333333333,80.66029391858797,0.38247710956205694,0.055235134355782166
1126.6666666666665,80.35049063422976,0.3896582545626213,0.056336048590702736
1127.0,80.03732168090802,0.396954031475279,0.05745738707199895
1127.3333333333333,79.72080050155495,0.40436547054232136,0.058599465023784075
1127.6666666666665,79.40094231427523,0.4118935775143524,0.0597626000101483
1128.0,79.07776398651616,0.41953933197868537,0.06094711184232471
1128.3333333333333,78.7512838240932,0.42730368567428306,0.06215332247975235
1128.6666666666665,78.421522046764,0.4351875604324877,0.06338155592964803
1129.0,78.08850053411516,0.44319184640469605,0.06463213813628708
1129.3333333333333,77.75224281042559,0.45131740013552873,0.0659053968655477
1129.6666666666665,77.4127741504241,0.4595650425068174,0.06720166158429716
1130.0,77.07012168128688,0.467935556630707,0.06852126333342747
1130.3333333333333,76.72431416402559,0.47642968587345186,0.06986453459202935
1130.6666666666665,76.37538199394369,0.48504813170054073,0.07123180913652269
1131.0,76.02335745595516,0.4937915513214386,0.07262342189496704
1131.3333333333333,75.66827451888177,0.5026605555512119,0.07403970879096283
1131.6666666666665,75.31016882637361,0.5116557065114379,0.07548100658188248
1132.0,74.94907781664391,0.5207775151840537,0.07694765269114485
1132.3333333333333,74.58504074368014,0.5300264389849108,0.0784399850322676
1132.6666666666665,74.21809837634986,0.5394028795145914,0.07995834182254048
1133.0,73.84829323797027,0.5489071798821697,0.08150306139385666
1133.3333333333333,73.47566959844355,0.5585396221508097,0.08307448199376075
1133.6666666666665,73.10027332931104,0.5683004248507068,0.08467294157715365
1134.0,72.72215192262763,0.5781897403192642,0.08629877759166106
1134.3333333333333,72.34135459474324,0.5882076519227121,0.08795232675592003
1134.6666666666665,71.95793219353962,0.5983541714085359,0.08963392482755798
1135.0,71.57193692824345,0.60862923637297,0.09134390636090596
1135.3333333333333,71.1834227260218,0.619032707150955,0.09308260446312862
1135.6666666666665,70.79244501137958,0.6295643641685641,0.09485035053580715
1136.0,70.39906063432275,0.6402239051565467,0.09664747400926361
1136.3333333333333,70.00332791229148,0.6510109422064768,0.09847430206995475
1136.6666666666665,69.60530668615249,0.6619249987876006,0.1003311593794717
1137.0,69.20505810508887,0.6729655070334927,0.10221836778127648
1137.3333333333333,68.80264454793053,0.6841318048643704,0.10413624600043508
1137.6666666666665,68.39812982838819,0.6954231327892095,0.10608510933851495
1138.0,67.99157897168816,0.7068386311627828,0.1080652693540531
1138.3333333333333,67.58305815931247,0.7183773372668949,0.11007703353634125
1138.6666666666665,67.17263478392292,0.7300381822330534,0.11212070497249668
1139.0,66.76037743961133,0.7418199880555383,0.11419658200486828
1139.3333333333333,66.34635563613165,0.7537214649808718,0.11630495787539907
1139.6666666666665,65.93063991212378,0.7657412083801242,0.11844612036771318
1140.0,65.51330183993385,0.7778776957759331,0.12062035143933811
1140.3333333333333,65.09441385018435,0.7901292841575727,0.12282792684234893
1140.6666666666665,64.67404919542378,0.8024942071275243,0.12506911573817894
1141.0,64.2522819955958,0.8149705719409319,0.1273441803061131
1141.3333333333333,63.829187164500176,0.8275563567876707,0.12965337534158877
1141.6666666666665,63.40484012635754,0.8402494084739195,0.1319969478426385
1142.0,62.979317035822966,0.8530474393228683,0.13437513659845488
1142.3333333333333,62.55269463262445,0.865948024737326,0.13678817176398284
1142.6666666666665,62.12505012381298,0.8789486008224264,0.13923627442745226
1143.0,61.69646116081888,0.8920464618929599,0.14171965617339716
1143.3333333333333,61.267005866217886,0.9052387579605081,0.14423851864051065
1143.6666666666665,60.83676271687187,0.9185224926181215,0.1467930530699943
1144.0,60.40581031450346,0.9318945212635934,0.14938343984530947
1144.3333333333333,59.97422761242871,0.9453515484802115,0.15200984803720297
1144.6666666666665,59.54209371568927,0.9588901264222786,0.15467243493407667
1145.0,59.10948780091908,0.9725066531185461,0.15737134556991134
1145.3333333333333,58.6764891010111,0.9861973707269929,0.1601067122501757
1145.6666666666665,58.243176917284444,0.999958363865422,0.1628786540749883
1146.0,57.809630490749505,1.0137855584747753,0.16568727645509054
1146.3333333333333,57.37592882883018,1.0276747209669683,0.1685326706237571
1146.6666666666665,56.94215089684516,1.0416214565852007,0.17141491315712354
1147.0,56.50837542938955,1.0556212089483963,0.17433406548260696
1147.3333333333333,56.07468086815112,1.0696692595000123,0.17729017338943223
1147.6666666666665,55.641145350543475,1.0837607269691738,0.18028326654115268
1148.0,55.207846717706886,1.0978905669853511,0.1833133579894775
1148.3333333333333,54.77486240523142,1.1120535723173475,0.18638044368531337
1148.6666666666665,54.34226929342713,1.1262443734854073,0.18948450199022976
1149.0,53.91014387946587,1.1404574385394834,0.19262549320180247
1149.3333333333333,53.47856211701385,1.154687074201448,0.1958033590716037
1149.6666666666665,53.047599367572296,1.1689274269472016,0.1990180223307207
1150.0,52.617330389359985,1.1831724841786413,0.20226938622250937
1150.3333333333333,52.18782934983554,1.1974160755829253,0.2055573340426763
1150.6666666666665,51.759169756574,1.2116518751420464,0.20888172868314378
1151.0,51.33142431180592,1.225873403776869,0.21224241218062587
1151.3333333333333,50.904665065324046,1.240074031027107,0.21563920528647032
1151.6666666666665,50.478963303949904,1.254246978168656,0.21907190703643242
1152.0,50.05438950891228,1.2683853214237037,0.222540294333489
1152.3333333333333,49.63101334320573,1.2824819953352322,0.2260441215445048
1152.6666666666665,49.20890367015499,1.2965297963159133,0.22958312011189072
1153.0,48.7881285286072,1.3105213867937173,0.23315699817747487
1153.3333333333333,48.36875501373712,1.3244493002413138,0.23676544021703738
1153.6666666666665,47.95084935780633,1.3383059454742066,0.24040810670092552
1154.0,47.53447691766683,1.3520836118190551,0.2440846337685807
1154.3333333333333,47.11970212089844,1.3657744749216212,0.24779463291938184
1154.6666666666665,46.70658845412175,1.3793706027006045,0.2515376907255775
1155.0,46.29519848150783,1.3928639614578113,0.25531336856849485
1155.3333333333333,45.88559385295247,1.4062464224513445,0.2591212023966626
1155.6666666666665,45.47783524618828,1.41950976932918,0.26296070250370923
1156.0,45.07198233696178,1.43264570575271,0.266831353332323
1156.3333333333333,44.66809389438672,1.445645862523854,0.27073261331160053
1156.6666666666665,44.26622771251036,1.4585018062461992,0.27466391471263113
1157.0,43.86644060733619,1.471205047957928,0.27862466353539406
1157.3333333333333,43.46878842576294,1.4837470520022127,0.282614239426324
1157.6666666666665,43.07332606717956,1.4961192451595176,0.28663199562751823
1158.0,42.68010747987508,1.508313026380924,0.2906772589560314
1158.3333333333333,42.28918560595765,1.5203197773551662,0.2947493298125142
1158.6666666666665,41.90061243735439,1.5321308724163243,0.29884748223069174
1159.0,41.51443902653173,1.543737689193457,0.3029709639595329
1159.3333333333333,41.13071546447441,1.5551316199089091,0.307118996578867
1159.6666666666665,40.749490883609084,1.5663040827785264,0.31129077565331725
1160.0,40.370813474448155,1.5772465335329315,0.3154854709252777
1160.3333333333333,39.9947305025382,1.5879504772201316,0.31970222654661945
1160.6666666666665,39.62128830121213,1.5984074805593604,0.32394016134806264
1161.0,39.2505322370706,1.6086091848620867,0.32819836914655837
1161.3333333333333,38.88250677512475,1.618547318011689,0.3324759191003457
1161.6666666666665,38.517255462767345,1.6282137075767371,0.33677185610039523
1162.0,38.154820926680706,1.6376002939835594,0.3410852012040253
1162.3333333333333,37.79524487529141,1.6466991437708665,0.34541495211123197
1162.6666666666665,37.43856811191426,1.6555024627948975,0.3497600836847589
1163.0,37.084830547012935,1.664002609539036,0.35411954851298383
1163.3333333333333,36.734071194170525,1.672192108729663,0.3584922775144975
1163.6666666666665,36.38632814174353,1.680063665346811,0.36287718058380763
1164.0,36.0416385919705,1.6876101776156571,0.3672731472848849
1164.3333333333333,35.70003885992509,1.6948247505464578,0.3716790475851289
1164.6666666666665,35.361564363799495,1.7017007095336627,0.3760937326308199
1165.0,35.026249620264785,1.7082316138041884,0.3805160355645469
1165.3333333333333,34.69412824693023,1.7144112695499913,0.38494477238526037
1165.6666666666665,34.36523296929377,1.7202337427754881,0.3893787428497105
1166.0,34.03959562270201,1.725693372003766,0.39381673141334805
1166.3333333333333,33.71724713983156,1.7307847809856578,0.3982575082088477
1166.6666666666665,33.39821751830128,1.7355028914740014,0.40269983006081783
1167.0,33.082535851975095,1.7398429343962996,0.407142441543061
1167.3333333333333,32.77023032546309,1.7438004613418712,0.4115840760683647
1167.6666666666665,32.461328196281265,1.7473713557990391,0.4160234570116083
1168.0,32.15585578403838,1.7505518438597722,0.420459298863812
1168.3333333333333,31.85383846054233,1.753338504326305,0.42489030841811887
1168.6666666666665,31.555300645978715,1.755728278088826,0.42931518598589896
1169.0,31.26026580593487,1.7577184768676017,0.43373262663967826
1169.3333333333333,30.96875644403716,1.7593067914129643,0.43814132147967944
1169.6666666666665,30.680794084969293,1.7604912992565716,0.4425399589207583
1170.0,30.396399242644925,1.761270472107323,0.4469272259964423
1170.3333333333333,30.11559140289893,1.761643182105093,0.45130180968388994
1170.6666666666665,29.838389070544817,1.76160870571531,0.4556623982526882
1171.0,29.564809709309557,1.7611667294057123,0.4600076826119193
1171.3333333333333,29.294869742011617,1.7603173530047262,0.46433635767352616
1171.6666666666665,29.02858453130127,1.7590610927368764,0.46864712371436984
1172.0,28.765968365559246,1.7573988831756984,0.4729386877463919
1172.3333333333333,28.507034448832737,1.7553320781482105,0.47720976489022265
1172.6666666666665,28.25179489254673,1.7528624506554251,0.4814590797472592
1173.0,28.000260706733183,1.7499921918734274,0.48568536776515564
1173.3333333333333,27.752441788515874,1.746723909299515,0.48988737659174825
1173.6666666666665,27.508346905588787,1.7430606241078854,0.49406386741243774
1174.0,27.26798367243055,1.739005767779399,0.49821361626597216
1174.3333333333333,27.031358520347148,1.7345631779568393,0.5023354153372958
1174.6666666666665,26.798476742906683,1.7297370909328826,0.5064280742897834
1175.0,26.56934246847292,1.7245321357259384,0.5104904214905365
1175.3333333333333,26.343958638410694,1.718953326697786,0.5145213052682598
1175.6666666666665,26.122327007348332,1.7130060548595785,0.5185195951082703
1176.0,25.90444813384194,1.7066960786118806,0.5224841828040273
1176.3333333333333,25.690321374390454,1.7000295134786956,0.5264139835830466
1176.6666666666665,25.47994488024314,1.693012820907738,0.5303079372015808
1177.0,25.27331559644516,1.685652796209329,0.5341650090023704
1177.3333333333333,25.070429262562694,1.6779565557061895,0.5379841909298484
1177.6666666666665,24.87128041452941,1.6699315231663732,0.5417645024971736
1178.0,24.675862387059656,1.6615854155917416,0.5455049916994044
1178.3333333333333,24.484167316070053,1.6529262284342348,0.5492047358671912
1178.6666666666665,24.29618614055124,1.6439622203121884,0.5528628424553645
1179.0,24.11190860333508,1.6347018972990988,0.5564784497607296
1179.3333333333333,23.93132325019909,1.6251539968570932,0.5600507275634468
1179.6666666666665,23.754417442875123,1.6153274706767475,0.5635788777932058
1180.0,23.581177416723577,1.605231465338697,0.5670621353502183
1180.3333333333333,23.41158824350876,1.5948753071820203,0.5704997683187725
1180.6666666666665,23.245633856500504,1.5842684836232006,0.5738910785576902
1181.0,23.08329706800027,1.5734206251585185,0.5772354020786098
1181.3333333333333,22.924559586532492,1.5623414873015702,0.5805321093587436
1181.6666666666665,22.769402035474158,1.5510409324174024,0.5837806056015586
1182.0,22.6178039730744,1.5395289115197996,0.5869803309439524
1182.3333333333333,22.46974391381281,1.527815446098057,0.5901307606085545
1182.6666666666665,22.325199351045427,1.5159106100395694,0.5932314049997861
1183.0,22.184146780889964,1.5038245117147726,0.5962818097422478
1183.3333333333333,22.046561727299185,1.4915672762907777,0.5992815556600685
1183.6666666666665,21.91241876827126,1.4791490283400097,0.6022302586958436
1184.0,21.781691563148755,1.4665798748104115,0.6051275697677367
1184.3333333333333,21.654352880955017,1.453869888423532,0.6079731745633767
1184.6666666666665,21.530374629717038,1.4410290915668247,0.6107667932691758
1185.0,21.40972788672617,1.4280674407467078,0.6135081802336472
1185.3333333333333,21.292382929685598,1.4149948116687145,0.6161971235633495
1185.6666666666665,21.178309268693724,1.401820985011047,0.6188334446500887
1186.0,21.067475678501584,1.3885556323633168,0.6214169977318725
1186.3333333333333,20.95985022764144,1.3752082998926753,0.623947669926204
1186.6666666666665,20.85540031412429,1.3617883985796797,0.6264253801537462
1187.0,20.754092699507346,1.348305191698204,0.6288500786242062
1187.3333333333333,20.65589354150652,1.3347677832114928,0.6312217462752625
1187.6666666666665,20.56076842724913,1.3211851071288816,0.6335403941299759
1188.0,20.468682406925623,1.307565917588623,0.6358060626166134
1188.3333333333333,20.379600027683207,1.2939187796682363,0.6380188208549017
1188.6666666666665,20.293485367604593,1.2802520609238057,0.6401787659127172
1189.0,20.210302069616645,1.2665739236598954,0.642286022037183
1189.3333333333333,20.130013375171966,1.2528923179315055,0.6443407398641845
1189.6666666666665,20.05258215754665,1.2392149752794859,0.6463430956103124
1190.0,19.97797095459889,1.225549403201086,0.6482932902512039
1190.3333333333333,19.90614200083154,1.211902880357054,0.6501915486902933
1190.6666666666665,19.837057258601867,1.1982824525167117,0.6520381189219803
1191.0,19.77067844832314,1.184694929242677,0.6538332711931881
1191.3333333333333,19.70696707750115,1.17114688131665,0.6555772971673215
1191.6666666666665,19.6458844726156,1.157644638614981,0.6572705090276758
1192.0,19.58739181898675,1.144194287830625,0.6589132384409793
1192.3333333333333,19.53145017729045,1.1308016725142196,0.660505835883685
1192.6666666666665,19.478020516221925,1.1174723926323415,0.662048669697185
1193.0,19.42706373959212,1.1042118048380383,0.6635421252255614
1193.3333333333333,19.378540712612175,1.0910250233086594,0.6649866039593659
1193.6666666666665,19.332412287792604,1.0779169210907726,0.6663825226797802
1194.0,19.288639330344427,1.0648921319236184,0.6677303126062191
1194.3333333333333,19.247182742968363,1.0519550525123176,0.6690304185504607
1194.6666666666665,19.20800348991852,1.0391098452220506,0.6702832980803902
1195.0,19.17106262022764,1.0263604411646565,0.6714894206964144
1195.3333333333333,19.136321289980188,1.0137105436488743,0.6726492670236363
1195.6666666666665,19.103740783519637,1.0011636319654373,0.6737633280228708
1196.0,19.073282533477016,0.9887229654784765,0.6748321042235635
1196.3333333333333,19.04490813950699,0.9763915879944463,0.6758561049816992
1196.6666666666665,19.018579385617905,0.9641723323797935,0.6768358477657805
1197.0,18.994258255982746,0.9520678253988174,0.6777718574739422
1197.3333333333333,18.971906956123515,0.9400804927470915,0.6786646656659708
1197.6666666666665,18.951487938009254,0.9282125642906968,0.6795148097277471
1198.0,18.932963902403014,0.916466079414091,0.6803228324374184
1198.3333333333333,18.916297818848236,0.9048428925083505,0.6810892812389342
1198.6666666666665,18.901452939507337,0.8933446785759146,0.6818147076230981
1199.0,18.88839281230347,0.8819729389066725,0.6824996665301046
1199.3333333333333,18.877081293502812,0.8707290068098743,0.6831447157713428
1199.6666666666665,18.867482559721687,0.8596140533865169,0.6837504154707975
1200.0,18.85956111934308,0.8486290933270653,0.6843173275263642
1200.3333333333333,18.85328182332684,0.8377749907191541,0.6848460150914113
1200.6666666666665,18.848609875397937,0.8270524648499243,0.6853370420769174
1201.0,18.845510841597303,0.8164620959878496,0.6857909726745043
1201.3333333333333,18.84395065917954,0.8060043311286992,0.6862083709006946
1201.6666666666665,18.843895644841904,0.7956794896902974,0.6865898001627256
1202.0,18.84531250226902,0.785487769140925,0.6869358228462368
1202.3333333333333,18.8481683289777,0.7754292505460169,0.687246999925163
1202.6666666666665,18.852430622446214,0.7655039040178129,0.6875238905941624
1203.0,18.858067285512508,0.7557115940528081,0.6877670519238973
1203.3333333333333,18.865046631025642,0.7460520847416542,0.6879770385395022
1203.6666666666665,18.87333738794791,0.7365250449620316,0.6881544022898697
1204.0,18.88290871219853,0.7271300538025883,0.68829969185189
1204.3333333333333,18.89373018302436,0.7178666051011361,0.6884134525634142
1204.6666666666665,18.90577180837297,0.7087341123307189,0.6884962261384812
1205.0,18.919004028645197,0.6997319133111649,0.6885485504108821
1205.3333333333333,18.933397719693918,0.6908592747688651,0.6885709590996694
1205.6666666666665,18.948924195348503,0.6821153967580035,0.6885639815922369
1206.0,18.965555209496326,0.6734994169437059,0.6885281427440623
1206.3333333333333,18.983262957752945,0.6650104147474105,0.6884639626941933
1206.6666666666665,19.002020078752683,0.6566474153547668,0.6883719566955664
1207.0,19.02179965509095,0.6484093935865252,0.6882526349592432
1207.3333333333333,19.042575213949974,0.6402952776327234,0.688106502511652
1207.6666666666665,19.064320727439636,0.6323039526504783,0.6879340590639175
1208.0,19.087010612684743,0.6244342642258414,0.6877357988923686
1208.3333333333333,19.11061973169042,0.616685021700025,0.6875122107293087
1208.6666666666665,19.13512339101735,0.6090550013603117,0.6872637776631321
1209.0,19.160497341298118,0.6015429494960988,0.6869909770468784
1209.3333333333333,19.186717776626423,0.5941475853203905,0.6866942804143059
1209.6666666666665,19.21376133385081,0.5868676037570477,0.6863741534025712
1210.0,19.24160509012637,0.579701678111263,0.6860310557147948
1210.3333333333333,19.270226557722072,0.5726484626693981,0.6856654411446519
1210.6666666666665,19.299603687058454,0.5657065950814543,0.6852777574345028
1211.0,19.329714862661135,0.5588746986745473,0.6848684462812845
1211.3333333333333,19.360538900915802,0.5521513846542787,0.6844379433114605
1211.6666666666665,19.392055047684163,0.5455352541919367,0.683986678061571
1212.0,19.42424297563682,0.539024900402169,0.6835150739671404
1212.3333333333333,19.45708278133145,0.5326189102145845,0.6830235483592556
1212.6666666666665,19.49055498206457,0.5263158661427463,0.6825125124681267
1213.0,19.52464051252457,0.5201143479541354,0.6819823714329544
1213.3333333333333,19.559320721274403,0.5140129342445466,0.6814335243174133
1213.6666666666665,19.594577367092185,0.5080102039203789,0.6808663641300671
1214.0,19.630392615197444,0.5021047375923968,0.6802812778490355
1214.3333333333333,19.66674903339135,0.4962951188844262,0.679678646450226
1214.6666666666665,19.703629588139197,0.49057993566044716,0.6790588449384436
1215.0,19.741017640622903,0.48495778117366045,0.6784222423806997
1215.3333333333333,19.77889694279179,0.4794272551409877,0.6777692019410338
1215.6666666666665,19.817251633440023,0.47398696474647456,0.6771000809161593
1216.0,19.856066234338368,0.46863552557716603,0.6764152307712559
1216.3333333333333,19.895325644633715,0.4633715624785613,0.6757149972061968
1216.6666666666665,19.935015132638426,0.45819371031613476,0.674999720269215
1217.0,19.975120336203343,0.45310061475792746,0.6742697343234996
1217.3333333333333,20.01562725621023,0.4480909329420343,0.6735253681310353
1217.6666666666665,20.05652225167624,0.44316333409851427,0.6727669449112135
1218.0,20.09779203486493,0.4383165001202043,0.671994782399655
1218.3333333333333,20.139423666287815,0.4335491260835638,0.6712091929091735
1218.6666666666665,20.18140454961271,0.42885992072173096,0.6704104833925939
1219.0,20.22372242649436,0.42424760685205776,0.6695989555071561
1219.3333333333333,20.266365371343614,0.4197109217603022,0.6687749056802148
1219.6666666666665,20.309321786051367,0.4152486175436589,0.6679386251759518
1220.0,20.352580394682786,0.41085946141489277,0.6670904001628282
1220.3333333333333,20.39613023815802,0.40654223596975625,0.6662305117814904
1220.6666666666665,20.439960668935715,0.40229573941987107,0.6653592362128447
1221.0,20.484061345714757,0.39811878579333887,0.6644768447460273
1221.3333333333333,20.52842222817051,0.3940102051052593,0.663583603845986
1221.6666666666665,20.57303357174181,0.3899688435003415,0.6626797752203848
1222.0,20.617885922475764,0.38599356336985174,0.6617656158856624
1222.3333333333333,20.662970110361226,0.38208324343586225,0.6608413782522808
1222.6666666666665,20.708277244231255,0.37823677880418655,0.6599073101934574
1223.0,20.75379870712654,0.3744530810193131,0.658963655102343
1223.3333333333333,20.799526150302395,0.37073107808341804,0.6580106519682345
1223.6666666666665,20.845451487912577,0.36706971445435116,0.657048535445374
1224.0,20.89156689167036,0.3634679510264462,0.6560775359216998
1224.3333333333333,20.937864785495954,0.3599247650950024,0.6550978795874631
1224.6666666666665,20.984337840159228,0.3564391503052894,0.6541097885036287
1225.0,21.030978967925908,0.3530101165869918,0.6531134806699902
1225.3333333333333,21.07778131721628,0.34963669007494236,0.6521091700929182
1225.6666666666665,21.124738267285394,0.3463179130169974,0.6510970668526538
1226.0,21.1718434229329,0.343052843669967,0.6500773771700836
1226.3333333333333,21.219090609251573,0.3398405561844522,0.6490503034729108
1226.6666666666665,21.26647386642355,0.3366801404794413,0.6480160444611365
1227.0,21.31398744457234,0.3335707021075784,0.6469747951717872
1227.3333333333333,21.361625798679743,0.3305113621119555,0.6459267470428027
1227.6666666666665,21.4093835835766,0.32750125687528175,0.6448720879759985
1228.0,21.45725564901558,0.3245395379623418,0.6438110023990392
1228.3333333333333,21.505237034834973,0.3216253719565942,0.6427436713263366
1228.6666666666665,21.55332296622257,0.3187579402917655,0.6416702724187868
1229.0,21.601508849087693,0.3159364390793496,0.6405909800422833
1229.3333333333333,21.64979026430155,0.3131600789379132,0.6395059653330107
1229.6666666666665,21.698162962165064,0.31042808480040407,0.6384153962654637
1230.0,21.746622860057315,0.30773969572297527,0.6373194376936567
1230.3333333333333,21.79516603659614,0.3050941647100298,0.6362182514134807
1230.6666666666665,21.843788727138847,0.30249075852033647,0.6351119962193157
1231.0,21.89248731935343,0.29992875747193004,0.6340008279596294
1231.3333333333333,21.94125834884162,0.29740745524611367,0.6328848995916796
1231.6666666666665,21.990098494816408,0.29492615869071787,0.6317643612353264
1232.0,22.03900457583603,0.2924841876228129,0.6306393602259773
1232.3333333333333,22.087973545597183,0.2900808746310279,0.6295100411666695
1232.6666666666665,22.137002488790117,0.2877155648776278,0.6283765459792918
1233.0,22.186088617017685,0.28538761590054795,0.6272390139549717
1233.3333333333333,22.23522926478095,0.28309639741553577,0.6260975818036302
1233.6666666666665,22.28442188553422,0.28084129111855555,0.6249523837027084
1234.0,22.33366404781134,0.27862169048865115,0.6238035513450909
1234.3333333333333,22.38295343142608,0.27643700059141957,0.6226512139862269
1234.6666666666665,22.43228782374931,0.2742866378832505,0.6214954984904567
1235.0,22.48166511606489,0.27217003001652545,0.6203365293765638
1235.3333333333333,22.531083300007055,0.27008661564593117,0.6191744288625588
1235.6666666666665,22.580540464082066,0.26803584423604115,0.6180093169096978
1236.0,22.630034790275953,0.26601717587036006,0.6168413112657591
1236.3333333333333,22.67956455075122,0.2640300810619836,0.6156705275075832
1236.6666666666665,22.72912810463519,0.26207404056603134,0.6144970790828778
1237.0,22.778723894901958,0.26014854519404274,0.6133210773513129
1237.3333333333333,22.828350445350623,0.2582530956304927,0.6121426316249114
1237.6666666666665,22.87800635766426,0.2563872022519491,0.6109618492076135
1238.0,22.927690307161214,0.25455038496898214,0.60977883542819
1238.3333333333333,22.977401039968726,0.2527421730352827,0.6085936936837129
1238.6666666666665,23.02713737154351,0.25096210486228926,0.607406525477725
1239.0,23.076898183575484,0.2492097278546123,0.6062174304543155
1239.3333333333333,23.126682421142352,0.24748459824095928,0.6050265064342254
1239.6666666666665,23.17648908996553,0.24578628090738136,0.6038338494502064
1240.0,23.226317253762666,0.24411434923287584,0.6026395537816635
1240.3333333333333,23.276166031693016,0.24246838492734896,0.6014437119885908
1240.6666666666665,23.326034595891816,0.24084797787194223,0.6002464149448076
1241.0,23.375922169089062,0.23925272596175784,0.5990477518705272
1241.3333333333333,23.425828022308796,0.23768223495098614,0.5978478103642668
1241.6666666666665,23.475751472645214,0.23613611830044037,0.5966466764341057
1242.0,23.525691881110827,0.23461399702753238,0.5954444345283254
1242.3333333333333,23.57564865055294,0.2331154995586931,0.594241167565437
1242.6666666666665,23.62562122363463,0.23164026158424342,0.5930369569636077
1243.0,23.67560908087555,0.23018792591574813,0.5918318826695151
1243.3333333333333,23.725611738748754,0.22875814234585753,0.5906260231866386
1243.6666666666665,23.775628747829792,0.22735056751064217,0.5894194556029966
1244.0,23.825659690993334,0.2259648647544531,0.5882122556183611
1244.3333333333333,23.875704181653564,0.22460070399731238,0.5870044975709571
1244.6666666666665,23.925761862044574,0.22325776160483987,0.5857962544636557
1245.0,23.97583240153602,0.22193572026074754,0.5845875979896933
1245.3333333333333,24.025915494980303,0.22063426884190682,0.5833785985579225
1245.6666666666665,24.07601086108745,0.21935310229599542,0.5821693253176075
1246.0,24.12611824082302,0.21809192152175372,0.5809598461827907
1246.3333333333333,24.176237395825243,0.21685043325185685,0.5797502278562419
1246.6666666666665,24.226368106837644,0.21562834993840935,0.5785405358529979
1247.0,24.27651017215236,0.21442538964109162,0.5773308345235235
1247.3333333333333,24.326663406060472,0.21324127591796482,0.5761211870765018
1247.6666666666665,24.376827637305524,0.21207573771894125,0.5749116556012642
1248.0,24.427002707985878,0.210928509278439,0.5737023010895606
1248.3333333333333,24.4771884814928,0.20979932993537875,0.5724931834458417
1248.6666666666665,24.527384827284386,0.20868794413429984,0.5712843615129463
1249.0,24.57759162418768,0.20759410130105208,0.5700758930997204
1249.3333333333333,24.62780876295654,0.20651755571623728,0.5688678349984089
1249.6666666666665,24.678036144308983,0.20545806642455317,0.5676602430033921
1250.0,24.728273677214236,0.20441539714477977,0.5664531719297057
1250.3333333333333,24.77852127740854,0.2033893161805006,0.5652466756313254
1250.6666666666665,24.828778866118455,0.2023795963316505,0.5640408070192032
1251.0,24.879046368969647,0.2013860148070022,0.5628356180790607
1251.3333333333333,24.929323715060047,0.20040835313768296,0.5616311598889234
1251.6666666666665,24.97961083617619,0.19944639709181508,0.5604274826363828
1252.0,25.029907666130722,0.19849993659039036,0.5592246356355892
1252.3333333333333,25.080214140199935,0.19756876562447104,0.5580226673439646
1252.6666666666665,25.13053019464015,0.1966526821738108,0.5568216253786145
1253.0,25.18085576626098,0.19575148812700546,0.5556215565324504
1253.3333333333333,25.231190792034216,0.19486498920326653,0.554422506790004
1253.6666666666665,25.281535208717326,0.19399299487591087,0.5532245213429196
1254.0,25.33188895246942,0.19313531829767597,0.5520276446051294
1254.3333333333333,25.382251958438577,0.19229177622795426,0.5508319202276992
1254.6666666666665,25.43262416029941,0.1914621889620397,0.549637391113325
1255.0,25.483005489718785,0.19064638026249597,0.548444099430491
1255.3333333333333,25.533395875728587,0.18984417729273959,0.5472520866272702
1255.6666666666665,25.583795243984365,0.1890554105529319,0.5460613934447556
1256.0,25.634203515887847,0.18827991381828826,0.5448720599301238
1256.3333333333333,25.684620607552123,0.18751752407989838,0.5436841254493217
1256.6666666666665,25.735046428588415,0.18676808148815172,0.5424976286993544
1257.0,25.785480880692372,0.18603142929887606,0.5413126077201856
1257.3333333333333,25.835923856008712,0.18530741382228333,0.5401290999062333
1257.6666666666665,25.88637523525313,0.1845958843748166,0.5389471420174443
1258.0,25.93683488556937,0.18389669323400648,0.5377667701899561
1258.3333333333333,25.9873026618644,0.18320969557317462,0.536588019948946
1258.6666666666665,26.037778450877237,0.18253474912946255,0.5354109262512315
1259.0,26.088262118249517,0.18187171447458503,0.5342355234599862
1259.3333333333333,26.138753514246712,0.1812204549344216,0.5330618453592942
1259.6666666666665,26.18925248251659,0.18058083648173184,0.5318899251713268
1260.0,26.239758858827408,0.17995272769139958,0.5307197955663897
1260.3333333333333,26.290272470130656,0.17933599969532596,0.5295514886729514
1260.6666666666665,26.34079313390785,0.17873052613713258,0.5283850360876238
1261.0,26.391320657760026,0.17813618312684543,0.5272204688850921
1261.3333333333333,26.441854839199372,0.17755284919571987,0.5260578176279669
1261.6666666666665,26.492395465602684,0.17698040525136724,0.5248971123765312
1262.0,26.54294231428509,0.17641873453335363,0.5237383826983785
1262.3333333333333,26.593495152653702,0.17586772256943148,0.5225816576779153
1262.6666666666665,26.644053738400682,0.17532725713256422,0.5214269659257015
1263.0,26.694617819694294,0.1747972281989149,0.5202743355876234
1263.3333333333333,26.74518713532754,0.1742775279069589,0.5191237943538731
1263.6666666666665,26.7957614147839,0.17376805051788174,0.5179753694677091
1264.0,26.846340378178727,0.17326869237743198,0.5168290877339901
1264.3333333333333,26.896923736035916,0.17277935187939,0.5156849755274593
1264.6666666666665,26.94751118885932,0.17229992943081368,0.5145430588007501
1265.0,26.998102426457546,0.17183032741923035,0.5134033630921095
1265.3333333333333,27.04869712698165,0.17137045018193656,0.5122659135328119
1265.6666666666665,27.099294955635294,0.170920203977566,0.5111307348542379
1266.0,27.149895563015928,0.1704794969600957,0.5099978513946127
1266.3333333333333,27.20049858304659,0.1700482391554512,0.5088672871053774
1266.6666666666665,27.25110363133339,0.1696263424369601,0.5077390655576519
1267.0,27.30171033518886,0.16921372035839163,0.5066132099663876
1267.3333333333333,27.352318310159404,0.16881028822646668,0.5054897431847948
1267.6666666666665,27.402927152965663,0.16841596310679774,0.5043686877067043
1268.0,27.453536450670594,0.1680306637532725,0.5032500656785944
1268.3333333333333,27.504145779503855,0.1676543105837594,0.5021338989058601
1268.6666666666665,27.554754704092264,0.16728682565495948,0.5010202088591287
1269.0,27.605362777035275,0.16692813263661574,0.4999090166806123
1269.3333333333333,27.655969538765593,0.16657815678528484,0.4988003431904676
1269.6666666666665,27.706574517634824,0.16623682491787573,0.49769420889313176
1270.0,27.75717723016334,0.1659040653851664,0.496590633983626
1270.3333333333333,27.807777181394272,0.16557980804550373,0.4954896383537967
1270.6666666666665,27.85837386529169,0.16526398423889113,0.49439124159846365
1271.0,27.90896676512204,0.16495652676167488,0.49329546302146604
1271.3333333333333,27.959555353758837,0.16465736984203433,0.49220232164157685
1271.6666666666665,28.010139093850576,0.1643664491164806,0.49111183619825455
1272.0,28.060717437791034,0.1640837016075748,0.49002402515722365
1272.3333333333333,28.111289827431857,0.16380906570307063,0.48893890671585305
1272.6666666666665,28.16185569347753,0.16354248113668649,0.4878564988083037
1273.0,28.212414454501737,0.16328388897071763,0.48677681911043413
1273.3333333333333,28.262965515525142,0.16303323158069336,0.48569988504443584
1273.6666666666665,28.313508266094633,0.16279045264228467,0.484625713783167
1274.0,28.364042077803006,0.16255549712067258,0.4835543222541758
1274.3333333333333,28.414566312609505,0.16232831122168673,0.48248572714808213
1274.6666666666665,28.465080341970165,0.16210884230212963,0.48141994493177853
1275.0,28.515583511909668,0.16189703897778998,0.48035699183863656
1275.3333333333333,28.566075159401496,0.1616928510489577,0.47929688387959224
1275.6666666666665,28.616554611576092,0.16149622948470116,0.47823963684764914
1276.0,28.66702118437605,0.16130712640975067,0.4771852663220436
1276.3333333333333,28.717474181759087,0.16112549509006674,0.47613378767251363
1276.6666666666665,28.767912895359782,0.16095128991735697,0.4750852160636378
1277.0,28.818336604520297,0.16078446639281135,0.47403956645922973
1277.3333333333333,28.86874457660109,0.16062498111031934,0.4729968536267544
1277.6666666666665,28.919136067482704,0.1604727917394349,0.47195709214173187
1278.0,28.96951032216876,0.16032785700835714,0.47092029639211463
1278.3333333333333,29.019866575401227,0.16019013668719134,0.46988648058260424
1278.6666666666665,29.07020405219904,0.1600595915717562,0.46885565873887375
1279.0,29.120521968230147,0.15993618346820432,0.46782784471168093
1279.3333333333333,29.17081952992815,0.1598198751787217,0.4668030521808386
1279.6666666666665,29.22109593426448,0.15971063048857143,0.4657812946590089
1280.0,29.271350368086356,0.1596084141547487,0.46476258549530586
1280.3333333333333,29.32158200693151,0.15951319189651306,0.46374693787867294
1280.6666666666665,29.371790013230786,0.1594249303880629,0.46273436484100194
1281.0,29.421973533808714,0.15934359725361968,0.46172487925997874
1281.3333333333333,29.47213169659318,0.1592691610651871,0.46071849386162095
1281.6666666666665,29.522263608667927,0.1592015913365142,0.45971522122317965
1282.0,29.572368396691562,0.15914085838793077,0.4587150737896019
1282.3333333333333,29.622445172402255,0.15908693343866265,0.4577180638661617
1282.6666666666665,29.672493030187194,0.15903978860498014,0.45672420362067406
1283.0,29.72251105550597,0.1589993968631842,0.45573350508957544
1283.3333333333333,29.772498323326086,0.1589657320429539,0.4547459801808174
1283.6666666666665,29.822453897201225,0.15893876881917238,0.45376164067687247
1284.0,29.872376828881418,0.15891848270252548,0.45278049823783745
1284.3333333333333,29.922266158345366,0.15890485002916493,0.4518025644046001
1284.6666666666665,29.972120914145023,0.15889784794973,0.45082785060203534
1285.0,30.021940113951672,0.1588974544180206,0.4498563681422162
1285.3333333333333,30.071722765193662,0.15890364817961522,0.44888812822760515
1285.6666666666665,30.121467865675992,0.15891640876072607,0.4479231419541928
1286.0,30.171174404070914,0.15893571645758586,0.446961420314568
1286.3333333333333,30.220841360169786,0.158961552326658,0.44600297420088586
1286.6666666666665,30.27046770478628,0.15899389817596446,0.4450478144077004
1287.0,30.320052399200208,0.15903273655782393,0.44409595163464594
1287.3333333333333,30.369594394032106,0.15907805076329332,0.4431473964889333
1287.6666666666665,30.419092627438747,0.15912982481860632,0.4422021594876287
1288.0,30.468546022518836,0.1591880434839017,0.4412602510596976
1288.3333333333333,30.517953483818992,0.1592526922545342,0.44032168154778145
1288.6666666666665,30.5673138997018,0.15932375734680593,0.4393864612114275
1289.0,30.61662617661412,0.1594012255974781,0.43845460023855715
1289.3333333333333,30.665889198875764,0.15948508456419588,0.4375261087377541
1289.6666666666665,30.715101839526106,0.1595753224897075,0.4366009967433885
1290.0,30.764262962188106,0.15967192828909013,0.43567927421866426
1290.3333333333333,30.813371419764668,0.15977489154569724,0.43476095105781004
1290.6666666666665,30.8624260537785,0.15988420250564317,0.433846037088371
1291.0,30.911425694226352,0.15999985207113843,0.4329345420735853
1291.3333333333333,30.960369159819646,0.16012183179299044,0.43202647571481273
1291.6666666666665,31.00925525848325,0.16025013386258474,0.43112184765398226
1292.0,31.058082787983512,0.16038475110365955,0.43022066747604304
1292.3333333333333,31.106850536557335,0.16052567696418857,0.42932294471138555
1292.6666666666665,31.155557283414243,0.1606729055086873,0.42842868883820073
1293.0,31.2042017989824,0.16082643141125533,0.4275379092847606
1293.3333333333333,31.25278284477048,0.16098624994966995,0.4266506154315875
1293.6666666666665,31.30129917271725,0.16115235700084599,0.4257668166134802
1294.0,31.349749523899884,0.1613247490379745,0.4248865221213793
1294.3333333333333,31.398132626472883,0.16150342312965554,0.4240097412040403
1294.6666666666665,31.446447192709464,0.16168837694134028,0.42313648306948154
1295.0,31.49469191518885,0.16187960873897125,0.42226675688622717
1295.3333333333333,31.542865489513893,0.1620771173272999,0.4214005717902182
1295.6666666666665,31.590966608213613,0.16228090205883774,0.42053793688560565
1296.0,31.638993945887112,0.1624909628655609,0.41967886124342124
1296.3333333333333,31.686946168352314,0.1627073002308909,0.41882335390550407
1296.6666666666665,31.734821931088792,0.16292991518793054,0.4179714238861426
1297.0,31.78261987840591,0.16315880931608265,0.41712308017383376
1297.3333333333333,31.830338643192352,0.16339398473638575,0.4162783317331258
1297.6666666666665,31.87797684710298,0.16363544410590114,0.41543718750651426
1298.0,31.925533101038155,0.1638831906114805,0.4145996564163744
1298.3333333333333,31.97300600577156,0.1641372279632489,0.4137657473668976
1298.6666666666665,32.020394152582405,0.16439756038813705,0.4129354692460007
1299.0,32.06769612374728,0.16466419262379217,0.41210883092719225
1299.3333333333333,32.114910492747555,0.16493712991320256,0.41128584127136253
1299.6666666666665,32.16203582404835,0.16521637800036904,0.4104665091284669
1300.0,32.20907067230417,0.16550194312735375,0.4096508433390855
1300.3333333333333,32.25601358084728,0.16579383203304005,0.40883885273582743
1300.6666666666665,32.302863079314676,0.16609205195393797,0.408030546144548
1301.0,32.34961768026896,0.16639661062736472,0.40722593238536237
1301.3333333333333,32.39627588168005,0.166707516281094,0.406425020274724
1301.6666666666665,32.4428361916594,0.16702477757126089,0.40562781863165764
1302.0,32.48929709918931,0.16734840364569817,0.4048343362738896
1302.3333333333333,32.53565708335078,0.16767840411827506,0.4040445820210636
1302.6666666666665,32.581914613418554,0.16801478906403924,0.40325856469632626
1303.0,32.62806814778322,0.16835756901715157,0.4024762931276685
1303.3333333333333,32.67411613353346,0.16870675496737247,0.40169777614935653
1303.6666666666665,32.720057006541516,0.16906235835545053,0.4009230226034215
1304.0,32.765889191894,0.1694243910677575,0.4001520413411917
1304.3333333333333,32.811611104511016,0.16979286543052066,0.39938484122483664
1304.6666666666665,32.857221149796885,0.17016779420400244,0.39862143112889126
1305.0,32.90271772416429,0.1705491905769722,0.39786181994174513
1305.3333333333333,32.94809921527515,0.17093706816182028,0.3971060165670647
1305.6666666666665,32.99336400184118,0.1713314409906652,0.3963540299251186
1306.0,33.038510452826245,0.17173232351279805,0.39560586895398925
1306.3333333333333,33.08353692589365,0.1721397305938147,0.39486154261063944
1306.6666666666665,33.128441764941286,0.17255367751678655,0.3941210598718042
1307.0,33.17322329656696,0.17297417998581374,0.39338442973469046
1307.3333333333333,33.21787983821051,0.17340125410357315,0.3926516612195904
1307.6666666666665,33.262409712333465,0.17383491633528522,0.3919227633735093
1308.0,33.30681122271065,0.17427518355728944,0.3911977452674351
1308.3333333333333,33.35108266442341,0.17472207303049,0.39047661599918665
1308.6666666666665,33.395222322541905,0.17517560239885746,0.38975938469440585
1309.0,33.43922847130923,0.17563578968683086,0.3890460605076073
1309.3333333333333,33.483099373945116,0.17610265329535374,0.38833665262330347
1309.6666666666665,33.52683328290328,0.17657621199690607,0.38763117025717514
1310.0,33.57042844041573,0.177056484929887,0.3869296226572707
1310.3333333333333,33.613883079158185,0.17754349159271063,0.3862320191052053
1310.6666666666665,33.65719542287073,0.17803725183797825,0.38553836891732923
1311.0,33.70036368676692,0.17853778586708086,0.38484868144585027
1311.3333333333333,33.74338607756564,0.17904511422559477,0.38416296607987904
1311.6666666666665,33.78626079297964,0.17955925779983362,0.3834812322463695
1312.0,33.82898602049416,0.18008023781491048,0.3828034894109361
1312.3333333333333,33.87155993526981,0.18060807583467295,0.38212974707851965
1312.6666666666665,33.913980697003666,0.18114279376387465,0.3814600147938717
1313.0,33.95624645159126,0.1816844138398464,0.38079430214274773
1313.3333333333333,33.99835535162925,0.18223295858304822,0.38013261875594845
1313.6666666666665,34.04030553347322,0.18278845084226153,0.37947497430674704
1314.0,34.08209512438684,0.1833509137741993,0.3788213785128329
1314.3333333333333,34.123722242385014,0.18392037083892873,0.37817184113716873
1314.6666666666665,34.16518499538108,0.1844968457967715,0.3775263719887127
1315.0,34.20648148096965,0.18508036270377098,0.3768849809232144
1315.3333333333333,34.24760978667573,0.18567094590609404,0.37624767784405594
1315.6666666666665,34.28856799050109,0.18626862003373562,0.37561447270311166
1316.0,34.32935416159766,0.18687340999388338,0.3749853755016082
1316.3333333333333,34.369966360898744,0.18748534096431047,0.3743603962909586
1316.6666666666665,34.41040264153894,0.18810443838716465,0.3737395451735415
1317.0,34.450661048892485,0.18873072796351073,0.37312283230340954
1317.3333333333333,34.49073962006106,0.1893642356489948,0.3725102678868985
1317.6666666666665,34.53063638264156,0.19000498765099794,0.37190186218310994
1318.0,34.57034935260392,0.19065301042763724,0.37129762550425016
1318.3333333333333,34.609876531109805,0.19130833068898123,0.3706975682157981
1318.6666666666665,34.64921591120388,0.19197097537682747,0.37010170073803766
1319.0,34.68836548936183,0.19264097163391003,0.3695100335482708
1319.3333333333333,34.7273232471238,0.19331834683770246,0.36892257717876614
1319.6666666666665,34.766087158689,0.19400312857798263,0.3683393422183482
1320.0,34.804655189845874,0.1946953446530785,0.3677603393127593
1320.3333333333333,34.843025297445,0.1953950230648394,0.3671855791650712
1320.6666666666665,34.88119542942029,0.19610219201232504,0.3666150725361422
1321.0,34.919163525192644,0.19681687988456156,0.366048830245106
1321.3333333333333,34.956927516290776,0.19753911525272708,0.36548686316986595
1321.6666666666665,34.99448532702378,0.19826892686212866,0.3649291822475677
1322.0,35.031834875039664,0.19900634362432057,0.364375798475036
1322.3333333333333,35.0689740716044,0.19975139460972527,0.3638267229091491
1322.6666666666665,35.105900821436315,0.20050410904112057,0.36328196666712476
1323.0,35.14261302192977,0.2012645162883412,0.36274154092670274
1323.3333333333333,35.17910856160293,0.20203264586455758,0.362205456926197
1323.6666666666665,35.21538531760422,0.20280852742449437,0.3616737259643925
1324.0,35.25144115585087,0.20359219075679025,0.3611463594007711
1324.3333333333333,35.28727394761401,0.20438366574045697,0.36062336865791544
1324.6666666666665,35.32288155349246,0.20518298237220767,0.36010476521951523
1325.0,35.35826182746726,0.20599017074987175,0.359590560631029
1325.3333333333333,35.39341261719811,0.20680526106396652,0.3590807664998271
1325.6666666666665,35.428331763556926,0.2076282835907889,0.3585753944951987
1326.0,35.463017100665915,0.2084592686842525,0.35807445634839913
1326.3333333333333,35.49746645628851,0.20929824676680928,0.35757796385271384
1326.6666666666665,35.5316776524217,0.21014524831979464,0.357085928863516
1327.0,35.56564850593754,0.2110003038735201,0.356598363298304
1327.3333333333333,35.59937682912215,0.2118634439974522,0.3561152791366953
1327.6666666666665,35.632860429960814,0.21273469929081765,0.35563668842035373
1328.0,35.66609711201684,0.2136141003739576,0.35516260325283644
1328.3333333333333,35.69908467375265,0.21450167788077035,0.35469303579933714
1328.6666666666665,35.7318209071416,0.21539746245258273,0.35422799828630247
1329.0,35.76430359541818,0.2163014847337721,0.35376750300090776
1329.3333333333333,35.79653051824605,0.21721377535078565,0.35331156229145905
1329.6666666666665,35.82849945821228,0.21813436488811425,0.3528601885679332
1330.0,35.860208190336934,0.21906328390166205,0.35241339430028706
1330.3333333333333,35.891654486274476,0.2200005628994399,0.3519711920186333
1330.6666666666665,35.92283611396027,0.2209462323322314,0.35153359431279213
1331.0,35.953750837652315,0.22190032258318715,0.3511006138318604
1331.3333333333333,35.98439641826779,0.22286286395658078,0.3506722632837832
1331.6666666666665,36.01477061389059,0.22383388666601323,0.3502485554349079
1332.0,36.044871180325394,0.22481342082233302,0.3498295031095111
1332.3333333333333,36.074695871574484,0.2258014964215591,0.3494151191892778
1332.6666666666665,36.104242440113325,0.22679814333309223,0.34900541661271595
1333.0,36.13350863684062,0.22780339128848293,0.3486004083744933
1333.3333333333333,36.16249221057889,0.22881726987104242,0.3482001075246791
1333.6666666666665,36.19119090700176,0.22983980850658256,0.3478045271678714
1334.0,36.21960246899203,0.23087103645069665,0.3474136804624684
1334.3333333333333,36.247724643072715,0.23191098276209107,0.34702758062067135
1334.6666666666665,36.275555173558175,0.23295967630362363,0.34664624090688606
1335.0,36.303091805017225,0.23401714572416596,0.3462696746371396
1335.3333333333333,36.33033228203793,0.23508341944656594,0.3458978951781134
1335.6666666666665,36.357274349099356,0.23615852565514628,0.34553091594614505
1336.0,36.383915750823725,0.23724249228210398,0.345168750406238
1336.3333333333333,36.41025423248898,0.23833534699309983,0.3448114120710612
1336.6666666666665,36.43628754068156,0.23943711717232696,0.3444589144999199
1337.0,36.46201342396888,0.24054782990732845,0.34411127129768726
1337.3333333333333,36.487429633471294,0.2416675119738524,0.34376849611367793
1337.6666666666665,36.51253392321355,0.24279618982103457,0.34343060264044584
1338.0,36.53732405013506,0.24393388955717743,0.34309760461249506
1338.3333333333333,36.561797773638915,0.24508063693641485,0.3427695158048852
1338.6666666666665,36.58595285455955,0.2462364573465521,0.34244635003171375
1339.0,36.60978705377122,0.24740137579753166,0.34212812114450747
1339.3333333333333,36.63329814080837,0.24857541688598472,0.3418148430318325
1339.6666666666665,36.65648388919617,0.24975860479138404,0.3415065296171674
1340.0,36.67934207662861,0.25095096325973676,0.34120319485735356
1340.3333333333333,36.701870486777075,0.25215251558372836,0.3409048527411935
1340.6666666666665,36.72406690851746,0.2533632845888559,0.3406115172876666
1341.0,36.7459291357346,0.2545832926179017,0.340323202544172
1341.3333333333333,36.76745496758474,0.25581256151405335,0.3400399225847767
1341.6666666666665,36.78864220909643,0.25705111260297525,0.3397616915084549
1342.0,36.8094886719902,0.2582989666741164,0.3394885234373027
1342.3333333333333,36.82999217559748,0.2595561439615596,0.3392204325147129
1342.6666666666665,36.85015054775938,0.2608226641247189,0.33895743290349145
1343.0,36.86996162558544,0.26209854622916745,0.3386995387839019
1343.3333333333333,36.889423255953126,0.2633838087279036,0.33844676435162213
1343.6666666666665,36.908533295628345,0.2646784694433598,0.33819912381559364
1344.0,36.927289610887414,0.26598254555043876,0.3379566313957525
1344.3333333333333,36.94569007652092,0.26729605356088193,0.33771930132062294
1344.6666666666665,36.9637325741001,0.26861900930927773,0.33748714782475714
1345.0,36.981414989385904,0.26995142794099186,0.33726018514600703
1345.3333333333333,36.99873522515923,0.2712933238610941,0.33703842752473234
1345.6666666666665,37.015691203612434,0.27264471071031576,0.3368218892015714
1346.0,37.03228085226942,0.27400560138042596,0.3366105844130786
1346.3333333333333,37.048502113541694,0.27537600797056716,0.3364045273903354
1346.6666666666665,37.064352943519175,0.2767559417710753,0.3362037323560898
1347.0,37.07983131137447,0.2781454132454283,0.3360082135219191
1347.3333333333333,37.09493519928608,0.2795444320105896,0.33581798508540084
1347.6666666666665,37.10966260278523,0.28095300681601854,0.33563306122727776
1348.0,37.1240115314304,0.28237114552159037,0.33545345610860616
1348.3333333333333,37.13798000971422,0.28379885507469704,0.3352791838678723
1348.6666666666665,37.151566078107194,0.28523614148679877,0.33511025861806254
1349.0,37.16476779414255,0.2866830098096706,0.33494669444367625
1349.3333333333333,37.17758323344669,0.2881394641116144,0.3347885053976668
1349.6666666666665,37.19001049061982,0.2896055074539065,0.3346357054982963
1350.0,37.20204767987098,0.2910811418677252,0.3344883087258923
1350.3333333333333,37.21369293531206,0.2925663683318284,0.33434632901949246
1350.6666666666665,37.2249444108152,0.2940611867512517,0.3342097802733629
1351.0,37.23580027933803,0.29556559593727133,0.3340786763333781
1351.3333333333333,37.24625873162111,0.29707959358890185,0.3339530309932487
1351.6666666666665,37.25631797416213,0.29860317627619937,0.33383285799058215
1352.0,37.2659762263712,0.30013633942561435,0.3337181710027656
1352.3333333333333,37.27523172755143,0.30167907727819426,0.3336089836441375
1352.6666666666665,37.28408276746283,0.3032313827847173,0.3335053094662467
1353.0,37.29252764221052,0.3047932477037372,0.3334071619478487
1353.3333333333333,37.300564672335476,0.30636466252717953,0.3333145544935093
1353.6666666666665,37.308192204201376,0.3079456164539678,0.3332275004296954
1354.0,37.315408609328,0.3095360973691092,0.3331460130005178
1354.3333333333333,37.322212284099166,0.311136091821515,0.3330701053634626
1354.6666666666665,37.328601649798664,0.31274558500071886,0.3329997905851041
1355.0,37.33457515292722,0.314364560712622,0.3329350816367938
1355.3333333333333,37.34013126575387,0.31599300135442837,0.33287599139031626
1355.6666666666665,37.34526848705489,0.3176308878889299,0.33282253261350464
1356.0,37.34998534299363,0.3192781998182721,0.3327747179658093
1356.3333333333333,37.35428038809432,0.3209349151573629,0.33273255999381207
1356.6666666666665,37.35815220626337,0.32260101040708417,0.3326960711266773
1357.0,37.36159941181106,0.324276460527438,0.332665263671535
1357.3333333333333,37.36462065042715,0.3259612389107878,0.33264014980878587
1357.6666666666665,37.36721460006349,0.32765531735535675,0.33262074158732285
1358.0,37.36937997167697,0.32935866603911296,0.3326070509196611
1358.3333333333333,37.371115509785895,0.33107125349420385,0.3325990895769688
1358.6666666666665,37.3724199927933,0.33279304658209985,0.3325968691839918
1359.0,37.37329223303009,0.334524010469579,0.3326004012138645
1359.3333333333333,37.37373107647162,0.33626410860571315,0.33260969698280035
1359.6666666666665,37.373735402080605,0.3380133027000172,0.33262476764465265
1360.0,37.3733041207299,0.3397715527018924,0.3326456241853409
1360.3333333333333,37.37243617365818,0.34153881678152376,0.3326722774171334
1360.6666666666665,37.37113053041189,0.34331505131239487,0.33270473797277933
1361.0,37.36938618668538,0.34510021085434883,0.33274301629957337
1361.3333333333333,37.36720219684829,0.34689424803645624,0.33278712265940047
1361.6666666666665,37.36457767497602,0.3486971135144393,0.3328370671218408
1362.0,37.36151176176619,0.35050875605709175,0.3328928595537398
1362.3333333333333,37.358003631236194,0.35232912250772613,0.33295450961486045
1362.6666666666665,37.35405249333269,0.35415815775167064,0.33302202675227666
1363.0,37.349657596164796,0.355995804685292,0.33309542019465954
1363.3333333333333,37.34481822789042,0.35784200418646206,0.33317469894646135
1363.6666666666665,37.339533718284905,0.3596966950863862,0.3332598717820018
1364.0,37.33380344002143,0.3615598141426776,0.33335094723946096
1364.3333333333333,37.32762680969238,0.36343129601359536,0.3334479336147832
1364.6666666666665,37.3210032886011,0.36531107323336365,0.33355083895549775
1365.0,37.31393238335321,0.3671990761884572,0.333659671054459
1365.3333333333333,37.306413646277,0.36909523309477,0.33377443744351165
1365.6666666666665,37.298446675701946,0.3709994699755854,0.33389514538708637
1366.0,37.29003111612496,0.372911710640232,0.3340218018757282
1366.3333333333333,37.28116665829347,0.3748318766633422,0.33415441361956466
1366.6666666666665,37.27185303923473,0.3767598873646334,0.3342929870417164
1367.0,37.262090042260624,0.37869565978909314,0.33443752827165607
1367.3333333333333,37.25187749697747,0.38063910868748785,0.3345880431385189
1367.6666666666665,37.24121527932977,0.38259014649711365,0.33474453716437075
1368.0,37.23010331170761,0.3845486833226711,0.33490701555743724
1368.3333333333333,37.218541563146786,0.3865146269171835,0.33507548320529845
1368.6666666666665,37.20653004965105,0.38848788266287665,0.33524994466805524
1369.0,37.19406883466578,0.3904683535519028,0.33543040417146963
1369.3333333333333,37.1811580297324,0.39245594016682794,0.3356168656000847
1369.6666666666665,37.16779779535285,0.39445054066080026,0.3358093324903297
1370.0,37.15398834209338,0.396452050737283,0.33600780802361324
1370.3333333333333,37.139729931957156,0.3984603636292697,0.33621229501940914
1370.6666666666665,37.1250228800547,0.4004753700779013,0.33642279592834146
1371.0,37.109867556601756,0.40249695831036714,0.3366393128252712
1371.3333333333333,37.09426438927382,0.4045250140170082,0.33686184740238917
1371.6666666666665,37.078213865946445,0.406559420327542,0.3370904009623224
1372.0,37.06171653785098,0.40860005778629116,0.33732497441125453
1372.3333333333333,37.044773023174834,0.41064680432633427,0.3375655682520676
1372.6666666666665,37.027384011135595,0.41269953524249847,0.3378121825775097
1373.0,37.009550266558335,0.4147581231630747,0.3380648170633914
1373.3333333333333,36.99127254216866,0.4168224383732827,0.33832347095182913
1373.6666666666665,36.97255157306854,0.41889234882640486,0.33858814304322715
1374.0,36.95338823042094,0.42096771955088846,0.33885883170586717
1374.3333333333333,36.93378344149725,0.4230484129468308,0.33913553486012166
1374.6666666666665,36.91373818984502,0.42513428877806914,0.33941824997109454
1375.0,36.8932535157588,0.42722520416392007,0.3397069740413034
1375.3333333333333,36.87233051669737,0.4293210135719568,0.3400017036033696
1375.6666666666665,36.850970347651185,0.431421568811841,0.3403024347127206
1376.0,36.829174221463695,0.4335267190301893,0.3406091629403035
1376.3333333333333,36.80694340911024,0.43563631070649045,0.34092188336531504
1376.6666666666665,36.78427923993792,0.4377501876500923,0.34124059056795125
1377.0,36.761183101870515,0.4398681909982363,0.34156527862217695
1377.3333333333333,36.737656441581755,0.44199015921515744,0.34189594108851895
1377.6666666666665,36.71370076464077,0.4441159280922671,0.34223257100688803
1378.0,36.68931763563333,0.44624533074939804,0.34257516088942785
1378.3333333333333,36.66450867826269,0.4483781976371286,0.34292370271339645
1378.6666666666665,36.63927557543331,0.45051435654020355,0.3432781879140837
1379.0,36.613620069321556,0.4526536325820312,0.34363860737776497
1379.3333333333333,36.58754396143687,0.4547958482302732,0.3440049514346939
1379.6666666666665,36.561049112676855,0.456940823303546,0.3443772098521406
1380.0,36.534137443380295,0.45908837497921134,0.3447553718274732
1380.3333333333333,36.506810933381615,0.46123831780227403,0.34513942598128705
1380.6666666666665,36.47907162207025,0.4633904636954049,0.3455293603505874
1381.0,36.45092160845895,0.46554462197006713,0.3459251623820231
1381.3333333333333,36.42236305126445,0.46770059933876373,0.3463268189251763
1381.6666666666665,36.39339816900408,0.4698581999284238,0.34673431622591383
1382.0,36.364029240112245,0.47201722529490664,0.34714763991979736
1382.3333333333333,36.334258603080315,0.4741774744386401,0.34756677502555783
1382.6666666666665,36.304088656623364,0.47633874382141284,0.34799170593863943
1383.0,36.27352185987778,0.4785008273842969,0.3484224164248106
1383.3333333333333,36.242560732633315,0.48066351656672013,0.3488588896138475
1383.6666666666665,36.21120785560287,0.482826600326705,0.3493011079932945
1384.0,36.17946587073425,0.4849898651622526,0.34974905340230056
1384.3333333333333,36.14733748156718,0.48715309513388977,0.3502027070255354
1384.6666666666665,36.11482544748145,0.48931607190411125,0.35066204939004814
1385.0,36.0819325664644,0.49147857486403423,0.351127060355378
1385.3333333333333,36.0486617003379,0.4936403810441399,0.3515977191079448
1385.6666666666665,36.01501577849018,0.49580126510668604,0.35207400415971474
1386.0,35.980997793218854,0.4979609994028184,0.35255589334170295
1386.3333333333333,35.94661079613936,0.5001193540249284,0.35304336379786927
1386.6666666666665,35.911857895543164,0.5022760968549189,0.3535363919793914
1387.0,35.876742254590525,0.5044309936090253,0.3540349536392842
1387.3333333333333,35.841267090221756,0.5065838078798733,0.3545390238273435
1387.6666666666665,35.80543567267097,0.5087343011764615,0.35504857688539354
1388.0,35.76925132546705,0.5108822329627127,0.35556358644280667
1388.3333333333333,35.732717425805816,0.5130273606952802,0.35608402541227424
1388.6666666666665,35.6958374051773,0.5151694398612908,0.35660986598580674
1389.0,35.658614750133,0.517308224016675,0.3571410796309333
1389.3333333333333,35.6210530030769,0.5194434648257648,0.35767763708707745
1389.6666666666665,35.58315576296443,0.5215749121028461,0.3582195083620903
1390.0,35.54492668579392,0.5237023138563119,0.35876666272890717
1390.3333333333333,35.50636948477458,0.5258254163360989,0.3593190687223087
1390.6666666666665,35.467487930055135,0.5279439640850948,0.35987669413576395
1391.0,35.4282858478975,0.5300576999951603,0.36043950601832486
1391.3333333333333,35.38876711917983,0.5321663653684512,0.3610074706715503
1391.6666666666665,35.348935677112735,0.5342696999847262,0.3615805536464387
1392.0,35.30879550405334,0.5363674421752841,0.3621587197403387
1392.3333333333333,35.26835062730136,0.5384593289042175,0.36274193299381485
1392.6666666666665,35.2276051137609,0.5405450958576666,0.3633301566874495
1393.0,35.186563063353034,0.5426244775417185,0.3639233533385472
1393.3333333333333,35.14522860106278,0.5446972073896379,0.3645214846977224
1393.6666666666665,35.103605867504754,0.5467630178791132,0.36512451174534777
1394.0,35.06169909451645,0.5488216401538978,0.36573239470959423
1394.3333333333333,35.019512656329404,0.5508728037939231,0.3663450930783605
1394.6666666666665,34.97705089548152,0.5529162378946932,0.36696256555524137
1395.0,34.93431820047434,0.5549516706786002,0.3675847700788954
1395.3333333333333,34.891319003885464,0.5569788295765975,0.36821166382248427
1395.6666666666665,34.8480577801241,0.5589974413124751,0.3688432031933105
1396.0,34.80453904390719,0.5610072319834891,0.36947934383291503
1396.3333333333333,34.76076734931104,0.5630079271383055,0.3701200406176
1396.6666666666665,34.71674728925355,0.5649992518532142,0.3707652476593413
1397.0,34.67248349526263,0.566980930807535,0.37141491830704454
1397.3333333333333,34.627980637385974,0.5689526883591718,0.3720690051481086
1397.6666666666665,34.583243424096864,0.5709142486212738,0.3727274600102628
1398.0,34.53827660205211,0.5728653355409226,0.3733902339636303
1398.3333333333333,34.493084955556796,0.5748056729808048,0.37405727732298255
1398.6666666666665,34.447673305591,0.5767349848048254,0.3747285396501504
1399.0,34.40204650825409,0.5786529949685846,0.3754039697565445
1399.3333333333333,34.35620945248165,0.5805594276156735,0.3760835157057499
1399.6666666666665,34.31016705689006,0.5824540071807475,0.37676712481616087
1400.0,34.26392426560425,0.5843364585002975,0.37745474366360776
1400.3333333333333,34.217486042923966,0.5862065069320774,0.3781463180839417
1400.6666666666665,34.170857373660084,0.5880638784364625,0.3788417931775768
1401.0,34.12404330479652,0.5899082993802254,0.37954111332612195
1401.3333333333333,34.07704889692855,0.5917394969539171,0.3802442221832155
1401.6666666666665,34.02987923524211,0.5935571991769074,0.3809510626833941
1402.0,33.98253943142474,0.5953611349729839,0.38166157704812104
1402.3333333333333,33.93503462065178,0.5971510342798466,0.3823757067906961
1402.6666666666665,33.88736995945967,0.5989266281522555,0.3830933927217758
1403.0,33.83955062433916,0.6006876488600551,0.38381457495543747
1403.3333333333333,33.791581810880174,0.6024338299823272,0.38453919291573324
1403.6666666666665,33.74346873330032,0.6041649064989258,0.38526718534368165
1404.0,33.69521662418977,0.6058806148806166,0.38599849030462885
1404.3333333333333,33.64683073430442,0.6075806931790717,0.38673304519592716
1404.6666666666665,33.598316332239115,0.6092648811179765,0.3874707867548771
1405.0,33.5496787038138,0.6109329201864667,0.38821165106686606
1405.3333333333333,33.50092315100444,0.6125845537361508,0.3889555735736509
1405.6666666666665,33.45205499025064,0.6142195270829705,0.38970248908173
1406.0,33.4030795499725,0.6158375876151202,0.39045233177073957
1406.3333333333333,33.354002167128996,0.6174384849082812,0.39120503520181915
1406.6666666666665,33.304828182649295,0.6190219708494188,0.3919605323258946
1407.0,33.25556293557017,0.6205877997703697,0.3927187554918107
1407.3333333333333,33.20621176082706,0.6221357285525139,0.39347963645602696
1407.6666666666665,33.15678003455694,0.6236655163635169,0.39424310640876026
1408.0,33.10727312832233,0.6251769251027608,0.39500909596911077
1408.3333333333333,33.05769641357077,0.6266697194473188,0.39577753519832265
1408.6666666666665,33.00805526569891,0.6281436669081105,0.396548353612628
1409.0,32.95835506115925,0.6295985379396514,0.3973214801939728
1409.3333333333333,32.90860117539382,0.6310341060419109,0.39809684340136225
1409.6666666666665,32.85879898143252,0.6324501478556505,0.39887437118275887
1410.0,32.80895384899488,0.6338464432525777,0.3996539909874519
1410.3333333333333,32.75907114393272,0.6352227754216848,0.400435629778833
1410.6666666666665,32.7091562278516,0.6365789309531366,0.40121921404751065
1411.0,32.65921445774953,0.637914699921048,0.4020046698246827
1411.3333333333333,32.60925118551069,0.6392298759665184,0.40279192269570124
1411.6666666666665,32.55927175709193,0.6405242563822874,0.4035808978137629
1412.0,32.50928151124043,0.6417976422003528,0.4043715199136435
1412.3333333333333,32.459285777580554,0.6430498382839174,0.4051637133254116
1412.6666666666665,32.40928987390725,0.6442806534250292,0.4059574019880535
1413.0,32.35929910252485,0.6454899004492571,0.40675250946292973
1413.3333333333333,32.30931874546889,0.6466773963287675,0.4075489589469959
1413.6666666666665,32.25935405851319,0.6478429623045892,0.40834667328574953
1414.0,32.209410296426334,0.6489864237315539,0.4091455749993623
1414.3333333333333,32.159492708123366,0.6501076101937125,0.4099455862959446
1414.6666666666665,32.10960651371914,0.6512063557650457,0.41074662907865456
1415.0,32.05975691697504,0.6522824989620553,0.4115486249671554
1415.3333333333333,32.009949101988596,0.6533358828369474,0.4123514953124191
1415.6666666666665,31.96018823078253,0.654366355060159,0.41315516121217166
1416.0,31.910479441640597,0.6553737679936775,0.41395954352688275
1416.3333333333333,31.86082784803703,0.65635797875663,0.41476456289622016
1416.6666666666665,31.811238538006396,0.6573188492846108,0.41557013975588813
1417.0,31.76171657380135,0.6582562463842027,0.416376194354754
1417.3333333333333,31.71226699168514,0.6591700417841635,0.41718264677218203
1417.6666666666665,31.6628948017055,0.6600601121847499,0.4179894169354952
1418.0,31.613604987297624,0.6609263393066324,0.4187964246374674
1418.3333333333333,31.56440250456289,0.6617686099408736,0.41960358955376725
1418.6666666666665,31.515292281070135,0.6625868160014418,0.4204108312602713
1419.0,31.466279214027033,0.6633808545817127,0.42121806925015287
1419.3333333333333,31.417368167668343,0.664150628016434,0.42202522295066386
1419.6666666666665,31.368563969707765,0.6648960439506207,0.4228322117395305
1420.0,31.319871406700987,0.6656170154168392,0.4236389549608666
1420.3333333333333,31.27129521816672,0.6663134609223496,0.42444537194052434
1420.6666666666665,31.222840114294797,0.6669853042991926,0.4252513820136435
1421.0,31.174510794122835,0.6676324745540847,0.4260569045517512
1421.3333333333333,31.126311900838157,0.6682549063295758,0.426861858958829
1421.6666666666665,31.078248041928877,0.6688525397196118,0.42766616470055846
1422.0,31.030323786396828,0.6694253203166588,0.42846974132113697
1422.3333333333333,30.98254366244735,0.6699731992506616,0.42927250846044723
1422.6666666666665,30.934912155896395,0.6704961332175438,0.4300743858716876
1423.0,30.88743370916528,0.6709940844986818,0.4308752934393631
1423.3333333333333,30.840112720732503,0.6714670209727881,0.43167515119754746
1423.6666666666665,30.792953544912148,0.6719149161216409,0.4324738793483319
1424.0,30.745960491829123,0.6723377490310903,0.4332713982803562
1424.3333333333333,30.699137827460792,0.6727355043887776,0.4340676285873363
1424.6666666666665,30.652489773614366,0.673108172480003,0.4348624910865017
1425.0,30.606020507710447,0.6734557491831742,0.4356559068368392
1425.3333333333333,30.55973416224216,0.6737782359662706,0.4364477971570575
1425.6666666666665,30.51363482377934,0.67407563988576,0.43723808364318445
1426.0,30.467726531388077,0.6743479735893979,0.43802668818569535
1426.3333333333333,30.42201327433512,0.6745952553243472,0.4388135329860858
1426.6666666666665,30.37649898894659,0.6748175089520524,0.43959854057280073
1427.0,30.3311875544913,0.675014763971301,0.4403816338164191
1427.3333333333333,30.286082787958172,0.6751870555509067,0.4411627359440058
1427.6666666666665,30.24118845937226,0.6753344243317211,0.4419417705665979
1428.0,30.196508317935848,0.6754569161124949,0.4427186617127147
1428.3333333333333,30.15204604038205,0.675554582387165,0.4434933338127981
1428.6666666666665,30.107805253101553,0.6756274800601776,0.4442657117311363
1429.0,30.063789530519,0.6756756714295836,0.4450357207814346
1429.3333333333333,30.020002393265138,0.6756992241693054,0.4458032867421644
1429.6666666666665,29.976447306956082,0.6756982113016311,0.44656833587221073
1430.0,29.93312768147989,0.6756727111612031,0.44733079492671857
1430.3333333333333,29.890046870689822,0.675622807351768,0.44809059117305794
1430.6666666666665,29.84720817240379,0.6755485886969559,0.44884765240682434
1431.0,29.80461482861008,0.6754501491863547,0.44960190696777824
1431.3333333333333,29.762270025778903,0.6753275879181487,0.45035328375564126
1431.6666666666665,29.720176895179076,0.6751810090395864,0.45110171224566714
1432.0,29.678338513100105,0.6750105216865456,0.4518471225038899
1432.3333333333333,29.63675790087906,0.6748162399234641,0.4525894452019682
1432.6666666666665,29.595438024631694,0.6745982826849005,0.4533286116315426
1433.0,29.554381794587925,0.6743567737199946,0.45406455371800936
1433.3333333333333,29.51359206393125,0.6740918415410942,0.454797204033629
1433.6666666666665,29.473071627041314,0.6738036193778135,0.45552649580988663
1434.0,29.432823217040053,0.6734922451377924,0.45625236294900734
1434.3333333333333,29.392849502540603,0.6731578613754241,0.45697474003454586
1434.6666666666665,29.35315308349863,0.6728006152698152,0.4576935623409657
1435.0,29.313736506092265,0.672420658367783,0.4584087658583173
1435.3333333333333,29.274602288119684,0.6720181462015415,0.4591202873243949
1435.6666666666665,29.23575286920732,0.6715932388190766,0.4598280641969133
1436.0,29.197190632372987,0.6711461004376288,0.460532034683172
1436.3333333333333,29.15891790329555,0.67067689937427,0.46123213775058175
1436.6666666666665,29.12093694917369,0.6701858079797398,0.46192831313661176
1437.0,29.08324997804381,0.6696730025649537,0.46262050135884947
1437.3333333333333,29.04585913848667,0.6691386633211789,0.4633086437251072
1437.6666666666665,29.008766519652223,0.6685829742348764,0.4639926823435088
1438.0,28.971974151532986,0.6680061229982128,0.46467256013247693
1438.3333333333333,28.935484005415418,0.667408300916241,0.46534822083055505
1438.6666666666665,28.899297994438925,0.6667897028117452,0.46601960900599704
1439.0,28.863417974192647,0.6661505269287566,0.466686670066046
1439.3333333333333,28.827845743279653,0.6654909748357372,0.4673493502658354
1439.6666666666665,28.792583043778073,0.6648112513294266,0.4680075967168455
1440.0,28.75763156152938,0.6641115643403609,0.46866135739483733
1440.3333333333333,28.722992926183377,0.6633921248410573,0.46931058114719654
1440.6666666666665,28.688668710929495,0.6626531467578634,0.4699552176996211
1441.0,28.65466043184457,0.6618948468874759,0.4705952176620735
1441.3333333333333,28.62096954678666,0.6611174448191279,0.4712305325339317
1441.6666666666665,28.587597453764527,0.6603211628634361,0.4718611147082712
1442.0,28.554545488712904,0.6595062259889213,0.4724869174752
1442.3333333333333,28.521814922603184,0.6586728617671939,0.4731078950241801
1442.6666666666665,28.489406976290027,0.6578213000812211,0.473724002463517
1443.0,28.457322839540808,0.6569517727805808,0.4743351958431885
1443.3333333333333,28.42556362969273,0.6560645141382496,0.47494143211842704
1443.6666666666665,28.394130410529797,0.6551597605034089,0.47554266917243027
1444.0,28.36302419206908,0.6542377502120156,0.4761388658194027
1444.3333333333333,28.332245930126074,0.6532987235002972,0.47672998180706677
1444.6666666666665,28.301796526185345,0.6523429224142001,0.47731597781916946
1445.0,28.271676827532197,0.6513705907154895,0.4778968154779289
1445.3333333333333,28.24188762760061,0.6503819737851793,0.47847245734637817
1445.6666666666665,28.212429666492678,0.6493773185249723,0.47904286693056175
1446.0,28.183303631625325,0.6483568732574101,0.47960800868153114
1446.3333333333333,28.15451015845951,0.6473208876254087,0.48016784799709505
1446.6666666666665,28.126049831267164,0.6462696124918628,0.48072235122328083
1447.0,28.097923183891655,0.6452032998400147,0.4812714856554528
1447.3333333333333,28.070130700456957,0.6441222026752688,0.48181521953904394
1447.6666666666665,28.042672815980797,0.6430265749291295,0.482353522069856
1448.0,28.015549916847558,0.6419166713659622,0.48288636339387564
1448.3333333333333,27.98876234109611,0.6407927474932557,0.4834137146065614
1448.6666666666665,27.96231037847789,0.639655059476066,0.4839355477515576
1449.0,27.936194270240915,0.6385038640563403,0.4844518358187822
1449.3333333333333,27.910414208595014,0.6373394184777984,0.48496255274184336
1449.6666666666665,27.8849703358135,0.6361619804170539,0.4854676733947421
1450.0,27.859862742927028,0.634971807921671,0.48596717358780567
1450.3333333333333,27.835091468063013,0.6337691593544361,0.48646103006292074
1450.6666666666665,27.810656517814277,0.6325542930100144,0.48694922051466677
1451.0,27.78655786066474,0.6313274671323066,0.4874317235792969
1451.3333333333333,27.76279541160786,0.6300889400572829,0.4879085188136641
1451.6666666666665,27.739369042782194,0.6288389699863414,0.4883795867033487
1452.0,27.71627858341787,0.6275778149139585,0.48884490865829977
1452.3333333333333,27.693523819978992,0.6263057325538082,0.48930446700844576
1452.6666666666665,27.671104496476225,0.6250229802637358,0.4897582449992528
1453.0,27.649020314924343,0.6237298149699956,0.4902062267872
1453.3333333333333,27.627270935918872,0.6224264930911386,0.49064839743515054
1453.6666666666665,27.60585597930622,0.6211132704619388,0.49108474290759585
1454.0,27.584775024921903,0.6197904022577643,0.4915152500657435
1454.3333333333333,27.564027613371174,0.6184581429197832,0.491939906662426
1454.6666666666665,27.543613246826304,0.6171167460813877,0.4923587013368094
1455.0,27.52353138981523,0.6157664644962485,0.49277162360887117
1455.3333333333333,27.50378146997579,0.6144075499683843,0.4931786638736251
1455.6666666666665,27.484362878749877,0.6130402532846333,0.49357981339507184
1456.0,27.465274971992137,0.6116648241499368,0.49397506429984506
1456.3333333333333,27.44651707046752,0.6102815111258214,0.49436440957053035
1456.6666666666665,27.428088460211963,0.6088905615724644,0.4947478430386357
1457.0,27.409988392730824,0.6074922215947548,0.49512535937718355
1457.3333333333333,27.39221608500943,0.6060867359927355,0.49549695409290195
1457.6666666666665,27.374770719309936,0.6046743482168104,0.4958626235179928
1458.0,27.357651442729214,0.6032553003281308,0.496222364801448
1458.3333333333333,27.340857366492028,0.6018298329645441,0.49657617589989034
1458.6666666666665,27.324387575967993,0.6003981851486396,0.496924055581047
1459.0,27.30824113430945,0.5989605941914863,0.49726600341958743
1459.3333333333333,27.292417067123424,0.5975172958809694,0.49760201977002616
1459.6666666666665,27.276914371413838,0.5960685243107166,0.49793210576845265
1460.0,27.261732015784926,0.594614511840185,0.498256263323797
1460.3333333333333,27.246868940728035,0.5931554890551067,0.498574495109068
1460.6666666666665,27.232324059013415,0.5916916847279454,0.49888680455259604
1461.0,27.218096256172686,0.5902233257785834,0.4991931958292678
1461.3333333333333,27.20418439105742,0.5887506372354271,0.4994936738517431
1461.6666666666665,27.190587296459295,0.5872738421971228,0.4997882442616454
1462.0,27.17730377977754,0.5857931617950993,0.5000769134207116
1462.3333333333333,27.164332623719062,0.5843088151571277,0.5003596884018918
1462.6666666666665,27.151672587016776,0.582821019372088,0.5006365769803917
1463.0,27.139322405151795,0.5813299894561608,0.5009075876246406
1463.3333333333333,27.1272807910649,0.5798359383206338,0.5011727294871796
1463.6666666666665,27.115546435842848,0.5783390767415131,0.5014320123954582
1464.0,27.104118009365052,0.5768396133311562,0.5016854468425259
1464.3333333333333,27.092994160896254,0.5753377545121188,0.5019330439776116
1464.6666666666665,27.082173519610507,0.5738337044934023,0.5021748155965788
1465.0,27.07165469503224,0.5723276652493234,0.5024107741322453
1465.3333333333333,27.06143627737982,0.5708198365011916,0.502640932644557
1465.6666666666665,27.051516837797074,0.5693104157019883,0.5028653048106067
1466.0,27.041894928458483,0.567799598024263,0.5030839049144842
1466.3333333333333,27.03256908253344,0.5662875763514377,0.5032967478369501
1466.6666666666665,27.023537813995098,0.5647745412727081,0.5035038490449212
1467.0,27.014799617259477,0.5632606810817611,0.503705224580756
1467.3333333333333,27.00635297622236,0.5617461816371853,0.5039008910617757
1467.6666666666665,26.99819636493524,0.560231226346029,0.5040908656710652
1468.0,26.99032823606426,0.5587159963333512,0.5042751661342634
1468.3333333333333,26.982747028658785,0.5572006703258809,0.504453810717509
1468.6666666666665,26.975451168315043,0.5556854246483941,0.5046268182173778
1469.0,26.968439067401906,0.5541704332203491,0.5047942079508836
1469.3333333333333,26.96170912535209,0.5526558675526896,0.5049559997455568
1469.6666666666665,26.95525972901121,0.551141896744887,0.5051122139295933
1470.0,26.94908925303731,0.5496286874823212,0.5052628713220713
1470.3333333333333,26.943196060343283,0.5481164040340681,0.5054079932232335
1470.6666666666665,26.937578502574645,0.5466052082511681,0.5055476014048298
1471.0,26.932234920615265,0.5450952595654706,0.5056817181005185
1471.3333333333333,26.927163645113474,0.5435867149891277,0.5058103659963206
1471.6666666666665,26.922362997021025,0.5420797291148074,0.5059335682211263
1472.0,26.917831288137492,0.5405744541167227,0.5060513483372487
1472.3333333333333,26.91356682165252,0.5390710397525508,0.5061637303310202
1472.6666666666665,26.90956789267843,0.5375696333663104,0.5062707386034314
1473.0,26.905832788765764,0.5360703798922964,0.5063723979608057
1473.3333333333333,26.902359790394126,0.5345734218601437,0.5064687336055081
1473.6666666666665,26.89914717143093,0.5330788994010885,0.5065597711266845
1474.0,26.8961931995505,0.5315869502555293,0.5066455364910273
1474.3333333333333,26.893496136606014,0.5300977097819534,0.5067260560335641
1474.6666666666665,26.89105423894682,0.5286113109673048,0.506801356448468
1475.0,26.888865757673578,0.5271278844388885,0.5068714647798821
1475.3333333333333,26.886928938823782,0.5256475584778819,0.5069364084127586
1475.6666666666665,26.885242023480068,0.5241704590345274,0.5069962150637067
1476.0,26.88380324779391,0.5226967097451006,0.5070509127718479
1476.3333333333333,26.882610842917124,0.5212264319507275,0.507100529889672
1476.6666666666665,26.881663034833693,0.5197597447181196,0.5071450950738944
1477.0,26.880958044084444,0.5182967648623282,0.5071846372763079
1477.3333333333333,26.880494085592634,0.5168376069685852,0.5072191857347905
1477.6666666666665,26.88026938288738,0.5153823832134561,0.5072487699757298
1478.0,26.880282158314845,0.5139312035197637,0.5072734197987633
1478.3333333333333,26.880530627071273,0.5124841756625647,0.5072931652624916
1478.6666666666665,26.881013003219852,0.5110414052068427,0.507308036680391
1479.0,26.88172749987128,0.5096029955262806,0.5073180646126656
1479.3333333333333,26.88267232938024,0.508169047822187,0.5073232798581826
1479.6666666666665,26.883845703556165,0.5067396611425733,0.5073237134464946
1480.0,26.885245833886557,0.5053149324014037,0.5073193966299483
1480.3333333333333,26.886870931771334,0.5038949563980089,0.5073103608758802
1480.6666666666665,26.888719208766528,0.5024798258366616,0.5072966378589006
1481.0,26.89078887683569,0.5010696313463331,0.5072782594532661
1481.3333333333333,26.89307814860737,0.4996644615006255,0.5072552577253413
1481.6666666666665,26.895585237637086,0.49826440283787415,0.5072276649261508
1482.0,26.898308358672068,0.49686953988144245,0.5071955134840211
1482.3333333333333,26.9012457279172,0.4954799551602013,0.5071588359973156
1482.6666666666665,26.904395563300515,0.4940957292291899,0.507117665227259
1483.0,26.907756084736615,0.49271694069047717,0.5070720340908571
1483.3333333333333,26.911325514386334,0.49134366621421993,0.507021975653908
1483.6666666666665,26.91510207691109,0.48997598055991076,0.5069675231241091
1484.0,26.91908399972024,0.48861395659783774,0.5069087098442565
1484.3333333333333,26.92326951320978,0.48725766533074943,0.5068455692855427
1484.6666666666665,26.927656850990854,0.48590717591572147,0.5067781350409484
1485.0,26.932244250106315,0.48456255568624323,0.5067064408187312
1485.3333333333333,26.937029951233793,0.4832238701745213,0.5066305204360135
1485.6666666666665,26.9420121988736,0.4818911831339931,0.5065504078124664
1486.0,26.947189241519858,0.4805645565620721,0.5064661369640933
1486.3333333333333,26.952559331813173,0.47924405072311826,0.5063777419971138
1486.6666666666665,26.95812072667329,0.4779297241716302,0.5062852571019469
1487.0,26.963871687410023,0.47662163377567757,0.506188716547295
1487.3333333333333,26.96981047981086,0.47531983474056994,0.50608815467433
1487.6666666666665,26.97593537420365,0.47402438063275604,0.5059836058909815
1488.0,26.982244645492656,0.4727353234039749,0.5058751046663276
1488.3333333333333,26.988736573166367,0.4714527134156515,0.50576268552509
1488.6666666666665,26.995409441275513,0.4701765994635349,0.5056463830422325
1489.0,27.00226153837952,0.4689070288025965,0.5055262318376652
1489.3333333333333,27.00929115745986,0.4676440471721839,0.5054022665710542
1489.6666666666665,27.01649659579866,0.4663876988214269,0.5052745219367369
1490.0,27.023876155724405,0.46513802652493186,0.5051430326583751
1490.3333333333333,27.031428153342915,0.46389507151021203,0.5050078334807575
1490.6666666666665,27.03915090784726,0.4626588735999416,0.504868959169537
1491.0,27.04704274261877,0.4614294712236632,0.5047264445054326
1491.3333333333333,27.055101986957673,0.46020690142220383,0.5045803242788679
1491.6666666666665,27.0633269762067,0.4589911998696965,0.504430633285407
1492.0,27.07171605186336,0.4577824008955914,0.5042774063212675
1492.3333333333333,27.080267561681637,0.45658053750663663,0.5041206781789114
1492.6666666666665,27.088979859764052,0.455385641408805,0.5039604836427132
1493.0,27.097851306644614,0.45419774302916877,0.5037968574847077
1493.3333333333333,27.106880269363604,0.45301687153769965,0.5036298344604162
1493.6666666666665,27.11606512153493,0.45184305486897247,0.5034594493047524
1494.0,27.125404243406756,0.4506763197437731,0.5032857367280084
1494.3333333333333,27.134896021916223,0.44951669169058867,0.5031087314119226
1494.6666666666665,27.14453885073906,0.4483641950669583,0.5029284680058268
1495.0,27.15433113033479,0.44721885308068504,0.5027449811228768
1495.3333333333333,27.1642712679883,0.44608068781088667,0.5025583053363654
1495.6666666666665,27.174357677848658,0.44494972022886414,0.5023684751761163
1496.0,27.18458878096577,0.4438259702187878,0.5021755251249638
1496.3333333333333,27.194963005325757,0.44270945659817934,0.5019794896153157
1496.6666666666665,27.205478785885866,0.4416001971381688,0.5017804030257996
1497.0,27.216134564609526,0.440498208583525,0.5015782996779954
1497.3333333333333,27.226928790502427,0.43940350667244005,0.5013732138332534
1497.6666666666665,27.237859919650454,0.43831610615604405,0.5011651796895977
1498.0,27.248926415260055,0.437236020817652,0.5009542313787169
1498.3333333333333,27.260126747701943,0.4361632634917194,0.5007404029630418
1498.6666666666665,27.27145939455897,0.43509784608248725,0.5005237284329106
1499.0,27.282922840678733,0.434039779582314,0.5003042417038223
1499.3333333333333,27.294515578231817,0.43298907408967446,0.5000819766137797
1499.6666666666665,27.306236106776517,0.4319457388268042,0.4998569669207208
1500.0,27.318082933330594,0.4309097821569881,0.4996292463000398
