t,x,y,z
0.0,30.0,10.0,10.0
0.25,27.799570151545815,9.99277274684229,9.997737690311808
0.5,25.754641141763873,9.970743795987346,9.985595440864177
0.75,23.85002802981473,9.933422714917656,9.95984396603361
1.0,22.07332438680967,9.880371312562731,9.919089186874492
1.25,20.414325037625417,9.811219481848038,9.862648320237486
1.5,18.864587211336907,9.725682432438381,9.790097368973731
1.75,17.41707789343485,9.62357903220144,9.701155363253545
2.0,16.065881642316317,9.504850699279308,9.595664221209569
2.25,14.80595380444897,9.369580033565725,9.473596568894854
2.5,13.632909603751475,9.218008137983466,9.33507078727966
2.75,12.54284319179294,9.05054937810653,9.180366649661197
3.0,11.532173300068527,8.86780220282518,9.009938731570132
3.25,10.59751392754808,8.670554643455795,8.824425750108047
3.5,9.735569614885929,8.459783263373136,8.6246544078981
3.75,8.943055329946441,8.23664466687689,8.411636580691075
4.0,8.216640864583024,8.002459187149084,8.186559089882156
4.25,7.552919015624589,7.7586870147488884,7.9507658539592185
4.5,6.948395853752778,7.506897720883287,7.705732816328804
4.75,6.399500286906227,7.248734771490881,7.4530367300000195
5.0,5.90260913154925,6.985877115254614,7.194319541485621
5.25,5.4540832160142205,6.720000180545208,6.93125034782323
5.5,5.050309792691142,6.452738595328761,6.665487297992925
5.75,4.687746756711666,6.185652664768118,6.3986415602971825
6.0,4.362964804383583,5.920200163227251,6.132245402516064
6.25,4.072684573488412,5.6577144096329555,5.86772542684948
6.5,3.8138068467570228,5.399388991644543,5.606382152467802
6.75,3.5834348981985467,5.146268965843324,5.3493763052312024
7.0,3.378888908658675,4.8992479417593255,5.097720804812977
7.25,3.1977130381019343,4.659070179517188,4.852278915151995
7.5,3.0376761424438605,4.426336692466459,4.613766826157717
7.75,2.8967673468728443,4.201514324355138,4.382760235324746
8.0,2.773187723065212,3.984946836216811,4.159703447440859
8.25,2.6653392550147994,3.7768671583797926,3.9449205434712002
8.5,2.5718121285349165,3.5774101106476857,3.7386276296288274
8.75,2.491371201397169,3.3866250466451935,3.540945253780815
9.0,2.4229423360630418,3.204488021833443,3.351910920668022
9.25,2.365599097903399,3.0309132106913452,3.1714909733041017
9.5,2.3185501808961626,2.8657634026869117,2.9995918678729643
9.75,2.2811277920476516,2.708859489111667,2.836070309319916
10.0,2.252777139783786,2.559988914759501,2.680742567413327
10.25,2.233047091613801,2.418913113118112,2.533392776058408
10.5,2.2215820125663646,2.285373973950239,2.3937800623410963
10.75,2.218114770378606,2.1590994109236643,2.2616449802696272
11.0,2.2224608533308725,2.03980810746988,2.1367147929468957
11.25,2.234513552261239,1.9272135229187748,2.018708210431923
11.5,2.2542401332659097,1.8210272408365653,1.907339243169116
11.75,2.281678927004219,1.7209617382497027,1.8023201099315629
12.0,2.3169373195867027,1.6267326488522498,1.703365049390312
12.25,2.3601904571825294,1.5380605888712287,1.6101907808364524
12.5,2.4116807790979093,1.4546726050424774,1.522519799369753
12.75,2.471718157934147,1.3763033007163126,1.4400809170127418
13.0,2.5406806999477056,1.3026956874272178,1.3626107018522446
13.25,2.6190161003036088,1.2336018047233417,1.2898541860016375
13.5,2.7072435174157112,1.1687831450701094,1.2215654203294133
13.75,2.8059559171668873,1.1080109158545548,1.1575079543887752
14.0,2.9158228194097076,1.051066166203824,1.097455040747597
14.25,3.0375933907262516,0.9977398023498977,1.0411897273595252
14.5,3.1720998170840033,0.9478325118857619,0.9885048929539183
14.75,3.320260871454073,0.9011546143202056,0.9392031467731825
15.0,3.483085587667231,0.8575258527159462,0.8930966679135532
15.25,3.661676933884312,0.8167751389874233,0.8500069996406815
15.5,3.857235357244742,0.7787402635369122,0.8097647813541942
15.75,4.071062054865513,0.743267578260058,0.7722094593392563
16.0,4.304561797949578,0.7102116605795513,0.7371889694480231
16.25,4.55924510910295,0.6794349649852534,0.7045593988259855
16.5,4.836729563417412,0.6508074675616928,0.6741846372006057
16.75,5.138739951080296,0.6242063081421886,0.6459360223023759
17.0,5.467107005611166,0.599515434012938,0.6196919834738607
17.25,5.823764368044266,0.5766252484789005,0.5953376872552918
17.5,6.210743424968662,0.5554322670757101,0.5727646882278575
17.75,6.63016562937756,0.5358387837498726,0.5518705878488733
18.0,7.084231890401797,0.517752548917319,0.5325587035307715
18.25,7.5752086044482425,0.5010864609349495,0.5147377498089101
18.5,8.105409899889922,0.4857582721709214,0.4983215331008746
18.75,8.67717568468894,0.4716903105300257,0.4832286612255718
19.0,9.292845126039186,0.4588092169765145,0.46938226839723307
19.25,9.954725258464187,0.4470456992971003,0.4567097558784666
19.5,10.66505451740504,0.4363343020627248,0.44514254891519217
19.75,11.425961133361014,0.42661319248334156,0.43461587042524363
20.0,12.239416499558732,0.41782396161111707,0.4250685294864388
20.25,13.107183849061476,0.4099114401373486,0.416442725373057
20.5,14.030762839952214,0.4028235278560772,0.4086838659246665
20.75,15.011330947910892,0.39651103573499474,0.40174039934564837
21.0,16.049682893868074,0.3909275394457396,0.3955636583309539
21.25,17.146169676387576,0.386029243161624,0.39010771538603556
21.5,18.300639114025802,0.38177485242982284,0.3853292481698411
21.75,19.512380106979617,0.3781254549633729,0.38118741368892983
22.0,20.78007307036959,0.37504440827037233,0.3776437302116774
22.25,22.10174914151452,0.37249723313655647,0.3746619658411612
22.5,23.474760788801262,0.37045151209516647,0.37220803277479525
22.75,24.895766322350585,0.3688767921467808,0.37024988640208956
23.0,26.360730506683723,0.3677444911240023,0.3687574285955252
23.25,27.86494299452894,0.3670278072250369,0.3677024144880047
23.5,29.403055648114123,0.36670163136045164,0.36705836309335516
23.75,30.96913900822598,0.36674246206600747,0.3668004694680832
24.0,32.556757268671504,0.3671283228260935,0.3669055196562112
24.25,34.15906016114484,0.3678386817284746,0.36735180921485544
24.5,35.76888922260292,0.3688543734309881,0.36811906339430667
24.75,37.378895091406555,0.3701575234634646,0.3691883592472359
25.0,38.981661821334086,0.37173147491672914,0.37054205033343207
25.25,40.56983377302954,0.3735607175866826,0.37216369402048816
25.5,42.13624048216776,0.3756308196469384,0.3740379810174663
25.75,43.67401503278152,0.37792836191998536,0.37615066883098663
26.0,45.17670184431311,0.38044087480920247,0.3784885133915909
26.25,46.63835045349206,0.3831567779362381,0.3810392105236785
26.5,48.05359262677017,0.38606532251742354,0.3837913340560539
26.75,49.41770110432236,0.3891565364902327,0.38673427755520956
27.0,50.7266292216595,0.3924211723837683,0.3898582019139977
27.25,51.97703156443471,0.39585065791018403,0.3931539883302474
27.5,53.1662665620737,0.3994370492426133,0.3966131724008596
27.75,54.29238285210022,0.40317298691079434,0.40022792659632034
28.0,55.354091254018755,0.40705165427108997,0.4039909789189009
28.25,56.35072525097897,0.411066738440657,0.4078956193604939
28.5,57.282192063302325,0.41521239364829465,0.41193560696026665
28.75,58.14891752545996,0.41948320686468304,0.41610518478977837
29.0,58.95178667958657,0.42387416565350156,0.4203990107208249
29.25,59.692082667013274,0.4283806281169046,0.42481212047468475
29.5,60.37142599855672,0.43299829482235996,0.4293399643127989
29.75,60.99171506009542,0.4377231826583964,0.43397827377753356
30.0,61.55507002395563,0.4425516004513219,0.43872305184449834
30.25,62.063782180145594,0.44748012618066385,0.44357102616924865
30.5,62.52026218408927,0.45250558612922304,0.44851828211297873
30.75,62.92700281167986,0.45762503494192447,0.4535619513224174
31.0,63.28653823172897,0.4628357375946826,0.45869914426045616
31.25,63.60141221639281,0.4681351524423594,0.46392712454884133
31.5,63.874150933994926,0.4735209154988691,0.4692433834700551
31.75,64.10723996926775,0.4789908258773713,0.4746455947994358
32.0,64.30310558102089,0.4845428322903573,0.4801315668400196
32.25,64.46410007360394,0.49017502051749506,0.4856992799191396
32.5,64.59249042831165,0.49588560180000374,0.49134686997968546
32.75,64.69044963675577,0.5016729021071786,0.49707251079447123
33.0,64.76005150107366,0.5075353521341,0.5028745763356522
33.25,64.80326675740994,0.5134714780918269,0.5087515118235559
33.5,64.82196205187913,0.5194798931079634,0.5147020272819453
33.75,64.81789765786637,0.5255592894581986,0.5207243625562132
34.0,64.79273241148066,0.5317084309494692,0.5268175316692587
34.25,64.74802256114864,0.537926146353498,0.5329802139821562
34.5,64.68522643210189,0.5442113229761245,0.5392113214560768
34.75,64.60570687543589,0.5505629008921904,0.5455096216336762
35.0,64.51073646969742,0.5569798674369233,0.551874159854053
35.25,64.40150107611328,0.5634612522310714,0.5583040179045883
35.5,64.27910291136975,0.5700061226431813,0.5647978196099984
35.75,64.14456878816887,0.5766135791557568,0.5713550625627422
36.0,63.99885111079623,0.5832827516568171,0.5779748543214495
36.25,63.8428329246984,0.5900127956747834,0.5846561174953141
36.5,63.67733365789485,0.5968028888152734,0.5913980778683514
36.75,63.50311245941958,0.6036522276362384,0.598199943838853
37.0,63.320872270144946,0.6105600246794419,0.6050609002459473
37.25,63.13126382924369,0.6175255057041711,0.6119801469168235
37.5,62.93488949569202,0.6245479071167199,0.6189569429345906
37.75,62.73230656488774,0.631626473611535,0.6259905330616321
38.0,62.524030303791044,0.6387604559925902,0.6330800348777332
38.25,62.31053828710159,0.6459491090032629,0.6402249303332338
38.5,62.09227149062535,0.6531916896030108,0.6474243387898476
38.75,61.86963830048974,0.6604874550759072,0.6546775279804786
39.0,61.64301580510392,0.6678356615180868,0.6619834051682928
39.25,61.41275586986108,0.6752355619262037,0.6693420698215427
39.5,61.1791808835097,0.682686405464618,0.676752117591147
39.75,60.94259111323663,0.6901874355997415,0.6842128600409647
40.0,60.70326500270173,0.6977378890473341,0.6917236830015359
40.25,60.46146036200732,0.7053369947149698,0.6992837962930678
40.5,60.21741646419036,0.7129839726077531,0.7068924529727482
40.75,59.97135472763453,0.7206780329654942,0.714548578920557
41.0,59.7234825145535,0.7284183750847528,0.7222518963530044
41.25,59.473990758606796,0.7362041869382118,0.7300012538105598
41.5,59.22305781626918,0.7440346441036741,0.7377958613843251
41.75,58.97084971899627,0.7519089091699875,0.7456349267184903
42.0,58.717521247287515,0.7598261310971514,0.7535176959731703
42.25,58.46321631695739,0.7677854447077227,0.7614432073330732
42.5,58.20806952143928,0.7757859700734381,0.7694106372715964
42.75,57.952206459337376,0.7838268120990876,0.7774190915097438
43.0,57.69574457177263,0.7919070600798238,0.7854676747216935
43.25,57.43879374690982,0.8000257873268182,0.7935554735378569
43.5,57.18145690624567,0.8081820508315878,0.8016815566282326
43.75,56.923830550288486,0.8163748909705392,0.8098449789881175
44.0,56.666005241121795,0.824603331251849,0.8180447763223463
44.25,56.40806606301385,0.8328663780976897,0.8262799694737998
44.5,56.150093030936276,0.8411630206652461,0.8345495609440247
44.75,55.89216147357384,0.8494922307017435,0.8428525361719721
45.0,55.63434238349839,0.857852962433728,0.8511878641635681
45.25,55.37670273154936,0.86624415249045,0.8595544940513653
45.5,55.11930577111462,0.8746647198565165,0.8679513611806259
45.75,54.86221129241005,0.8831135658597504,0.8763773780408983
46.0,54.6054758893019,0.8915895741833578,0.8848314458284495
46.25,54.34915316434555,0.9000916109143662,0.8933124411015679
46.5,54.093293960077474,0.9086185246128872,0.9018192297052651
46.75,53.837946529619146,0.9171691464167768,0.9103506538504366
47.0,53.58315673038299,0.9257422901666015,0.9189055433103271
47.25,53.3289681722152,0.9343367525627572,0.9274827068712105
47.5,53.075422376398706,0.9429513133441567,0.9360809391279573
47.75,52.82255890502498,0.9515847354956095,0.9446990158192989
48.0,52.570415490648884,0.9602357654779854,0.9533356965112357
48.25,52.31902815324665,0.9689031334832365,0.961989725646641
48.5,52.06843130016296,0.9775855537149565,0.9706598281107427
48.75,51.818657836623295,0.9862817246885494,0.9793447180474311
49.0,51.56973923984779,0.9949903295603362,0.9880430875060316
49.25,51.32170566106935,1.0037100364720168,0.9967536199131894
49.5,51.074585985017954,1.0124394989249283,1.0054749776599257
49.75,50.82840791638389,1.0211773561690767,1.0142058135987753
50.0,50.583198033878034,1.0299222336194191,1.0229447626882426
50.25,50.33898185968221,1.0386727432886604,1.0316904488310787
50.5,50.09578391050278,1.0474274842437419,1.0404414812801923
50.75,49.85362775102979,1.0561850430810813,1.049196455988828
51.0,49.61253604619661,1.064943994420942,1.0579539591921754
51.25,49.37253059682334,1.07370290142438,1.0667125604329473
51.5,49.133632395257735,1.0824603163235433,1.075470824374804
51.75,48.895861647370666,1.0912147809780937,1.0842272975702714
52.0,48.659237825631436,1.0999648274413831,1.0929805230935137
52.25,48.42377968789646,1.1087089785523692,1.1017290286685417
52.5,48.18950532090521,1.1174457485379068,1.110471337607245
52.75,47.95643216000057,1.1261736436375078,1.119205961193464
53.0,47.724577023118776,1.1348911627401972,1.1279314051042622
53.25,47.49395613321817,1.143596798039854,1.136646167317095
53.5,47.264585141020895,1.152289035705483,1.1453487376007834
53.75,47.03647915357762,1.1609663565642687,1.1540376038443854
54.0,46.809652744400246,1.1696272368038947,1.1627112425555008
54.25,46.58411998798887,1.1782701486812912,1.1713681333881283
54.5,46.35989446179843,1.1868935612538434,1.1800067440304416
54.75,46.13698928007202,1.1954959411135948,1.1886255465575586
55.0,45.91541709639037,1.2040757531426685,1.1972230045623853
55.25,45.695190130799006,1.2126314612724927,1.2057975852440452
55.5,45.476320175291924,1.2211615292603912,1.2143477508996203
55.75,45.2588186147536,1.2296644214714052,1.222871966731834
56.0,45.042696436009486,1.2381386036733126,1.2313686973893399
56.25,44.82796424107969,1.2465825438391325,1.2398364084227125
56.5,44.61463226246223,1.2549947129570274,1.2482735707207206
56.75,44.40271036674317,1.263373585851617,1.2566786530325746
57.0,44.19220807707838,1.2717176420056004,1.2650501355056922
57.25,43.98313456852434,1.280025366396778,1.2733864941849937
57.5,43.77549869447363,1.2882952503295406,1.2816862203180959
57.75,43.569308979135116,1.296525792282911,1.2899478023811068
58.0,43.36457364175245,1.30471549875105,1.2981697443092404
58.25,43.1613005921011,1.3128628850972053,1.3063505514960359
58.5,42.95949744935144,1.3209664764013163,1.314488744189549
58.75,42.75917154054386,1.3290248083166842,1.3225828474797092
59.0,42.56032991573248,1.3370364279209703,1.3306314014160021
59.25,42.36297934889962,1.3449998945724544,1.3386329545092062
59.5,42.16712634871679,1.352913780761476,1.3465860694644822
59.75,41.97277716345733,1.3607766729622672,1.354489322224174
60.0,41.779937785813544,1.368587172482165,1.36234130109366
60.25,41.588613963103334,1.3763438963049972,1.3701406131306924
60.5,41.398811195522946,1.3840454779349836,1.377885875518715
60.75,41.210534751759745,1.3916905682280423,1.3855757297063034
61.0,41.023789661277156,1.3992778362267582,1.3932088254134067
61.25,40.83858073421693,1.4068059699764466,1.4007838413283635
61.5,40.65491254941559,1.4142736773470375,1.4082994636489634
61.75,40.47278947659769,1.4216796868311274,1.4157544108730262
62.0,40.292215662369784,1.4290227483483129,1.423147409663569
62.25,40.113195052522485,1.4363016340225983,1.4304772208524432
62.5,39.935731378053376,1.443515138964731,1.4377426153416366
62.75,39.75982817590479,1.450662082026176,1.4449423989702643
63.0,39.58548877631199,1.4577413065553155,1.4520753902724493
63.25,39.41271632118911,1.464751681124872,1.4591404429823336
63.5,39.241513753180044,1.471692100258266,1.466136426255516
63.75,39.071883831750014,1.4785614851270414,1.473062244752337
64.0,38.90382912361239,1.4853587842440787,1.479916820926511
64.25,38.737352017094985,1.4920829741273947,1.4866991133934373
64.5,38.572454713302,1.498733059957153,1.4934081003906414
64.75,38.40913923945626,1.5053080762022328,1.500042797387918
65.0,38.247407440153665,1.5118070872381124,1.506602240765674
65.25,38.08726099031254,1.5182291879327294,1.5130855055777632
65.5,37.92870138595129,1.524573504222428,1.5194916885494774
65.75,37.77172995735146,1.5308391936537744,1.5258199269236483
66.0,37.61634785872913,1.5370254459149668,1.532069379729981
66.25,37.462556082361836,1.5431314833303338,1.538239248932756
66.5,37.31035544633063,1.5491565613449132,1.5443287575486566
66.75,37.159746610532636,1.555099968968433,1.5503371746632773
67.0,37.01073006161576,1.5609610292110248,1.5562637888111965
67.25,36.863306131627986,1.5667390994737662,1.562107938218594
67.5,36.717474979760155,1.5724335719334586,1.5678689786217874
67.75,36.57323661350375,1.5780438738775258,1.5735463186483105
68.0,36.43059086808677,1.5835694680353107,1.57913938341268
68.25,36.2895374284268,1.5890098528563092,1.584647652169951
68.5,36.150075808886214,1.5943645627846375,1.5900706221665852
68.75,36.01220537265246,1.5996331684809006,1.595407842614539
69.0,35.87592531571986,1.604815277035905,1.6006588857928827
69.25,35.74123467971665,1.6099105321372276,1.6058233699937332
69.5,35.608132343747855,1.6149186142185905,1.6109009447106428
69.75,35.47661702794023,1.6198392405718514,1.61589129715564
70.0,35.34668729465517,1.6246721654299712,1.620794154761124
70.25,35.21834154282867,1.629417180023794,1.6256092748505029
70.5,35.091578016717975,1.634074112598931,1.63033646152885
70.75,34.96639479385706,1.6386428284152672,1.6349755432701458
71.0,34.84278980041572,1.6431232296978793,1.6395264028900436
71.25,34.72076079074778,1.6475152555805768,1.6439889388212159
71.5,34.600305369776116,1.6518188819905466,1.648363109145938
71.75,34.481420970188054,1.656034121532245,1.6526488879951722
72.0,34.36410486961596,1.6601610233141992,1.6568462999680502
72.25,34.2483541803797,1.6641996727638164,1.6609554008960639
72.5,34.13416584990912,1.6681501914049826,1.6649762794821639
72.75,34.0215366668993,1.6720127366018056,1.6689090707254113
73.0,33.910463247923,1.6757875012863883,1.6727539298129046
73.25,33.80094205595546,1.679474713635191,1.676511070888007
73.5,33.69296937514172,1.6830746367472567,1.6801807165172469
73.75,33.58654133276446,1.6865875682609426,1.683763143745347
74.0,33.48165388477552,1.6900138399684344,1.6872586554006084
74.25,33.37830281706579,1.693353817391851,1.6906675835822194
74.5,33.27648375538489,1.6966078993261533,1.6939903116298838
74.75,33.17619214529841,1.6997765173776078,1.6972272328512183
75.0,33.0774232746109,1.7028601354457067,1.7003787989927128
75.25,32.98017225020115,1.705859249213519,1.7034454718966499
75.5,32.884434009616555,1.7087743855883362,1.7064277489420852
75.75,32.79020332551156,1.7116061021238584,1.7093261736818948
76.0,32.69747478787262,1.7143549864363716,1.7121412980291753
76.25,32.606242825488415,1.7170216555694209,1.7148737296984613
76.5,32.51650168330012,1.7196067553706618,1.7175240833044043
76.75,32.42824543100916,1.7221109598248294,1.7200929994745309
77.0,32.34146797901245,1.7245349703613575,1.7225811808063625
77.25,32.25616304502597,1.726879515181502,1.7249893181069487
77.5,32.172324179229214,1.7291453485227992,1.7273181462998237
77.75,32.0899447574324,1.7313332499313863,1.7295684294489775
78.0,32.00901797261423,1.7334440235200652,1.731740941488872
78.25,31.92953685347854,1.7354784971902444,1.7338365081223566
78.5,31.85149424056258,1.7374375218736846,1.7358559521824601
78.75,31.774882795412417,1.739321970735418,1.7378001136932588
79.0,31.69969502440126,1.741132738352851,1.7396699041712549
79.25,31.625923233257502,1.7428707399398173,1.7414662012146858
79.5,31.55355955229444,1.7445369105043425,1.7431899050967008
79.75,31.48259596309357,1.746132203995948,1.7448420000302332
80.0,31.413024239324493,1.747657592515305,1.746423415095793
80.25,31.344835984771123,1.7491140654383976,1.7479351106915555
80.5,31.27802264957688,1.7505026285522705,1.749378115463481
80.75,31.212575485103837,1.75182430323705,1.7507534180429671
81.0,31.148485584571777,1.7530801255737933,1.752062060418491
81.25,31.08574382198054,1.7542711455340845,1.7533049906690523
81.5,31.0243410104337,1.7553984259853985,1.754483436497251
81.75,30.964267673982693,1.7564630420182343,1.7555983601666223
82.0,30.905514211361442,1.7574660799474164,1.7566508436032016
82.25,30.848070723429487,1.758408636595977,1.7576416725068782
82.5,30.79192756912872,1.759291817966779,1.7585726683732708
82.75,30.737074399980273,1.7601167392036885,1.7594443641616817
83.0,30.683501004097575,1.7608845230274264,1.7602580282858191
83.25,30.631196906084515,1.7615962992286205,1.7610146980021908
83.5,30.580151592687113,1.7622532036362226,1.761715720772283
83.75,30.53035423645254,1.7628563775216102,1.7623620785912095
84.0,30.4817939275842,1.7634069665762178,1.762954944997781
84.25,30.4344594860211,1.763906120257367,1.7634952217527256
84.5,30.388339906747884,1.7643549905973948,1.7639846229856795
84.75,30.34342361976303,1.7647547320476875,1.7644238569199093
85.0,30.299699137749332,1.7651065001340007,1.7648142054192257
85.25,30.257154734481443,1.7654114509617933,1.7651567290825707
85.5,30.21577865678069,1.7656707402711307,1.7654527822810988
85.75,30.1755588679732,1.765885522913004,1.7657033729260776
86.0,30.136483282210452,1.7660569519110343,1.765909733266109
86.25,30.09853954172888,1.7661861779372345,1.766072760427954
86.5,30.061715436830028,1.766274348238063,1.7661940509887808
86.75,30.025998320727897,1.7663226064598976,1.7662744394693675
87.0,29.991375583487972,1.7663320915587482,1.7663151666994954
87.25,29.95783441200128,1.7663039373546845,1.7663172741353326
87.5,29.925361967903797,1.7662392717342197,1.7662820384323432
87.75,29.893945202348785,1.7661392161912748,1.76621049953327
88.0,29.86357101662331,1.76600488507929,1.7661038521798795
88.25,29.834226105442482,1.7658373851629496,1.7659630434485423
88.5,29.80589713661269,1.7656378148886387,1.7657892130117523
88.75,29.778570776325296,1.7654072638108798,1.7655837460666783
89.0,29.752233354075464,1.7651468123584597,1.765347422279654
89.25,29.72687126610494,1.764857530961505,1.7650814165882147
89.5,29.702470758882022,1.7645404797499835,1.7647867448656407
89.75,29.679018056294748,1.7641967079647498,1.7644645722216463
90.0,29.65649922600104,1.763827253621167,1.7641158650932007
90.25,29.634900304304686,1.7634331429607226,1.7637416936537034
90.5,29.614207219128264,1.7630153901028662,1.7633430258006972
90.75,29.59440588190223,1.7625749965647841,1.7629209466215798
91.0,29.575482099633234,1.7621129509620683,1.7624764242429205
91.25,29.557421632885188,1.761630228597748,1.7620104434976298
91.5,29.540210185705618,1.7611277911318168,1.7615239677755339
91.75,29.523833418157437,1.760606586249662,1.7610179578190948
92.0,29.508276956850633,1.7600675473514737,1.7604933853041567
92.25,29.493526368442875,1.7595115932939998,1.7599511527837362
92.5,29.479567200983247,1.758939628090096,1.7593921848537835
92.75,29.466384967797183,1.758352540678693,1.758817374103176
93.0,29.453965169511093,1.7577512046788888,1.758227623317899
93.25,29.442293277508053,1.7571364781970988,1.7576237901510108
93.5,29.431354757150107,1.7565092036163592,1.7570067322125231
93.75,29.421135066796552,1.755870207425256,1.7563772909435507
94.0,29.411619661356795,1.7552203000602469,1.7557362869056938
94.25,29.402794000893305,1.754560275760668,1.7550845278027
94.5,29.39464355471867,1.7538909124447026,1.7544228050978945
94.75,29.38715380679365,1.7532129716007763,1.753751893913871
95.0,29.380310260341105,1.7525271981959174,1.7530725509619713
95.25,29.374098444943325,1.7518343205978157,1.7523855187631225
95.5,29.368503920537606,1.7511350505152252,1.751691522069846
95.75,29.363512283593096,1.7504300829516148,1.7509912698433991
96.0,29.359109171294048,1.7497200961754436,1.7502854522598958
96.25,29.355280268641952,1.749005751702253,1.7495747451537336
96.5,29.3520113126215,1.7482876942934633,1.7488598071380619
96.75,29.34928809702239,1.7475665519682382,1.7481412784843504
97.0,29.347096478987737,1.7468429360270648,1.7474197844611108
97.25,29.3454223831596,1.7461174410903424,1.7466959327439573
97.5,29.344251807591867,1.7453906451478343,1.7459703154135875
97.75,29.343570827517006,1.744663109622074,1.7452435057036217
98.0,29.343365602218547,1.7439353794406052,1.7445160627223846
98.25,29.343622378459866,1.743207983122507,1.7437885276866598
98.5,29.34432749661955,1.7424814328732787,1.7430614271461609
98.75,29.345467393329827,1.7417562246932172,1.7423352676229347
99.0,29.34702860939774,1.7410328384910045,1.7416105437212641
99.25,29.348997791960937,1.7403117382120006,1.7408877319835911
99.5,29.35136169929422,1.7395933719732648,1.7401672916374773
99.75,29.35410720744267,1.738878172205648,1.7394496701480004
100.0,29.357221311339625,1.7381665558091202,1.73873529521285
100.25,29.360691131585828,1.7374589243109069,1.7380245811922832
100.5,29.364503917175906,1.7367556640347446,1.7373179256643956
100.75,29.368647051183636,1.7360571462745762,1.7366157136561715
101.0,29.373108052543063,1.7353637274784284,1.73591831240752
101.25,29.37787458133817,1.7346757494354612,1.7352260751970066
101.5,29.38293444244706,1.733993539470415,1.7345393413533552
101.75,29.388275588871753,1.733317410643886,1.73385843579838
102.0,29.393886124873355,1.7326476619579572,1.7331836684192796
102.25,29.39975430941648,1.7319845785663672,1.7325153345386697
102.5,29.405868560751376,1.7313284319881377,1.731853718533766
102.75,29.41221745707545,1.730679480328794,1.7311990880439354
103.0,29.418789741058866,1.7300379685019285,1.7305516981253992
103.25,29.425574323009563,1.7294041284554162,1.7299117923558451
103.5,29.432560282084047,1.728778179402474,1.7292795994433587
103.75,29.439736870035077,1.7281603280532702,1.728655336475726
104.0,29.447093512425507,1.7275507688512737,1.7280392062410066
104.25,29.454619813398455,1.7269496842086358,1.727431403704794
104.5,29.462305554099725,1.7263572447490878,1.726832107134828
104.75,29.47014069683774,1.7257736095473772,1.7262414837859708
105.0,29.478115388102452,1.7251989263710519,1.7256596930979908
105.25,29.48621995703797,1.7246333319273253,1.725086879039275
105.5,29.494444919515107,1.724076952105813,1.7245231766286846
105.75,29.50278097803644,1.7235299022255084,1.7239687085303335
106.0,29.511219025076237,1.7229922872790526,1.7234235904684239
106.25,29.519750141144385,1.7224642021817396,1.7228879240022508
106.5,29.528365597309637,1.721945732016458,1.7223618006413546
106.75,29.537056857943504,1.721436952278101,1.7218453068279975
107.0,29.545815577291602,1.7209379291228268,1.721338514111119
107.25,29.554633603149263,1.7204487196103366,1.7208414871145596
107.5,29.563502975987213,1.7199693719491966,1.7203542806654006
107.75,29.57241593047886,1.7194999257389247,1.7198769431522578
108.0,29.581364893458222,1.7190404122139025,1.7194095114628518
108.25,29.590342484740795,1.7185908544833077,1.718952013272855
108.5,29.59934151977695,1.7181512677678243,1.7185044741160957
108.75,29.60835500425421,1.7177216596416138,1.7180669050902941
109.0,29.617376137588764,1.717302030264586,1.7176393126062892
109.25,29.626398311024698,1.7168923726173353,1.7172216952519506
109.5,29.635415107824564,1.7164926727320624,1.7168140460649925
109.75,29.644420300953,1.7161029099233742,1.7164163489751818
110.0,29.653407852626817,1.7157230570150332,1.7160285800909403
110.25,29.662371916168752,1.7153530805621824,1.7156507148547535
110.5,29.671306829903855,1.7149929410778544,1.715282716098448
110.75,29.680207119704697,1.7146425932492397,1.714924543414972
111.0,29.68906749641623,1.7143019861555928,1.7145761503126755
111.25,29.6978828551691,1.7139710634816039,1.7142374862118708
111.5,29.70664827234718,1.7136497637298356,1.7139084929749366
111.75,29.71535900445626,1.7133380204284654,1.7135891062908852
112.0,29.724010489115667,1.7130357623340935,1.7132792624137978
112.25,29.73259833849379,1.7127429136379198,1.7129788867946898
112.5,29.7411183410998,1.7124593941614727,1.7126879031782898
112.75,29.749566458256,1.7121851195536741,1.7124062299941882
113.0,29.757938823519165,1.7119200014820422,1.712133784079291
113.25,29.76623173820046,1.711663947823913,1.7118704751317468
113.5,29.774441670451377,1.7114168628511979,1.7116162089695302
113.75,29.782565254836598,1.7111786474113089,1.7113708921101296
114.0,29.790599286276525,1.7109491991094932,1.7111344229022918
114.25,29.798540720659517,1.71072841248196,1.7109066989143984
114.5,29.80638667063488,1.7105161791696772,1.7106876128142823
114.75,29.81413440561507,1.710312388085051,1.7104770585335345
115.0,29.821781345580384,1.71011692558043,1.7102749225967164
115.25,29.829325061000077,1.70992967560784,1.7100810903167434
115.5,29.836763270608994,1.709750519877047,1.709895446907563
115.75,29.8440938367193,1.7095793380122217,1.7097178727578368
116.0,29.851314764211864,1.7094160077019311,1.7095482476496753
116.25,29.858424196251637,1.7092604048484366,1.7093864471663176
116.5,29.86542041450644,1.7091124037096301,1.7092323500017024
116.75,29.87230183216322,1.7089718770436548,1.7090858280055803
117.0,29.879066994303958,1.7088386962437512,1.7089467539841732
117.25,29.88571457384997,1.7087127314734354,1.708814998885378
117.5,29.892243369537553,1.7085938517965051,1.7086904339069622
117.75,29.898652301605818,1.7084819253055814,1.7085729271383592
118.0,29.904940409718378,1.7083768192453417,1.7084623455953396
118.25,29.911106851266414,1.708278400132058,1.7083585581804002
118.5,29.917150896177315,1.7081865338727773,1.7082614302713526
118.75,29.92307192583468,1.7081010858776684,1.7081708281785748
119.0,29.928869428805093,1.7080219211718113,1.7080866159401342
119.25,29.934543000189944,1.7079489045006329,1.7080086607999705
119.5,29.940092335665252,1.7078819004366546,1.7079368259388152
119.75,29.945517231021082,1.707820773478356,1.7078709763681998
120.0,29.95081757787723,1.7077653881491461,1.7078109756346016
120.25,29.955993362725668,1.707715609090379,1.7077566904628572
120.5,29.96104466120854,1.7076713011553482,1.7077079839537421
120.75,29.96597163759952,1.7076323294958085,1.7076647212025895
121.0,29.970774541144486,1.7075985596481629,1.707626767350756
121.25,29.975453703836536,1.707569857615473,1.7075939890222156
121.5,29.980009536488225,1.7075460899479917,1.7075662516312573
121.75,29.984442526826328,1.7075271238190932,1.7075434214728078
122.0,29.98875323693086,1.7075128270989257,1.7075253661797118
122.25,29.99294230047544,1.7075030684254362,1.7075119546404132
122.5,29.997010419129335,1.7074977172733559,1.7075030548429075
122.75,30.000958360879196,1.7074966440188464,1.7074985362369945
123.0,30.004786957387278,1.7074997200022985,1.707498269715424
123.25,30.008497101290562,1.7075068175885666,1.7075021273763633
123.5,30.012089743148316,1.7075178102249224,1.707509981364007
123.75,30.015565889393905,1.7075325724956303,1.707521705025437
124.0,30.018926599758583,1.7075509801744868,1.7075371727183226
124.25,30.022172986043447,1.7075729102737744,1.707556262750341
124.5,30.02530620676916,1.7075982410943276,1.70757885038153
124.75,30.02832746773761,1.7076268522682305,1.7076048148546121
125.0,30.031238017917037,1.707658624803187,1.707634035160673
125.25,30.034039148977495,1.707693441121533,1.7076663944257375
125.5,30.0367321905694,1.707731185100657,1.7077017740351834
125.75,30.039318510464152,1.7077717421071308,1.7077400592675007
126.0,30.04179951002007,1.7078149990326914,1.7077811336675297
126.25,30.044176624498576,1.7078608443240322,1.707824884895892
126.5,30.046451321267092,1.707909168012363,1.7078712054316134
126.75,30.04862509317448,1.7079598617450915,1.7079199816490567
127.0,30.0506994620102,1.708012818807004,1.7079711068594257
127.25,30.05267597359275,1.7080679341466658,1.7080244742679718
127.5,30.05455619692714,1.7081251043975214,1.7080799795384185
127.75,30.056341722060154,1.708184227898296,1.7081375201438347
128.0,30.05803415759432,1.708245204711934,1.7081969937980859
128.25,30.059635131226564,1.7083079366402563,1.7082583039994008
128.5,30.061146282896676,1.7083723272432214,1.7083213478335122
128.75,30.062569266788625,1.7084382818490456,1.7083860247963079
129.0,30.06390575710531,1.7085057075595331,1.7084522545155467
129.25,30.065157430335958,1.7085745132738304,1.7085199382738452
129.5,30.066325973788096,1.7086446096883796,1.708588983100362
129.75,30.067413077170354,1.708715909309805,1.708659285312757
130.0,30.06842045578347,1.7087883264395491,1.7087307893835295
130.25,30.06934982692756,1.7088617771968573,1.7088034350619055
130.5,30.070202865211147,1.7089361795583466,1.7088770540466203
130.75,30.07098129600201,1.7090114532789795,1.7089515962071706
131.0,30.07168684483519,1.7090875199340967,1.709027011972711
131.25,30.0723212180664,1.7091643029337036,1.709103209182611
131.5,30.0728861184118,1.709241727505962,1.7091800930842524
131.75,30.073383264802757,1.7093197206758741,1.7092576165436373
132.0,30.073814355782567,1.709398211290812,1.7093356954091952
132.25,30.07418108767886,1.7094771299984772,1.709414254511568
132.5,30.074485153918378,1.7095564092398412,1.709493228562787
132.75,30.07472824207719,1.709635983243026,1.7095725575569014
133.0,30.07491202143184,1.7097157880242972,1.7096521594003637
133.25,30.075038164339606,1.7097957613594101,1.7097319832078761
133.5,30.075108327261997,1.70987584278835,1.7098119661704205
133.75,30.07512415478197,1.7099559735996956,1.7098920452220705
134.0,30.07508727642205,1.7100360968202837,1.7099721514357935
134.25,30.074999323009575,1.7101161571874826,1.710052251008236
134.5,30.074861897179577,1.7101961011596922,1.7101322766473235
134.75,30.07467659147748,1.710275876885678,1.7102121725383443
135.0,30.074444984638014,1.7103554341917666,1.7102918871165902
135.25,30.074168647454034,1.710434724560243,1.7103713886664549
135.5,30.073849118223222,1.7105137011329752,1.7104506081712214
135.75,30.073487925520407,1.7105923186742327,1.7105294951313468
136.0,30.07308658915028,1.710670533551484,1.7106080211870693
136.25,30.07264660339963,1.7107483037307065,1.7106861413887051
136.5,30.072169437552738,1.7108255887565218,1.710763796618117
136.75,30.0716565546907,1.7109023497163067,1.7108409596423098
137.0,30.071109398660603,1.7109785492309235,1.7109176050356958
137.25,30.07052937940061,1.7110541514464226,1.7109936751060302
137.5,30.069917896317268,1.7111291219929945,1.7110691366780304
137.75,30.069276333281184,1.7112034279676884,1.7111439700048516
138.0,30.06860604433538,1.7112770379246847,1.7112181353984317
138.25,30.06790835821894,1.7113499218492485,1.7112915847777725
138.5,30.067184598030202,1.7114220511185143,1.7113643093462942
138.75,30.066436055538855,1.7114933985005638,1.711436278803525
139.0,30.06566399574602,1.7115639381275423,1.711507452793378
139.25,30.064869668653998,1.7116336454624028,1.711577809554335
139.5,30.06405430893728,1.7117024972757497,1.7116473455790722
139.75,30.063219110393586,1.7117704716439597,1.7117160149102293
140.0,30.062365255181764,1.7118375479005192,1.7117837993995055
140.25,30.061493905011055,1.7119037066196052,1.7118506879356652
140.5,30.060606194392193,1.7119689295977913,1.71191666053812
140.75,30.059703227676923,1.7120331998324316,1.711981681469307
141.0,30.05878610112979,1.7120965014786587,1.7120457521866657
141.25,30.057855879438044,1.712158819845097,1.7121088552517858
141.5,30.05691360102705,1.7122201413650224,1.7121709671006413
141.75,30.055960284487497,1.7122804535665381,1.7122320734467253
142.0,30.054996934191426,1.7123397450434374,1.712292182699848
142.25,30.05402451420518,1.7123980054530743,1.712351263470865
142.5,30.053043975317145,1.712455225469019,1.7124093091565744
142.75,30.052056246019234,1.7125113967644563,1.71246631622392
143.0,30.051062230083495,1.7125665119900175,1.712522278233868
143.25,30.050062801413215,1.7126205647540098,1.7125771733080626
143.5,30.049058822894853,1.7126735495822842,1.7126310090259729
143.75,30.048051128282466,1.7127254619096817,1.7126837787826188
144.0,30.047040526679442,1.7127762980523544,1.7127354722137158
144.25,30.04602780571135,1.7128260551813166,1.7127860824661214
144.5,30.045013739758282,1.712874731291818,1.7128356255566228
144.75,30.043999066090983,1.7129223252002248,1.712884082829708
145.0,30.042984508177646,1.712968836500854,1.7129314563677756
145.25,30.041970767609023,1.713014265549725,1.7129777492170015
145.5,30.040958524107012,1.713058613441602,1.7130229649460276
145.75,30.039948429307373,1.7131018819925372,1.7130670922667537
146.0,30.0389411232079,1.713144073703294,1.7131101439392427
146.25,30.03793721970756,1.7131851917493224,1.7131521215997627
146.5,30.03693731069078,1.713225239955156,1.7131930249995093
146.75,30.03594196632979,1.713264222772249,1.7132328521671027
147.0,30.034951746325717,1.7133021452477275,1.7132716257701095
147.25,30.033967176664895,1.713339013022796,1.7133093368079633
147.5,30.032988770103273,1.7133748322940925,1.7133459930947061
147.75,30.032017019496624,1.7134096097984688,1.7133816026464637
148.0,30.031052399811898,1.7134433527906265,1.7134161778608574
148.25,30.03009535919304,1.7134760690303639,1.7134497134420594
148.5,30.029146335544674,1.7135077667483294,1.713482225493349
148.75,30.02820574483434,1.7135384546361834,1.7135137227934079
149.0,30.027273984108156,1.713568141824497,1.713544213336649
149.25,30.026351427973534,1.713596837866516,1.7135736951991547
149.5,30.025438445131105,1.7136245527051088,1.7136021954779177
149.75,30.02453537743776,1.7136512966720017,1.713629719363791
150.0,30.02364254904595,1.7136770804616388,1.7136562713359673
150.25,30.022760269840454,1.713701915110223,1.7136818626734907
150.5,30.021888837779326,1.7137258119760024,1.7137065163374656
150.75,30.021028524824924,1.7137487827338782,1.713730232479578
151.0,30.020179589323504,1.713770839347754,1.713753017392591
151.25,30.019342281101583,1.7137919940494204,1.7137748949851332
151.5,30.018516830320472,1.7138122593316232,1.7137958792938226
151.75,30.017703444002805,1.7138316479349145,1.7138159653874292
152.0,30.016902323506823,1.7138501728169329,1.7138351705371333
152.25,30.01611366579438,1.7138678471358486,1.7138535364987273
152.5,30.015337628509066,1.7138846842650441,1.7138710449600076
152.75,30.014574369774444,1.7139006977443119,1.7138877122693092
153.0,30.013824038446216,1.7139159012736884,1.713903565290858
153.25,30.013086770061197,1.713930308702757,1.7139186309193475
153.5,30.012362660925177,1.7139439340389468,1.713932873133407
153.75,30.01165183220911,1.71395679137928,1.7139463460616093
154.0,30.010954374455682,1.7139688949445981,1.7139590600481422
154.25,30.010270365937863,1.7139802590510322,1.713971024955218
154.5,30.009599861063855,1.7139908981073835,1.7139822215812324
154.75,30.008942941069275,1.7140008265596172,1.7139927225908085
155.0,30.008299642998946,1.714010058939662,1.7140025213039396
155.25,30.007669995411103,1.7140186098233543,1.7140116166576542
155.5,30.007054022450745,1.714026493815725,1.7140200222469306
155.75,30.006451758857725,1.7140337255272637,1.7140278016283839
156.0,30.00586318992555,1.7140403196146259,1.7140349234535006
156.25,30.00528829986247,1.7140462907290273,1.7140413768486498
156.5,30.00472709613193,1.7140516534854784,1.714047229134528
156.75,30.004179554077897,1.7140564225004422,1.7140524921836613
157.0,30.00364562092607,1.7140606123790676,1.7140571313143498
157.25,30.003125264613562,1.7140642376644106,1.7140611818375582
157.5,30.00261846361421,1.7140673128373907,1.714064723939879
157.75,30.00212512887758,1.7140698523750564,1.714067694580678
158.0,30.001645198856377,1.7140718706612237,1.7140701149757742
158.25,30.001178619999035,1.7140733819952898,1.7140720431036773
158.5,30.000725315673574,1.71407440061123,1.7140734984251955
158.75,30.00028515881335,1.7140749406936966,1.7140743955510211
159.0,29.999858098199567,1.7140750162630878,1.7140748468325497
159.25,29.999444038880096,1.7140746412710341,1.714074874592722
159.5,29.99904285906295,1.7140738295795233,1.7140744510575814
159.75,29.998654378828494,1.7140725949814712,1.7140734226097
160.0,29.998278601041793,1.7140709509888874,1.7140720877119109
160.25,29.99791539471098,1.7140689110979013,1.714070435924151
160.5,29.997564565946995,1.714066488722727,1.7140683177202733
160.75,29.997225991523308,1.7140636970763738,1.7140657646386486
161.0,29.996899614487113,1.714060549169519,1.7140629781915604
161.25,29.99658524386682,1.714057057977109,1.714059848290801
161.5,29.996282662062516,1.7140532363421739,1.7140562106020678
161.75,29.995991825584667,1.7140490968000828,1.7140523280890765
162.0,29.995712560536425,1.7140446518349586,1.7140481591723302
162.25,29.995444671074633,1.7140399137832851,1.7140436176782983
162.5,29.9951880326804,1.714034894750721,1.7140387963347554
162.75,29.994942504567067,1.714029606683751,1.7140337559076662
163.0,29.99470788420297,1.7140240614055584,1.7140284154927805
163.25,29.994483999857586,1.7140182705341098,1.7140227742970682
163.5,29.994270743974234,1.7140122454510334,1.7140169913241827
163.75,29.9940679158493,1.7140059974337345,1.714011007080225
164.0,29.993875264185238,1.7139995376168304,1.714004645323952
164.25,29.99369270959656,1.713992876799934,1.7139981470175065
164.5,29.993520060123334,1.7139860256890722,1.7139914866519241
164.75,29.993357096641144,1.7139789948220554,1.7139845769553121
165.0,29.993203643745186,1.7139717945064439,1.7139774387280833
165.25,29.99305959700718,1.7139644347949923,1.7139702659080502
165.5,29.99292469552234,1.7139569256790297,1.7139628789082493
165.75,29.992798765850807,1.7139492768789906,1.713955310114015
166.0,29.99268165987112,1.7139414978968,1.7139476542572634
166.25,29.99257319814412,1.7139335980637043,1.713939932036399
166.5,29.9924731140017,1.7139255865876417,1.7139319554869166
166.75,29.992381302312527,1.7139174723402808,1.7139239251021754
167.0,29.99229756779456,1.7139092640720592,1.7139158250287272
167.25,29.99222169681089,1.713900970350812,1.7139075951812859
167.5,29.992153487413386,1.7138925995362302,1.7138992030875648
167.75,29.99209284598691,1.713884159697514,1.7138908756954856
168.0,29.99203950673521,1.7138756588536033,1.7138824253842837
168.25,29.99199329733661,1.7138671047465899,1.7138738876989723
168.5,29.991954055249096,1.713858504913928,1.7138653200702527
168.75,29.991921629724686,1.7138498666874826,1.7138568063917343
169.0,29.991895738970786,1.7138411973165297,1.7138481137253
169.25,29.991876280808167,1.7138325037031568,1.7138394381348883
169.5,29.991863065848566,1.7138237926314788,1.713830763649387
169.75,29.991855903072768,1.7138150706956712,1.7138220675633609
170.0,29.991854575026895,1.7138063443224727,1.7138132606517984
170.25,29.99185899761198,1.7137976196359683,1.713804570701453
170.5,29.991868934898058,1.7137889027028739,1.713795857427187
170.75,29.99188421365489,1.7137801993507003,1.7137871274835454
171.0,29.9919046694831,1.7137715152154511,1.7137784049119458
171.25,29.991930180317915,1.713762855714708,1.7137698114228923
171.5,29.991960490501324,1.713754226199826,1.713761143747052
171.75,29.99199547275296,1.7137456317338526,1.7137525025858096
172.0,29.992034976694445,1.7137370772229605,1.7137439286980825
172.25,29.992078833647337,1.71372856741435,1.7137354142786831
172.5,29.992126831105438,1.7137201069201353,1.713726841523404
172.75,29.992178882212205,1.7137117000745916,1.713718389474837
173.0,29.99223481306713,1.7137033511181516,1.7137100231472786
173.25,29.99229444044693,1.7136950641331958,1.7137016800482954
173.5,29.992357614105636,1.7136868430101706,1.7136933716493357
173.75,29.99242423716481,1.713678691432482,1.7136852322418306
174.0,29.992494100997963,1.7136706130200046,1.7136771223592786
174.25,29.992567048160417,1.7136626111922102,1.7136690199260871
174.5,29.992642980085453,1.7136546891640312,1.713661038657005
174.75,29.99272175008396,1.7136468500398012,1.7136531710453922
175.0,29.992803166752864,1.7136390968128454,1.7136452964871207
175.25,29.992887134890953,1.7136314322475632,1.7136375195766995
175.5,29.99297355132678,1.7136238589710315,1.7136299199173244
175.75,29.99306222689987,1.7136163795422765,1.7136223647345061
176.0,29.993153035390694,1.7136089963275758,1.7136148664364959
176.25,29.99324589838227,1.7136017115160234,1.71360754621607
176.5,29.99334066422488,1.7135945272256201,1.7136003434065645
176.75,29.99343715394108,1.713587445466686,1.71359312567257
177.0,29.99353531797992,1.7135804680105402,1.7135860653605866
177.25,29.993635030845773,1.7135735965677128,1.7135791463713945
177.5,29.993736134449023,1.7135668327535645,1.7135722682407413
177.75,29.993838525249373,1.7135601780164906,1.7135654553531776
178.0,29.993942163597968,1.7135536336326225,1.7135588793668233
178.25,29.994046865094315,1.71354720088684,1.713552358271865
178.5,29.994152532571846,1.7135408808771797,1.7135459133803004
178.75,29.99425909941089,1.7135346745659699,1.713539633223998
179.0,29.99436647116818,1.7135285828323965,1.7135335334305122
179.25,29.994474462894587,1.7135226065287443,1.7135274062483004
179.5,29.99458306267305,1.713516746257825,1.713521453278865
179.75,29.994692165764935,1.7135110026028486,1.7135156472257125
180.0,29.994801654228382,1.7135053760620151,1.7135099230771997
180.25,29.994911420208663,1.7134998670312422,1.7135042340479023
180.5,29.995021471129228,1.7134944757168822,1.7134988041483352
180.75,29.995131641642022,1.7134892023844936,1.713493436687991
181.0,29.995241862795034,1.7134840471313897,1.7134881605175867
181.25,29.99535207547744,1.7134790099631756,1.713483022271304
181.5,29.995462235574166,1.713474090791889,1.7134780987881957
181.75,29.995572171534945,1.7134692895602435,1.7134731552331703
182.0,29.995681888299472,1.7134646059843983,1.7134683747645103
182.25,29.995791307904835,1.7134600397781168,1.713463735875362
182.5,29.995900351636408,1.713455590585014,1.7134592096665722
182.75,29.996008914030423,1.7134512580032057,1.7134546974941278
183.0,29.99611702545612,1.713447041448781,1.7134504213165236
183.25,29.996224566309454,1.7134429404024092,1.7134462376609054
183.5,29.996331477649445,1.7134389542317001,1.7134421433320413
183.75,29.996437711115355,1.7134350822363218,1.7134381552492526
184.0,29.996543261456218,1.713431323622497,1.713434388599267
184.25,29.996647992246352,1.7134276776541952,1.7134306385390257
184.5,29.996751891896242,1.7134241434366038,1.7134269948138443
184.75,29.99685492870914,1.7134207200421818,1.713423493895163
185.0,29.99695705262374,1.7134174065113448,1.7134201232366493
185.25,29.997058168589597,1.7134142018773486,1.7134167574407146
185.5,29.99715830735353,1.7134111050224627,1.7134135682888338
185.75,29.9972574161337,1.713408114858908,1.7134105223513412
186.0,29.997355427409758,1.7134052302721137,1.7134075461886102
186.25,29.997452309152383,1.7134024500798002,1.7134046470006303
186.5,29.997548081265975,1.713399773019901,1.7134019521700081
186.75,29.997642654307704,1.713397197890305,1.7133993222143435
187.0,29.99773598625047,1.7133947234168079,1.7133967271498038
187.25,29.997828094717864,1.7133923482445226,1.7133942759400305
187.5,29.997918949157558,1.7133900710318404,1.713391957756629
187.75,29.99800847278799,1.7133878904505593,1.713389646738605
188.0,29.99809668344867,1.7133858050672923,1.713387440152441
188.25,29.99818359460926,1.7133838134297719,1.7133854208693509
188.5,29.99826912741169,1.7133819141436855,1.7133834463248896
188.75,29.99835326823128,1.7133801057396998,1.7133815267925472
189.0,29.998436048460334,1.7133783866923469,1.7133797769372752
189.25,29.998517428103014,1.7133767555210548,1.713378136501951
189.5,29.998597336643122,1.7133752107567732,1.713376468481879
189.75,29.99867583184922,1.7133737508077889,1.7133749403747638
190.0,29.998752895433245,1.7133723741357823,1.7133735337986131
190.25,29.99882847503287,1.7133710792213876,1.713372145344693
190.5,29.998902570068676,1.7133698644922322,1.7133707927308308
190.75,29.99897524665864,1.7133687283115504,1.7133696506807252
191.0,29.999046420603225,1.713367669164922,1.713368530132571
191.25,29.999116096181066,1.7133666854575342,1.7133674514718928
191.5,29.999184304900744,1.7133657755677623,1.71336649760342
191.75,29.999251051526915,1.7133649378944984,1.7133656844881804
192.0,29.9993162480268,1.7133641709147684,1.7133648026863273
192.25,29.999379976723223,1.7133634729600473,1.7133640490385427
192.5,29.999442227015248,1.7133628424423066,1.7133633948391778
192.75,29.99950297374843,1.713362277788135,1.7133627740152109
193.0,29.99956219853903,1.7133617774215608,1.7133621343830738
193.25,29.99961999977677,1.7133613396710812,1.7133617017430465
193.5,29.99967629930601,1.7133609630212403,1.7133612759612729
193.75,29.999731114925495,1.713360645880753,1.7133608850715747
194.0,29.999784471284592,1.7133603866595464,1.713360571491168
194.25,29.999836408219124,1.713360183762513,1.7133604121016075
194.5,29.9998868369396,1.7133600357132226,1.7133601731631531
194.75,29.9999358408074,1.71335994089777,1.713360032271173
195.0,29.999983421147043,1.7133598977827196,1.7133599683583183
195.25,30.00002957668158,1.7133599048479937,1.7133599524159626
195.5,30.000074276280422,1.7133599606108765,1.7133598821566136
195.75,30.0001176241073,1.7133600634856123,1.7133599784455587
196.0,30.000159574524123,1.7133602120276366,1.7133601011232047
196.25,30.00020013772469,1.7133604047585271,1.7133602426027592
196.5,30.000239334061668,1.7133606402056287,1.713360418317766
196.75,30.000277225832107,1.713360916875475,1.713360743072631
197.0,30.000313743951985,1.7133612334024122,1.7133610151190528
197.25,30.000348938882265,1.7133615883347433,1.7133613184493033
197.5,30.000382842504912,1.71336198025323,1.7133616913550673
197.75,30.00041546608425,1.7133624077732992,1.7133621215947634
198.0,30.00044677344814,1.7133628695683951,1.7133624820871491
198.25,30.000476852183397,1.7133633642241388,1.713362941841983
198.5,30.00050570847058,1.713363890414,1.7133634736157317
198.75,30.000533327520063,1.7133644468480282,1.713363999015183
199.0,30.00055973063005,1.7133650322244487,1.7133645254926784
199.25,30.000584988997087,1.7133656452181842,1.7133651795445801
199.5,30.00060906499166,1.7133662846167503,1.7133658258228228
199.75,30.000631963198966,1.7133669491914942,1.7133664296862126
200.0,30.000653749108082,1.7133676376818772,1.713367102104923
200.25,30.000674437873016,1.713368348890737,1.7133678327342345
200.5,30.000693996801548,1.7133690816823723,1.7133684959359763
200.75,30.000712484856052,1.713369834863551,1.7133691856288453
201.0,30.000729959177537,1.7133706072635355,1.713369990990584
201.25,30.00074637894876,1.713371397816363,1.7133707657728328
201.5,30.000761769199933,1.713372205421032,1.713371521480196
201.75,30.00077619751664,1.713373028961513,1.7133723715112663
202.0,30.000789661042667,1.7133738674033736,1.713373260005129
202.25,30.00080212193209,1.713374719763568,1.7133740469670198
202.5,30.00081367118379,1.7133755849705254,1.71337490151195
202.75,30.000824321913683,1.7133764620408032,1.7133758057536002
203.0,30.000834052347496,1.713377350042382,1.7133766580239949
203.25,30.000842889164502,1.7133782480234723,1.7133774729355271
203.5,30.000850927808926,1.7133791549951543,1.7133784301632484
203.75,30.00085810938224,1.7133800701219617,1.7133793390166472
204.0,30.00086446356024,1.713380992514318,1.7133802214766933
204.25,30.000870044751494,1.7133819212830272,1.713381159006908
204.5,30.000874881706014,1.7133828555822626,1.713382171643562
204.75,30.000878907081777,1.713383794669661,1.7133830489832744
205.0,30.00088222338896,1.713384737679032,1.7133839884828725
205.25,30.000884839094297,1.7133856838457118,1.7133849621321084
205.5,30.000886747794535,1.7133866324388078,1.7133859064975356
205.75,30.00088794672795,1.713387582745263,1.7133867671762426
206.0,30.000888550853816,1.713388533972258,1.7133877726140723
206.25,30.000888496886077,1.7133894854999188,1.7133887238020402
206.5,30.00088781639915,1.71339043664784,1.7133896497599421
206.75,30.000886545920878,1.7133913867517307,1.7133905917790828
207.0,30.000884738000327,1.7133923351537852,1.713391630005786
207.25,30.00088231491944,1.7133932813274786,1.7133925323640051
207.5,30.00087936846788,1.713394224621268,1.7133934740444927
207.75,30.000875909674303,1.7133951644722079,1.713394436869067
208.0,30.000871945784308,1.7133961003399782,1.7133953940572935
208.25,30.00086745198836,1.713397031730825,1.713396242388697
208.5,30.00086253809943,1.7133979580549412,1.7133972022521056
208.75,30.000857165880113,1.7133988788677337,1.7133981392325663
209.0,30.00085134882351,1.7133997936989147,1.7133990436083217
209.25,30.000845110782432,1.7134007020876048,1.7133999310721926
209.5,30.000838517559924,1.7134016035550996,1.7134009185629857
209.75,30.00083150350584,1.713402497752765,1.7134018080990459
210.0,30.000824118293586,1.7134033842509522,1.7134026790669268
210.25,30.000816396094194,1.7134042626505082,1.7134035742420024
210.5,30.000808348499422,1.7134051325885575,1.713404482812804
210.75,30.000799938590255,1.7134059937603916,1.7134052781518803
211.0,30.000791251422108,1.7134068457735456,1.7134061269997647
211.25,30.000782293877513,1.713407688318515,1.7134070091053089
211.5,30.000773047235214,1.7134085211235697,1.7134078434015654
211.75,30.00076352979282,1.7134093439009734,1.7134086383102456
212.0,30.00075380916479,1.713410156336194,1.7134095212638734
212.25,30.00074384520061,1.7134109582218218,1.7134103617016452
212.5,30.000733635426965,1.7134117493330248,1.7134111201462026
212.75,30.000723241629554,1.7134125294045515,1.7134119120055675
213.0,30.000712673240486,1.7134132982300692,1.7134127276969635
213.25,30.00070189178044,1.7134140556580797,1.7134134433097978
213.5,30.000690947998997,1.7134148014744617,1.7134141497569624
213.75,30.00067989420796,1.7134155354770764,1.7134149423682445
214.0,30.000668681028422,1.7134162575636889,1.7134156730749115
214.25,30.000657325836745,1.7134169675877657,1.7134163546953822
214.5,30.000645887560083,1.713417665379715,1.7134171004430407
214.75,30.00063435644622,1.7134183508407688,1.713417859361856
215.0,30.000622683822424,1.7134190239172666,1.7134184877496652
215.25,30.00061095245587,1.7134196844548175,1.7134191580389906
215.5,30.000599165660798,1.7134203323781851,1.713419852631224
215.75,30.000587292546445,1.7134209676523402,1.7134204724931001
216.0,30.000575348115277,1.7134215902137384,1.7134210293990693
216.25,30.000563418752833,1.7134221999482584,1.7134217071068576
216.5,30.000551434461528,1.7134227968855102,1.7134223146894831
216.75,30.000539414212426,1.713423380988928,1.713422875403227
217.0,30.00052740056021,1.713423952211354,1.7134234697527764
217.25,30.000515412384956,1.7134245105351302,1.713424122061063
217.5,30.00050336975347,1.7134250560360178,1.7134246201224677
217.75,30.000491363768027,1.713425588652372,1.713425162867851
218.0,30.000479390847413,1.713426108411886,1.7134257226013847
218.25,30.00046743347434,1.7134266153623334,1.7134262387981005
218.5,30.000455475553732,1.713427109558177,1.713426654960201
218.75,30.000443620096892,1.713427590959756,1.713427201068612
219.0,30.000431791954057,1.7134280596869982,1.7134276800953427
219.25,30.000420010050593,1.7134285157865685,1.7134281213997848
219.5,30.000408297589228,1.7134289593083323,1.7134285651957502
219.75,30.00039669551186,1.7134293902935973,1.7134290948545294
220.0,30.000385113475318,1.713429808902184,1.7134294792183806
220.25,30.0003736291287,1.7134302151564835,1.7134298909013073
220.5,30.00036224155675,1.7134306091518625,1.713430314510648
220.75,30.000350945662195,1.7134309909928707,1.7134307251673941
221.0,30.000339703061897,1.7134313608178673,1.7134310186448005
221.25,30.000328609808506,1.7134317186554897,1.7134314139175975
221.5,30.000317616815426,1.7134320646632817,1.7134317821318423
221.75,30.00030672340682,1.7134323989621023,1.7134321111456523
222.0,30.000295940217388,1.7134327216675984,1.713432416474896
222.25,30.000285320699433,1.7134330328630647,1.7134328169067392
222.5,30.000274787403733,1.7134333327476459,1.713433117537704
222.75,30.00026437477437,1.7134336214286907,1.7134333925110492
223.0,30.000254105788528,1.7134338990269327,1.7134336889240087
223.25,30.00024397942588,1.7134341656869927,1.7134339967436534
223.5,30.000233945980348,1.7134344215982693,1.7134341895418912
223.75,30.000224076433692,1.7134346668500318,1.7134344310112475
224.0,30.00021436753981,1.7134349015977584,1.7134347071260922
224.25,30.000204786747638,1.713435126024564,1.7134349339559911
224.5,30.000195339935203,1.7134353402831437,1.7134351202296458
224.75,30.000186082448902,1.7134355444861586,1.7134353938223268
225.0,30.00017696349181,1.7134357388390076,1.713435628252085
225.25,30.00016796605394,1.7134359235201013,1.7134357785273104
225.5,30.000159141468625,1.7134360986511668,1.7134359640789032
225.75,30.000150487165545,1.7134362644015249,1.7134361753376186
226.0,30.000141953315097,1.7134364209822524,1.713436289672265
226.25,30.000133577394205,1.713436568531053,1.7134363943624582
226.5,30.00012540224264,1.7134367071821122,1.7134365899103599
226.75,30.000117366118193,1.7134368371598812,1.7134367261446921
227.0,30.000109475293797,1.7134369586314686,1.7134368164753124
227.25,30.000101777157592,1.7134370717294785,1.7134369733200683
227.5,30.000094252632227,1.7134371766437853,1.7134371498826488
227.75,30.000086840353553,1.7134372736007428,1.7134371981771146
228.0,30.000079613441933,1.7134373627120227,1.7134372933022484
228.25,30.00007256444416,1.7134374441582259,1.7134374172545728
228.5,30.00006565287233,1.7134375181481452,1.7134374730213409
228.75,30.00005888202192,1.7134375848530117,1.7134374689496978
229.0,30.000052329515633,1.7134376443802832,1.7134375920489997
229.25,30.000045915097015,1.7134376969719232,1.7134376506441713
229.5,30.000039648201895,1.7134377427927732,1.713437668584524
229.75,30.000033561105187,1.7134377819875641,1.7134377247756807
230.0,30.000027664731142,1.7134378147185694,1.7134378471075602
230.25,30.00002186890404,1.7134378412336442,1.7134378210329422
230.5,30.000016255938988,1.7134378616323795,1.7134378462289421
230.75,30.00001081320924,1.7134378760944997,1.7134378947002602
231.0,30.000005515386807,1.71343788480951,1.7134379081642244
231.25,30.00000033670162,1.7134378879661394,1.713437827467473
231.5,29.999995372084413,1.713437885648755,1.7134378833443753
231.75,29.999990538830644,1.7134378780921804,1.7134378803459707
232.0,29.999985847636584,1.7134378654500495,1.7134378473708707
232.25,29.999981313171812,1.713437847871143,1.7134378230150002
232.5,29.999976969721455,1.7134378254859541,1.7134378931086838
232.75,29.99997271967458,1.7134377985360734,1.7134378270525124
233.0,29.999968631951496,1.7134377671191565,1.7134377940934795
233.25,29.999964699443453,1.7134377313961027,1.7134377811265502
233.5,29.9999609105946,1.7134376915298413,1.7134377644984824
233.75,29.999957219578526,1.713437647710761,1.7134376384190553
234.0,29.999953715016364,1.7134376000125076,1.7134376199108479
234.25,29.999950343467454,1.7134375486281814,1.7134375851265773
234.5,29.999947096717325,1.7134374937102788,1.7134375188705404
234.75,29.999943979028462,1.7134374353986284,1.7134374359878153
235.0,29.999941038411382,1.7134373737936377,1.713437456415038
235.25,29.999938192782306,1.7134373091047848,1.7134373879188813
235.5,29.999935468628966,1.713437241446664,1.7134372989347726
235.75,29.99993288504884,1.7134371709380398,1.7134372402304274
236.0,29.999930435887592,1.713437097717074,1.7134372020290447
236.25,29.999928066229025,1.7134370219613868,1.7134370575751028
236.5,29.99992584069989,1.7134369437442343,1.7134369670935994
236.75,29.99992375369306,1.7134368631966295,1.7134369222833508
237.0,29.999921766648505,1.71343678047547,1.7134368357935168
237.25,29.999919880986695,1.7134366957012077,1.7134367162731725
237.5,29.99991814770574,1.7134366089496322,1.7134366914014452
237.75,29.999916513425894,1.7134365203833961,1.7134366383595172
238.0,29.999914954811146,1.7134364301371547,1.7134365064642103
238.25,29.99991352076008,1.7134363382815097,1.713436418429877
238.5,29.999912204907798,1.7134362449319334,1.7134363643436425
238.75,29.999910954248744,1.7134361502413973,1.7134362223577315
239.0,29.999909801244144,1.7134360542874962,1.7134360757690943
239.25,29.999908787548424,1.7134359571376125,1.713436029943844
239.5,29.999907847239168,1.7134358589486838,1.7134359320424946
239.75,29.999906983790844,1.7134357598160004,1.7134357957878084
240.0,29.99990624125647,1.7134356597978284,1.713435732291476
240.25,29.999905599481025,1.7134355590049422,1.7134356985423054
240.5,29.999904992752185,1.7134354575846975,1.7134355421683312
240.75,29.99990449265177,1.7134353555648127,1.713435440312643
241.0,29.999904089188544,1.7134352530403723,1.7134353743061876
241.25,29.999903740417977,1.713435150131444,1.713435248761858
241.5,29.99990344606778,1.7134350469201858,1.7134350682871784
241.75,29.999903283137847,1.7134349434204417,1.7134350229282138
242.0,29.99990316911109,1.713434839780065,1.7134349198267562
242.25,29.999903111929513,1.713434736067358,1.7134347832089494
242.5,29.999903141502504,1.7134346323296052,1.7134346899892434
242.75,29.999903268665612,1.7134345286281574,1.7134346712611677
243.0,29.999903400978038,1.7134344251103897,1.713434510192619
243.25,29.999903619620405,1.713434321773143,1.7134344066318523
243.5,29.99990391067964,1.713434218692332,1.7134343321371444
243.75,29.999904248634248,1.7134341159516373,1.7134342303555576
244.0,29.99990460560951,1.7134340136346178,1.7134340392352765
244.25,29.99990507596217,1.7134339117182915,1.7134339900509532
244.5,29.9999055768965,1.7134338103289517,1.7134338888228953
244.75,29.999906118151383,1.7134337095117684,1.713433763616362
245.0,29.999906713121458,1.7134336093067541,1.7134336512135697
245.25,29.999907396564403,1.713433509733659,1.7134336396130325
245.5,29.999908070788308,1.7134334109234137,1.713433498848487
245.75,29.999908802858524,1.7134333128642252,1.713433394341004
246.0,29.999909586419697,1.7134332156051013,1.7134333152248513
246.25,29.999910410233774,1.7134331191973207,1.713433238850803
246.5,29.999911227717767,1.7134330237204871,1.7134330576698775
246.75,29.99991212666528,1.7134329291375514,1.7134329865962479
247.0,29.999913055843674,1.7134328355284307,1.713432906787644
247.25,29.999914005829147,1.713432742935537,1.7134327996829717
247.5,29.999914980828468,1.7134326513878806,1.7134326793683698
247.75,29.99991602954566,1.7134325608747298,1.713432666662388
248.0,29.99991707143909,1.713432471494085,1.71343257209958
248.25,29.999918130987645,1.7134323832525526,1.713432458212895
248.5,29.999919229260705,1.713432296158022,1.7134323792807487
248.75,29.999920360741694,1.7134322102394943,1.7134323256987172
249.0,29.999921470935156,1.713432125566249,1.713432170231961
249.25,29.999922623651834,1.7134320421049474,1.7134320695304808
249.5,29.999923816445722,1.7134319598773533,1.7134320211432235
249.75,29.99992500997572,1.7134318789352785,1.713431933991318
250.0,29.999926206455555,1.713431799293588,1.7134318166624896
250.25,29.999927457576284,1.7134317209234626,1.7134317964263903
250.5,29.99992871242473,1.713431643882369,1.7134317542104924
250.75,29.999929946236566,1.7134315682040835,1.7134316336314896
251.0,29.999931210184194,1.7134314938561883,1.713431560495602
251.25,29.999932498776122,1.7134314208533952,1.7134315245324367
251.5,29.999933760372844,1.713431349248592,1.7134314046353345
251.75,29.99993502683524,1.713431279022106,1.7134312800417428
252.0,29.99993634299648,1.7134312101419913,1.7134312610529878
252.25,29.999937642918148,1.7134311426697861,1.7134311920262828
252.5,29.999938931407538,1.71343107660546,1.7134310870503033
252.75,29.999940253121142,1.7134310119138403,1.713431055788109
253.0,29.999941590724145,1.7134309486116548,1.7134310590416468
253.25,29.999942877990456,1.713430886756371,1.7134309401946184
253.5,29.99994418855124,1.7134308262849616,1.713430878244233
253.75,29.999945513452605,1.713430767203987,1.713430853899237
254.0,29.999946812741328,1.7134307095455499,1.7134307733957757
254.25,29.99994808591156,1.7134306533071382,1.7134306375829065
254.5,29.99994941260244,1.7134305984168818,1.7134306396049996
254.75,29.999950711150447,1.713430544939873,1.7134305853837564
255.0,29.999951991056257,1.713430492862489,1.7134304995856333
255.25,29.99995328275892,1.7134304421524233,1.7134304570676158
255.5,29.999954599820224,1.71343039279102,1.713430492113536
255.75,29.9999558503561,1.7134303448489756,1.713430385854101
256.0,29.999957116950586,1.7134302982472138,1.7134303381121532
256.25,29.99995838696903,1.713430252987326,1.7134303201059577
256.5,29.999959637123848,1.7134302090793487,1.7134302774233172
256.75,29.99996083977562,1.7134301665364058,1.713430145146179
257.0,29.999962090934687,1.7134301252653723,1.713430155078443
257.25,29.999963309946875,1.7134300853234856,1.713430114938156
257.5,29.999964507581254,1.7134300466893189,1.7134300518176093
257.75,29.99996569794463,1.7134300093380668,1.71343000076303
258.0,29.99996691811967,1.7134299732247902,1.713430051910488
258.25,29.999968072223147,1.713429938417675,1.7134299761985319
258.5,29.999969227079156,1.7134299048454402,1.7134299350381355
258.75,29.99997037876244,1.7134298724968204,1.7134299199754977
259.0,29.999971517876627,1.7134298413648164,1.7134299093725396
259.25,29.999972598555047,1.7134298114732038,1.7134297940042682
259.5,29.999973709117196,1.7134297827307496,1.7134297866658519
259.75,29.99997480189403,1.7134297551620663,1.7134297737058175
260.0,29.999975867431544,1.7134297287587972,1.7134297331468826
260.25,29.999976911047945,1.7134297034996655,1.7134296784199257
260.5,29.999977983186234,1.713429679324564,1.7134297312165454
260.75,29.999979005893838,1.7134296562828262,1.7134297050102236
261.0,29.999980002544948,1.7134296343369773,1.7134296564318816
261.25,29.99998099704618,1.7134296134488685,1.7134296433465188
261.5,29.99998198529804,1.7134295936040795,1.7134296563565758
261.75,29.999982913985434,1.713429574830059,1.7134295678963778
262.0,29.999983846730736,1.7134295570541835,1.71342953103012
262.25,29.999984784845488,1.7134295402569206,1.7134295492249676
262.5,29.999985688753167,1.7134295244535442,1.7134295277704819
262.75,29.99998656193698,1.7134295096224281,1.7134294752693038
263.0,29.99998745718623,1.713429495699724,1.7134295186304658
263.25,29.999988326421537,1.7134294827076861,1.7134295426243042
263.5,29.999989143729675,1.7134294706495654,1.713429485188704
263.75,29.999989962822124,1.7134294594605353,1.7134294753409451
264.0,29.999990779251018,1.7134294491254252,1.7134295024724264
264.25,29.9999915429135,1.7134294396680514,1.7134294463623219
264.5,29.99999228515145,1.7134294310426395,1.7134293822403595
264.75,29.999993053975523,1.713429423189181,1.7134294253140123
265.0,29.999993783466657,1.7134294161450279,1.713429417309908
265.25,29.99999447971668,1.7134294098860399,1.7134293727651213
265.5,29.999995187863682,1.713429404354762,1.7134293999071628
265.75,29.99999589323292,1.7134293995448975,1.7134294633755145
266.0,29.999996528977903,1.7134293954947941,1.7134294025625751
266.25,29.99999717049322,1.7134293921213508,1.713429398239676
266.5,29.9999978096102,1.7134293894129506,1.7134294305875948
266.75,29.999998408070986,1.7134293873837847,1.713429407544688
267.0,29.999998964818083,1.7134293860163705,1.7134293263145322
267.25,29.999999561724188,1.713429385222491,1.7134293831264533
267.5,30.000000117600386,1.713429385053375,1.7134293828126368
267.75,30.0000006430698,1.7134293854819451,1.7134293505506244
268.0,30.00000116862182,1.7134293864642962,1.7134293591816616
268.25,30.00000171002784,1.713429387969253,1.7134294462031143
268.5,30.000002175492995,1.7134293900577036,1.7134293909171412
268.75,30.000002648395974,1.713429392641038,1.7134293930567315
269.0,30.000003116819634,1.7134293957122424,1.7134294236123953
269.25,30.00000355910257,1.713429399272811,1.7134294301717399
269.5,30.000003947219806,1.7134294033298614,1.7134293450344307
269.75,30.000004378140982,1.7134294077839134,1.7134294004957487
270.0,30.000004772774467,1.713429412686113,1.7134294062601323
270.25,30.000005142145238,1.7134294180108147,1.7134293883156908
270.5,30.000005500384905,1.7134294237299312,1.7134293800956095
270.75,30.000005886150987,1.7134294297946362,1.7134294738888962
271.0,30.000006204671376,1.713429436270324,1.7134294417199647
271.25,30.00000652169899,1.7134294430854604,1.7134294408920925
271.5,30.000006835004427,1.713429450226825,1.7134294655303501
271.75,30.00000713621476,1.7134294576866769,1.713429495006151
272.0,30.00000737941653,1.7134294654895843,1.713429418579536
272.25,30.00000765258782,1.7134294735459599,1.713429446866904
272.5,30.000007910806584,1.7134294818800035,1.7134294714946796
272.75,30.00000814375182,1.7134294904865972,1.7134294671321368
273.0,30.000008357021493,1.7134294993472676,1.7134294466517017
273.25,30.000008601910025,1.7134295084047475,1.7134295326007345
273.5,30.000008802193626,1.7134295177109673,1.7134295414563647
273.75,30.000008979290758,1.7134295272346878,1.7134295240507276
274.0,30.000009159052738,1.7134295369411336,1.7134295418525431
274.25,30.00000933789666,1.713429546820932,1.7134295856806483
274.5,30.000009462825865,1.7134295569071833,1.7134295277501004
274.75,30.000009596391717,1.7134295671345225,1.7134295176099763
275.0,30.000009742715704,1.7134295774877615,1.7134295645661455
275.25,30.00000986112668,1.7134295879902393,1.7134295704135853
275.5,30.00000995549569,1.7134295986274957,1.7134295438560962
275.75,30.000010078766763,1.7134296093434014,1.713429611381406
276.0,30.00001018477816,1.7134296201667563,1.7134296616064668
276.25,30.000010245670982,1.7134296311109805,1.7134296270792488
276.5,30.000010316709346,1.7134296421187314,1.7134296398588713
276.75,30.000010393602338,1.7134296531838031,1.7134296890635539
277.0,30.000010426891993,1.713429664338835,1.713429655404706
277.25,30.000010446536617,1.7134296755488698,1.7134296102091107
277.5,30.00001050279858,1.7134296867618533,1.7134296735395873
277.75,30.000010528907925,1.713429698025971,1.7134296845638055
278.0,30.00001053136425,1.7134297093270596,1.7134296583125892
278.25,30.000010554911448,1.7134297206185292,1.7134297016134172
278.5,30.000010586654213,1.7134297319032814,1.7134297829534422
278.75,30.000010558265117,1.713429743231823,1.7134297377771648
279.0,30.000010546046315,1.713429754531334,1.7134297486699717
279.25,30.000010541743674,1.7134297658014792,1.7134297952719921
279.5,30.000010507970213,1.7134297770670521,1.7134297873042947
279.75,30.00001044231198,1.7134297883232015,1.7134297184345275
280.0,30.00001042794138,1.7134297994921872,1.713429787758076
280.25,30.000010383407044,1.7134298106371537,1.7134297992498584
280.5,30.00001031961181,1.713429821742567,1.7134297785569081
280.75,30.000010266311527,1.7134298327770119,1.7134297965828196
281.0,30.000010240656856,1.7134298437200686,1.713429893982657
281.25,30.00001015017333,1.7134298546451991,1.7134298482982007
281.5,30.000010078247996,1.713429865475829,1.713429859176265
281.75,30.000010012913542,1.7134298762170705,1.7134298974031066
282.0,30.000009933369252,1.7134298868817943,1.7134299125699644
282.25,30.000009810517984,1.7134298974901698,1.7134298343621415
282.5,30.00000974143198,1.7134299079547757,1.7134298953007399
282.75,30.000009647968618,1.7134299183380934,1.7134299073673576
283.0,30.000009540623587,1.7134299286270744,1.713429895298489
283.25,30.000009432892174,1.7134299388063043,1.7134298910374945
283.5,30.000009364267182,1.7134299488383502,1.7134299889338187
283.75,30.00000924044077,1.713429958800286,1.7134299621992874
284.0,30.00000912539592,1.7134299686341328,1.7134299639791366
284.25,30.000009017963514,1.7134299783377605,1.7134299910498192
284.5,30.000008910122503,1.713429987915072,1.7134300237495894
284.75,30.000008755304457,1.713429997403083,1.7134299499039778
285.0,30.00000864049345,1.7134300067248784,1.7134299778959088
285.25,30.000008522920556,1.7134300159145694,1.7134300046860507
285.5,30.00000839078329,1.713430024979978,1.7134300015678814
285.75,30.000008249385036,1.7134300339144743,1.7134299808998763
286.0,30.00000815027632,1.7134300426720763,1.7134300660497837
286.25,30.000008018417297,1.713430051315117,1.7134300765540096
286.5,30.00000787270007,1.7134300598258232,1.7134300574101708
286.75,30.000007740394068,1.7134300681794166,1.7134300737309172
287.0,30.00000761788959,1.7134300763776469,1.7134301165214647
287.25,30.000007452021084,1.7134300844647465,1.7134300578521455
287.5,30.00000730373782,1.7134300923875878,1.7134300436969554
287.75,30.000007179480285,1.7134301001397514,1.7134300892070975
288.0,30.000007037012455,1.7134301077565373,1.713430092709425
288.25,30.000006880129497,1.7134301152340463,1.7134300630215902
288.5,30.000006761467215,1.7134301225267756,1.7134301261952605
288.75,30.00000663634776,1.7134301296724883,1.7134301747198808
289.0,30.00000647451693,1.713430136696741,1.7134301357119357
289.25,30.000006332390917,1.7134301435511563,1.7134301443198532
289.5,30.000006205405246,1.7134301502395686,1.7134301893353268
289.75,30.000006044386268,1.7134301568040349,1.7134301524877027
290.0,30.000005877517058,1.7134301632206261,1.7134301011836646
290.25,30.0000057568857,1.713430169445089,1.7134301602136153
290.5,30.000005614564508,1.7134301755358081,1.7134301663162912
290.75,30.000005457107637,1.7134301814876278,1.7134301350072931
291.0,30.00000532851101,1.7134301872634952,1.7134301716763904
291.25,30.000005217318108,1.7134301928738247,1.713430248624862
291.5,30.000005053450295,1.7134301983792015,1.7134301974575996
291.75,30.00000491377573,1.7134302037147444,1.71343020248485
292.0,30.000004789660167,1.713430208888704,1.7134302428029076
292.25,30.00000464431823,1.7134302139334596,1.713430229947197
292.5,30.0000044737167,1.7134302188534816,1.713430154070905
292.75,30.00000436202089,1.7134302235779557,1.7134302170260225
293.0,30.000004227305137,1.7134302281780405,1.7134302220233415
293.25,30.000004080502453,1.7134302326456228,1.7134301951574118
293.5,30.000003950393715,1.7134302369574035,1.7134302053672745
293.75,30.00000385528631,1.7134302410990903,1.7134302964599946
294.0,30.000003701839056,1.7134302451518386,1.7134302442724985
294.25,30.000003573210922,1.7134302490460598,1.7134302482795254
294.5,30.00000345720286,1.7134302527936878,1.7134302790856368
294.75,30.000003333701653,1.7134302564134678,1.7134302883058843
295.0,30.00000317236399,1.7134302599329319,1.7134302030071478
295.25,30.000003070142764,1.713430263270896,1.7134302557954846
295.5,30.000002949795704,1.7134302664950456,1.713430261183158
295.75,30.000002821060157,1.7134302695987924,1.713430242454552
296.0,30.000002696670986,1.7134302725730237,1.7134302300939515
296.25,30.000002616824332,1.7134302753851973,1.713430320502905
296.5,30.0000024875971,1.7134302781173918,1.7134302881781425
296.75,30.00000237100264,1.713430280718488,1.713430281896639
297.0,30.000002266887787,1.7134302831905066,1.7134303012296555
297.25,30.000002167468022,1.7134302855420136,1.7134303274366882
297.5,30.00000202545421,1.7134302878153511,1.7134302469639342
297.75,30.000001926692875,1.7134302899391347,1.7134302658114366
298.0,30.000001830544335,1.7134302919500635,1.7134302863944184
298.25,30.00000172363088,1.7134302938615638,1.7134302765660843
298.5,30.00000161091124,1.71343029567141,1.7134302481947004
298.75,30.000001544111843,1.7134302973374336,1.7134303254035246
299.0,30.00000144935801,1.7134302989247878,1.71343033085497
299.25,30.000001342951748,1.7134303004215912,1.7134303036554932
299.5,30.000001253552785,1.7134303018054116,1.7134303125761687
299.75,30.00000117747971,1.713430303081456,1.7134303487674285
300.0,30.00000106139982,1.713430304297356,1.7134302842114006
300.25,30.00000096462194,1.7134303054045081,1.71343026125349
300.5,30.000000895883176,1.7134303063975187,1.7134303008615315
300.75,30.000000811387967,1.7134303073158768,1.71343029791894
301.0,30.00000071486512,1.713430308158467,1.7134302613793486
301.25,30.000000658613274,1.7134303088826732,1.7134303167757885
301.5,30.000000599451965,1.7134303095274497,1.713430360477519
301.75,30.000000504784424,1.713430310122705,1.7134303142595544
302.0,30.000000432156583,1.7134303106213253,1.7134303162582913
302.25,30.000000376749384,1.7134303110294709,1.7134303549258407
302.5,30.000000289716706,1.71343031139091,1.713430313044174
302.75,30.000000197500306,1.7134303116850742,1.7134302541021318
303.0,30.00000015401753,1.7134303118679117,1.7134303075373896
303.25,30.000000090244246,1.7134303120003962,1.713430307708599
303.5,30.0000000128365,1.7134303120788288,1.7134302706225994
303.75,29.9999999650692,1.7134303120682097,1.713430300180188
304.0,29.999999936971584,1.7134303119790146,1.7134303724852307
304.25,29.999999856798024,1.7134303118744836,1.7134303153729684
304.5,29.99999980200813,1.7134303116903629,1.713430314799689
304.75,29.99999976364905,1.7134303114362077,1.713430349318252
305.0,29.999999705603667,1.7134303111447653,1.713430332284216
305.25,29.999999622284633,1.7134303108226776,1.7134302503317471
305.5,29.99999959890779,1.713430310398987,1.7134303080404008
305.75,29.999999553153508,1.7134303099458548,1.7134303078763096
306.0,29.99999949606315,1.7134303094556538,1.7134302763900706
306.25,29.999999455500067,1.7134303089063636,1.7134302805093837
306.5,29.99999945097244,1.7134303082830786,1.7134303671094053
306.75,29.99999938844715,1.713430307667878,1.7134303105471622
307.0,29.999999350849755,1.713430306991628,1.7134303099131005
307.25,29.999999325863335,1.7134303062665428,1.7134303356998886
307.5,29.99999929413224,1.7134303055108264,1.713430341506975
307.75,29.999999224173433,1.7134303047530195,1.7134302518268496
308.0,29.999999212864484,1.7134303039119687,1.7134302992411732
308.25,29.99999918403,1.713430303054347,1.7134303009745095
308.5,29.999999146672472,1.7134303021740278,1.7134302786942137
308.75,29.999999112879532,1.7134303012622218,1.7134302614731862
309.0,29.999999123613833,1.7134303002854432,1.7134303476901724
309.25,29.999999085493165,1.713430299324961,1.7134303132728603
309.5,29.99999905858869,1.713430298330909,1.7134303024647952
309.75,29.999999043897198,1.7134302973038664,1.71343031772099
310.0,29.999999033948676,1.7134302962516181,1.713430341174947
310.25,29.999998980844296,1.7134302952164633,1.7134302579241876
310.5,29.99999896936401,1.7134302941273156,1.7134302715191676
310.75,29.999998961132352,1.7134302930182819,1.7134302899156044
311.0,29.999998941263577,1.713430291903372,1.7134302774489105
311.25,29.99999891448842,1.7134302907798082,1.71343024553766
311.5,29.99999893277005,1.7134302896044298,1.713430318966736
311.75,29.999998923539067,1.7134302884404466,1.7134303236206745
312.0,29.99999890059958,1.7134302872772447,1.7134302926958296
312.25,29.999998894087522,1.7134302860902284,1.7134302985877472
312.5,29.999998900341414,1.7134302848836498,1.713430332572051
312.75,29.99999886598004,1.7134302837042132,1.713430266587985
313.0,29.999998848752064,1.7134302825036465,1.7134302393061358
313.25,29.999998859796115,1.713430281273474,1.7134302775244257
313.5,29.999998853850485,1.71343028005338,1.7134302726696695
313.75,29.99999883468663,1.713430278841127,1.7134302338567178
314.0,29.999998854338333,1.713430277593217,1.7134302860382342
314.25,29.999998871239132,1.713430276346094,1.7134303295093123
314.5,29.999998850546177,1.713430275130431,1.7134302807024595
314.75,29.999998851021942,1.7134302738968998,1.7134302807191741
315.0,29.999998867679853,1.713430272650611,1.713430317651465
315.25,29.999998852111858,1.713430271433747,1.7134302753715493
315.5,29.999998829100395,1.7134302702259347,1.7134302134213704
315.75,29.99999885447938,1.713430268980242,1.7134302658713543
316.0,29.99999885822597,1.71343026775724,1.713430264712735
316.25,29.99999884720238,1.7134302665517873,1.7134302264740235
316.5,29.999998864024548,1.7134302653281697,1.713430253498363
316.75,29.999998900288496,1.7134302640942374,1.7134303256713912
317.0,29.999998882732804,1.7134302629132299,1.7134302672087083
317.25,29.999998889436554,1.7134302617190602,1.7134302655693634
317.5,29.999998911221272,1.7134302605201681,1.7134302987780485
317.75,29.999998912733652,1.7134302593473327,1.7134302820344816
318.0,29.99999888693697,1.713430258207117,1.713430198502514
318.25,29.999998920120735,1.713430257026325,1.7134302553447966
318.5,29.99999892970283,1.7134302558760175,1.7134302544012843
318.75,29.999998926898034,1.713430254747096,1.71343022264039
319.0,29.999998938733913,1.7134302536169304,1.7134302249832627
319.25,29.999998985994104,1.7134302524681997,1.7134303113636926
319.5,29.999998974036636,1.713430251382181,1.7134302546727174
319.75,29.999998985613257,1.7134302502885719,1.7134302535770076
320.0,29.9999990083708,1.7134302491983013,1.7134302784736968
320.25,29.999999023787158,1.71343024812755,1.7134302849525587
320.5,29.999998999338427,1.713430247104441,1.7134301949957116
320.75,29.99999903181674,1.7134302460465927,1.7134302409659403
321.0,29.99999904628138,1.71343024501833,1.7134302430357617
321.25,29.99999905100422,1.7134302440128637,1.7134302211018804
321.5,29.999999057521972,1.7134302430205968,1.7134302028963304
321.75,29.999999107589513,1.7134302420060956,1.71343028867927
322.0,29.99999910848037,1.7134302410488071,1.713430255930818
322.25,29.99999911834854,1.713430240099253,1.7134302442702087
322.5,29.999999139422428,1.7134302391557183,1.713430259084413
322.75,29.999999164584985,1.713430238224457,1.7134302833288162
323.0,29.999999145422702,1.713430237346989,1.7134302008390796
323.25,29.999999165673454,1.7134302364519123,1.7134302126368206
323.5,29.99999918928953,1.7134302355701498,1.7134302322360713
323.75,29.999999199932166,1.713430234715772,1.7134302204550018
324.0,29.99999920217055,1.7134302338849703,1.7134301882937013
324.25,29.999999248237266,1.7134302330332003,1.713430261152029
324.5,29.99999926692784,1.713430232221366,1.7134302681581541
324.75,29.99999926959765,1.7134302314398189,1.713430236597644
325.0,29.999999287909656,1.7134302306615476,1.7134302424970513
325.25,29.999999318251174,1.7134302298896669,1.7134302772142997
325.5,29.999999307273402,1.7134302291697725,1.7134302127309184
325.75,29.999999311191345,1.7134302284538403,1.7134301840002355
326.0,29.999999343557562,1.7134302277302824,1.7134302235773082
326.25,29.999999357720117,1.7134302270389374,1.7134302195148665
326.5,29.999999357533312,1.7134302263764825,1.7134301810887813
326.75,29.99999939479721,1.7134302256986196,1.7134302326524808
327.0,29.999999429594578,1.713430225039401,1.7134302784207829
327.25,29.999999424875057,1.7134302244304211,1.713430229488725
327.5,29.999999440658975,1.713430223820329,1.7134302299374473
327.75,29.99999947180529,1.7134302232134366,1.713430267448472
328.0,29.999999470411524,1.7134302226505826,1.7134302270674964
328.25,29.999999459631642,1.7134302221118858,1.7134301643875431
328.5,29.999999497184863,1.7134302215479258,1.713430217963674
328.75,29.999999512138793,1.7134302210191932,1.7134302175634684
329.0,29.999999511579528,1.7134302205195115,1.713430180212011
329.25,29.999999537487408,1.7134302200128846,1.713430206686078
329.5,29.99999958304604,1.7134302195050009,1.7134302806408912
329.75,29.99999957351087,1.7134302190595787,1.7134302226913147
330.0,29.999999587601252,1.7134302186092116,1.713430221792202
330.25,29.999999615927035,1.7134302181617673,1.713430255419234
330.5,29.999999623935658,1.713430217746606,1.7134302406532163
330.75,29.999999603167844,1.7134302173707898,1.7134301572027582
331.0,29.999999640966657,1.7134302169595228,1.7134302147185185
331.25,29.999999654546425,1.7134302165833577,1.713430214511317
331.5,29.999999655306333,1.7134302162323747,1.7134301839517416
331.75,29.99999966944808,1.7134302158840018,1.7134301859384597
332.0,29.999999719015175,1.7134302155192154,1.7134302733891018
332.25,29.99999970885845,1.7134302152191156,1.7134302179374599
332.5,29.99999972147427,1.7134302149130216,1.7134302175976863
332.75,29.999999744538645,1.7134302146112619,1.713430242797582
333.0,29.999999760357728,1.71343021432875,1.713430251075827
333.25,29.999999735404717,1.7134302140939237,1.7134301619686472
333.5,29.999999766335254,1.713430213823992,1.713430207472743
333.75,29.999999779540065,1.713430213581634,1.7134302109182409
334.0,29.99999978250412,1.71343021336024,1.7134301902753761
334.25,29.999999786241514,1.7134302131501842,1.7134301719844058
334.5,29.999999833305033,1.7134302129148915,1.713430258183566
334.75,29.99999983165571,1.7134302127327774,1.713430227966509
335.0,29.999999837471503,1.7134302125556249,1.713430216173384
335.25,29.999999854273508,1.7134302123802028,1.7134302312580818
335.5,29.999999875284292,1.7134302122120777,1.7134302569557498
335.75,29.99999985160531,1.713430212092804,1.713430175902948
336.0,29.999999865884327,1.7134302119515452,1.7134301864703878
336.25,29.999999884444264,1.7134302118168478,1.7134302078280552
336.5,29.999999889479195,1.7134302117036992,1.7134301972391184
336.75,29.999999885410787,1.7134302116080953,1.7134301653165758
337.0,29.99999992471851,1.713430211484973,1.713430238020322
337.25,29.999999937586516,1.7134302113937583,1.7134302477793983
337.5,29.99999993291149,1.7134302113266227,1.71343021594655
337.75,29.999999943885346,1.713430211254983,1.713430222187103
338.0,29.999999966927938,1.7134302111816742,1.71343025790654
338.25,29.999999948749732,1.7134302111520021,1.713430195198683
338.5,29.999999944017052,1.7134302111190387,1.7134301652703188
338.75,29.99999996866902,1.7134302110689443,1.7134302063757512
339.0,29.999999974685565,1.713430211042526,1.7134302032555906
339.25,29.99999996601108,1.7134302110361943,1.7134301653741155
339.5,29.99999999417514,1.713430211005706,1.7134302164082293
339.75,30.000000020905738,1.7134302109835435,1.7134302644948916
340.0,30.000000006993588,1.7134302110029922,1.7134302155211374
340.25,30.000000013662348,1.71343021101153,1.7134302164306672
340.5,30.000000035616623,1.713430211013471,1.7134302545094533
340.75,30.000000025455183,1.7134302110491038,1.7134302159817416
341.0,30.0000000047059,1.7134302110998283,1.7134301525137345
341.25,30.000000032961786,1.7134302111145239,1.7134302071345116
341.5,30.000000038368846,1.7134302111543784,1.7134302073767294
341.75,30.000000028247914,1.7134302112129358,1.713430170806608
342.0,30.000000043913168,1.7134302112546997,1.7134301965802516
342.25,30.00000008010889,1.7134302112839639,1.7134302720775698
342.5,30.000000060675564,1.713430211365604,1.7134302144966176
342.75,30.00000006489874,1.7134302114316882,1.7134302141310955
343.0,30.00000008318001,1.7134302114902284,1.7134302479372807
343.25,30.000000081758067,1.7134302115698834,1.713430234876087
343.5,30.000000050780606,1.7134302116788873,1.7134301512941297
343.75,30.00000007856691,1.7134302117416005,1.713430209167219
344.0,30.00000008216879,1.7134302118287144,1.7134302093986555
344.25,30.000000073146108,1.7134302119301767,1.7134301797278098
344.5,30.00000007687408,1.7134302120241351,1.713430181053214
344.75,30.00000011661302,1.7134302120905462,1.7134302691972414
345.0,30.000000096770524,1.7134302122109164,1.7134302147145417
345.25,30.000000099465225,1.7134302123149203,1.7134302146977236
345.5,30.00000011248401,1.7134302124128313,1.713430239826415
345.75,30.000000118911572,1.7134302125189442,1.7134302494940938
346.0,30.0000000842317,1.7134302126625933,1.7134301608488949
346.25,30.000000104915955,1.713430212761203,1.7134302054328439
346.5,30.00000010873312,1.713430212876338,1.7134302098712693
346.75,30.00000010232235,1.7134302130021786,1.7134301900924123
347.0,30.00000009619422,1.7134302131296022,1.7134301713165747
347.25,30.000000133633183,1.7134302132214878,1.713430257427159
347.5,30.000000123343373,1.7134302133557004,1.7134302292908667
347.75,30.000000119494977,1.7134302134858235,1.7134302169188242
348.0,30.00000012688858,1.7134302136076247,1.7134302318262964
348.25,30.000000139055714,1.713430213726504,1.7134302584808485
348.5,30.000000106628363,1.7134302138845148,1.7134301783834824
348.75,30.000000111152804,1.7134302140118618,1.7134301872527802
349.0,30.000000121298747,1.7134302141351967,1.713430209883568
349.25,30.00000011778416,1.713430214270878,1.7134301999886312
349.5,30.00000010489291,1.7134302144151328,1.7134301678430877
349.75,30.000000135301924,1.7134302145228455,1.7134302398741084
350.0,30.00000014058933,1.7134302146523672,1.7134302518502251
350.25,30.00000012721835,1.7134302147980731,1.7134302192775164
350.5,30.000000129863007,1.7134302149302372,1.7134302253730427
350.75,30.000000144961902,1.713430215051805,1.7134302615821364
351.0,30.00000011928386,1.713430215208161,1.713430200133844
351.25,30.000000105947926,1.7134302153538297,1.7134301685167297
351.5,30.000000123253255,1.7134302154730874,1.713430210645486
351.75,30.00000012180337,1.7134302156080512,1.7134302079532804
352.0,30.000000105639405,1.7134302157551857,1.7134301701331291
352.25,30.000000125988464,1.7134302158706427,1.7134302201328184
352.5,30.00000014620557,1.7134302159856523,1.7134302699916186
352.75,30.00000012496218,1.7134302161354502,1.713430220507451
353.0,30.000000124636223,1.71343021626667,1.713430221392241
353.25,30.000000139760385,1.7134302163839128,1.713430259517389
353.5,30.000000123449357,1.7134302165271698,1.7134302223437978
353.75,30.000000095621086,1.7134302166793585,1.7134301576721593
354.0,30.000000117647833,1.713430216787982,1.7134302128009526
354.25,30.000000116813148,1.7134302169151086,1.7134302131919745
354.5,30.0000001006544,1.7134302170542415,1.7134301769305544
354.75,30.00000010980558,1.7134302171706093,1.7134302015398557
355.0,30.00000014054206,1.7134302172673428,1.7134302780746309
355.25,30.000000115321598,1.7134302174106435,1.7134302204142753
355.5,30.000000113958965,1.7134302175322709,1.7134302201230083
355.75,30.000000126642295,1.7134302176405642,1.7134302536453732
356.0,30.000000120399406,1.7134302177636518,1.7134302418370844
356.25,30.000000083973816,1.7134302179111096,1.7134301576754796
356.5,30.00000010664679,1.7134302180066188,1.7134302154464813
356.75,30.000000105312925,1.7134302181211485,1.7134302156774284
357.0,30.000000091684047,1.7134302182446584,1.7134301864739865
357.25,30.000000090288243,1.7134302183561603,1.7134301867031934
357.5,30.00000012559337,1.713430218434719,1.7134302750876103
357.75,30.0000001016187,1.713430218562311,1.7134302212518566
358.0,30.00000009997835,1.7134302186691814,1.7134302210799337
358.25,30.00000010865311,1.7134302187655752,1.7134302457192259
358.5,30.00000011147919,1.7134302188652804,1.7134302563694774
358.75,30.00000007296459,1.7134302189986004,1.7134301678394595
359.0,30.000000089317695,1.7134302190833188,1.7134302110423738
359.25,30.000000089776393,1.7134302191798765,1.7134302161325214
359.5,30.000000080064336,1.7134302192833684,1.7134301968438361
359.75,30.000000070200603,1.7134302193852213,1.7134301772200957
360.0,30.00000010418276,1.7134302194478326,1.7134302628596025
360.25,30.00000009149268,1.7134302195485294,1.7134302364991465
360.5,30.00000008422307,1.7134302196427962,1.7134302231669922
360.75,30.00000008849449,1.7134302197253968,1.7134302375501544
361.0,30.000000098126943,1.7134302198016056,1.713430264812234
361.25,30.000000063305656,1.7134302199139795,1.7134301853857037
361.5,30.000000064415868,1.7134302199938372,1.7134301922062594
361.75,30.000000072513856,1.713430220065905,1.713430215800796
362.0,30.000000066818593,1.713430220147938,1.713430206288205
362.25,30.000000051480363,1.7134302202363916,1.7134301736270345
362.5,30.000000079351448,1.7134302202861122,1.7134302446693754
362.75,30.00000008343216,1.7134302203543477,1.7134302586014227
363.0,30.00000006771171,1.7134302204376939,1.7134302249953648
363.25,30.000000068364958,1.7134302205052492,1.7134302306747795
363.5,30.00000008183083,1.7134302205600636,1.7134302670900536
363.75,30.00000005496102,1.7134302206475538,1.7134302066734517
364.0,30.000000039288327,1.7134302207237002,1.7134301731105548
364.25,30.000000055481113,1.713430220770854,1.7134302160069508
364.5,30.000000052765962,1.7134302208324064,1.713430213495352
364.75,30.00000003528669,1.713430220904828,1.7134301755196177
365.0,30.000000053938226,1.713430220944648,1.7134302242346995
365.25,30.000000073723125,1.713430220981782,1.7134302756386628
365.5,30.000000051192007,1.7134302210533665,1.713430225443498
365.75,30.00000004986397,1.713430221105146,1.7134302261046153
366.0,30.0000000640902,1.7134302211419625,1.7134302640622363
366.25,30.000000047519944,1.713430221203434,1.7134302280647529
366.5,30.0000000184429,1.7134302212739518,1.7134301620092611
366.75,30.000000040002945,1.7134302212995849,1.713430217450887
367.0,30.000000038630077,1.713430221343207,1.7134302178071632
367.25,30.00000002208271,1.7134302213982093,1.713430181698422
367.5,30.000000030294938,1.7134302214304922,1.713430204972393
367.75,30.000000061073244,1.7134302214419492,1.7134302823631187
368.0,30.000000035517605,1.713430221500012,1.7134302244954847
368.25,30.000000033942293,1.7134302215360817,1.7134302241369852
368.5,30.00000004631641,1.7134302215587505,1.7134302572107576
368.75,30.000000040474387,1.713430221595521,1.7134302465128464
369.0,30.000000003783732,1.7134302216572086,1.7134301617222085
369.25,30.00000002639294,1.7134302216668147,1.7134302192105328
369.5,30.000000025119668,1.713430221695431,1.7134302193246864
369.75,30.00000001179861,1.7134302217329689,1.713430190469407
370.0,30.000000010121813,1.7134302217592094,1.7134301895092239
370.25,30.000000045747914,1.7134302217522546,1.7134302780289428
370.5,30.0000000223446,1.7134302217944322,1.7134302248134161
370.75,30.000000020933836,1.7134302218165423,1.713430224329298
371.0,30.000000029767868,1.713430221828646,1.7134302483795565
371.25,30.00000003340884,1.713430221843957,1.7134302599102658
371.5,29.999999995426034,1.7134302218936257,1.713430171480949
371.75,30.000000011679813,1.7134302218957749,1.7134302131732517
372.0,30.000000012960236,1.713430221909561,1.713430218870887
372.25,30.00000000402797,1.7134302219309412,1.7134302000001544
372.5,29.99999999443305,1.7134302219517807,1.7134301794827367
372.75,30.000000028868445,1.713430221933919,1.7134302645896453
373.0,30.00000001761796,1.713430221954032,1.7134302399860744
373.25,30.000000010656564,1.7134302219694473,1.7134302256208351
373.5,30.000000015461037,1.7134302219738016,1.7134302394396261
373.75,30.000000026122066,1.713430221972168,1.7134302672591342
374.0,29.99999999239672,1.7134302220074975,1.713430188487543
374.25,29.99999999348328,1.7134302220121493,1.7134301932149423
374.5,30.000000002846747,1.7134302220088187,1.7134302177528722
374.75,29.99999999819401,1.7134302220165765,1.7134302085941195
375.0,29.999999983561235,1.7134302220319984,1.7134301754264845
375.25,30.000000011937594,1.7134302220098352,1.7134302454337005
375.5,30.00000001777024,1.713430222006119,1.7134302612775991
375.75,30.00000000260087,1.7134302220195554,1.7134302266589014
376.0,30.000000004072632,1.7134302220180064,1.7134302319282282
376.25,30.00000001862003,1.713430222004542,1.713430268528174
376.5,29.99999999319942,1.713430222024505,1.7134302091449913
376.75,29.999999977758197,1.713430222035243,1.713430173661771
377.0,29.999999995309963,1.713430222017117,1.7134302173157365
377.25,29.99999999372268,1.7134302220146906,1.7134302149812226
377.5,29.999999977253477,1.7134302220243491,1.7134301768766178
377.75,29.99999999644538,1.713430222002931,1.7134302243147086
378.0,30.000000017947993,1.713430221978952,1.7134302772492074
378.25,29.99999999622341,1.7134302219913404,1.7134302263816092
378.5,29.999999995907,1.713430221984895,1.713430226848874
378.75,30.0000000111628,1.7134302219646218,1.7134302646442712
379.0,29.999999996193804,1.7134302219696704,1.7134302298474566
379.25,29.999999967670455,1.7134302219858188,1.7134301624711281
379.5,29.999999990467256,1.7134302219576598,1.7134302182262664
379.75,29.999999990196223,1.7134302219487683,1.7134302185691486
380.0,29.99999997483998,1.713430221952344,1.7134301826601712
380.25,29.999999983617904,1.713430221934898,1.7134302046334995
380.5,30.000000015856155,1.7134302218970248,1.713430282872494
380.75,29.999999991347764,1.7134302219072706,1.7134302248668734
381.0,29.9999999908642,1.7134302218966442,1.7134302244832489
381.25,30.000000004166882,1.7134302218739115,1.7134302571479183
381.5,29.999999999898332,1.713430221865882,1.7134302475980843
381.75,29.99999996405392,1.7134302218845374,1.713430162220887
382.0,29.99999998764372,1.7134302218521376,1.713430219457458
382.25,29.999999987421468,1.7134302218398239,1.713430219502665
382.5,29.999999975348178,1.7134302218373936,1.713430191065829
382.75,29.999999974266736,1.713430221825346,1.7134301889746824
383.0,30.000000010992544,1.7134302217807869,1.7134302775917227
383.25,29.999999988964234,1.7134302217862318,1.7134302251532947
383.5,29.999999988464204,1.713430221773104,1.7134302243521349
383.75,29.999999998112994,1.7134302217511403,1.713430247876282
384.0,30.000000003165322,1.713430221732954,1.7134302603352038
384.25,29.99999996625224,1.7134302217504862,1.713430172037533
384.5,29.999999982881587,1.7134302217221509,1.7134302122199003
384.75,29.999999985453734,1.7134302217057171,1.7134302186318482
385.0,29.999999977705816,1.713430221698005,1.7134302002439574
385.25,29.99999996874003,1.7134302216912507,1.7134301789038309
385.5,30.000000003913158,1.7134302216467148,1.7134302634766003
385.75,29.999999994375813,1.7134302216403219,1.7134302407087472
386.0,29.999999987942623,1.7134302216312305,1.7134302253645544
386.25,29.99999999346061,1.7134302216118935,1.7134302386791982
386.5,30.00000000527402,1.713430221587154,1.7134302670786037
386.75,29.99999997275685,1.713430221600277,1.713430189052101
387.0,29.999999973884638,1.7134302215846542,1.7134301917555776
387.25,29.9999999845267,1.7134302215609107,1.7134302172718319
387.5,29.999999980896227,1.7134302215493797,1.7134302085089974
387.75,29.999999966922285,1.713430221546714,1.7134301748982408
388.0,29.999999995721076,1.7134302215075417,1.7134302439285978
388.25,30.000000003191385,1.7134302214866377,1.7134302617464683
388.5,29.99999998841938,1.713430221484792,1.7134302261591678
388.75,29.999999990532228,1.713430221468584,1.71343023107955
389.0,30.000000005942372,1.7134302214410864,1.7134302678975142
389.25,29.99999998174005,1.7134302214475123,1.7134302096208816
389.5,29.999999966275286,1.7134302214465598,1.7134301722989866
389.75,29.999999984882244,1.7134302214165908,1.713430216738974
390.0,29.999999984098977,1.7134302214032895,1.713430214623311
390.25,29.99999996830453,1.7134302214029216,1.7134301764631208
390.5,29.99999998766821,1.7134302213726293,1.7134302226743108
390.75,30.000000010480335,1.7134302213395105,1.7134302771485574
391.0,29.999999989162657,1.713430221344221,1.7134302256902554
391.25,29.999999989429455,1.7134302213306218,1.71343022602598
391.5,30.00000000525516,1.7134302213038666,1.7134302636938579
391.75,29.999999991413585,1.7134302213026003,1.7134302301435758
392.0,29.99999996297229,1.7134302213139545,1.7134301615405558
392.25,29.99999998648598,1.7134302212810708,1.713430217628478
392.5,29.99999998678974,1.713430221268173,1.7134302179987129
392.75,29.999999972087263,1.7134302212682555,1.7134301823421403
393.0,29.999999980881665,1.7134302212484263,1.7134302030736035
393.25,30.00000001400347,1.71343022120798,1.7134302821870533
393.5,29.99999998996808,1.7134302212165384,1.713430224105492
393.75,29.99999998998462,1.713430221204721,1.713430223745721
394.0,30.00000000360334,1.713430221181459,1.7134302560269883
394.25,30.000000000286725,1.7134302211728458,1.7134302476543015
394.5,29.999999964694524,1.7134302211919903,1.7134301618088144
394.75,29.999999988609215,1.7134302211604775,1.713430218785272
395.0,29.999999988796628,1.7134302211494237,1.713430218807292
395.25,29.99999997731692,1.7134302211485266,1.713430190821851
395.5,29.999999976181186,1.7134302211389836,1.7134301876599216
395.75,30.000000013340962,1.7134302210969128,1.7134302764105664
396.0,29.999999992042977,1.7134302211049781,1.7134302248491085
396.25,29.999999991754613,1.7134302210952888,1.7134302237118544
396.5,30.00000000153451,1.7134302210771928,1.7134302467379643
396.75,30.000000007303754,1.7134302210627201,1.7134302601359153
397.0,29.999999970800776,1.7134302210845611,1.7134301720715022
397.25,29.99999998709827,1.7134302210614873,1.7134302107364614
397.5,29.999999990276596,1.7134302210498207,1.7134302179122844
397.75,29.999999983015893,1.7134302210472712,1.7134302000321222
398.0,29.999999973993248,1.7134302210464256,1.713430177922848
398.25,30.000000009203635,1.7134302210079864,1.713430261980898
398.5,30.000000000694474,1.7134302210070982,1.7134302411047682
398.75,29.999999994087734,1.7134302210047827,1.7134302247955726
399.0,29.999999999627864,1.7134302209922865,1.7134302376421142
399.25,30.000000011899495,1.7134302209742363,1.7134302666468175
399.5,29.99999997990388,1.7134302209942032,1.7134301894038937
399.75,29.999999980373353,1.7134302209866275,1.7134301900848588
400.0,29.999999991616846,1.713430220970041,1.7134302166275357
400.25,29.999999988325396,1.7134302209660666,1.7134302082861572
400.5,29.99999997434047,1.713430220971421,1.7134301742811637
400.75,30.000000002872895,1.7134302209406402,1.7134302423282237
401.0,30.00000001130396,1.7134302209272236,1.7134302621315272
401.25,29.99999999627098,1.7134302209340424,1.713430225620232
401.5,29.99999999836704,1.7134302209264136,1.713430230225155
401.75,30.000000013973228,1.7134302209074272,1.7134302672604602
402.0,29.99999999034522,1.7134302209221455,1.713430210130566
402.25,29.999999974223407,1.7134302209306327,1.713430171020901
402.5,29.999999993235065,1.7134302209092824,1.71343021624201
402.75,29.999999992617923,1.7134302209048808,1.713430214354871
403.0,29.99999997687423,1.7134302209135797,1.71343017616582
403.25,29.999999995787782,1.7134302208928425,1.7134302211649928
403.5,30.000000019296245,1.7134302208683512,1.7134302771975172
403.75,29.999999997779597,1.7134302208824983,1.7134302251666795
404.0,29.999999998034433,1.7134302208782126,1.7134302253963154
404.25,30.00000001383058,1.713430220860814,1.7134302629330056
404.5,30.0000000005384,1.7134302208684316,1.7134302306577869
404.75,29.999999971618333,1.7134302208895622,1.7134301608782143
405.0,29.99999999526873,1.7134302208659362,1.7134302172825548
405.25,29.999999995585092,1.7134302208624026,1.7134302176865839
405.5,29.999999980992833,1.7134302208717604,1.7134301823128981
405.75,29.999999989260584,1.7134302208617385,1.7134302018130154
406.0,30.0000000227146,1.7134302208303465,1.7134302817703742
406.25,29.99999999864224,1.7134302208482506,1.713430223659984
406.5,29.99999999864432,1.7134302208457293,1.7134302233384173
406.75,30.00000001207132,1.7134302208318792,1.7134302552449665
407.0,30.0000000092088,1.7134302208320848,1.7134302480597325
407.25,29.999999973381232,1.7134302208605914,1.71343016175853
407.5,29.999999997134,1.7134302208383272,1.7134302184667705
407.75,29.999999997262613,1.7134302208363774,1.7134302184788925
408.0,29.99999998592261,1.713430220844354,1.713430190970396
408.25,29.99999998428415,1.713430220844167,1.713430186753443
408.5,30.00000002141052,1.7134302208109828,1.7134302755850903
408.75,30.000000000446708,1.7134302208275498,1.7134302249960789
409.0,29.999999999925393,1.7134302208267684,1.7134302234788392
409.25,30.00000000942249,1.713430220817542,1.7134302460137092
409.5,30.00000001549677,1.7134302208113519,1.7134302603393408
409.75,29.999999979018845,1.7134302208416268,1.7134301725382397
410.0,29.99999999457947,1.7134302208275471,1.7134302096449916
410.25,29.999999997999602,1.7134302208239442,1.7134302176185106
410.5,29.999999990857145,1.713430220829467,1.7134302002460087
410.75,29.999999981424615,1.7134302208370449,1.7134301773829685
411.0,30.00000001631701,1.7134302208068481,1.7134302609136496
411.25,30.000000008504966,1.7134302208132306,1.7134302419520735
411.5,30.000000001387928,1.7134302208191101,1.713430224664592
411.75,30.00000000663016,1.7134302208145182,1.7134302370474779
412.0,30.000000019034577,1.7134302208038927,1.713430266626768
412.25,29.999999987272126,1.7134302208310856,1.7134301902035454
412.5,29.999999986800496,1.713430220831624,1.7134301888896495
412.75,29.999999998347885,1.7134302208219716,1.7134302164292752
413.0,29.999999995113043,1.7134302208250243,1.7134302084946107
413.25,29.99999998085901,1.7134302208375638,1.7134301741175557
413.5,30.000000008865115,1.7134302208140668,1.713430241177914
413.75,30.000000017993763,1.7134302208067682,1.7134302629345832
414.0,30.000000002466166,1.7134302208206011,1.7134302255173417
414.25,30.00000000431764,1.7134302208196486,1.7134302298183606
414.5,30.000000019890976,1.713430220807033,1.7134302670596187
414.75,29.999999996616257,1.7134302208276677,1.7134302110639228
415.0,29.999999979637565,1.713430220842979,1.7134301701850052
415.25,29.999999998850473,1.7134302208274228,1.7134302161775143
415.5,29.999999998202238,1.7134302208288876,1.7134302145048075
415.75,29.999999982339336,1.7134302208434014,1.7134301763192066
416.0,30.00000000062417,1.7134302208287875,1.713430220099167
416.25,30.000000024621393,1.7134302208093382,1.7134302775947254
416.5,30.000000002771177,1.713430220829103,1.7134302250530347
416.75,30.000000002864933,1.7134302208301606,1.713430225185477
417.0,30.000000018483433,1.7134302208179926,1.7134302625846798
417.25,30.000000005589325,1.7134302208302212,1.7134302315530745
417.5,29.99999997607022,1.7134302208566905,1.7134301606230224
417.75,29.999999999726374,1.7134302208377625,1.713430217327431
418.0,29.999999999933152,1.7134302208388996,1.7134302177534606
418.25,29.999999985343063,1.7134302208527084,1.713430182668597
418.5,29.999999992984907,1.7134302208475505,1.7134302009484776
418.75,30.000000026652035,1.7134302208201828,1.7134302816977136
419.0,30.0000000024625,1.7134302208422707,1.7134302235846486
419.25,30.000000002363784,1.7134302208437984,1.7134302232977359
419.5,30.000000015513294,1.7134302208340277,1.7134302548127263
419.75,30.000000013020056,1.7134302208376406,1.713430248786082
420.0,29.999999976914474,1.713430220869989,1.7134301620874706
420.25,30.000000000423878,1.7134302208514198,1.7134302184789785
420.5,30.000000000437606,1.713430220852939,1.713430218480163
420.75,29.99999998918141,1.7134302208640997,1.7134301914349344
421.0,29.999999986998212,1.713430220867519,1.7134301861697951
421.25,30.000000024048468,1.7134302208374284,1.713430275075166
421.5,30.000000003407106,1.7134302208566388,1.713430225513577
421.75,30.000000002597353,1.7134302208589116,1.7134302235544294
422.0,30.000000011782294,1.7134302208526513,1.7134302455873047
422.25,30.000000018135594,1.7134302208488148,1.7134302608266585
422.5,29.999999981675934,1.7134302208815604,1.7134301733101103
422.75,29.999999996465945,1.7134302208705212,1.713430208804616
423.0,30.00000000013119,1.713430220868988,1.7134302176003702
423.25,29.99999999310381,1.7134302208765901,1.7134302007345097
423.5,29.99999998327159,1.713430220886587,1.7134301771390124
423.75,30.000000017825343,1.713430220858659,1.7134302600801592
424.0,30.000000010724165,1.7134302208663177,1.7134302430444717
424.25,30.00000000310982,1.7134302208744103,1.71343022477936
424.5,30.00000000807229,1.7134302208717522,1.7134302367030223
424.75,30.000000020626604,1.7134302208626024,1.7134302668505927
425.0,29.999999989117015,1.7134302208910932,1.7134301912390104
425.25,29.99999998771096,1.7134302208938539,1.7134301878832208
425.5,29.999999999603425,1.713430220885244,1.713430216448141
425.75,29.999999996455433,1.7134302208894754,1.7134302089151279
426.0,29.999999981970344,1.7134302209033827,1.7134301741728426
426.25,30.000000009471968,1.7134302208814067,1.7134302402078332
426.5,30.000000019340785,1.7134302208744827,1.7134302639225267
426.75,30.00000000336064,1.7134302208896308,1.7134302255966758
427.0,30.000000005012968,1.713430220889701,1.71343022959338
427.25,30.000000020584952,1.713430220877864,1.7134302670011463
427.5,29.999999997728054,1.7134302208988446,1.7134302121741036
427.75,29.99999997995835,1.7134302209154655,1.7134301695585399
428.0,29.9999999994069,1.7134302209002725,1.7134302162746327
428.25,29.999999998777366,1.713430220902217,1.7134302148009108
428.5,29.999999982849335,1.7134302209172156,1.7134301766091797
428.75,30.000000000559105,1.7134302209034578,1.7134302191551962
429.0,30.0000000251226,1.7134302208838266,1.7134302781523398
429.25,30.00000000298829,1.7134302209040753,1.7134302250673867
429.5,30.00000000298574,1.7134302209053967,1.7134302251034519
429.75,30.00000001848198,1.7134302208934575,1.7134302623401978
430.0,30.000000006066337,1.7134302209053471,1.7134302325842028
430.25,29.999999976016436,1.7134302209322834,1.7134301605035676
430.5,29.999999999737025,1.713430220913259,1.7134302174823248
430.75,29.99999999989994,1.7134302209143422,1.7134302179190741
431.0,29.99999998539104,1.7134302209279404,1.7134301831414112
431.25,29.999999992468773,1.7134302209230747,1.7134302001760113
431.5,30.000000026405306,1.7134302208952412,1.713430281676968
431.75,30.0000000021869,1.7134302209170738,1.7134302235961378
432.0,30.00000000206102,1.7134302209183008,1.7134302233420107
432.25,30.000000015002474,1.7134302209083425,1.713430254452128
432.5,30.000000012956665,1.713430220911168,1.7134302495904286
432.75,29.999999976651925,1.7134302209432422,1.7134301625014297
433.0,29.99999999998064,1.7134302209243446,1.7134302185435402
433.25,29.999999999957296,1.7134302209253773,1.7134302185366956
433.5,29.999999988868932,1.7134302209358425,1.7134301919719486
433.75,29.99999998621765,1.7134302209390775,1.7134301856577765
434.0,30.000000023241135,1.7134302209083934,1.713430274570138
434.25,30.00000000303665,1.7134302209265821,1.713430226125209
434.5,30.000000001994266,1.7134302209283776,1.7134302236726884
434.75,30.00000001094183,1.7134302209216161,1.7134302451977612
435.0,30.0000000176464,1.7134302209167498,1.7134302613391452
435.25,29.999999981292202,1.7134302209486505,1.713430174131699
435.5,29.999999995362977,1.7134302209374472,1.7134302079530166
435.75,29.999999999363382,1.7134302209348269,1.713430217603466
436.0,29.999999992525954,1.7134302209414445,1.7134302012409697
436.25,29.99999998236959,1.7134302209508763,1.713430176912213
436.5,30.000000016653452,1.713430220922318,1.7134302592476314
436.75,30.00000001035323,1.7134302209284142,1.713430244173712
437.0,30.000000002303743,1.7134302209359837,1.7134302249009283
437.25,30.00000000705815,1.7134302209325933,1.713430236359437
437.5,30.000000019821186,1.7134302209223402,1.7134302670396935
437.75,29.999999988658754,1.713430220949596,1.713430192290635
438.0,29.999999986398837,1.7134302209521373,1.7134301869123645
438.25,29.999999998692743,1.7134302209422239,1.7134302164654298
438.5,29.999999995696097,1.713430220945355,1.713430209318005
438.75,29.99999998105563,1.7134302209584145,1.7134301742228808
439.0,30.000000008121052,1.7134302209358216,1.7134302392288239
439.25,30.000000018794868,1.713430220927215,1.7134302648914979
439.5,30.000000002430884,1.7134302209416898,1.7134302256581329
439.75,30.00000000395486,1.713430220940863,1.7134302293585244
440.0,30.000000019587656,1.7134302209279628,1.7134302669220556
440.25,29.999999997213504,1.7134302209475167,1.7134302132615926
440.5,29.999999978722133,1.7134302209637358,1.713430168919938
440.75,29.99999999846708,1.713430220947269,1.713430216351674
441.0,29.99999999791424,1.7134302209481265,1.7134302150645304
441.25,29.999999981995323,1.713430220962095,1.7134301768954612
441.5,29.99999999919082,1.7134302209477543,1.713430218206286
441.75,30.00000002434529,1.713430220926597,1.7134302786194266
442.0,30.000000002009937,1.713430220945998,1.713430225047932
442.25,30.000000001974033,1.7134302209463304,1.7134302249984492
442.5,30.00000001739853,1.7134302209334378,1.713430262056048
442.75,30.000000005504553,1.7134302209438699,1.7134302335438085
443.0,29.99999997501086,1.7134302209701782,1.7134301603882909
443.25,29.99999999883214,1.7134302209500656,1.7134302175977207
443.5,29.999999999001385,1.7134302209501462,1.7134302180374092
443.75,29.999999984626367,1.7134302209626389,1.7134301835676045
444.0,29.99999999120544,1.7134302209572148,1.7134301993906764
444.25,30.00000002544201,1.7134302209281465,1.7134302815959965
444.5,30.00000000125372,1.7134302209489816,1.713430223570633
444.75,30.000000001148763,1.713430220949227,1.7134302233488623
445.0,30.000000013928304,1.7134302209384513,1.713430254051509
445.25,30.000000012362268,1.7134302209399195,1.713430250321554
445.5,29.999999975923316,1.71343022097117,1.713430162889734
445.75,29.999999999102798,1.7134302209514716,1.7134302185520736
446.0,29.999999999088207,1.713430220951578,1.7134302185438604
446.25,29.999999988206806,1.713430220960957,1.7134301924527093
446.5,29.999999985141994,1.7134302209636476,1.7134301851221132
446.75,30.0000000221665,1.7134302209320753,1.713430274012339
447.0,30.000000002455693,1.7134302209489647,1.7134302267270405
447.25,30.0000000012034,1.7134302209500738,1.7134302237448178
447.5,30.000000009954142,1.7134302209426262,1.7134302447710084
447.75,30.00000001703269,1.713430220936598,1.7134302617829726
448.0,29.999999980826946,1.7134302209675414,1.71343017490429
448.25,29.999999994210047,1.7134302209561074,1.7134302070470422
448.5,29.999999998581565,1.7134302209523637,1.7134302175597464
448.75,29.99999999196218,1.7134302209580021,1.713430201691707
449.0,29.999999981529538,1.7134302209668897,1.7134301766705355
449.25,30.000000015559877,1.713430220937781,1.7134302583678083
449.5,30.000000010076548,1.7134302209424241,1.713430245224638
449.75,30.000000001631467,1.7134302209495904,1.713430224972132
450.0,30.00000000621244,1.7134302209456198,1.7134302359838751
450.25,30.00000001920096,1.7134302209344594,1.7134302671746504
450.5,29.99999998840816,1.7134302209606984,1.71343019328187
450.75,29.999999985328593,1.7134302209632521,1.7134301859051864
451.0,29.999999998043933,1.713430220952305,1.7134302164385118
451.25,29.999999995216644,1.7134302209546308,1.713430209666214
451.5,29.99999998045174,1.7134302209671504,1.7134301742409324
451.75,30.000000007097526,1.7134302209442838,1.7134302382081157
452.0,30.000000018583524,1.7134302209343641,1.7134302657886002
452.25,30.00000000186422,1.7134302209485375,1.7134302256708052
452.5,30.000000003283024,1.713430220947209,1.7134302290871768
452.75,30.000000018988032,1.7134302209336698,1.7134302667924377
453.0,29.9999999971144,1.7134302209522323,1.7134302143017694
453.25,29.999999977925164,1.7134302209684977,1.713430168253636
453.5,29.999999997976172,1.7134302209512333,1.713430216388583
453.75,29.99999999751021,1.7134302209514942,1.7134302152786665
454.0,29.999999981618902,1.7134302209649306,1.7134301771446934
454.25,29.99999999831031,1.7134302209505254,1.713430217214562
454.5,30.000000024061446,1.7134302209283767,1.7134302790289295
454.75,30.00000000154185,1.713430220947467,1.7134302249845264
455.0,30.00000000148673,1.7134302209473609,1.7134302248584083
455.25,30.00000001684183,1.7134302209340864,1.7134302617191461
455.5,30.00000000548277,1.7134302209436336,1.7134302344607215
455.75,29.999999974568127,1.7134302209698862,1.7134301602650026
456.0,29.99999999848547,1.7134302209492893,1.713430217675392
456.25,29.999999998665906,1.713430220948971,1.7134302181125807
456.5,29.99999998443453,1.7134302209609642,1.7134301839584836
456.75,29.999999990518486,1.7134302209555987,1.7134301985644005
457.0,30.00000002505671,1.7134302209259211,1.7134302814652638
457.25,30.00000000091108,1.7134302209463808,1.713430223514091
457.5,30.00000000083177,1.7134302209462777,1.7134302233260104
457.75,30.000000013446883,1.7134302209353276,1.7134302536064716
458.0,30.000000012366634,1.7134302209360779,1.7134302510152797
458.25,29.999999975810464,1.7134302209671375,1.7134301632752542
458.5,29.9999999988209,1.7134302209473042,1.7134302185053627
458.75,29.999999998824975,1.7134302209471268,1.7134302185158146
459.0,29.999999988154734,1.713430220956069,1.713430192905708
459.25,29.999999984677977,1.7134302209588652,1.7134301845609636
459.5,30.0000000216938,1.7134302209270653,1.713430273405338
459.75,30.000000002506315,1.7134302209432848,1.7134302273514805
460.0,30.000000001023096,1.7134302209443781,1.7134302237907553
460.25,30.00000000957114,1.7134302209369017,1.713430244306595
460.5,30.00000001701451,1.7134302209303698,1.7134302621707767
460.75,29.99999998098181,1.7134302209609835,1.713430175684404
461.0,29.999999993655862,1.7134302209499832,1.713430206102697
461.25,29.999999998401183,1.7134302209457581,1.7134302174903966
461.5,29.99999999199437,1.7134302209510621,1.7134302021107695
461.75,29.99999998128332,1.7134302209600447,1.7134301764000253
462.0,30.000000015054642,1.7134302209310233,1.7134302574546825
462.25,30.000000010403525,1.7134302209348307,1.7134302462884436
462.5,30.00000000154446,1.7134302209422343,1.713430225022207
462.75,30.000000005946827,1.713430220938309,1.7134302355855942
463.0,30.000000019153248,1.7134302209268628,1.7134302672800947
463.25,29.99999998873701,1.7134302209526886,1.7134301942722876
463.5,29.99999998482315,1.7134302209558732,1.713430184874773
463.75,29.999999997957616,1.7134302209444934,1.713430216396141
464.0,29.99999999529222,1.7134302209466141,1.71343020999487
464.25,29.999999980407193,1.713430220959177,1.7134301742641793
464.5,30.00000000661633,1.713430220936631,1.7134302371666597
464.75,30.000000018896817,1.713430220925988,1.7134302666378016
465.0,30.000000001827345,1.7134302209404226,1.7134302256637062
465.25,30.00000000313928,1.7134302209391545,1.7134302288081518
465.5,30.00000001889921,1.713430220925544,1.7134302666302543
465.75,29.99999999752248,1.7134302209436643,1.713430215317664
466.0,29.999999977649452,1.7134302209605021,1.7134301676141563
466.25,29.999999997984265,1.7134302209429895,1.7134302164165265
466.5,29.999999997593008,1.7134302209431869,1.7134302154725745
466.75,29.99999998172964,1.713430220956605,1.7134301773927303
467.0,29.999999997910127,1.7134302209426475,1.7134302162237778
467.25,30.00000002423201,1.713430220920028,1.7134302793959142
467.5,30.000000001533163,1.7134302209392938,1.7134302249095308
467.75,30.000000001454925,1.7134302209392345,1.7134302247165794
468.0,30.000000016732233,1.7134302209260586,1.7134302613796406
468.25,30.000000005897594,1.713430220935195,1.713430235369346
468.5,29.999999974555635,1.7134302209618542,1.713430160137793
468.75,29.99999999855928,1.7134302209412287,1.7134302177454885
469.0,29.99999999874057,1.7134302209409593,1.713430218175287
469.25,29.999999984652934,1.7134302209528838,1.7134301843571158
469.5,29.999999990236006,1.7134302209480048,1.7134301977521258
469.75,30.00000002504255,1.7134302209181598,1.7134302812886448
470.0,30.000000000950315,1.713430220938638,1.7134302234576098
470.25,30.00000000088811,1.7134302209385885,1.7134302233029168
470.5,30.00000001332805,1.7134302209278596,1.7134302531556063
470.75,30.00000001271577,1.7134302209282846,1.7134302516806332
471.0,29.99999997605439,1.7134302209595116,1.7134301636814282
471.25,29.999999998849955,1.7134302209399424,1.7134302183894734
471.5,29.9999999988905,1.713430220939817,1.713430218481449
471.75,29.999999988423436,1.7134302209486707,1.71343019335329
472.0,29.999999984534284,1.7134302209519063,1.7134301840133142
472.25,30.000000021519597,1.7134302209202221,1.7134302727793371
472.5,30.00000000287191,1.7134302209360734,1.7134302280163338
472.75,30.000000001133163,1.7134302209374797,1.713430223837801
473.0,30.00000000947219,1.7134302209302776,1.713430243847741
473.25,30.000000017270086,1.71343022092354,1.7134302625589162
473.5,29.99999998140521,1.7134302209541092,1.7134301764716953
473.75,29.999999993344474,1.7134302209438386,1.7134302051229755
474.0,29.999999998470102,1.7134302209393912,1.7134302174203575
474.25,29.999999992269416,1.713430220944623,1.713430202532616
474.5,29.99999998127936,1.7134302209539487,1.7134301761495803
474.75,30.00000001476868,1.713430220925274,1.713430256525001
475.0,30.000000010948295,1.7134302209284789,1.7134302473505465
475.25,30.00000000166806,1.7134302209363503,1.7134302250715383
475.5,30.000000005886925,1.7134302209326906,1.7134302351928197
475.75,30.00000001929428,1.713430220921182,1.7134302673681672
476.0,29.999999989258274,1.7134302209467926,1.7134301952717685
476.25,29.99999998450673,1.7134302209508032,1.713430183862649
476.5,29.999999998047713,1.713430220939187,1.713430216358915
476.75,29.99999999553358,1.7134302209412897,1.7134302103201045
477.0,29.999999980528084,1.7134302209540668,1.7134301742998712
477.25,30.000000006287085,1.7134302209320176,1.71343023612173
477.5,30.000000019354154,1.7134302209208137,1.713430267480766
477.75,30.00000000193062,1.7134302209356622,1.7134302256569989
478.0,30.000000003132545,1.7134302209345995,1.713430228537715
478.25,30.00000001893773,1.7134302209210615,1.713430266468932
478.5,29.999999998057255,1.7134302209388688,1.7134302163481168
478.75,29.999999977490585,1.71343022095641,1.713430166980532
479.0,29.999999998103878,1.7134302209387695,1.7134302164522512
479.25,29.99999999777804,1.7134302209390206,1.713430215666411
479.5,29.999999981943706,1.7134302209525238,1.7134301776574983
479.75,29.99999999760102,1.7134302209391228,1.7134302152342213
480.0,30.000000024478997,1.7134302209161363,1.713430279742582
480.25,30.000000001604384,1.7134302209356587,1.7134302248359536
480.5,30.00000000150112,1.7134302209357275,1.7134302245846929
480.75,30.00000001668573,1.7134302209227363,1.7134302610271193
481.0,30.000000006371614,1.713430220931533,1.7134302362681433
481.25,29.999999974621296,1.713430220958645,1.7134301600585353
481.5,29.999999998687905,1.7134302209380685,1.7134302178195504
481.75,29.999999998863018,1.7134302209379064,1.7134302182368149
482.0,29.9999999849182,1.7134302209498093,1.7134301847638018
482.25,29.999999989999466,1.7134302209454575,1.7134301969568293
482.5,30.00000002505481,1.7134302209154981,1.7134302810930506
482.75,30.00000000102391,1.7134302209360226,1.7134302234118717
483.0,30.00000000097413,1.7134302209360588,1.7134302232897056
483.25,30.000000013231592,1.7134302209255812,1.7134302527071759
483.5,30.000000013080978,1.7134302209257057,1.7134302523431262
483.75,29.99999997632282,1.7134302209571084,1.7134301641145384
484.0,29.99999999886179,1.7134302209378498,1.7134302182096695
484.25,29.999999998962366,1.713430220937763,1.713430218448746
484.5,29.999999988697727,1.713430220946533,1.7134301938095269
484.75,29.999999984395195,1.7134302209502095,1.7134301834804786
485.0,30.000000021333044,1.7134302209186518,1.713430272135749
485.25,30.00000000325037,1.7134302209341052,1.713430228732075
485.5,30.000000001234902,1.7134302209358312,1.713430223892597
485.75,30.000000009361344,1.713430220928893,1.7134302433955797
486.0,30.000000017507887,1.7134302209219388,1.713430262946869
486.25,29.999999981816156,1.71343022095244,1.7134301772785712
486.5,29.999999993000227,1.7134302209428913,1.7134302041206129
486.75,29.999999998515168,1.7134302209381873,1.7134302173557876
487.0,29.99999999251897,1.713430220943319,1.7134302029622517
487.25,29.999999981257957,1.7134302209529495,1.713430175932273
487.5,30.00000001444432,1.7134302209246057,1.71343025558396
487.75,30.00000001145271,1.7134302209271723,1.7134302484021542
488.0,30.000000001754703,1.7134302209354693,1.7134302251238658
488.25,30.00000000579204,1.7134302209320316,1.7134302348128907
488.5,30.000000019390708,1.7134302209204253,1.713430267450884
488.75,29.999999989738374,1.7134302209457721,1.7134301962788279
489.0,29.99999998414911,1.713430220950561,1.713430182862476
489.25,29.99999999809283,1.7134302209386616,1.7134302163288158
489.5,29.999999995724583,1.7134302209406993,1.7134302106435921
489.75,29.999999980601977,1.7134302209536345,1.7134301743456977
490.0,30.00000000590574,1.713430220932031,1.7134302350783286
490.25,30.00000001975565,1.7134302209202132,1.7134302683197098
490.5,30.000000001978446,1.7134302209354173,1.713430225650457
490.75,30.0000000030728,1.7134302209344987,1.7134302282763356
491.0,30.00000001891065,1.7134302209209837,1.7134302662892933
491.25,29.999999998532452,1.7134302209384116,1.7134302173773108
491.5,29.99999997729138,1.7134302209565766,1.7134301663943468
491.75,29.999999998165443,1.7134302209387595,1.7134302164952504
492.0,29.999999997899337,1.7134302209390044,1.7134302158560273
492.25,29.999999982097222,1.713430220952523,1.7134301779276673
492.5,29.99999999723211,1.71343022093961,1.7134302142536546
492.75,30.00000002465685,1.7134302209161967,1.7134302800775132
493.0,30.000000001611504,1.7134302209359047,1.7134302247642301
493.25,30.00000000148609,1.7134302209360304,1.713430224462899
493.5,30.000000016572304,1.7134302209231598,1.7134302606722285
493.75,30.00000000677822,1.713430220931547,1.713430237164472
494.0,29.999999974631592,1.7134302209590315,1.713430160006655
494.25,29.999999998750482,1.713430220938443,1.7134302178961036
494.5,29.999999998917257,1.7134302209383194,1.7134302182962655
494.75,29.999999985120674,1.713430220950126,1.713430185181919
495.0,29.999999989703596,1.7134302209462289,1.713430196181702
495.25,30.000000024987738,1.7134302209161016,1.7134302808698911
495.5,30.00000000103366,1.7134302209365868,1.713430223375827
495.75,30.000000000995605,1.7134302209366383,1.7134302232845202
496.0,30.000000013070448,1.7134302209263406,1.7134302522663414
496.25,30.00000001337547,1.7134302209260983,1.7134302529985175
496.5,29.999999976529715,1.7134302209575971,1.7134301645622605
496.75,29.999999998780098,1.713430220938606,1.7134302179672922
497.0,29.99999999896693,1.713430220938465,1.7134302184158916
497.25,29.999999988906396,1.7134302209470795,1.7134301942690107
497.5,29.999999984200674,1.7134302209511192,1.7134301829746645
497.75,30.000000021074136,1.7134302209196342,1.7134302714777703
498.0,30.000000003574293,1.7134302209346037,1.7134302294752928
498.25,30.000000001271996,1.713430220936589,1.7134302239496515
498.5,30.000000009187247,1.7134302209298444,1.7134302429479693
498.75,30.000000017666935,1.7134302209226178,1.7134302633010483
499.0,29.999999982169307,1.7134302209529642,1.7134301781007608
499.25,29.99999999259781,1.713430220944072,1.7134302031313915
499.5,29.99999999849816,1.7134302209390482,1.7134302172936626
499.75,29.99999999269975,1.7134302209440198,1.7134302033768376
500.0,29.99999998117298,1.7134302209538854,1.713430175710968
500.25,30.000000014063247,1.7134302209258017,1.71343025465389
500.5,30.00000001190416,1.713430220927663,1.7134302494721307
500.75,30.00000000178147,1.7134302209363281,1.7134302251763178
501.0,30.000000005640214,1.7134302209330476,1.7134302344384522
501.25,30.000000019420757,1.7134302209212897,1.7134302675146789
501.5,29.99999999016075,1.7134302209463046,1.7134301972859478
501.75,29.999999983748612,1.7134302209517989,1.7134301818961808
502.0,29.99999999808434,1.7134302209395664,1.713430216304983
502.25,29.999999995857237,1.7134302209414844,1.7134302109600532
502.5,29.999999980633582,1.7134302209545063,1.7134301744211045
502.75,30.000000005478363,1.7134302209332941,1.7134302340535457
503.0,30.00000002008076,1.7134302209208327,1.7134302691024241
503.25,30.00000000197339,1.713430220936318,1.7134302256420664
503.5,30.000000002967674,1.7134302209354824,1.7134302280290779
503.75,30.00000001883535,1.7134302209219388,1.7134302661148642
504.0,29.999999998952884,1.7134302209389385,1.7134302183939532
504.25,29.999999977049,1.7134302209576662,1.713430165821307
504.5,29.9999999981809,1.7134302209396253,1.7134302165422006
504.75,29.9999999979711,1.7134302209398173,1.713430216039219
505.0,29.999999982208138,1.7134302209532974,1.7134301782058912
505.25,29.999999996822414,1.7134302209408234,1.713430213283328
505.5,30.000000024779656,1.7134302209169494,1.7134302803862596
505.75,30.000000001574904,1.7134302209367873,1.7134302246913131
506.0,30.00000000143167,1.7134302209369212,1.7134302243481112
506.25,30.000000016412024,1.7134302209241337,1.7134302603042109
506.5,30.0000000071372,1.7134302209320693,1.7134302380435618
506.75,29.99999997461938,1.7134302209598629,1.7134301599956057
507.0,29.99999999877387,1.7134302209392362,1.713430217971261
507.25,29.999999998931386,1.7134302209391121,1.7134302183499095
507.5,29.99999998528385,1.7134302209507828,1.713430185593985
507.75,29.99999998937013,1.7134302209473027,1.7134301954023756
508.0,30.00000002488333,1.713430220916971,1.7134302806409496
508.25,30.0000000010124,1.7134302209373744,1.7134302233470502
508.5,30.00000000098597,1.713430220937406,1.7134302232841883
508.75,30.000000012873222,1.7134302209272587,1.713430251816275
509.0,30.000000013637216,1.7134302209266146,1.7134302536505532
509.25,29.99999997671796,1.7134302209581662,1.7134301650383266
509.5,29.999999998641172,1.7134302209394434,1.713430217658513
509.75,29.999999998941327,1.7134302209391947,1.7134302183794956
510.0,29.99999998908897,1.7134302209476202,1.7134301947326367
510.25,29.999999983982057,1.7134302209519912,1.7134301824756855
510.5,30.000000020779527,1.7134302209205596,1.7134302707966869
510.75,30.00000000389108,1.7134302209349954,1.7134302302619668
511.0,30.000000001285503,1.713430220937228,1.7134302240086496
511.25,30.000000008988952,1.713430220930653,1.713430242498827
511.5,30.000000017798676,1.7134302209231322,1.713430263644257
511.75,29.999999982507937,1.7134302209532901,1.7134301789407287
512.0,29.999999992166128,1.713430220945044,1.7134302021226058
512.25,29.999999998461192,1.713430220939671,1.7134302172323874
512.5,29.999999992862406,1.7134302209444598,1.7134302037948068
512.75,29.999999981082194,1.71343022095453,1.7134301755207133
513.0,30.000000013655775,1.7134302209267047,1.7134302537036055
513.25,30.000000012331025,1.7134302209278411,1.7134302505244376
513.5,30.000000001790927,1.7134302209368508,1.7134302252267968
513.75,30.000000005475318,1.7134302209337073,1.7134302340704526
514.0,30.000000019434864,1.7134302209217855,1.713430267576323
514.25,29.999999990573944,1.7134302209464487,1.713430198305464
514.5,29.999999983328205,1.7134302209526426,1.7134301809148371
514.75,29.999999998063092,1.7134302209400565,1.7134302162816055
515.0,29.99999999597608,1.7134302209418428,1.7134302112728326
515.25,29.99999998065014,1.7134302209549406,1.713430174488288
515.5,30.00000000503114,1.7134302209341135,1.7134302330074456
515.75,30.000000020405007,1.713430220920981,1.7134302699078627
516.0,30.000000001956476,1.7134302209367454,1.7134302256284974
516.25,30.000000002853188,1.7134302209359817,1.7134302277811548
516.5,30.000000018738206,1.7134302209224124,1.713430265908408
516.75,29.99999999936525,1.7134302209389674,1.7134302194102609
517.0,29.999999976820593,1.713430220958231,1.71343016529944
517.25,29.99999999819096,1.7134302209399739,1.7134302165924753
517.5,29.999999998033395,1.71343022094011,1.713430216214634
517.75,29.99999998231983,1.7134302209535366,1.7134301784996266
518.0,29.999999996414832,1.713430220941495,1.7134302123304537
518.25,30.000000024879387,1.7134302209171766,1.713430280650774
518.5,30.000000001533714,1.713430220937124,1.713430224617325
518.75,30.00000000137668,1.713430220937259,1.7134302242407256
519.0,30.000000016252457,1.7134302209245498,1.713430259945528
519.25,30.00000000749249,1.7134302209320345,1.7134302389203295
519.5,29.999999974605423,1.7134302209601329,1.7134301599858084
519.75,29.99999999879443,1.7134302209394667,1.713430218044002
520.0,29.999999998941732,1.713430220939341,1.7134302183978214
520.25,29.999999985451012,1.7134302209508676,1.7134301860179548
520.5,29.99999998904614,1.713430220947797,1.7134301946471548
520.75,30.000000024762755,1.7134302209172816,1.7134302803736197
521.0,30.00000000099441,1.713430220937588,1.7134302233256191
521.25,30.000000000978297,1.7134302209376013,1.713430223287165
521.5,30.000000012676175,1.7134302209276064,1.7134302513643829
521.75,30.000000013886247,1.7134302209265713,1.7134302542690019
522.0,29.999999976918385,1.7134302209581551,1.7134301655397857
522.25,29.999999998482068,1.7134302209397312,1.7134302172966411
522.5,29.999999998916795,1.7134302209393588,1.7134302183402557
522.75,29.99999998927035,1.7134302209475998,1.7134301951872548
523.0,29.999999983772064,1.7134302209522962,1.7134301819905515
523.25,30.000000020484254,1.713430220920929,1.7134302701065018
523.5,30.000000004224574,1.7134302209348198,1.7134302310805531
523.75,30.000000001303103,1.7134302209373147,1.7134302240686556
524.0,30.00000000879615,1.7134302209309116,1.7134302420534524
524.25,30.00000001793153,1.7134302209231058,1.713430263980154
524.5,29.9999999828557,1.7134302209530732,1.713430179792071
524.75,29.999999991729297,1.71343022094549,1.7134302010904034
525.0,29.999999998428528,1.7134302209397647,1.7134302171698708
525.25,29.999999993028293,1.7134302209443768,1.713430204208472
525.5,29.999999980997654,1.7134302209546537,1.7134301753328918
525.75,30.000000013249068,1.7134302209270966,1.7134302527421041
526.0,30.000000012768684,1.7134302209275056,1.7134302515892108
526.25,30.00000000180511,1.713430220936871,1.7134302252747813
526.5,30.000000005316735,1.7134302209338692,1.7134302337034029
526.75,30.000000019445945,1.7134302209217953,1.7134302676160937
527.0,29.999999990995875,1.7134302209461,1.713430199330927
527.25,29.9999999829249,1.7134302209529941,1.7134301799592349
527.5,29.999999998050072,1.7134302209400698,1.7134302162624102
527.75,29.999999996099145,1.7134302209417347,1.7134302115799014
528.0,29.999999980684464,1.713430220954903,1.713430174581991
528.25,30.000000004592003,1.7134302209344756,1.7134302319643833
528.5,30.000000020717774,1.713430220920696,1.713430270669145
528.75,30.000000001945388,1.7134302209367325,1.7134302256121332
529.0,30.00000000274965,1.7134302209360432,1.7134302275425475
529.25,30.000000018653385,1.713430220922453,1.7134302657143723
529.5,29.99999999978876,1.713430220938568,1.713430220435943
529.75,29.99999997659226,1.7134302209583845,1.7134301647602441
530.0,29.99999999820982,1.7134302209399133,1.713430216646254
530.25,29.999999998101547,1.7134302209400036,1.7134302163864001
530.5,29.999999982445093,1.7134302209533783,1.7134301788081527
530.75,29.99999999601232,1.7134302209417853,1.7134302113719395
531.0,30.000000024975137,1.713430220917038,1.713430280887855
531.25,30.00000000149888,1.7134302209370933,1.713430224540666
531.5,30.000000001331077,1.7134302209372345,1.713430224137906
531.75,30.000000016091935,1.7134302209246206,1.7134302595665836
532.0,30.00000000784881,1.7134302209316605,1.713430239781606
532.25,29.999999974618124,1.7134302209600498,1.7134301600220376
532.5,29.999999998821362,1.7134302209393693,1.7134302181141081
532.75,29.999999998957005,1.7134302209392513,1.7134302184396564
533.0,29.999999985624147,1.7134302209506407,1.713430186438404
533.25,29.999999988728423,1.7134302209479868,1.7134301938891898
533.5,30.000000024644706,1.7134302209172987,1.7134302800946268
533.75,30.000000000987264,1.713430220937509,1.7134302233125396
534.0,30.000000000979757,1.7134302209375134,1.7134302232944905
534.25,30.000000012483902,1.7134302209276822,1.7134302509064603
534.5,30.0000000141417,1.7134302209262628,1.7134302548854463
534.75,29.999999977135275,1.7134302209578778,1.713430166063413
535.0,29.999999998304475,1.71343022093979,1.7134302168732116
535.25,29.99999999889801,1.7134302209392809,1.7134302182977534
535.5,29.99999998946108,1.7134302209473415,1.713430195647405
535.75,29.999999983575997,1.7134302209523666,1.7134301815220911
536.0,30.000000020185613,1.7134302209210852,1.7134302693916164
536.25,30.000000004576812,1.71343022093442,1.7134302319276813
536.5,30.000000001327695,1.7134302209371943,1.7134302241291781
536.75,30.000000008610836,1.7134302209309697,1.7134302416099558
537.0,30.00000001806304,1.7134302209228913,1.7134302642968742
537.25,29.9999999832149,1.7134302209526622,1.7134301806550876
537.5,29.999999991297585,1.7134302209457553,1.7134302000549126
537.75,29.999999998402775,1.7134302209396832,1.713430217108574
538.0,29.999999993198287,1.7134302209441281,1.7134302046168168
538.25,29.999999980927768,1.7134302209546102,1.7134301751653391
538.5,30.000000012846897,1.7134302209273375,1.7134302517768643
538.75,30.000000013204986,1.71343022092703,1.7134302526362755
539.0,30.00000000182409,1.713430220936752,1.7134302253200457
539.25,30.000000005167713,1.7134302209338936,1.713430233345272
539.5,30.000000019457957,1.7134302209216834,1.7134302676443462
539.75,29.999999991421145,1.7134302209456367,1.7134302003509572
540.0,29.999999982535503,1.7134302209532266,1.7134301790237632
540.25,29.99999999804387,1.713430220939975,1.7134302162465311
540.5,29.999999996223814,1.7134302209415286,1.7134302118780127
540.75,29.99999998072881,1.713430220954766,1.7134301746872032
541.0,30.000000004162874,1.7134302209347434,1.7134302309330767
541.25,30.000000021022235,1.7134302209203376,1.7134302713984737
541.5,30.000000001937355,1.7134302209366419,1.713430225591297
541.75,30.000000002654392,1.713430220936028,1.7134302273122477
542.0,30.000000018564933,1.7134302209224328,1.7134302655002969
542.25,30.00000000020752,1.7134302209381154,1.7134302214391626
542.5,29.999999976390292,1.713430220958463,1.7134301642735068
542.75,29.999999998233807,1.7134302209397996,1.7134302167017772
543.0,29.999999998169717,1.713430220939853,1.7134302165478736
543.25,29.99999998257235,1.7134302209531775,1.7134301791113524
543.5,29.999999995619696,1.7134302209420278,1.71343021042722
543.75,30.000000025069077,1.7134302209168655,1.7134302811109101
544.0,30.000000001467868,1.7134302209370296,1.713430224463746
544.25,30.00000000129226,1.7134302209371788,1.7134302240421981
544.5,30.000000015936312,1.7134302209246663,1.713430259190461
544.75,30.000000008204402,1.7134302209312726,1.713430240632465
545.0,29.999999974640215,1.7134302209599486,1.7134301600723874
545.25,29.999999998850278,1.7134302209392624,1.7134302181807637
545.5,29.999999998973493,1.7134302209391563,1.713430218476438
545.75,29.999999985806067,1.7134302209504053,1.7134301868722053
546.0,29.99999998843029,1.7134302209481618,1.7134301931707303
546.25,30.000000024511028,1.7134302209173338,1.713430279770844
546.5,30.000000000986628,1.7134302209374324,1.713430223308053
546.75,30.000000000985658,1.7134302209374326,1.7134302233056675
547.0,30.000000012299534,1.7134302209277652,1.7134302504609156
547.25,30.00000001439244,1.7134302209259757,1.7134302554841863
547.5,29.999999977356925,1.713430220957617,1.7134301665922964
547.75,29.999999998108173,1.7134302209398875,1.7134302163989328
548.0,29.999999998880647,1.713430220939227,1.7134302182529506
548.25,29.99999998965263,1.7134302209471106,1.713430196104006
548.5,29.99999998338909,1.7134302209524612,1.7134301810703358
548.75,30.00000001988379,1.71343022092128,1.7134302686640523
549.0,30.000000004941214,1.7134302209340464,1.713430232799158
549.25,30.000000001354582,1.7134302209371104,1.7134302241905517
549.5,30.00000000842948,1.713430220931065,1.7134302411715152
549.75,30.00000001819156,1.7134302209227226,1.713430264602171
550.0,29.99999998357972,1.7134302209522922,1.7134301815275328
550.25,29.99999999086261,1.7134302209460706,1.7134301990077165
550.5,29.99999999837888,1.7134302209396486,1.7134302170480489
550.75,29.999999993368586,1.713430220943929,1.7134302050224066
551.0,29.999999980865322,1.7134302209546102,1.7134301750122687
551.25,30.000000012441177,1.713430220927631,1.7134302507998416
551.5,30.000000013641674,1.7134302209266057,1.713430253681218
551.75,30.000000001843567,1.7134302209366858,1.7134302253636227
552.0,30.000000005021565,1.7134302209339705,1.7134302329913436
552.25,30.00000001946803,1.7134302209216283,1.7134302676653888
552.5,29.999999991852732,1.7134302209452235,1.713430201383732
552.75,29.99999998214631,1.713430220953516,1.7134301780865482
553.0,29.99999999803964,1.7134302209399366,1.7134302162333215
553.25,29.999999996348034,1.7134302209413816,1.7134302121731249
553.5,29.999999980776796,1.7134302209546852,1.7134301747993552
553.75,30.000000003728253,1.7134302209350756,1.7134302298868944
554.0,30.00000002132627,1.7134302209200403,1.7134302721252288
554.25,30.000000001928257,1.7134302209366135,1.7134302255665146
554.5,30.000000002560917,1.713430220936073,1.713430227084971
554.75,30.000000018470796,1.7134302209224792,1.713430265271462
555.0,30.000000000630465,1.7134302209377203,1.7134302224514302
555.25,29.999999976197937,1.7134302209585952,1.7134301638089802
555.5,29.999999998259728,1.7134302209397467,1.7134302167611857
555.75,29.999999998236266,1.7134302209397667,1.7134302167048454
556.0,29.999999982706086,1.7134302209530352,1.7134301794296145
556.25,29.999999995226563,1.7134302209423373,1.713430209480937
556.5,30.000000025150683,1.7134302209167707,1.7134302813041111
556.75,30.000000001436213,1.7134302209370322,1.713430224385153
557.0,30.000000001255565,1.7134302209371868,1.713430223951538
557.25,30.000000015775914,1.7134302209247814,1.7134302588029333
557.5,30.00000000856098,1.7134302209309464,1.7134302414857918
557.75,29.999999974673795,1.7134302209598995,1.7134301601504978
558.0,29.999999998878074,1.7134302209392196,1.713430218245046
558.25,29.999999998987654,1.7134302209391263,1.713430218508042
558.5,29.99999998598806,1.7134302209502332,1.7134301873066888
558.75,29.999999988125467,1.7134302209484076,1.7134301924368127
559.0,30.000000024372813,1.7134302209174388,1.71343027943687
559.25,30.00000000099016,1.7134302209374166,1.7134302233143341
559.5,30.00000000099289,1.7134302209374144,1.713430223320874
559.75,30.00000001210659,1.7134302209279195,1.7134302499957224
560.0,30.0000000146356,1.7134302209257597,1.7134302560657984
560.25,29.999999977596435,1.713430220957406,1.7134301671652261
560.5,29.999999997889947,1.7134302209400671,1.71343021587324
560.75,29.999999998861657,1.7134302209392371,1.7134302182055063
561.0,29.999999989843417,1.7134302209469423,1.7134301965601086
561.25,29.99999998320402,1.7134302209526142,1.713430180624323
561.5,30.00000001957387,1.7134302209215397,1.713430267918392
561.75,30.000000005321095,1.713430220933718,1.713430233709213
562.0,30.000000001381416,1.7134302209370844,1.7134302242532804
562.25,30.000000008246076,1.7134302209312195,1.7134302407296766
562.5,30.00000001831286,1.7134302209226184,1.7134302648917392
562.75,29.99999998395305,1.7134302209519747,1.7134301824220803
563.0,29.99999999042215,1.7134302209464483,1.7134301979490665
563.25,29.999999998354305,1.7134302209396715,1.713430216987637
563.5,29.99999999353599,1.7134302209437884,1.7134302054228263
563.75,29.999999980803516,1.713430220954667,1.7134301748626246
564.0,30.00000001203159,1.7134302209279864,1.713430249815566
564.25,30.00000001408043,1.7134302209262362,1.7134302547331342
564.5,30.000000001860705,1.713430220936677,1.713430225403617
564.75,30.000000004874913,1.713430220934102,1.7134302326382467
565.0,30.00000001946244,1.7134302209216388,1.71343026765091
565.25,29.999999992283314,1.7134302209448604,1.7134302024161863
565.5,29.99999998177872,1.7134302209538357,1.7134301772032972
565.75,29.999999998036284,1.7134302209399457,1.7134302162243313
566.0,29.99999999646691,1.7134302209412868,1.7134302124575573
566.25,29.999999980828377,1.7134302209546481,1.7134301749222813
566.5,30.000000003297536,1.7134302209354508,1.7134302288522274
566.75,30.000000021617556,1.713430220919799,1.7134302728235355
567.0,30.00000000191698,1.7134302209366312,1.713430225538668
567.25,30.00000000247002,1.713430220936159,1.7134302268660597
567.5,30.00000001837532,1.71343022092257,1.7134302650416156
567.75,30.00000000105182,1.7134302209373709,1.7134302234621455
568.0,29.99999997600971,1.7134302209587666,1.7134301633566364
568.25,29.999999998285915,1.7134302209397347,1.7134302168234827
568.5,29.999999998299323,1.7134302209397236,1.7134302168556708
568.75,29.999999982841697,1.7134302209529308,1.7134301797546225
569.0,29.999999994833857,1.7134302209426857,1.7134302085379565
569.25,30.000000025221937,1.7134302209167231,1.7134302814747477
569.5,30.000000001403375,1.7134302209370733,1.7134302243059738
569.75,30.00000000122041,1.7134302209372299,1.7134302238668289
570.0,30.000000015610272,1.713430220924936,1.7134302584050694
570.25,30.000000008910018,1.713430220930661,1.7134302423232843
570.5,29.999999974720712,1.7134302209598722,1.71343016026288
570.75,29.999999998903228,1.7134302209392112,1.7134302183052175
571.0,29.99999999899877,1.7134302209391299,1.71343021853455
571.25,29.999999986171304,1.7134302209500898,1.7134301877463494
571.5,29.9999999878274,1.7134302209486754,1.71343019172128
571.75,30.000000024221553,1.7134302209175813,1.7134302790737208
572.0,30.000000000997275,1.713430220937424,1.7134302233313385
572.25,30.000000001001105,1.7134302209374208,1.7134302233405332
572.5,30.000000011915912,1.7134302209280958,1.7134302495380342
572.75,30.000000014879152,1.7134302209255652,1.713430256650389
573.0,29.999999977837753,1.7134302209572136,1.7134301677444836
573.25,29.999999997646714,1.7134302209402887,1.7134302152894927
573.5,29.999999998840842,1.7134302209392687,1.7134302181556194
573.75,29.999999990037086,1.7134302209467906,1.7134301970250525
574.0,29.999999983028765,1.713430220952779,1.713430180203845
574.25,30.000000019251146,1.713430220921832,1.7134302671440076
574.5,30.000000005706507,1.713430220933404,1.713430234634478
574.75,30.000000001407585,1.713430220937077,1.7134302243163155
575.0,30.000000008064557,1.7134302209313894,1.7134302402942372
575.25,30.000000018429038,1.7134302209225332,1.7134302651708302
575.5,29.999999984328852,1.7134302209516665,1.7134301833243337
575.75,29.999999989976732,1.7134302209468422,1.7134301968802599
576.0,29.999999998329788,1.7134302209397057,1.7134302169290891
576.25,29.9999999937029,1.7134302209436592,1.7134302058237394
576.5,29.99999998075252,1.7134302209547234,1.713430174740534
576.75,30.000000011614986,1.713430220928355,1.713430248815938
577.0,30.000000014510565,1.7134302209258814,1.713430255765852
577.25,30.000000001876884,1.7134302209366756,1.7134302254427787
577.5,30.00000000473175,1.7134302209342367,1.7134302322949764
577.75,30.00000001946274,1.7134302209216516,1.713430267651972
578.0,29.999999992717985,1.7134302209445031,1.7134302034598143
578.25,29.999999981397103,1.7134302209541754,1.7134301762876982
578.5,29.999999998033797,1.713430220939961,1.7134302162187267
578.75,29.99999999658548,1.7134302209411985,1.7134302127425205
579.0,29.999999980888774,1.7134302209546097,1.7134301750676395
579.25,30.000000002862585,1.7134302209358363,1.7134302278086995
579.5,30.00000002189489,1.7134302209195755,1.7134302734896267
579.75,30.000000001903427,1.7134302209366559,1.7134302255065719
580.0,30.000000002381373,1.7134302209362475,1.7134302266537362
580.25,30.000000018272477,1.713430220922671,1.7134302647952306
580.5,30.000000001467175,1.7134302209370305,1.7134302244595327
580.75,29.999999975838332,1.7134302209589274,1.7134301629457644
581.0,29.99999999831273,1.7134302209397254,1.7134302168883293
581.25,29.999999998358707,1.713430220939686,1.7134302169986881
581.5,29.99999998298113,1.7134302209528245,1.7134301800897713
581.75,29.999999994450018,1.7134302209430257,1.713430207617136
582.0,30.000000025276712,1.7134302209166878,1.7134302816066942
582.25,30.00000000137051,1.713430220937113,1.713430224227575
582.5,30.000000001187868,1.7134302209372692,1.713430223789209
582.75,30.000000015444527,1.713430220925089,1.7134302580077483
583.0,30.000000009251135,1.713430220930381,1.7134302431425366
583.25,29.999999974776518,1.713430220959836,1.7134301603973412
583.5,29.999999998925983,1.7134302209392027,1.7134302183603451
583.75,29.999999999007354,1.7134302209391332,1.71343021855566
584.0,29.999999986353117,1.7134302209499446,1.7134301881832457
584.25,29.99999998753621,1.7134302209489336,1.713430191022871
584.5,30.000000024063368,1.7134302209177255,1.7134302786945437
584.75,30.000000001010992,1.713430220937421,1.7134302233647598
585.0,30.000000001010353,1.7134302209374217,1.7134302233632324
585.25,30.000000011723905,1.7134302209282681,1.713430249077673
585.5,30.000000015108455,1.7134302209253758,1.713430257201197
585.75,29.999999978089093,1.7134302209570038,1.7134301683481468
586.0,29.999999997390077,1.7134302209405141,1.7134302146739457
586.25,29.999999998819213,1.713430220939293,1.7134302181041354
586.5,29.999999990224165,1.7134302209466366,1.7134301974744994
586.75,29.999999982856107,1.713430220952931,1.7134301797898401
587.0,30.00000001893073,1.713430220922109,1.713430266375353
587.25,30.00000000610087,1.713430220933071,1.713430235581415
587.5,30.000000001433452,1.7134302209370589,1.7134302243787856
587.75,30.00000000788376,1.7134302209315477,1.7134302398606767
588.0,30.000000018532255,1.7134302209224495,1.7134302654189542
588.25,29.999999984707564,1.713430220951348,1.7134301842336814
588.5,29.999999989541454,1.7134302209472183,1.7134301958358864
588.75,29.999999998306034,1.71343022093973,1.7134302168724376
589.0,29.999999993863607,1.7134302209435257,1.7134302062098261
589.25,29.999999980703265,1.71343022095477,1.7134301746226792
589.5,30.00000001120355,1.7134302209287118,1.7134302478287946
589.75,30.000000014936308,1.7134302209255223,1.7134302567880797
590.0,30.000000001891415,1.7134302209366674,1.7134302254780147
590.25,30.00000000459148,1.7134302209343606,1.7134302319586592
590.5,30.00000001945165,1.713430220921665,1.713430267625715
590.75,29.999999993147327,1.7134302209441399,1.7134302044906689
591.0,29.999999981037547,1.713430220954486,1.7134301754250454
591.25,29.99999999803275,1.7134302209399652,1.713430216216556
591.5,29.999999996698453,1.7134302209411052,1.713430213014012
591.75,29.999999980949667,1.713430220954561,1.7134301752141259
592.0,30.000000002435364,1.7134302209362047,1.7134302267836263
592.25,30.00000002216291,1.7134302209193497,1.7134302741332457
592.5,30.00000000188858,1.7134302209366714,1.7134302254712535
592.75,30.000000002296407,1.713430220936323,1.7134302264501156
593.0,30.00000001816632,1.7134302209227639,1.7134302645407296
593.25,30.00000000187595,1.713430220936682,1.7134302254409577
593.5,29.99999997568042,1.713430220959063,1.713430162567027
593.75,29.99999999834022,1.713430220939703,1.7134302169545823
594.0,29.999999998414705,1.7134302209396393,1.7134302171333657
594.25,29.99999998311982,1.7134302209527068,1.713430180422927
594.5,29.999999994071338,1.7134302209433503,1.7134302067085196
594.75,30.00000002532443,1.713430220916648,1.7134302817214955
595.0,30.000000001338044,1.7134302209371417,1.7134302241499177
595.25,30.000000001157993,1.7134302209372954,1.7134302237177637
595.5,30.000000015276424,1.7134302209252328,1.7134302576044986
595.75,30.000000009584216,1.713430220930096,1.7134302439421658
596.0,29.999999974844872,1.7134302209597767,1.7134301605615512
596.25,29.999999998946613,1.7134302209391845,1.713430218410032
596.5,29.999999999013983,1.713430220939127,1.7134302185717407
596.75,29.999999986534547,1.7134302209497891,1.7134301886188705
597.0,29.999999987251776,1.7134302209491763,1.7134301903403246
597.25,30.00000002389733,1.7134302209178671,1.713430278296161
597.5,30.00000000105013,1.7134302209373873,1.7134302234588359
597.75,30.000000001021334,1.7134302209374117,1.7134302233897276
598.0,30.000000011534063,1.7134302209284298,1.7134302486221453
598.25,30.000000015335452,1.7134302209251813,1.7134302577461444
598.5,29.999999978344896,1.713430220956785,1.7134301689622309
598.75,29.99999999711407,1.7134302209407493,1.7134302140115907
599.0,29.99999999879696,1.7134302209393115,1.7134302180508263
599.25,29.999999990412956,1.7134302209464747,1.7134301979277335
599.5,29.99999998269298,1.7134302209530705,1.7134301793984201
599.75,30.000000018601217,1.7134302209223913,1.7134302655845701
600.0,30.00000000650072,1.7134302209327297,1.713430236541228
600.25,30.000000001459675,1.7134302209370367,1.7134302244418307
600.5,30.00000000770661,1.7134302209316994,1.7134302394355891
600.75,30.000000018635117,1.7134302209223629,1.7134302656659617
601.0,29.999999985088262,1.7134302209510255,1.713430185147565
601.25,29.999999989098924,1.7134302209475984,1.7134301947738622
601.5,29.999999998282885,1.7134302209397516,1.713430216816998
601.75,29.99999999402396,1.7134302209433903,1.7134302065948206
602.0,29.999999980662377,1.7134302209548062,1.713430174524646
602.25,30.000000010788625,1.7134302209290668,1.713430246832995
602.5,30.000000015354175,1.7134302209251662,1.7134302577911324
602.75,30.000000001904656,1.713430220936657,1.7134302255098965
603.0,30.000000004454012,1.713430220934479,1.713430231628808
603.25,30.000000019433763,1.7134302209216796,1.7134302675828592
603.5,29.99999999357608,1.7134302209437708,1.7134302055198065
603.75,29.999999980689196,1.7134302209547814,1.713430174589001
604.0,29.99999999803322,1.7134302209399634,1.7134302162177506
604.25,29.9999999968084,1.7134302209410097,1.7134302132779546
604.5,29.999999981013392,1.7134302209545045,1.7134301753671408
604.75,30.000000002008665,1.7134302209365664,1.7134302257595353
605.0,30.000000022424263,1.7134302209191237,1.7134302747605985
605.25,30.000000001872436,1.7134302209366827,1.7134302254325622
605.5,30.00000000221414,1.7134302209363907,1.7134302262527052
605.75,30.000000018057392,1.7134302209228547,1.713430264279336
606.0,30.000000002284338,1.7134302209363312,1.7134302264212176
606.25,29.999999975530947,1.713430220959189,1.7134301622083246
606.5,29.999999998368995,1.7134302209396763,1.7134302170236901
606.75,29.99999999846854,1.713430220939591,1.713430217262607
607.0,29.999999983265443,1.7134302209525807,1.713430180772471
607.25,29.999999993697696,1.713430220943668,1.7134302058117181
607.5,30.0000000253556,1.7134302209166201,1.7134302817963007
607.75,30.000000001306013,1.7134302209371672,1.7134302240730281
608.0,30.000000001130804,1.713430220937317,1.7134302236524999
608.25,30.000000015109894,1.7134302209253731,1.7134302572048008
608.5,30.00000000991807,1.7134302209298078,1.713430244743522
608.75,29.999999974917245,1.7134302209597114,1.7134301607353148
609.0,29.999999998965055,1.713430220939166,1.7134302184543289
609.25,29.999999999018755,1.7134302209391201,1.7134302185832115
609.5,29.999999986719992,1.7134302209496282,1.7134301890640018
609.75,29.99999998697195,1.7134302209494139,1.7134301896687454
610.0,30.000000023719092,1.7134302209180183,1.7134302778684163
610.25,30.00000000111818,1.7134302209373276,1.7134302236222092
610.5,30.000000001033715,1.7134302209373995,1.713430223419474
610.75,30.00000001134311,1.7134302209285914,1.7134302481638566
611.0,30.00000001555521,1.7134302209249923,1.7134302582736098
611.25,29.999999978609917,1.7134302209565575,1.713430169598328
611.5,29.999999996822297,1.7134302209409973,1.7134302133112933
611.75,29.999999998774168,1.7134302209393297,1.713430217996126
612.0,29.999999990601278,1.7134302209463126,1.7134301983797424
612.25,29.999999982537567,1.7134302209532024,1.7134301790254036
612.5,30.000000018265347,1.7134302209226777,1.7134302647784265
612.75,30.000000006906408,1.7134302209323824,1.7134302375149568
613.0,30.000000001485915,1.7134302209370134,1.7134302245048063
613.25,30.000000007531327,1.7134302209318484,1.7134302390148728
613.5,30.000000018732766,1.7134302209222785,1.7134302659003269
613.75,29.999999985472943,1.7134302209506953,1.713430186070841
614.0,29.999999988654935,1.7134302209479766,1.7134301937081828
614.25,29.999999998260527,1.7134302209397696,1.7134302167633109
614.5,29.999999994183085,1.7134302209432533,1.713430206976731
614.75,29.999999980628765,1.7134302209548342,1.713430174443965
615.0,30.000000010370034,1.7134302209294243,1.713430245828303
615.25,30.00000001576656,1.7134302209248133,1.7134302587809174
615.5,30.000000001917012,1.7134302209366459,1.7134302255395504
615.75,30.000000004319414,1.7134302209345933,1.7134302313057364
616.0,30.00000001941466,1.7134302209216965,1.7134302675370288
616.25,29.99999999400697,1.7134302209434047,1.7134302065540652
616.5,29.999999980341897,1.7134302209550798,1.7134301737554611
616.75,29.999999998035413,1.7134302209399626,1.71343021622304
617.0,29.999999996916866,1.7134302209409182,1.7134302135383297
617.25,29.99999998108575,1.7134302209544445,1.7134301755408494
617.5,30.00000000158227,1.7134302209369336,1.7134302247361384
617.75,30.000000022670473,1.7134302209189163,1.7134302753515733
618.0,30.00000000185484,1.7134302209367003,1.7134302253903562
618.25,30.00000000213479,1.713430220936461,1.7134302260622891
618.5,30.000000017945045,1.7134302209229526,1.713430264009713
618.75,30.000000002690804,1.7134302209359848,1.713430227396807
619.0,29.999999975391642,1.7134302209593086,1.7134301618739662
619.25,29.99999999839862,1.7134302209396521,1.7134302170948161
619.5,29.999999998519726,1.7134302209395487,1.7134302173854914
619.75,29.999999983412167,1.7134302209524568,1.7134301811246682
620.0,29.99999999332475,1.7134302209439887,1.7134302049166332
620.25,30.000000025379734,1.7134302209166017,1.7134302818542932
620.5,30.000000001274184,1.7134302209371963,1.7134302239966928
620.75,30.000000001105732,1.7134302209373402,1.71343022359238
621.0,30.000000014937942,1.7134302209255217,1.7134302567921418
621.25,30.000000010244754,1.7134302209295305,1.7134302455276702
621.5,29.999999975005153,1.713430220959638,1.7134301609463718
621.75,29.99999999898089,1.713430220939154,1.7134302184923862
622.0,29.99999999902157,1.7134302209391192,1.7134302185900252
622.25,29.999999986905422,1.713430220949471,1.7134301895091166
622.5,29.99999998669783,1.7134302209496475,1.7134301890108476
622.75,30.00000002353257,1.7134302209181762,1.7134302774207628
623.0,30.000000001213824,1.7134302209372454,1.713430223851815
623.25,30.00000000104743,1.7134302209373875,1.7134302234524346
623.5,30.000000011151705,1.7134302209287546,1.713430247704495
623.75,30.000000015769103,1.7134302209248098,1.713430258787074
624.0,29.999999978883277,1.7134302209563246,1.7134301702545274
624.25,29.999999996514244,1.7134302209412606,1.713430212571984
624.5,29.9999999987506,1.71343022093935,1.7134302179396332
624.75,29.99999999078906,1.713430220946152,1.713430198830518
625.0,29.999999982386573,1.7134302209533314,1.7134301786630646
625.25,30.000000017922662,1.7134302209229704,1.713430263956017
625.5,30.000000007321674,1.7134302209320271,1.713430238511741
625.75,30.000000001512255,1.7134302209369905,1.7134302245681035
626.0,30.00000000735607,1.7134302209319976,1.7134302385942999
626.25,30.000000018825073,1.7134302209221983,1.7134302661219498
626.5,29.999999985865045,1.7134302209503585,1.7134301870120332
626.75,29.999999988207144,1.7134302209483576,1.7134301926334723
627.0,29.999999998238465,1.713430220939787,1.7134302167104232
627.25,29.99999999434096,1.713430220943117,1.7134302073557157
627.5,29.999999980597522,1.7134302209548586,1.7134301743690108
627.75,30.000000009945342,1.713430220929784,1.7134302448089782
628.0,30.00000001618209,1.7134302209244554,1.7134302597782785
628.25,30.000000001928136,1.7134302209366339,1.7134302255662588
628.5,30.000000004185097,1.7134302209347057,1.7134302309833696
628.75,30.000000019387507,1.713430220921718,1.7134302674718824
629.0,29.999999994443186,1.7134302209430317,1.7134302076011065
629.25,29.99999998000297,1.7134302209553687,1.7134301729419994
629.5,29.999999998039073,1.7134302209399583,1.7134302162318433
629.75,29.999999997023245,1.713430220940826,1.713430213793682
630.0,29.99999998116131,1.7134302209543781,1.7134301757222028
630.25,30.000000001152245,1.713430220937298,1.7134302237039687
630.5,30.000000022912175,1.7134302209187067,1.7134302759316657
630.75,30.00000000183569,1.713430220936714,1.7134302253443683
631.0,30.000000002057345,1.7134302209365246,1.7134302258763747
631.25,30.00000001782845,1.7134302209230499,1.7134302637298318
631.5,30.000000003099828,1.7134302209356336,1.7134302283785086
631.75,29.999999975260675,1.7134302209594188,1.713430161559594
632.0,29.999999998429402,1.713430220939624,1.7134302171686637
632.25,29.999999998568814,1.7134302209395047,1.7134302175032696
632.5,29.999999983564585,1.7134302209523242,1.7134301814904627
632.75,29.999999992953907,1.713430220944303,1.7134302040265315
633.0,30.000000025390328,1.7134302209165901,1.713430281879716
633.25,30.00000000124285,1.7134302209372207,1.7134302239214583
633.5,30.000000001083006,1.7134302209373573,1.713430223537802
633.75,30.00000001476423,1.7134302209256687,1.7134302563751806
634.0,30.00000001056891,1.713430220929254,1.7134302463056823
634.25,29.99999997510241,1.7134302209595562,1.7134301611797684
634.5,29.999999998993896,1.7134302209391432,1.7134302185235795
634.75,29.999999999022634,1.7134302209391186,1.7134302185925554
635.0,29.999999987094675,1.7134302209493093,1.713430189963331
635.25,29.999999986430904,1.713430220949876,1.7134301883701453
635.5,30.000000023332703,1.7134302209183474,1.7134302769410172
635.75,30.00000000133563,1.7134302209371417,1.7134302241441306
636.0,30.000000001062464,1.713430220937375,1.7134302234884873
636.25,30.000000010959997,1.7134302209289185,1.713430247244326
636.5,30.00000001597903,1.7134302209246302,1.7134302592908917
636.75,29.99999997916553,1.7134302209560826,1.7134301709319453
637.0,29.999999996188013,1.713430220941539,1.7134302117889384
637.25,29.999999998725908,1.7134302209393706,1.7134302178803305
637.5,29.9999999909755,1.7134302209459926,1.7134301992779761
637.75,29.999999982233756,1.713430220953462,1.7134301782962473
638.0,30.00000001757476,1.713430220923268,1.7134302631209457
638.25,30.000000007752632,1.7134302209316592,1.7134302395460836
638.5,30.000000001538677,1.7134302209369683,1.7134302246314785
638.75,30.000000007178755,1.7134302209321495,1.7134302381686692
639.0,30.000000018906103,1.7134302209221295,1.7134302663163954
639.25,29.99999998626507,1.713430220950017,1.7134301879721208
639.5,29.999999987766294,1.7134302209487344,1.713430191575323
639.75,29.999999998217568,1.7134302209398051,1.7134302166602347
640.0,29.999999994496168,1.7134302209429846,1.7134302077282084
640.25,29.999999980573566,1.7134302209548797,1.7134301743114821
640.5,30.00000000952004,1.7134302209301482,1.713430243788155
640.75,30.000000016589166,1.7134302209241083,1.7134302607553151
641.0,30.00000000193806,1.7134302209366261,1.7134302255900506
641.25,30.000000004054115,1.7134302209348182,1.7134302306689666
641.5,30.00000001935772,1.7134302209217436,1.7134302674003368
641.75,29.999999994879296,1.7134302209426586,1.7134302086477635
642.0,29.999999979669504,1.7134302209556533,1.7134301721415566
642.25,29.99999999804433,1.713430220939954,1.7134302162444024
642.5,29.999999997127052,1.7134302209407375,1.7134302140427702
642.75,29.999999981242013,1.713430220954309,1.713430175915841
643.0,30.000000000724096,1.7134302209376637,1.713430222676284
643.25,30.00000002314194,1.7134302209185104,1.7134302764830918
643.5,30.000000001814982,1.7134302209367318,1.7134302252946192
643.75,30.000000001982713,1.7134302209365886,1.713430225697196
644.0,30.00000001770533,1.713430220923155,1.7134302634342744
644.25,30.000000003503175,1.7134302209352879,1.7134302293465764
644.5,29.999999975146608,1.713430220959515,1.713430161285775
644.75,29.999999998460616,1.7134302209395964,1.7134302172435396
645.0,29.999999998614825,1.7134302209394647,1.7134302176136615
645.25,29.99999998371586,1.7134302209521939,1.7134301818534923
645.5,29.999999992584257,1.7134302209446166,1.7134302031391964
645.75,30.000000025396044,1.7134302209165828,1.713430281893314
646.0,30.000000001212175,1.7134302209372452,1.713430223847737
646.25,30.000000001062492,1.713430220937373,1.7134302234884677
646.5,30.00000001458654,1.7134302209258183,1.7134302559485874
646.75,30.00000001088857,1.713430220928978,1.7134302470728076
647.0,29.999999975212415,1.7134302209594592,1.713430161443692
647.25,29.99999999900377,1.713430220939132,1.7134302185471684
647.5,29.999999999021846,1.7134302209391168,1.713430218590554
647.75,29.999999987284312,1.713430220949145,1.713430190418382
648.0,29.99999998616805,1.7134302209500984,1.71343018773915
648.25,30.00000002312484,1.713430220918523,1.713430276442012
648.5,30.00000000148318,1.7134302209370136,1.7134302244981812
648.75,30.00000000107891,1.7134302209373589,1.7134302235278625
649.0,30.000000010769135,1.7134302209290797,1.713430246786118
649.25,30.000000016185112,1.7134302209244516,1.7134302597854187
649.5,29.999999979453214,1.713430220955834,1.7134301716223257
649.75,29.999999995847226,1.713430220941828,1.7134302109708746
650.0,29.999999998701114,1.7134302209393897,1.7134302178207068
650.25,29.999999991163676,1.7134302209458296,1.7134301997295172
650.5,29.999999982095925,1.7134302209535772,1.7134301779652914
650.75,30.000000017218227,1.7134302209235697,1.7134302622650526
651.0,30.00000000817887,1.7134302209312926,1.7134302405689887
651.25,30.000000001564747,1.7134302209369434,1.7134302246939204
651.5,30.000000007006733,1.713430220932294,1.7134302377556527
651.75,30.00000001898605,1.7134302209220589,1.713430266508146
652.0,29.999999986664314,1.7134302209496737,1.71343018893022
652.25,29.999999987322056,1.713430220949112,1.7134301905089249
652.5,29.999999998197456,1.7134302209398202,1.7134302166118196
652.75,29.99999999464953,1.7134302209428516,1.7134302080961668
653.0,29.99999998055587,1.7134302209548933,1.713430174268867
653.25,30.000000009093988,1.7134302209305112,1.7134302427654182
653.5,30.00000001698775,1.7134302209237668,1.7134302617118538
653.75,30.00000000194629,1.7134302209366177,1.713430225609673
654.0,30.00000000392597,1.7134302209349264,1.7134302303612543
654.25,30.000000019318577,1.7134302209217747,1.7134302673062582
654.5,29.999999995311455,1.7134302209422851,1.7134302096848937
654.75,29.999999979354413,1.7134302209559187,1.7134301713851563
655.0,29.999999998050875,1.713430220939945,1.7134302162599913
655.25,29.99999999722636,1.7134302209406496,1.7134302142810078
655.5,29.999999981321924,1.7134302209542374,1.7134301761075204
655.75,30.000000000300318,1.7134302209380214,1.7134302216590311
656.0,30.000000023365896,1.7134302209183145,1.7134302770205248
656.25,30.000000001793016,1.7134302209367467,1.7134302252417712
656.5,30.000000001911214,1.7134302209366457,1.7134302255254696
656.75,30.000000017577737,1.7134302209232608,1.713430263127916
657.0,30.000000003898514,1.7134302209349483,1.713430230295365
657.25,29.999999975048283,1.7134302209595977,1.7134301610496832
657.5,29.999999998492168,1.7134302209395673,1.7134302173191602
657.75,29.99999999865781,1.7134302209394259,1.7134302177167298
658.0,29.999999983871927,1.7134302209520587,1.713430182227988
658.25,29.99999999222837,1.713430220944919,1.7134302022849477
658.5,30.000000025382807,1.7134302209165926,1.713430281861486
658.75,30.00000000118299,1.7134302209372685,1.713430223777614
659.0,30.00000000104476,1.7134302209373866,1.7134302234458332
659.25,30.000000014413846,1.7134302209259644,1.7134302555340266
659.5,30.000000011203895,1.7134302209287073,1.7134302478295906
659.75,29.999999975324393,1.7134302209593624,1.7134301617124208
660.0,29.99999999900992,1.7134302209391257,1.71343021856188
660.25,29.99999999901911,1.713430220939118,1.7134302185839325
660.5,29.999999987473,1.7134302209489825,1.7134301908712206
660.75,29.999999985910552,1.713430220950317,1.7134301871210857
661.0,30.000000022911397,1.7134302209187038,1.713430275929694
661.25,30.000000001653632,1.7134302209368664,1.7134302249072644
661.5,30.000000001096073,1.7134302209373429,1.7134302235690255
661.75,30.000000010576944,1.7134302209292427,1.7134302463247955
662.0,30.000000016375736,1.7134302209242886,1.71343026024292
662.25,29.999999979750026,1.7134302209555814,1.713430172334695
662.5,29.99999999550318,1.7134302209421217,1.7134302101450716
662.75,29.99999999867619,1.7134302209394108,1.713430217760857
663.0,29.999999991345007,1.7134302209456744,1.7134302001647177
663.25,29.9999999819605,1.7134302209536925,1.7134301776402439
663.5,30.000000016865297,1.7134302209238705,1.713430261417976
663.75,30.0000000086091,1.7134302209309245,1.7134302416016247
664.0,30.000000001590113,1.7134302209369212,1.7134302247548008
664.25,30.00000000683658,1.7134302209324388,1.7134302373472512
664.5,30.000000019054426,1.713430220922,1.713430266672256
664.75,29.999999987063262,1.7134302209493326,1.7134301898877713
665.0,29.999999986891705,1.7134302209494794,1.7134301894760051
665.25,29.99999999817871,1.713430220939836,1.7134302165668163
665.5,29.999999994797907,1.7134302209427246,1.7134302084522954
665.75,29.999999980544366,1.7134302209549028,1.7134301742412616
666.0,30.000000008672835,1.713430220930871,1.7134302417545908
666.25,30.00000001737407,1.7134302209234367,1.7134302626390987
666.5,30.00000000195331,1.7134302209366117,1.7134302256265364
666.75,30.00000000380251,1.7134302209350318,1.713430230064943
667.0,30.000000019279366,1.7134302209218084,1.7134302672121493
667.25,29.999999995739515,1.7134302209419199,1.7134302107123232
667.5,29.999999979044688,1.7134302209561838,1.7134301706417745
667.75,29.9999999980592,1.7134302209399384,1.7134302162799784
668.0,29.99999999732304,1.7134302209405674,1.7134302145130633
668.25,29.999999981411314,1.713430220954162,1.713430176322098
668.5,29.999999999882654,1.7134302209383805,1.713430220656605
668.75,30.000000023568735,1.7134302209181436,1.7134302775074037
669.0,30.00000000177024,1.7134302209367678,1.713430225187136
669.25,30.00000000184358,1.7134302209367052,1.7134302253631666
669.5,30.00000001745366,1.7134302209233674,1.7134302628301283
669.75,30.000000004292904,1.71343022093461,1.7134302312419531
670.0,29.99999997495081,1.713430220959679,1.7134301608157103
670.25,29.999999998524117,1.7134302209395393,1.7134302173958411
670.5,29.99999999869828,1.7134302209393906,1.7134302178138556
670.75,29.999999984028545,1.713430220951924,1.713430182603875
671.0,29.999999991872908,1.7134302209452221,1.7134302014317357
671.25,30.0000000253636,1.7134302209166083,1.7134302818153446
671.5,30.000000001154927,1.7134302209372918,1.7134302237102297
671.75,30.000000001029015,1.7134302209373995,1.7134302234080108
672.0,30.000000014234953,1.713430220926117,1.7134302551046188
672.25,30.000000011506216,1.7134302209284495,1.7134302485551827
672.5,29.999999975454408,1.7134302209592522,1.7134301620244425
672.75,29.9999999990125,1.713430220939124,1.7134302185680337
673.0,29.999999999014868,1.7134302209391217,1.7134302185737216
673.25,29.999999987660296,1.7134302209488228,1.7134301913207326
673.5,29.999999985663205,1.713430220950529,1.7134301865273687
673.75,30.000000022690156,1.7134302209188936,1.713430275398641
674.0,30.000000001844644,1.7134302209367038,1.7134302253657017
674.25,30.00000000111447,1.7134302209373278,1.7134302236131467
674.5,30.000000010389424,1.7134302209294034,1.7134302458746882
674.75,30.000000016567505,1.7134302209241252,1.7134302607031775
675.0,29.999999980047345,1.7134302209553276,1.7134301730482888
675.25,29.99999999514205,1.7134302209424308,1.713430209278279
675.5,29.999999998650846,1.713430220939433,1.713430217700004
675.75,29.999999991528632,1.7134302209455183,1.713430200605429
676.0,29.99999998183604,1.7134302209537997,1.713430177341488
676.25,30.000000016503044,1.713430220924181,1.7134302605484484
676.5,30.000000009038253,1.7134302209305587,1.7134302426316288
676.75,30.00000000161523,1.7134302209369008,1.713430224815057
677.0,30.000000006669662,1.7134302209325825,1.7134302369465984
677.25,30.00000001912144,1.713430220921945,1.7134302668330967
677.5,29.999999987465056,1.7134302209489927,1.7134301908521634
677.75,29.999999986456437,1.713430220949854,1.7134301884312948
678.0,29.9999999981605,1.713430220939854,1.713430216523128
678.25,29.999999994945128,1.7134302209426011,1.7134302088056579
678.5,29.99999998053634,1.7134302209549117,1.713430174222011
678.75,30.00000000824704,1.713430220931236,1.7134302407325992
679.0,30.000000017759028,1.7134302209231091,1.7134302635630734
679.25,30.000000001958902,1.7134302209366086,1.7134302256399707
679.5,30.000000003680444,1.7134302209351375,1.7134302297719726
679.75,30.000000019232928,1.7134302209218495,1.713430267100702
680.0,29.999999996169233,1.7134302209415544,1.7134302117437359
680.25,29.999999978745976,1.7134302209564405,1.7134301699248256
680.5,29.999999998068912,1.7134302209399317,1.7134302163033088
680.75,29.999999997416793,1.7134302209404888,1.7134302147381089
681.0,29.999999981502587,1.7134302209540861,1.7134301765411843
681.25,29.99999999946561,1.7134302209387398,1.7134302196556555
681.5,30.000000023764834,1.7134302209179788,1.7134302779781108
681.75,30.000000001745985,1.7134302209367909,1.7134302251289502
682.0,30.000000001778293,1.7134302209367633,1.713430225206499
682.25,30.00000001732228,1.713430220923483,1.7134302625148299
682.5,30.00000000468105,1.7134302209342838,1.7134302321736272
682.75,29.999999974871336,1.7134302209597527,1.7134301606250135
683.0,29.999999998556227,1.7134302209395167,1.7134302174729696
683.25,29.999999998735948,1.713430220939363,1.7134302179043355
683.5,29.999999984187433,1.7134302209517929,1.7134301829853193
683.75,29.99999999152425,1.7134302209455243,1.7134302005949982
684.0,30.000000025332124,1.7134302209166394,1.713430281739916
684.25,30.00000000112822,1.713430220937319,1.7134302236462384
684.5,30.000000001015483,1.713430220937415,1.7134302233756469
684.75,30.00000001405661,1.7134302209262733,1.7134302546766822
685.0,30.000000011806573,1.7134302209281964,1.7134302492761984
685.25,29.999999975590722,1.713430220959139,1.7134301623517239
685.5,29.999999999010907,1.7134302209391286,1.7134302185643269
685.75,29.9999999990088,1.7134302209391303,1.7134302185592742
686.0,29.999999987848696,1.7134302209486654,1.7134301917730452
686.25,29.99999998541832,1.713430220950742,1.7134301859396974
686.5,30.00000002246052,1.713430220919094,1.7134302748475516
686.75,30.000000002058417,1.713430220936525,1.7134302258788958
687.0,30.000000001133817,1.713430220937315,1.7134302236596914
687.25,30.00000001019947,1.7134302209295695,1.7134302454188761
687.5,30.000000016750818,1.7134302209239727,1.7134302611432737
687.75,29.99999998035538,1.713430220955069,1.7134301737877644
688.0,29.999999994770917,1.713430220942752,1.7134302083876125
688.25,29.999999998625043,1.713430220939459,1.713430217638203
688.5,29.99999999171046,1.7134302209453667,1.7134302010419837
688.75,29.999999981714492,1.7134302209539072,1.7134301770498852
689.0,30.00000001613567,1.7134302209244983,1.7134302596668287
689.25,30.000000009475258,1.7134302209301888,1.7134302436806683
689.5,30.000000001640117,1.713430220936883,1.713430224874933
689.75,30.000000006503015,1.7134302209327281,1.7134302365467535
690.0,30.000000019182693,1.7134302209218946,1.7134302669802361
690.25,29.99999998787265,1.7134302209486447,1.7134301918305577
690.5,29.999999986021887,1.7134302209502261,1.7134301873884057
690.75,29.999999998143338,1.71343022093987,1.713430216482047
691.0,29.99999999509123,1.7134302209424774,1.7134302091564446
691.25,29.999999980535954,1.7134302209549135,1.713430174221197
691.5,30.000000007817285,1.713430220931605,1.7134302397012495
691.75,30.000000018136365,1.7134302209227885,1.713430264468884
692.0,30.000000001963222,1.7134302209366064,1.7134302256504639
692.25,30.000000003560725,1.7134302209352417,1.7134302294847545
692.5,30.000000019184437,1.7134302209218935,1.7134302669844503
692.75,29.999999996602426,1.713430220941188,1.7134302127836183
693.0,29.99999997844923,1.7134302209566976,1.713430169212723
693.25,29.99999999808027,1.7134302209399248,1.713430216330701
693.5,29.999999997508976,1.7134302209404129,1.7134302149594987
693.75,29.99999998160017,1.7134302209540053,1.7134301767755442
694.0,29.999999999046334,1.7134302209390997,1.713430218649456
694.25,30.000000023950196,1.7134302209178225,1.7134302784231545
694.5,30.000000001720327,1.713430220936815,1.7134302250675122
694.75,30.000000001715218,1.7134302209368193,1.7134302250552578
695.0,30.000000017187052,1.7134302209236005,1.713430262190404
695.25,30.00000000506979,1.7134302209339538,1.7134302331068187
695.5,29.99999997480118,1.7134302209598147,1.7134301604567705
695.75,29.99999999858875,1.7134302209394907,1.713430217551164
696.0,29.99999999877133,1.7134302209393346,1.713430217989392
696.25,29.999999984348516,1.7134302209516574,1.7134301833720902
696.5,29.999999991174974,1.7134302209458254,1.7134301997568149
696.75,30.000000025292586,1.713430220916676,1.7134302816451497
697.0,30.000000001102876,1.7134302209373429,1.7134302235855388
697.25,30.00000000100392,1.7134302209374275,1.7134302233480243
697.5,30.000000013873912,1.7134302209264316,1.7134302542383006
697.75,30.00000001210153,1.7134302209279466,1.7134302499842629
698.0,29.999999975740156,1.7134302209590133,1.7134301627104989
698.25,29.999999999005013,1.7134302209391357,1.7134302185503
698.5,29.99999999900125,1.7134302209391388,1.713430218541271
698.75,29.999999988038848,1.7134302209485048,1.713430192229553
699.0,29.999999985181272,1.713430220950946,1.7134301853708573
699.25,30.000000022220245,1.7134302209193002,1.7134302742709755
699.5,30.000000002291614,1.713430220936327,1.7134302264387207
699.75,30.0000000011541,1.7134302209372987,1.713430223708483
700.0,30.000000010010407,1.7134302209297319,1.7134302449652001
700.25,30.000000016929654,1.71343022092382,1.7134302615726091
700.5,29.999999980669944,1.7134302209547991,1.7134301745428475
700.75,29.999999994387295,1.7134302209430794,1.71343020746694
701.0,29.999999998598668,1.7134302209394812,1.7134302175749823
701.25,29.999999991890796,1.7134302209452121,1.7134302014748968
701.5,29.999999981594915,1.7134302209540082,1.7134301767629474
701.75,30.000000015763923,1.7134302209248142,1.713430258774631
702.0,30.000000009919532,1.7134302209298078,1.71343024474706
702.25,30.000000001664418,1.7134302209368608,1.713430224933315
702.5,30.00000000633626,1.7134302209328693,1.7134302361465692
702.75,30.000000019232495,1.7134302209218506,1.7134302670998134
703.0,29.999999988284348,1.713430220948292,1.7134301928187337
703.25,29.99999998559874,1.7134302209505865,1.713430186372803
703.5,29.999999998127322,1.7134302209398824,1.713430216443629
703.75,29.999999995233186,1.713430220942355,1.713430209497185
704.0,29.99999998053811,1.7134302209549106,1.7134301742263995
704.25,30.000000007389907,1.7134302209319696,1.713430238675495
704.5,30.000000018507873,1.7134302209224703,1.7134302653605782
704.75,30.000000001965994,1.7134302209366032,1.7134302256571285
705.0,30.000000003444015,1.7134302209353405,1.71343022920464
705.25,30.000000019129057,1.7134302209219392,1.7134302668515302
705.5,29.9999999970309,1.7134302209408194,1.7134302138120436
705.75,29.99999997816896,1.7134302209569348,1.7134301685400382
706.0,29.99999999809332,1.7134302209399117,1.713430216362026
706.25,29.999999997597502,1.7134302209403354,1.7134302151719765
706.5,29.999999981703898,1.7134302209539143,1.7134301770244946
706.75,29.999999998635914,1.7134302209394476,1.7134302176643446
707.0,30.0000000241173,1.7134302209176766,1.7134302788241955
707.25,30.000000001694062,1.7134302209368346,1.7134302250044329
707.5,30.000000001655877,1.7134302209368673,1.7134302249127844
707.75,30.000000017052812,1.7134302209237122,1.713430261868167
708.0,30.000000005453963,1.7134302209336216,1.713430234028867
708.25,29.999999974738007,1.7134302209598646,1.7134301603051147
708.5,29.999999998621345,1.7134302209394594,1.7134302176293652
708.75,29.99999999880424,1.713430220939303,1.7134302180683365
709.0,29.999999984511796,1.7134302209515144,1.7134301837639354
709.25,29.999999990830133,1.713430220946117,1.7134301989290752
709.5,30.00000002524267,1.7134302209167158,1.7134302815252775
709.75,30.000000001079478,1.71343022093736,1.7134302235293135
710.0,30.000000000994557,1.7134302209374324,1.7134302233254892
710.25,30.00000001369003,1.7134302209265853,1.7134302537968678
710.5,30.00000001239165,1.7134302209276937,1.7134302506805092
710.75,29.999999975899243,1.7134302209588717,1.713430163092241
711.0,29.99999999899422,1.7134302209391403,1.713430218524294
711.25,29.999999998992106,1.713430220939142,1.7134302185192234
711.5,29.999999988228023,1.7134302209483387,1.7134301926835118
711.75,29.99999998494633,1.7134302209511427,1.7134301848068823
712.0,30.00000002197462,1.7134302209195067,1.7134302736813658
712.25,30.00000000254596,1.713430220936106,1.7134302270491113
712.5,30.00000000117549,1.713430220937277,1.713430223759737
712.75,30.000000009821473,1.71343022092989,1.7134302445116318
713.0,30.00000001710228,1.7134302209236698,1.713430261986856
713.25,29.999999980990324,1.7134302209545236,1.7134301753117296
713.5,29.999999993996614,1.713430220943411,1.7134302065291438
713.75,29.999999998572985,1.7134302209395007,1.713430217513246
714.0,29.999999992072425,1.7134302209450547,1.713430201910745
714.25,29.999999981493527,1.713430220954093,1.7134301765194921
714.5,30.000000015385144,1.7134302209251364,1.713430257865375
714.75,30.000000010350924,1.7134302209294376,1.7134302457823638
715.0,30.000000001688285,1.7134302209368388,1.713430224990491
715.25,30.00000000617594,1.7134302209330048,1.7134302357616693
715.5,30.00000001928653,1.7134302209218035,1.7134302672294284
715.75,29.999999988695517,1.7134302209479402,1.7134301938055763
716.0,29.999999985165438,1.713430220950956,1.7134301853327498
716.25,29.99999999811206,1.7134302209398946,1.7134302164069295
716.5,29.999999995374914,1.7134302209422332,1.7134302098372993
716.75,29.999999980546086,1.7134302209549024,1.7134301742454718
717.0,30.000000006957123,1.713430220932337,1.713430237636659
717.25,30.000000018874374,1.7134302209221552,1.7134302662401855
717.5,30.00000000196711,1.7134302209366006,1.7134302256597396
717.75,30.00000000332889,1.713430220935437,1.7134302289282486
718.0,30.000000019065514,1.7134302209219912,1.7134302666989385
718.25,29.99999999746057,1.7134302209404484,1.7134302148432137
718.5,29.9999999779016,1.7134302209571592,1.7134301678982056
718.75,29.999999998107562,1.7134302209398964,1.7134302163961086
719.0,29.999999997683016,1.713430220940259,1.7134302153771195
719.25,29.999999981805775,1.7134302209538246,1.7134301772689158
719.5,29.999999998222552,1.713430220939799,1.7134302166720872
719.75,30.000000024284915,1.7134302209175316,1.7134302792263894
720.0,30.0000000016664,1.7134302209368562,1.7134302249379327
720.25,30.00000000159843,1.7134302209369143,1.7134302247747928
720.5,30.000000016911287,1.7134302209238312,1.7134302615283719
720.75,30.0000000058347,1.713430220933295,1.7134302349426171
721.0,29.999999974691043,1.7134302209599035,1.7134301601923165
721.25,29.999999998653895,1.71343022093943,1.713430217707398
721.5,29.999999998834706,1.7134302209392756,1.7134302181413743
721.75,29.99999998467912,1.71343022095137,1.713430184165457
722.0,29.999999990493897,1.7134302209464032,1.7134301981219566
722.25,30.00000002517785,1.7134302209167702,1.713430281369602
722.5,30.000000001058186,1.713430220937377,1.7134302234781198
722.75,30.000000000987313,1.7134302209374377,1.7134302233080132
723.0,30.000000013506707,1.7134302209267416,1.7134302533567878
723.25,30.000000012676914,1.7134302209274515,1.7134302513651543
723.5,29.999999976065837,1.7134302209587318,1.7134301634920657
723.75,29.99999999896243,1.7134302209391687,1.7134302184479526
724.0,29.999999998981444,1.7134302209391523,1.7134302184935863
724.25,29.99999998841836,1.7134302209481773,1.7134301931403109
724.5,29.999999984716865,1.7134302209513403,1.7134301842560782
724.75,30.000000021719515,1.7134302209197263,1.713430273069024
725.0,30.00000000281939,1.7134302209358738,1.7134302277053584
725.25,30.000000001197716,1.7134302209372592,1.7134302238130512
725.5,30.000000009631613,1.7134302209300536,1.7134302440559055
725.75,30.000000017269134,1.713430220923529,1.7134302623873394
726.0,29.999999981320233,1.7134302209542438,1.7134301761035966
726.25,29.999999993594315,1.7134302209437566,1.713430205563566
726.5,29.999999998546418,1.7134302209395256,1.713430217449494
726.75,29.99999999225139,1.7134302209449037,1.7134302023403059
727.0,29.999999981387614,1.7134302209541847,1.7134301762652897
727.25,30.000000015002147,1.7134302209254644,1.713430256946133
727.5,30.00000001079779,1.713430220929057,1.713430246854941
727.75,30.000000001711616,1.7134302209368202,1.713430225046512
728.0,30.000000006013018,1.713430220933145,1.713430235370635
728.25,30.00000001932701,1.7134302209217689,1.7134302673265633
728.5,29.999999989114272,1.7134302209475811,1.7134301948105883
728.75,29.999999984745106,1.7134302209513144,1.7134301843238195
729.0,29.999999998098232,1.7134302209399062,1.7134302163737087
729.25,29.999999995513672,1.7134302209421142,1.7134302101703
729.5,29.99999998055988,1.7134302209548908,1.7134301742785398
729.75,30.000000006523543,1.7134302209327086,1.7134302365959304
730.0,30.00000001923328,1.7134302209218495,1.713430267101561
730.25,30.000000001967102,1.713430220936601,1.7134302256596727
730.5,30.000000003216673,1.7134302209355334,1.7134302286588632
730.75,30.00000001900268,1.7134302209220458,1.7134302665480887
731.0,29.99999999789366,1.7134302209400805,1.7134302158826902
731.25,29.999999977633276,1.7134302209573906,1.7134301672541687
731.5,29.999999998123695,1.7134302209398842,1.713430216434812
731.75,29.999999997767198,1.7134302209401888,1.7134302155791608
732.0,29.99999998191758,1.7134302209537309,1.7134301775372591
732.25,29.999999997810022,1.713430220940154,1.7134302156819612
732.5,30.000000024434566,1.7134302209174066,1.713430279585595
732.75,30.0000000016377,1.713430220936883,1.7134302248690696
733.0,30.00000000154369,1.7134302209369634,1.713430224643422
733.25,30.000000016768055,1.7134302209239558,1.7134302611846095
733.5,30.000000006214716,1.7134302209329721,1.7134302358547218
733.75,29.999999974651914,1.7134302209599388,1.7134301600983828
734.0,29.999999998686445,1.7134302209394041,1.713430217785526
734.25,29.999999998862936,1.7134302209392533,1.7134302182091392
734.5,29.99999998484988,1.7134302209512258,1.7134301845753213
734.75,29.99999999015905,1.7134302209466896,1.7134301973182886
735.0,30.00000002510215,1.7134302209168348,1.713430281187946
735.25,30.00000000103901,1.713430220937394,1.713430223432123
735.5,30.000000000982055,1.7134302209374428,1.7134302232954246
735.75,30.00000001332198,1.7134302209268997,1.7134302529134364
736.0,30.00000001296019,1.7134302209272085,1.7134302520450606
736.25,29.999999976240886,1.7134302209585806,1.7134301639122003
736.5,29.999999998900805,1.7134302209392207,1.7134302183000356
736.75,29.999999998969276,1.713430220939162,1.7134302184643846
737.0,29.999999988610266,1.7134302209480126,1.713430193600911
737.25,29.99999998449426,1.7134302209515282,1.7134301837217438
737.5,30.0000000214553,1.7134302209199488,1.7134302724347934
737.75,30.00000000310872,1.7134302209356242,1.7134302283997582
738.0,30.000000001220442,1.7134302209372376,1.7134302238675525
738.25,30.000000009442402,1.713430220930213,1.7134302436017195
738.5,30.000000017425954,1.7134302209233927,1.713430262763678
738.75,29.999999981655563,1.713430220953955,1.7134301769084024
739.0,29.99999999319025,1.7134302209440995,1.713430204593686
739.25,29.999999998520302,1.7134302209395456,1.71343021738675
739.5,29.999999992427515,1.7134302209447512,1.7134302027629777
739.75,29.999999981290415,1.7134302209542667,1.713430176031961
740.0,30.000000014618085,1.7134302209257923,1.7134302560242836
740.25,30.000000011239358,1.713430220928679,1.7134302479147459
740.5,30.000000001734154,1.7134302209368,1.7134302251005702
740.75,30.00000000585415,1.71343022093328,1.7134302349892903
741.0,30.00000001936328,1.7134302209217371,1.7134302674135955
741.25,29.99999998953147,1.7134302209472236,1.7134301958119325
741.5,29.999999984330227,1.7134302209516679,1.7134301833280263
741.75,29.999999998085578,1.713430220939916,1.7134302163433213
742.0,29.999999995648935,1.7134302209419978,1.7134302104949382
742.25,29.99999998057801,1.7134302209548744,1.7134301743220552
742.5,30.00000000609301,1.713430220933075,1.713430235562603
742.75,30.000000019581694,1.7134302209215506,1.7134302679378324
743.0,30.000000001965223,1.7134302209366017,1.7134302256551612
743.25,30.000000003107736,1.7134302209356256,1.7134302283974014
743.5,30.00000001893111,1.7134302209221068,1.7134302663763274
743.75,29.99999999831923,1.7134302209397183,1.713430216904162
744.0,29.99999997738589,1.7134302209576033,1.7134301666604226
744.25,29.999999998140925,1.7134302209398702,1.7134302164761925
744.5,29.99999999784698,1.7134302209401213,1.7134302157706758
744.75,29.999999982029134,1.7134302209536363,1.7134301778050367
745.0,29.99999999740417,1.713430220940501,1.713430214707865
745.25,30.00000002457547,1.7134302209172865,1.7134302799238161
745.5,30.000000001608342,1.7134302209369086,1.7134302247986213
745.75,30.000000001491987,1.713430220937008,1.7134302245193538
746.0,30.00000001662278,1.7134302209240806,1.7134302608359533
746.25,30.000000006588635,1.7134302209326535,1.7134302367522325
746.5,29.99999997462413,1.7134302209599634,1.7134301600317399
746.75,29.999999998718316,1.713430220939378,1.713430217862063
747.0,29.99999999888846,1.7134302209392325,1.7134302182704395
747.25,29.99999998501997,1.713430220951081,1.7134301849835878
747.5,29.999999989829444,1.7134302209469712,1.7134301965271663
747.75,30.00000002501926,1.7134302209169054,1.7134302809889794
748.0,30.00000000102257,1.7134302209374082,1.7134302233926622
748.25,30.000000000978712,1.7134302209374457,1.7134302232873968
748.5,30.000000013135296,1.7134302209270593,1.7134302524653526
748.75,30.000000013233365,1.7134302209269754,1.7134302527007232
749.0,29.999999976427453,1.7134302209584216,1.7134301643599767
749.25,29.999999998812303,1.7134302209392964,1.7134302180876082
749.5,29.999999998955975,1.7134302209391736,1.7134302184324504
749.75,29.99999998880122,1.7134302209478498,1.7134301940592362
750.0,29.999999984279945,1.7134302209517136,1.713430183207373
750.25,30.00000002118374,1.7134302209201842,1.713430271783055
750.5,30.00000000341264,1.713430220935367,1.7134302291292425
750.75,30.000000001243926,1.7134302209372199,1.713430223923942
751.0,30.000000009255608,1.7134302209303747,1.7134302431534105
751.25,30.000000017581147,1.7134302209232612,1.7134302631361826
751.5,29.999999981995167,1.713430220953665,1.7134301777234984
751.75,29.999999992773763,1.713430220944456,1.713430203594051
752.0,29.99999999849384,1.7134302209395689,1.7134302173232565
752.25,29.99999999260375,1.7134302209446013,1.7134302031859987
752.5,29.999999981197824,1.7134302209543466,1.7134301758097692
752.75,30.000000014226657,1.7134302209261276,1.7134302550848588
753.0,30.000000011684968,1.713430220928299,1.713430248984336
753.25,30.00000000175628,1.7134302209367818,1.713430225153724
753.5,30.000000005696528,1.7134302209334153,1.7134302346110124
753.75,30.000000019396072,1.7134302209217107,1.7134302674923576
754.0,29.99999998995337,1.713430220946866,1.713430196824627
754.25,29.999999983915234,1.7134302209520247,1.7134301823320346
754.5,29.999999998074276,1.7134302209399275,1.713430216316255
754.75,29.9999999957832,1.713430220941885,1.713430210817254
755.0,29.999999980605168,1.713430220954853,1.713430174387277
755.25,30.000000005660272,1.7134302209334467,1.7134302345239716
755.5,30.0000000199177,1.7134302209212653,1.7134302687443312
755.75,30.000000001961787,1.7134302209366064,1.7134302256469602
756.0,30.00000000300158,1.7134302209357182,1.7134302281426455
756.25,30.000000018855797,1.7134302209221723,1.713430266195588
756.5,29.999999998745,1.7134302209393542,1.7134302179260945
756.75,29.999999977146356,1.7134302209578076,1.7134301660855038
757.0,29.999999998159524,1.7134302209398546,1.7134302165208508
757.25,29.999999997924284,1.7134302209400556,1.7134302159562325
757.5,29.999999982142842,1.713430220953539,1.7134301780779606
757.75,29.999999996997065,1.7134302209408483,1.713430213730728
758.0,30.000000024709962,1.7134302209171708,1.7134302802466121
758.25,30.00000000157794,1.7134302209369343,1.713430224725655
758.5,30.000000001442555,1.71343022093705,1.7134302244007005
758.75,30.000000016472583,1.7134302209242087,1.7134302604754428
759.0,30.000000006959493,1.7134302209323369,1.7134302376423218
759.25,29.99999997460949,1.7134302209599763,1.713430159996564
759.5,29.99999999874976,1.713430220939351,1.7134302179375118
759.75,29.999999998911807,1.7134302209392125,1.7134302183264571
760.0,29.99999998519512,1.7134302209509318,1.7134301854039644
760.25,29.99999998950801,1.713430220947247,1.713430195755664
760.5,30.00000002492044,1.7134302209169914,1.7134302807518027
760.75,30.000000001008843,1.7134302209374208,1.7134302233597152
761.0,30.00000000097741,1.7134302209374477,1.7134302232842689
761.25,30.00000001295104,1.7134302209272176,1.713430252023122
761.5,30.00000001350668,1.7134302209267431,1.7134302533567585
761.75,29.99999997661779,1.7134302209582604,1.7134301648168713
762.0,29.999999998695465,1.7134302209393975,1.7134302178072096
762.25,29.999999998941163,1.7134302209391876,1.7134302183969379
762.5,29.999999988994524,1.7134302209476857,1.7134301945232406
762.75,29.999999984070982,1.7134302209518926,1.7134301827058778
763.0,30.000000020902124,1.713430220920425,1.7134302711071807
763.25,30.000000003732104,1.7134302209350945,1.713430229896066
763.5,30.000000001268045,1.7134302209371997,1.713430223981891
763.75,30.000000009069428,1.713430220930534,1.7134302427065966
764.0,30.00000001773032,1.7134302209231338,1.7134302634942704
764.25,29.99999998234037,1.7134302209533696,1.7134301785520973
764.5,29.99999999235159,1.7134302209448167,1.7134302025808088
764.75,29.999999998467718,1.713430220939591,1.7134302172606042
765.0,29.999999992778843,1.7134302209444516,1.7134302036062892
765.25,29.999999981114833,1.7134302209544174,1.7134301756106012
765.5,30.00000001383214,1.713430220926465,1.7134302541379676
765.75,30.00000001212374,1.7134302209279244,1.7134302500374925
766.0,30.000000001777256,1.713430220936764,1.7134302252040925
766.25,30.000000005542034,1.7134302209335475,1.7134302342402346
766.5,30.000000019421286,1.7134302209216894,1.713430267552898
766.75,29.999999990374317,1.7134302209465064,1.7134301978349926
767.0,29.999999983510683,1.7134302209523706,1.7134301813610489
767.25,29.99999999806447,1.7134302209399361,1.7134302162927366
767.5,29.999999995914152,1.7134302209417733,1.7134302111315904
767.75,29.999999980637924,1.7134302209548251,1.7134301744659128
768.0,30.000000005229325,1.713430220933815,1.7134302334896205
768.25,30.000000020243213,1.7134302209209873,1.7134302695256238
768.5,30.000000001957165,1.7134302209366106,1.713430225635872
768.75,30.000000002898908,1.7134302209358059,1.7134302278962188
769.0,30.00000001878074,1.713430220922237,1.7134302660154455
769.25,29.999999999170576,1.7134302209389918,1.713430218947581
769.5,29.999999976910058,1.7134302209580108,1.7134301655183786
769.75,29.99999999817973,1.7134302209398382,1.7134302165693729
770.0,29.999999997999304,1.7134302209399923,1.7134302161363153
770.25,29.99999998226375,1.7134302209534362,1.7134301783681725
770.5,29.999999996594585,1.7134302209411918,1.713430212764708
770.75,30.00000002482744,1.71343022091707,1.7134302805285724
771.0,30.000000001547015,1.7134302209369607,1.7134302246514268
771.25,30.000000001396117,1.7134302209370895,1.7134302242892443
771.5,30.00000001632068,1.7134302209243384,1.7134302601108584
771.75,30.0000000073245,1.7134302209320245,1.713430238518448
772.0,29.999999974605654,1.7134302209599788,1.713430159987409
772.25,29.999999998780286,1.7134302209393244,1.7134302180108103
772.5,29.999999998932616,1.7134302209391943,1.713430218376429
772.75,29.999999985369357,1.7134302209507826,1.7134301858221956
773.0,29.999999989190158,1.7134302209475187,1.7134301949928035
773.25,30.000000024815495,1.7134302209170813,1.7134302804999517
773.5,30.0000000009983,1.71343022093743,1.7134302233344418
773.75,30.000000000977757,1.7134302209374475,1.7134302232851415
774.0,30.00000001276282,1.7134302209273784,1.7134302515713815
774.25,30.000000013768084,1.7134302209265189,1.7134302539841786
774.5,29.999999976822547,1.713430220958084,1.7134301653083077
774.75,29.999999998555268,1.7134302209395165,1.7134302174707223
775.0,29.999999998925173,1.7134302209392005,1.7134302183585601
775.25,29.999999989183557,1.7134302209475234,1.7134301949769455
775.5,29.999999983864406,1.7134302209520678,1.7134301822100366
775.75,30.000000020618916,1.713430220920665,1.7134302704274014
776.0,30.00000000406779,1.7134302209348062,1.7134302307017513
776.25,30.000000001292687,1.7134302209371772,1.7134302240410113
776.5,30.000000008882438,1.7134302209306926,1.713430242257761
776.75,30.000000017869866,1.7134302209230134,1.7134302638291685
777.0,29.999999982693257,1.7134302209530672,1.713430179399026
777.25,29.999999991928043,1.7134302209451775,1.7134302015641714
777.5,29.9999999984418,1.7134302209396122,1.7134302171983495
777.75,29.999999992950862,1.7134302209443035,1.7134302040191187
778.0,29.99999998103447,1.713430220954485,1.713430175417683
778.25,30.000000013435052,1.7134302209268026,1.713430253184868
778.5,30.000000012566137,1.713430220927545,1.7134302510992963
778.75,30.000000001797606,1.7134302209367454,1.713430225252907
779.0,30.00000000538862,1.7134302209336771,1.7134302338719798
779.25,30.000000019441014,1.7134302209216707,1.7134302676002087
779.5,29.999999990800138,1.7134302209461403,1.7134301988569847
779.75,29.99999998310921,1.7134302209527115,1.7134301803973955
780.0,29.999999998055483,1.713430220939942,1.7134302162711108
780.25,29.999999996042487,1.7134302209416616,1.7134302114395648
780.5,29.999999980669784,1.7134302209547958,1.713430174542349
780.75,30.000000004794863,1.713430220934184,1.713430232446821
781.0,30.00000002057093,1.7134302209207053,1.7134302703121849
781.25,30.000000001950678,1.713430220936614,1.7134302256202667
781.5,30.00000000279744,1.7134302209358905,1.7134302276526494
781.75,30.00000001869502,1.7134302209223078,1.7134302658096665
782.0,29.999999999594223,1.7134302209386272,1.7134302199643685
782.25,29.999999976693402,1.713430220958193,1.7134301649983283
782.5,29.999999998201275,1.7134302209398171,1.7134302166210416
782.75,29.999999998071047,1.7134302209399284,1.7134302163084651
783.0,29.99999998238776,1.7134302209533276,1.7134301786657915
783.25,29.99999999619708,1.7134302209415289,1.713430211810626
783.5,30.000000024932973,1.7134302209169774,1.7134302807818829
783.75,30.00000000151557,1.713430220936985,1.7134302245759399
784.0,30.00000000135239,1.7134302209371244,1.713430224184274
784.25,30.000000016166933,1.7134302209244667,1.713430259741799
784.5,30.0000000076866,1.713430220931711,1.713430239387491
784.75,29.999999974611423,1.7134302209599692,1.7134301600011799
785.0,29.999999998810015,1.7134302209392953,1.7134302180820995
785.25,29.9999999989512,1.7134302209391745,1.713430218420967
785.5,29.999999985545212,1.7134302209506282,1.7134301862441998
785.75,29.999999988874595,1.7134302209477834,1.7134301942352856
786.0,30.00000002470166,1.7134302209171732,1.7134302802265897
786.25,30.000000000991225,1.7134302209374312,1.7134302233173453
786.5,30.00000000098003,1.713430220937441,1.713430223290471
786.75,30.000000012573462,1.713430220927536,1.713430251116772
787.0,30.000000014025847,1.7134302209262964,1.713430254602766
787.25,29.999999977035895,1.7134302209579007,1.7134301658203048
787.5,29.999999998390543,1.7134302209396548,1.7134302170752453
787.75,29.999999998908184,1.7134302209392125,1.7134302183176704
788.0,29.99999998937495,1.7134302209473578,1.7134301954362257
788.25,29.99999998366786,1.7134302209522347,1.71343018173822
788.5,30.00000002032482,1.7134302209209167,1.7134302697214547
788.75,30.0000000044138,1.71343022093451,1.713430231532159
789.0,30.000000001317733,1.7134302209371552,1.7134302241010513
789.25,30.00000000869779,1.7134302209308496,1.7134302418145007
789.5,30.00000001800518,1.7134302209228964,1.7134302641539008
789.75,29.99999998305011,1.7134302209527605,1.7134301802555312
790.0,29.9999999914976,1.7134302209455439,1.713430200530993
790.25,29.999999998415962,1.713430220939633,1.7134302171362923
790.5,29.99999999312148,1.7134302209441565,1.713430204428595
790.75,29.99999998095915,1.7134302209545482,1.7134301752368277
791.0,30.000000013034306,1.7134302209271441,1.7134302522229063
791.25,30.000000013007757,1.7134302209271666,1.7134302521591742
791.5,30.000000001816936,1.7134302209367278,1.71343022529922
791.75,30.000000005237155,1.7134302209338057,1.7134302335083542
792.0,30.00000001945268,1.7134302209216596,1.7134302676281528
792.25,29.999999991226247,1.7134302209457752,1.7134301998797197
792.5,29.99999998271909,1.7134302209530439,1.713430179461018
792.75,29.99999999804818,1.713430220939947,1.713430216253559
793.0,29.999999996167755,1.7134302209415537,1.7134302117401972
793.25,29.99999998070936,1.713430220954761,1.7134301746373055
793.5,30.000000004363542,1.7134302209345513,1.7134302314115526
793.75,30.000000020883498,1.713430220920437,1.7134302710623743
794.0,30.000000001942833,1.7134302209366197,1.713430225601403
794.25,30.000000002699743,1.7134302209359729,1.7134302274181208
794.5,30.000000018608446,1.7134302209223806,1.713430265601827
794.75,30.00000000001586,1.713430220938265,1.7134302209762884
795.0,29.999999976482933,1.7134302209583712,1.7134301644930783
795.25,29.99999999822411,1.7134302209397962,1.713430216675773
795.5,29.999999998140154,1.7134302209398682,1.7134302164742676
795.75,29.999999982515078,1.713430220953218,1.7134301789713122
796.0,29.999999995801833,1.7134302209418664,1.713430210861894
796.25,30.000000025028147,1.713430220916896,1.7134302810102386
796.5,30.000000001483677,1.7134302209370118,1.7134302244993262
796.75,30.000000001311292,1.7134302209371592,1.713430224085567
797.0,30.000000016010617,1.7134302209246006,1.7134302593665682
797.25,30.000000008043934,1.713430220931408,1.7134302402451238
797.5,29.99999997462831,1.7134302209599581,1.713430160041691
797.75,29.99999999883855,1.7134302209392729,1.7134302181505596
798.0,29.999999998967546,1.7134302209391625,1.713430218460175
798.25,29.99999998572377,1.7134302209504781,1.7134301866727597
798.5,29.999999988567076,1.7134302209480496,1.7134301934972116
798.75,30.000000024575133,1.7134302209172854,1.7134302799229564
799.0,30.00000000096755,1.7134302209374548,1.7134302232605503
799.25,30.00000000033641,1.7134302209379941,1.713430221745701
799.5,30.000000000872255,1.713430220937536,1.7134302230318321
799.75,29.999999999375866,1.7134302209388146,1.713430219440241
800.0,29.99999999993439,1.7134302209383374,1.7134302207807879
