t,x,y,z
0.0,30.0,10.0,
0.25,31.145768822143243,10.003493335951104,
0.5,32.33163565612721,10.013881811908522,
0.75,33.55512314873737,10.031023304644668,
1.0,34.813329052934584,10.05477016755667,
1.25,36.10293246079866,10.084970343638405,
1.5,37.42020947349529,10.121468435891614,
1.75,38.76105880398112,10.16410673584639,
2.0,40.12103717394541,10.212726201464278,
2.25,41.495403970673344,10.267167366223168,
2.5,42.8791745649036,10.327271173810189,
2.75,44.26718095081679,10.392879776235347,
3.0,45.65413797546427,10.463837223127266,
3.25,47.03471346837186,10.539990096003946,
3.5,48.403600105604966,10.621188055937933,
3.75,49.75558685770333,10.7072843136035,
4.0,51.085627862570476,10.79813604280601,
4.25,52.38890673181702,10.89360470754133,
4.5,53.66089447596225,10.99355631423428,
4.75,54.897399596273445,11.097861614919566,
5.0,56.09460918504886,11.206396241371738,
5.25,57.24912034624593,11.31904078363348,
5.5,58.357961778757186,11.435680819510461,
5.75,59.4186054206667,11.556206900417813,
6.0,60.4289686501905,11.680514489066784,
6.25,61.38740792925452,11.808503868819523,
6.5,62.2927047740708,11.940080015450791,
6.75,63.14404508686093,12.07515244738933,
7.0,63.94099318601758,12.213635053127579,
7.25,64.68346198609362,12.355445890044283,
7.5,65.37168007338032,12.50050697627126,
7.75,66.00615708195899,12.648744071430508,
8.0,66.58764851905777,12.80008644045082,
8.25,67.11712071344598,12.954466612948575,
8.5,67.59571674299947,13.111820137514359,
8.75,68.02472387326897,13.272085332052793,
9.0,68.405543054535,13.435203030096536,
9.25,68.73966078810268,13.601116326076813,
9.5,69.02862342204277,13.769770322276669,
9.75,69.27401420672231,13.941111874005019,
10.0,69.47743297189767,14.115089336030048,
10.25,69.64047841988774,14.291652310100813,
10.5,69.7647328971864,14.470751394712247,
10.75,69.85174956893115,14.652337934252097,
11.0,69.90304173267144,14.836363770992195,
11.25,69.9200741474449,15.022780996965091,
11.5,69.90425615246923,15.211541706529664,
11.75,69.85693635419929,15.402597750088283,
12.0,69.77939875151272,15.595900485850262,
12.25,69.67286005848884,15.791400531132025,
12.5,69.53846803006391,15.989047514191816,
12.75,69.37730072290726,16.188789820636917,
13.0,69.19036651624293,16.390574335610772,
13.25,68.97860468400464,16.594346184882617,
13.5,68.74288633763268,16.800048476451558,
13.75,68.48401598529644,17.007622024965045,
14.0,68.2027332695133,17.217005075752787,
14.25,67.89971496631217,17.42813301554191,
14.5,67.57557704022683,17.640938084074367,
14.75,67.23087682193098,17.855349072111753,
15.0,66.86611529367768,18.071291003335226,
15.25,66.48173942045979,18.288684800937588,
15.5,66.07814446480768,18.50744693970455,
15.75,65.6556762231411,18.72748908438229,
16.0,65.21463312159149,18.948717715128282,
16.25,64.75526810921133,19.17103374084251,
16.5,64.27779037206336,19.394332095687822,
16.75,63.78236803004917,19.618501241057515,
17.0,63.269129565977146,19.84342271671381,
17.25,62.7381653610048,20.06897064899931,
17.5,62.18952933504541,20.295011212185425,
17.75,61.62324040807073,20.521402059931525,
18.0,61.03928388931777,20.747991716127753,
18.25,60.437612783022445,20.974618921814375,
18.5,59.81814899930309,21.201111934870678,
18.75,59.18078445881683,21.427287779166335,
19.0,58.525382079811514,21.652951439868215,
19.25,57.851776650826736,21.87789500071029,
19.5,57.1597760314305,22.101896687429768,
19.75,56.44916203722834,22.324719849893288,
20.0,55.71969128651092,22.54611186837102,
20.25,54.97109614337214,22.765802952530386,
20.5,54.203085668095746,22.983504842125765,
20.75,53.4153466757736,23.19890939281575,
21.0,52.60754492293391,23.41168703339496,
21.25,51.77932644195788,23.62148508072749,
21.5,50.930319043063065,23.82792589866899,
21.75,50.06013400363199,24.03060488726444,
22.0,49.1683679646642,24.22908828850865,
22.25,48.25460542692394,24.422910767988718,
22.5,47.31842221837046,24.611572723681633,
22.75,46.35938860942576,24.794537401856832,
23.0,45.37707379903674,24.971227673031816,
23.25,44.37105119191209,25.14102249864255,
23.5,43.340904816069866,25.30325304557724,
23.75,42.286237111886095,25.457198407224805,
24.0,41.20667832090374,25.602080889898467,
24.25,40.10189784540034,25.737060838029237,
24.5,38.97161808080006,25.861230972287295,
24.75,37.81563094694619,25.973610183408987,
25.0,36.63381784623195,26.073136773325807,
25.25,35.42617353765117,26.15866114624464,
25.5,34.19283468463759,26.2289379702016,
25.75,32.934113846141095,26.282617826074375,
26.0,31.650539639075426,26.318238477256056,
26.25,30.34290396284387,26.334216020760167,
26.5,29.012317089657905,26.328836116625858,
26.75,27.660271330989225,26.30024592715564,
27.0,26.28871336902086,26.24644725022131,
27.25,24.900125027900923,26.16529219581388,
27.5,23.497612231169278,26.054482858755613,
27.75,22.084998690820903,25.911576785397592,
28.0,20.666919200461493,25.734001376588452,
28.25,19.248907499919937,25.519080830098094,
28.5,17.837465773543066,25.264080126421238,
28.75,16.440101650596887,24.96627199329587,
29.0,15.065312407188777,24.62303253276209,
29.25,13.722493058759632,24.23197167347932,
29.5,12.421743057818313,23.791102157003962,
29.75,11.173550145554993,23.299046662310587,
30.0,9.98834164232276,22.755274687940172,
30.25,8.875915263605593,22.160350076036263,
30.5,7.844792579615936,21.51615650973655,
30.75,6.901573611577018,20.826058073195018,
31.0,6.050396270321009,20.09494797881368,
31.25,5.292607869296417,19.3291490849654,
31.5,4.626724916412438,18.536155276618615,
31.75,4.0486978504174305,17.724237331568442,
32.0,3.5524276983215555,16.90196995669557,
32.25,3.1304287741803294,16.077753242343316,
32.5,2.774514668588526,15.259397801917292,
32.75,2.4764042835043876,14.453819938145577,
33.0,2.2281862758625968,13.666863681951845,
33.25,2.0226244331888332,12.903240357275912,
33.5,1.8533193369173502,12.166560498463612,
33.75,1.7147586246763102,11.45942750694567,
34.0,1.6022917854887548,10.783564970133567,
34.25,1.5120608910667555,10.139955731985971,
34.5,1.4409109212455489,9.52897792473227,
34.75,1.3862955141220386,8.950529315471814,
35.0,1.3461875725693706,8.404135879531054,
35.25,1.3189995775427878,7.889043558506342,
35.5,1.303515446668996,7.404293943540951,
35.75,1.298834079704095,6.948785582213471,
36.0,1.3043236387981223,6.521322627960587,
36.25,1.3195856806227197,6.120653473731315,
36.5,1.3444273545628358,5.745500421369433,
36.75,1.378840848737974,5.394582583083357,
37.0,1.4229888132977098,5.06663318402898,
37.25,1.4771948702847015,4.760412357156053,
37.5,1.5419385519886328,4.474716555280143,
37.75,1.617853918420801,4.2083850259707,
38.0,1.705731550602701,3.9603042424486175,
38.25,1.8065234447595238,3.7294105844025807,
38.5,1.921350566697624,3.5146917114655754,
38.75,2.051512839718903,3.3151869712508586,
39.0,2.1985013187315285,3.129986955604963,
39.25,2.364012436042343,2.958232531060194,
39.5,2.549964079510502,2.7991133973205344,
39.75,2.7585133057902134,2.651866321793384,
40.0,2.9920754417875104,2.515773171878507,
40.25,3.2533441532781056,2.39015874050859,
40.5,3.5453121237383867,2.2743885083983875,
40.75,3.8712916684747487,2.1678663353519525,
41.0,4.234934530797535,2.070032134459883,
41.25,4.640250016619806,1.9803595927533402,
41.5,5.091619934937347,1.8983539005597503,
41.75,5.593809193945878,1.8235495853074775,
42.0,6.151969942657102,1.7555084275850308,
42.25,6.771636962642523,1.6938174787429412,
42.5,7.458712588218399,1.6380872572988638,
42.75,8.219436918559648,1.587950034928657,
43.0,9.060341343416773,1.5430583113929202,
43.25,9.988181446507351,1.5030834429293194,
43.5,11.009845993816459,1.467714431328352,
43.75,12.13223922453151,1.4366568835126239,
44.0,13.362133019032292,1.4096321023518619,
44.25,14.705988233625288,1.3863763314489366,
44.5,16.16974407767041,1.3666401071820256,
44.75,17.7585783686282,1.350187726225775,
45.0,19.47664180321307,1.3367967743503901,
45.25,21.326774695924335,1.3262577250319507,
45.5,23.310216499046085,1.318373570836571,
45.75,25.42632264832197,1.3129594749935891,
46.0,27.672306163644475,1.3098424253114251,
46.25,30.043024089238298,1.3088608821482983,
46.5,32.53082915410564,1.3098644052795905,
46.75,35.12550843870315,1.312713272214841,
47.0,37.814322865113475,1.3172780588132307,
47.25,40.58216107834374,1.323439194291929,
47.5,43.41181265681618,1.3310865218600854,
47.75,46.284351354663,1.3401188179198735,
48.0,49.1796166835296,1.3504433112897019,
48.25,52.0767672306548,1.3619751947657819,
48.5,54.95487522424208,1.3746371403793567,
48.75,57.793526811250445,1.388358813832114,
49.0,60.57339093333416,1.4030764029309424,
49.25,63.276724256726894,1.4187321560051895,
49.5,65.88778582453345,1.4352739392598195,
49.75,68.39314251157101,1.4526548131365797,
50.0,70.78185775299535,1.4708326267225555,
50.25,73.04556440112182,1.4897696369179512,
50.5,75.17843045584665,1.5094321502058845,
50.75,77.17703520996068,1.529790185593527,
51.0,79.04017208447749,1.5508171625506115,
51.25,80.76860192100264,1.5724896101177823,
51.5,82.36477544186191,1.5947868981070723,
51.75,83.83254318156445,1.6176909900482004,
52.0,85.17686996487292,1.6411862139399545,
52.25,86.40356279519476,1.6652590541049617,
52.5,87.5190232099068,1.689897959504215,
52.75,88.53002808350807,1.7150931686912698,
53.0,89.44354128713984,1.7408365505366414,
53.25,90.26655701726966,1.767121458812987,
53.5,91.00597303553542,1.7939426002693106,
53.75,91.66849185509685,1.8212959145347274,
54.0,92.26054636762584,1.8491784656046033,
54.25,92.78824721365872,1.8775883430738936,
54.5,93.25734799486789,1.9065245730753007,
54.75,93.67322559830082,1.9359870374204513,
55.0,94.04087220214267,1.965976400936973,
55.25,94.36489695314528,1.9964940454262416,
55.5,94.6495345509485,2.027542010351994,
55.75,94.89865909116997,2.059122939302206,
56.0,95.11580168561757,2.0912400314871054,
56.25,95.3041702150457,2.123896998436321,
56.5,95.46667042721403,2.157098024995117,
56.75,95.6059279060731,2.1908477337786376,
57.0,95.72430967886183,2.225151153647022,
57.25,95.82394553048255,2.260013691099181,
57.5,95.90674818682899,2.2954411050369767,
57.75,95.9744326856955,2.331439483843505,
58.0,96.02853506959431,2.368015224049882,
58.25,96.07042890132688,2.4051750126431206,
58.5,96.10134108585316,2.442925810376881,
58.75,96.12236652786517,2.481274836672837,
59.0,96.13448128912059,2.520229556557827,
59.25,96.1385545076884,2.5597976691336943,
59.5,96.13535962681013,2.599987096592195,
59.75,96.12558455556963,2.6408059744395445,
60.0,96.10984018594179,2.682262643943294,
60.25,96.08866882967384,2.7243656440682824,
60.5,96.06255153072705,2.7671237047869033,
60.75,96.03191451496437,2.8105457413718016,
61.0,95.99713500447211,2.8546408492704667,
61.25,95.9585467420625,2.8994182989405117,
61.5,95.91644464735744,2.944887531848321,
61.75,95.87108883185238,2.99105815720833,
62.0,95.8227085491677,3.0379399483844685,
62.25,95.77150555068555,3.0855428400438196,
62.5,95.71765701014692,3.133876925806004,
62.75,95.66131814407538,3.182952456141606,
63.0,95.60262471737408,3.232779836142012,
63.25,95.54169522093916,3.2833696236843233,
63.5,95.47863251654864,3.334732528462335,
63.75,95.41352566807133,3.3868794103189126,
64.0,95.34645143431821,3.439821278064428,
64.25,95.27747557276645,3.4935692885017295,
64.5,95.20665396836078,3.5481347456350565,
64.75,95.13403367561118,3.6035290998593146,
65.0,95.05965395887868,3.659763946934888,
65.25,94.98354708751916,3.7168510273978885,
65.5,94.90573894590331,3.774802226246074,
65.75,94.82624978144044,3.833629572102948,
66.0,94.74509478316682,3.8933452366362964,
66.25,94.66228458694683,3.9539615340249585,
66.5,94.57782569972308,4.015490920494838,
66.75,94.49172088212457,4.077945993813671,
67.0,94.40396952874133,4.141339492634064,
67.25,94.31456807401653,4.205684295609381,
67.5,94.22351017057613,4.27099342105269,
67.75,94.13078691655399,4.337280026290008,
68.0,94.03638711709158,4.404557406785695,
68.25,93.94029748771375,4.47283899527047,
68.5,93.8425028270872,4.542138360836886,
68.75,93.7429861481787,4.612469208030703,
69.0,93.64172878769405,4.683845375864556,
69.25,93.53871051367831,4.756280836680365,
69.5,93.43390965115826,4.829789694786893,
69.75,93.32730324570763,4.904386184798874,
70.0,93.2188671034179,4.980084670281882,
70.25,93.10857575666927,5.056899642418969,
70.5,92.99640259491032,5.1348457180452,
70.75,92.88231989050955,5.213937637784198,
71.0,92.76629889764398,5.294190263690774,
71.25,92.64830989855713,5.3756185769441105,
71.5,92.52832221361388,5.458237675506077,
71.75,92.40630419166062,5.542062771658814,
72.0,92.28222319719893,5.6271091893358145,
72.25,92.15604561088125,5.713392361160691,
72.5,92.02773685983679,5.800927825107825,
72.75,91.89726149433606,5.889731220699086,
73.0,91.76458332730236,5.979818284650828,
73.25,91.62966549552955,6.071204846676488,
73.5,91.4924698657922,6.163906827919647,
73.75,91.35295757943538,6.257940233749845,
74.0,91.21108875931604,6.35332115077311,
74.25,91.06682261290288,6.450065740893096,
74.5,90.92011752002432,6.5481902352228865,
74.75,90.7709310474403,6.647710928127882,
75.0,90.6192199106164,6.748644171247464,
75.25,90.46493990307812,6.851006367343091,
75.5,90.30804581372385,6.954813963820528,
75.75,90.14849135247442,7.06008344577385,
76.0,89.98622910463762,7.166831328398942,
76.25,89.82121053436586,7.275074148624114,
76.5,89.65338605758501,7.384828455805568,
76.75,89.48270520477284,7.4961108013353455,
77.0,89.30911689396501,7.608937727009447,
77.25,89.1325696229439,7.723325753419234,
77.5,88.95300951059058,7.839291381761425,
77.75,88.77038171611804,7.956851072687375,
78.0,88.5846303680346,8.076021235137281,
78.25,88.39569840328235,8.196818214175691,
78.5,88.20352761831627,8.319258276848931,
78.75,88.00805865297251,8.443357597939572,
79.0,87.80923092812789,8.569132245381608,
79.25,87.60698255815221,8.6965981651,
79.5,87.40125025915523,8.825771165038223,
79.75,87.19196927403003,8.956666898137522,
80.0,86.9790733352945,9.089300844031484,
80.25,86.76249468673291,9.22368828921961,
80.5,86.54216418483902,9.359844305483547,
80.75,86.31801150106278,9.497783726309645,
81.0,86.08996523763903,9.637521123058132,
81.25,85.85795149680837,9.779070794091812,
81.5,85.62189490766158,9.922446729787692,
81.75,85.3817184509323,10.067662588251483,
82.0,85.1373433789881,10.2147316676354,
82.25,84.88868922586157,10.363666876395714,
82.5,84.6356737583628,10.514480702833254,
82.75,84.3782128881296,10.66718518355687,
83.0,84.11622056447125,10.821791870509845,
83.25,83.84960866786206,10.9783117961993,
83.5,83.57828692394058,11.136755436768578,
83.75,83.30216285787066,11.29713267255262,
84.0,83.02114180892033,11.459452745756346,
84.25,82.7351270251146,11.623724214896065,
84.5,82.4440198568352,11.789954905658634,
84.75,82.14771906956426,11.95815187160481,
85.0,81.84612057489868,12.128321344313358,
85.25,81.53911794292593,12.300468674426838,
85.5,81.22660202703554,12.474598279510234,
85.75,80.90846100196016,12.650713582227304,
86.0,80.5845803286364,12.828816947009178,
86.25,80.2548426624351,13.008909614611694,
86.5,79.91912772131109,13.190991633957974,
86.75,79.57731213042231,13.375061790662805,
87.0,79.22926925976823,13.561117531635277,
87.25,78.87486907139733,13.74915488515624,
87.5,78.51397799273383,13.939168375827084,
87.75,78.14645883257337,14.13115093378634,
88.0,77.7721707562976,14.32509379759066,
88.25,77.39096933685754,14.520986410156617,
88.5,77.00270669807593,14.718816307159944,
88.75,76.6072312933573,14.918569007365774,
89.0,76.20438609395546,15.120227929311392,
89.25,75.79401014551257,15.32377422991292,
89.5,75.37593805395643,15.52918668029986,
89.75,74.94999975035961,15.736441526741435,
90.0,74.51602032375388,15.945512342195052,
90.25,74.07381983675324,16.15636986954403,
90.5,73.62321312730457,16.368981855644222,
90.75,73.16400959988519,16.583312875299182,
91.0,72.6960130094667,16.799324144283535,
91.25,72.21902124156398,17.016973320534234,
91.5,71.73282609168896,17.23621429262932,
91.75,71.23721304752806,17.45699695467384,
92.0,70.7319610771626,17.679266966712646,
92.25,70.21684240419518,17.902965500272874,
92.5,69.69162206813874,18.12802897202261,
92.75,69.15605774889862,18.35438875232832,
93.0,68.60989951766383,18.581970855992633,
93.25,68.05288949700359,18.810695614575014,
93.5,67.48476154181381,19.040477325561866,
93.75,66.90524092698449,19.271223876480917,
94.0,66.31404403439747,19.502836341911244,
94.25,65.71087803186417,19.73520855134036,
94.5,65.09544053661298,19.968226625819653,
94.75,64.4674192559359,20.201768481369644,
95.0,63.82649159760392,20.435703297086327,
95.25,63.17232424266086,20.669890945900043,
95.5,62.50457282901116,20.90418137497889,
95.75,61.822881801409494,21.138413922272587,
96.0,61.126883851846934,21.37241661342924,
96.25,60.41619967765728,21.606005377082177,
96.5,59.69043761868918,21.838983204325928,
96.75,58.94919336712933,22.07113923749273,
97.0,58.19204975206554,22.302247779800847,
97.25,57.41857659585914,22.532067217736607,
97.5,56.6283306393964,22.760338848032088,
97.75,55.820855533288665,22.986785601100358,
98.0,54.99568189209077,23.21111065279011,
98.25,54.15232740860742,23.432995916321715,
98.5,53.29029704141532,23.652100404796034,
98.75,52.40908413265827,23.86805836999617,
99.0,51.508171312416515,24.080477304951202,
99.25,50.58703140757379,24.288935791167802,
99.5,49.645129193102804,24.49298107582043,
99.75,48.681923506983864,24.692126425589883,
100.0,47.696869994681634,24.88584821371316,
100.25,46.68942460883855,25.073582705845368,
100.5,45.6590479898434,25.254722510334254,
100.75,44.60521085293368,25.42861265850808,
101.0,43.527400628701756,25.594546279055677,
101.25,42.42513008896314,25.751759817752195,
101.5,41.29794743375128,25.899427769197935,
101.75,40.145448882918714,26.036656855911705,
102.0,38.96729398503285,26.162479629317637,
102.25,37.763224228649925,26.27584746008459,
102.5,36.53308560442977,26.375622871367053,
102.75,35.27685576980963,26.460571179523743,
103.0,33.99467668243493,26.529351549897246,
103.25,32.686893599949165,26.58050744600264,
103.5,31.354101418231824,26.61245665635114,
103.75,29.99719926452543,26.623481102189906,
104.0,28.617454209654483,26.611716875533055,
104.25,27.216575051487368,26.575145104263893,
104.5,25.796796242612537,26.5115844969536,
104.75,24.360971100681553,26.418687067982106,
105.0,22.912673351402468,26.293938907322616,
105.25,21.456302798681108,26.134668585992333,
105.5,19.997188747502356,25.938066900495972,
105.75,18.541682206446833,25.701223144488825,
106.0,17.097220294799556,25.421183000246387,
106.25,15.672344517634151,25.09503587973233,
106.5,14.276646318382873,24.72003856778338,
106.75,12.920610871321177,24.29378173330943,
107.0,11.615330557394508,23.814401843026587,
107.25,10.372068382230673,23.280834237826216,
107.5,9.20167180912512,22.693091260016026,
107.75,8.113870998055644,22.052534367935507,
108.0,7.116536795232121,21.362093921360586,
108.25,6.215012205893322,20.626380977916902,
108.5,5.411647194887382,19.851641309257566,
108.75,4.70564454035713,19.04552524884409,
109.0,4.093261981137923,18.216687279609168,
109.25,3.5683313969895183,17.37427125012362,
109.5,3.122982664502214,16.52736520005421,
109.75,2.7484266826518406,15.68451102640399,
110.0,2.4356664894229088,14.853331936741188,
110.25,2.17605249117207,14.040304831884809,
110.5,1.9616526834949328,13.250671716359882,
110.75,1.785451725056563,12.48846242473654,
111.0,1.6414160177525874,11.756592884978794,
111.25,1.5244678178215973,11.057005016910935,
111.5,1.4304064386856998,10.390821825920133,
111.75,1.3558051968800167,9.758499714801294,
112.0,1.2979031204318858,9.159967577792546,
112.25,1.2545025900829674,8.594747898270633,
112.5,1.2238784669782223,8.062058539136743,
112.75,1.2047007926704645,7.5608963102356945,
113.0,1.1959708960527717,7.090104146369953,
113.25,1.196969922945303,6.648424356848458,
113.5,1.2072181809243712,6.234540198594707,
113.75,1.2264437777015742,5.847107948149565,
114.0,1.254559113474754,5.484781470028544,
114.25,1.2916438049478212,5.146230460220876,
114.5,1.3379331854189842,4.8301540646444625,
114.75,1.393811362091967,4.535290590088687,
115.0,1.4598082719064756,4.260424353120776,
115.25,1.5366000997826503,4.004390142691679,
115.5,1.625012734601829,3.766075939831599,
115.75,1.7260279128549274,3.5444242586604866,
116.0,1.8407918107512091,3.3384324101129264,
116.25,1.9706259232727643,3.1471520210006867,
116.5,2.117040010732766,2.969687887697446,
116.75,2.2817470168508116,2.8051964255265833,
117.0,2.4666797605617874,2.6528837799720715,
117.25,2.6740092067147856,2.512003696851173,
117.5,2.9061640997387785,2.3818552687954733,
117.75,3.165851556595057,2.2617805488215112,
118.0,3.456078253612506,2.1511621375985754,
118.25,3.780171582061188,2.0494207538560354,
118.5,4.141799980405026,1.9560128146954434,
118.75,4.544991637535052,1.870428089770937,
119.0,4.994150058476948,1.792187394312986,
119.25,5.494065256982436,1.7208403931258982,
119.5,6.049918601761336,1.6559635100611063,
119.75,6.667278861898305,1.5971579444202657,
120.0,7.352087730042918,1.5440478674126228,
120.25,8.110630808203068,1.4962787303559644,
120.5,8.949491574539538,1.4535157447678417,
120.75,9.875484815368331,1.4154425299700686,
121.0,10.895565820119293,1.3817599142009775,
121.25,12.01671270941618,1.3521849077621015,
121.5,13.245778232872855,1.32644980391466,
121.75,14.589310315653494,1.3043014311137706,
122.0,16.053340101802902,1.28550051019446,
122.25,17.643140223216566,1.269821122919346,
122.5,19.362956461662193,1.2570502421725531,
122.75,21.215721120928702,1.2469873280687136,
123.0,23.202758555546225,1.2394439570279614,
123.25,25.323497485076064,1.2342434705500962,
123.5,27.575207732228847,1.2312206268288155,
123.75,29.952781783887552,1.2302212473735843,
124.0,32.44858192211895,1.2311018443516557,
124.25,35.05237513456978,1.2337292403487408,
124.5,37.75137010203838,1.23798015342078,
124.75,40.530370246764406,1.2437407595800578,
125.0,43.37204793324222,1.2509062601723173,
125.25,46.257330843088965,1.2593804125632,
125.5,49.16588864221829,1.2690750614085862,
125.75,52.07669302824868,1.2799096641580523,
126.0,54.96862027654456,1.291810821084076,
126.25,57.821060027373605,1.3047118059123404,
126.5,60.61449256166983,1.3185521107572438,
126.75,63.33100136189482,1.3332770015186668,
127.0,65.95469405010587,1.3488370924875244,
127.25,68.47201240792036,1.3651879393386819,
127.5,70.87192380684708,1.3822896505437843,
127.75,73.1459948311246,1.4001065226666554,
128.0,75.28835614301293,1.4186066977600882,
128.25,77.29557635604186,1.437761841356947,
128.5,79.16646156052626,1.4575468446916149,
128.75,80.90180476322772,1.4779395472634376,
129.0,82.50410415338939,1.498920480835051,
129.25,83.97726897086325,1.520472634181472,
129.5,85.32633021992834,1.5425812349737298,
129.75,86.55716507372264,1.5652335520548393,
130.0,87.67624649464209,1.5884187132095873,
130.25,88.69042170965437,1.61212753902215,
130.5,89.60672211957075,1.6363523917514167,
130.75,90.43220538528016,1.6610870374135784,
131.0,91.17382784279378,1.6863265207397502,
131.25,91.83834522317711,1.712067051406536,
131.5,92.4322381006449,1.7383059012861888,
131.75,92.96165930987384,1.7650413109677348,
132.0,93.43239936598191,1.792272405499957,
132.25,93.8498670974274,1.8199991179470882,
132.5,94.21908203719528,1.8482221207125198,
132.75,94.54467653062294,1.8769427631383933,
133.0,94.83090473855935,1.9061630155305136,
133.25,95.08165692879322,1.9358854185932202,
133.5,95.30047751154014,1.9661130376804596,
133.75,95.49058511020338,1.996849422060328,
134.0,95.65489412541037,2.0280985679992143,
134.25,95.79603692156874,2.059864885429981,
134.5,95.91638579893166,2.0921531681735126,
134.75,96.0180744935279,2.124968567121618,
135.0,96.10301858024083,2.1583165665192774,
135.25,96.17293513009773,2.1922029623002777,
135.5,96.22936152374243,2.2266338421358105,
135.75,96.27367199071315,2.2616155690199102,
136.0,96.30709373783786,2.297154765357503,
136.25,96.33072162005152,2.333258298975723,
136.5,96.34553134031319,2.3699332709873446,
136.75,96.3523914866755,2.407187004957558,
137.0,96.35207495004734,2.4450270364615085,
137.25,96.3452688521373,2.4834611044585655,
137.5,96.3325833274221,2.5224971439138293,
137.75,96.31455993790881,2.562143278420063,
138.0,96.29167898367122,2.6024078140756286,
138.25,96.26436595070794,2.6432992342764714,
138.5,96.23299740014971,2.6848261949136574,
138.75,96.1979065710133,2.7269975195361305,
139.0,96.15938781717587,2.769822196139217,
139.25,96.11770084542692,2.8133093738371944,
139.5,96.07307459840735,2.857468359757523,
139.75,96.02571059755996,2.9023086165498353,
140.0,95.9757858574698,2.9478397603519673,
140.25,95.92345554046288,2.994071558902168,
140.5,95.86885552308784,3.041013929486311,
140.75,95.81210439901068,3.088676937744404,
141.0,95.75330527386011,3.137070796613059,
141.25,95.69254754742576,3.1862058650384686,
141.5,95.62990840404717,3.236092647056679,
141.75,95.56545409680966,3.2867417911102086,
142.0,95.49924107886265,3.3381640894900126,
142.25,95.43131707390391,3.39037047770656,
142.5,95.36172213752324,3.4433720336907006,
142.75,95.29048931616285,3.497179977774918,
143.0,95.21764539558238,3.5518056722889138,
143.25,95.1432115934073,3.6072606211354312,
143.5,95.06720414076867,3.6635564694789653,
143.75,94.98963477331239,3.7207050035311546,
144.0,94.91051115283305,3.7787181503767253,
144.25,94.82983726021162,3.8376079777350633,
144.5,94.7476138003365,3.8973866935524883,
144.75,94.66383858687999,3.958066645525122,
145.0,94.57850664663714,4.019660321270313,
145.25,94.49161055426572,4.082180347738442,
145.5,94.40314064694856,4.145639490831403,
145.75,94.31308523297423,4.210050654907843,
146.0,94.22143075286286,4.275426882318365,
146.25,94.12816190667314,4.341781352922133,
146.5,94.03326176740147,4.409127383517896,
146.75,93.93671190038341,4.477478427122443,
147.0,93.83849250860813,4.5468480720295155,
147.25,93.7385825944114,4.617250040685671,
147.5,93.63695987217714,4.68869818925287,
147.75,93.53360091077595,4.76120650624576,
148.0,93.42848115805414,4.834789111501242,
148.25,93.32157503395263,4.909460254647893,
148.5,93.21285600108845,4.985234313528328,
148.75,93.1022965940098,5.062125792633636,
149.0,92.98986842269385,5.140149321476703,
149.25,92.87554216585667,5.219319652831178,
149.5,92.75928756964491,5.299651660762895,
149.75,92.64107346727825,5.381160338380533,
150.0,92.52086783521237,5.463860795232299,
150.25,92.39863790139177,5.547768254275427,
150.5,92.27435029611595,5.632898048462859,
150.75,92.14797059357952,5.719265619756968,
151.0,92.0194635750942,5.8068865144536135,
151.25,91.88879314995857,5.895776380520283,
151.5,91.7559223450441,5.98595096376046,
151.75,91.62081341205308,6.077426103168304,
152.0,91.4834278609901,6.170217726442362,
152.25,91.3437264389585,6.264341845530273,
152.5,91.2016690733929,6.359814552076408,
152.75,91.0572147988392,6.456652012644413,
153.0,90.910321686393,6.554870463586587,
153.25,90.76094679490794,6.654486205432069,
153.5,90.60904616308483,6.755515596665772,
153.75,90.45457486155317,6.857975046770018,
154.0,90.29748712405592,6.961881008400833,
154.25,90.13773657684888,7.067249968570849,
154.5,89.97527653858009,7.174098438998825,
154.75,89.81005852447403,7.282442956680616,
155.0,89.64203281265175,7.392300071193256,
155.25,89.47114888625205,7.503686333465416,
155.5,89.29735512186173,7.616618287526343,
155.75,89.12059888177217,7.731112459233092,
156.0,88.94082652732851,7.847185345086962,
156.25,88.75798337477512,7.964853400926192,
156.5,88.57201361500124,8.08413303028197,
156.75,88.38286021859071,8.205040572184798,
157.0,88.19046484757966,8.327592288208288,
157.25,87.99476779532597,8.451804348537417,
157.5,87.79570797589433,8.577692816848314,
157.75,87.59322298436086,8.70527363378662,
158.0,87.38724924944117,8.834562598831479,
158.25,87.17772229984548,8.965575350332214,
158.5,86.96457672615415,9.098327347245272,
158.75,86.74774442670697,9.232833864028745,
159.0,86.5271562177256,9.369109956459173,
159.25,86.30274142223477,9.507170443719874,
159.5,86.07442782726356,9.647029885482887,
159.75,85.84214168651556,9.78870255764971,
160.0,85.60580766920593,9.932202427494309,
160.25,85.36534877502321,10.077543127895906,
160.5,85.1206862351739,10.224737930349145,
160.75,84.87173941946814,10.373799716439082,
161.0,84.61842576940401,10.524740947468608,
161.25,84.36066077720896,10.677573631925775,
161.5,84.09835803079615,10.83230929047861,
161.75,83.83142934459374,10.988958918184917,
162.0,83.55978486274282,11.147532945292449,
162.25,83.28333199468699,11.30804120976444,
162.5,83.00197607522855,11.470492906597714,
162.75,82.71562016666348,11.634896547416844,
163.0,82.42416499083957,11.80125991378955,
163.25,82.12750893782203,11.969590007470343,
163.5,81.8255480095268,12.139892999313645,
163.75,81.51817571645837,12.312174176342399,
164.0,81.20528294568928,12.486437886458152,
164.25,80.88675781821782,12.662687480278603,
164.5,80.56248555384124,12.840925249588613,
164.75,80.23234836168093,13.021152361890664,
165.0,79.8962253744969,13.203368790540754,
165.25,79.55399264492809,13.387573239955728,
165.5,79.20552322179566,13.573763065378042,
165.75,78.85068732460601,13.76193418668394,
166.0,78.4893518136435,13.95208101083162,
166.25,78.12137907324207,14.144196358812023,
166.5,77.74662827093545,14.33827134596316,
166.75,77.36495476324862,14.534295290140358,
167.0,76.97620999820424,14.732255603947339,
167.25,76.58024139294761,14.932137681903294,
167.5,76.17689218299164,15.13392478200081,
167.75,75.76600125079243,15.3375979008932,
168.0,75.34740294136634,15.543135641949902,
168.25,74.92092687265927,15.75051407541848,
168.5,74.4863977483786,15.959706589931915,
168.75,74.04363518099899,16.170683734599727,
169.0,73.59245353265244,16.383413050921572,
169.25,73.13266178161328,16.597858893761888,
169.5,72.66406342208911,16.813982240624252,
169.75,72.18645617913671,17.031740494544128,
170.0,71.69963129716257,17.251087285037592,
170.25,71.20337384271032,17.471972227721697,
170.5,70.69746232830751,17.694340688076707,
170.75,70.18166842870552,17.918133526850017,
171.0,69.65575670977891,18.143286828409497,
171.25,69.11948435572299,18.36973161084842,
171.5,68.57260088995636,18.597393516368342,
171.75,68.01484788513605,18.826192480466414,
172.0,67.44595865769199,19.056042378453512,
172.25,66.86565794228835,19.286850647829652,
172.5,66.2736615416187,19.518517885043078,
172.75,65.66967594694208,19.75093741515947,
173.0,65.0533980257544,19.983994826387136,
173.25,64.42451478930015,20.217567461842773,
173.5,63.782702903579555,20.451523892795183,
173.75,63.12762840008289,20.685723337034627,
174.0,62.4589462653149,20.92001503925292,
174.25,61.776300074803025,21.154237601837938,
174.5,61.0793216671493,21.388218260724315,
174.75,60.36763084924151,21.62177210118068,
175.0,59.64083512373928,21.854701208413648,
175.25,58.89852942995061,22.086793747868846,
175.5,58.140295889214485,22.317822970109248,
175.75,57.36570354590513,22.54754613515107,
176.0,56.5743080951735,22.775703351137512,
176.25,55.76565197974359,23.002016288713175,
176.5,54.93926497302198,23.22618672644328,
176.75,54.094663858945346,23.447895089300474,
177.0,53.231353067669446,23.666798759705365,
177.25,52.34882526120363,23.882530239685366,
177.5,51.446562215124764,24.094695146914063,
177.75,50.52403607668191,24.302870017368694,
178.0,49.580711073461835,24.50659988768495,
178.25,48.61604574678544,24.705395630288514,
178.5,47.62949578400498,24.89873101438269,
178.75,46.62051752387227,25.08603946587145,
179.0,45.588572209147806,25.266710499297215,
179.25,44.533131066471206,25.440085794586615,
179.5,43.45368276083927,25.605454816020142,
179.75,42.34974236753891,25.76204998044357,
180.0,41.220860903494085,25.909041391777976,
180.25,40.06663835135893,26.04553096646822,
180.5,38.88673916554972,26.170545999177584,
180.75,37.68091114294366,26.283032108889625,
181.0,36.44900826542571,26.38184551583268,
181.25,35.19101818844121,26.465744647639553,
181.5,33.907095308986406,26.5333811622597,
181.75,32.59760020243486,26.583290345703524,
182.0,31.26314652510004,26.613881130874386,
182.25,29.90465616943021,26.623425885818794,
182.5,28.523423592068585,26.610050499246263,
182.75,27.121190279221587,26.57172535094101,
183.0,25.70022959915818,26.50625795390444,
183.25,24.26344023968035,26.411289026723523,
183.5,22.814448394271146,26.284293622557275,
183.75,21.357713503248963,26.122590246963025,
184.0,19.89863126056008,25.923361487753912,
184.25,18.44362438582478,25.683691558542623,
184.5,17.000204760289197,25.400625987363977,
184.75,15.576987532519333,25.071261150223318,
185.0,14.183630783882199,24.692870644006042,
185.25,12.830671359707669,24.263074840369974,
185.5,11.529228667915207,23.780055822502806,
185.75,10.290557668259922,23.242812818563518,
186.0,9.125453381699195,22.65144107843356,
186.25,8.043543552250753,22.007402065787783,
186.5,7.052547673392911,21.313737736406548,
186.75,6.157618128415454,20.575173072746114,
187.0,5.360893115886433,19.798058106776104,
187.25,4.661366050369812,18.990125320335842,
187.5,4.055111337059237,18.160079318480946,
187.75,3.5358215550356427,17.317077177787464,
188.0,3.095539979846234,16.470184420705696,
188.25,2.7254424764633813,15.627891035922937,
188.5,2.416540097666246,14.797748277449134,
188.75,2.160222149739245,13.98615095106378,
189.0,1.9486140390176667,13.198257377031439,
189.25,1.7747659726405098,12.438018376880539,
189.5,1.6327105473683992,11.70827935040816,
189.75,1.517432180095129,11.010921939521243,
190.0,1.4247858817790153,10.347019408032871,
190.25,1.3513933506680358,9.716988308496058,
190.5,1.2945348033713575,9.120726471952162,
190.75,1.2520472687664965,8.557732801196256,
191.0,1.2222345939718233,8.027207778046726,
191.25,1.2037910808208996,7.528135872104006,
191.5,1.195738456465455,7.059351676855815,
191.75,1.1973752034505818,6.619592329424336,
192.0,1.208236555018072,6.207538326661289,
192.25,1.2280637485849262,5.82184510726321,
192.5,1.2567809474343432,5.461167076938822,
192.75,1.2944786019573262,5.124175546098055,
193.0,1.3414022697159962,4.809572037336878,
193.25,1.397945964529009,4.5160977763181265,
193.5,1.4646494608114513,4.242540379205789,
193.75,1.5421989182247968,3.987738156852019,
194.0,1.6314305371028797,3.750582749777252,
194.25,1.733336868643998,3.530020374796438,
194.5,1.8490755714314735,3.325052036992908,
194.75,1.9799804331160789,3.1347329996598847,
195.0,2.127574454424863,2.9581715995820117,
195.25,2.293584894409835,2.7945276768521463,
195.5,2.4799600729186717,2.6430106615808056,
195.75,2.6888877453703377,2.5028774367564237,
196.0,2.922814811786588,2.3734300755175575,
196.25,3.1844679618405243,2.2540134463784947,
196.5,3.476874887466286,2.144012803748594,
196.75,3.8033853962186477,2.0428513534746386,
197.0,4.167691679046374,1.949987840251277,
197.25,4.5738468436696955,1.8649142044707068,
197.5,5.026280215475203,1.7871532780686064,
197.75,5.52980820717604,1.7162566004279542,
198.0,6.089638578166227,1.6518023290022366,
198.25,6.711365884257258,1.5933932697723718,
198.5,7.400956213962513,1.5406550882366463,
198.75,8.164716898644368,1.493234612993735,
199.0,9.009249437365598,1.4507983423747877,
199.25,9.941381226532005,1.4130310933301824,
199.5,10.968073157064053,1.3796348195131694,
199.75,12.096299881405137,1.3503275902504306,
200.0,13.33289957388007,1.32484270357985,
200.25,14.684392267785018,1.3029279458278693,
200.5,16.156765761728533,1.2843449560681581,
200.75,17.755232028315145,1.2688687020274163,
201.0,19.483957254192685,1.2562870123905931,
201.25,21.34577436476293,1.2464001775378901,
201.5,23.341888497191572,1.2390205799721783,
201.75,25.47159036940412,1.2339723437326962,
202.0,27.731995414938574,1.231090986068263,
202.25,30.117829039572975,1.2302230626747164,
202.5,32.62127912672239,1.2312257947930636,
202.75,35.23193742079461,1.233966687985368,
203.0,37.93684372755182,1.238323111663657,
203.25,40.720647614312284,1.244181867137387,
203.5,43.56589009523731,1.251438748297382,
203.75,46.4533975124592,1.2599980740924592,
204.0,49.362774096330085,1.269772218428479,
204.25,52.27296578188853,1.2806811364456172,
204.5,55.16286454963027,1.292651894017635,
204.75,58.01191610579664,1.3056181993523117,
205.0,60.8006938205084,1.319519948663861,
205.25,63.51140588032531,1.3343027822730722,
205.5,66.12830919765749,1.3499176613969175,
205.75,68.63801154074895,1.3663204611379063,
206.0,71.02965493498189,1.3834715843034668,
206.25,73.29498145072776,1.4013355979171662,
206.5,75.42829143433896,1.4198808920563621,
206.75,77.4263117199615,1.4390793593632265,
207.0,79.28799101859327,1.458906098852644,
207.25,81.01424671109501,1.4793391397524451,
207.5,82.60768161070935,1.500359187138244,
207.75,84.07228978383789,1.5219493877420427,
208.0,85.41316788562216,1.5440951131851768,
208.25,86.63624092477097,1.5667837635222646,
208.5,87.74801379328488,1.590004586001601,
208.75,88.75535179582437,1.6137485099958595,
209.0,89.66529272828241,1.6380079968365908,
209.25,90.48489109033744,1.6627769027670738,
209.5,91.22109249736961,1.6880503546995194,
209.75,91.88063616728246,1.7138246372262458,
210.0,92.46998196214507,1.7400970905247353,
210.25,92.99525912912661,1.7668660175250182,
210.5,93.46223285653485,1.7941306001933668,
210.75,93.87628577692703,1.821890823654823,
211.0,94.24241110083113,1.8501474079547182,
211.25,94.56521526681844,1.8789017460925066,
211.5,94.8489273328869,1.908155848477268,
211.75,95.09741360138808,1.9379122926410264,
212.0,95.31419583619771,1.968174177845776,
212.25,95.50247135474831,1.998945084767875,
212.5,95.66513484156233,2.030229038578158,
212.75,95.80480037921178,2.0620304760787715,
213.0,95.9238235025682,2.094354215999743,
213.25,96.0243225446946,2.127205432517062,
213.5,96.108199018878,2.160589631653189,
213.75,96.17715736255258,2.1945126295310615,
214.0,96.23272337457315,2.228980533000196,
214.25,96.27626084346014,2.2639997230839564,
214.5,96.30898761424973,2.299576839148192,
214.75,96.3319900927769,2.3357187651445632,
215.0,96.34623631904147,2.372432617639102,
215.25,96.35258806388507,2.409725734842267,
215.5,96.3518122453426,2.4476056661317354,
215.75,96.34459038850814,2.4860801641459243,
216.0,96.33152777227012,2.525157176764278,
216.25,96.3131616261818,2.5648448400460246,
216.5,96.28996833687478,2.605151472254532,
216.75,96.26236985452867,2.6460855686794273,
217.0,96.23073967998526,2.6876557966174293,
217.25,96.19540834257859,2.7298709907352463,
217.5,96.15666765280021,2.7727401501518174,
217.75,96.1147751449237,2.8162724347089085,
218.0,96.06995782547321,2.860477162082621,
218.25,96.02241546118015,2.9053638053789257,
218.5,95.97232347656468,2.9509419911046213,
218.75,95.91983566595297,2.997221497136853,
219.0,95.86508674015306,3.044212250695878,
219.25,95.80819412174326,3.091924327552972,
219.5,95.7492599529695,3.1403679505172186,
219.75,95.6883727760856,3.1895534883369248,
220.0,95.62560900147128,3.239491454820235,
220.25,95.56103416844824,3.290192508188989,
220.5,95.49470408885541,3.3416674504753274,
220.75,95.42666596905134,3.3939272267586698,
221.0,95.35695938809684,3.446982924557036,
221.25,95.28561690746245,3.500845773903715,
221.5,95.21266492543529,3.5555271466874685,
221.75,95.1381243145908,3.6110385563409073,
222.0,95.06201099250322,3.6673916575542145,
222.25,94.98433639816658,3.7245982460895375,
222.5,94.90510791628901,3.782670258588427,
222.75,94.82432929175089,3.841619772264394,
223.0,94.7420010709504,3.9014590043883994,
223.25,94.65812084152367,3.962200312207322,
223.5,94.57268345339097,4.0238561927752,
223.75,94.48568132237708,4.086439282451639,
224.0,94.39710465149672,4.149962356480818,
224.25,94.30694162520778,4.214438328539126,
224.5,94.21517855929636,4.279880250298373,
224.75,94.12180002685585,4.346301310936717,
225.0,94.02678898082148,4.413714836529502,
225.25,93.93012689352233,4.482134289252167,
225.5,93.83179393322867,4.551573266329113,
225.75,93.73176899103976,4.622045499359024,
226.0,93.63002969202225,4.69356485349621,
226.25,93.52655251176749,4.7661453262513875,
226.5,93.42131283035978,4.839801046260682,
226.75,93.31428502363967,4.914546271771444,
227.0,93.20544250834989,4.990395389163272,
227.25,93.09475775665348,5.067362911432613,
227.5,92.98220229551379,5.14546347656934,
227.75,92.86774670642612,5.224711845753672,
228.0,92.7513606409905,5.305122901301829,
228.25,92.63301286781538,5.386711644288808,
228.5,92.51267136624195,5.4694931917766505,
228.75,92.39030348046602,5.5534827735859755,
229.0,92.26587560076156,5.638695730983013,
229.25,92.1393532807587,5.725147512659018,
229.5,92.01070123919358,5.8128536720589095,
229.75,91.87988323768533,5.901829864404199,
230.0,91.74686224329531,5.992091841967848,
230.25,91.61160050081938,6.083655449619152,
230.5,91.47405953502434,6.176536620504116,
230.75,91.33420010303892,6.270751371726779,
231.0,91.19198211711085,6.3663157998969675,
231.25,91.04736455794027,6.463246076409937,
231.5,90.90030539880094,6.561558442323362,
231.75,90.7507615606597,6.661269202697148,
232.0,90.59868891850542,6.762394720261533,
232.25,90.44404237909801,6.8649514082789285,
232.5,90.28677605034869,6.968955722464992,
232.75,90.12684352254225,7.074424151834366,
233.0,89.96419827722681,7.18137320836308,
233.25,89.79879210781047,7.289819428026966,
233.5,89.63057483390772,7.399779363308529,
233.75,89.45949588750112,7.511269564785417,
234.0,89.28550361167729,7.624306575289872,
234.25,89.10854532129508,7.738906918879254,
234.5,88.92856729971213,7.85508708975509,
234.75,88.7455147510839,7.972863540937697,
235.0,88.55933172775056,8.092252672503395,
235.25,88.36996105222583,8.213270819191354,
235.5,88.17734425330296,8.335934237187114,
235.75,87.98142153579221,8.4602590898898,
236.0,87.78213180340478,8.586261432470067,
236.25,87.57941275429785,8.71395719502585,
236.5,87.37320106879525,8.84336216414287,
236.75,87.16343227652729,8.974491966269325,
237.0,86.95003979935905,9.107362056626402,
237.25,86.73295588611377,9.241987692002308,
237.5,86.51211127381458,9.378383912961029,
237.75,86.28743521305486,9.516565521487596,
238.0,86.05885545757133,9.6565470580151,
238.25,85.8262982064043,9.798342777810813,
238.5,85.58968801823237,9.941966626426257,
238.75,85.34894771746757,10.087432213916102,
239.0,85.10399831169859,10.234752787530754,
239.25,84.85475894006821,10.383941202587486,
239.5,84.60114687217202,10.535009891225004,
239.75,84.3430775770652,10.687970828746266,
240.0,84.08046488196398,10.842835497254471,
240.25,83.81322067531254,10.999614853001907,
240.5,83.54125428143516,11.158319294571104,
240.75,83.26447311697822,11.318958615952353,
241.0,82.98278232530217,11.481541968781757,
241.25,82.69608482149592,11.64607781657058,
241.5,82.40428126976133,11.812573887890888,
241.75,82.1072700051144,11.981037128113893,
242.0,81.8049469178741,12.151473649213235,
242.25,81.49720531940963,12.323888677145533,
242.5,81.18393580761665,12.498286496320453,
242.75,80.86502615059358,12.674670390672615,
243.0,80.54036120698848,12.853042580847596,
243.25,80.20982290148723,13.033404157014349,
243.5,79.87329027391411,13.215755006816293,
243.75,79.53063962041509,13.400093737973396,
244.0,79.18174445322784,13.58641760026985,
244.25,78.82647400324223,13.77472242790463,
244.5,78.46469433288051,13.965002531939861,
244.75,78.09626799730913,14.15725061495368,
245.0,77.72105388422221,14.351457674990511,
245.25,77.33890712045235,14.547612903451668,
245.5,76.94967894226863,14.745703578355403,
245.75,76.55321653850498,14.945714952227318,
246.0,76.14936287566142,15.147630133882062,
246.25,75.73795651412142,15.351429963357258,
246.5,75.3188314246281,15.557092879260566,
246.75,74.89181681416223,15.764594777790819,
247.0,74.45673697036479,15.973908862694175,
247.25,74.01341113364721,16.185005485416188,
247.5,73.56165340613197,16.397851974710726,
247.75,73.10127270479572,16.612412455014958,
248.0,72.6320721334666,16.82864766957828,
248.25,72.15384859778167,17.046514783845094,
248.5,71.66639308816106,17.265967159016412,
248.75,71.1694902543692,17.486954130620205,
249.0,70.66291814765671,17.709420767980333,
249.25,70.14644796223747,17.933307618077052,
249.5,69.61984377240745,18.158550432441846,
249.75,69.08286226161108,18.38507987572945,
250.0,68.53525243976162,18.61282121460975,
250.25,67.97675534512129,18.841693985622378,
250.5,67.40710372704766,19.07161164063681,
250.75,66.82602170591205,19.302481168560664,
251.0,66.23322440649648,19.534202691939072,
251.25,65.62841769425457,19.76666902823979,
251.5,65.01129785175006,19.999765219345587,
251.75,64.38155117483085,20.233368035360606,
252.0,63.738853649660285,20.467345432616657,
252.25,63.08287054599748,20.70155597579251,
252.5,62.41325605251236,20.935848214028663,
252.75,61.72965294459876,21.170060006508916,
253.0,61.03169227512379,21.404017792981286,
253.25,60.31899307855158,21.637535804691005,
253.5,59.59116207887966,21.870415211198104,
253.75,58.847793391826094,22.102443198552336,
254.0,58.088468211705525,22.333391974297967,
254.25,57.31275447343246,22.563017694781124,
254.5,56.52020691417565,22.79105927296841,
254.75,55.71036747312338,23.01723704191357,
255.0,54.88276488045,23.241251407456463,
255.25,54.03691510984507,23.462781292514318,
255.5,53.17232175266442,23.681482451725955,
255.75,52.28847665055177,23.8969856332351,
256.0,51.384860845890955,24.108894563932584,
256.25,50.460945906832535,24.316783734640513,
256.5,49.51619568363856,24.520195961721452,
256.75,48.55006855308916,24.71863970159569,
257.0,47.56202020769474,24.911586094649685,
257.25,46.55150704645742,25.098465715018687,
257.5,45.517990259827634,25.27866500046208,
257.75,44.460942266592674,25.451522233370937,
258.0,43.37985368838524,25.616323157094968,
258.25,42.27424141014617,25.772296165944933,
258.5,41.14365933108526,25.918606941607706,
258.75,39.98771125612792,26.054352567755803,
259.0,38.80606664182609,26.178555057368595,
259.25,37.598479709942566,26.29015423776533,
259.5,36.36481252874502,26.387999976391942,
259.75,35.10506292446248,26.470843789932722,
260.0,33.81939790419236,26.53732977646348,
260.25,32.50819361110376,26.5859850034341,
260.5,31.172082656803067,26.615209478399045,
260.75,29.81200989258359,26.62326599955361,
261.0,28.42929765208657,26.60827021350566,
261.25,27.025720689367777,26.56818167483808,
261.5,25.603591361738566,26.500796681212016,
261.75,24.165854324085082,26.40374472306199,
262.0,22.716188881531153,26.274489953529717,
262.25,21.259114357254095,26.110340692550167,
262.5,19.800092994275047,25.908471493867598,
262.75,18.345620106179968,25.66596189906162,
263.0,16.903282129925685,25.379857625695777,
263.25,15.48176761123565,25.047262589060747,
263.5,14.09080052893846,24.66546797605962,
263.75,12.74096805457547,24.232124840646957,
264.0,11.443414581855857,23.74546206012281,
264.25,10.20938428659397,23.204544027352796,
264.5,9.049616492641523,22.609550155116068,
264.75,7.97363309801688,21.962042919711088,
265.0,6.988999184385196,21.265176341049607,
265.25,6.100674433753121,20.523789087892027,
265.5,5.310584661194379,19.744334325946138,
265.75,4.6175149767010675,18.934624792075493,
266.0,4.017358950600455,18.103412810854675,
266.25,3.5036732648489086,17.25986615889095,
266.5,3.068418217988802,16.41302561309113,
266.75,2.702737882719125,15.57132758446985,
267.0,2.3976538134024836,14.742250385394724,
267.25,2.1445958441763926,13.932106369504867,
267.5,1.935747638079484,13.145970324603441,
267.75,1.7642251959825759,12.387714537236153,
268.0,1.6241271550576766,11.660114537408138,
268.25,1.5104997106872042,10.96499240588993,
268.5,1.4192530893547761,10.303372358240916,
268.75,1.3470568717960703,9.675631736296609,
269.0,1.2912319965209342,9.08163784879475,
269.25,1.2496497293504882,8.52086647922143,
269.5,1.220642557587183,7.992501111170109,
269.75,1.2029287463274498,7.4955141617516885,
270.0,1.1955501990058375,7.028732135111815,
270.25,1.197822540987508,6.590887156509761,
270.5,1.2092958162284921,6.180657154903949,
270.75,1.2297242563361086,5.796696790216778,
271.0,1.2590437300010882,5.437661117893354,
271.25,1.2973554638338112,5.102223113261652,
271.5,1.3449152126363595,4.789086721279145,
271.75,1.4021268865230496,4.496996125606819,
272.0,1.4695400936860423,4.224742245283796,
272.25,1.5478509902459383,3.971166936201766,
272.5,1.6379061139981768,3.7351654970298154,
272.75,1.7407088743371115,3.5156878542527465,
273.0,1.8574284599184157,3.311738703605004,
273.25,1.9894110104616274,3.122376935233544,
273.5,2.138192836793745,2.9467144228061226,
273.75,2.305515588584904,2.7839144189127114,
274.0,2.493343174112544,2.6331896322880533,
274.25,2.703880226419451,2.4938000724315112,
274.5,2.9395918939986814,2.3650507786311232,
274.75,3.2032245398252237,2.2462894269614972,
275.0,3.4978269597663854,2.1369039115555344,
275.25,3.8267714855520625,2.036319917628317,
275.5,4.193774137453451,1.9439985060069942,
275.75,4.602913003332632,1.8594337748358174,
276.0,5.058643299986132,1.7821505656376921,
276.25,5.56580780875543,1.7117022788103224,
276.5,6.129640728375003,1.647668801128101,
276.75,6.75576235948129,1.5896545393246808,
277.0,7.4501628872300145,1.5372866339934659,
277.25,8.219171316372183,1.490213294533013,
277.5,9.069406763975579,1.4481022953705571,
277.75,10.00770889657404,1.410639648714449,
278.0,11.04104360228242,1.3775284265298686,
278.25,12.176381400509255,1.3484877539507067,
278.5,13.420545044654272,1.323251929996371,
278.75,14.780025696616313,1.3015696960687917,
279.0,16.26076674386872,1.283203608171088,
279.25,17.867918207181305,1.267929516325962,
279.5,19.605565386174895,1.2555361039006188,
279.75,21.476440474266504,1.2458244897843036,
280.0,23.481628074802327,1.2386078609199862,
280.25,25.620279708503958,1.2337111222673651,
280.5,27.88935540909099,1.2309705484164624,
280.75,30.283412857524013,1.2302334277113232,
281.0,32.79446536877199,1.2313576898229077,
281.25,35.411929436948604,1.2342115196773986,
281.5,38.122676730343,1.23867293517324,
281.75,40.91120443463593,1.2446293632632837,
282.0,43.759923882727485,1.25197718742672,
282.25,46.64956243390789,1.2606212858766568,
282.5,49.55966143517091,1.2704745594155926,
282.75,52.46914375703807,1.2814574592723775,
283.0,55.35691996298834,1.2934975142615872,
283.25,58.20249444420344,1.3065288653839913,
283.5,60.98653593638313,1.3204918105500791,
283.75,63.69137931425365,1.3353323626229967,
284.0,66.30143208310149,1.3510018281817477,
284.25,68.80346886047523,1.3674563997607665,
284.5,71.1868066861187,1.384656772770282,
284.75,73.44336270129494,1.4025677834140928,
285.0,75.56760661307663,1.421158068020096,
285.25,77.55642234759215,1.4403997451659252,
285.5,79.40890013800924,1.4602681203052323,
285.75,81.12608046102696,1.4807414111799617,
286.0,82.71066917497413,1.501800495457744,
286.25,84.16674424507677,1.5234286763086295,
286.5,85.49946643446317,1.545611468746238,
286.75,86.71480751152582,1.5683364031483749,
287.0,87.81930334541602,1.5915928453974002,
287.25,88.81983639181523,1.6153718330688502,
287.5,89.72345017993676,1.6396659258668995,
287.75,90.53719543741938,1.664469069748798,
288.0,91.26800667726204,1.6897764732042595,
288.25,91.92260619528967,1.7155844953819166,
288.5,92.50743295818016,1.741890544271458,
288.75,93.02859245237825,1.7686929847920898,
289.0,93.49182449249135,1.79599105543001,
289.25,93.90248542672853,1.823784793140288,
289.5,94.26554220885548,1.8520749652502102,
289.75,94.58557537243178,1.8808630082324969,
290.0,94.86678894074817,1.9101509723607883,
290.25,95.11302544698468,1.9399414716247683,
290.5,95.32778392399464,1.9702376392651113,
290.75,95.51424059200816,2.0010430870469795,
291.0,95.675270456204,2.0323618689761993,
291.25,95.81346951132714,2.0641984484687925,
291.5,95.93117662629567,2.0965576690414385,
291.75,96.03049469606042,2.129444728223666,
292.0,96.11331127799153,2.1628651536948102,
292.25,96.18131842864123,2.1968247814297412,
292.5,96.23603027699635,2.2313297376273886,
292.75,96.27880028948864,2.2663864211987175,
293.0,96.31083706809123,2.3020014883262907,
293.25,96.33321860221788,2.3381818390755815,
293.5,96.34690525575164,2.3749346055245057,
293.75,96.35275211360067,2.412267140350778,
294.0,96.35152010380732,2.4501870068000575,
294.25,96.34388524685062,2.488701971069399,
294.5,96.33044800121918,2.5278199939222357,
294.75,96.31174128379877,2.567549223881235,
295.0,96.28823757267635,2.607897991394075,
295.25,96.26035532603721,2.6488748035895684,
295.5,96.22846508228639,2.6904883390192014,
295.75,96.19289454852394,2.732747443694396,
296.0,96.15393309506796,2.775661127689003,
296.25,96.11183609388573,2.8192385615693754,
296.5,96.06682862129647,2.863489073568477,
296.75,96.0191086867432,2.9084221472708935,
297.0,95.96885014393085,2.954047419527452,
297.25,95.9162054880522,3.000374678228814,
297.5,95.8613081746192,3.047413860728662,
297.75,95.80427452465027,3.0951750527973116,
298.0,95.74520571852972,3.143668487121793,
298.25,95.68418944693875,3.192904542250917,
298.5,95.62130134124546,3.242893741787338,
298.75,95.55660622596372,3.2936467537429683,
299.0,95.4901592927237,3.3451743898490136,
299.25,95.42200726623022,3.3974876046805482,
299.5,95.35218917657407,3.4505974955190246,
299.75,95.28073715396596,3.5045153019792483,
300.0,95.20767720692426,3.5592524055168417,
300.25,95.13302986572786,3.614820329093196,
300.5,95.05681072952112,3.6712307369429094,
300.75,94.9790309360558,3.728495434394873,
301.0,94.89969759805534,3.786626367635932,
301.25,94.81881425018615,3.845635623306034,
301.5,94.73638126720964,3.905535428044387,
301.75,94.65239599539166,3.966338148686832,
302.0,94.56685312074741,4.028056291695489,
302.25,94.4797449070154,4.090702502815487,
302.5,94.39106142466387,4.154289566629609,
302.75,94.30079072928773,4.218830406149432,
303.0,94.20891900550396,4.284338082388376,
303.25,94.11543069740011,4.35082579384793,
303.5,94.0203086465898,4.418306875848234,
303.75,93.92353425892985,4.486794799634273,
304.0,93.82508765357048,4.556303171417015,
304.25,93.72494757763398,4.6268457320247345,
304.5,93.62309158426982,4.698436355582065,
304.75,93.51949606272176,4.771089048544139,
305.0,93.4141363409318,4.844817948276578,
305.25,93.3069867485318,4.919637321651742,
305.5,93.19802064421135,4.995561563632917,
305.75,93.08721042290148,5.072605195776225,
306.0,92.97452751821348,5.1507828645800995,
306.25,92.85994241557239,5.230109339612107,
306.5,92.74342469148468,5.310599511342952,
306.75,92.62494309437939,5.392268388617464,
307.0,92.50446568246247,5.4751310956923795,
307.25,92.38195970327243,5.5592028702454375,
307.5,92.25739141356038,5.644499060980856,
307.75,92.130726337831,5.731035123799225,
308.0,92.00192901966851,5.818826619778008,
308.25,91.87096318946804,5.907889210670414,
308.5,91.73779184721315,5.998238654649253,
308.75,91.6023772742544,6.089890802195306,
309.0,91.46468099392648,6.182861592000795,
309.25,91.32466370084065,6.2771670467584455,
309.5,91.18228517868988,6.372823268706737,
309.75,91.03750422640378,6.469846434801845,
310.0,90.8902786124904,6.568252791386846,
310.25,90.74056507740212,6.66805864822871,
310.5,90.5883194037628,6.76928037179364,
310.75,90.43349657429317,6.8719343776312805,
311.0,90.27605103727186,6.976037121738374,
311.25,90.1159370951171,7.081605090797593,
311.5,89.95310744192557,7.188654802785804,
311.75,89.78751289083783,7.297202799841826,
312.0,89.61910383070799,7.407265631247083,
312.25,89.44782958330181,7.518859847664241,
312.5,89.27363846374803,7.632001990645222,
312.75,89.09647777771777,7.746708582095273,
313.0,88.91629377469474,7.862996113506396,
313.25,88.73303157669852,7.980881034773374,
313.5,88.5466351018231,8.100379742405707,
313.75,88.35704700195315,8.221508566948724,
314.0,88.16420863402026,8.344283759427139,
314.25,87.96806008416164,8.468721476624326,
314.5,87.7685402641433,8.594837765010624,
314.75,87.56558709941038,8.722648543133895,
315.0,87.35913737857709,8.85216958594696,
315.25,87.1491258311217,8.983416514150885,
315.5,86.9354860475635,9.116404768204264,
315.75,86.71815014217223,9.251149591397601,
316.0,86.49704878101946,9.38766600851751,
316.25,86.27211117082746,9.525968803954665,
316.5,86.04326500146851,9.666072499197757,
316.75,85.81043636165141,9.80799132942821,
317.0,85.57354964733251,9.951739218930559,
317.25,85.33252748238823,10.097329755033263,
317.5,85.08729067108608,10.244776160294826,
317.75,84.83775820189125,10.394091262650043,
318.0,84.58384732214589,10.5452874632312,
318.25,84.32547370315804,10.69837670157905,
318.5,84.06255103813157,10.853370425762703,
318.75,83.79499060343838,11.010279560021297,
319.0,83.52270178897017,11.169114461475829,
319.25,83.24559178214238,11.32988488341276,
319.5,82.96356561203588,11.49259993170186,
319.75,82.67652612198283,11.6572680202723,
320.0,82.38437388874833,11.823896825183859,
320.25,82.08700710700656,11.992493236823401,
320.5,81.78432145781076,12.163063309756696,
320.75,81.47620997975574,12.335612209765683,
321.0,81.16256296153215,12.510144157601335,
321.25,80.84326787457131,12.686662368982155,
321.5,80.51820936447987,12.86516899036849,
321.75,80.18726931996288,13.045665030042718,
322.0,79.85032703793476,13.228150284025427,
322.25,79.50725888063441,13.412623267096219,
322.5,79.15793710553568,13.599081152164642,
322.75,78.802231036871,13.787519667748958,
323.0,78.44000652341091,13.977933019834024,
323.25,78.07112587274342,14.170313798875727,
323.5,77.69544776211625,14.364652882767867,
323.75,77.3128271107488,14.560939335512936,
324.0,76.92311492380647,14.759160300869866,
324.25,76.52615811822974,14.959300890251876,
324.5,76.12179934061066,15.16134406414751,
324.75,75.70987678730908,15.36527050633795,
325.0,75.29022403700132,15.571058490183741,
325.25,74.86266990585364,15.778683736254004,
325.5,74.42703833551307,15.98811926057124,
325.75,73.98314832410816,16.199335212744845,
326.0,73.53081391045195,16.412298703266412,
326.25,73.06984359750246,16.62697363553414,
326.5,72.60003969922512,16.84332052739724,
326.75,72.12119890643955,17.06129628931485,
327.0,71.6331117922319,17.280854017559395,
327.25,71.13556256380521,17.501942767106016,
327.5,70.62832881282226,17.724507310028343,
327.75,70.11118126079218,17.94848787812359,
328.0,69.5838834964358,18.17381988847952,
328.25,69.04619170196565,18.400433650695938,
328.5,68.49785436521553,18.628254054473253,
328.75,67.93861197455551,18.857200236280747,
329.0,67.36819669352765,19.08718522381711,
329.25,66.78633201213773,19.3181155569759,
329.5,66.19273244494359,19.549890879264375,
329.75,65.5871032667036,19.78240349412592,
330.0,64.96914007647862,20.015537902462636,
330.25,64.33852850619765,20.249170294982424,
330.5,63.69494381135505,20.48316801257945,
330.75,63.038050498281436,20.717388964601543,
331.0,62.36750198234796,20.95168100061178,
331.25,61.682940267252185,21.185881231469608,
331.5,60.98399563553264,21.41981529555682,
331.75,60.27028634045978,21.65329656597374,
332.0,59.54141828945093,21.886125294530924,
332.25,58.7969847091565,22.118087688361744,
332.5,58.0365657823653,22.348954914981146,
332.75,57.259728430012906,22.578482016718915,
333.0,56.46602684170491,22.80640666170686,
333.25,55.65500192330446,23.032447896589442,
333.5,54.82618156595831,23.256304725954585,
333.75,53.97908087842258,23.477654558556655,
334.0,53.11320260030098,23.69615151788775,
334.25,52.22803778429105,23.911424593387377,
334.5,51.32306679447767,24.123075610792306,
334.75,50.39776066771308,24.330677000128464,
335.0,49.45158288512258,24.533769339846696,
335.25,48.48399160077517,24.731858655604196,
335.5,47.49444237455831,24.924413452193498,
335.75,46.48239145629605,25.11086145712079,
336.0,45.44730066284776,25.29058598218318,
336.25,44.38864378057631,25.462921877793114,
336.5,43.305912723570145,25.6271511836701,
336.75,42.198626524110765,25.782498227025357,
337.0,41.06634201088777,25.928124245450874,
337.25,39.908666897804395,26.063121464999437,
337.5,38.7252757410795,26.186506577426616,
337.75,37.51592925207127,26.297213571060823,
338.0,36.28049774969688,26.394085948328566,
338.25,35.01898936613362,26.475868256603842,
338.5,33.73158392032974,26.541196993328935,
338.75,32.4186732965673,26.588590952538553,
339.0,31.080909322121457,26.61644119859806,
339.25,29.719260237299782,26.623000891166228,
339.5,28.33507647552858,26.60637538745102,
339.75,26.9301663106838,26.564513386551145,
340.0,25.506881735064475,26.495200029916692,
340.25,24.06821385386221,26.39605353880543,
340.5,22.61789529898288,26.264526986486153,
340.75,21.16050571067573,26.097918823747477,
341.0,19.70157526452306,25.89339591948644,
341.25,18.24767099698603,25.648033131599668,
341.5,16.806454376161227,25.35887689076646,
341.75,15.386687039038096,25.023039218999656,
342.0,13.998158090002839,24.637829695468675,
342.25,12.651503630560896,24.20093104706724,
342.5,11.357890960401706,23.710620128886465,
342.75,10.12855068439071,23.16602779282937,
343.0,8.974163148076679,22.56741884041828,
343.25,7.904140985294933,21.91645776050723,
343.5,6.925891844808735,21.216411065913316,
343.75,6.044180716004298,20.4722307963593,
344.0,5.260720526642005,19.690472091221825,
344.25,4.574089239799584,18.879025996679523,
344.5,3.980002172968925,18.046690109332093,
344.75,3.4718835529559247,17.202640427243622,
345.0,3.0416143098089226,16.35589076218714,
345.25,2.6803099273569186,15.51482232070274,
345.5,2.379004888669463,14.68683953382508,
345.75,2.1291711274740224,13.87817199097089,
346.0,1.9230513630652448,13.093811116588022,
346.25,1.7538276031990887,12.337551160456044,
346.5,1.6156643507883874,11.61209844520365,
346.75,1.5036691876430024,10.919216208366043,
347.0,1.413807070992582,10.259880314720432,
347.25,1.34279496763649,9.634429513881463,
347.5,1.287994074765993,9.042701141468864,
347.75,1.247309486228354,8.484148311424118,
348.0,1.2191019812080761,7.95793787053376,
348.25,1.2021135163979006,7.463030497640921,
348.5,1.195405932747011,6.9982448250804365,
348.75,1.1983118336203282,6.562308179876363,
349.0,1.2103959055006652,6.153896004152402,
349.25,1.231425309111002,5.7716623486364735,
349.5,1.2613475222887767,5.414262964264999,
349.75,1.30027450682767,5.0803725628085665,
350.0,1.348472181861287,4.768697550161355,
350.25,1.4063543406399976,4.4779850869609605,
350.5,1.4744804369976927,4.207029433402861,
350.75,1.5535566351535077,3.954675988277956,
351.0,1.6444398434470544,3.7198237220265034,
351.25,1.7481443658402924,3.501426263748037,
351.5,1.8658509752913648,3.2984919982855287,
351.75,1.9989182245515829,3.11008344239076,
352.0,2.1488958023797906,2.9353159943491214,
352.25,2.3175398282066078,2.773356314794847,
352.5,2.5068298785705276,2.623420376489622,
352.75,2.7189875582083403,2.4847713053715457,
353.0,2.9564963608050245,2.3567171001607186,
353.25,3.222122414863594,2.2386082295038863,
353.5,3.518935727245145,2.129835219720066,
353.75,3.8503312271120205,2.029826220237342,
354.0,4.220048858196759,1.9380445982039523,
354.25,4.632191770218401,1.853986602155471,
354.5,5.091241092176832,1.7771790695093146,
354.75,5.60206605630656,1.7071772572196506,
355.0,6.169927191348949,1.6435627665134072,
355.25,6.8004704354705225,1.585941593877385,
355.5,7.499710131318242,1.5339423614852044,
355.75,8.273996541245747,1.4872146399996542,
356.0,9.129966196297605,1.445427479364837,
356.25,10.074470502073169,1.4082680778844843,
356.5,11.11447986772677,1.3754406244542623,
356.75,12.256959952350057,1.346665294750336,
357.0,13.508717273521246,1.3216773860466426,
357.25,14.876213129053923,1.3002265916973135,
357.5,16.36534532158667,1.282076381166106,
357.75,17.98120073831455,1.2670034862540134,
358.0,19.727782447540374,1.254797442547352,
358.25,21.607720562384063,1.245260195784402,
358.5,23.62197784420195,1.2382057358114613,
358.75,25.769565431067164,1.2334597469905186,
359.0,28.047287012859776,1.2308592597052124,
359.25,30.449531865872572,1.230252293241517,
359.5,32.96813823791895,1.231497481545026,
359.75,35.592347937655106,1.234463689166411,
360.0,38.308865498627846,1.2390295848371191,
360.25,41.102036498835474,1.2450832123985358,
360.5,43.95414476204975,1.2525215450566105,
360.75,46.845820769154415,1.26125001828398,
361.0,49.75654559819982,1.271182058241448,
361.25,52.665222071885914,1.2822386087569777,
361.5,55.55078189696954,1.294347660570619,
361.75,58.392790801024795,1.307443784603916,
362.0,61.172015304099,1.3214676791060125,
362.25,63.87091863969292,1.3363657277608108,
362.5,66.47406040547295,1.3520895795472507,
362.75,68.96838283662706,1.3685957434699774,
363.0,71.34337807240917,1.385845205983144,
363.25,73.59113858637221,1.4038030703064628,
363.5,75.70630221234431,1.4224382181648898,
363.75,77.68590936536347,1.4417229924078994,
364.0,79.52919050583749,1.461632903790477,
364.25,81.23730780878395,1.4821463576002691,
364.5,82.81306935461548,1.5032444022208387,
364.75,84.26063487161095,1.5249104973474727,
365.0,85.58522851906444,1.547130299887708,
365.25,86.79286760915056,1.5698914697864188,
365.5,87.89011788359969,1.5931834909696139,
365.75,88.88387823151572,1.616997508342817,
366.0,89.78119712280252,1.64132617949589,
366.25,90.5891210281951,1.6661635394244758,
366.5,91.31457279001117,1.6915048778674604,
366.75,91.96425761349347,1.7173466278503995,
367.0,92.5445932461323,1.7436862648884752,
367.25,93.0616613158894,1.7705222154420384,
367.5,93.52117609896841,1.797853774292935,
367.75,93.92846775972282,1.8256810297403006,
368.0,94.28847690365244,1.854004796266098,
368.25,94.60575828196652,1.882826553438511,
368.5,94.88449097164072,1.9121483911493677,
368.75,95.12849357944756,1.9419729599973221,
369.0,95.3412428132194,1.972303426564493,
369.25,95.52589377769384,2.003143433699477,
369.5,95.68530195453718,2.034497064034172,
369.75,95.82204518905583,2.0663688076736113,
370.0,95.93844572905341,2.098763532868468,
370.25,96.03659143773773,2.1316864599620384,
370.5,96.11835605307569,2.165143138124736,
370.75,96.18541882078348,2.1991394238550224,
371.0,96.23928269455665,2.233681461991462,
371.25,96.2812908303469,2.2687756693570686,
371.5,96.3126424829292,2.30442871915359,
371.75,96.33440732710298,2.3406475274340353,
372.0,96.34753836367686,2.377439241326454,
372.25,96.35288388353716,2.414811228197206,
372.5,96.35119874020562,2.452771065322822,
372.75,96.34315363935278,2.4913265321788916,
373.0,96.32934420008975,2.5304856024779108,
373.25,96.31029902124129,2.570256437244355,
373.5,96.28648677910539,2.6106473789455413,
373.75,96.25832254310693,2.651666946394582,
374.0,96.22617368983673,2.693323829785948,
374.25,96.19036527613558,2.735626886177668,
374.5,96.15118423906968,2.7785851366051286,
374.75,96.10888377208504,2.8222077624134236,
375.0,96.06368701457353,2.866504102423008,
375.25,96.01579028579869,2.9114836505765,
375.5,95.96536593867785,2.9571560539458837,
375.75,95.91256503642545,3.003531110725911,
376.0,95.8575198548165,3.0506187682540293,
376.25,95.80034564265553,3.098429122251236,
376.5,95.74114260845774,3.1469724153165517,
376.75,95.67999757026658,3.1962590358588137,
377.0,95.61698539972372,3.2462995172382185,
377.25,95.55217026229074,3.2971045371362897,
377.5,95.4856067437763,3.3486849169631125,
377.75,95.41734095771635,3.401051621101354,
378.0,95.34741150248453,3.454215756322395,
378.25,95.27585006349585,3.508188571858613,
378.5,95.2026822542616,3.5629814587535384,
378.75,95.12792824375694,3.6186059495542167,
379.0,95.05160331755869,3.6750737180292345,
379.25,94.97371834621026,3.732396578984797,
379.5,94.89428020256099,3.7905864880719653,
379.75,94.81329216987058,3.849655541478054,
380.0,94.73075437700545,3.9096159754106887,
380.25,94.6466640333685,3.970480166012807,
380.5,94.56101564537359,4.032260629190051,
380.75,94.47380131587488,4.094970020104199,
381.0,94.38501096188871,4.158621132745639,
381.25,94.29463250593827,4.223226899472735,
381.5,94.20265202328821,4.288800390566303,
381.75,94.10905386535832,4.355354813731649,
382.0,94.01382077960614,4.422903513480592,
382.25,93.9169340461678,4.491459970325922,
382.5,93.81837365141087,4.561037799721217,
382.75,93.71811832262793,4.631650751342824,
383.0,93.61614552523281,4.703312708298409,
383.25,93.51243158623319,4.776037685884634,
383.5,93.40695174157285,4.849839830361809,
383.75,93.29968022885294,4.92473341741118,
384.0,93.19059033310133,5.000732850631153,
384.25,93.07965440110087,5.077852660000334,
384.5,92.96684383978744,5.1561075002353265,
384.75,92.85212911422843,5.235512148971186,
385.0,92.73547976069271,5.316081504692462,
385.25,92.61686443032275,5.397830584342711,
385.5,92.49625097891985,5.480774520540446,
385.75,92.37360661835316,5.564928558329381,
386.0,92.24889767324863,5.650308053527642,
386.25,92.12208955252551,5.736928469306401,
386.5,91.99314689361974,5.824805372790117,
386.75,91.86203334516308,5.913954432584233,
387.0,91.72871174670058,6.0043914139025105,
387.25,91.59314421378501,6.09613217399393,
387.5,91.45529214867973,6.189192657733065,
387.75,91.31511619714374,6.283588893236622,
388.0,91.1725761717732,6.37933698736883,
388.25,91.02763096237331,6.476453120998349,
388.5,90.88023845383465,6.57495354386942,
388.75,90.73035547198815,6.674854568949907,
389.0,90.57793777791252,6.7761725661189365,
389.25,90.42294013116845,6.878923955056823,
389.5,90.26531644243333,6.983125197199953,
389.75,90.10502003601096,7.088792786623327,
390.0,89.94200404268979,7.1959432397134435,
390.25,89.7762207829829,7.304593090466246,
390.5,89.60761968380004,7.414758893765133,
390.75,89.43615001537869,7.526457199733398,
391.0,89.26175997633794,7.639704549345952,
391.25,89.08439671825691,7.7545174634880425,
391.5,88.90400635782608,7.870912431662251,
391.75,88.7205339388997,7.988905900499132,
392.0,88.53392336405362,8.108514261875486,
392.25,88.34411731525253,8.229753840444285,
392.5,88.15105718323083,8.352640880380234,
392.75,87.95468302519147,8.47719153114495,
393.0,87.75493357042667,8.60342183207581,
393.25,87.55174629346496,8.731347695602398,
393.5,87.34505757434847,8.860984888894595,
393.75,87.1348028198949,8.992349014984534,
394.0,86.92091537660544,9.125455502862785,
394.25,86.70332723986323,9.26031958160984,
394.5,86.48196895054615,9.396956260805096,
394.75,86.2567695367863,9.535380308700336,
395.0,86.02765652119619,9.675606228873326,
395.25,85.79455587456522,9.817648236314016,
395.5,85.55739193563868,9.961520232643464,
395.75,85.31608731659104,10.107235780165665,
396.0,85.07056281380538,10.254808074452416,
396.25,84.82073734357081,10.404249915161394,
396.5,84.56652792230992,10.555573674787585,
396.75,84.30784971094786,10.708791265048227,
397.0,84.0446161430353,10.863914100601416,
397.25,83.77673895454022,11.020953062273163,
397.5,83.50412721933687,11.179918469533565,
397.75,83.22668804833408,11.34082003164939,
398.0,82.94432629623584,11.50366680972705,
398.25,82.656944549154,11.668467171229308,
398.5,82.36444312411084,11.8352287424081,
398.75,82.06672000652273,12.003958359413634,
399.0,81.7636707440213,12.174662017583632,
399.25,81.45518831496882,12.347344818416657,
399.5,81.1411629900245,12.522010913733457,
399.75,80.82148220511836,12.698663446530228,
400.0,80.49603046418919,12.877304488027743,
400.25,80.16468929004338,13.057934970420249,
400.5,79.82733724169127,13.240554614828067,
400.75,79.4838500165175,13.42516185395781,
401.0,79.13410063341146,13.611753749385265,
401.25,78.77795827147965,13.800325928502208,
401.5,78.41528832428507,13.99087249367228,
401.75,78.04595287839605,14.183385922169721,
402.0,77.66981031390735,14.3778569741505,
402.25,77.28671522084646,14.574274589378497,
402.5,76.89651827773672,14.772625779379876,
402.75,76.49906610098562,14.972895514279902,
403.0,76.0942010737672,15.175066603576543,
403.25,75.68176116306667,15.379119570105143,
403.5,75.26157973355605,15.58503251644845,
403.75,74.83348536696931,15.792780983046331,
404.0,74.39730169564551,16.00233779725945,
404.25,73.9528472589084,16.213672912641208,
404.5,73.49993539095134,16.42675323767226,
404.75,73.03837414889551,16.641542453211912,
405.0,72.56796598871452,16.858000825956612,
405.25,72.08850698843143,17.076085021119116,
405.5,71.5997872809457,17.295747869701014,
405.75,71.10159064038942,17.516938145014258,
406.0,70.59369420938529,17.739600320401983,
406.25,70.07586823684098,17.96367431095256,
406.5,69.54787581284329,18.1890951980769,
406.75,69.00947259666505,18.415792935556176,
407.0,68.46040653389773,18.643692035667105,
407.25,67.90041755872228,18.872711233991943,
407.5,67.32923727733149,19.102763131520387,
407.75,66.74658862851632,19.333753812650535,
408.0,66.15218551742922,19.565582437696055,
408.25,65.54573249820902,19.79814080337691,
408.5,64.92692454157508,20.031312862709502,
408.75,64.29544655791823,20.264974227365816,
409.0,63.650973110562504,20.49899161908426,
409.25,62.993168004541474,20.7332222858078,
409.5,62.32168391456342,20.96751337173828,
409.75,61.63616204933077,21.20170123625709,
410.0,60.93623184283501,21.435610717003954,
410.25,60.22151066324871,21.6690543324059,
410.5,59.491603530035945,21.901831418948262,
410.75,58.74610282990256,22.133727198479658,
411.0,57.98458802220766,22.364511770842846,
411.25,57.20662532445777,22.59393902712342,
411.5,56.41176762989497,22.821745457009726,
411.75,55.599555106920064,23.047648783596557,
412.0,54.76951474074685,23.271346598979694,
412.25,53.92116080241187,23.492514797802272,
412.5,53.05399526600331,23.71080586718295,
412.75,52.167508466873656,23.92584702461929,
413.0,51.26118008532806,24.137238178108326,
413.25,50.33448051770043,24.3445496839304,
413.5,49.386872696728894,24.547319877542606,
413.75,48.41781442314257,24.745052353027944,
414.0,47.42676127037146,24.93721296654647,
414.25,46.41317012429127,25.123226539234576,
414.5,45.37650342033337,25.30247323497436,
414.75,44.31623532735665,25.474284515952416,
415.0,43.231859592471,25.637938660292438,
415.25,42.122897437177706,25.79265591104014,
415.5,40.98890869753352,25.93759303548858,
415.75,39.82950506509753,26.07183736071538,
416.0,38.64436624945087,26.194400219437895,
416.25,37.43325960411728,26.304209752319633,
416.5,36.19606380523797,26.40010303767566,
416.75,34.93279745706142,26.480817615566657,
417.0,33.643653340357275,26.544982338170406,
417.25,32.329039320140346,26.591107694592655,
417.5,30.989626768131586,26.617575737841257,
417.75,29.626407523985677,26.622629941335656,
418.0,28.240760444826364,26.604365354056327,
418.25,26.83452776876529,26.560719823444533,
418.5,25.410101591647223,26.489467213511183,
418.75,23.970519723872382,26.388214400561594,
419.0,22.519568851699777,26.254403752943787,
419.25,21.061890012162415,26.0853239253078,
419.5,19.60308008323714,25.878133832903867,
419.75,18.14977942081,25.629904331622075,
420.0,16.709724197752593,25.33768287007625,
420.25,15.291748820512142,24.998590221987012,
420.5,13.905706699730043,24.60995511606515,
420.75,12.562281442636966,24.16949298755727,
421.0,11.2726610905952,23.67552985134881,
421.25,10.048059896816852,23.127264314015136,
421.5,8.899095895884388,22.52504782719678,
421.75,7.835069039475508,21.87064776388485,
422.0,6.863226598985392,21.167443607574914,
422.25,5.988136942151314,20.420500366484568,
422.5,5.21129973819526,19.63647392248388,
422.75,4.531087056755287,18.823331644243734,
423.0,3.9430386240715234,17.989913988513152,
423.25,3.4404496859888702,17.145402616218956,
423.5,3.015125410284428,16.298782236484048,
423.75,2.658155830409067,15.458377279089225,
424.0,2.360590747233974,14.631517379493012,
424.25,2.113945702508911,13.824349088289244,
424.5,1.9105232259937885,13.041780670478387,
424.75,1.74357151275622,12.28752884944134,
425.0,1.607320737607292,11.564231412355456,
425.25,1.496939467351745,10.873593470202598,
425.5,1.4084469022874988,10.21654322464215,
425.75,1.3386068990376812,9.593381458281353,
426.0,1.284820453574996,9.003916065218409,
426.25,1.2450260849416714,8.447577938076925,
426.5,1.2176125260544006,7.92351765632092,
426.75,1.2013451399358759,7.430684443795271,
427.0,1.1953054869294089,6.967889300253838,
427.25,1.1988429654575665,6.5338549187903565,
427.5,1.2115367845550804,6.127254421764886,
427.75,1.2331669153758151,5.746741326039328,
428.0,1.2636923836881984,5.390972172545256,
428.25,1.3032358347590518,5.058623461363837,
428.5,1.3520733264119336,4.748404101988269,
428.75,1.4106285262235982,4.459064265996414,
429.0,1.479470734747897,4.189401563526478,
429.25,1.559316145747039,3.9382649538105854,
429.5,1.6510320669376148,3.7045570798773246,
429.75,1.7556437404349623,3.487235277394767,
430.0,1.87434357373658,3.285311616944876,
430.25,2.008502593404545,3.0978522334641574,
430.5,2.159683936749356,2.9239760447913645,
430.75,2.3296582699424415,2.7628531085643506,
431.0,2.5204209248716496,2.613702653925623,
431.25,2.7342105671357664,2.4757909127169917,
431.5,2.973529129542494,2.3484288300127396,
431.75,3.2411626057119163,2.2309696579082057,
432.0,3.540202304922949,2.1228065420618645,
432.25,3.8740658550016627,2.023370087071488,
432.5,4.246517202195923,1.9321259553494958,
432.75,4.661684620145321,1.8485725338068495,
433.0,5.12407521023561,1.772238647633159,
433.25,5.638584640372784,1.7026813984442064,
433.5,6.2104997844152745,1.6394840958122903,
433.75,6.8454921602485275,1.5822543194089878,
434.0,7.549600018751111,1.5306221581933321,
434.25,8.329194752970027,1.4842385438055494,
434.5,9.190929927418246,1.4427737928767954,
434.75,10.141668298576624,1.4059162863277856,
435.0,11.188384195538063,1.3733713238829277,
435.25,12.338037727282487,1.344860128405895,
435.5,13.597418314137826,1.320118991822834,
435.75,14.972956393851112,1.2988985567342677,
436.0,16.470503077540627,1.2809632042750339,
436.25,18.09508083959455,1.266090545164979,
436.5,19.85060920317563,1.2540709657306461,
436.75,21.739614849663226,1.2447072368907002,
437.0,23.762937391721152,1.2378141497747586,
437.25,25.91944640803727,1.2332181665247184,
437.5,28.205788277561062,1.2307570716566154,
437.75,30.61618324962228,1.2302796136685485,
438.0,33.14229442180452,1.231645130251027,
438.25,35.773189018477396,1.234723162575119,
438.5,38.495405131250585,1.239393025981766,
438.75,41.29313837177976,1.2455433825947082,
439.0,44.1485467584588,1.253071792078071,
439.25,47.042166296658145,1.261884244924545,
439.5,49.95342041253288,1.271894690166373,
439.75,52.86119454907509,1.2830245627668533,
440.0,55.74444444583261,1.2952023126815229,
440.25,58.5827997526589,1.3083629390898739,
440.5,61.357126987982255,1.3224475382241427,
440.75,64.05001967439304,1.3374028625628156,
441.0,66.64619073370476,1.3531809021917174,
441.25,69.1327507972945,1.3697384804406407,
441.5,71.49936741947397,1.387036873107835,
441.75,73.73830790017047,1.4050414491957004,
442.0,75.84437784358339,1.4237213340700512,
442.25,77.8147729942045,1.4430490936738254,
442.5,79.6488629103373,1.46300044275711,
442.75,81.34793020027432,1.4835539729093548,
443.0,82.91488354996723,1.5046909025826685,
443.25,84.35396354641533,1.5263948464802937,
443.5,85.67045623400634,1.548651602820838,
443.75,86.87042339140756,1.5714489602677297,
444.0,87.96045970586965,1.5947765199654964,
444.25,88.94747959526117,1.618625533569901,
444.5,89.8385358248876,1.6429887558706564,
444.75,90.64067001415987,1.6678603103987233,
445.0,91.36079297367932,1.693235567540072,
445.25,92.0055924210634,1.7191110338471813,
445.5,92.58146471310307,1.7454842518745082,
445.75,93.09446745296255,1.7723537092814685,
446.0,93.5502893466205,1.7997187567430537,
446.25,93.95423428561216,1.827579533685189,
446.5,94.31121659915004,1.8559369013878242,
446.75,94.6257652647146,1.8847923823277404,
447.0,94.90203447258313,1.9141481057986234,
447.25,95.14381910977988,1.9440067586246377,
447.5,95.35457349645834,1.9743715407741753,
447.75,95.53743177974292,2.005246125934592,
448.0,95.69522999189634,2.0366346252451626,
448.25,95.83052801098222,2.068541555260962,
448.5,95.94563158801624,2.100971808812704,
448.75,96.04261348893024,2.133930629169652,
449.0,96.12333369611095,2.167423586932559,
449.25,96.18945899015269,2.201456558648699,
449.5,96.24248101245618,2.2360357080434343,
449.75,96.2837327106577,2.2711674697342144,
450.0,96.31440414476099,2.3068585337446574,
450.25,96.33555671301504,2.3431158320970753,
450.5,96.34813597517524,2.37994652713189,
450.75,96.35298356007847,2.4173580007214346,
451.0,96.35084835861278,2.455357844029297,
451.25,96.34239572290852,2.493953849904936,
451.5,96.3282164989011,2.5331540049275714,
451.75,96.30883502065342,2.5729664825606764,
452.0,96.28471615187912,2.613399637340012,
452.25,96.25627155872748,2.6544619998126047,
452.5,96.22386559643108,2.6961622715834808,
452.75,96.1878206140317,2.738509320887466,
453.0,96.14842114067642,2.7815121796952456,
453.25,96.10591822512725,2.8251800400833105,
453.5,96.06053309651932,2.8695222514258996,
453.75,96.01246036937798,2.914548318071545,
454.0,95.96187087699991,2.9602678973654846,
454.25,95.90891433556162,3.006690797644723,
454.5,95.85372181803496,3.0538269762948542,
454.75,95.79640749685252,3.10168653900783,
455.0,95.73707062554774,3.150279738269189,
455.25,95.67579717080174,3.1996169723102015,
455.5,95.6126612436381,3.2497087842622627,
455.75,95.54772632925746,3.3005658615351936,
456.0,95.48104640672553,3.352199035225896,
456.25,95.41266705271025,3.4046192793574814,
456.5,95.34262637829526,3.4578377103313156,
456.75,95.27095563614331,3.5118655869759574,
457.0,95.19768005167283,3.5667143099103167,
457.25,95.1228194464929,3.6223954212351246,
457.5,95.04638879370562,3.678920604256111,
457.75,94.96839868197024,3.736301683301679,
458.0,94.88885572996895,3.794550623528358,
458.25,94.80776299291419,3.8536795306073213,
458.5,94.72512039586798,3.9137006502047242,
458.75,94.64092495803345,3.9746263679175176,
459.0,94.55517101622347,4.036469209073501,
459.25,94.46785051826785,4.099241838232795,
459.5,94.37895324004921,4.162957058753916,
459.75,94.28846697455309,4.227627812331836,
460.0,94.19637767741683,4.293267178549253,
460.25,94.10266958921525,4.359888374373594,
460.5,94.00732535472035,4.4275047535322525,
460.75,93.91032615937316,4.496129805698594,
461.0,93.81165190289215,4.565777155422377,
461.25,93.71128122666484,4.636460561427093,
461.5,93.60919151858327,4.708193915782793,
461.75,93.50535903017303,4.780991242677364,
462.0,93.39975892637372,4.85486669717073,
462.25,93.29236537728696,4.92983456364529,
462.5,93.18315160312099,5.0059092542945285,
462.75,93.07208988785017,5.083105307577583,
463.0,92.95915157710685,5.16143738656752,
463.25,92.84430707582368,5.2409202771210985,
463.5,92.72752586114392,5.321568885797793,
463.75,92.608776526118,5.403398237455833,
464.0,92.48802686970369,5.486423472453035,
464.25,92.36524404858793,5.570659843380203,
464.5,92.24039433160208,5.6561227134110466,
464.75,92.11344307296962,5.742827552843505,
465.0,91.9843548575225,5.830789935688793,
465.25,91.85309327600484,5.920025537225631,
465.5,91.71962110829547,6.0105501290853205,
465.75,91.58390041091442,6.102379574643868,
466.0,91.44589252909826,6.195529824584282,
466.25,91.30555805402048,6.29001691249071,
466.5,91.16285674573352,6.385856950336033,
466.75,91.01774744240858,6.48306612372461,
467.0,90.87018797644961,6.5816606867518,
467.25,90.72013511805795,6.681656956341928,
467.5,90.56754456682386,6.783071305926335,
467.75,90.4123710119212,6.885920158323179,
468.0,90.25456828148194,6.990219977680638,
468.25,90.09408960172645,7.095987260345147,
468.5,89.93088798642616,7.203238524516363,
468.75,89.7649158244327,7.311990304295911,
469.0,89.59612246766014,7.422259154967436,
469.25,89.42445708194882,7.534061626516632,
469.5,89.24986779493618,7.647414258905698,
469.75,89.0723016804215,7.762333571325344,
470.0,88.8917047750634,7.8788360508217075,
470.25,88.7080220433691,7.9969381407402205,
470.5,88.52119731061329,8.116656228789308,
470.75,88.33117318332434,8.238006634526842,
471.0,88.13789097697588,8.361005596072207,
471.25,87.94129067052141,8.485669255846933,
471.5,87.74131090740985,8.612013645146742,
471.75,87.53788906271986,8.740054667347946,
472.0,87.33096139605063,8.869808079551063,
472.25,87.12046321457413,9.001289473279158,
472.5,86.90632782567224,9.13451426425394,
472.75,86.688487100926,9.269497667564224,
473.0,86.46687148335464,9.40625467714113,
473.25,86.2414098933127,9.544800044169973,
473.5,86.0120297411164,9.685148253596962,
473.75,85.77865688436191,9.827313500089067,
474.0,85.54121554955663,9.971309663145563,
474.25,85.29962823768403,10.117150281059669,
474.5,85.05381563332307,10.264848523428777,
474.75,84.8036965369429,10.414417161911723,
475.0,84.54918783999378,10.565868538931559,
475.25,84.29020456241493,10.7192145340223,
475.5,84.02665997218023,10.874466527518095,
475.75,83.75846567208876,11.031635362951471,
476.0,83.48553063479243,11.190731319608435,
476.25,83.20776180824423,11.351764064305915,
476.5,82.925063902847,11.514742612568226,
476.75,82.6373393448383,11.67967528342328,
477.0,82.34448828269673,11.846569651533928,
477.25,82.04640852966531,12.015432498040509,
477.5,81.7429954607061,12.18626975961561,
477.75,81.43414188220105,12.359086475231866,
478.0,81.1197378927135,12.533886730143784,
478.25,80.79967075312516,12.7106735965845,
478.5,80.47382478446286,12.88944907067836,
478.75,80.14208131173007,13.070214005070303,
479.0,79.80431867205759,13.252968036772907,
479.25,79.46041230548803,13.43770950973207,
479.5,79.11023494507076,13.62443539164287,
479.75,78.75365571067707,13.813141206245003,
480.0,78.39053968185173,14.003820950720392,
480.25,78.02074870801043,14.196466989082497,
480.5,77.6441409164287,14.391069961777983,
480.75,77.26057063125018,14.587618681909081,
481.0,76.86988825434065,14.786100026890349,
481.25,76.47194011648843,14.98649882479166,
481.5,76.06656830745244,15.188797734619147,
481.75,75.6536104933588,15.392977119785925,
482.0,75.23289972994675,15.59901491402435,
482.25,74.80426428016513,15.806886478991593,
482.5,74.36752744462007,16.016564452820344,
482.75,73.9225074133752,16.228018588866362,
483.0,73.46901714760494,16.441215583904743,
483.25,73.0068642996022,16.6561188950266,
483.5,72.53585094759502,16.872688550707643,
483.75,72.05577277821081,17.09088096390305,
484.0,71.56641949166463,17.31064869902275,
484.25,71.0675744222999,17.531940246608556,
484.5,70.5590142562744,17.75469978025258,
484.75,70.0405087678756,17.978866897222012,
485.0,69.51182055342021,18.204376341859202,
485.25,68.97270475864596,18.43115771035085,
485.5,68.42290879550373,18.659135135460307,
485.75,67.86217204425805,18.888226949816882,
486.0,67.29022553680429,19.11834532635603,
486.25,66.70679161711014,19.349395894504404,
486.5,66.11158357469002,19.58127733070361,
486.75,65.50430531473987,19.81388091754422,
487.0,64.8846511433332,20.0470900604929,
487.25,64.25230527911306,20.280779788132282,
487.5,63.60694157084572,20.514816200903155,
487.75,62.948223086961946,20.749055884146895,
488.0,62.27580174149197,20.98334527502886,
488.25,61.58931795757878,21.21751997802688,
488.5,60.88840035926496,21.45140402420939,
488.75,60.17266548224831,21.684809069527898,
489.0,59.44171749430127,21.917533527348233,
489.25,58.69514791604951,22.149361630445227,
489.5,57.93253533280477,22.380062417685416,
489.75,57.15344508814714,22.609388640622285,
490.0,56.35742917569951,22.837075566578186,
490.25,55.54402687200981,23.062839604286534,
490.5,54.712764293256974,23.28637692872932,
490.75,53.863154862268075,23.50736190857783,
491.0,52.994699747082215,23.72544538432716,
491.25,52.106888534331674,23.940252794263895,
491.5,51.19920023184663,24.151382121788703,
491.75,50.27110466435467,24.35840163915323,
492.0,49.322064326146446,24.56084742267076,
492.25,48.351536754579044,24.75822061446004,
492.5,47.358977488288,24.949984405781677,
492.75,46.34384367397968,25.13556071702656,
493.0,45.30559838567521,25.314326549415686,
493.25,44.24371676472449,25.485609921413815,
493.5,43.157694160308026,25.648685346555695,
493.75,42.047054036903184,25.802768955034036,
494.0,40.91135928866349,25.947013016048412,
494.25,39.750225660066256,26.080499933795622,
494.5,38.56333812159695,26.202235652000592,
494.75,37.35047075351508,26.31114241362551,
495.0,36.11151073011042,26.406050844643563,
495.25,34.846487277843806,26.48569143415851,
495.5,33.55560634351914,26.548685345255688,
495.75,32.23929198333235,26.59353470836523,
496.0,30.898235335686408,26.618612529564555,
496.25,29.533452187892475,26.622152553049318,
496.5,28.146350185400966,26.60223946954256,
496.75,26.738805902263817,26.55680021921815,
497.0,25.313251941010122,26.483597452096976,
497.25,23.872773432800585,26.380226755964838,
497.5,22.421211407416443,26.24411956267339,
497.75,20.963268327861197,26.072554883516744,
498.0,19.504609636937804,25.862684310455517,
498.25,18.05194791922929,25.611574570694504,
498.5,16.613094472060013,25.316274701355756,
498.75,15.196956126971859,24.973914796145685,
499.0,13.81344975348472,24.581843593536917,
499.25,12.47330497345219,24.137810236697383,
499.5,11.187728409401124,23.64019111870366,
499.75,9.967915062999593,23.08825388746472,
500.0,8.824417355804478,22.482437837758003,
500.25,7.766419155954603,21.824614222586614,
500.5,6.801004429328213,21.118275764415777,
500.75,5.932543124149685,20.368600055922375,
501.0,5.1623213509635795,19.582342434007884,
501.25,4.488506673549853,18.767544563640964,
501.5,3.9064659598534055,17.93308726355461,
501.75,3.4093689757973964,17.08815542585592,
502.0,2.988948708707201,16.241702484552874,
502.25,2.636272866509135,15.401994554269931,
502.5,2.3424088673999526,14.576285636669414,
502.75,2.098917324786779,13.770638991931765,
503.0,1.8981612874817102,12.989879962601595,
503.25,1.7334552867213833,12.237648266839782,
503.5,1.599094956791128,11.516513837151232,
503.75,1.4903094391151874,10.828124373793802,
504.0,1.4031716867534025,10.173361096430522,
504.25,1.3344919508101318,9.552487445028063,
504.5,1.281710569336922,8.965282394344094,
504.75,1.2427990877875201,8.411155054436794,
505.0,1.2161738698153135,7.889240125785285,
505.25,1.2006233780834081,7.398475616065582,
505.5,1.1952487002595849,6.937665159139163,
505.75,1.1994158359608025,6.505526951533328,
506.0,1.2127184164295277,6.100731990353137,
506.25,1.234949090139097,5.721933309216308,
506.5,1.266078378146427,5.367788338397263,
506.75,1.3062395570995915,5.036975415510588,
507.0,1.3557187996364808,4.72820599364622,
507.25,1.4149496450478702,4.44023330139572,
507.5,1.4845112330625718,4.171858288057926,
507.75,1.5651298158677334,3.921933502886785,
508.0,1.657683127581279,3.6893652562324224,
508.25,1.7632073947340847,3.4731145964660515,
508.5,1.8829067110935875,3.2721972814871823,
508.75,2.018164633344948,3.0856830445515375,
509.0,2.170557822817751,2.912694326308749,
509.25,2.341871567952123,2.752404566393814,
509.5,2.5341170457853255,2.6040362441774754,
509.75,2.74955007423394,2.4668586900276015,
510.0,2.990691110338249,2.3401857753982447,
510.25,3.2603461212892406,2.2233735317582752,
510.5,3.5616278014728455,2.115817708569448,
510.75,3.897976587211306,2.0169513580612075,
511.0,4.2731805173938255,1.926242429487127,
511.25,4.69139301219548,1.8431914298083385,
511.5,5.157147243610412,1.7673291690290474,
511.75,5.675365250252835,1.6982145779891529,
512.0,6.251360289602137,1.635432670111494,
512.25,6.8908295024916235,1.5785926084014923,
512.5,7.599834581721273,1.5273259207441252,
512.75,8.384768069181977,1.4812849085340458,
513.0,9.252300110941283,1.440141143282308,
513.25,10.209304467225218,1.4035841869137717,
513.5,11.262758758552668,1.3713204429456396,
513.75,12.419616819554308,1.3430721773730492,
514.0,13.686650118796233,1.3185766739731206,
514.25,15.07025721783101,1.2975855217382395,
514.5,16.576241465292334,1.2798640126018124,
514.75,18.209559583082328,1.2651906319921744,
515.0,19.97404625606869,1.253356616181817,
515.25,21.87212338004256,1.2441655595847976,
515.5,23.90450610922096,1.237433052809957,
515.75,26.069921319877867,1.2329863343875291,
516.0,28.364857080258755,1.2306639409024507,
516.25,30.783364141751584,1.2303153493356116,
516.5,33.31693029132313,1.2318005999893054,
516.75,35.95444817097096,1.234989905520537,
517.0,38.68229049189448,1.2397632277948163,
517.25,41.48450432768858,1.2460098457925586,
517.5,44.343123735224154,1.2536279030244988,
517.75,47.23859262974561,1.262523942661418,
518.0,50.15027936890488,1.2726124344354568,
518.25,53.05705480557076,1.2838153026395678,
518.5,55.93790152016237,1.296061453947114,
518.75,58.77251566224185,1.3092863140095374,
519.0,61.54186595739709,1.323431374766427,
519.25,64.2286780812535,1.3384437556344684,
519.5,66.81781950127811,1.3542757861151336,
519.75,69.29656998503457,1.370884602020261,
520.0,71.65477273747393,1.3882317667853379,
520.25,73.88486945153677,1.4062829138551538,
520.5,75.9818330146693,1.4250074105725208,
520.75,77.94301337609541,1.4443780447769614,
521.0,79.76791804029799,1.4643707339123602,
521.25,81.45794875268965,1.4849642546874133,
521.5,83.01611329084201,1.506139994818577,
521.75,84.44673205769362,1.5278817226949744,
522.0,85.755151565522,1.5501753771720903,
522.25,86.94747697886,1.5730088747956894,
522.5,88.03033099411226,1.596371933135328,
522.75,89.01064268433356,1.6202559099908858,
523.0,89.89546846014369,1.644653656691076,
523.25,90.69184451938285,1.6695593847812977,
523.5,91.4066692605181,1.6949685447338367,
523.75,92.0466125549564,1.7208777162377429,
524.0,92.61804918381448,1.747284508429999,
524.25,93.12701257364051,1.7741874698160605,
524.5,93.57916581824934,1.801586006583808,
524.75,93.97978646844582,1.829480309045714,
525.0,94.33376263667515,1.8578712849462902,
525.25,94.64559755290183,1.8867604994608103,
525.5,94.91942058050981,1.9161501210731964,
525.75,95.15900304437918,1.9460428725233643,
526.0,95.36777688658978,1.976441987110293,
526.25,95.5488554311371,2.00735116914793,
526.5,95.70505533772265,2.0387745581654046,
526.75,95.8389186693865,2.070716696967136,
527.0,95.95273479131507,2.1031825028278277,
527.25,96.04856136594903,2.1361772419743152,
527.5,96.12824470202581,2.169706506350975,
527.75,96.19343936919002,2.2037761922141494,
528.0,96.24562561709315,2.238392482335856,
528.25,96.28612628989764,2.2735618290064408,
528.5,96.31612237408366,2.309290938922591,
528.75,96.33666701667433,2.3455867600771154,
529.0,96.34869830119891,2.3824564701160407,
529.25,96.35305136408928,2.4199074651749073,
529.5,96.35046914742715,2.4579473503204947,
529.75,96.34161166229902,2.496583931786903,
530.0,96.32706504518282,2.5358252089409485,
530.25,96.30734941361894,2.5756793676312264,
530.5,96.28292580262558,2.6161547745200338,
530.75,96.254202468384,2.6572599719234495,
531.0,96.22154088872584,2.6990036726187214,
531.25,96.18526063748551,2.741394756164832,
531.5,96.14564386485519,2.7844422654351337,
531.75,96.10293951112465,2.828155403185197,
532.0,96.057366917846,2.8725435293173702,
532.25,96.009118977583,2.917616158639198,
532.5,95.95836499052965,2.9633829588101084,
532.75,95.90525341862818,3.0098537481317065,
533.0,95.84991408903302,3.0570384941426916,
533.25,95.79246010674375,3.1049473124995974,
533.5,95.73298978618546,3.1535904655503426,
533.75,95.67158826248621,3.202978361314436,
534.0,95.60832888281311,3.253121552713533,
534.25,95.54327443099334,3.304030736944075,
534.5,95.47647828372948,3.3557167547851776,
534.75,95.40798555250115,3.408190589739799,
535.0,95.33783380317175,3.461463367984271,
535.25,95.26605386863135,3.5155463579202992,
535.5,95.19267059468329,3.5704509697252282,
535.75,95.11770346877763,3.6261887550234833,
536.0,95.04116715125984,3.6827714066648234,
536.25,94.96307193373293,3.7402107585460387,
536.5,94.88342416800673,3.7985187853659688,
536.75,94.80222670910808,3.8577076022037096,
537.0,94.71947931165295,3.917789464098241,
537.25,94.635178756108,3.9787767662341396,
537.5,94.54931921867093,4.040682043342948,
537.75,94.46189249907732,4.103517969361214,
538.0,94.37288824404186,4.1672973569772065,
538.25,94.2822941196827,4.2320331572151515,
538.5,94.19009595111439,4.297738458996177,
538.75,94.09627785008345,4.364426488607527,
539.0,94.00082235152124,4.432110609011522,
539.25,93.90371057988816,4.500804318925803,
539.5,93.8049223877873,4.5705212518722025,
539.75,93.70443626998416,4.641275175800611,
540.0,93.60222954314156,4.713079991739299,
540.25,93.49827837215823,4.785949732808228,
540.5,93.39255787266818,4.859898562768548,
540.75,93.28504217165143,4.934940774596377,
541.0,93.17570443277893,5.011090789042514,
541.25,93.06451686194319,5.088363153107499,
541.5,92.95145070842585,5.166772538361422,
541.75,92.83647627715335,5.246333739037884,
542.0,92.71956296749202,5.327061669831526,
542.25,92.60067935403393,5.40897136332851,
542.5,92.47979332482458,5.4920779669993784,
542.75,92.35687196805371,5.5763967411371205,
543.0,92.23188136659918,5.661943056532823,
543.25,92.10478688204279,5.7487323904700425,
543.5,91.97555289199238,5.8367803247407455,
543.75,91.84414295834407,5.926102541082884,
544.0,91.71051991156034,6.0167148168590385,
544.25,91.57464586332337,6.1086330208829684,
544.5,91.43648216745777,6.201873109263516,
544.75,91.29598934901823,6.296451121135377,
545.0,91.15312702143632,6.392383174146169,
545.25,91.00785381162167,6.4896854595693005,
545.5,90.86012731291204,6.588374236912087,
545.75,90.70990408576726,6.6884658278886056,
546.0,90.5571397261018,6.789976609626747,
546.25,90.40178902115076,6.892923006978939,
546.5,90.24380621276421,6.997321483806026,
546.75,90.08314538711642,7.103188533109163,
547.0,89.91975912013172,7.210540676960084,
547.25,89.75359798149874,7.319394460586495,
547.5,89.5846121570378,7.42976643422609,
547.75,89.41275075715589,7.541673147582866,
548.0,89.23796187944858,7.655131139202546,
548.25,89.06019260733981,7.770156925807337,
548.5,88.87938896415201,7.886766991401869,
548.75,88.69549584199783,8.004977775962137,
549.0,88.50845692488592,8.124805663519275,
549.25,88.31821462543257,8.246266969449985,
549.5,88.1247100545709,8.369377926785443,
549.75,87.92788304364983,8.49415467135053,
550.0,87.72767223831465,8.620613225545204,
550.25,87.524015283561,8.748769480579814,
550.5,87.31684870785199,8.878639180348744,
550.75,87.10610696335631,9.010237910940118,
551.0,86.89172334917646,9.143581074355337,
551.25,86.67362968316664,9.278683871348347,
551.5,86.45175632528183,9.415561279901652,
551.75,86.22603216798508,9.554228033087082,
552.0,85.99638457957712,9.69469859631303,
552.25,85.7627393199963,9.83698714367063,
552.5,85.52502044863662,9.981107533091334,
552.75,85.28315024373177,10.127073280028357,
553.0,85.03704915285313,10.274897529374464,
553.25,84.78663579406967,10.42459302532856,
553.5,84.53182702731749,10.576172078923546,
553.75,84.27253811552704,10.729646532927921,
554.0,84.00868238366995,10.885027730940088,
554.25,83.74017067974201,11.042326485852739,
554.5,83.46691197219293,11.201553035270535,
554.75,83.18881300894671,11.362717004798899,
555.0,82.90577836277151,11.525827363969308,
555.25,82.61771040648176,11.690892381198761,
555.5,82.32450923374543,11.857919577345324,
555.75,82.02607254414313,12.026915677385587,
556.0,81.72229551112547,12.197886559739896,
556.25,81.41307065151477,12.370837202771234,
556.5,81.0982877151978,12.54577162798358,
556.75,80.77783361365567,12.722692839445626,
557.0,80.45159240597742,12.901602758965684,
557.25,80.11944536100359,13.082502156543665,
557.5,79.78127111424614,13.265390575625979,
557.75,79.43694544478491,13.45026626127997,
558.0,79.08633995276112,13.637126101680163,
558.25,78.72932326121737,13.82596552359615,
558.5,78.36576051266445,14.016778412953052,
558.75,77.99551327973232,14.209557021223947,
559.0,77.61843947601635,14.404291867286291,
559.25,77.23439322871131,14.600971634919375,
559.5,76.8432247229703,14.799583065213241,
559.75,76.4447800279254,15.0001108431595,
560.0,76.0389009143069,15.202537477694511,
560.25,75.62542467359827,15.406843174465312,
560.5,75.20418394866364,15.613005700588811,
560.75,74.7750065857846,15.821000240674612,
561.0,74.33771551804352,16.030799243381953,
561.25,73.89212868999014,16.242372257781177,
561.5,73.43805903352839,16.455685758790217,
561.75,72.97531390338021,16.67070297671338,
562.0,72.50369445194475,16.887383715744935,
562.25,72.02299614749232,17.10568413077781,
562.5,71.53300829307966,17.3255565175559,
562.75,71.03351377611497,17.546949082722683,
563.0,70.5242888166421,17.76980569914437,
563.25,70.0051027108826,17.994065645210945,
563.5,69.47571756682058,18.219663326811677,
563.75,68.93588802861532,18.446527980681847,
564.0,68.38536098662635,18.67458335781725,
564.25,67.82387526983592,18.90374738565324,
564.5,67.25116131745399,19.133931807704865,
564.75,66.66694082649023,19.365041799364835,
565.0,66.07092645314755,19.596975553269154,
565.25,65.46282154441585,19.829623829460477,
565.5,64.84231970175723,20.062869486186788,
565.75,64.20910448635264,20.296586964854075,
566.0,63.562849009415274,20.5306417423682,
566.25,62.90321556046656,20.764889740553176,
566.5,62.229855267042744,20.999176688220395,
566.75,61.542407776036974,21.23333743163372,
567.0,60.84050094688283,21.467195189115476,
567.25,60.12375054678443,21.700560745538297,
567.5,59.39175993819869,21.933231582447814,
567.75,58.644119748775154,22.16499093956119,
568.0,57.88040751395881,22.395606803386418,
568.25,57.10018749967599,22.62483080085385,
568.5,56.30301123512743,22.852396929445813,
568.75,55.488416964572345,23.078020290598083,
569.0,54.65592996375936,23.30139564059454,
569.25,53.80506279877097,23.522195809140428,
569.5,52.93531578304178,23.740069978755447,
569.75,52.046177713215535,23.95464180129223,
570.0,51.13712693304581,24.16550732962274,
570.25,50.20763277454549,24.372232742535196,
570.5,49.25715742558991,24.574351840884017,
570.75,48.2851582731787,24.771363293035485,
571.0,47.2910907715613,24.962727607651544,
571.25,46.27441188511656,25.147863811808026,
571.5,45.23458526572499,25.326145733655967,
571.75,44.17108780202881,25.496897884263326,
572.0,43.08341614290235,25.65939101293533,
572.25,41.971096050304396,25.81283710779984,
572.5,40.83369352678182,25.956383911365556,
572.75,39.67082844452841,26.08910888201209,
573.0,38.4821911462884,26.210012545487096,
573.25,37.26756252564165,26.31801119432791,
573.5,36.02683839400534,26.4119289741154,
573.75,34.76005875389243,26.490489279981443,
574.0,33.46744292727248,26.552305542392435,
574.25,32.149431374019876,26.595871477321506,
574.5,30.806735213365148,26.61955100944548,
574.75,29.440394539598216,26.621568111585,
575.0,28.05184616484616,26.59999705474931,
575.25,26.643001342571182,26.55275383710253,
575.5,25.216333640532177,26.477589885012275,
575.75,23.774976057863974,26.372089582473215,
576.0,22.322824457318323,26.233673473448466,
576.25,20.86464302723232,26.05961096772043,
576.5,19.406165986206382,25.847046433698736,
576.75,17.954178885750917,25.593042937107704,
577.0,16.516567925624514,25.29465148929246,
577.25,15.10231198109306,24.949012148193553,
577.5,13.721390489122447,24.553494473092883,
577.75,12.3845775612138,24.10588236605299,
578.0,11.103096157859103,23.604603803957204,
578.25,9.888119145990505,23.048996775356844,
578.5,8.75012997009246,22.439589635405973,
578.75,7.6981930292997,21.778358375963027,
579.0,6.7392261333134345,21.068909301061655,
579.25,5.877399075752521,20.316532084673646,
579.5,5.113784255692369,19.528080179715698,
579.75,4.446346198438171,18.71166748076564,
580.0,3.870281723241918,17.87621269707851,
580.25,3.3786386479018535,17.030901454366248,
580.5,2.9630813502258153,16.18465382675741,
580.75,2.6146582664984965,15.345676122894414,
581.0,2.3244566981873973,14.521145892718074,
581.25,2.0840837299316344,13.717042919853327,
581.5,1.885963593434812,12.938109858441141,
581.75,1.723477276328506,12.187909973013532,
582.0,1.5909856410682794,11.468946018158178,
582.25,1.4837779842420993,10.782809002680514,
582.5,1.3979805193259252,10.130333854943007,
582.75,1.3304494008004022,9.51174726653194,
583.0,1.2786638555071352,8.92679982866209,
583.25,1.2406280614622418,8.374879312556994,
583.5,1.214785653002945,7.855104833657029,
583.75,1.1999479851243728,7.366403564890271,
584.0,1.19523539838135,6.907571917818778,
584.25,1.200030364472198,6.477323839007706,
584.5,1.2139407506790436,6.074328233547686,
584.75,1.2367718431486219,5.697237834102477,
585.0,1.2685055635549998,5.344711006314606,
585.25,1.30928578308015,5.015427988655044,
585.5,1.3594087619400606,4.708102821289171,
585.75,1.4193178889086764,4.421491778734023,
586.0,1.4896021772319696,4.154399223410192,
586.25,1.5709979387816888,3.905681266964627,
586.5,1.6643933741322778,3.674247909355178,
586.75,1.7708357306082276,3.459063902696007,
587.0,1.891540840587366,3.2591486763590303,
587.25,2.0279048649518376,3.073575585087181,
587.5,2.1815180499951587,2.9014705629644557,
587.75,2.35418039065983,2.742010433680358,
588.0,2.5479189877125212,2.594420911230177,
588.25,2.7650068998862065,2.4579744060475837,
588.5,3.0079832251957916,2.33198772348981,
588.75,3.2796739794406147,2.2158196494750304,
589.0,3.583213363315669,2.108868534299843,
589.25,3.9220646838252415,2.0105698616116445,
589.5,4.300040131052408,1.9203938507900769,
589.75,4.721318429278785,1.8378431347564095,
590.0,5.190458759755677,1.7624504847506957,
590.25,5.712409684044135,1.6937766623099773,
590.5,6.292510711916048,1.6314083696982067,
590.75,6.936484242201381,1.5749563267514604,
591.0,7.650415885995017,1.524053533410755,
591.25,8.440718605329671,1.4783536238988058,
591.5,9.314079012610055,1.4375294295781822,
591.75,10.277381258051529,1.4012716822243134,
592.0,11.337605740218713,1.3692878880402823,
592.25,12.501699343329491,1.3413013536438634,
592.5,13.776414684313782,1.317050349991263,
592.75,15.168117464140753,1.2962874102038346,
593.0,16.682561978820825,1.2787787317411405,
593.25,18.324638096986657,1.264303676868976,
593.5,20.098094264157368,1.252654328111728,
593.75,22.005246250378715,1.2436351018027325,
594.0,24.046683479210934,1.2370623868655457,
594.25,26.22098892504063,1.232764196181155,
594.5,28.52449153830686,1.2305798175324358,
594.75,30.951071763836385,1.2303594528869324,
595.0,33.49204200812598,1.2319638435502387,
595.25,36.13612095986293,1.2352638753105403,
595.5,38.86951655557925,1.2401401515054415,
595.75,41.67612878758419,1.246482565901967,
596.0,44.53786968375986,1.2541898442966748,
596.25,47.43509348219499,1.2631690803852895,
596.5,50.34711610864115,1.2733352624997174,
596.75,53.25279664386629,1.2846108017514954,
597.0,56.13114723276573,1.2969250597671376,
597.25,58.96193308768406,1.3102138865071353,
597.5,61.726227407525364,1.3244191673821561,
597.75,64.40688973505407,1.3394883874259056,
598.0,66.98894334748674,1.3553742131157853,
598.25,69.45983786317841,1.3720340912507403,
598.5,71.80959221495607,1.389429871314232,
598.75,74.03082225835156,1.4075274495848809,
599.0,76.11866741267995,1.4262964339583368,
599.25,78.07063081706269,1.4457098328862616,
599.5,79.88635675173896,1.4657437651872147,
599.75,81.56736468369965,1.4863771917111588,
600.0,83.11676027629125,1.5075916681946646,
600.25,84.53894230743833,1.5293711158920287,
600.5,85.83931659572632,1.5517016133678962,
600.75,87.02403058736638,1.5745712042353892,
601.0,88.0997340013304,1.5979697217828983,
601.25,89.07336977346176,1.6218886292518062,
601.5,89.95199726200441,1.6463208739351238,
601.75,90.74264673033535,1.6712607548077345,
602.0,91.4522037236261,1.6967038019651797,
602.25,92.087319999638,1.7226466677300913,
602.5,92.65434852169537,1.7490870274551813,
602.75,93.15929843612702,1.7760234900806067,
603.0,93.60780711663631,1.803455517025549,
603.25,94.00512580620077,1.8313833491185885,
603.5,94.35611638996406,1.859807940337656,
603.75,94.66525638994436,1.88873089832728,
604.0,94.93665047165037,1.9181544304513647,
604.25,95.17404644519121,1.9480812952323368,
604.5,95.38085392083752,1.9785147591783256,
604.75,95.56016557388313,2.0094585569661705,
605.0,95.71477877591317,2.040916856391843,
605.25,95.84721789307044,2.072894226356575,
605.5,95.95975593976578,2.1053956085432644,
605.75,96.05443557670732,2.138426292019311,
606.0,96.13308965115283,2.1719918897960087,
606.25,96.19736041388234,2.2060983180379194,
606.5,96.24871691197869,2.2407517783156528,
606.75,96.28847195452357,2.2759587405275576,
607.0,96.31779749554455,2.311725928019662,
607.25,96.33773848121675,2.3480603047139867,
607.5,96.34922560727489,2.384969063458204,
607.75,96.35308754308227,2.4224596146483153,
608.0,96.35006131268707,2.460539577234511,
608.25,96.34080165773118,2.499216770749478,
608.5,96.3258900242087,2.538499207346577,
608.75,96.305842326033,2.578395085266351,
609.0,96.28111582265082,2.6189127832293337,
609.25,96.25211542615138,2.6600608552289655,
609.5,96.21919967767307,2.7018480253478856,
609.75,96.18268544250645,2.744283184366209,
610.0,96.14285251111026,2.7873753860438546,
610.25,96.09994772164718,2.8311338438237232,
610.5,96.05418853202572,2.875567928146488,
610.75,96.00576614181921,2.920687164236014,
611.0,95.95484835605644,2.9665012300051337,
611.25,95.9015823446447,3.0130199538141262,
611.5,95.846096715327,3.060253313309902,
611.75,95.78850352247792,3.1082114340909675,
612.0,95.72890014523924,3.156904588370657,
612.25,95.66737088266837,3.2063431939783245,
612.5,95.60398832578367,3.2565378136171272,
612.75,95.53881457956416,3.307499154226396,
613.0,95.47190243447119,3.3592380662396297,
613.25,95.40329648738255,3.4117655427642912,
613.5,95.33303380232904,3.4650927196538976,
613.75,95.2611447906073,3.519230874892981,
614.0,95.1876539200753,3.574191428219277,
614.25,95.11258033823798,3.6299859408022237,
614.5,95.03593839379138,3.6866261150366784,
614.75,94.95773809319172,3.744123794358878,
615.0,94.8779855362907,3.802490962973472,
615.25,94.796683374976,3.8617397453807327,
615.5,94.71383114623112,3.9218824061228794,
615.75,94.62942544394078,3.9829313498314987,
616.0,94.54346027574047,4.0448991206614515,
616.25,94.4559272923996,4.107798401930246,
616.5,94.36681600415197,4.171642015680725,
616.75,94.27611394743104,4.2364429222749065,
617.0,94.18380682308367,4.302214219950231,
617.25,94.08987862713717,4.368969144269337,
617.5,93.99431179519368,4.436721067394617,
617.75,93.89708738152633,4.505483497118705,
618.0,93.79818513491115,4.575270076114317,
618.25,93.69758346678276,4.646094581355331,
618.5,93.59525960814177,4.717970922862949,
618.75,93.49118965283095,4.790913142619828,
619.0,93.38534865515642,4.864935413135466,
619.25,93.27771068111242,4.940052036048692,
619.5,93.16824882845869,5.016277440697774,
619.75,93.05693523108857,5.093626182588015,
620.0,92.94374106312648,5.172112941686684,
620.25,92.82863655819268,5.251752520475128,
620.5,92.71159105927401,5.332559841687952,
620.75,92.59257311463875,5.4145499456690835,
621.0,92.47155062433967,5.497737987326603,
621.25,92.34849048686466,5.582139235054844,
621.5,92.22335882879473,5.667769066453789,
621.75,92.09612088561639,5.754642966331801,
622.0,91.9667409677191,5.84277652341645,
622.25,91.83518260523184,5.932185425924948,
622.5,91.70140860787821,6.0228854573703945,
622.75,91.56538105968335,6.114892492474479,
623.0,91.42706126836453,6.208222493057281,
623.25,91.28640968923894,6.302891503774817,
623.5,91.14338584348064,6.39891564757498,
623.75,90.9979482505599,6.496311120742519,
624.0,90.8500543946972,6.595094187403705,
624.25,90.69966074516488,6.695281173361329,
624.5,90.54672285026898,6.7968884591306775,
624.75,90.39119552484391,6.899932472047131,
625.0,90.23303315109276,7.004429677316034,
625.25,90.0721899400527,7.1103965688914315,
625.5,89.90861769158815,7.217849674394378,
625.75,89.74226724572193,7.326805537927793,
626.0,89.573088690975,7.437280710198337,
626.25,89.40103107482983,7.549291740432183,
626.5,89.22604244356327,7.662855165902931,
626.75,89.04806982451387,7.777987501360931,
627.0,88.8670591701431,7.894705228177466,
627.25,88.6829552832501,8.013024783017181,
627.5,88.49570174269991,8.132962545852214,
627.75,88.30524084902437,8.254534827131424,
628.0,88.11151360925571,8.377757853918164,
628.25,87.91445978035233,8.50264775480998,
628.5,87.71401799057632,8.62922054345372,
628.75,87.51012595571576,8.757492100490031,
629.0,87.30271985737349,8.887478161438164,
629.25,87.09173411604331,9.019194300090575,
629.5,86.87710193058784,9.152655905583725,
629.75,86.65875502194697,9.28787816427045,
630.0,86.4366236664758,9.424876038115743,
630.25,86.21063666915533,9.563664242680446,
630.5,85.98072129621197,9.704257224407977,
630.75,85.74680318668165,9.846669136929126,
631.0,85.50880626245484,9.990913816099994,
631.25,85.26665265633841,10.137004753488178,
631.5,85.02026267767013,10.284955068022215,
631.75,84.76955483502226,10.434777475519423,
632.0,84.5144459355298,10.586484255807145,
632.25,84.25485124214929,10.74008721761283,
632.5,83.99068367570516,10.895597672532448,
632.75,83.72185406868901,11.053026394416596,
633.0,83.44827120413919,11.212383581458358,
633.25,83.1698416855464,11.373678816248326,
633.5,82.88646995830509,11.536921022014571,
633.75,82.5980582645987,11.70211841779053,
634.0,82.30450655042371,11.86927847204135,
634.25,82.00571234345594,12.03840785427924,
634.5,81.70157062046408,12.209512384198366,
634.75,81.39197368297431,12.382596977859794,
635.0,81.07681105989026,12.557665590457072,
635.25,80.75596945577279,12.734721155192942,
635.5,80.42933276348374,12.913765517797746,
635.75,80.09678215989786,13.094799366220053,
636.0,79.75819629580451,13.27782215515645,
636.25,79.41345032824174,13.462832046550353,
636.5,79.06241574584335,13.649825830467003,
636.75,78.70496095003122,13.83879883262686,
637.0,78.340950838216,14.02974483165502,
637.25,77.97024674817128,14.222655964761655,
637.5,77.59270635659983,14.41752262964795,
637.75,77.20818354211042,14.614333381910836,
638.0,76.81652822282366,14.813074827219944,
638.25,76.41758617882566,15.013731507540118,
638.5,76.01119886968775,15.216285780672829,
638.75,75.59720325727096,15.420717692389893,
639.0,75.17543164403386,15.627004840432825,
639.25,74.74571153706208,15.835122229651201,
639.5,74.30786554803828,16.045042117553393,
639.75,73.86171133937098,16.25673384954304,
640.0,73.40706159421337,16.47016368397914,
640.25,72.94372304801988,16.6852946313964,
640.5,72.47149654571362,16.902086253985768,
640.75,71.99017714921634,17.12049445274789,
641.0,71.49955373513046,17.340471254468348,
641.25,70.99940874697218,17.561964580808603,
641.5,70.48951794458901,17.78491800256329,
641.75,69.96965014771227,18.00927047779806,
642.0,69.43956697059538,18.234956072582165,
642.25,68.8990225446884,18.461903663029908,
642.5,68.34776322629982,18.69003661736527,
642.75,67.78552728619583,18.919272456723757,
643.0,67.21204457808825,19.149522493405748,
643.25,66.62703618377505,19.38069144525002,
643.5,66.03021417151867,19.61267701525022,
643.75,65.4212812206333,19.845369445756837,
644.0,64.79993027717703,20.07865104228156,
644.25,64.16584420671984,20.312395658091646,
644.5,63.51869539364021,20.546468143758975,
644.75,62.85814537829842,20.780723753242526,
645.0,62.18384452222869,21.01500750233756,
645.25,61.49543169149217,21.249153475324885,
645.5,60.79253394833283,21.482984075653494,
645.75,60.074766241278304,21.716309216489968,
646.0,59.34173108382775,21.94892544696789,
646.25,58.5930182118688,22.18061500997066,
646.5,57.82820420996549,22.411144827281042,
646.75,57.04685253354677,22.640265370703588,
647.0,56.24851382625444,22.867709400288465,
647.25,55.432725441198926,23.09319069236189,
647.5,54.599011786844464,23.31640257192685,
647.75,53.746884576376644,23.53701632597474,
648.0,52.875843309732545,23.754679473140175,
648.25,51.98537603728595,23.969013868106348,
648.5,51.07496045201292,24.179613619308356,
648.75,50.14406535696267,24.38604279848211,
649.0,49.19215255485912,24.58783292060629,
649.25,48.21867920665808,24.784480172784868,
649.5,47.22310070588533,24.97544237061773,
649.75,46.20487416798514,25.160135616902593,
650.0,45.16346414818579,25.33793052555008,
650.25,44.09834854313645,25.508148127201512,
650.5,43.0090256639773,25.67005536184624,
650.75,41.89502361464275,25.82286005395509,
651.0,40.75591157693252,25.965705393726424,
651.25,39.59131362989478,26.09766385816749,
651.5,38.40092555996521,26.21773051597652,
651.75,37.184535202758276,26.324815688345076,
652.0,35.942047134900086,26.417736991700277,
652.25,34.673512301428225,26.49521068670451,
652.5,33.379163572409524,26.55584242409918,
652.75,32.05945803972795,26.598117468427233,
653.0,30.715127111481202,26.620390609634732,
653.25,29.347235469444758,26.620875991422785,
653.5,27.957249407710098,26.597637455488226,
653.75,26.54711530335499,26.548580023093212,
654.0,25.11934814746013,26.47144388882834,
654.25,23.67712919879773,26.363802157078318,
654.5,22.224409614563246,26.22306460634068,
654.75,20.7660160967246,26.0464912456913,
655.0,19.307751727580804,25.831219320272233,
655.25,17.856475264344237,25.574308565492466,
655.5,16.420147832254926,25.27281242942854,
655.75,15.007819940997399,24.923881574631007,
656.0,13.62953266531063,24.524907224263217,
656.25,12.296103032549727,24.0737090922457,
656.5,11.018768057145358,23.56876796058089,
656.75,9.808675533739605,23.00949345426673,
657.0,8.67623656169932,22.3965041853043,
657.25,7.630392699453818,21.731881735205157,
657.5,6.67789280491807,21.019346253508456,
657.75,5.822704885337979,20.26429895294638,
658.0,5.0656875778819535,19.473690003104217,
658.25,4.404603950940212,18.655703421754957,
658.5,3.8344836532481144,17.819293315999126,
658.75,3.3482561090610887,16.97364358214128,
659.0,2.9375206379753225,16.12763886754305,
659.25,2.593309414724419,15.289424235410225,
659.5,2.306731826622961,14.466100016662576,
659.75,2.069442775805963,13.663562347966662,
660.0,1.8739282981538041,12.88647147956595,
660.25,1.7136359264389556,12.138314774107863,
660.5,1.5829915032910518,11.421528498461853,
660.75,1.4773440532375548,10.737647684221342,
661.0,1.3928725557653252,10.087461645649634,
661.25,1.3264785764128921,9.47116093526465,
661.5,1.275679782589561,8.888468276675528,
661.75,1.2385125887950599,8.338750518245778,
662.0,1.2134475939570921,7.821111579521509,
662.25,1.1993187402721872,7.334468023124397,
662.5,1.1952654400886034,6.877609301223648,
662.75,1.2006864494582095,6.449245249556357,
663.0,1.21520376074748,6.04804283363301,
663.25,1.2386351953517416,5.672654584163045,
663.5,1.2709740077182055,5.321739864104919,
663.75,1.3123746222292914,4.993980874254188,
664.0,1.3631433586255788,4.68809426907565,
664.25,1.4237334605325256,4.4028394208046,
664.5,1.4947438070365673,4.137024091947657,
664.75,1.5769208002913446,3.8895079844537794,
665.0,1.6711631367982331,3.659204785366975,
665.25,1.7785291285773865,3.4450829477771583,
665.5,1.900246404885571,3.246165582357525,
665.75,2.0377237855330006,3.0615296412220947,
666.0,2.1925651787392653,2.890304555422231,
666.25,2.3665853631284817,2.731670519507814,
666.5,2.561827449636276,2.584856470882756,
666.75,2.780581836528921,2.449137897472002,
667.0,3.0254063447194017,2.3238345166192547,
667.25,3.2991471475510776,2.208307864634669,
667.5,3.604960038853504,2.1019588786819288,
667.75,3.9463312870665983,2.004225462171595,
668.0,4.327097345329225,1.9145801005814451,
668.25,4.7514622508682525,1.8325275327286037,
668.5,5.2240112880308445,1.7576024880977938,
668.75,5.749719503946924,1.6893675461176694,
669.0,6.33395260152814,1.6274110870390504,
669.25,6.98245836274073,1.5713453937556372,
669.5,7.701345815257592,1.520804909113562,
669.75,8.497048334530088,1.4754446081978203,
670.0,9.376268568188635,1.4349385718166312,
670.25,10.34590060925256,1.3989786970012696,
670.5,11.412927088131113,1.3672735896456527,
670.75,12.584287127293544,1.3395475905416199,
671.0,13.866713664054483,1.315539956267758,
671.25,15.266538463923201,1.2950041603226714,
671.5,16.789465693170545,1.277707305250883,
671.75,18.440317025042955,1.2634296262003515,
672.0,20.22275336216454,1.251964051033723,
672.25,22.13898299725513,1.2431158163194473,
672.5,24.18946833033008,1.2367021075462625,
672.75,26.372647313428914,1.2325517105454848,
673.0,28.684688872067703,1.2305046625309144,
673.25,31.1193026268742,1.2304118891983125,
673.5,33.66762528093205,1.2321348291381506,
673.75,36.31820223171159,1.2355450415415936,
674.0,39.05707749120111,1.2405237694711881,
674.25,41.86800531311697,1.2469615178831917,
674.5,44.73277784375124,1.254757593003937,
674.75,47.631661793839115,1.2638196373662052,
675.0,50.54392351200935,1.27406315562281,
675.25,53.44841306986979,1.2854110433166237,
675.5,56.32417489926892,1.2977931152173185,
675.75,59.15104584940739,1.3111456429483617,
676.0,61.91020580430286,1.3254109045735056,
676.25,64.58464982106936,1.3405367475642838,
676.5,67.15955827791146,1.3564761741720368,
676.75,69.62255120348941,1.3731869403894712,
677.0,71.96382341374793,1.3906311801787457,
677.25,74.17616481982263,1.4087750507281922,
677.5,76.25488017483552,1.4275883996492107,
677.75,78.19762514141807,1.4470444542339918,
678.0,80.00417934382624,1.4671195337792622,
678.25,81.67617877288583,1.4877927819509724,
678.5,83.21682580801793,1.5090459211558025,
678.75,84.63059580343041,1.5308630252564595,
679.0,85.92295305121621,1.553230311168935,
679.25,87.10008609954839,1.5761359488613094,
679.5,88.16867067581673,1.5995698867024912,
679.75,89.13566284443851,1.6235236925944572,
680.0,90.00812420962107,1.6479904092513822,
680.25,90.79307859458531,1.6729644224935727,
680.5,91.49739823193059,1.6984413416207074,
680.75,92.1277165318923,1.7244178910480814,
681.0,92.69036441705153,1.7508918119621928,
681.25,93.19132661354666,1.7778617733863646,
681.5,93.63621470903287,1.8053272916418048,
681.75,94.03025365354563,1.8332886577263767,
682.0,94.3782790852445,1.8617468716488614,
682.25,94.68474295785772,1.8907035831352252,
682.5,94.9537252309585,1.9201610383455696,
682.75,95.1889501604071,1.9501220315573242,
683.0,95.3938054591395,1.9805898618344964,
683.25,95.57136300980042,2.0115682943900635,
683.5,95.72440109511656,2.043061525018346,
683.75,95.85542630465623,2.0750741488180195,
684.0,95.9666954802398,2.107611131653247,
684.25,96.06023663035013,2.1406777849673753,
684.5,96.1378690014452,2.174279743076256,
684.75,96.20122251746227,2.208422942095167,
685.0,96.25175529201644,2.2431136020270857,
685.25,96.29077008521918,2.2783582104415396,
685.5,96.31942977681814,2.3141635074378115,
685.75,96.33877127542446,2.3505364726441607,
686.0,96.34971811556971,2.387484313787101,
686.25,96.35309228974546,2.425014455903902,
686.5,96.34962503112233,2.4631345316482043,
686.75,96.33996587341758,2.501852373780769,
687.0,96.32469156822381,2.541176007281447,
687.25,96.30431385635305,2.58111364275662,
687.5,96.27928631920858,2.621673670837951,
687.75,96.25001055445436,2.662864657172851,
688.0,96.21684204370948,2.704695337393145,
688.25,96.18009510161944,2.7471746132322648,
688.5,96.14004714849682,2.7903115493745263,
688.75,96.09694290692826,2.8341153699977815,
689.0,96.05099796745935,2.8785954560649305,
689.25,96.00240189723968,2.9237613431099714,
689.5,95.95132103014731,2.9696227192694797,
689.75,95.89790113949324,3.016189423189776,
690.0,95.84226971970051,3.063471442418825,
690.25,95.78453776870191,3.1114789125188906,
690.5,95.72480172077825,3.1602221156035477,
690.75,95.66314503340644,3.20971147933478,
691.0,95.5996395673297,3.2599575761457134,
691.25,95.53434678720087,3.310971122639105,
691.5,95.46731887777455,3.362762978960372,
691.75,95.39859985846999,3.415344147973113,
692.0,95.32822637491446,3.468725775018512,
692.25,95.25622840465223,3.5229191476957347,
692.5,95.18263002774088,3.5779356953362895,
692.75,95.10745004339397,3.633786988681972,
693.0,95.03070250016529,3.6904847396447753,
693.25,94.9523971462303,3.748040801131448,
693.5,94.8725398417459,3.8064671668253505,
693.75,94.79113297527076,3.8657759708182566,
694.0,94.7081758869392,3.9259794870948994,
694.25,94.62366500929846,3.9870901296694146,
694.5,94.53759418050748,4.049120452118331,
694.75,94.44995489093287,4.112083147179372,
695.0,94.36073650288436,4.175991046287274,
695.25,94.26992642660454,4.240857119128648,
695.5,94.17751025860767,4.306694473190337,
695.75,94.08347190272276,4.373516353233592,
696.0,93.98779369419623,4.441336140626413,
696.25,93.89045654720898,4.510167352466386,
696.5,93.79144012798189,4.580023640489933,
696.75,93.69072279139918,4.650918790630431,
697.0,93.58828170115841,4.722866721797795,
697.25,93.48409287552552,4.795881484854386,
697.5,93.37813127576035,4.869977261186483,
697.75,93.27037088155268,4.9451683611925095,
698.0,93.16078472482268,5.021469222785581,
698.25,93.04934489738824,5.098894409838457,
698.5,92.93602254800176,5.1774586104990075,
698.75,92.82078788425845,5.257176635304278,
699.0,92.70361019487882,5.338063415021256,
699.25,92.58445790786767,5.4201339981424335,
699.5,92.46329870005194,5.50340354796426,
699.75,92.34009962567173,5.587887339405723,
700.0,92.21482664513312,5.673600758164058,
700.25,92.08744504607657,5.760559295372765,
700.5,91.9579191565685,5.848778546199893,
700.75,91.82621239591464,5.938274205812278,
701.0,91.69228741521823,6.029062064670122,
701.25,91.55610615154751,6.121158004065609,
701.5,91.41762981607344,6.214577991769442,
701.75,91.27681883653874,6.309338077649146,
702.0,91.13363277441904,6.405454389122978,
702.25,90.9880302371375,6.502943126313317,
702.5,90.83996880569342,6.6018205567633785,
702.75,90.68940499806628,6.702103009581104,
703.0,90.53629428875588,6.803806868874089,
703.25,90.38059120481978,6.9069485663393975,
703.5,90.2222495187689,7.01154457287212,
703.75,90.06122255868243,7.1176113890565205,
704.0,89.89746358225469,7.225165534848876,
704.25,89.73092355702822,7.3342235542454635,
704.5,89.56155206134518,7.444802000549779,
704.75,89.38929808897213,7.556917422407124,
705.0,89.21410955427761,7.670586356439037,
705.25,89.03593334115953,7.785825316074786,
705.5,88.85471529100208,7.902650780298016,
705.75,88.67040014922866,8.021079182113786,
706.0,88.4829314900171,8.141126896541271,
706.25,88.29225163874356,8.262810227937363,
706.5,88.0983016117216,8.386145396456454,
706.75,87.90102109280257,8.511148523451638,
707.0,87.70034846640405,8.63783561562259,
707.25,87.4962209265324,8.766222547715389,
707.5,87.28857468136596,8.89632504357953,
707.75,87.07734460157674,9.028158660994976,
708.0,86.86246353323509,9.161738777923183,
708.25,86.64386313866292,9.297080565785436,
708.5,86.4214735451932,9.434198971202436,
708.75,86.19522338569796,9.573108693080362,
709.0,85.96503977957605,9.713824159259119,
709.25,85.7308482691066,9.85635950246569,
709.5,85.49257273077038,10.000728535274721,
709.75,85.25013528113993,10.14694472377839,
710.0,85.00345619694055,10.29502115966771,
710.25,84.75245386888307,10.44497053042733,
710.5,84.4970448088706,10.59680508734595,
710.75,84.2371437301801,10.750536611044444,
711.0,83.97266372000614,10.906176374226538,
711.25,83.70351573126315,11.063735110786666,
711.5,83.4296082785261,11.223222979304042,
711.75,83.15084788374418,11.384649518108008,
712.0,82.86713878173198,11.548023605460438,
712.25,82.578382960789,11.713353412953783,
712.5,82.28448013148258,11.8806463578662,
712.75,81.98532764199861,12.049909053981207,
713.0,81.68082035846416,12.221147260379212,
713.25,81.37085052864649,12.39436582770827,
713.5,81.05530764743261,12.569568641441482,
713.75,80.73407834249359,12.746758561628386,
714.0,80.40704629853808,12.925937358647724,
714.25,80.0740922385592,13.107105644468955,
714.5,79.73509398047912,13.290262798929891,
714.75,79.38992658759554,13.47540689053784,
715.0,79.03846222110677,13.662534598662866,
715.25,78.68056868156762,13.85164115341161,
715.5,78.31611063548762,14.042720224340728,
715.75,77.94494916567446,14.235763834730355,
716.0,77.56694164092072,14.430762262870804,
716.25,77.18194161529317,14.62770393785534,
716.5,76.78979869306266,14.826575330534885,
716.75,76.3903583681377,15.02736083889179,
717.0,75.98346184686456,15.230042667089762,
717.25,75.568945863057,15.434600697457066,
717.5,75.14664249411857,15.641012354660075,
717.75,74.71637898712041,15.84925246132433,
718.0,74.2779776036975,16.059293084360142,
718.25,73.83125549262645,16.271103371249925,
718.5,73.37602459894784,16.484649375554273,
718.75,72.91209159673666,16.699893871484967,
719.0,72.43925711285858,16.916796176203274,
719.25,71.95731566152553,17.135311939510814,
719.5,71.4660556916808,17.355392918348088,
719.75,70.96525920986677,17.576986748183938,
720.0,70.45470151980476,17.80003669634108,
720.25,69.93415096105885,18.02448139918399,
720.5,69.40336864291757,18.250254581791193,
720.75,68.86210816962705,18.47728475873406,
721.0,68.31011535310905,18.70549491458423,
721.25,67.74712790929804,18.93480216277167,
721.5,67.17287513423042,19.16511738141558,
721.75,66.58707755602002,19.396344824750116,
722.0,65.98944656281313,19.628381708538548,
722.25,65.37968418641617,19.86111775530878,
722.5,64.7574826916204,20.09443471555275,
722.75,64.12252423860004,20.328205852765663,
723.0,63.47448051921731,20.562295387105795,
723.25,62.81301235936554,20.796557899640923,
723.5,62.13776936243922,21.030837688827905,
723.75,61.448389584473105,21.26496807459322,
724.0,60.74449923149196,21.49877064538216,
724.25,60.02571236961312,21.732054443544374,
724.5,59.291630638443536,21.964615084423595,
724.75,58.54184295831333,22.196233804519157,
725.0,57.77592522188765,22.426676434087113,
725.25,56.99343996743709,22.655692289080278,
725.5,56.19393672174016,22.88301291505724,
725.75,55.37695205680149,23.108350736320048,
726.0,54.54200948745361,23.331397641793263,
726.25,53.68861991109364,23.55182337219818,
726.5,52.81628207159592,23.769273773784573,
726.75,51.9244833053954,23.983368891017072,
727.0,51.012700629469606,24.193700874097495,
727.25,50.080402230947016,24.39983167720457,
727.5,49.12704941806966,24.60129052333234,
727.75,48.15209909223774,24.797571111608637,
728.0,47.15500680086409,24.988128542974998,
728.25,46.13523043076625,25.172375940109376,
728.5,45.092234752402945,25.349680728211,
728.75,44.02549871394559,25.519360433767567,
729.0,42.9345224539319,25.680678157011798,
729.25,41.81883647278986,25.8328375380285,
729.5,40.678013204832745,25.974977184229623,
729.75,39.511680999247666,26.10616455269692,
730.0,38.31954116802559,26.2253892260539,
730.25,37.10138863215216,26.33155552834337,
730.5,35.857136850496886,26.423474495873343,
730.75,34.58684787291709,26.499855213275506,
731.0,33.290768294068,26.559295511882965,
731.25,31.969372098074178,26.60027216258639,
731.5,30.623411279961942,26.62113075274296,
731.75,29.253975320291502,26.62007558430675,
732.0,27.8625604212338,26.595159992469746,
732.25,26.451148488825293,26.544278066731,
732.5,25.022296360628108,26.46515861265069,
732.75,23.579233923578276,26.355363540483086,
733.0,22.125968451990936,26.212292107908088,
733.25,20.667389612130485,26.03319486123454,
733.5,19.2093689730017,25.81520203756866,
733.75,17.75883950998081,25.555370529725085,
734.0,16.323836977359125,25.25075663202679,
734.25,14.913483080445049,24.898522281877405,
734.5,13.537879557859743,24.496081210644327,
734.75,12.207884740324786,24.04129001130856,
735.0,10.934747351596661,23.532683506349777,
735.25,9.729587149156242,22.969744246449377,
735.5,8.602739502251902,22.353182295379288,
735.75,7.563019768176153,21.685185621573687,
736.0,6.617005126716123,20.96958845006356,
736.25,5.76846026534363,20.21190293260505,
736.5,5.018030107322096,19.41917449812243,
736.75,4.36327796141198,18.599655126890568,
737.0,3.7990692491204903,17.76233185876058,
737.25,3.318218572522934,16.916384382521834,
737.5,2.9122637225905357,16.070659895287974,
737.75,2.572223576061725,15.233240823844762,
738.0,2.2892317471657133,14.411149557252562,
738.25,2.0549922479941163,13.61019845027035,
738.5,1.862053498002471,12.834965655070715,
738.75,1.7039296354602766,12.088863197917997,
739.0,1.5751112185512728,11.374261552379732,
739.25,1.4710065650037008,10.692640489407946,
739.5,1.387846924264223,10.044744379474821,
739.75,1.3225787836788345,9.430728238760675,
740.0,1.2727578038866187,8.850287429024464,
740.25,1.2364522551314248,8.302768311111597,
740.5,1.2121593682253593,7.787259940358792,
740.75,1.1987354163748023,7.302668551145558,
741.0,1.1953386682619238,6.847776846124187,
741.25,1.2013840017784903,6.421290713951679,
741.5,1.2165074211266838,6.021875339518973,
741.75,1.2405391687869356,5.648183104378468,
742.0,1.273483782338829,5.298874470138201,
742.25,1.315506190693465,4.972633639874175,
742.5,1.3669227571563356,4.668179931049442,
742.75,1.4281965679937905,4.384275830155729,
743.0,1.499936379755592,4.119732519016229,
743.25,1.5828987062743278,3.873413298823771,
743.5,1.6779927729037167,3.6442355445015187,
743.75,1.7862880040874702,3.4311714174084873,
744.0,1.9090238750890627,3.2332476966127053,
744.25,2.0476219311803905,3.0495449301972952,
744.5,2.2036998140404855,2.879196037217848,
744.75,2.379087165424971,2.721384572349926,
745.0,2.575843196869638,2.57534269099504,
745.25,2.796275731725852,2.440348942783375,
745.5,3.0429614136132965,2.3157259485119415,
745.75,3.318766669564015,2.200837983376245,
746.0,3.6268689790658892,2.0950885591196533,
746.25,3.9707776787117632,1.9979179918312637,
746.5,4.354353540985452,1.9088010179198682,
746.75,4.781825993151987,1.8272444740389284,
747.0,5.257806457853994,1.7527850377378646,
747.25,5.787296448927396,1.6849870950384562,
747.5,6.375687908682209,1.6234407015431223,
747.75,7.0287538096245346,1.5677596885594747,
748.0,7.752626473309343,1.517579937209975,
748.25,8.55375943528258,1.472557756771437,
748.5,9.438870999486879,1.4323684707704314,
748.75,10.414864806212403,1.3967051391448184,
749.0,11.488725022543301,1.3652774593808545,
749.25,12.66738233022037,1.337810805043202,
749.5,13.95754905213838,1.3140454140384137,
749.75,15.365522022449312,1.293735698509059,
750.0,16.896954097595707,1.2766496633726185,
750.25,18.556597474583803,1.2625684145288065,
750.5,20.34802417839125,1.251285723536755,
750.75,22.273333679271694,1.2426076455756272,
751.0,24.33286007103741,1.236352161065537,
751.25,26.524895164732254,1.2323488272518253,
751.5,28.845446951232866,1.2304384288982915,
751.75,31.288053772321682,1.2304726142230533,
752.0,33.84367659136381,1.23231351807022,
752.25,36.500687663721315,1.2358333684020701,
752.5,39.24496823971329,1.2409140478455525,
752.75,42.06012833275054,1.247446670502059,
753.0,44.927842135426566,1.2553311208032707,
753.25,47.828291357519134,1.2644755876514915,
753.5,50.740695331964986,1.2747960900016022,
753.75,53.64389796701354,1.2862160057982939,
754.0,56.51697874046852,1.2986656006352861,
754.25,59.33984864981576,1.3120815660809684,
754.5,62.09379641498076,1.3264065702198093,
754.75,64.76195435201875,1.3415888217073448,
755.0,67.32966105273536,1.3575816564465382,
755.25,69.78470761752797,1.374343137928844,
755.5,72.11746482334306,1.3918356829343232,
755.75,74.32089612250614,1.410025708267437,
756.0,76.39047110658898,1.4288832995102925,
756.25,78.32399671722884,1.4483819017268424,
756.5,80.12138680591553,1.4684980332939372,
756.75,81.7843924925259,1.4892110196679595,
757.0,83.31631141719141,1.5105027490743463,
757.25,84.72169449492597,1.5323574466292191,
757.5,86.00606305916028,1.5547614670092478,
757.75,87.17564572328855,1.577703105690808,
758.0,88.23714331332333,1.601172425343872,
758.25,89.19752418050525,1.625161097938752,
758.5,90.06385154511189,1.6496622609711946,
758.75,90.84314225692746,1.6746703865834651,
759.0,91.542254872061,1.7001811627368422,
759.25,92.16780412552093,1.7261913855448088,
759.5,92.72609871429817,1.7526988616027328,
759.75,93.22309882768465,1.7797023196423711,
760.0,93.66439021000149,1.8072013305498305,
760.25,94.05517148880965,1.835196235220263,
760.5,94.40025210764068,1.8636880793819022,
760.75,94.7040584574682,1.8926785546786444,
761.0,94.97064590898817,1.9221699457742691,
761.25,95.20371532881528,1.952165082398491,
761.5,95.4066324298489,1.9826672962715568,
761.75,95.58244855299648,2.013680382776163,
762.0,95.73392292505491,2.045208565647691,
762.25,95.86354455933736,2.077256465923701,
762.5,95.97355418221049,2.109829073586556,
762.75,96.06596510982936,2.1429317225360522,
763.0,96.14258318949146,2.176570068131374,
763.25,96.20502612741095,2.210750066316822,
763.5,96.25474110431365,2.245477955565059,
763.75,96.2930209374977,2.2807602409929673,
764.0,96.32101954216401,2.3166036793224016,
764.25,96.33976580480999,2.3530152659034655,
764.5,96.35017608160521,2.3900022234051748,
764.75,96.35306582522463,2.42757199131883,
765.0,96.3491604961083,2.4657322160053066,
765.25,96.33910446382183,2.5044907434131405,
765.5,96.32346982848763,2.5438556113049335,
765.75,96.30276417861221,2.5838350426466876,
766.0,96.27743742744947,2.624437439990293,
766.25,96.24788790485762,2.665671380576816,
766.5,96.21446807992709,2.707545611528352,
766.75,96.17748969548916,2.7500690455897487,
767.0,96.13722783472316,2.7932507583287745,
767.25,96.09392512963493,2.83709998462865,
767.5,96.04779531066822,2.8816261159790075,
767.75,95.99902631194334,2.926838698241412,
768.0,95.94778301697174,2.9727474297476606,
768.25,95.89420984196464,3.0193621593657323,
768.5,95.83843313613349,3.0666928846212023,
768.75,95.7805628640174,3.114749751005408,
769.0,95.72069452795151,3.163543050513778,
769.25,95.65891074923717,3.213083220640115,
769.5,95.59528265497512,3.263380843565407,
769.75,95.52987106865534,3.314446645565701,
770.0,95.46272759288445,3.366291496450379,
770.25,95.39389567572765,3.418926408835553,
770.5,95.32341153050838,3.4723625375867684,
770.75,95.25130470889945,3.526611179906751,
771.0,95.17759891240871,3.5816837747017676,
771.25,95.10231259445295,3.637591902285306,
771.5,95.02545949975683,3.6943472841015845,
771.75,94.94704911365847,3.7519617825436944,
772.0,94.86708706170252,3.8104474007620417,
772.25,94.78557549994999,3.8698162823586255,
772.5,94.70251353308439,3.93008071087229,
772.75,94.6178974510034,3.991253109647816,
773.0,94.53172091948436,4.053346041693698,
773.25,94.44397527578478,4.116372209145147,
773.5,94.35464973579467,4.180344452825294,
773.75,94.26373157972735,4.245275751758491,
774.0,94.17120629355769,4.311179222700324,
774.25,94.07705768603347,4.378068119617481,
774.5,93.98126800108584,4.44595583305062,
774.75,93.88381804546457,4.514855889293369,
775.0,93.7846873514241,4.584781949320611,
775.25,93.68385424914246,4.655747807898383,
775.5,93.58129580732712,4.72776739294007,
775.75,93.47698798928941,4.800854764093165,
776.0,93.3709056737023,4.8750241115732305,
776.25,93.26302275333151,4.950289754537873,
776.5,93.15331218475804,5.02666613950992,
776.75,93.04174600362609,5.104167838780216,
777.0,92.92829532100116,5.182809548716526,
777.25,92.81293031642362,5.262606087905084,
777.5,92.69562024324225,5.343572395051293,
777.75,92.5763334618131,5.425723526566099,
778.0,92.45503751614848,5.509074653764557,
778.25,92.33169926960086,5.593641059603101,
778.5,92.20628491372287,5.679438135798241,
778.75,92.0787594874989,5.766481381616785,
779.0,91.94908735818427,5.854786398462663,
779.25,91.8172319462893,5.944368887751395,
779.5,91.68315584431879,6.035244646277829,
779.75,91.54682089111493,6.1274295616155925,
780.0,91.40818818016086,6.220939607623078,
780.25,91.26721802099847,6.315790839927254,
780.5,91.12386987291318,6.411999391256581,
780.75,90.9781022700392,6.509581466494295,
781.0,90.82987275703854,6.608553337323348,
781.25,90.67913785450655,6.708931336334286,
781.5,90.52585307325764,6.810731850467327,
781.75,90.36997299664414,6.913971313659937,
782.0,90.21145145006153,7.018666198571156,
782.25,90.05024177679337,7.124833007253982,
782.5,89.88629677890094,7.2324882634402545,
782.75,89.71956697002128,7.341648514086039,
783.0,89.5500023031748,7.452330309970831,
783.25,89.3775516550816,7.564550199634066,
783.5,89.2021628413092,7.678324718728683,
783.75,89.0237826731731,7.793670378736387,
784.0,88.84235694470314,7.910603655681104,
784.25,88.65783037105597,8.029140978627199,
784.5,88.47014649975453,8.149298717749007,
784.75,88.27924761613484,8.271093171758261,
785.0,88.08507466438071,8.394540554475975,
785.25,87.88756720552709,8.519656980335316,
785.5,87.68666343381247,8.646458448602095,
785.75,87.48230027276094,8.774960826099369,
786.0,87.2744135723746,8.905179828222769,
786.25,87.06293842683921,9.037130998050271,
786.5,86.84780814721424,9.170829695916662,
786.75,86.62895388687627,9.306291081918355,
787.0,86.40630570561333,9.443530086273975,
787.25,86.17979208963897,9.582561390877416,
787.5,85.94933999358773,9.723399405108076,
787.75,85.71487481733193,9.866058241216813,
788.0,85.47632033757296,10.010551688974036,
788.25,85.23359861415966,10.156893189266404,
788.5,84.98662989108702,10.305095806328545,
788.75,84.73533251212774,10.455172198296305,
789.0,84.47962287104987,10.6071345857679,
789.25,84.21941541637317,10.760994718059504,
789.5,83.95462273061719,10.916763836841627,
789.75,83.68515570399397,11.074452636842839,
790.0,83.41092321225841,11.234071230846874,
790.25,83.13183138776664,11.395629116296229,
790.5,82.84778440392338,11.559135123468277,
790.75,82.55868405380673,11.724597375372984,
791.0,82.26442979469707,11.89202323836854,
791.25,81.9649187265067,12.061419271606761,
791.5,81.66004551290811,12.232791174916867,
791.75,81.34970226326509,12.40614373461152,
792.0,81.0337783934707,12.581480766699084,
792.25,80.71216048379627,12.75880505698598,
792.5,80.38473215185567,12.938118297553086,
792.75,80.05137395878869,13.119421019090076,
793.0,79.71196336676778,13.302712518571633,
793.25,79.36637476593248,13.487990781759436,
793.5,79.0144795888552,13.675252400013845,
793.75,78.6561464616905,13.864492482200438,
794.0,78.29123978251026,14.055704590698511,
794.25,77.91962019814659,14.248880636437338,
794.5,77.5411448338948,14.444010775826643,
794.75,77.15566694526832,14.641083310395034,
795.0,76.76303581435717,14.840084576148998,
795.25,76.36309661370876,15.040998827709487,
795.5,75.95569024532973,15.243808116462723,
795.75,75.54065316240768,15.448492161961758,
796.0,75.1178171813516,15.655028215815324,
796.25,74.68700929174999,15.863390917300592,
796.5,74.24805147184524,16.073552139936325,
796.75,73.80076051712334,16.285480828253068,
797.0,73.34494788961759,16.499142823996834,
797.25,72.88041959552518,16.714500681002953,
797.5,72.40697608445791,16.931513468368543,
797.75,71.92441161036388,17.15013657616123,
798.0,71.43251409115022,17.370321493069053,
798.25,70.93106508499496,17.5920155674377,
798.5,70.4198394355461,17.81516176212181,
798.75,69.8986050084878,18.03969839046673,
799.0,69.36712242154852,18.26555883477721,
799.25,68.82514476478904,18.492671245907506,
799.5,68.2724173080089,18.720958222607084,
799.75,67.70867719210882,18.950336469256307,
800.0,67.13365310124763,19.18071643062641,
