t,x,y,z
0.0,30.0,10.0,
0.25,27.799622071601156,9.992772841750362,
0.5,25.754948656637488,9.970745088641099,
0.75,23.850827401372023,9.933428428050776,
1.0,22.07482951978436,9.880387394045425,
1.25,20.416717209063332,9.811255005201705,
1.5,18.86801550661579,9.72574987666662,
1.75,17.421661579943567,9.623694518752526,
2.0,16.071712588741207,9.505034098767009,
2.25,14.81309852667366,9.36985496447222,
2.5,13.641411072132822,9.218401795942928,
2.75,12.552722527804189,9.051092219258653,
3.0,11.543431579895525,8.868527406497751,
3.25,10.61013418509155,8.671497396030652,
3.5,9.749519123540342,8.460979848845922,
3.75,8.958288232046213,8.238131445446673,
4.0,8.23310106872734,8.004271453854104,
4.25,7.570543319672581,7.7608578513096225,
4.5,6.967117155063603,7.5094568930646055,
4.75,6.419250763937493,7.251707771854062,
5.0,5.923323221442356,6.989284386303964,
5.25,5.475700287203754,6.723856579013956,
5.5,5.072776405067111,6.457053130924946,
5.75,4.711018460229417,6.190428494052364,
6.0,4.38700746139002,5.925434828663924,
6.25,4.0974752371032785,5.6634002802949235,
6.5,3.8393342434749855,5.4055138574317425,
6.75,3.6096995901597086,5.152816727363137,
7.0,3.4059032181380924,4.906199346864424,
7.25,3.2255008517251733,4.666403598168712,
7.5,3.0662725494793293,4.434028795291705,
7.75,2.926218334453079,4.209540765338524,
8.0,2.8035498538156087,3.993282830889154,
8.25,2.696679422453768,3.7854879937598342,
8.5,2.6042073918077255,3.5862915693772712,
8.75,2.524908719253041,3.3957437371489654,
9.0,2.4577194216690277,3.213821650185782,
9.25,2.4017233876018116,3.0404407780492355,
9.5,2.3561399120613613,2.8754653400811625,
9.75,2.320312199873578,2.7187177449289885,
10.0,2.293696978023835,2.5699870032265224,
10.25,2.275855236512069,2.429036122316361,
10.5,2.26644419095505,2.295608553787637,
10.75,2.265210373671686,2.169433736637878,
11.0,2.2719838296863557,2.050231816156021,
11.25,2.2866734240809,1.9377176608286695,
11.5,2.309263060863979,1.8316041870731405,
11.75,2.3398088592787043,1.7316051232264793,
12.0,2.3784371876494985,1.6374372770365133,
12.25,2.425343454654286,1.5488223529242768,
12.5,2.4807916328561768,1.4654883966062184,
12.75,2.5451144799973675,1.3871709384334867,
13.0,2.6187142905969156,1.3136138297325286,
13.25,2.7020642474967813,1.244569870294787,
13.5,2.79571025171045,1.1798012384011085,
13.75,2.9002731654922247,1.1190797522613916,
14.0,3.01645141864925,1.0621869946826152,
14.25,3.1450239461979534,1.008914338984592,
14.5,3.2868533174881196,0.9590628770596901,
14.75,3.4428889711496025,0.9124432631595794,
15.0,3.6141705102178134,0.8688755130561987,
15.25,3.801830933496319,0.8281887556907137,
15.5,4.0070995780942855,0.7902209424505691,
15.75,4.231304644857446,0.7548185267779294,
16.0,4.475875204920616,0.7218361313620552,
16.25,4.74234257516347,0.6911362191598712,
16.5,5.032340441161595,0.6625887327594558,
16.75,5.347603644086294,0.6360707276887398,
17.0,5.689965632258453,0.6114660335571833,
17.25,6.061353881225612,0.588664905199086,
17.5,6.463782923410682,0.5675636803621327,
17.75,6.899344743174532,0.5480644485395,
18.0,7.370196370754659,0.5300747407439521,
18.25,7.878543918049128,0.513507227878792,
18.5,8.426622430789179,0.498279421190023,
18.75,9.016672103886808,0.4843134076280282,
19.0,9.650909769685969,0.47153559066946676,
19.25,10.331495660552754,0.45987644746148254,
19.5,11.060495550266664,0.44927030430310294,
19.75,11.839838243469417,0.4396551285630754,
20.0,12.67126833489204,0.430972328965042,
20.25,13.55629530472922,0.4231665767221514,
20.5,14.49613926276041,0.41618563614895004,
20.75,15.491674532948668,0.40998020770364085,
21.0,16.543372463202594,0.4045037822631921,
21.25,17.65124502253625,0.39971250451331075,
21.5,18.81479121684631,0.39556504446829693,
21.75,20.032948446381045,0.39202247705945753,
22.0,21.30405118382871,0.3890481674557644,
22.25,22.625799524527693,0.38660766308117606,
22.5,23.995239653545077,0.38466858925521996,
22.75,25.408758443533234,0.3832005475596293,
23.0,26.86209449170506,0.3821750219945637,
23.25,28.350365923800744,0.38156528438215714,
23.5,29.868116120280902,0.3813463045583873,
23.75,31.40937706933485,0.38149466288120826,
24.0,32.96774892427198,0.3819884652405927,
24.25,34.53649402795564,0.3828072608206118,
24.5,36.108642869066934,0.3839319626452193,
24.75,37.677108017314545,0.38534477020831576,
25.0,39.2348024898377,0.3870290952921812,
25.25,40.7747582655024,0.38896948989634544,
25.5,42.29024075799991,0.39115157705154446,
25.75,43.77485518718351,0.39356198556682115,
26.0,45.22264163159246,0.39618828565177533,
26.25,46.62815567010229,0.39901892887566537,
26.5,47.986532784615434,0.40204319047389764,
26.75,49.293535145593495,0.4052511145858769,
27.0,50.54558082247257,0.40863346234620107,
27.25,51.739755669872146,0.41218166275995294,
27.5,52.87380888055538,0.41588776625190654,
27.75,53.94613444238873,0.4197444009817617,
28.0,54.95574024006376,0.4237447315977719,
28.25,55.902207068550894,0.4278824207982539,
28.5,56.78564036494238,0.4321515930102209,
28.75,57.606616915771916,0.43654680014971853,
29.0,58.36612808725697,0.4410629902806543,
29.25,59.065522595349314,0.44569547773396245,
29.5,59.70644975116909,0.45043991545411133,
29.75,60.290804816445025,0.4552922691773924,
30.0,60.82067744714043,0.460248793416876,
30.25,61.298304090275245,0.4653060090573666,
30.5,61.72602475374053,0.4704606825336491,
30.75,62.10624443260099,0.47570980650946904,
31.0,62.44139935489674,0.48105058184305594,
31.25,62.73392779876674,0.4864804009513965,
31.5,62.98624545284829,0.49199683230103686,
31.75,63.200724978298,0.4975976060042013,
32.0,63.379679373951035,0.503280600519016,
32.25,63.52534890251266,0.5090438302282161,
32.5,63.63989101814685,0.5148854340310446,
32.75,63.72537308431583,0.5208036646878794,
33.0,63.783767436604,0.5267968789415047,
33.25,63.816948379408196,0.5328635284419186,
33.5,63.82669094368551,0.5390021512352525,
33.75,63.81467104951366,0.5452113638562821,
34.0,63.78246663351667,0.551489854191206,
34.25,63.731559819733334,0.5578363746971654,
34.5,63.66333981525647,0.5642497360810521,
34.75,63.57910624080991,0.5707288015368018,
35.0,63.48007284258194,0.5772724814401557,
35.25,63.36737149668428,0.5838797283521074,
35.5,63.24205640809005,0.5905495323318964,
35.75,63.105108375500826,0.5972809166081906,
36.0,62.957438993592454,0.6040729336570981,
36.25,62.79989466646626,0.6109246617327176,
36.5,62.63326078888326,0.6178352013136944,
36.75,62.45826590703234,0.6248036716856988,
37.0,62.275585301483915,0.6318292082864605,
37.25,62.08584471563967,0.6389109598722644,
37.5,61.889623818958114,0.6460480859938356,
37.75,61.687459478218614,0.6532397546690465,
38.0,61.479848853291614,0.6604851402119596,
38.25,61.26725233388219,0.667783421177704,
38.5,61.05009631109298,0.6751337784243456,
38.75,60.828775664757465,0.6825353934996359,
39.0,60.60365617715963,0.689987446974724,
39.25,60.37507676402389,0.6974891169367138,
39.5,60.14335154002811,0.7050395776058682,
39.75,59.90877172580571,0.7126379980746271,
40.0,59.67160741430701,0.72028354114325,
40.25,59.432109217562335,0.7279753622209278,
40.5,59.19050981387856,0.7357126082633647,
40.75,58.94702533671017,0.743494416880979,
41.0,58.701856642257255,0.7513199155400921,
41.25,58.45519053049041,0.7591882207260945,
41.5,58.20720084103944,0.767098437238418,
41.75,57.95804946463937,0.7750496575441038,
42.0,57.70788727194067,0.7830409611956,
42.25,57.45685496927804,0.7910714143003145,
42.5,57.20508389099217,0.7991400690294514,
42.75,56.95269673530595,0.807245963160935,
43.0,56.699808215995795,0.8153881197415733,
43.25,56.44652567713019,0.8235655467409249,
43.5,56.19294966109773,0.8317772367467966,
43.75,55.93917442280958,0.8400221667234313,
44.0,55.685288404858525,0.8482992978026589,
44.25,55.43137467471604,0.8566075751118049,
44.5,55.17751132591222,0.8649459276391767,
44.75,54.923771845143555,0.8733132681379506,
45.0,54.67022544780665,0.8817084930682437,
45.25,54.41693739323227,0.890130482562944,
45.5,54.163969268924234,0.8985781004319149,
45.75,53.91137925365835,0.9070501941911702,
46.0,53.659222355922104,0.9155455951379778,
46.25,53.407550635771024,0.9240631184449329,
46.5,53.15641341124955,0.932601563274769,
46.75,52.905857448139365,0.9411597129236415,
47.0,52.655927131798386,0.9497363350006203,
47.25,52.406664619853615,0.9583301816511229,
47.5,52.15810998346878,0.9669399898036537,
47.75,51.91030136163172,0.9755644813654402,
48.0,51.66327507277885,0.9842023635372139,
48.25,51.41706573099664,0.9928523291129563,
48.5,51.1717063491566,1.0015130568177262,
48.75,50.92722843749083,1.0101832116531952,
49.0,50.683662096392354,1.0188614452584441,
49.25,50.44103610154267,1.0275463962958242,
49.5,50.199377979468785,1.036236690871691,
49.75,49.95871407163189,1.044930943001818,
50.0,49.71906959391764,1.0536277550951407,
50.25,49.480468721677845,1.0623257183341774,
50.5,49.24293463061828,1.0710234132323346,
50.75,49.006489551453946,1.0797194101411747,
51.0,48.771154816553064,1.0884122697964267,
51.25,48.536950905577136,1.0971005438684178,
51.5,48.303897489648286,1.1057827755211913,
51.75,48.072013472496856,1.1144574999891783,
52.0,47.84131702704238,1.1231232451802928,
52.25,47.611825625861044,1.1317785323143221,
52.5,47.38355606424471,1.1404218766041394,
52.75,47.15652450040023,1.149051787852163,
53.0,46.930746489034114,1.1576667710861057,
53.25,46.70623699768694,1.1662653272847843,
53.5,46.48301043294188,1.1748459540642313,
53.75,46.26108066210888,1.1834071463909581,
54.0,46.04046103535694,1.1919473972953847,
54.25,45.82116440733587,1.2004651985917765,
54.5,45.60320315732877,1.2089590416110345,
54.75,45.386589206976524,1.217427417952681,
55.0,45.17133403461562,1.2258688202623802,
55.25,44.95744868527651,1.234281743041306,
55.5,44.744943790958025,1.2426646833904755,
55.75,44.533829593463516,1.2510161417415437,
56.0,44.32411594727993,1.2593346227172248,
56.25,44.1158123351718,1.2676186359141668,
56.5,43.90892787924479,1.275866696717177,
56.75,43.703471352459815,1.28407732710958,
57.0,43.49945119015023,1.292249056482946,
57.25,43.29687550109449,1.3003804224494413,
57.5,43.095752077696716,1.3084699716600425,
57.75,42.89608840482775,1.3165162606318628,
58.0,42.69789166687904,1.3245178565878322,
58.25,42.50116875264561,1.3324733383114438,
58.5,42.30592626891134,1.3403812969252888,
58.75,42.11217055079844,1.3482403366925595,
59.0,41.91990766327398,1.3560490758846657,
59.25,41.729143410068495,1.3638061475836851,
59.5,41.5398833398193,1.371510200501665,
59.75,41.35213275224011,1.379159899791898,
60.0,41.16589670422083,1.3867539278524104,
60.25,40.981180015761446,1.39429098512191,
60.5,40.797987275643905,1.4017697908684337,
60.75,40.616322846745966,1.4091890839709351,
61.0,40.436190870900795,1.4165476236940633,
61.25,40.257595273206434,1.4238441904563652,
61.5,40.0805397656888,1.4310775865921617,
61.75,39.90502785022193,1.438246637107346,
62.0,39.73106282242728,1.445350190426257,
62.25,39.55864778569021,1.4523871189557507,
62.5,39.387785644385616,1.4593563199313855,
62.75,39.21847910527882,1.4662567161472255,
63.0,39.05073068379039,1.4730872565787976,
63.25,38.88454270894921,1.4798469170078712,
63.5,38.71991732721816,1.486534700645422,
63.75,38.55685650537667,1.493149638749146,
64.0,38.395362032644584,1.4996907912318895,
64.25,38.235435522231604,1.5061572472573543,
64.5,38.07707841249673,1.5125481258194466,
64.75,37.920291967901925,1.5188625763016321,
65.0,37.765077279944485,1.525099779012662,
65.25,37.61143526825236,1.5312589456950316,
65.5,37.459366682026776,1.5373393200025405,
65.75,37.308872102016586,1.5433401779433127,
66.0,37.159951943208576,1.5492608282846447,
66.25,37.01260645841812,1.5551006129160456,
66.5,36.86683574296455,1.5608589071668297,
66.75,36.722639740615584,1.566535120074631,
67.0,36.58001825098509,1.5721286946011988,
67.25,36.43897091721417,1.5776391081488856,
67.5,36.2994971688488,1.5830658737852676,
67.75,36.16159630388258,1.5884085391317753,
68.0,36.02526746325507,1.5936666870240555,
68.25,35.890509629906,1.5988399357134209,
68.5,35.75732163033156,1.6039279389991137,
68.75,35.62570213526107,1.6089303863478435,
69.0,35.49564965965077,1.6138470029965823,
69.25,35.36716256219206,1.6186775500346153,
69.5,35.240239044530846,1.6234218244608303,
69.75,35.11487715039537,1.6280796592122397,
70.0,34.991074764829165,1.6326509231597273,
70.25,34.86882961372637,1.6371355210670053,
70.5,34.74813926386631,1.641533393508775,
70.75,34.629001123644414,1.6458445167440825,
71.0,34.511412444696404,1.6500689025408557,
71.25,34.39537032461272,1.654206597947618,
71.5,34.28087171094036,1.658257685008364,
71.75,34.16791339217617,1.6622222807184128,
72.0,34.05649197496673,1.6661005372307887,
72.25,33.946603916936766,1.6698926408909818,
72.5,33.83824551391205,1.6735988121905736,
72.75,33.73141290004245,1.677219305415148,
73.0,33.62610204793227,1.6807544082665964,
73.25,33.5223087682887,1.6842044414703865,
73.5,33.420028709212204,1.6875697583654705,
73.75,33.31925735525242,1.6908507444745073,
74.0,33.219990026353564,1.6940478170520712,
74.25,33.1222218768129,1.6971614246085234,
74.5,33.02594789437604,1.700192046407221,
74.75,32.93116289959295,1.703140191932736,
75.0,32.837861545558276,1.70600640032776,
75.25,32.74603831815983,1.708791239796369,
75.5,32.655687536958915,1.711495306971323,
75.75,32.56680335682626,1.714119226243074,
76.0,32.479379770446336,1.7166636490484353,
76.25,32.39341059636732,1.7191292535022875,
76.5,32.308889476105676,1.7215167437841592,
76.75,32.225809887507694,1.723826849110496,
77.0,32.144165138491154,1.7260603231787148,
77.25,32.06394836729401,1.7282179434334517,
77.5,31.985152542566386,1.730300510324752,
77.75,31.90777046335469,1.7323088465579022,
78.0,31.83179475902646,1.734243796334603,
78.25,31.757217889184684,1.736106224585186,
78.5,31.68403214362027,1.7378970161915708,
78.75,31.612229642351416,1.739617075200666,
79.0,31.541802335798472,1.7412673240279122,
79.25,31.47274200514314,1.7428487026506663,
79.5,31.40504026292054,1.7443621677911312,
79.75,31.33868855389302,1.7458086920885258,
80.0,31.273678156254253,1.7471892632602,
80.25,31.2100001832124,1.748504883251391,
80.5,31.14764558426441,1.749756567393886,
80.75,31.086605139052168,1.7509453437719036,
81.0,31.026869463868476,1.7520722522369314,
81.25,30.968429013105315,1.7531383435693428,
81.5,30.91127407944853,1.754144678677763,
81.75,30.855394795101613,1.7550923277748485,
82.0,30.80078113312995,1.7559823695558798,
82.25,30.747422908921923,1.7568158903811135,
82.5,30.695309781763605,1.7575939834628416,
82.75,30.644431256523465,1.7583177480581025,
83.0,30.59477668544374,1.758988288667994,
83.25,30.546335270035023,1.7596067142445293,
83.5,30.499096063070553,1.7601741374059907,
83.75,30.453047970676902,1.7606916736617177,
84.0,30.408179754517498,1.7611604406472858,
84.25,30.364480034065636,1.7615815573710163,
84.5,30.32193728896347,1.7619561434727653,
84.75,30.28053986146361,1.7622853184959417,
85.0,30.24027595904302,1.7625702011700766,
85.25,30.20113365783948,1.7628119086728278,
85.5,30.163100904453493,1.7630115559742603,
85.75,30.126165519794718,1.7631702551336534,
86.0,30.090315202010203,1.7632891146374636,
86.25,30.0555375293478,1.7633692387590814,
86.5,30.021819963274393,1.7634117269296297,
86.75,29.989149851816556,1.76341767312104,
87.0,29.95751443309142,1.7633881652426353,
87.25,29.92690083899534,1.7633242845524568,
87.5,29.89729609901816,1.7632271050845623,
87.75,29.868687144150684,1.763097693093533,
88.0,29.841060810853072,1.7629371065174195,
88.25,29.814403845051874,1.7627463944603603,
88.5,29.788702906133366,1.7625265966961037,
88.75,29.76394457090087,1.7622787431936702,
89.0,29.74011533746379,1.7620038536663827,
89.25,29.71720162902603,1.7617029371455013,
89.5,29.69518979754146,1.761376991579694,
89.75,29.674066127890544,1.7610270034398123,
90.0,29.653816849528283,1.7606539470939888,
90.25,29.63442813182331,1.7602587847197277,
90.5,29.615886093033588,1.75984246584065,
90.75,29.59817680611257,1.7594059269567432,
91.0,29.581286302402074,1.7589500912596303,
91.25,29.565200575711078,1.7584758683568877,
91.5,29.549905586732727,1.7579841540064143,
91.75,29.535387267751847,1.75747582986184,
92.0,29.521631527595225,1.7569517632299803,
92.25,29.50862425677695,1.7564128068413276,
92.5,29.496351332791125,1.7558597986345807,
92.75,29.484798625504176,1.755293561556206,
93.0,29.4739520025991,1.7547149033760319,
93.25,29.46379733502388,1.7541246165198696,
93.5,29.454320502396435,1.7535234779201618,
93.75,29.44550739831827,1.7529122488856517,
94.0,29.43734393554922,1.7522916749910737,
94.25,29.429816050995512,1.7516624859878622,
94.5,29.422909710463433,1.7510253957368735,
94.75,29.41661091313091,1.7503811021641216,
95.0,29.410905695689284,1.749730287240521,
95.25,29.4057801361075,1.7490736169866388,
95.5,29.401220356971127,1.7484117415034497,
95.75,29.39721252834833,1.7477452950300916,
96.0,29.39374287025848,1.7470748960259457,
96.25,29.390797685209208,1.7464011463546913,
96.5,29.388363353173133,1.7457246315884425,
96.75,29.386426314658642,1.7450459217454113,
97.0,29.38497308898339,1.7443655709427297,
97.25,29.383990278401566,1.743684117470676,
97.5,29.38346457233424,1.743002083875327,
97.75,29.383382751678276,1.74231997704955,
98.0,29.383731693169135,1.741638288332241,
98.25,29.38449837377311,1.7409574936157164,
98.5,29.385669875084282,1.7402780534611717,
98.75,29.387233387701766,1.7396004132221097,
99.0,29.389176215562514,1.7389250031756531,
99.25,29.391485780205226,1.7382522386616472,
99.5,29.394149624940695,1.7375825202294604,
99.75,29.39715541890409,1.7369162337923956,
100.0,29.400490960964515,1.7362537507896163,
100.25,29.40414418346732,1.7355954283555006,
100.5,29.408103155784595,1.7349416094963293,
100.75,29.412356087649204,1.7342926232742166,
101.0,29.416891332247843,1.733648784998196,
101.25,29.421697389048518,1.7330103964223649,
101.5,29.426762906337864,1.7323777459510008,
101.75,29.432076683443725,1.7317511088505566,
102.0,29.43762767261844,1.7311307474684432,
102.25,29.443404980558185,1.7305169114585097,
102.5,29.44939787229954,1.7299098379785998,
102.75,29.455595791966388,1.7293097516547977,
103.0,29.46198834366384,1.7287168650718765,
103.25,29.468565296809093,1.7281313789983819,
103.5,29.47531659050361,1.727553482572611,
103.75,29.482232335463056,1.726983353519038,
104.0,29.489302815810092,1.7264211583696734,
104.25,29.496518490730892,1.7258670526897095,
104.5,29.50386999599602,1.7253211813068081,
104.75,29.511348145346506,1.724783678543385,
105.0,29.51894393174579,1.724254668451244,
105.25,29.526648528498292,1.7237342650479177,
105.5,29.534453290235408,1.7232225725540657,
105.75,29.542349753769596,1.7227196856312905,
106.0,29.550329638817324,1.722225689619719,
106.25,29.558384848591658,1.7217406607747086,
106.5,29.566507470265183,1.7212646665020315,
106.75,29.574689775304023,1.7207977655908904,
107.0,29.582924219673707,1.7203400084441216,
107.25,29.5912034439176,1.7198914373049392,
107.5,29.59952027310869,1.7194520864795744,
107.75,29.607867716675422,1.7190219825551667,
108.0,29.616238968102326,1.7186011446122587,
108.25,29.62462740450626,1.7181895844312502,
108.5,29.633026586088864,1.7177873066921672,
108.75,29.64143025546614,1.7173943091670965,
109.0,29.649832336734832,1.7170105831724711,
109.25,29.65822693555882,1.7166361138362676,
109.5,29.66660833763158,1.7162708799348545,
109.75,29.674971007004896,1.7159148543202025,
110.0,29.683309585192745,1.7155680041141652,
110.25,29.691618890106856,1.7152302909036998,
110.5,29.699893914833737,1.7149016709373872,
110.75,29.708129826264887,1.7145820953226882,
111.0,29.7163219635918,1.7142715102233557,
111.25,29.724465836677357,1.7139698570564348,
111.5,29.732557124315306,1.7136770726882768,
111.75,29.740591672389407,1.7133930896289937,
112.0,29.748565491943925,1.7131178362247808,
112.25,29.756474757177056,1.7128512368475355,
112.5,29.764315803368973,1.7125932120811993,
112.75,29.772085124756078,1.7123436789042499,
113.0,29.779779372363134,1.7121025508677694,
113.25,29.78739535180488,1.711869738268521,
113.5,29.79493002106879,1.7116451483164536,
113.75,29.802380488290595,1.7114286852960692,
114.0,29.809744009534192,1.7112202507210752,
114.25,29.817017986587626,1.7110197434817527,
114.5,29.824199964786686,1.710827059984464,
114.75,29.831287630877878,1.7106420942827305,
115.0,29.83827881093225,1.710464738199307,
115.25,29.845171468321883,1.710294881438677,
115.5,29.851963700284802,1.7101324117789178,
115.75,29.858653726711765,1.7099772157630067,
116.0,29.865239899619326,1.7098291781154074,
116.25,29.871720696655586,1.7096881820512888,
116.5,29.87809471740381,1.7095541094743416,
116.75,29.884360681038007,1.7094268410916367,
117.0,29.89051742388439,1.7093062565280404,
117.25,29.896563896899277,1.7091922344399286,
117.5,29.90249916307412,1.7090846526279353,
117.75,29.90832239477832,1.7089833881484753,
118.0,29.91403287105046,1.7088883174237801,
118.25,29.919629974848554,1.7087993163501847,
118.5,29.925113190270075,1.7087162604044037,
118.75,29.930482099752293,1.7086390247475367,
119.0,29.93573638126361,1.7085674843265408,
119.25,29.940875805496578,1.7085015139729072,
119.5,29.94590023307319,1.7084409884982832,
119.75,29.950809611773096,1.7083857827867763,
120.0,29.955603973795448,1.70833577188368,
120.25,29.960283433064948,1.708290831080359,
120.5,29.964848182592768,1.7082508359950324,
120.75,29.969298491903036,1.708215662649194,
121.0,29.97363470453546,1.7081851875394098,
121.25,29.97785723563478,1.7081592877042266,
121.5,29.981966569637695,1.7081378407859351,
121.75,29.985963258067894,1.7081207250869244,
122.0,29.989847917449854,1.708107819620365,
122.25,29.99362122735202,1.7080990041549613,
122.5,29.997283928570077,1.7080941592535104,
122.75,30.000836821460883,1.7080931663050065,
123.0,30.00428076379249,1.708095907571353,
123.25,30.00761665211651,1.7081022667860828,
123.5,30.010845434132644,1.7081121287269225,
123.75,30.01396810960992,1.7081253791352706,
124.0,30.016985723501744,1.7081419049158046,
124.25,30.01989936388651,1.7081615941784745,
124.5,30.02271015991018,1.7081843362784872,
124.75,30.025419279735083,1.7082100218542988,
125.0,30.02802792849896,1.7082385428636442,
125.25,30.03053734628848,1.7082697926176222,
125.5,30.0329488061313,1.7083036658128632,
125.75,30.035263612010862,1.7083400585618025,
126.0,30.03748309690799,1.7083788684210808,
126.25,30.039608620873516,1.7084199944180984,
126.5,30.041641569135955,1.7084633370757436,
126.75,30.043583350248497,1.708508798435322,
127.0,30.045435394279334,1.7085562820777072,
127.25,30.047199151049522,1.7086056931427376,
127.5,30.048876088422528,1.7086569383468855,
127.75,30.050467690649512,1.7087099259992165,
128.0,30.05197545677459,1.7087645660156683,
128.25,30.053400899104144,1.708820769931668,
128.5,30.054745541744314,1.7088784509131154,
128.75,30.05601091921086,1.708937523765753,
129.0,30.057198575115464,1.7089979049429465,
129.25,30.058310060932655,1.709059512551901,
129.5,30.059346934851487,1.7091222663583356,
129.75,30.060310760716067,1.709186087789639,
130.0,30.061203107059143,1.70925089993653,
130.25,30.06202554355019,1.7093166275619507,
130.5,30.062779636666832,1.7093831971219249,
130.75,30.063466955795523,1.7094505367352861,
131.0,30.06408906913352,1.7095185761833203,
131.25,30.06464754251682,1.7095872469098752,
131.5,30.065143938394826,1.709656482019545,
131.75,30.06557981483228,1.7097262162742677,
132.0,30.065956724539078,1.7097963860884382,
132.25,30.066276213928578,1.7098669295226323,
132.5,30.066539822204994,1.7099377862760432,
132.75,30.066749080480527,1.710008897677724,
133.0,30.0669055109228,1.710080206676739,
133.25,30.067010625933257,1.7101516578313225,
133.5,30.067065927357085,1.7102231972971371,
133.75,30.067072905725333,1.7102947728147393,
134.0,30.06703303952978,1.7103663336963415,
134.25,30.066947794531213,1.710437830811977,
134.5,30.066818623101685,1.7105092165751592,
134.75,30.066646963601425,1.7105804449281392,
135.0,30.066434239790922,1.7106514713268561,
135.25,30.0661818602789,1.710722252725681,
135.5,30.065891218006705,1.7107927475620495,
135.75,30.0655636897698,1.7108629157410884,
136.0,30.06520063577688,1.7109327186203254,
136.25,30.064803399247328,1.7110021189945863,
136.5,30.064373306047546,1.711071081081179,
136.75,30.063911664366817,1.7111395705054564,
137.0,30.06341976443326,1.711207554286864,
137.25,30.062898878134618,1.711275000816159,
137.5,30.062350257037327,1.7113418797336115,
137.75,30.061775133751976,1.7114081620321981,
138.0,30.061174721754636,1.7114738200169883,
138.25,30.060550214824705,1.7115388272646017,
138.5,30.059902786803143,1.71160315860546,
138.75,30.059233591375577,1.7116667901050941,
139.0,30.058543761879346,1.7117296990445923,
139.25,30.057834411133662,1.7117918639002871,
139.5,30.057106631292015,1.7118532643227684,
139.75,30.05636149371593,1.7119138811153143,
140.0,30.055600048869238,1.7119736962118353,
140.25,30.05482332623194,1.712032692654419,
140.5,30.05403233423288,1.7120908545705695,
140.75,30.05322806020025,1.7121481671502325,
141.0,30.052411470329154,1.7122046166226983,
141.25,30.05158350966531,1.7122601902334724,
141.5,30.05074510210401,1.7123148762212088,
141.75,30.049897150403535,1.7123686637947937,
142.0,30.049040536212058,1.7124215431106746,
142.25,30.04817612010726,1.7124735052505247,
142.5,30.047304741647743,1.7125245421993338,
142.75,30.046427219435333,1.7125746468240197,
143.0,30.045544351187516,1.7126238128526496,
143.25,30.044656913818994,1.7126720348543625,
143.5,30.043765663531634,1.7127193082200873,
143.75,30.042871335911812,1.7127656291441469,
144.0,30.041974646034397,1.712810994606837,
144.25,30.041076288572395,1.7128554023580762,
144.5,30.040176937911486,1.7128988509022163,
144.75,30.039277248274868,1.712941339483153,
145.0,30.03837785464461,1.7129828679335208,
145.25,30.037479372121187,1.7130234367398625,
145.5,30.03658239597528,1.713063047094995,
145.75,30.035687502325555,1.7131017008106824,
146.0,30.034795248269933,1.7131394003006732,
146.25,30.033906172036367,1.713176148563285,
146.5,30.033020793151724,1.713211949163597,
146.75,30.032139612627514,1.713246806215309,
147.0,30.031263113161035,1.7132807243623258,
147.25,30.03039175935071,1.7133137087601271,
147.5,30.02952599792419,1.7133457650569812,
147.75,30.02866625797793,1.7133768993750638,
148.0,30.02781295122695,1.7134071182915387,
148.25,30.026966472263325,1.713436428819661,
148.5,30.026127198822216,1.7134648383899627,
148.75,30.025295492053996,1.7134923548315781,
149.0,30.02447169680119,1.7135189863537708,
149.25,30.023656141878913,1.7135447415277192,
149.5,30.022849140357412,1.7135696292686224,
149.75,30.02205098984542,1.7135936588181822,
150.0,30.021261972773015,1.7136168397275242,
150.25,30.020482356672566,1.713639181840616,
150.5,30.01971239445653,1.7136606952782403,
150.75,30.018952324690698,1.7136813904225836,
151.0,30.018202371861584,1.7137012779025014,
151.25,30.01746274663663,1.7137203685795153,
151.5,30.016733646115874,1.713738673534605,
151.75,30.016015254073753,1.7137562040558518,
152.0,30.015307741189734,1.7137729716269958,
152.25,30.014611265266392,1.7137889879169625,
152.5,30.013925971433657,1.713804264770421,
152.75,30.01325199233784,1.7138188141994326,
153.0,30.01258944831414,1.713832648376248,
153.25,30.01193844754132,1.7138457796273123,
153.5,30.011299086260383,1.7138582204246433,
153.75,30.010671453189357,1.7138699831703366,
154.0,30.01005562568053,1.713881080360394,
154.25,30.00945166904019,1.713891524645988,
154.5,30.008859638650083,1.7139013287391347,
154.75,30.008279580149416,1.713910505403771,
155.0,30.007711529629592,1.7139190674468212,
155.25,30.00715551384067,1.71392702770927,
155.5,30.006611550408415,1.7139343990572622,
155.75,30.006079648060982,1.7139411943732428,
156.0,30.005559806864092,1.7139474265471595,
156.25,30.00505201846372,1.7139531084677424,
156.5,30.004556266335175,1.7139582530138782,
156.75,30.00407252603763,1.7139628730461003,
157.0,30.003600765472868,1.7139669813982072,
157.25,30.00314094514742,1.7139705908690326,
157.5,30.002693018436823,1.7139737142143785,
157.75,30.002256931851125,1.713976364139136,
158.0,30.001832625300455,1.713978553289605,
158.25,30.00142003235968,1.7139802942460356,
158.5,30.001019080531083,1.7139815995154046,
158.75,30.000629691503985,1.7139824815244484,
159.0,30.000251781410284,1.7139829526129684,
159.25,29.99988526107486,1.7139830250274262,
159.5,29.999530036259767,1.7139827109148456,
159.75,29.9991860079012,1.713982022317043,
160.0,29.998853072338147,1.7139809711651985,
160.25,29.998531121531688,1.7139795692747894,
160.5,29.998220043273918,1.713977828340902,
160.75,29.997919721385383,1.7139757599339387,
161.0,29.99763003590003,1.7139733754957416,
161.25,29.99735086323659,1.7139706863361455,
161.5,29.997082076355355,1.7139677036299814,
161.75,29.996823544899286,1.713964438414547,
162.0,29.99657513531842,1.7139609015875616,
162.25,29.99633671097649,1.713957103905624,
162.5,29.996108132238753,1.7139530559831906,
162.75,29.99588925653992,1.7139487682920898,
163.0,29.99567993843118,1.7139442511615948,
163.25,29.995480029605247,1.7139395147790673,
163.5,29.995289378898388,1.7139345691911925,
163.75,29.995107832268342,1.7139294243058232,
164.0,29.994935234131226,1.7139240898664843,
164.25,29.99477143605936,1.7139185752712114,
164.5,29.994616283804916,1.7139128898340295,
164.75,29.9944696205469,1.7139070427325902,
165.0,29.994331288449494,1.7139010429780495,
165.25,29.994201128777977,1.713894899413354,
165.5,29.99407898201529,1.7138886207117734,
165.75,29.9939646879789,1.7138822153756677,
166.0,29.993858085937763,1.7138756917354805,
166.25,29.993759014729115,1.7138690579489497,
166.5,29.993667312874763,1.713862322000522,
166.75,29.993582818696705,1.713855491700962,
167.0,29.99350537043174,1.7138485746871504,
167.25,29.99343480634487,1.713841578422052,
167.5,29.993370964841123,1.713834510194854,
167.75,29.993313684575693,1.7138273771212562,
168.0,29.993262804561965,1.7138201861439066,
168.25,29.993218164277273,1.7138129440329721,
168.5,29.993179603766094,1.7138056573868339,
168.75,29.99314696374039,1.7137983326328974,
169.0,29.993120085676864,1.7137909760285057,
169.25,29.993098811910865,1.7137835936619488,
169.5,29.993082985726655,1.7137761914535559,
169.75,29.9930724514438,1.7137687751568615,
170.0,29.993067054499388,1.7137613503598372,
170.25,29.993066641525843,1.713753922486175,
170.5,29.993071060424064,1.7137464967966158,
170.75,29.993080160431596,1.7137390783903115,
171.0,29.99309379218561,1.7137316722062095,
171.25,29.99311180778041,1.7137242830244521,
171.5,29.993134060819152,1.7137169154677778,
171.75,29.993160406459644,1.7137095740029158,
172.0,29.99319070145381,1.7137022629419651,
172.25,29.993224804180628,1.7136949864437445,
172.5,29.993262574672315,1.7136877485151065,
172.75,29.993303874633387,1.713680553012204,
173.0,29.99334856745246,1.7136734036416983,
173.25,29.9933965182064,1.7136663039619011,
173.5,29.993447593656658,1.7136592573838383,
173.75,29.993501662237467,1.7136522671722252,
174.0,29.993558594035672,1.7136453364463453,
174.25,29.993618260761895,1.713638468180819,
174.5,29.993680537286092,1.7136316652432393,
174.75,29.993745302050222,1.7136249303986557,
175.0,29.993812433972778,1.7136182662430137,
175.25,29.99388181399612,1.7136116752457886,
175.5,29.99395332512778,1.7136051597517703,
175.75,29.994026852463083,1.7135987219826132,
176.0,29.994102283204906,1.7135923640385244,
176.25,29.994179506680705,1.7135860879000882,
176.5,29.9942584143569,1.7135798954302055,
176.75,29.994338899850725,1.713573788376147,
177.0,29.994420858939677,1.7135677683717008,
177.25,29.994504189568683,1.7135618369394077,
177.5,29.994588791855055,1.713555995492872,
177.75,29.994674568091398,1.7135502453391374,
178.0,29.994761422746535,1.7135445876811137,
178.25,29.9948492624646,1.713539023620049,
178.5,29.99493799606242,1.7135335541580283,
178.75,29.995027534525196,1.7135281802004967,
179.0,29.9951177910008,1.713522902558786,
179.25,29.99520868079255,1.713517721952643,
179.5,29.995300121350787,1.713512639012741,
179.75,29.995392032263243,1.7135076542831686,
180.0,29.995484335244367,1.7135027682238793,
180.25,29.99557695412369,1.7134979812130973,
180.5,29.99566981483338,1.7134932935496618,
180.75,29.995762845395056,1.7134887054553043,
181.0,29.995855975906007,1.713484217076842,
181.25,29.99594913852491,1.7134798284882828,
181.5,29.99604226745717,1.7134755396928238,
181.75,29.996135298939983,1.7134713506247377,
182.0,29.996228171227266,1.7134672611511332,
182.25,29.996320824574507,1.7134632710735778,
182.5,29.996413201223717,1.7134593801295748,
182.75,29.99650524538854,1.713455587993879,
183.0,29.99659690323967,1.7134518942796444,
183.25,29.996688122890674,1.713448298539389,
183.5,29.99677885438432,1.713444800265768,
183.75,29.996869049679574,1.7134413988921438,
184.0,29.99695866263928,1.7134380937929394,
184.25,29.99704764884299,1.713434884303488,
184.5,29.99713596521096,1.713431769773969,
184.75,29.99722357093702,1.7134287494638807,
185.0,29.997310426939816,1.713425822586772,
185.25,29.997396495795666,1.713422988317463,
185.5,29.997481741729537,1.713420245793225,
185.75,29.997566130603193,1.713417594115023,
186.0,29.997649629900696,1.7134150323488142,
186.25,29.997732208711408,1.7134125595269,
186.5,29.997813837710723,1.7134101746493209,
186.75,29.997894489138616,1.7134078766852943,
187.0,29.99797413677626,1.7134056645746842,
187.25,29.998052755920835,1.7134035372295027,
187.5,29.998130323358694,1.7134014935354325,
187.75,29.998206817337117,1.7133995323533675,
188.0,29.998282217534726,1.7133976525209673,
188.25,29.998356505030824,1.713395852854216,
188.5,29.99842966227379,1.713394132148983,
188.75,29.998501673048676,1.7133924891825796,
189.0,29.998572522444228,1.7133909227153041,
189.25,29.998642196819453,1.7133894314919726,
189.5,29.998710683769964,1.7133880142434268,
189.75,29.99877797209418,1.7133866696880158,
190.0,29.99884405175966,1.7133853965330446,
190.25,29.99890891386965,1.7133841934761855,
190.5,29.998972550630068,1.7133830592068438,
190.75,29.999034955317104,1.7133819924074762,
191.0,29.999096122245522,1.7133809917548521,
191.25,29.999156046737976,1.713380055921256,
191.5,29.999214725095364,1.7133791835756222,
191.75,29.999272154568487,1.713378373384599,
192.0,29.999328333331167,1.7133776240135348,
192.25,29.999383260454948,1.7133769341273806,
192.5,29.999436935885615,1.713376302391505,
192.75,29.999489360421656,1.7133757274724146,
193.0,29.99954053569485,1.7133752080383744,
193.25,29.99959046415318,1.7133747427599217,
193.5,29.999639149046175,1.7133743303102724,
193.75,29.999686594412935,1.7133739693656058,
194.0,29.99973280507293,1.7133736586052315,
194.25,29.99977778661982,1.713373396711626,
194.5,29.999821545418396,1.713373182370337,
194.75,29.99986408860486,1.7133730142697483,
195.0,29.999905424090596,1.7133728911006991,
195.25,29.9999455605696,1.713372811555956,
195.5,29.999984507529774,1.7133727743295253,
195.75,30.000022275268183,1.7133727781158072,
196.0,30.0000588732225,1.7133728216688175,
196.25,30.00009431043831,1.7133729037900256,
196.5,30.00012859787504,1.7133730232425828,
196.75,30.000161746918348,1.7133731788014075,
197.0,30.000193769366213,1.7133733692537452,
197.25,30.000224677416007,1.7133735933996466,
197.5,30.000254483650714,1.713373850052417,
197.75,30.00028320102445,1.7133741380390444,
198.0,30.000310842847277,1.713374456200603,
198.25,30.000337422769476,1.7133748033926348,
198.5,30.00036295476523,1.7133751784855071,
198.75,30.000387453115856,1.7133755803647492,
199.0,30.000410932392658,1.7133760079313678,
199.25,30.000433407439413,1.7133764601021393,
199.5,30.000454893354593,1.7133769358098847,
199.75,30.000475405473416,1.7133774340037211,
200.0,30.0004949593497,1.7133779536492957,
200.25,30.000513570737716,1.7133784937290006,
200.5,30.000531255573964,1.7133790532421669,
200.75,30.00054802995908,1.7133796312052434,
201.0,30.00056391013981,1.7133802266519544,
201.25,30.00057891249123,1.7133808386334441,
201.5,30.000593053499173,1.7133814662184004,
201.75,30.000606349743034,1.7133821084931644,
202.0,30.000618817878923,1.7133827645618238,
202.25,30.000630474623314,1.7133834335462912,
202.5,30.00064133673719,1.7133841145863662,
202.75,30.000651421010783,1.713384806839785,
203.0,30.000660744249,1.7133855094822539,
203.25,30.000669323257522,1.7133862217074718,
203.5,30.000677174829736,1.7133869427271369,
203.75,30.00068431573451,1.7133876717709438,
204.0,30.000690762704863,1.7133884080865662,
204.25,30.00069653242768,1.7133891509396288,
204.5,30.000701641534405,1.7133898996136692,
204.75,30.000706106592936,1.7133906534100871,
205.0,30.000709944100638,1.7133914116480853,
205.25,30.00071317047865,1.7133921736645998,
205.5,30.000715802067493,1.7133929388142215,
205.75,30.000717855124062,1.713393706469108,
206.0,30.000719345820087,1.7133944760188893,
206.25,30.000720290242082,1.7133952468705627,
206.5,30.000720704392915,1.7133960184483834,
206.75,30.000720604194978,1.713396790193747,
207.0,30.000720005495126,1.7133975615650645,
207.25,30.000718924071368,1.7133983320376336,
207.5,30.0007173756414,1.7133991011035037,
207.75,30.000715375873067,1.7133998682713345,
208.0,30.00071294039682,1.7134006330662535,
208.25,30.000710084820177,1.7134013950297058,
208.5,30.00070682402356,1.7134021537175872,
208.75,30.00070317168145,1.7134029087012588,
209.0,30.000699142273874,1.7134036595711295,
209.25,30.00069475013294,1.7134044059322306,
209.5,30.00069000940755,1.7134051474041352,
209.75,30.000684934058437,1.7134058836209431,
210.0,30.000679537853575,1.7134066142312383,
210.25,30.000673834363937,1.7134073388980187,
210.5,30.000667836959583,1.7134080572986001,
210.75,30.000661558806108,1.7134087691244961,
211.0,30.00065501286139,1.7134094740812769,
211.25,30.000648211872637,1.7134101718884054,
211.5,30.000641168373775,1.713410862279055,
211.75,30.000633894683073,1.7134115449999099,
212.0,30.00062640290108,1.713412219810949,
212.25,30.000618704908813,1.7134128864852147,
212.5,30.00061081236622,1.71341354480857,
212.75,30.000602736710835,1.7134141945794426,
213.0,30.000594489156747,1.7134148356085608,
213.25,30.000586080693715,1.71341546771868,
213.5,30.000577522086548,1.7134160907443023,
213.75,30.00056882387465,1.7134167045313928,
214.0,30.000559996371784,1.71341730893709,
214.25,30.000551049665994,1.713417903829416,
214.5,30.00054199361969,1.7134184890869846,
214.75,30.00053283786994,1.7134190645987133,
215.0,30.000523591828827,1.7134196302635345,
215.25,30.000514264684014,1.7134201859901144,
215.5,30.000504865399396,1.7134207316965753,
215.75,30.000495402715874,1.7134212673102263,
216.0,30.000485885152234,1.7134217927673039,
216.25,30.000476321006122,1.7134223080127218,
216.5,30.000466718355085,1.7134228129998326,
216.75,30.000457085057697,1.7134233076902061,
217.0,30.000447428754736,1.7134237920534192,
217.25,30.000437756870422,1.7134242660668648,
217.5,30.00042807661367,1.7134247297155794,
217.75,30.000418394979388,1.7134251829920895,
218.0,30.000408718749785,1.7134256258962803,
218.25,30.000399054495688,1.7134260584352883,
218.5,30.000389408577842,1.7134264806234165,
218.75,30.0003797871482,1.7134268924820788,
219.0,30.000370196151195,1.7134272940397697,
219.25,30.00036064132495,1.7134276853320651,
219.5,30.000351128202453,1.7134280664016543,
219.75,30.00034166211269,1.7134284372984026,
220.0,30.000332248181657,1.71342879807945,
220.25,30.000322891333337,1.7134291488093465,
220.5,30.000313596290567,1.7134294895602213,
220.75,30.000304367575787,1.7134298204119942,
221.0,30.000295209578557,1.7134301414420214,
221.25,30.000286126636862,1.7134304527047481,
221.5,30.000277122722515,1.7134307542823466,
221.75,30.000268201636604,1.7134310462627018,
222.0,30.00025936702398,1.7134313287371288,
222.25,30.00025062237204,1.7134316018003128,
222.5,30.000241971010052,1.713431865550239,
222.75,30.000233416108838,1.7134321200881133,
223.0,30.000224960680928,1.7134323655182726,
223.25,30.000216607581077,1.7134326019480863,
223.5,30.000208359507166,1.7134328294878516,
223.75,30.00020021900146,1.7134330482506797,
224.0,30.000192188452175,1.713433258352375,
224.25,30.000184270095374,1.7134334599113106,
224.5,30.000176466017127,1.7134336530482948,
224.75,30.00016877815596,1.713433837886435,
225.0,30.000161208305535,1.7134340145509979,
225.25,30.000153758117534,1.713434183169263,
225.5,30.000146429104777,1.7134343438703763,
225.75,30.0001392226445,1.7134344967852,
226.0,30.000132139981773,1.7134346420461608,
226.25,30.000125182233095,1.7134347797870961,
226.5,30.000118350390053,1.7134349101431012,
226.75,30.00011164532312,1.7134350332503765,
227.0,30.000105067785487,1.7134351492460724,
227.25,30.000098618416974,1.713435258268141,
227.5,30.00009229774793,1.7134353604551837,
227.75,30.00008610620318,1.713435455946306,
228.0,30.000080044105943,1.713435544880974,
228.25,30.000074111681684,1.7134356273988725,
228.5,30.00006830906196,1.7134357036397714,
228.75,30.00006263628813,1.7134357737433952,
229.0,30.00005709331502,1.7134358378492969,
229.25,30.00005168001441,1.7134358960967406,
229.5,30.000046396178405,1.7134359486245903,
229.75,30.000041241522656,1.7134359955712044,
230.0,30.000036215689345,1.7134360370743416,
230.25,30.000031318250013,1.713436073271073,
230.5,30.000026548708114,1.7134361042977049,
230.75,30.00002190650134,1.7134361302897105,
231.0,30.00001739100367,1.7134361513816745,
231.25,30.000013001527126,1.7134361677072456,
231.5,30.000008737323185,1.7134361793991046,
231.75,30.000004597583896,1.7134361865889423,
232.0,30.0000005814426,1.713436189407451,
232.25,29.99999668797428,1.7134361879843318,
232.5,29.99999291619553,1.7134361824483135,
232.75,29.999989265064052,1.7134361729271885,
233.0,29.999985733477747,1.7134361595478633,
233.25,29.99998232027332,1.7134361424364253,
233.5,29.99997902422441,1.7134361217182275,
233.75,29.99997584403918,1.7134360975179896,
234.0,29.999972778357417,1.7134360699599185,
234.25,29.999969825747026,1.7134360391678447,
234.5,29.999966984700006,1.7134360052653823,
234.75,29.999964253627763,1.7134359683761056,
235.0,29.999961630855886,1.7134359286237477,
235.25,29.99995911461819,1.7134358861324208,
235.5,29.999956703050174,1.7134358410268564,
235.75,29.999954394756152,1.7134357934167486,
236.0,29.999952188814184,1.7134357433931946,
236.25,29.999950083607054,1.7134356910626451,
236.5,29.99994807749767,1.713435636530603,
236.75,29.999946168837074,1.7134355799013183,
237.0,29.99994435596487,1.7134355212776926,
237.25,29.99994263720979,1.7134354607611886,
237.5,29.99994101089025,1.7134353984517492,
237.75,29.999939475315028,1.7134353344477238,
238.0,29.999938028783937,1.7134352688458014,
238.25,29.999936669588614,1.7134352017409522,
238.5,29.99993539601329,1.713435133226374,
238.75,29.999934206335638,1.713435063393447,
239.0,29.999933098827686,1.7134349923316943,
239.25,29.999932071756703,1.7134349201287475,
239.5,29.999931123386187,1.71343484687032,
239.75,29.999930251976828,1.713434772640184,
240.0,29.999929455787537,1.7134346975201538,
240.25,29.999928733076487,1.713434621590074,
240.5,29.999928082102162,1.7134345449278128,
240.75,29.999927501124443,1.7134344676092588,
241.0,29.99992698840569,1.7134343897083222,
241.25,29.999926542211846,1.7134343112969423,
241.5,29.99992616081355,1.713434232445095,
241.75,29.99992584248725,1.713434153220807,
242.0,29.999925585516298,1.713434073690171,
242.25,29.999925388192075,1.713433993917366,
242.5,29.9999252488151,1.7134339139646777,
242.75,29.999925165696094,1.7134338338925248,
243.0,29.999925137157092,1.7134337537594837,
243.25,29.999925161532495,1.713433673622318,
243.5,29.999925237170103,1.713433593536008,
243.75,29.99992536243215,1.713433513553784,
244.0,29.999925535696295,1.7134334337271568,
244.25,29.99992575535657,1.7134333541059534,
244.5,29.99992601982434,1.7134332747383505,
244.75,29.999926327529174,1.71343319567091,
245.0,29.999926676919703,1.7134331169486126,
245.25,29.99992706646444,1.713433038614895,
245.5,29.99992749465254,1.7134329607116827,
245.75,29.999927959994505,1.7134328832794246,
246.0,29.999928461022854,1.7134328063571258,
246.25,29.99992899629273,1.7134327299823802,
246.5,29.999929564382427,1.713432654191401,
246.75,29.99993016389389,1.7134325790190486,
247.0,29.999930793453114,1.7134325044988592,
247.25,29.999931451710495,1.713432430663069,
247.5,29.999932137341087,1.7134323575426371,
247.75,29.999932849044814,1.7134322851672643,
248.0,29.999933585546565,1.7134322135654114,
248.25,29.999934345596223,1.7134321427643127,
248.5,29.999935127968612,1.7134320727899854,
248.75,29.999935931463355,1.7134320036672381,
249.0,29.999936754904606,1.7134319354196712,
249.25,29.999937597140732,1.7134318680696778,
249.5,29.999938457043868,1.713431801638436,
249.75,29.999939333509356,1.713431736145899,
250.0,29.99994022545512,1.7134316716107802,
250.25,29.999941131820872,1.7134316080505305,
250.5,29.99994205156726,1.713431545481314,
250.75,29.999942983674863,1.7134314839179747,
251.0,29.99994392714307,1.7134314233739993,
251.25,29.99994488098886,1.7134313638614724,
251.5,29.99994584424541,1.7134313053910255,
251.75,29.999946815960616,1.7134312479717801,
252.0,29.99994779519545,1.713431191611283,
252.25,29.99994878102221,1.7134311363154338,
252.5,29.99994977252257,1.7134310820884064,
252.75,29.999950768785578,1.7134310289325616,
253.0,29.999951768905404,1.7134309768483518,
253.25,29.99995277197903,1.7134309258342166,
253.5,29.9999537771037,1.7134308758864731,
253.75,29.99995478337429,1.7134308269991925,
254.0,29.999955789880463,1.713430779164071,
254.25,29.99995679572222,1.7134307323713975,
254.5,29.999957800574336,1.713430686643029,
254.75,29.999958804000823,1.713430641990572,
255.0,29.999959805361357,1.7134305984116607,
255.25,29.999960804032288,1.713430555903417,
255.5,29.999961799407245,1.7134305144624442,
255.75,29.999962790897644,1.7134304740848194,
256.0,29.999963777933107,1.7134304347660936,
256.25,29.99996475996184,1.713430396501289,
256.5,29.999965736450914,1.7134303592849025,
256.75,29.999966706886497,1.7134303231109085,
257.0,29.999967670774005,1.713430287972764,
257.25,29.99996862763822,1.7134302538634174,
257.5,29.999969577023325,1.7134302207753156,
257.75,29.999970518492876,1.7134301887004169,
258.0,29.99997145162978,1.7134301576302007,
258.25,29.99997237603613,1.713430127555683,
258.5,29.999973291333102,1.7134300984674298,
258.75,29.99997419716071,1.7134300703555743,
259.0,29.999975093177593,1.7134300432098326,
259.25,29.99997597906072,1.7134300170195222,
259.5,29.9999768545051,1.7134299917735814,
259.75,29.999977719223406,1.7134299674605877,
260.0,29.999978572945636,1.7134299440687795,
260.25,29.999979415418704,1.7134299215860749,
260.5,29.99998024640601,1.7134299000000952,
260.75,29.999981065687024,1.7134298792981848,
261.0,29.99998187305681,1.7134298594674338,
261.25,29.99998266832558,1.713429840494699,
261.5,29.999983451318187,1.7134298223666276,
261.75,29.999984221873664,1.7134298050696772,
262.0,29.999984979844722,1.7134297885901388,
262.25,29.99998572509726,1.7134297729141577,
262.5,29.999986457509866,1.7134297580277549,
262.75,29.999987176973338,1.7134297439168467,
263.0,29.999987883390197,1.713429730567266,
263.25,29.999988576674227,1.713429717964781,
263.5,29.999989256750002,1.7134297060951136,
263.75,29.99998992355246,1.7134296949439565,
264.0,29.999990577026463,1.713429684496991,
264.25,29.999991217126414,1.7134296747399016,
264.5,29.999991843815874,1.71342966565839,
264.75,29.999992457067194,1.7134296572381893,
265.0,29.99999305686124,1.7134296494650736,
265.25,29.999993643187057,1.71342964232487,
265.5,29.999994216041664,1.7134296358034655,
265.75,29.99999477542982,1.7134296298868144,
266.0,29.99999532136387,1.7134296245609424,
266.25,29.999995853863613,1.7134296198119507,
266.5,29.999996372956236,1.7134296156260154,
266.75,29.9999968786763,1.713429611989387,
267.0,29.999997371065753,1.7134296088883867,
267.25,29.99999785017404,1.7134296063094,
267.5,29.99999831605824,1.7134296042388695,
267.75,29.999998768783275,1.7134296026632823,
268.0,29.999999208422206,1.7134296015691577,
268.25,29.99999963505656,1.7134296009430303,
268.5,30.000000048776773,1.713429600771431,
268.75,30.00000044968265,1.7134296010408638,
269.0,30.000000837883967,1.7134296017377828,
269.25,30.00000121350111,1.7134296028485607,
269.5,30.000001576665813,1.7134296043594595,
269.75,30.000001927521975,1.7134296062565937,
270.0,30.000002266226574,1.713429608525893,
270.25,30.00000259295068,1.7134296111530591,
270.5,30.000002907880543,1.71342961412352,
270.75,30.000003211218786,1.7134296174223802,
271.0,30.00000350318572,1.7134296210343676,
271.25,30.000003784020738,1.7134296249437748,
271.5,30.00000405379714,1.7134296291402238,
271.75,30.000004312501417,1.7134296336175963,
272.0,30.000004560295764,1.7134296383651024,
272.25,30.00000479734419,1.7134296433719054,
272.5,30.00000502381224,1.713429648627156,
272.75,30.000005239866947,1.7134296541200178,
273.0,30.00000544567679,1.7134296598396896,
273.25,30.000005641411605,1.7134296657754295,
273.5,30.000005827242536,1.7134296719165742,
273.75,30.000006003341966,1.713429678252558,
274.0,30.000006169883427,1.713429684772931,
274.25,30.000006327041547,1.7134296914673752,
274.5,30.000006474991938,1.7134296983257191,
274.75,30.00000661391114,1.7134297053379508,
275.0,30.000006743976503,1.7134297124942313,
275.25,30.000006865366124,1.7134297197849035,
275.5,30.000006978258725,1.7134297272005048,
275.75,30.000007082833584,1.7134297347317722,
276.0,30.000007179270412,1.7134297423696525,
276.25,30.000007267749268,1.7134297501053075,
276.5,30.000007348450445,1.7134297579301192,
276.75,30.000007421554375,1.713429765835694,
277.0,30.00000748724151,1.713429773813867,
277.25,30.00000754569223,1.7134297818567037,
277.5,30.00000759708673,1.713429789956501,
277.75,30.000007641604896,1.713429798105789,
278.0,30.00000767942622,1.7134298062973312,
278.25,30.00000771072967,1.7134298145241218,
278.5,30.000007735693597,1.713429822779386,
278.75,30.000007754495606,1.713429831056578,
279.0,30.000007767312464,1.7134298393493765,
279.25,30.00000777431999,1.7134298476516832,
279.5,30.000007775692925,1.7134298559576173,
279.75,30.000007771604853,1.713429864261513,
280.0,30.000007762228087,1.713429872557913,
280.25,30.000007747733555,1.7134298808415642,
280.5,30.0000077282907,1.7134298891074122,
280.75,30.000007704067396,1.7134298973505944,
281.0,30.00000767522983,1.7134299055664355,
281.25,30.00000764194241,1.7134299137504394,
281.5,30.00000760436768,1.7134299218982838,
281.75,30.000007562666223,1.7134299300058131,
282.0,30.000007516996572,1.7134299380690312,
282.25,30.000007467515125,1.7134299460840952,
282.5,30.00000741437608,1.7134299540473081,
282.75,30.000007357731327,1.713429961955112,
283.0,30.000007297730402,1.7134299698040811,
283.25,30.00000723452041,1.7134299775909152,
283.5,30.00000716824595,1.7134299853124326,
283.75,30.000007099049068,1.713429992965565,
284.0,30.0000070270692,1.7134300005473493,
284.25,30.00000695244311,1.7134300080549234,
284.5,30.00000687530485,1.71343001548552,
284.75,30.00000679578574,1.7134300228364614,
285.0,30.000006714014297,1.7134300301051546,
285.25,30.000006630116243,1.7134300372890867,
285.5,30.00000654421445,1.7134300443858221,
285.75,30.000006456428956,1.7134300513929976,
286.0,30.00000636687693,1.7134300583083208,
286.25,30.00000627567269,1.713430065129567,
286.5,30.000006182927688,1.713430071854579,
286.75,30.00000608875054,1.7134300784812642,
287.0,30.000005993247026,1.713430085007597,
287.25,30.00000589652015,1.7134300914316174,
287.5,30.00000579867013,1.713430097751434,
287.75,30.000005699794478,1.7134301039652253,
288.0,30.000005599988032,1.7134301100712435,
288.25,30.00000549934303,1.7134301160678191,
288.5,30.000005397949156,1.7134301219533656,
288.75,30.000005295893647,1.7134301277263857,
289.0,30.000005193261355,1.7134301333854793,
289.25,30.000005090134863,1.7134301389293516,
289.5,30.000004986594575,1.7134301443568227,
289.75,30.00000488271884,1.7134301496668383,
290.0,30.00000477858408,1.7134301548584825,
290.25,30.000004674264922,1.7134301599309907,
290.5,30.000004569834346,1.713430164883764,
290.75,30.000004465363844,1.713430169716386,
291.0,30.000004360923587,1.7134301744286402,
291.25,30.000004256582613,1.7134301790205286,
291.5,30.000004152408998,1.7134301834922925,
291.75,30.00000404847009,1.7134301878444342,
292.0,30.000003944832695,1.7134301920777417,
292.25,30.000003841563316,1.7134301961933123,
292.5,30.000003738728406,1.7134302001925807,
292.75,30.000003636394588,1.7134302040773475,
293.0,30.000003534628952,1.7134302078498092,
293.25,30.000003433499312,1.713430211512591,
293.5,30.000003333074513,1.7134302150687801,
293.75,30.000003233424714,1.7134302185219623,
294.0,30.000003134621732,1.7134302218762598,
294.25,30.000003036739354,1.7134302251363704,
294.5,30.00000293985369,1.71343022830761,
294.75,30.000002844041887,1.7134302313957277,
295.0,30.00000274926103,1.7134302343904528,
295.25,30.000002655478458,1.713430237284109,
295.5,30.00000256272347,1.713430240077851,
295.75,30.000002471024963,1.7134302427728487,
296.0,30.00000238041131,1.713430245370289,
296.25,30.0000022909102,1.713430247871375,
296.5,30.00000220254855,1.713430250277327,
296.75,30.00000211535239,1.713430252589384,
297.0,30.00000202934676,1.7134302548088023,
297.25,30.00000194455563,1.7134302569368567,
297.5,30.000001861001824,1.7134302589748402,
297.75,30.00000177870694,1.7134302609240646,
298.0,30.000001697691317,1.7134302627858589,
298.25,30.000001617973954,1.7134302645615702,
298.5,30.000001539572494,1.7134302662525633,
298.75,30.00000146250317,1.7134302678602196,
299.0,30.000001386780806,1.713430269385937,
299.25,30.000001312418757,1.7134302708311286,
299.5,30.00000123942894,1.7134302721972234,
299.75,30.000001167821804,1.7134302734856637,
300.0,30.000001097606336,1.713430274697905,
300.25,30.000001028790077,1.7134302758354163,
300.5,30.000000961379122,1.7134302768996763,
300.75,30.00000089537815,1.713430277892175,
301.0,30.000000830790437,1.7134302788144113,
301.25,30.000000767617898,1.713430279667892,
301.5,30.000000705861112,1.7134302804541304,
301.75,30.00000064551936,1.7134302811746456,
302.0,30.000000586590662,1.7134302818309612,
302.25,30.000000529071833,1.7134302824246035,
302.5,30.00000047295852,1.7134302829570998,
302.75,30.00000041824526,1.7134302834299788,
303.0,30.000000364925533,1.7134302838447673,
303.25,30.00000031299181,1.7134302842029896,
303.5,30.000000262435616,1.7134302845061669,
303.75,30.000000213247596,1.7134302847558145,
304.0,30.00000016541756,1.713430284953441,
304.25,30.000000118934558,1.713430285100548,
304.5,30.000000073786943,1.713430285198627,
304.75,30.000000029962415,1.713430285249159,
305.0,29.99999998744811,1.7134302852536134,
305.25,29.999999946230638,1.713430285213446,
305.5,29.999999906296164,1.7134302851300989,
305.75,29.99999986763046,1.713430285004998,
306.0,29.999999830218957,1.7134302848395528,
306.25,29.999999794046822,1.7134302846351548,
306.5,29.999999759098998,1.7134302843931766,
306.75,29.999999725360258,1.7134302841149707,
307.0,29.999999692815273,1.7134302838018693,
307.25,29.99999966144864,1.7134302834551827,
307.5,29.99999963124494,1.7134302830761985,
307.75,29.999999602188776,1.7134302826661814,
308.0,29.999999574264812,1.7134302822263718,
308.25,29.99999954745781,1.7134302817579867,
308.5,29.99999952175265,1.7134302812622175,
308.75,29.999999497134365,1.7134302807402304,
309.0,29.999999473588158,1.7134302801931667,
309.25,29.999999451099416,1.7134302796221412,
309.5,29.999999429653716,1.7134302790282443,
309.75,29.99999940923683,1.7134302784125397,
310.0,29.999999389834727,1.7134302777760666,
310.25,29.99999937143355,1.7134302771198386,
310.5,29.999999354019614,1.7134302764448448,
310.75,29.999999337579368,1.7134302757520503,
311.0,29.999999322099374,1.7134302750423973,
311.25,29.999999307566256,1.7134302743168046,
311.5,29.999999293966663,1.7134302735761706,
311.75,29.999999281287202,1.7134302728213726,
312.0,29.99999926951438,1.7134302720532697,
312.25,29.999999258634528,1.713430271272703,
312.5,29.99999924863371,1.7134302704804976,
312.75,29.99999923949764,1.7134302696774655,
313.0,29.999999231211564,1.7134302688644056,
313.25,29.99999922376016,1.7134302680421079,
313.5,29.9999992171274,1.7134302672113546,
313.75,29.999999211296416,1.7134302663729226,
314.0,29.999999206249363,1.7134302655275875,
314.25,29.999999201967242,1.713430264676125,
314.5,29.999999198429737,1.7134302638193153,
314.75,29.999999195615036,1.7134302629579456,
315.0,29.99999919349962,1.7134302620928143,
315.25,29.999999192058066,1.7134302612247343,
315.5,29.999999191262816,1.7134302603545375,
315.75,29.999999191083944,1.7134302594830788,
316.0,29.999999191488904,1.7134302586112407,
316.25,29.99999919244226,1.7134302577399376,
316.5,29.999999193905413,1.7134302568701218,
316.75,29.999999195836306,1.7134302560027874,
317.0,29.999999198189105,1.713430255138977,
317.25,29.99999920091389,1.7134302542797866,
317.5,29.999999203994694,1.7134302534258583,
317.75,29.999999207501354,1.7134302525764857,
318.0,29.999999211431515,1.7134302517317437,
318.25,29.99999921577676,1.7134302508918058,
318.5,29.99999922052753,1.713430250056881,
318.75,29.999999225673257,1.7134302492272089,
319.0,29.99999923120248,1.713430248403056,
319.25,29.999999237102944,1.7134302475847105,
319.5,29.999999243361717,1.7134302467724802,
319.75,29.999999249965285,1.7134302459666868,
320.0,29.999999256899645,1.7134302451676646,
320.25,29.9999992641504,1.7134302443757554,
320.5,29.999999271702837,1.713430243591307,
320.75,29.999999279542006,1.713430242814669,
321.0,29.999999287652805,1.7134302420461913,
321.25,29.99999929602004,1.7134302412862215,
321.5,29.999999304628492,1.7134302405351012,
321.75,29.999999313462986,1.7134302397931662,
322.0,29.99999932250843,1.7134302390607423,
322.25,29.999999331749898,1.7134302383381457,
322.5,29.99999934117264,1.713430237625679,
322.75,29.99999935076216,1.7134302369236316,
323.0,29.999999360504244,1.7134302362322782,
323.25,29.999999370384987,1.7134302355518765,
323.5,29.999999380390843,1.7134302348826673,
323.75,29.999999390508645,1.7134302342248728,
324.0,29.999999400725635,1.7134302335786966,
324.25,29.99999941102948,1.713430232944323,
324.5,29.999999421408308,1.7134302323219155,
324.75,29.999999431850696,1.7134302317116181,
325.0,29.99999944234572,1.713430231113553,
325.25,29.999999452882943,1.7134302305278226,
325.5,29.99999946345241,1.713430229954508,
325.75,29.999999474044692,1.7134302293936694,
326.0,29.999999484650854,1.7134302288453465,
326.25,29.999999495262472,1.7134302283095586,
326.5,29.99999950587162,1.7134302277863045,
326.75,29.999999516470886,1.7134302272755642,
327.0,29.99999952705334,1.7134302267772978,
327.25,29.999999537612542,1.7134302262914471,
327.5,29.99999954814252,1.7134302258179366,
327.75,29.99999955863777,1.7134302253566724,
328.0,29.999999569093244,1.713430224907545,
328.25,29.999999579504312,1.7134302244704296,
328.5,29.999999589866764,1.713430224045186,
328.75,29.999999600176796,1.7134302236316605,
329.0,29.999999610430972,1.7134302232296867,
329.25,29.99999962062622,1.7134302228390867,
329.5,29.9999996307598,1.7134302224596714,
329.75,29.99999964082928,1.7134302220912427,
330.0,29.99999965083253,1.7134302217335935,
330.25,29.999999660767674,1.7134302213865096,
330.5,29.99999967063308,1.7134302210497707,
330.75,29.99999968042733,1.713430220723151,
331.0,29.999999690149195,1.7134302204064218,
331.25,29.99999969979761,1.7134302200993505,
331.5,29.999999709371647,1.713430219801704,
331.75,29.999999718870487,1.7134302195132483,
332.0,29.9999997282934,1.7134302192337505,
332.25,29.999999737639715,1.7134302189629795,
332.5,29.999999746908788,1.7134302187007076,
332.75,29.999999756099992,1.7134302184467107,
333.0,29.999999765212678,1.713430218200771,
333.25,29.99999977424616,1.713430217962676,
333.5,29.999999783199684,1.7134302177322212,
333.75,29.999999792072412,1.7134302175092098,
334.0,29.9999998008634,1.7134302172934552,
334.25,29.999999809571573,1.71343021708478,
334.5,29.99999981819571,1.7134302168830182,
334.75,29.999999826734424,1.7134302166880153,
335.0,29.99999983518614,1.7134302164996291,
335.25,29.999999843549098,1.7134302163177308,
335.5,29.99999985182131,1.713430216142205,
335.75,29.999999860000585,1.71343021597295,
336.0,29.999999868084476,1.7134302158098789,
336.25,29.999999876070316,1.7134302156529195,
336.5,29.999999883955173,1.7134302155020145,
336.75,29.99999989173587,1.713430215357122,
337.0,29.999999899408987,1.7134302152182146,
337.25,29.99999990697084,1.7134302150852807,
337.5,29.99999991441749,1.7134302149583232,
337.75,29.999999921744774,1.7134302148373595,
338.0,29.999999928948274,1.7134302147224214,
338.25,29.999999936023364,1.713430214613554,
338.5,29.9999999429652,1.713430214510816,
338.75,29.999999949768746,1.7134302144142775,
339.0,29.999999956428795,1.7134302143240203,
339.25,29.99999996293999,1.7134302142401365,
339.5,29.999999969296862,1.713430214162727,
339.75,29.99999997549384,1.7134302140919002,
340.0,29.9999999815253,1.7134302140277706,
340.25,29.999999987385596,1.7134302139704576,
340.5,29.99999999306911,1.7134302139200828,
340.75,29.99999999857029,1.7134302138767683,
341.0,30.000000003883695,1.7134302138406352,
341.25,30.000000009004065,1.7134302138118003,
341.5,30.000000013926357,1.7134302137903736,
341.75,30.000000018645828,1.7134302137764572,
342.0,30.00000002315809,1.71343021377014,
342.25,30.00000002745918,1.7134302137714963,
342.5,30.00000003154564,1.713430213780582,
342.75,30.0000000354146,1.7134302137974309,
343.0,30.00000003906386,1.7134302138220516,
343.25,30.000000042491973,1.713430213854423,
343.5,30.00000004569836,1.7134302138944906,
343.75,30.000000048683393,1.7134302139421616,
344.0,30.000000051448506,1.7134302139973008,
344.25,30.00000005399631,1.7134302140597262,
344.5,30.000000056330713,1.7134302141292028,
344.75,30.00000005845703,1.7134302142054383,
345.0,30.000000060382124,1.7134302142880775,
345.25,30.000000062114538,1.7134302143766962,
345.5,30.000000063664626,1.7134302144707954,
345.75,30.00000006504472,1.7134302145697946,
346.0,30.00000006626926,1.7134302146730263,
346.25,30.00000006735496,1.7134302147797282,
346.5,30.000000068320993,1.7134302148890366,
346.75,30.000000069189134,1.713430214999979,
347.0,30.00000006998395,1.7134302151114662,
347.25,30.000000070733,1.7134302152222853,
347.5,30.000000071467,1.7134302153310907,
347.75,30.000000072220043,1.7134302154363956,
348.0,30.000000073029806,1.7134302155365637,
348.25,30.000000073937745,1.7134302156297996,
348.5,30.000000074988204,1.7134302157141896,
348.75,30.00000007606306,1.7134302157948762,
349.0,30.000000077057955,1.7134302158764012,
349.25,30.000000077973095,1.7134302159587638,
349.5,30.00000007880894,1.7134302160419512,
349.75,30.000000079566174,1.7134302161259414,
350.0,30.000000080245677,1.7134302162107016,
350.25,30.000000080848515,1.7134302162961914,
350.5,30.00000008137594,1.7134302163823627,
350.75,30.00000008182933,1.7134302164691608,
351.0,30.00000008221022,1.713430216556525,
351.25,30.000000082520256,1.7134302166443898,
351.5,30.000000082761186,1.7134302167326856,
351.75,30.000000082934857,1.7134302168213391,
352.0,30.000000083043183,1.7134302169102742,
352.25,30.00000008308816,1.713430216999413,
352.5,30.00000008307182,1.7134302170886757,
352.75,30.00000008299625,1.7134302171779816,
353.0,30.00000008286357,1.7134302172672498,
353.25,30.0000000826759,1.7134302173563993,
353.5,30.000000082435403,1.7134302174453497,
353.75,30.000000082144226,1.7134302175340215,
354.0,30.000000081804515,1.7134302176223368,
354.25,30.000000081418403,1.713430217710219,
354.5,30.00000008098801,1.7134302177975942,
354.75,30.000000080515424,1.7134302178843905,
355.0,30.000000080002703,1.7134302179705387,
355.25,30.000000079451866,1.7134302180559726,
355.5,30.00000007886489,1.7134302181406296,
355.75,30.00000007824371,1.7134302182244496,
356.0,30.000000077590204,1.7134302183073764,
356.25,30.0000000769062,1.713430218389358,
356.5,30.000000076193466,1.7134302184703454,
356.75,30.00000007545371,1.7134302185502936,
357.0,30.00000007468858,1.7134302186291623,
357.25,30.00000007389965,1.7134302187069144,
357.5,30.000000073088447,1.7134302187835169,
357.75,30.000000072256412,1.7134302188589414,
358.0,30.00000007140493,1.7134302189331632,
358.25,30.000000070535314,1.7134302190061612,
358.5,30.00000006964881,1.7134302190779194,
358.75,30.000000068746594,1.7134302191484245,
359.0,30.000000067829777,1.7134302192176676,
359.25,30.000000066899403,1.7134302192856434,
359.5,30.00000006595645,1.7134302193523507,
359.75,30.000000065001835,1.713430219417791,
360.0,30.000000064036403,1.7134302194819697,
360.25,30.000000063060956,1.713430219544895,
360.5,30.000000062076218,1.7134302196065787,
360.75,30.000000061082872,1.7134302196670352,
361.0,30.000000060081543,1.7134302197262814,
361.25,30.0000000590728,1.713430219784337,
361.5,30.000000058057168,1.713430219841224,
361.75,30.000000057035127,1.7134302198969662,
362.0,30.000000056007117,1.7134302199515898,
362.25,30.000000054973533,1.7134302200051226,
362.5,30.00000005393474,1.713430220057593,
362.75,30.00000005289107,1.713430220109032,
363.0,30.00000005184282,1.7134302201594707,
363.25,30.000000050790277,1.7134302202089409,
363.5,30.000000049733686,1.7134302202574758,
363.75,30.000000048673293,1.713430220305108,
364.0,30.00000004760932,1.7134302203518705,
364.25,30.000000046541974,1.7134302203977965,
364.5,30.00000004547147,1.7134302204429182,
364.75,30.000000044398007,1.7134302204872678,
365.0,30.000000043321787,1.713430220530876,
365.25,30.000000042243023,1.713430220573773,
365.5,30.000000041161925,1.7134302206159875,
365.75,30.00000004007872,1.7134302206575467,
366.0,30.00000003899365,1.7134302206984764,
366.25,30.000000037906975,1.7134302207388,
366.5,30.000000036818967,1.7134302207785392,
366.75,30.00000003572993,1.7134302208177135,
367.0,30.000000034640195,1.7134302208563394,
367.25,30.000000033550112,1.713430220894432,
367.5,30.000000032460076,1.7134302209320025,
367.75,30.000000031370504,1.7134302209690597,
368.0,30.000000030281857,1.7134302210056098,
368.25,30.000000029194627,1.7134302210416552,
368.5,30.000000028109355,1.713430221077196,
368.75,30.00000002702661,1.7134302211122279,
369.0,30.000000025947013,1.7134302211467447,
369.25,30.00000002487122,1.7134302211807355,
369.5,30.000000023799938,1.7134302212141872,
369.75,30.00000002273391,1.7134302212470824,
370.0,30.00000002167393,1.713430221279401,
370.25,30.000000020620828,1.7134302213111194,
370.5,30.000000019575477,1.7134302213422103,
370.75,30.0000000185388,1.713430221372644,
371.0,30.000000017511745,1.713430221402387,
371.25,30.000000016495314,1.7134302214314034,
371.5,30.000000015490528,1.7134302214596544,
371.75,30.000000014498458,1.7134302214870978,
372.0,30.00000001352019,1.7134302215136903,
372.25,30.000000012556843,1.7134302215393853,
372.5,30.00000001160956,1.7134302215641348,
372.75,30.0000000106795,1.7134302215878892,
373.0,30.00000000976783,1.7134302216105974,
373.25,30.000000008875734,1.713430221632207,
373.5,30.000000008004385,1.7134302216526658,
373.75,30.000000007154963,1.7134302216719206,
374.0,30.000000006328627,1.7134302216899189,
374.25,30.000000005526523,1.7134302217066089,
374.5,30.00000000474976,1.7134302217219397,
374.75,30.000000003999425,1.7134302217358626,
375.0,30.000000003276536,1.7134302217483313,
375.25,30.00000000258208,1.7134302217593018,
375.5,30.00000000191696,1.713430221768735,
375.75,30.000000001282007,1.7134302217765944,
376.0,30.00000000067796,1.7134302217828505,
376.25,30.000000000105462,1.713430221787478,
376.5,29.999999999565027,1.7134302217904593,
376.75,29.999999999057053,1.7134302217917843,
377.0,29.99999999858179,1.7134302217914503,
377.25,29.999999998139316,1.7134302217894655,
377.5,29.999999997729553,1.713430221785847,
377.75,29.999999997352216,1.7134302217806245,
378.0,29.99999999700681,1.7134302217738395,
378.25,29.999999996692623,1.7134302217655473,
378.5,29.99999999640868,1.713430221755818,
378.75,29.999999996153743,1.7134302217447375,
379.0,29.999999995926288,1.713430221732409,
379.25,29.999999995724476,1.7134302217189552,
379.5,29.99999999554614,1.7134302217045176,
379.75,29.99999999538875,1.7134302216892594,
380.0,29.999999995249397,1.7134302216733672,
380.25,29.999999995124767,1.7134302216570514,
380.5,29.99999999501111,1.7134302216405486,
380.75,29.999999994904215,1.7134302216241235,
381.0,29.999999994799392,1.7134302216080692,
381.25,29.99999999469143,1.713430221592711,
381.5,29.999999994574562,1.713430221578406,
381.75,29.99999999444246,1.7134302215655473,
382.0,29.999999994288178,1.7134302215545634,
382.25,29.999999994104122,1.7134302215459223,
382.5,29.999999993893596,1.7134302215393928,
382.75,29.999999993687485,1.7134302215329895,
383.0,29.999999993488764,1.7134302215265298,
383.25,29.999999993298037,1.7134302215199821,
383.5,29.999999993115818,1.7134302215133193,
383.75,29.999999992942545,1.7134302215065191,
384.0,29.99999999277856,1.7134302214995638,
384.25,29.999999992624137,1.7134302214924393,
384.5,29.99999999247948,1.7134302214851354,
384.75,29.99999999234472,1.7134302214776456,
385.0,29.999999992219934,1.7134302214699664,
385.25,29.99999999210514,1.7134302214620973,
385.5,29.9999999920003,1.7134302214540404,
385.75,29.99999999190534,1.7134302214458004,
386.0,29.99999999182013,1.7134302214373838,
386.25,29.999999991744506,1.7134302214287993,
386.5,29.999999991678273,1.7134302214200579,
386.75,29.999999991621195,1.713430221411171,
387.0,29.99999999157301,1.7134302214021524,
387.25,29.99999999153344,1.7134302213930168,
387.5,29.999999991502175,1.7134302213837795,
387.75,29.999999991478887,1.713430221374457,
388.0,29.99999999146324,1.7134302213650663,
388.25,29.99999999145488,1.713430221355625,
388.5,29.999999991453443,1.713430221346151,
388.75,29.999999991458555,1.7134302213366623,
389.0,29.99999999146984,1.7134302213271775,
389.25,29.999999991486916,1.7134302213177142,
389.5,29.99999999150941,1.7134302213082908,
389.75,29.99999999153693,1.713430221298925,
390.0,29.999999991569112,1.7134302212896342,
390.25,29.999999991605574,1.713430221280435,
390.5,29.999999991645954,1.7134302212713446,
390.75,29.999999991689894,1.7134302212623784,
391.0,29.99999999173704,1.7134302212535513,
391.25,29.999999991787064,1.713430221244878,
391.5,29.999999991839633,1.713430221236372,
391.75,29.99999999189443,1.7134302212280457,
392.0,29.999999991951164,1.7134302212199108,
392.25,29.999999992009542,1.7134302212119787,
392.5,29.999999992069295,1.7134302212042585,
392.75,29.99999999213017,1.7134302211967594,
393.0,29.99999999219193,1.713430221189489,
393.25,29.999999992254356,1.7134302211824537,
393.5,29.999999992317246,1.7134302211756594,
393.75,29.999999992380413,1.71343022116911,
394.0,29.99999999244369,1.7134302211628092,
394.25,29.999999992506933,1.7134302211567591,
394.5,29.99999999257001,1.7134302211509607,
394.75,29.999999992632812,1.713430221145414,
395.0,29.999999992695244,1.713430221140118,
395.25,29.999999992757232,1.7134302211350703,
395.5,29.999999992818715,1.7134302211302679,
395.75,29.999999992879662,1.7134302211257062,
396.0,29.99999999294005,1.7134302211213799,
396.25,29.99999999299987,1.7134302211172832,
396.5,29.99999999305914,1.7134302211134083,
396.75,29.999999993117886,1.7134302211097472,
397.0,29.99999999317615,1.713430221106291,
397.25,29.999999993233995,1.7134302211030297,
397.5,29.999999993291492,1.7134302210999528,
397.75,29.99999999334873,1.713430221097049,
398.0,29.999999993405805,1.7134302210943058,
398.25,29.999999993462833,1.7134302210917105,
398.5,29.999999993519932,1.7134302210892502,
398.75,29.999999993577244,1.713430221086911,
399.0,29.999999993634905,1.7134302210846781,
399.25,29.99999999369307,1.713430221082537,
399.5,29.999999993751903,1.7134302210804726,
399.75,29.999999993811564,1.7134302210784695,
400.0,29.99999999387223,1.713430221076512,
400.25,29.99999999393408,1.713430221074584,
400.5,29.99999999399729,1.7134302210726697,
400.75,29.999999994062048,1.713430221070753,
401.0,29.99999999412854,1.7134302210688181,
401.25,29.99999999419695,1.7134302210668488,
401.5,29.999999994267473,1.7134302210648293,
401.75,29.999999994340286,1.7134302210627441,
402.0,29.999999994415578,1.7134302210605779,
402.25,29.999999994493525,1.7134302210583152,
402.5,29.999999994574306,1.713430221055942,
402.75,29.99999999465809,1.7134302210534438,
403.0,29.999999994745036,1.7134302210508068,
403.25,29.99999999483531,1.7134302210480181,
403.5,29.999999994929052,1.7134302210450654,
403.75,29.9999999950264,1.7134302210419368,
404.0,29.99999999512749,1.7134302210386212,
404.25,29.999999995232432,1.7134302210351084,
404.5,29.99999999534133,1.7134302210313892,
404.75,29.99999999545428,1.7134302210274552,
405.0,29.99999999557136,1.7134302210232988,
405.25,29.99999999569263,1.7134302210189136,
405.5,29.99999999581814,1.7134302210142944,
405.75,29.999999995947917,1.7134302210094365,
406.0,29.999999996081982,1.7134302210043373,
406.25,29.999999996220325,1.7134302209989942,
406.5,29.99999999636293,1.7134302209934071,
406.75,29.999999996509754,1.713430220987576,
407.0,29.999999996660737,1.7134302209815029,
407.25,29.999999996815802,1.7134302209751906,
407.5,29.999999996974854,1.7134302209686436,
407.75,29.999999997137763,1.7134302209618675,
408.0,29.9999999973044,1.7134302209548697,
408.25,29.999999997474593,1.7134302209476582,
408.5,29.99999999764817,1.713430220940243,
408.75,29.999999997824922,1.7134302209326349,
409.0,29.999999998004625,1.7134302209248469,
409.25,29.999999998187032,1.7134302209168923,
409.5,29.999999998371884,1.7134302209087866,
409.75,29.999999998558884,1.7134302209005463,
410.0,29.999999998747732,1.7134302208921892,
410.25,29.999999998938097,1.7134302208837342,
410.5,29.999999999129635,1.7134302208752017,
410.75,29.999999999321975,1.7134302208666132,
411.0,29.99999999951474,1.7134302208579915,
411.25,29.99999999970752,1.71343022084936,
411.5,29.9999999998999,1.7134302208407437,
411.75,30.00000000009145,1.7134302208321683,
412.0,30.000000000281716,1.713430220823661,
412.25,30.00000000047024,1.7134302208152485,
412.5,30.00000000065655,1.7134302208069596,
412.75,30.000000000840153,1.7134302207988232,
413.0,30.00000000102056,1.7134302207908687,
413.25,30.000000001197265,1.7134302207831262,
413.5,30.000000001369767,1.713430220775626,
413.75,30.000000001537547,1.713430220768399,
414.0,30.000000001700098,1.713430220761475,
414.25,30.000000001856897,1.7134302207548857,
414.5,30.00000000200744,1.7134302207486611,
414.75,30.000000002151214,1.7134302207428316,
415.0,30.00000000228772,1.7134302207374266,
415.25,30.00000000241647,1.7134302207324756,
415.5,30.000000002536986,1.7134302207280065,
415.75,30.0000000026488,1.713430220724047,
416.0,30.000000002751474,1.7134302207206231,
416.25,30.00000000284458,1.7134302207177596,
416.5,30.000000002927724,1.7134302207154795,
416.75,30.000000003000537,1.7134302207138041,
417.0,30.000000003062677,1.713430220712753,
417.25,30.000000003113847,1.713430220712343,
417.5,30.000000003153787,1.7134302207125887,
417.75,30.000000003182276,1.713430220713502,
418.0,30.000000003199148,1.7134302207150913,
418.25,30.00000000320429,1.7134302207173622,
418.5,30.000000003197638,1.7134302207203163,
418.75,30.000000003179196,1.7134302207239513,
419.0,30.00000000314904,1.7134302207282612,
419.25,30.000000003107314,1.713430220733235,
419.5,30.000000003054232,1.713430220738857,
419.75,30.000000002990106,1.713430220745106,
420.0,30.00000000291533,1.7134302207519554,
420.25,30.00000000283039,1.713430220759373,
420.5,30.000000002735874,1.71343022076732,
420.75,30.000000002632486,1.7134302207757508,
421.0,30.00000000252103,1.7134302207846128,
421.25,30.00000000240244,1.7134302207938463,
421.5,30.00000000227778,1.713430220803383,
421.75,30.000000002148234,1.7134302208131464,
422.0,30.000000002015145,1.713430220823052,
422.25,30.00000000187999,1.7134302208330048,
422.5,30.000000001744414,1.713430220842901,
422.75,30.000000001610225,1.7134302208526262,
423.0,30.0000000014794,1.7134302208620549,
423.25,30.000000001354096,1.7134302208710512,
423.5,30.000000001236668,1.713430220879467,
423.75,30.000000001129663,1.7134302208871417,
424.0,30.000000001035836,1.713430220893902,
424.25,30.000000000958163,1.7134302208995613,
424.5,30.000000000899842,1.713430220903919,
424.75,30.00000000086431,1.7134302209067593,
425.0,30.000000000853124,1.7134302209079864,
425.25,30.000000000849106,1.7134302209086882,
425.5,30.000000000847297,1.7134302209091863,
425.75,30.000000000847272,1.7134302209095154,
426.0,30.000000000848644,1.7134302209097076,
426.25,30.000000000851056,1.7134302209097925,
426.5,30.000000000854186,1.7134302209097965,
426.75,30.00000000085774,1.7134302209097434,
427.0,30.00000000086145,1.7134302209096552,
427.25,30.00000000086509,1.7134302209095509,
427.5,30.000000000868443,1.7134302209094479,
427.75,30.000000000871328,1.7134302209093613,
428.0,30.000000000873584,1.7134302209093037,
428.25,30.000000000875076,1.7134302209092869,
428.5,30.000000000875684,1.71343022090932,
428.75,30.00000000087531,1.713430220909411,
429.0,30.000000000873882,1.713430220909566,
429.25,30.000000000871342,1.7134302209097898,
429.5,30.00000000086764,1.7134302209100858,
429.75,30.00000000086275,1.7134302209104562,
430.0,30.00000000085667,1.7134302209109018,
430.25,30.00000000084939,1.7134302209114225,
430.5,30.000000000840927,1.7134302209120171,
430.75,30.00000000083131,1.7134302209126833,
431.0,30.000000000820574,1.713430220913418,
431.25,30.00000000080876,1.7134302209142176,
431.5,30.000000000795932,1.7134302209150774,
431.75,30.00000000078215,1.713430220915992,
432.0,30.000000000767486,1.7134302209169556,
432.25,30.000000000752017,1.7134302209179622,
432.5,30.000000000735824,1.7134302209190044,
432.75,30.000000000718998,1.7134302209200756,
433.0,30.000000000701633,1.7134302209211678,
433.25,30.000000000683826,1.7134302209222734,
433.5,30.000000000665676,1.713430220923384,
433.75,30.000000000647287,1.7134302209244918,
434.0,30.00000000062876,1.7134302209255878,
434.25,30.000000000610207,1.7134302209266639,
434.5,30.00000000059173,1.7134302209277115,
434.75,30.000000000573436,1.7134302209287218,
435.0,30.000000000555435,1.7134302209296866,
435.25,30.000000000537835,1.7134302209305972,
435.5,30.000000000520735,1.7134302209314456,
435.75,30.00000000050424,1.7134302209322234,
436.0,30.000000000488455,1.7134302209329226,
436.25,30.000000000473477,1.7134302209335357,
436.5,30.0000000004594,1.713430220934055,
436.75,30.000000000446327,1.7134302209344734,
437.0,30.000000000434337,1.7134302209347838,
437.25,30.000000000423523,1.7134302209349797,
437.5,30.000000000413966,1.7134302209350547,
437.75,30.000000000405745,1.713430220935003,
438.0,30.000000000398934,1.7134302209348193,
438.25,30.000000000393598,1.713430220934498,
438.5,30.000000000389807,1.713430220934035,
438.75,30.00000000038762,1.7134302209334258,
439.0,30.00000000038709,1.7134302209326666,
439.25,30.000000000388262,1.7134302209317538,
439.5,30.000000000391186,1.713430220930685,
439.75,30.000000000395897,1.7134302209294578,
440.0,30.000000000402427,1.7134302209280698,
440.25,30.0000000004108,1.7134302209265202,
440.5,30.000000000421043,1.7134302209248078,
440.75,30.00000000043316,1.7134302209229322,
441.0,30.000000000447173,1.7134302209208936,
441.25,30.00000000046307,1.7134302209186925,
441.5,30.000000000480863,1.7134302209163301,
441.75,30.00000000050053,1.713430220913808,
442.0,30.00000000052206,1.7134302209111283,
442.25,30.000000000545437,1.7134302209082937,
442.5,30.000000000570626,1.713430220905307,
442.75,30.0000000005976,1.7134302209021721,
443.0,30.000000000626315,1.713430220898893,
443.25,30.000000000656733,1.7134302208954741,
443.5,30.0000000006888,1.7134302208919205,
443.75,30.000000000722466,1.7134302208882377,
444.0,30.000000000757666,1.7134302208844316,
444.25,30.000000000794333,1.7134302208805083,
444.5,30.0000000008324,1.7134302208764747,
444.75,30.000000000871793,1.713430220872338,
445.0,30.00000000091243,1.7134302208681054,
445.25,30.00000000095422,1.7134302208637853,
445.5,30.000000000997083,1.7134302208593855,
445.75,30.00000000104092,1.7134302208549148,
446.0,30.000000001085635,1.713430220850382,
446.25,30.000000001131127,1.7134302208457965,
446.5,30.00000000117729,1.7134302208411678,
446.75,30.00000000122402,1.7134302208365058,
447.0,30.000000001271196,1.7134302208318202,
447.25,30.000000001318714,1.7134302208271215,
447.5,30.00000000136645,1.71343022082242,
447.75,30.000000001414282,1.7134302208177268,
448.0,30.000000001462094,1.7134302208130523,
448.25,30.00000000150976,1.7134302208084078,
448.5,30.000000001557154,1.7134302208038041,
448.75,30.00000000160415,1.713430220799253,
449.0,30.000000001650616,1.7134302207947651,
449.25,30.00000000169642,1.7134302207903525,
449.5,30.00000000174144,1.7134302207860261,
449.75,30.00000000178554,1.7134302207817975,
450.0,30.000000001828585,1.7134302207776781,
450.25,30.000000001870454,1.7134302207736793,
450.5,30.000000001911005,1.7134302207698127,
450.75,30.000000001950117,1.7134302207660892,
451.0,30.000000001987654,1.71343022076252,
451.25,30.00000000202349,1.7134302207591163,
451.5,30.000000002057504,1.713430220755889,
451.75,30.00000000208956,1.7134302207528487,
452.0,30.000000002119545,1.7134302207500058,
452.25,30.000000002147335,1.7134302207473708,
452.5,30.00000000217281,1.7134302207449539,
452.75,30.000000002195854,1.7134302207427645,
453.0,30.000000002216357,1.7134302207408123,
453.25,30.00000000223421,1.7134302207391068,
453.5,30.000000002249305,1.7134302207376564,
453.75,30.000000002261544,1.7134302207364698,
454.0,30.000000002270824,1.7134302207355552,
454.25,30.00000000227706,1.7134302207349204,
454.5,30.000000002280153,1.7134302207345724,
454.75,30.00000000228002,1.7134302207345184,
455.0,30.000000002276593,1.713430220734765,
455.25,30.00000000226979,1.7134302207353178,
455.5,30.000000002259544,1.7134302207361825,
455.75,30.00000000224579,1.713430220737364,
456.0,30.00000000222848,1.7134302207388665,
456.25,30.000000002207553,1.7134302207406942,
456.5,30.000000002182972,1.7134302207428502,
456.75,30.000000002154696,1.7134302207453374,
457.0,30.000000002122697,1.7134302207481578,
457.25,30.00000000208695,1.713430220751313,
457.5,30.000000002047436,1.7134302207548038,
457.75,30.00000000200415,1.7134302207586307,
458.0,30.000000001957087,1.7134302207627932,
458.25,30.00000000190625,1.7134302207672902,
458.5,30.000000001851657,1.7134302207721201,
458.75,30.00000000179332,1.7134302207772805,
459.0,30.000000001731276,1.7134302207827683,
459.25,30.000000001665562,1.7134302207885796,
459.5,30.000000001596213,1.71343022079471,
459.75,30.00000000152329,1.7134302208011547,
460.0,30.00000000144685,1.7134302208079073,
460.25,30.00000000136696,1.7134302208149617,
460.5,30.0000000012837,1.71343022082231,
460.75,30.000000001197154,1.7134302208299446,
461.0,30.000000001107416,1.7134302208378567,
461.25,30.000000001014588,1.7134302208460368,
461.5,30.000000000918778,1.7134302208544747,
461.75,30.000000000820105,1.7134302208631595,
462.0,30.000000000718696,1.71343022087208,
462.25,30.000000000614687,1.7134302208812233,
462.5,30.000000000508216,1.713430220890577,
462.75,30.00000000039944,1.713430220900127,
463.0,30.000000000288505,1.7134302209098595,
463.25,30.00000000017559,1.7134302209197592,
463.5,30.000000000060858,1.7134302209298105,
463.75,29.999999999944496,1.7134302209399974,
464.0,29.999999999826688,1.713430220950303,
464.25,29.99999999970763,1.7134302209607097,
464.5,29.99999999958752,1.7134302209711998,
464.75,29.99999999946657,1.7134302209817545,
465.0,29.999999999344993,1.713430220992355,
465.25,29.999999999223007,1.7134302210029817,
465.5,29.999999999100837,1.7134302210136148,
465.75,29.99999999897872,1.7134302210242331,
466.0,29.999999998856882,1.7134302210348167,
466.25,29.999999998735568,1.7134302210453438,
466.5,29.999999998615024,1.7134302210557928,
466.75,29.9999999984955,1.713430221066142,
467.0,29.99999999837724,1.7134302210763692,
467.25,29.999999998260506,1.713430221086452,
467.5,29.999999998145555,1.713430221096368,
467.75,29.99999999803264,1.713430221106094,
468.0,29.999999997922025,1.7134302211156078,
468.25,29.999999997813973,1.7134302211248862,
468.5,29.999999997708745,1.7134302211339065,
468.75,29.9999999976066,1.7134302211426458,
469.0,29.9999999975078,1.7134302211510815,
469.25,29.999999997412605,1.713430221159191,
469.5,29.99999999732127,1.7134302211669519,
469.75,29.999999997234056,1.7134302211743426,
470.0,29.999999997151203,1.7134302211813413,
470.25,29.999999997072962,1.7134302211879264,
470.5,29.999999996999573,1.713430221194078,
470.75,29.999999996931273,1.7134302211997752,
471.0,29.999999996868286,1.7134302212049985,
471.25,29.999999996810836,1.7134302212097297,
471.5,29.999999996759133,1.71343022121395,
471.75,29.999999996713377,1.7134302212176429,
472.0,29.99999999667377,1.7134302212207917,
472.25,29.99999999664048,1.7134302212233814,
472.5,29.999999996613678,1.713430221225398,
472.75,29.999999996593527,1.7134302212268286,
473.0,29.999999996580158,1.7134302212276618,
473.25,29.9999999965737,1.7134302212278874,
473.5,29.999999996574257,1.7134302212274968,
473.75,29.999999996581924,1.713430221226483,
474.0,29.999999996596767,1.7134302212248407,
474.25,29.99999999661884,1.7134302212225665,
474.5,29.99999999664817,1.7134302212196588,
474.75,29.999999996684767,1.7134302212161183,
475.0,29.999999996728608,1.7134302212119479,
475.25,29.999999996779646,1.713430221207152,
475.5,29.99999999683782,1.7134302212017383,
475.75,29.99999999690302,1.7134302211957169,
476.0,29.999999996975124,1.7134302211891002,
476.25,29.99999999705397,1.7134302211819035,
476.5,29.99999999713936,1.7134302211741452,
476.75,29.99999999723107,1.7134302211658468,
477.0,29.999999997328835,1.7134302211570325,
477.25,29.999999997432354,1.7134302211477308,
477.5,29.99999999754128,1.7134302211379726,
477.75,29.999999997655237,1.7134302211277932,
478.0,29.9999999977738,1.7134302211172314,
478.25,29.999999997896488,1.7134302211063301,
478.5,29.999999998022794,1.7134302210951364,
478.75,29.99999999815215,1.7134302210837014,
479.0,29.999999998283936,1.7134302210720807,
479.25,29.999999998417486,1.7134302210603347,
479.5,29.99999999855208,1.7134302210485286,
479.75,29.999999998686935,1.7134302210367323,
480.0,29.999999998821217,1.7134302210250214,
480.25,29.99999999895402,1.713430221013476,
480.5,29.99999999908439,1.7134302210021826,
480.75,29.9999999992113,1.7134302209912329,
481.0,29.999999999333657,1.7134302209807246,
481.25,29.999999999450292,1.713430220970762,
481.5,29.999999999559975,1.7134302209614547,
481.75,29.999999999661398,1.7134302209529197,
482.0,29.99999999975317,1.7134302209452805,
482.25,29.999999999833832,1.7134302209386678,
482.5,29.99999999990184,1.7134302209332186,
482.75,29.999999999955552,1.7134302209290784,
483.0,29.999999999993257,1.7134302209263996,
483.25,30.00000000001315,1.7134302209253427,
483.5,29.99999999995267,1.7134302209256058,
483.75,29.99999999973064,1.7134302209264798,
484.0,29.999999999366366,1.713430220927864,
484.25,29.999999998878994,1.713430220929671,
484.5,29.999999998286494,1.7134302209318195,
484.75,29.999999997605702,1.7134302209342338,
485.0,29.99999999685235,1.7134302209368442,
485.25,29.99999999604111,1.713430220939586,
485.5,29.999999995185625,1.7134302209424002,
485.75,29.99999999429855,1.7134302209452323,
486.0,29.999999993391572,1.7134302209480334,
486.25,29.99999999247547,1.7134302209507584,
486.5,29.999999991560127,1.7134302209533674,
486.75,29.99999999065457,1.7134302209558245,
487.0,29.999999989767005,1.7134302209580978,
487.25,29.999999988904847,1.7134302209601597,
487.5,29.99999998807475,1.7134302209619858,
487.75,29.999999987282642,1.7134302209635561,
488.0,29.99999998653374,1.7134302209648533,
488.25,29.99999998583261,1.713430220965864,
488.5,29.999999985183155,1.7134302209665777,
488.75,29.999999984588683,1.713430220966987,
489.0,29.99999998405191,1.7134302209670866,
489.25,29.99999998357499,1.7134302209668753,
489.5,29.999999983159555,1.7134302209663532,
489.75,29.99999998280672,1.7134302209655237,
490.0,29.999999982517128,1.7134302209643917,
490.25,29.999999982290962,1.7134302209629648,
490.5,29.999999982127978,1.7134302209612524,
490.75,29.999999982027518,1.713430220959266,
491.0,29.999999981988548,1.7134302209570185,
491.25,29.999999982009665,1.7134302209545247,
491.5,29.999999982089133,1.7134302209518009,
491.75,29.99999998222489,1.7134302209488645,
492.0,29.999999982414586,1.713430220945735,
492.25,29.99999998265559,1.7134302209424324,
492.5,29.999999982945017,1.7134302209389778,
492.75,29.999999983279743,1.7134302209353938,
493.0,29.999999983656426,1.713430220931703,
493.25,29.99999998407153,1.7134302209279297,
493.5,29.999999984521327,1.7134302209240984,
493.75,29.999999985001946,1.7134302209202343,
494.0,29.999999985509344,1.7134302209163632,
494.25,29.999999986039366,1.713430220912511,
494.5,29.99999998658774,1.7134302209087044,
494.75,29.999999987150087,1.71343022090497,
495.0,29.99999998772196,1.713430220901335,
495.25,29.999999988298836,1.713430220897826,
495.5,29.999999988876134,1.71343022089447,
495.75,29.999999989449236,1.7134302208912944,
496.0,29.999999990013507,1.7134302208883256,
496.25,29.999999990564284,1.7134302208855907,
496.5,29.999999991096907,1.713430220883116,
496.75,29.999999991606735,1.7134302208809276,
497.0,29.99999999208914,1.713430220879051,
497.25,29.999999992539532,1.7134302208775118,
497.5,29.999999992953367,1.7134302208763352,
497.75,29.99999999332615,1.713430220875545,
498.0,29.999999993653454,1.7134302208751653,
498.25,29.999999993930928,1.7134302208752188,
498.5,29.999999994154308,1.7134302208757286,
498.75,29.999999994319417,1.713430220876716,
499.0,29.99999999442218,1.7134302208782022,
499.25,29.99999999445863,1.7134302208802072,
499.5,29.99999999442492,1.7134302208827505,
499.75,29.999999994317328,1.7134302208858505,
500.0,29.999999994132256,1.713430220889525,
500.25,29.99999999386625,1.7134302208937902,
500.5,29.999999993515996,1.7134302208986623,
500.75,29.999999993078333,1.7134302209041556,
501.0,29.999999992550254,1.7134302209102843,
501.25,29.99999999192891,1.7134302209170604,
501.5,29.999999991211617,1.713430220924496,
501.75,29.999999990395864,1.7134302209326013,
502.0,29.999999989479306,1.713430220941386,
502.25,29.999999988459788,1.7134302209508583,
502.5,29.999999987335322,1.7134302209610253,
502.75,29.999999986104118,1.713430220971893,
503.0,29.99999998476456,1.7134302209834664,
503.25,29.99999998331523,1.7134302209957493,
503.5,29.9999999817549,1.7134302210087442,
503.75,29.999999980082535,1.7134302210224523,
504.0,29.999999978297293,1.7134302210368744,
504.25,29.999999976398538,1.7134302210520087,
504.5,29.999999974385823,1.7134302210678538,
504.75,29.999999972258905,1.713430221084406,
505.0,29.999999970017736,1.7134302211016608,
505.25,29.999999967662475,1.7134302211196126,
505.5,29.999999965193474,1.7134302211382548,
505.75,29.999999962611287,1.713430221157579,
506.0,29.999999959916675,1.7134302211775763,
506.25,29.99999995711058,1.7134302211982362,
506.5,29.999999954194163,1.7134302212195474,
506.75,29.999999951168764,1.7134302212414974,
507.0,29.99999994803593,1.7134302212640722,
507.25,29.999999944797395,1.7134302212872574,
507.5,29.999999941455087,1.7134302213110368,
507.75,29.999999938011126,1.7134302213353938,
508.0,29.99999993446781,1.71343022136031,
508.25,29.999999930827634,1.7134302213857668,
508.5,29.99999992709327,1.7134302214117438,
508.75,29.999999923267566,1.7134302214382202,
509.0,29.999999919353556,1.713430221465174,
509.25,29.999999915354433,1.713430221492582,
509.5,29.99999991127357,1.7134302215204207,
509.75,29.9999999071145,1.7134302215486652,
510.0,29.999999902880926,1.7134302215772896,
510.25,29.9999998985767,1.7134302216062676,
510.5,29.999999894205835,1.713430221635572,
510.75,29.999999889772486,1.7134302216651744,
511.0,29.999999885280964,1.713430221695046,
511.25,29.99999988073571,1.7134302217251576,
511.5,29.999999876141306,1.7134302217554782,
511.75,29.999999871502464,1.7134302217859774,
512.0,29.999999866824023,1.7134302218166233,
512.25,29.999999862110943,1.7134302218473836,
512.5,29.9999998573683,1.7134302218782256,
512.75,29.999999852601277,1.713430221909116,
513.0,29.99999984781516,1.7134302219400208,
513.25,29.999999843015345,1.7134302219709059,
513.5,29.99999983820731,1.7134302220017361,
513.75,29.999999833396622,1.7134302220324766,
514.0,29.999999828588933,1.7134302220630917,
514.25,29.999999823789974,1.7134302220935456,
514.5,29.999999819005538,1.713430222123802,
514.75,29.99999981424148,1.7134302221538247,
515.0,29.999999809503723,1.7134302221835769,
515.25,29.99999980479823,1.713430222213022,
515.5,29.999999800131015,1.7134302222421227,
515.75,29.99999979550812,1.7134302222708422,
516.0,29.999999790935632,1.7134302222991433,
516.25,29.999999786419657,1.7134302223269888,
516.5,29.999999781966313,1.7134302223543418,
516.75,29.999999777581735,1.7134302223811653,
517.0,29.999999773272062,1.713430222407422,
517.25,29.999999769043434,1.7134302224330753,
517.5,29.99999976490198,1.7134302224580886,
517.75,29.999999760853807,1.7134302224824252,
518.0,29.999999756905012,1.7134302225060494,
518.25,29.99999975306165,1.7134302225289249,
518.5,29.999999749329753,1.7134302225510163,
518.75,29.999999745715296,1.7134302225722884,
519.0,29.99999974222422,1.7134302225927067,
519.25,29.999999738862396,1.7134302226122367,
519.5,29.999999735635637,1.7134302226308447,
519.75,29.999999732549686,1.7134302226484974,
520.0,29.999999729610213,1.7134302226651623,
520.25,29.999999726822793,1.7134302226808071,
520.5,29.999999724192925,1.7134302226954006,
520.75,29.999999721726002,1.713430222708912,
521.0,29.99999971942731,1.7134302227213114,
521.25,29.99999971730204,1.7134302227325695,
521.5,29.999999715355248,1.7134302227426579,
521.75,29.999999713591876,1.7134302227515492,
522.0,29.999999712016734,1.7134302227592164,
522.25,29.9999997106345,1.7134302227656342,
522.5,29.999999709449707,1.7134302227707774,
522.75,29.99999970846673,1.7134302227746225,
523.0,29.999999707689806,1.7134302227771463,
523.25,29.999999707123003,1.7134302227783276,
523.5,29.999999706770215,1.7134302227781453,
523.75,29.99999970663517,1.71343022277658,
524.0,29.99999970672142,1.7134302227736133,
524.25,29.99999970703233,1.7134302227692282,
524.5,29.999999707571074,1.7134302227634086,
524.75,29.999999708340628,1.71343022275614,
525.0,29.999999709343776,1.7134302227474085,
525.25,29.999999710583083,1.7134302227372022,
525.5,29.999999712060912,1.7134302227255107,
525.75,29.999999713779413,1.713430222712324,
526.0,29.999999715740504,1.7134302226976341,
526.25,29.999999717945883,1.7134302226814349,
526.5,29.99999972039702,1.7134302226637206,
526.75,29.99999972309515,1.7134302226444877,
527.0,29.999999726041263,1.7134302226237341,
527.25,29.999999729236112,1.7134302226014588,
527.5,29.9999997326802,1.7134302225776628,
527.75,29.999999736373784,1.7134302225523483,
528.0,29.99999974031686,1.7134302225255194,
528.25,29.999999744509168,1.7134302224971811,
528.5,29.99999974895019,1.713430222467341,
528.75,29.999999753639145,1.7134302224360074,
529.0,29.99999975857498,1.7134302224031908,
529.25,29.999999763756374,1.713430222368903,
529.5,29.999999769181738,1.713430222333158,
529.75,29.999999774849208,1.7134302222959705,
530.0,29.999999780756635,1.7134302222573576,
530.25,29.999999786901608,1.713430222217338,
530.5,29.999999793281425,1.713430222175932,
530.75,29.999999799893104,1.7134302221331614,
531.0,29.999999806733385,1.71343022208905,
531.25,29.999999813798723,1.713430222043623,
531.5,29.999999821085293,1.7134302219969075,
531.75,29.999999828588976,1.7134302219489321,
532.0,29.999999836305385,1.7134302218997273,
532.25,29.999999844229837,1.7134302218493251,
532.5,29.99999985235737,1.7134302217977593,
532.75,29.99999986068274,1.7134302217450654,
533.0,29.999999869200416,1.7134302216912802,
533.25,29.999999877904592,1.7134302216364428,
533.5,29.999999886789183,1.7134302215805932,
533.75,29.999999895847825,1.7134302215237736,
534.0,29.999999905073878,1.7134302214660273,
534.25,29.99999991446043,1.7134302214074,
534.5,29.999999924000303,1.7134302213479378,
534.75,29.999999933686038,1.7134302212876893,
535.0,29.99999994350993,1.713430221226704,
535.25,29.999999953464005,1.7134302211650339,
535.5,29.999999963540027,1.7134302211027308,
535.75,29.999999973729523,1.7134302210398495,
536.0,29.999999984023752,1.7134302209764454,
536.25,29.999999994413752,1.7134302209125756,
536.5,30.000000004890307,1.713430220848298,
536.75,30.000000015443977,1.713430220783673,
537.0,30.00000002606509,1.7134302207187604,
537.25,30.000000036743767,1.7134302206536232,
537.5,30.000000047469904,1.713430220588324,
537.75,30.000000058233194,1.7134302205229275,
538.0,30.00000006902313,1.7134302204574994,
538.25,30.000000079829025,1.7134302203921057,
538.5,30.00000009063999,1.7134302203268141,
538.75,30.00000010144498,1.713430220261693,
539.0,30.000000112232772,1.7134302201968117,
539.25,30.000000122992,1.7134302201322402,
539.5,30.000000133711136,1.7134302200680493,
539.75,30.000000144378532,1.7134302200043106,
540.0,30.0000001549824,1.713430219941096,
540.25,30.000000165510848,1.7134302198784783,
540.5,30.00000017595187,1.7134302198165308,
540.75,30.000000186293388,1.7134302197553266,
541.0,30.000000196523217,1.7134302196949398,
541.25,30.00000020662913,1.7134302196354445,
541.5,30.00000021659883,1.7134302195769149,
541.75,30.000000226419992,1.7134302195194253,
542.0,30.000000236080254,1.71343021946305,
542.25,30.000000245567247,1.7134302194078632,
542.5,30.000000254868603,1.7134302193539388,
542.75,30.000000263971977,1.7134302193013506,
543.0,30.00000027286505,1.713430219250172,
543.25,30.000000281535566,1.713430219200476,
543.5,30.000000289971325,1.7134302191523343,
543.75,30.000000298160213,1.713430219105819,
544.0,30.000000306090218,1.7134302190610005,
544.25,30.000000313749453,1.713430219017949,
544.5,30.000000321126166,1.7134302189767325,
544.75,30.00000032820876,1.7134302189374195,
545.0,30.00000033498582,1.7134302189000759,
545.25,30.00000034144613,1.7134302188647668,
545.5,30.000000347578684,1.7134302188315556,
545.75,30.00000035337273,1.7134302188005037,
546.0,30.00000035881776,1.7134302187716717,
546.25,30.000000363903567,1.7134302187451171,
546.5,30.00000036862024,1.7134302187208963,
546.75,30.000000372958198,1.7134302186990629,
547.0,30.000000376908215,1.7134302186796682,
547.25,30.000000380461447,1.713430218662761,
547.5,30.00000038360945,1.7134302186483878,
547.75,30.000000386344208,1.7134302186365922,
548.0,30.000000388658158,1.7134302186274142,
548.25,30.000000390544226,1.7134302186208914,
548.5,30.00000039199584,1.7134302186170578,
548.75,30.000000393006967,1.7134302186159438,
549.0,30.000000393572137,1.7134302186175765,
549.25,30.000000393686474,1.7134302186219788,
549.5,30.00000039334573,1.7134302186291699,
549.75,30.000000392546305,1.7134302186391646,
550.0,30.000000391285287,1.7134302186519734,
550.25,30.000000389560476,1.7134302186676025,
550.5,30.000000387370424,1.713430218686053,
550.75,30.000000384714465,1.713430218707321,
551.0,30.00000038159274,1.713430218731398,
551.25,30.00000037800624,1.713430218758269,
551.5,30.000000373956844,1.7134302187879151,
551.75,30.00000036944734,1.71343021882031,
552.0,30.000000364481473,1.7134302188554225,
552.25,30.00000035906397,1.7134302188932147,
552.5,30.0000003532006,1.7134302189336421,
552.75,30.000000346898183,1.7134302189766542,
553.0,30.000000340164643,1.7134302190221928,
553.25,30.000000333009048,1.7134302190701933,
553.5,30.00000032544165,1.713430219120583,
553.75,30.000000317473916,1.7134302191732824,
554.0,30.00000030911858,1.7134302192282034,
554.25,30.00000030038968,1.7134302192852502,
554.5,30.000000291302594,1.7134302193443183,
554.75,30.000000281874105,1.713430219405295,
555.0,30.00000027212241,1.7134302194680586,
555.25,30.000000262067203,1.713430219532478,
555.5,30.000000251729688,1.7134302195984126,
555.75,30.000000241132646,1.7134302196657125,
556.0,30.00000023030047,1.7134302197342177,
556.25,30.000000219259213,1.7134302198037576,
556.5,30.00000020803665,1.7134302198741513,
556.75,30.000000196662306,1.7134302199452072,
557.0,30.000000185167526,1.7134302200167222,
557.25,30.000000173585505,1.7134302200884821,
557.5,30.000000161951352,1.7134302201602605,
557.75,30.000000150302146,1.713430220231819,
558.0,30.00000013867697,1.7134302203029077,
558.25,30.00000012711699,1.7134302203732625,
558.5,30.00000011566548,1.7134302204426075,
558.75,30.000000104367903,1.713430220510653,
559.0,30.00000009327195,1.7134302205770955,
559.25,30.000000082427604,1.7134302206416174,
559.5,30.000000071887197,1.7134302207038874,
559.75,30.000000061705464,1.7134302207635586,
560.0,30.0000000519396,1.7134302208202696,
560.25,30.000000042649333,1.7134302208736434,
560.5,30.000000033896967,1.713430220923287,
560.75,30.000000025747454,1.7134302209687917,
561.0,30.00000001826845,1.713430221009732,
561.25,30.000000011530393,1.7134302210456658,
561.5,30.000000005606537,1.7134302210761332,
561.75,30.000000000573046,1.713430221100657,
562.0,29.999999996509047,1.7134302211187415,
562.25,29.999999993496687,1.7134302211298738,
562.5,29.999999991621223,1.7134302211335204,
562.75,29.99999999097107,1.7134302211291301,
563.0,29.999999991101355,1.7134302211202384,
563.25,29.999999991206924,1.7134302211129282,
563.5,29.999999991283598,1.7134302211070147,
563.75,29.999999991336974,1.713430221102255,
564.0,29.999999991372157,1.7134302210984276,
564.25,29.999999991393793,1.7134302210953316,
564.5,29.99999999140608,1.7134302210927854,
564.75,29.9999999914128,1.713430221090625,
565.0,29.99999999141731,1.7134302210887047,
565.25,29.999999991422616,1.7134302210868952,
565.5,29.99999999143133,1.7134302210850825,
565.75,29.99999999144574,1.7134302210831682,
566.0,29.999999991467806,1.7134302210810672,
566.25,29.999999991499177,1.7134302210787082,
566.5,29.99999999154121,1.7134302210760322,
566.75,29.999999991594994,1.7134302210729921,
567.0,29.99999999166137,1.7134302210695516,
567.25,29.99999999174092,1.7134302210656847,
567.5,29.999999991834027,1.7134302210613752,
567.75,29.999999991940847,1.7134302210566157,
568.0,29.999999992061348,1.7134302210514074,
568.25,29.999999992195324,1.7134302210457586,
568.5,29.9999999923424,1.7134302210396855,
568.75,29.999999992502048,1.7134302210332097,
569.0,29.999999992673605,1.7134302210263597,
569.25,29.999999992856274,1.713430221019169,
569.5,29.99999999304916,1.7134302210116759,
569.75,29.999999993251247,1.713430221003923,
570.0,29.999999993461444,1.7134302209959564,
570.25,29.99999999367857,1.7134302209878265,
570.5,29.99999999390138,1.7134302209795855,
570.75,29.99999999412857,1.713430220971289,
571.0,29.999999994358777,1.7134302209629941,
571.25,29.999999994590617,1.7134302209547594,
571.5,29.999999994822655,1.7134302209466452,
571.75,29.999999995053443,1.7134302209387124,
572.0,29.999999995281524,1.7134302209310224,
572.25,29.99999999550542,1.7134302209236367,
572.5,29.999999995723662,1.713430220916617,
572.75,29.999999995934797,1.713430220910024,
573.0,29.99999999613737,1.7134302209039185,
573.25,29.999999996329958,1.7134302208983594,
573.5,29.99999999651116,1.7134302208934045,
573.75,29.99999999667962,1.7134302208891103,
574.0,29.999999996834003,1.7134302208855317,
574.25,29.999999996973028,1.7134302208827212,
574.5,29.99999999709546,1.713430220880729,
574.75,29.99999999720012,1.7134302208796035,
575.0,29.99999999728588,1.7134302208793903,
575.25,29.999999997351672,1.7134302208801317,
575.5,29.9999999973965,1.7134302208818681,
575.75,29.99999999741943,1.713430220884636,
576.0,29.9999999974196,1.7134302208884693,
576.25,29.999999997396223,1.7134302208933985,
576.5,29.99999999734858,1.7134302208994507,
576.75,29.999999997276046,1.7134302209066494,
577.0,29.999999997178058,1.713430220915015,
577.25,29.999999997054147,1.7134302209245635,
577.5,29.99999999690392,1.7134302209353085,
577.75,29.99999999672707,1.7134302209472585,
578.0,29.999999996523375,1.7134302209604193,
578.25,29.999999996292697,1.7134302209747923,
578.5,29.999999996034994,1.7134302209903753,
578.75,29.999999995750297,1.7134302210071626,
579.0,29.999999995438728,1.7134302210251444,
579.25,29.9999999951005,1.7134302210443073,
579.5,29.999999994735905,1.7134302210646337,
579.75,29.999999994345327,1.713430221086103,
580.0,29.99999999392923,1.7134302211086903,
580.25,29.99999999348816,1.7134302211323675,
580.5,29.99999999302275,1.7134302211571024,
580.75,29.999999992533716,1.71343022118286,
581.0,29.99999999202184,1.7134302212096013,
581.25,29.999999991488004,1.7134302212372838,
581.5,29.99999999093314,1.7134302212658625,
581.75,29.99999999035828,1.7134302212952883,
582.0,29.999999989764508,1.7134302213255097,
582.25,29.999999989152986,1.7134302213564714,
582.5,29.999999988524944,1.7134302213881163,
582.75,29.999999987881672,1.7134302214203836,
583.0,29.99999998722453,1.7134302214532104,
583.25,29.999999986554933,1.713430221486531,
583.5,29.999999985874346,1.7134302215202772,
583.75,29.999999985184292,1.7134302215543793,
584.0,29.99999998448635,1.7134302215887642,
584.25,29.999999983782143,1.7134302216233581,
584.5,29.999999983073327,1.7134302216580846,
584.75,29.99999998236161,1.713430221692866,
585.0,29.999999981648735,1.713430221727623,
585.25,29.999999980936476,1.713430221762275,
585.5,29.999999980226633,1.7134302217967399,
585.75,29.99999997952104,1.713430221830935,
586.0,29.999999978821545,1.7134302218647763,
586.25,29.99999997813002,1.71343022189818,
586.5,29.999999977448343,1.7134302219310609,
586.75,29.999999976778415,1.7134302219633335,
587.0,29.99999997612213,1.7134302219949127,
587.25,29.999999975481394,1.7134302220257132,
587.5,29.999999974858106,1.7134302220556499,
587.75,29.999999974254166,1.7134302220846376,
588.0,29.99999997367145,1.7134302221125925,
588.25,29.999999973111837,1.713430222139431,
588.5,29.99999997257718,1.7134302221650706,
588.75,29.999999972069304,1.7134302221894298,
589.0,29.99999997159002,1.7134302222124285,
589.25,29.999999971141108,1.7134302222339879,
589.5,29.999999970724296,1.7134302222540312,
589.75,29.9999999703413,1.7134302222724829,
590.0,29.99999996999377,1.7134302222892697,
590.25,29.999999969683326,1.713430222304321,
590.5,29.999999969411533,1.7134302223175677,
590.75,29.999999969179903,1.7134302223289435,
591.0,29.999999968989883,1.7134302223383853,
591.25,29.999999968842868,1.713430222345832,
591.5,29.999999968740187,1.713430222351226,
591.75,29.999999968683092,1.7134302223545133,
592.0,29.999999968672768,1.7134302223556421,
592.25,29.99999996871033,1.713430222354565,
592.5,29.999999968796804,1.7134302223512379,
592.75,29.999999968933132,1.7134302223456204,
593.0,29.999999969120186,1.7134302223376763,
593.25,29.99999996935873,1.713430222327373,
593.5,29.99999996964945,1.7134302223146824,
593.75,29.999999969992928,1.713430222299581,
594.0,29.999999970389652,1.713430222282049,
594.25,29.999999970840015,1.7134302222620714,
594.5,29.999999971344298,1.7134302222396385,
594.75,29.999999971902678,1.7134302222147442,
595.0,29.999999972515237,1.713430222187388,
595.25,29.99999997318193,1.7134302221575746,
595.5,29.999999973902607,1.7134302221253128,
595.75,29.999999974677014,1.7134302220906175,
596.0,29.99999997550477,1.7134302220535078,
596.25,29.999999976385382,1.7134302220140087,
596.5,29.99999997731824,1.7134302219721504,
596.75,29.999999978302615,1.7134302219279682,
597.0,29.99999997933766,1.713430221881503,
597.25,29.999999980422402,1.7134302218328006,
597.5,29.99999998155575,1.713430221781913,
597.75,29.999999982736494,1.713430221728897,
598.0,29.9999999839633,1.7134302216738153,
598.25,29.99999998523471,1.7134302216167354,
598.5,29.999999986549152,1.7134302215577308,
598.75,29.999999987904932,1.7134302214968802,
599.0,29.99999998930023,1.7134302214342674,
599.25,29.999999990733105,1.7134302213699815,
599.5,29.999999992201513,1.7134302213041173,
599.75,29.999999993703277,1.7134302212367742,
600.0,29.99999999523612,1.713430221168057,
600.25,29.99999999679764,1.7134302210980756,
600.5,29.999999998385338,1.7134302210269443,
600.75,29.99999999999659,1.7134302209547827,
601.0,30.000000001628678,1.7134302208817145,
601.25,30.000000003278785,1.7134302208078682,
601.5,30.00000000494399,1.7134302207333767,
601.75,30.000000006621274,1.7134302206583771,
602.0,30.000000008307534,1.7134302205830103,
602.25,30.000000009999575,1.713430220507421,
602.5,30.00000001169412,1.7134302204317573,
602.75,30.000000013387815,1.7134302203561715,
603.0,30.00000001507724,1.713430220280818,
603.25,30.0000000167589,1.7134302202058547,
603.5,30.00000001842924,1.713430220131442,
603.75,30.00000002008465,1.7134302200577425,
604.0,30.000000021721476,1.713430219984921,
604.25,30.000000023336018,1.713430219913144,
604.5,30.000000024924546,1.7134302198425793,
604.75,30.000000026483296,1.7134302197733957,
605.0,30.000000028008493,1.7134302197057634,
605.25,30.00000002949634,1.7134302196398516,
605.5,30.000000030943056,1.7134302195758309,
605.75,30.00000003234485,1.7134302195138704,
606.0,30.000000033697958,1.7134302194541389,
606.25,30.00000003499863,1.7134302193968034,
606.5,30.00000003624317,1.7134302193420297,
606.75,30.000000037427913,1.7134302192899804,
607.0,30.00000003854926,1.7134302192408162,
607.25,30.000000039603677,1.7134302191946944,
607.5,30.000000040587718,1.7134302191517679,
607.75,30.000000041498023,1.713430219112186,
608.0,30.000000042331344,1.7134302190760922,
608.25,30.000000043084547,1.7134302190436255,
608.5,30.000000043754635,1.7134302190149178,
608.75,30.00000004433876,1.7134302189900947,
609.0,30.000000044834223,1.7134302189692743,
609.25,30.000000045238515,1.7134302189525668,
609.5,30.000000045549314,1.713430218940073,
609.75,30.000000045764505,1.713430218931885,
610.0,30.000000045882192,1.7134302189280841,
610.25,30.00000004590073,1.713430218928741,
610.5,30.000000045818723,1.713430218933914,
610.75,30.000000045635055,1.7134302189436494,
611.0,30.000000045348898,1.7134302189579804,
611.25,30.000000044959748,1.7134302189769248,
611.5,30.00000004446742,1.7134302190004869,
611.75,30.00000004387209,1.7134302190286534,
612.0,30.000000043174303,1.7134302190613953,
612.25,30.000000042374992,1.7134302190986652,
612.5,30.000000041475516,1.713430219140397,
612.75,30.00000004047766,1.7134302191865052,
613.0,30.000000039383668,1.7134302192368829,
613.25,30.00000003819627,1.7134302192914017,
613.5,30.0000000369187,1.7134302193499107,
613.75,30.000000035554717,1.7134302194122344,
614.0,30.00000003410864,1.7134302194781725,
614.25,30.000000032585366,1.7134302195474989,
614.5,30.000000030990392,1.7134302196199596,
614.75,30.00000002932985,1.7134302196952724,
615.0,30.000000027610533,1.7134302197731255,
615.25,30.00000002583991,1.7134302198531757,
615.5,30.00000002402617,1.7134302199350477,
615.75,30.000000022178256,1.7134302200183336,
616.0,30.00000002030586,1.713430220102589,
616.25,30.000000018419488,1.7134302201873348,
616.5,30.000000016530485,1.713430220272054,
616.75,30.00000001465105,1.71343022035619,
617.0,30.00000001279428,1.7134302204391465,
617.25,30.000000010974205,1.7134302205202856,
617.5,30.00000000920581,1.7134302205989254,
617.75,30.000000007505072,1.7134302206743395,
618.0,30.00000000588901,1.7134302207457557,
618.25,30.000000004375696,1.7134302208123529,
618.5,30.000000002984304,1.7134302208732612,
618.75,30.000000001735156,1.7134302209275598,
619.0,30.000000000649727,1.713430220974274,
619.25,29.999999999750724,1.7134302210123757,
619.5,29.99999999906209,1.7134302210407804,
619.75,29.999999998609066,1.7134302210583452,
620.0,29.999999998418218,1.7134302210638677,
620.25,29.999999998385412,1.7134302210623988,
620.5,29.999999998355705,1.7134302210613195,
620.75,29.999999998328384,1.7134302210605785,
621.0,29.999999998303252,1.7134302210601082,
621.25,29.999999998280128,1.713430221059846,
621.5,29.999999998258847,1.7134302210597356,
621.75,29.999999998239268,1.7134302210597259,
622.0,29.999999998221252,1.7134302210597712,
622.25,29.999999998204686,1.7134302210598302,
622.5,29.999999998189466,1.7134302210598669,
622.75,29.9999999981755,1.7134302210598493,
623.0,29.999999998162703,1.7134302210597496,
623.25,29.99999999815102,1.7134302210595445,
623.5,29.999999998140378,1.7134302210592138,
623.75,29.999999998130736,1.7134302210587409,
624.0,29.99999999812206,1.713430221058113,
624.25,29.999999998114312,1.7134302210573198,
624.5,29.999999998107477,1.7134302210563546,
624.75,29.999999998101533,1.7134302210552126,
625.0,29.999999998096477,1.7134302210538923,
625.25,29.999999998092303,1.7134302210523944,
625.5,29.999999998089017,1.7134302210507213,
625.75,29.99999999808663,1.713430221048878,
626.0,29.999999998085148,1.713430221046871,
626.25,29.99999999808459,1.7134302210447088,
626.5,29.99999999808498,1.7134302210424008,
626.75,29.99999999808634,1.7134302210399588,
627.0,29.999999998088697,1.7134302210373948,
627.25,29.99999999809208,1.7134302210347228,
627.5,29.999999998096513,1.713430221031957,
627.75,29.999999998102037,1.713430221029113,
628.0,29.999999998108677,1.7134302210262071,
628.25,29.999999998116472,1.7134302210232557,
628.5,29.99999999812545,1.713430221020276,
628.75,29.99999999813565,1.7134302210172863,
629.0,29.999999998147103,1.7134302210143035,
629.25,29.999999998159847,1.7134302210113466,
629.5,29.999999998173905,1.7134302210084331,
629.75,29.999999998189317,1.7134302210055816,
630.0,29.999999998206107,1.7134302210028098,
630.25,29.999999998224304,1.7134302210001358,
630.5,29.999999998243936,1.713430220997577,
630.75,29.999999998265025,1.7134302209951509,
631.0,29.9999999982876,1.7134302209928742,
631.25,29.99999999831167,1.7134302209907637,
631.5,29.99999999833726,1.7134302209888348,
631.75,29.99999999836438,1.7134302209871033,
632.0,29.999999998393044,1.7134302209855834,
632.25,29.999999998423263,1.713430220984289,
632.5,29.99999999845504,1.713430220983234,
632.75,29.999999998488377,1.7134302209824304,
633.0,29.999999998523272,1.7134302209818895,
633.25,29.999999998559726,1.7134302209816228,
633.5,29.999999998597726,1.7134302209816394,
633.75,29.999999998637268,1.713430220981949,
634.0,29.99999999867833,1.713430220982559,
634.25,29.999999998720895,1.7134302209834764,
634.5,29.99999999876495,1.7134302209847077,
634.75,29.99999999881046,1.7134302209862577,
635.0,29.9999999988574,1.7134302209881302,
635.25,29.99999999890574,1.7134302209903283,
635.5,29.999999998955442,1.713430220992854,
635.75,29.999999999006466,1.713430220995708,
636.0,29.99999999905877,1.71343022099889,
636.25,29.99999999911231,1.713430221002399,
636.5,29.999999999167034,1.7134302210062324,
636.75,29.99999999922289,1.7134302210103871,
637.0,29.999999999279822,1.7134302210148586,
637.25,29.99999999933777,1.7134302210196415,
637.5,29.99999999939667,1.7134302210247292,
637.75,29.999999999456463,1.7134302210301144,
638.0,29.999999999517073,1.7134302210357883,
638.25,29.99999999957843,1.713430221041742,
638.5,29.999999999640465,1.7134302210479648,
638.75,29.9999999997031,1.7134302210544454,
639.0,29.99999999976625,1.7134302210611716,
639.25,29.99999999982984,1.7134302210681303,
639.5,29.999999999893785,1.7134302210753076,
639.75,29.999999999957996,1.7134302210826886,
640.0,30.00000000002239,1.7134302210902579,
640.25,30.00000000008687,1.7134302210979993,
640.5,30.000000000151353,1.7134302211058952,
640.75,30.000000000215746,1.7134302211139283,
641.0,30.000000000279947,1.7134302211220802,
641.25,30.000000000343867,1.7134302211303316,
641.5,30.00000000040741,1.7134302211386634,
641.75,30.00000000047048,1.713430221147055,
642.0,30.00000000053297,1.7134302211554857,
642.25,30.000000000594795,1.713430221163935,
642.5,30.000000000655845,1.713430221172381,
642.75,30.000000000716028,1.7134302211808021,
643.0,30.000000000775245,1.7134302211891759,
643.25,30.000000000833392,1.7134302211974801,
643.5,30.000000000890374,1.713430221205692,
643.75,30.000000000946095,1.7134302212137889,
644.0,30.000000001000455,1.7134302212217474,
644.25,30.000000001053362,1.713430221229545,
644.5,30.000000001104716,1.7134302212371582,
644.75,30.000000001154426,1.7134302212445642,
645.0,30.000000001202398,1.7134302212517398,
645.25,30.000000001248548,1.7134302212586623,
645.5,30.00000000129278,1.7134302212653088,
645.75,30.00000000133501,1.7134302212716568,
646.0,30.000000001375156,1.713430221277684,
646.25,30.00000000141313,1.7134302212833687,
646.5,30.00000000144886,1.713430221288689,
646.75,30.000000001482263,1.7134302212936239,
647.0,30.000000001513268,1.7134302212981527,
647.25,30.000000001541807,1.713430221302255,
647.5,30.00000000156781,1.7134302213059114,
647.75,30.00000000159121,1.7134302213091026,
648.0,30.00000000161195,1.7134302213118104,
648.25,30.000000001629978,1.7134302213140171,
648.5,30.000000001645233,1.7134302213157055,
648.75,30.00000000165767,1.7134302213168597,
649.0,30.000000001667246,1.7134302213174641,
649.25,30.000000001673918,1.7134302213175046,
649.5,30.000000001677652,1.7134302213169672,
649.75,30.000000001678416,1.7134302213158397,
650.0,30.000000001676185,1.7134302213141104,
650.25,30.000000001670937,1.7134302213117687,
650.5,30.00000000166266,1.713430221308805,
650.75,30.000000001651333,1.713430221305211,
651.0,30.000000001636963,1.7134302213009798,
651.25,30.000000001619537,1.7134302212961052,
651.5,30.000000001599066,1.713430221290582,
651.75,30.000000001575557,1.7134302212844075,
652.0,30.000000001549033,1.7134302212775785,
652.25,30.000000001519506,1.7134302212700945,
652.5,30.00000000148701,1.7134302212619557,
652.75,30.000000001451575,1.7134302212531638,
653.0,30.00000000141324,1.713430221243722,
653.25,30.00000000137205,1.7134302212336348,
653.5,30.000000001328054,1.7134302212229078,
653.75,30.00000000128131,1.7134302212115486,
654.0,30.00000000123188,1.7134302211995658,
654.25,30.00000000117983,1.7134302211869696,
654.5,30.00000000112524,1.7134302211737715,
654.75,30.000000001068184,1.713430221159985,
655.0,30.000000001008747,1.7134302211456247,
655.25,30.000000000947026,1.7134302211307062,
655.5,30.000000000883112,1.7134302211152477,
655.75,30.000000000817117,1.7134302210992676,
656.0,30.00000000074914,1.713430221082787,
656.25,30.000000000679304,1.7134302210658274,
656.5,30.00000000060772,1.7134302210484125,
656.75,30.00000000053452,1.713430221030567,
657.0,30.000000000459835,1.7134302210123171,
657.25,30.000000000383793,1.7134302209936905,
657.5,30.000000000306542,1.7134302209747163,
657.75,30.000000000228226,1.7134302209554246,
658.0,30.000000000148994,1.7134302209358474,
658.25,30.000000000068997,1.7134302209160173,
658.5,29.9999999999884,1.7134302208959689,
658.75,29.999999999907363,1.713430220875737,
659.0,29.999999999826056,1.7134302208553587,
659.25,29.99999999974464,1.7134302208348715,
659.5,29.9999999996633,1.713430220814314,
659.75,29.999999999582204,1.7134302207937258,
660.0,29.99999999950154,1.7134302207731475,
660.25,29.99999999942148,1.7134302207526213,
660.5,29.99999999934222,1.7134302207321888,
660.75,29.999999999263935,1.7134302207118934,
661.0,29.99999999918682,1.7134302206917789,
661.25,29.99999999911106,1.7134302206718897,
661.5,29.999999999036852,1.7134302206522705,
661.75,29.999999998964377,1.7134302206329666,
662.0,29.999999998893827,1.7134302206140237,
662.25,29.9999999988254,1.7134302205954877,
662.5,29.99999999875927,1.7134302205774046,
662.75,29.999999998695635,1.7134302205598202,
663.0,29.99999999863468,1.7134302205427807,
663.25,29.999999998576588,1.7134302205263316,
663.5,29.999999998521535,1.7134302205105187,
663.75,29.9999999984697,1.7134302204953866,
664.0,29.99999999842126,1.7134302204809801,
664.25,29.999999998376374,1.7134302204673426,
664.5,29.999999998335216,1.713430220454517,
664.75,29.999999998297938,1.7134302204425453,
665.0,29.999999998264695,1.7134302204314684,
665.25,29.999999998235623,1.7134302204213256,
665.5,29.999999998210868,1.7134302204121552,
665.75,29.99999999819055,1.7134302204039933,
666.0,29.999999998174793,1.7134302203968745,
666.25,29.999999998163705,1.713430220390832,
666.5,29.999999998157385,1.713430220385896,
666.75,29.999999998155914,1.7134302203820948,
667.0,29.999999998159375,1.7134302203794542,
667.25,29.999999998167823,1.7134302203779972,
667.5,29.999999998181313,1.7134302203777438,
667.75,29.99999999819987,1.713430220378711,
668.0,29.99999999822351,1.7134302203809124,
668.25,29.999999998252243,1.7134302203843583,
668.5,29.999999998286047,1.7134302203890546,
668.75,29.999999998324885,1.7134302203950038,
669.0,29.9999999983687,1.7134302204022036,
669.25,29.999999998417422,1.7134302204106477,
669.5,29.99999999847095,1.7134302204203247,
669.75,29.99999999852917,1.7134302204312182,
670.0,29.999999998591928,1.7134302204433067,
670.25,29.999999998659064,1.7134302204565628,
670.5,29.999999998730377,1.7134302204709537,
670.75,29.999999998805652,1.7134302204864398,
671.0,29.999999998884636,1.7134302205029759,
671.25,29.99999999896705,1.7134302205205094,
671.5,29.999999999052577,1.713430220538981,
671.75,29.999999999140886,1.7134302205583243,
672.0,29.99999999923159,1.7134302205784644,
672.25,29.999999999324288,1.713430220599319,
672.5,29.999999999418527,1.7134302206207976,
672.75,29.999999999513825,1.713430220642801,
673.0,29.999999999609656,1.71343022066522,
673.25,29.99999999970546,1.713430220687938,
673.5,29.99999999980063,1.7134302207108265,
673.75,29.999999999894516,1.7134302207337482,
674.0,29.99999999998643,1.713430220756555,
674.25,30.000000000075623,1.713430220779088,
674.5,30.00000000016131,1.7134302208011765,
674.75,30.00000000024266,1.713430220822639,
675.0,30.000000000318778,1.7134302208432812,
675.25,30.000000000388724,1.7134302208628969,
675.5,30.000000000451504,1.713430220881266,
675.75,30.00000000050606,1.713430220898156,
676.0,30.000000000551285,1.7134302209133203,
676.25,30.000000000586006,1.7134302209264978,
676.5,30.000000000608996,1.713430220937413,
676.75,30.00000000061895,1.7134302209457748,
677.0,30.000000000614513,1.713430220951277,
677.25,30.000000000594255,1.7134302209535968,
677.5,30.00000000061788,1.7134302209529195,
677.75,30.00000000073538,1.7134302209498857,
678.0,30.000000000933507,1.7134302209448364,
678.25,30.000000001199908,1.7134302209380905,
678.5,30.00000000152309,1.7134302209299435,
678.75,30.00000000189239,1.713430220920669,
679.0,30.00000000229793,1.7134302209105208,
679.25,30.00000000273062,1.7134302208997314,
679.5,30.000000003182095,1.7134302208885142,
679.75,30.000000003644693,1.7134302208770644,
680.0,30.00000000411145,1.7134302208655594,
680.25,30.000000004576034,1.7134302208541592,
680.5,30.00000000503275,1.7134302208430077,
680.75,30.000000005476494,1.713430220832233,
681.0,30.000000005902734,1.7134302208219487,
681.25,30.000000006307484,1.7134302208122538,
681.5,30.00000000668728,1.7134302208032337,
681.75,30.000000007039144,1.7134302207949612,
682.0,30.000000007360587,1.7134302207874967,
682.25,30.00000000764955,1.7134302207808887,
682.5,30.000000007904404,1.7134302207751748,
682.75,30.000000008123934,1.7134302207703824,
683.0,30.000000008307286,1.7134302207665286,
683.25,30.00000000845398,1.7134302207636214,
683.5,30.00000000856387,1.7134302207616603,
683.75,30.000000008637127,1.713430220760636,
684.0,30.00000000867422,1.7134302207605319,
684.25,30.000000008675904,1.7134302207613241,
684.5,30.000000008643184,1.713430220762982,
684.75,30.00000000857731,1.7134302207654688,
685.0,30.000000008479763,1.7134302207687417,
685.25,30.000000008352227,1.7134302207727534,
685.5,30.000000008196572,1.7134302207774508,
685.75,30.000000008014847,1.713430220782777,
686.0,30.00000000780926,1.7134302207886705,
686.25,30.000000007582152,1.713430220795067,
686.5,30.00000000733601,1.7134302208018983,
686.75,30.000000007073417,1.713430220809094,
687.0,30.000000006797066,1.7134302208165804,
687.25,30.00000000650973,1.7134302208242824,
687.5,30.000000006214258,1.7134302208321233,
687.75,30.00000000591356,1.7134302208400243,
688.0,30.000000005610588,1.713430220847906,
688.25,30.000000005308337,1.7134302208556877,
688.5,30.000000005009827,1.713430220863289,
688.75,30.000000004718082,1.7134302208706287,
689.0,30.000000004436146,1.7134302208776258,
689.25,30.00000000416704,1.7134302208841994,
689.5,30.000000003913772,1.71343022089027,
689.75,30.000000003679332,1.713430220895758,
690.0,30.00000000346667,1.7134302209005854,
690.25,30.000000003278693,1.7134302209046754,
690.5,30.000000003118252,1.7134302209079528,
690.75,30.00000000298815,1.7134302209103436,
691.0,30.000000002891106,1.7134302209117767,
691.25,30.000000002829783,1.713430220912182,
691.5,30.000000002806754,1.713430220911492,
691.75,30.000000002824503,1.7134302209096426,
692.0,30.00000000288543,1.7134302209065708,
692.25,30.000000002991822,1.7134302209022172,
692.5,30.000000003145882,1.713430220896525,
692.75,30.000000003349687,1.713430220889441,
693.0,30.00000000360521,1.713430220880914,
693.25,30.000000003914295,1.713430220870897,
693.5,30.00000000427868,1.7134302208593455,
693.75,30.000000004699967,1.7134302208462193,
694.0,30.000000005179633,1.7134302208314813,
694.25,30.00000000571902,1.713430220815098,
694.5,30.000000006319336,1.7134302207970395,
694.75,30.000000006981654,1.7134302207772796,
695.0,30.000000007706905,1.713430220755796,
695.25,30.000000008495885,1.7134302207325705,
695.5,30.000000009349232,1.713430220707588,
695.75,30.00000001026746,1.7134302206808378,
696.0,30.00000001125092,1.7134302206523133,
696.25,30.00000001229982,1.7134302206220116,
696.5,30.00000001341424,1.7134302205899337,
696.75,30.000000014594082,1.7134302205560845,
697.0,30.000000015839127,1.7134302205204732,
697.25,30.00000001714899,1.7134302204831124,
697.5,30.000000018523156,1.7134302204440193,
697.75,30.00000001996095,1.7134302204032146,
698.0,30.000000021461563,1.7134302203607228,
698.25,30.00000002302403,1.7134302203165723,
698.5,30.000000024647253,1.7134302202707958,
698.75,30.00000002632999,1.7134302202234293,
699.0,30.000000028070854,1.7134302201745124,
699.25,30.000000029868332,1.7134302201240887,
699.5,30.000000031720766,1.7134302200722054,
699.75,30.000000033626367,1.7134302200189129,
700.0,30.000000035583216,1.7134302199642657,
700.25,30.000000037589263,1.713430219908321,
700.5,30.000000039642337,1.7134302198511395,
700.75,30.000000041740144,1.7134302197927855,
701.0,30.00000004388027,1.7134302197333262,
701.25,30.000000046060183,1.713430219672832,
701.5,30.000000048277244,1.713430219611376,
701.75,30.000000050528698,1.7134302195490343,
702.0,30.000000052811693,1.7134302194858857,
702.25,30.00000005512327,1.713430219422012,
702.5,30.000000057460376,1.7134302193574968,
702.75,30.000000059819865,1.713430219292427,
703.0,30.000000062198502,1.7134302192268913,
703.25,30.00000006459297,1.7134302191609805,
703.5,30.000000066999867,1.7134302190947879,
703.75,30.000000069415727,1.7134302190284083,
704.0,30.000000071837,1.7134302189619388,
704.25,30.000000074260083,1.7134302188954775,
704.5,30.0000000766813,1.7134302188291248,
704.75,30.000000079096935,1.713430218762982,
705.0,30.000000081503206,1.7134302186971515,
705.25,30.0000000838963,1.7134302186317376,
705.5,30.000000086272358,1.713430218566845,
705.75,30.00000008862748,1.7134302185025794,
706.0,30.000000090957748,1.7134302184390473,
706.25,30.000000093259214,1.7134302183763552,
706.5,30.000000095527916,1.713430218314611,
706.75,30.00000009775987,1.713430218253922,
707.0,30.000000099951098,1.7134302181943961,
707.25,30.00000010209761,1.713430218136141,
707.5,30.000000104195422,1.713430218079264,
707.75,30.000000106240563,1.7134302180238723,
708.0,30.000000108229077,1.7134302179700727,
708.25,30.00000011015703,1.713430217917971,
708.5,30.000000112020505,1.7134302178676726,
708.75,30.00000011381563,1.7134302178192815,
709.0,30.00000011553857,1.713430217772901,
709.25,30.000000117185518,1.713430217728633,
709.5,30.000000118752737,1.7134302176865779,
709.75,30.000000120236532,1.7134302176468346,
710.0,30.000000121633278,1.7134302176095,
710.25,30.000000122939408,1.7134302175746698,
710.5,30.00000012415143,1.7134302175424374,
710.75,30.00000012526593,1.7134302175128933,
711.0,30.000000126279577,1.713430217486127,
711.25,30.000000127189132,1.7134302174622242,
711.5,30.000000127991438,1.7134302174412692,
711.75,30.000000128683453,1.7134302174233427,
712.0,30.000000129262226,1.713430217408523,
712.25,30.00000012972492,1.713430217396885,
712.5,30.00000013006882,1.7134302173885005,
712.75,30.000000130291323,1.7134302173834386,
713.0,30.00000013038995,1.7134302173817644,
713.25,30.000000130362352,1.7134302173835392,
713.5,30.00000013020632,1.7134302173888212,
713.75,30.00000012991978,1.7134302173976645,
714.0,30.0000001295008,1.7134302174101197,
714.25,30.000000128947605,1.7134302174262324,
714.5,30.00000012825856,1.7134302174460447,
714.75,30.000000127432187,1.7134302174695946,
715.0,30.000000126467185,1.7134302174969154,
715.25,30.000000125362405,1.7134302175280358,
715.5,30.000000124116863,1.71343021756298,
715.75,30.00000012272976,1.713430217601768,
716.0,30.000000121200458,1.713430217644414,
716.25,30.00000011952851,1.7134302176909282,
716.5,30.00000011771365,1.7134302177413157,
716.75,30.000000115755793,1.713430217795576,
717.0,30.000000113655048,1.7134302178537042,
717.25,30.000000111411705,1.71343021791569,
717.5,30.000000109026264,1.7134302179815173,
717.75,30.000000106499403,1.7134302180511656,
718.0,30.000000103832015,1.7134302181246084,
718.25,30.000000101025183,1.7134302182018137,
718.5,30.000000098080193,1.7134302182827448,
718.75,30.000000094998537,1.7134302183673584,
719.0,30.000000091781917,1.7134302184556065,
719.25,30.000000088432234,1.713430218547435,
719.5,30.000000084951594,1.7134302186427848,
719.75,30.000000081342325,1.7134302187415906,
720.0,30.000000077606945,1.7134302188437818,
720.25,30.000000073748197,1.7134302189492818,
720.5,30.000000069769023,1.713430219058009,
720.75,30.00000006567258,1.7134302191698756,
721.0,30.000000061462224,1.7134302192847883,
721.25,30.00000005714153,1.7134302194026485,
721.5,30.00000005271427,1.713430219523352,
721.75,30.000000048184432,1.7134302196467885,
722.0,30.00000004355619,1.7134302197728433,
722.25,30.000000038833942,1.713430219901395,
722.5,30.00000003402227,1.7134302200323182,
722.75,30.00000002912596,1.713430220165481,
723.0,30.000000024149987,1.713430220300747,
723.25,30.000000019099527,1.7134302204379743,
723.5,30.00000001397994,1.713430220577016,
723.75,30.000000008796764,1.7134302207177208,
724.0,30.000000003555733,1.7134302208599315,
724.25,29.99999999826275,1.7134302210034873,
724.5,29.99999999292389,1.713430221148222,
724.75,29.999999987545397,1.7134302212939652,
725.0,29.999999982133676,1.7134302214405421,
725.25,29.99999997669529,1.7134302215877741,
725.5,29.999999971236956,1.713430221735478,
725.75,29.999999965765536,1.7134302218834674,
726.0,29.999999960288026,1.7134302220315514,
726.25,29.999999954811557,1.7134302221795363,
726.5,29.999999949343383,1.713430222327225,
726.75,29.999999943890874,1.7134302224744173,
727.0,29.999999938461514,1.7134302226209102,
727.25,29.99999993306288,1.7134302227664977,
727.5,29.999999927702646,1.713430222910972,
727.75,29.999999922388564,1.7134302230541227,
728.0,29.999999917128466,1.7134302231957377,
728.25,29.99999991193024,1.7134302233356036,
728.5,29.999999906801822,1.7134302234735053,
728.75,29.999999901751206,1.7134302236092267,
729.0,29.999999896786406,1.7134302237425512,
729.25,29.99999989191545,1.7134302238732617,
729.5,29.999999887146384,1.713430224001141,
729.75,29.99999988248724,1.7134302241259722,
730.0,29.999999877946042,1.7134302242475392,
730.25,29.99999987353077,1.7134302243656265,
730.5,29.999999869249358,1.7134302244800201,
730.75,29.999999865109697,1.7134302245905082,
731.0,29.999999861119587,1.7134302246968804,
731.25,29.999999857286745,1.7134302247989295,
731.5,29.999999853618778,1.7134302248964506,
731.75,29.99999985012318,1.7134302249892432,
732.0,29.999999846807302,1.7134302250771096,
732.25,29.99999984367834,1.7134302251598574,
732.5,29.999999840743314,1.7134302252372984,
732.75,29.999999838009064,1.7134302253092495,
733.0,29.999999835482207,1.7134302253755342,
733.25,29.99999983316914,1.713430225435982,
733.5,29.999999831076014,1.7134302254904286,
733.75,29.99999982920871,1.713430225538718,
734.0,29.999999827572818,1.7134302255807017,
734.25,29.999999826173624,1.71343022561624,
734.5,29.999999825016076,1.7134302256452019,
734.75,29.999999824104773,1.7134302256674663,
735.0,29.999999823443936,1.7134302256829226,
735.25,29.999999823037392,1.713430225691471,
735.5,29.99999982288854,1.7134302256930236,
735.75,29.999999823000334,1.713430225687504,
736.0,29.999999823375248,1.7134302256748497,
736.25,29.999999824015273,1.7134302256550111,
736.5,29.999999824921865,1.7134302256279534,
736.75,29.999999826095934,1.7134302255936567,
737.0,29.99999982753781,1.7134302255521165,
737.25,29.999999829247216,1.7134302255033456,
737.5,29.999999831223246,1.7134302254473734,
737.75,29.99999983346433,1.713430225384248,
738.0,29.999999835968204,1.7134302253140359,
738.25,29.99999983873188,1.7134302252368239,
738.5,29.99999984175162,1.7134302251527185,
738.75,29.999999845022902,1.7134302250618485,
739.0,29.99999984854038,1.7134302249643643,
739.25,29.99999985229787,1.7134302248604398,
739.5,29.99999985628829,1.7134302247502728,
739.75,29.99999986050366,1.7134302246340862,
740.0,29.999999864935027,1.713430224512129,
740.25,29.999999869572473,1.7134302243846762,
740.5,29.999999874405045,1.7134302242520314,
740.75,29.999999879420727,1.7134302241145272,
741.0,29.99999988460642,1.7134302239725254,
741.25,29.999999889947887,1.7134302238264187,
741.5,29.999999895429706,1.7134302236766323,
741.75,29.99999990103526,1.7134302235236238,
742.0,29.99999990674667,1.7134302233678849,
742.25,29.999999912544766,1.7134302232099423,
742.5,29.99999991840905,1.7134302230503593,
742.75,29.99999992431764,1.7134302228897367,
743.0,29.99999993024724,1.713430222728713,
743.25,29.9999999361731,1.7134302225679672,
743.5,29.999999942068946,1.713430222408219,
743.75,29.999999947906968,1.7134302222502298,
744.0,29.999999953657753,1.713430222094805,
744.25,29.99999995929025,1.7134302219427942,
744.5,29.99999996477171,1.7134302217950925,
744.75,29.99999997006766,1.7134302216526431,
745.0,29.99999997514183,1.7134302215164368,
745.25,29.99999997995611,1.7134302213875146,
745.5,29.999999984470527,1.7134302212669685,
745.75,29.99999998864315,1.713430221155943,
746.0,29.999999992430066,1.7134302210556365,
746.25,29.999999995785323,1.713430220967303,
746.5,29.999999998660883,1.7134302208922525,
746.75,30.000000001006548,1.7134302208318544,
747.0,30.000000002769927,1.7134302207875365,
747.25,30.00000000389637,1.7134302207607885,
747.5,30.000000004328914,1.713430220753163,
747.75,30.000000004322118,1.7134302207575465,
748.0,30.00000000431517,1.7134302207617276,
748.25,30.000000004311065,1.7134302207656475,
748.5,30.000000004308774,1.7134302207693577,
748.75,30.00000000430737,1.713430220772904,
749.0,30.00000000430603,1.713430220776328,
749.25,30.000000004304017,1.7134302207796661,
749.5,30.000000004300684,1.7134302207829508,
749.75,30.000000004295472,1.7134302207862102,
750.0,30.000000004287898,1.713430220789469,
750.25,30.00000000427755,1.7134302207927472,
750.5,30.000000004264095,1.7134302207960628,
750.75,30.000000004247255,1.7134302207994294,
751.0,30.000000004226823,1.7134302208028585,
751.25,30.000000004202647,1.7134302208063577,
751.5,30.000000004174627,1.713430220809933,
751.75,30.000000004142713,1.7134302208135876,
752.0,30.000000004106905,1.7134302208173224,
752.25,30.000000004067235,1.7134302208211363,
752.5,30.00000000402379,1.7134302208250263,
752.75,30.00000000397668,1.7134302208289875,
753.0,30.000000003926054,1.713430220833014,
753.25,30.00000000387209,1.7134302208370977,
753.5,30.00000000381499,1.71343022084123,
753.75,30.000000003754984,1.7134302208454002,
754.0,30.000000003692318,1.7134302208495977,
754.25,30.000000003627264,1.7134302208538106,
754.5,30.0000000035601,1.7134302208580257,
754.75,30.000000003491124,1.71343022086223,
755.0,30.00000000342064,1.7134302208664098,
755.25,30.000000003348976,1.7134302208705507,
755.5,30.000000003276444,1.7134302208746384,
755.75,30.000000003203375,1.713430220878658,
756.0,30.0000000031301,1.7134302208825951,
756.25,30.00000000305695,1.7134302208864345,
756.5,30.000000002984255,1.713430220890162,
756.75,30.000000002912344,1.7134302208937628,
757.0,30.00000000284154,1.713430220897223,
757.25,30.00000000277216,1.7134302209005283,
757.5,30.000000002704514,1.7134302209036656,
757.75,30.00000000263891,1.7134302209066217,
758.0,30.000000002575636,1.7134302209093837,
758.25,30.000000002514977,1.71343022091194,
758.5,30.0000000024572,1.7134302209142793,
758.75,30.000000002402565,1.713430220916391,
759.0,30.000000002351317,1.7134302209182646,
759.25,30.000000002303686,1.7134302209198913,
759.5,30.00000000225988,1.7134302209212626,
759.75,30.000000002220105,1.713430220922371,
760.0,30.00000000218454,1.7134302209232095,
760.25,30.000000002153342,1.7134302209237726,
760.5,30.00000000212667,1.7134302209240548,
760.75,30.000000002104642,1.7134302209240524,
761.0,30.00000000208737,1.7134302209237624,
761.25,30.000000002074948,1.7134302209231822,
761.5,30.00000000206745,1.713430220922311,
761.75,30.000000002064922,1.713430220921148,
762.0,30.000000002067402,1.7134302209196945,
762.25,30.000000002074906,1.7134302209179517,
762.5,30.00000000208743,1.7134302209159225,
762.75,30.00000000210494,1.7134302209136103,
763.0,30.000000002127408,1.71343022091102,
763.25,30.00000000215476,1.7134302209081564,
763.5,30.00000000218692,1.7134302209050265,
763.75,30.000000002223786,1.7134302209016372,
764.0,30.000000002265242,1.713430220897997,
764.25,30.000000002311154,1.713430220894115,
764.5,30.000000002361368,1.7134302208900007,
764.75,30.00000000241571,1.7134302208856655,
765.0,30.000000002474,1.7134302208811203,
765.25,30.000000002536034,1.7134302208763779,
765.5,30.00000000260159,1.7134302208714514,
765.75,30.000000002670436,1.713430220866354,
766.0,30.00000000274233,1.713430220861101,
766.25,30.000000002817004,1.713430220855707,
766.5,30.000000002894186,1.713430220850188,
766.75,30.000000002973593,1.7134302208445602,
767.0,30.000000003054925,1.7134302208388403,
767.25,30.000000003137874,1.713430220833046,
767.5,30.000000003222123,1.713430220827195,
767.75,30.00000000330734,1.7134302208213055,
768.0,30.000000003393193,1.713430220815396,
768.25,30.000000003479336,1.7134302208094854,
768.5,30.00000000356542,1.713430220803593,
768.75,30.000000003651092,1.7134302207977383,
769.0,30.000000003735988,1.713430220791941,
769.25,30.000000003819746,1.7134302207862204,
769.5,30.000000003901995,1.713430220780597,
769.75,30.000000003982368,1.71343022077509,
770.0,30.000000004060492,1.71343022076972,
770.25,30.000000004136,1.7134302207645065,
770.5,30.00000000420852,1.7134302207594692,
770.75,30.000000004277684,1.7134302207546277,
771.0,30.000000004343125,1.7134302207500016,
771.25,30.00000000440448,1.71343022074561,
771.5,30.0000000044614,1.7134302207414718,
771.75,30.00000000451352,1.713430220737605,
772.0,30.00000000456051,1.7134302207340286,
772.25,30.00000000460202,1.7134302207307595,
772.5,30.000000004637727,1.7134302207278151,
772.75,30.00000000466731,1.7134302207252123,
773.0,30.00000000469046,1.7134302207229668,
773.25,30.00000000470688,1.7134302207210943,
773.5,30.000000004716284,1.7134302207196093,
773.75,30.000000004718398,1.7134302207185257,
774.0,30.000000004712966,1.713430220717857,
774.25,30.00000000469974,1.7134302207176157,
774.5,30.000000004678494,1.7134302207178134,
774.75,30.000000004649017,1.7134302207184602,
775.0,30.00000000461111,1.7134302207195666,
775.25,30.0000000045646,1.713430220721141,
775.5,30.00000000450933,1.713430220723191,
775.75,30.00000000444516,1.7134302207257237,
776.0,30.00000000437197,1.7134302207287446,
776.25,30.000000004289664,1.713430220732258,
776.5,30.000000004198164,1.7134302207362677,
776.75,30.00000000409742,1.7134302207407757,
777.0,30.000000003987395,1.713430220745783,
777.25,30.000000003868088,1.7134302207512895,
777.5,30.000000003739505,1.7134302207572938,
777.75,30.000000003601695,1.7134302207637928,
778.0,30.000000003454716,1.7134302207707828,
778.25,30.000000003298656,1.7134302207782586,
778.5,30.00000000313363,1.7134302207862133,
778.75,30.000000002959776,1.713430220794639,
779.0,30.000000002777263,1.7134302208035266,
779.25,30.000000002586276,1.7134302208128653,
779.5,30.000000002387033,1.713430220822643,
779.75,30.000000002179778,1.7134302208328465,
780.0,30.000000001964775,1.713430220843461,
780.25,30.000000001742325,1.7134302208544705,
780.5,30.000000001512745,1.7134302208658576,
780.75,30.00000000127638,1.7134302208776035,
781.0,30.0000000010336,1.7134302208896883,
781.25,30.000000000784805,1.7134302209020906,
781.5,30.000000000530417,1.7134302209147876,
781.75,30.00000000027088,1.7134302209277554,
782.0,30.00000000000666,1.713430220940969,
782.25,29.99999999973826,1.7134302209544023,
782.5,29.999999999466194,1.7134302209680272,
782.75,29.999999999190994,1.7134302209818155,
783.0,29.99999999891323,1.7134302209957373,
783.25,29.999999998633474,1.7134302210097618,
783.5,29.99999999835233,1.7134302210238572,
783.75,29.99999999807042,1.7134302210379908,
784.0,29.999999997788382,1.713430221052129,
784.25,29.999999997506865,1.7134302210662373,
784.5,29.999999997226546,1.7134302210802803,
784.75,29.9999999969481,1.7134302210942223,
785.0,29.99999999667223,1.7134302211080266,
785.25,29.99999999639964,1.713430221121656,
785.5,29.99999999613105,1.7134302211350734,
785.75,29.99999999586718,1.7134302211482402,
786.0,29.99999999560877,1.7134302211611185,
786.25,29.99999999535655,1.71343022117367,
786.5,29.999999995111263,1.713430221185856,
786.75,29.999999994873647,1.713430221197638,
787.0,29.99999999464444,1.7134302212089776,
787.25,29.999999994424375,1.713430221219837,
787.5,29.999999994214182,1.713430221230178,
787.75,29.999999994014583,1.7134302212399635,
788.0,29.999999993826282,1.713430221249157,
788.25,29.99999999364998,1.7134302212577226,
788.5,29.99999999348635,1.7134302212656252,
788.75,29.99999999333606,1.713430221272831,
789.0,29.99999999319974,1.7134302212793073,
789.25,29.99999999307801,1.7134302212850228,
789.5,29.999999992971446,1.7134302212899477,
789.75,29.999999992880607,1.713430221294054,
790.0,29.99999999280601,1.7134302212973154,
790.25,29.999999992748137,1.7134302212997077,
790.5,29.99999999270742,1.7134302213012094,
790.75,29.999999992684252,1.7134302213018007,
791.0,29.999999992678973,1.713430221301465,
791.25,29.999999992691876,1.7134302213001884,
791.5,29.99999999272319,1.7134302212979602,
791.75,29.999999992773077,1.7134302212947727,
792.0,29.999999992841644,1.713430221290622,
792.25,29.99999999292892,1.7134302212855084,
792.5,29.99999999303486,1.713430221279435,
792.75,29.999999993159335,1.7134302212724102,
793.0,29.99999999330214,1.7134302212644466,
793.25,29.999999993462964,1.7134302212555614,
793.5,29.99999999364142,1.7134302212457773,
793.75,29.999999993837005,1.7134302212351218,
794.0,29.999999994049112,1.713430221223628,
794.25,29.999999994277026,1.7134302212113357,
794.5,29.999999994519914,1.7134302211982901,
794.75,29.99999999477682,1.713430221184543,
795.0,29.999999995046654,1.713430221170153,
795.25,29.999999995328192,1.7134302211551864,
795.5,29.99999999562007,1.713430221139716,
795.75,29.99999999592077,1.7134302211238237,
796.0,29.999999996228627,1.713430221107598,
796.25,29.99999999654181,1.7134302210911374,
796.5,29.999999996858314,1.713430221074548,
796.75,29.999999997175962,1.713430221057946,
797.0,29.999999997492395,1.7134302210414567,
797.25,29.99999999780506,1.713430221025216,
797.5,29.99999999811121,1.713430221009369,
797.75,29.999999998407887,1.7134302209940733,
798.0,29.999999998691916,1.713430220979496,
798.25,29.999999998959915,1.713430220965817,
798.5,29.99999999920825,1.7134302209532275,
798.75,29.99999999943306,1.7134302209419319,
799.0,29.99999999963024,1.7134302209321468,
799.25,29.999999999795424,1.7134302209241028,
799.5,29.999999999923975,1.7134302209180439,
799.75,30.00000000001099,1.7134302209142287,
800.0,30.000000000051276,1.7134302209129302,
