t,x,y,z
0.0,30.0,10.0,10.0
0.25,27.79955344648461,9.992772722744402,9.999940330415134
0.5,25.754436808858454,9.970743124994982,9.999521251088582
0.75,23.8492145357192,9.933418192974607,9.99837996699442
1.0,22.07125621278751,9.880354151427914,9.99615104902056
1.25,20.410188968864343,9.811171775748887,9.992467898138162
1.5,18.857458202193683,9.725573293264851,9.986964582679892
1.75,17.405968336999937,9.623360647847795,9.97927804520792
2.0,16.049783849660933,9.504454442788498,9.96905073741372
2.25,14.783876222096275,9.368912930509776,9.9559336434412
2.5,13.603907336574919,9.216949924919737,9.939589702571812
2.75,12.506042939013549,9.048950537380248,9.919697542034548
3.0,11.486792710112754,8.865483183103914,9.895955489413243
3.25,10.542875086368312,8.667306597937449,9.868085700483746
3.5,9.671106441818479,8.455370412776736,9.83583830755568
3.75,8.868314794373623,8.230808421200152,9.798995351242688
4.0,8.131278144558953,7.994923818414441,9.757374393002404
4.25,7.456687066555395,7.749166684813408,9.710831544689075
4.5,6.841130170102486,7.495104383238603,9.659263802532653
4.75,6.281099954316721,7.234386488296129,9.60261049113544
5.0,5.7730154238358145,6.968706144077984,9.540853787865865
5.25,5.313257079746908,6.699760330534262,9.474018241160618
5.5,4.898209468205598,6.429211361634197,9.402169340717341
5.75,4.52430656169815,6.158651854208094,9.325411202585093
6.0,4.188075856375334,5.88957480907556,9.24388351658364
6.25,3.8861778808935323,5.6233500025825105,9.157757899844743
6.5,3.615438922195964,5.361207149862682,9.067233840221116
6.75,3.372875745932443,5.104225769041956,8.97253441935743
7.0,3.155712135903004,4.853331228795836,8.8739019520396
7.25,2.961387630602071,4.609296090933503,8.771593722746156
7.5,2.787559471941163,4.372745812209797,8.665877883358531
7.75,2.6320988893947415,4.144167559665223,8.557029689805642
8.0,2.493083098261954,3.9239213692112935,8.445328021054642
8.25,2.3687841545059127,3.7122525519576333,8.331052312951401
8.5,2.257655806853349,3.509304702160151,8.214479871766832
8.75,2.1583192426733917,3.3151327129603327,8.09588357192733
9.0,2.0695484577766843,3.1297153006855067,7.9755299427268875
9.25,1.9902557931014446,2.952966849455102,7.853677583412752
9.5,1.9194780307189343,2.784748280717961,7.730575910143794
9.75,1.8563633019864996,2.6248769066289994,7.606464184210328
10.0,1.8001589505743314,2.47313519173708,7.481570807715307
10.25,1.7502004488128622,2.3292784970920297,7.356112820235136
10.5,1.7059013683758981,2.193041812266528,7.230295588387078
10.75,1.666744347366394,2.0641455157467035,7.1043126819855
11.0,1.6322730688611233,1.942300327072339,6.97834585434043
11.25,1.6020851260333726,1.8272114610422179,6.852565152624732
11.5,1.5758257189317981,1.718582091107579,6.727129121819514
11.75,1.5531821221041648,1.6161162487511007,6.602185061473832
12.0,1.533878806718942,1.5195211520472833,6.4778693640822365
12.25,1.5176731765946254,1.4285090979941448,6.354307886884436
12.5,1.5043518411217403,1.3427989701368173,6.231616353007385
12.75,1.4937273532369875,1.2621173975218678,6.109900782965952
13.0,1.4856353668185291,1.1861996355379483,5.989257937613114
13.25,1.47993216502461,1.1147902234085787,5.8697757610961565
13.5,1.4764924946068885,1.047643409517232,5.751533842024994
13.75,1.4752076924833986,0.9845234352310606,5.634603859097791
14.0,1.475984053997726,0.9252046724450262,5.519050024942622
14.25,1.4787414139310346,0.8694716442296437,5.404929522631749
14.5,1.4834119178084244,0.8171189550040823,5.292292929821466
14.75,1.489938962693525,0.7679511565488802,5.181184625178683
15.0,1.4982762752724617,0.7217825385481498,5.071643188397164
15.25,1.508387122754905,0.6784368830931539,4.96370177990323
15.5,1.5202436371043646,0.6377471836578255,4.857388505099599
15.75,1.5338262380169068,0.5995553368528902,4.7527267628716885
16.0,1.5491231436812207,0.5637118144706185,4.649735577998276
16.25,1.5661299619126903,0.5300753238791971,4.548429916956237
16.5,1.5848493545173066,0.4985124652779297,4.448820986400204
16.75,1.6052907640490506,0.4688973858795471,4.350916516025882
17.0,1.6274701946386374,0.44111142627304517,4.254721028313802
17.25,1.6514100517420842,0.41504278218327617,4.16023608960357
17.5,1.6771390272097286,0.3905861658296078,4.067460548869983
17.75,1.7046920295814927,0.3676424769121982,3.9763907613871483
18.0,1.7341101561533039,0.34611848286364705,3.8870207986045395
18.25,1.7654407044174012,0.32592650875992385,3.7993426455895767
18.5,1.7987372204835284,0.30698413740002184,3.7133463872108115
18.75,1.8340595826030928,0.2892139223108289,3.6290203804076984
19.0,1.8714741191629116,0.27254311223459526,3.5463514156717064
19.25,1.91105375947976,0.2569033864947554,3.465324869072602
19.5,1.952878216879593,0.24223060272044836,3.3859248434882723
19.75,1.9970342037164484,0.2284645569811936,3.3081342998057863
20.0,2.0436156779534547,0.21554875548426966,3.2319351791305273
20.25,2.0927241209394967,0.20343019677448615,3.1573085173031283
20.5,2.144468846337851,0.19205916441250187,3.084234551994176
20.75,2.1989673416270095,0.1813890335974008,3.0126928191538465
21.0,2.256345640857368,0.17137608521668654,2.942662245289559
21.25,2.3167387298667084,0.16197933079560597,2.8741212321517713
21.5,2.3802909844650606,0.1531603473061941,2.8070477349422887
21.75,2.4471566420603357,0.14488312137977047,2.7414193344626563
22.0,2.517500307023626,0.1371139020581618,2.677213304021855
22.25,2.5914974901389916,0.12982106133526883,2.6144066717989163
22.5,2.6693351833129646,0.12297496394590725,2.5529762770923417
22.75,2.7512124694376734,0.11654784428583921,2.4928988225932134
23.0,2.8373411674046864,0.11051369023834498,2.4341509227427958
23.25,2.9279465128526647,0.10484813419108241,2.3767091478023543
23.5,3.0232678744141754,0.0995283506440088,2.3205500641219308
23.75,3.1235595048260696,0.09453295991083618,2.2656502710442266
24.0,3.2290913262207837,0.08984193735356887,2.2119864349458256
24.25,3.340149748528905,0.08543652837868883,2.1595353199166465
24.5,3.457038519366121,0.08129916884024448,2.108273815421241
24.75,3.5800796029053594,0.07741340990091984,2.0581789618978013
25.0,3.709614085094568,0.07376384771804642,2.0092279736756353
25.25,3.8460031011637446,0.07033605748550316,1.9613982595943824
25.5,3.989628780504032,0.06711653156807008,1.914667441535645
25.75,4.140895204006684,0.06409262141338729,1.8690133711623724
26.0,4.300229367035691,0.06125248302438163,1.8244141449309672
26.25,4.468082136126085,0.058585026048219246,1.7808481169706862
26.5,4.644929194315558,0.05607986585593488,1.7382939108930193
26.75,4.8312719611773165,0.053727278692628916,1.6967304300039368
27.0,5.027638472884805,0.05151815963074481,1.6561368661760294
27.25,5.234584204976558,0.04944398315969603,1.6164927074650473
27.5,5.4526928222537165,0.0474967662604804,1.5777777446316652
27.75,5.682576839845915,0.04566903381155125,1.5399720767260818
28.0,5.924878158626041,0.04395378612108592,1.5030561155804376
28.25,6.180268451164719,0.04234446853222896,1.4670105893519765
28.5,6.449449378849197,0.04083494294445664,1.4318165454224931
28.75,6.7331526013824,0.03941946113155132,1.3974553524719122
29.0,7.032139530215569,0.038092639707625164,1.36390870184128
29.25,7.34720078890737,0.036849436657704016,1.3311586082498517
29.5,7.679155348162121,0.03568512937389136,1.2991874099629686
29.75,8.028849302578045,0.03459529413592996,1.267977768505446
30.0,8.39715418924572,0.03357578676634494,1.2375126678009576
30.25,8.784964806138301,0.03262272448299003,1.2077754128023996
30.5,9.193196525113299,0.03173246901816332,1.178749627871198
30.75,9.622782013981272,0.03090161074425574,1.1504192547426808
31.0,10.074667282884981,0.030126953783776694,1.1227685501394942
31.25,10.54980700936439,0.029405502040679814,1.0957820830643625
31.5,11.049159119265628,0.02873444613857159,1.0694447318421751
31.75,11.573678600652073,0.028111151251385615,1.0437416809813818
32.0,12.1243104974195,0.027533145753197992,1.0186584178733957
32.25,12.701981874883138,0.02699811029654833,0.9941807290406485
32.5,13.307593044550357,0.026503867916109272,0.9702946964510697
32.75,13.942007882163864,0.02604837467551373,0.9469866936408435
33.0,14.606043265354563,0.025629710909623772,0.9242433816933829
33.25,15.30045767294958,0.025246073051024782,0.9020517050861377
33.5,16.025939053226864,0.02489576600809724,0.8803988874429383
33.75,16.78309207603833,0.024577196073220946,0.8592724272399692
34.0,17.572424883249493,0.024288864337857645,0.8386600935085243
34.25,18.394335440975954,0.0240293604926876,0.8185499213677744
34.5,19.24909778954986,0.023797357082984912,0.7989302075318784
34.75,20.13684844435346,0.023591604244750736,0.7797895058813151
35.0,21.05757312167887,0.023410924723616784,0.7611166229533219
35.25,22.011094181455462,0.023254209294420597,0.7429006134400047
35.5,22.99705911413463,0.0231204125411459,0.7251307756869189
35.75,24.014930393408925,0.023008548947401748,0.7077966472014743
36.0,25.063977016442486,0.022917689247614004,0.6908880001805093
36.25,26.143268053811497,0.0228469569895037,0.6743948370663767
36.5,27.251668734128053,0.022795525450433323,0.6583073861285871
36.75,28.38783930103485,0.022762614873502895,0.6426160970732546
37.0,29.550236625078377,0.022747489706755584,0.6273116367093915
37.25,30.73711908509697,0.022749456176839697,0.6123848846368022
37.5,31.94655477903074,0.022767860021907147,0.5978269290024717
37.75,33.17643304523491,0.022802084394538416,0.5836290623143398
38.0,34.424479181898796,0.02285154791523932,0.5697827772922224
38.25,35.68827225929404,0.02291570285864906,0.5562797627410742
38.5,36.96526594466176,0.02299403349582333,0.5431118995504238
38.75,38.25281170978259,0.02308605453523889,0.5302712567321703
39.0,39.54818408717913,0.02319130966489962,0.5177500874894841
39.25,40.848607489128966,0.023309370209036156,0.5055408253701462
39.5,42.15128405829272,0.023439833851192006,0.49363608048463414
39.75,43.45342188706228,0.023582323434315988,0.4820286357872055
40.0,44.75226291768626,0.023736485850142895,0.4707114434111144
40.25,46.04510991143162,0.02390199101256064,0.45967762105787224
40.5,47.32935231264085,0.024078530816589547,0.44892044848833107
40.75,48.60248982680049,0.02426581821101912,0.43843336403976396
41.0,49.86215377555982,0.02446358629985565,0.428209961223196
41.25,51.10612562069232,0.024671587486200092,0.41824398538061613
41.5,52.33235238470349,0.02488959265628133,0.4085293303961874
41.75,53.53895893064215,0.025117390399673353,0.39906003547208235
42.0,54.724257060075566,0.0253547862634569,0.3898302819790034
42.25,55.88675124380243,0.02560160203715086,0.38083439036496997
42.5,57.025141012394414,0.02585767506426895,0.37206681708613987
42.75,58.138320668999924,0.026122857587489043,0.36352215164185325
43.0,59.2253762254371,0.026397016110106353,0.35519511365036743
43.25,60.28557981546498,0.02668003078881716,0.34708054997905047
43.5,61.31838192727035,0.026971794854844525,0.3391734319261547
43.75,62.32340199306487,0.02727221405293208,0.33146885246359653
44.0,63.30041786317368,0.02758120608822311,0.3239620235496416
44.25,64.24935384049097,0.027898700110409715,0.3166482734750141
44.5,65.17026783879153,0.028224636228334963,0.309523044253009
44.75,66.0633386347037,0.028558965020875574,0.30258188908952927
45.0,66.92885266144611,0.028901647081301295,0.2958204698874058
45.25,67.76719097128206,0.029252652578068358,0.28923455480367777
45.5,68.57881649768089,0.029611960835006734,0.2828200158571921
45.75,69.36426181329946,0.029979559930457304,0.2765728265871447
46.0,70.12411750343254,0.030355446312945154,0.27048905975599946
46.25,70.85902126550388,0.03073962443568743,0.2645648851022629
46.5,71.56964778070008,0.031132106409597193,0.2587965671394609
46.75,72.25669946843666,0.03153291167126778,0.25318046300110014
47.0,72.92089812353171,0.031942066666685996,0.24771302033104842
47.25,73.56297735021465,0.03235960455461899,0.242390775217914
47.5,74.18367584764785,0.032785564926211076,0.23721035017317457
47.75,74.78373166869561,0.03321999353219702,0.23216845215359613
48.0,75.36387709524892,0.033662942033627984,0.22726187062472875
48.25,75.9248343210106,0.03411446776357012,0.2224874756665971
48.5,76.46731185242717,0.034574633501436414,0.2178422161209079
48.75,76.99200152946905,0.03504350726134375,0.21332311777844085
49.0,77.49957604283269,0.035521162097096014,0.20892728160512308
49.25,77.99068707716175,0.036007675914899145,0.2046518820084641
49.5,78.46596390563892,0.036503131298557395,0.2004941651423178
49.75,78.92601233376213,0.03700761534899518,0.19645144724837774
50.0,79.37141403955793,0.037521219533171,0.19252111303528166
50.25,79.8027262435841,0.038044039542685065,0.18870061409457406
50.5,80.2204816422461,0.03857617516269225,0.18498746735232183
50.75,80.62518852618318,0.039117730152283016,0.18137925355501436
51.0,81.01733107502793,0.03966881213450134,0.17787361578975755
51.25,81.39736994656091,0.04022953248931741,0.174468258040707
51.5,81.76574282374386,0.04080000626174797,0.1711609437767825
51.75,82.12286515676526,0.04138035207408246,0.16794949457197866
52.0,82.46913096174671,0.041970692046448994,0.1648317887574051
52.25,82.80491366568232,0.04257115172462301,0.16180576010572037
52.5,83.13056698771543,0.04318186001458736,0.15886939654680673
52.75,83.44642584605361,0.043802949123390965,0.1560207389135087
53.0,83.7528072798234,0.0444345545058531,0.15325787971625737
53.25,84.05001137516535,0.04507681481666037,0.15057896194540318
53.5,84.33832218492132,0.045729871867406534,0.14798217790021
53.75,84.61800862334776,0.04639387058915688,0.14546576805315398
54.0,84.88932530835625,0.04706895900118897,0.14302801993862904
54.25,85.15251342011766,0.047755288181640154,0.14066726706414098
54.5,85.40780152341651,0.04845301224304262,0.13838188785055727
54.75,85.65540634379926,0.04916228831215851,0.13617030459721433
55.0,85.8955335040136,0.04988327651357645,0.13403098247319542
55.25,86.12837822325727,0.05061613995674401,0.13196242853364298
55.5,86.35412598175435,0.0513610447261109,0.1299631907599684
55.75,86.57295315317745,0.05211815987405753,0.12803185712282242
56.0,86.7850276074341,0.05288765741628357,0.12616705466668998
56.25,86.99050928633541,0.05366971232933108,0.12436744861497243
56.5,87.18955072773096,0.05446450255132353,0.12263174150103032
56.75,87.38229749170783,0.05527220898819091,0.12095867232898665
57.0,87.56888867545797,0.056093015515769465,0.11934701573876236
57.25,87.7494573287551,0.056927108987497796,0.11779558120144036
57.5,87.92413083404449,0.0577746792441822,0.11630321223193037
57.75,88.09303127221968,0.05863591912470585,0.11486878562247699
58.0,88.256275769205,0.059511024477913524,0.11349121069604645
58.25,88.41397681859152,0.060400194175896885,0.11216942857854417
58.5,88.56624257557338,0.061303630128905454,0.11090241148881448
58.75,88.71317711743215,0.0622215373021082,0.10968916204537497
59.0,88.85488066581644,0.06315412373443076,0.1085287125888367
59.25,88.99144979220392,0.064101600558323,0.10742012452155156
59.5,89.12297772002907,0.06506418201466721,0.1063624876768438
59.75,89.24955445242838,0.06604208547656258,0.10535491968787283
60.0,89.37126697824807,0.06703553146904087,0.10439656538024765
60.25,89.488199413356,0.06804474369253025,0.10348659617732743
60.5,89.60043314065477,0.06906994904625093,0.10262420952153152
60.75,89.70804695319163,0.07011137765133235,0.10180862831166461
61.0,89.81111719405534,0.07116926287402456,0.1010391003553365
61.25,89.90971788675063,0.07224384134937631,0.10031489783555689
61.5,90.00392084974042,0.0733353530057528,0.09963531679058475
61.75,90.09379578884631,0.07444404109056557,0.0989996766061123
62.0,90.17941036119754,0.07557015219758717,0.09840731951886349
62.25,90.26083020441916,0.07671393629622357,0.09785761013068699
62.5,90.33811901034571,0.07787564675804941,0.09734993494023017
62.75,90.41133881417183,0.0790555403702322,0.09688370190265028
63.0,90.4805498597123,0.08025387737414502,0.09645833996987865
63.25,90.54581070000519,0.08147092148990087,0.09607329866396797
63.5,90.60717826216663,0.08270693994259544,0.09572804765271357
63.75,90.66470790113279,0.08396220348908265,0.09542207633751446
64.0,90.71845344852771,0.08523698644488086,0.09515489345345413
64.25,90.76846725737714,0.08653156671112879,0.09492602668091094
64.5,90.8148002433887,0.08784622580150964,0.09473502226800612
64.75,90.85750192351871,0.08918124886906223,0.09458144466319875
65.0,90.89662045254565,0.09053692473279792,0.0944648761573363
65.25,90.93220265837098,0.09191354590404185,0.09438491653446973
65.5,90.96429407676706,0.09331140861241739,0.09434118273074192
65.75,90.99293898629273,0.0947308128313925,0.09433330850065826
66.0,91.01818044409681,0.09617206230330655,0.09436094409004835
66.25,91.04006032332961,0.09763546456379653,0.09442375591502758
66.5,91.05861928497619,0.09912133097198492,0.0945214262586208
66.75,91.07389684488925,0.10062997673013882,0.09465365301375185
67.0,91.0859315592778,0.10216172089302998,0.0948201493519007
67.25,91.09476069609018,0.10371688642582994,0.09502064345315207
67.5,91.10042038395972,0.1052958002144711,0.09525487823191309
67.75,91.10294573161937,0.10689879307839692,0.09552261106854201
68.0,91.10237089798595,0.10852619978755385,0.09582361354891741
68.25,91.09872912277996,0.11017835908259963,0.0961576712115989
68.5,91.09205272754721,0.1118556136973032,0.09652458330223072
68.75,91.08237309694849,0.11355831038211084,0.09692416253483951
69.0,91.0697206501832,0.1152867999278534,0.0973562348596775
69.25,91.05412481241348,0.1170414371885698,0.09782063923726228
69.5,91.03561399605454,0.11882258110242117,0.09831722741826475
69.75,91.01421560179773,0.12063059470967111,0.098845863728896
70.0,90.98995604923226,0.12246584516670647,0.09940642486144495
70.25,90.9628608469319,0.12432870375507374,0.09999879966961761
70.5,90.93295471187261,0.1262195458845059,0.10062288896832935
70.75,90.90026174804751,0.12813875108891465,0.10127860533760169
71.0,90.86480569414512,0.13008670301432276,0.10196587293021434
71.25,90.82661025015709,0.13206378939771155,0.10268462728276435
71.5,90.78569769367598,0.1340704022156042,0.10343481516185121
71.75,90.7420883039559,0.13610693774978655,0.10421639439916809
72.0,90.69580254003354,0.13817379637715363,0.1050293336882369
72.25,90.64686015375867,0.14027138266437644,0.1058736124350361
72.5,90.59528021294776,0.14240010536974976,0.10674922059477768
72.75,90.54108112220081,0.14456037744376618,0.10765615851371722
73.0,90.48428064166912,0.14675261602830597,0.10859443677567013
73.25,90.42489590424759,0.14897724245431282,0.10956407605290447
73.5,90.36294343166486,0.151234682237827,0.11056510696108016
73.75,90.29843914994484,0.15352536507424625,0.11159756991790466
74.0,90.23139840471282,0.15584972483068535,0.11266151500517513
74.25,90.16183597681989,0.15820819953630505,0.11375700183387702
74.5,90.08976609875884,0.16060123137048135,0.11488409941200921
74.75,90.01520247234507,0.16302926664868556,0.11604288601480565
75.0,89.93815828813587,0.1654927558059462,0.11723344905702356
75.25,89.85864624706163,0.16799215337776352,0.1184558849669681
75.5,89.77667858474216,0.17052791797834718,0.11971029906192367
75.75,89.69226709896182,0.17310051227604803,0.12099680542466174
76.0,89.60542318620264,0.17571040296470467,0.12231552678152947
76.25,89.51615789670268,0.1783580607214061,0.12366659442523698
76.5,89.4244814162715,0.18104396028025307,0.12505014807157866
76.75,89.33040381996432,0.18376858026192944,0.1264663357556595
77.0,89.23393504875175,0.1865324031425022,0.12791531373261675
77.25,89.13508468088372,0.1893359152606603,0.12939724636077896
77.5,89.03386181600462,0.19217960680040982,0.13091230599108442
77.75,88.93027505008273,0.19506397175332457,0.13246067286174049
78.0,88.82433251921674,0.19798950786444908,0.13404253499710397
78.25,88.71604199038187,0.20095671656595288,0.135658088109764
78.5,88.60541097717876,0.20396610290263362,0.13730753550480765
78.75,88.49244685864778,0.20701817545336698,0.1389910879852494
79.0,88.37715697921134,0.21011344625260173,0.1407089637576054
79.25,88.25954870780741,0.21325243071599775,0.14246138833659305
79.5,88.13962943427677,0.216435647574305,0.1442485944479369
79.75,88.0174064810668,0.21966361881958155,0.14607082192826137
80.0,87.89288690831475,0.22293686966784845,0.14792831762105194
80.25,87.76607719037311,0.22625592854228008,0.14982133526766442
80.5,87.63698274184013,0.22962132708102714,0.15175013539236412
80.75,87.50560742031657,0.23303360014488567,0.15371498518662932
81.0,87.37195755720275,0.23649328494945063,0.15571615858264753
81.25,87.23603985763887,0.24000092137901272,0.1577539360696164
81.5,87.09786006461727,0.24355705213264148,0.15982860454382514
81.75,86.9574238455774,0.24716222245357852,0.16194045724948983
82.0,86.8147367348009,0.2508169800339089,0.16408979367994714
82.25,86.6698041542906,0.25452187489473205,0.16627691948216886
82.5,86.52263148122286,0.25827745924967727,0.16850214636293023
82.75,86.37322413006315,0.26208428735960915,0.1707657919949651
83.0,86.22158761743415,0.265942915386367,0.17306817992144047
83.25,86.0677275778262,0.2698539012533839,0.17540963945708357
83.5,85.91164969823966,0.2738178045210297,0.17779050558429438
83.75,85.75335953984849,0.2778351862845237,0.18021111884257618
84.0,85.59286225402175,0.2819066090923485,0.18267182521154668
84.25,85.43016344107842,0.2860326365726544,0.18517297604834848
84.5,85.26526899502723,0.2902138333092938,0.18771492797393338
84.75,85.09818476363343,0.294450764753218,0.19029804274940332
85.0,84.92891667833865,0.29874399701710974,0.19292268717231378
85.25,84.75747075051771,0.30309409669433035,0.19558923296515898
85.5,84.58385311624048,0.30750163065639424,0.19829805666480882
85.75,84.40807009519128,0.31196716583952133,0.20104953951074123
86.0,84.23012822939846,0.31649126903081765,0.20384406732991292
86.25,84.0500342674268,0.32107450666463366,0.20668203041611244
86.5,83.86779505968525,0.32571744463965174,0.20956382340163873
86.75,83.68341745094074,0.3304206481295745,0.2124898451263273
87.0,83.49690873539784,0.3351846812124416,0.21546049853724825
87.25,83.30827639682232,0.34001010671359083,0.21847619054370676
87.5,83.1175281312353,0.34489748595496783,0.22153733188573027
87.75,82.92467184628829,0.3498473785059516,0.22464433699795644
88.0,82.72971568935988,0.35486034191434584,0.22779762387283745
88.25,82.5326680945115,0.35993693142264693,0.23099761392206142
88.5,82.33353781267111,0.3650776996829775,0.23424473183351885
88.75,82.13233388941421,0.3702831964840748,0.23753940542114096
89.0,81.92906555846518,0.37555396850226896,0.24088206546521163
89.25,81.72374234919342,0.38089055896312213,0.2442731455643958
89.5,81.51637418704965,0.3862935072988484,0.24771308198353145
89.75,81.30697130133392,0.39176334886711006,0.2512023134844754
90.0,81.09554422635706,0.3973006146327025,0.2547412811584087
90.25,80.88210380622863,0.40290583083591813,0.2583304282551448
90.5,80.6666612382793,0.40857951863476943,0.2619702000117338
90.75,80.44922811549796,0.4143221937393,0.26566104347679853
91.0,80.22981642836349,0.4201343660562134,0.2694034073270384
91.25,80.00843848645121,0.4260165393620473,0.2731977416723385
91.5,79.78510683994692,0.4319692109674975,0.27704449785635743
91.75,79.55983456791141,0.4379928712046741,0.28094412828421256
92.0,79.33263511191589,0.44408800311316277,0.2848970862067514
92.25,79.10352229045293,0.45025508203783093,0.288903825514761
92.5,78.87251029136252,0.4564945752280014,0.292964800526455
92.75,78.63961370228887,0.46280694140592693,0.2970804657742067
93.0,78.40484754821681,0.46919263032265096,0.30125127578702204
93.25,78.16822729639166,0.47565208232352024,0.30547768486446425
93.5,77.92976878892583,0.4821857279456185,0.309760146837739
93.75,77.68948818517815,0.48879398750067604,0.31409911482649705
94.0,77.44740217401855,0.4954772704991338,0.3184950410184479
94.25,77.20352784691698,0.5022359752524738,0.32294837640884966
94.5,76.95788270437706,0.50907048839786,0.3274595705471494
94.75,76.71048464624782,0.5159811844218636,0.3320290712766866
95.0,76.46135200111664,0.5229684251488165,0.33665732447391233
95.25,76.21050355794824,0.5300325592193597,0.34134477378225275
95.5,75.95795855960881,0.5371739215868072,0.3460918603353643
95.75,75.70373661791398,0.5443928330589458,0.3508990224645257
96.0,75.44785770695461,0.551689599777822,0.35576669541012823
96.25,75.19034232205217,0.5590645125803857,0.36069531104823743
96.5,74.93121136197917,0.5665178465352813,0.36568529757712837
96.75,74.67048612914284,0.5740498604004245,0.3707370792108534
97.0,74.40818832254145,0.5816607960734479,0.375851075866871
97.25,74.14434006697965,0.589350878004714,0.3810277028534302
97.5,73.87896393809966,0.5971203126068161,0.3862673705503256
97.75,73.61208294277277,0.6049692876944879,0.3915704840766378
98.0,73.34372041627715,0.6128979719872426,0.3969374429393709
98.25,73.07390006825399,0.6209065144809506,0.40236864069911116
98.5,72.8026460827193,0.6289950437699778,0.4078644646380719
98.75,72.52998301946073,0.6371636675235881,0.41342529539238176
99.0,72.25593580313543,0.6454124718949712,0.41905150658940565
99.25,71.98052971922223,0.6537415209116012,0.4247434644817403
99.5,71.70379044085388,0.6621508558290553,0.43050152758130517
99.75,71.42574404719376,0.6706404944889199,0.43632604628594596
100.0,71.14641699402122,0.6792104307214102,0.44221736249096893
100.25,70.86583600254846,0.6878606338277292,0.44817580917906924
100.5,70.5840281355881,0.6965910478665365,0.45420171004015836
100.75,70.30102085808794,0.705401590954568,0.46029537908280804
101.0,70.01684194976458,0.7142921547107965,0.46645712021287256
101.25,69.73151948880565,0.7232626036386044,0.47268722681712794
101.5,69.44508184782185,0.7323127744834709,0.4789859813459545
101.75,69.15755771681796,0.7414424755552381,0.48535365489726423
102.0,68.8689761161547,0.7506514860622875,0.49179050679290187
102.25,68.57936636247375,0.7599395555049542,0.49829678413874867
102.5,68.28875795722588,0.7693064031669198,0.5048727213613654
102.75,67.99718066890054,0.7787517173619947,0.5115185397853761
103.0,67.70466457677668,0.788275154732064,0.5182344471975705
103.25,67.41123998803876,0.7978763397013956,0.5250206373777414
103.5,67.1169374197352,0.8075548638667579,0.5318772896368686
103.75,66.82178759256443,0.8173102853636727,0.5388045683565339
104.0,66.52582144947375,0.8271421281976903,0.5458026225319091
104.25,66.22907016530613,0.8370498815943458,0.5528715853084283
104.5,65.93156511373056,0.8470329994214552,0.5600115735022512
104.75,65.6333377619897,0.8570908997305263,0.567222687095921
105.0,65.33441973516406,0.8672229640381207,0.5745050087805558
105.25,65.0348428690898,0.8774285366345919,0.5818586034922586
105.5,64.73463912359446,0.8877069241119737,0.5892835179067445
105.75,64.43384056646592,0.8980573948085779,0.5967797799478548
106.0,64.13247936345948,0.9084791782406622,0.6043473982987221
106.25,63.83058779254856,0.9189714644974515,0.6119863619204629
106.5,63.52819825257681,0.9295334036587193,0.6196966395675175
106.75,63.22534323647005,0.9401641052941384,0.6274781792887529
107.0,62.9220552397406,0.9508626381024582,0.6353309079036645
107.25,62.61836678144787,0.9616280293434374,0.6432547305194075
107.5,62.31431049484445,0.9724592641529652,0.6512495300732813
107.75,62.0099190258271,0.9833552852372215,0.6593151668080862
108.0,61.70522502439349,0.9943149924245249,0.6674514777765931
108.25,61.40026112943232,1.0053372422361087,0.6756582763473171
108.5,61.095059978589696,1.0164208474145513,0.6839353517238815
108.75,60.78965421764596,1.0275645764734338,0.6922824684662834
109.0,60.48407648383757,1.038767153331786,0.7006993660023686
109.25,60.17835933755808,1.0500272570968967,0.7091857581178261
109.5,59.87253522113953,1.0613435218022922,0.7177413324618029
109.75,59.56663660110701,1.0727145357254382,0.7263657501408067
110.0,59.26069585191766,1.0841388413492363,0.7350586452012426
110.25,58.95474525701594,1.09561493508272,0.7438196241654691
110.5,58.64881698842247,1.1071412670577057,0.7526482655638178
110.75,58.34294311153982,1.118716240875419,0.7615441194880344
111.0,58.03715559554611,1.1303382133653948,0.7705067071546401
111.25,57.73148630815468,1.1420054944229823,0.77953552046594
111.5,57.425966973518136,1.1537163469918026,0.7886300215564024
111.75,57.12062909816062,1.1654689871762516,0.797789642327775
112.0,56.81550408983095,1.1772615837965439,0.8070137841058816
112.25,56.51062320324542,1.1890922585042676,0.816301817207767
112.5,56.20601751790073,1.2009590858385553,0.8256530805361326
112.75,55.9017179216782,1.2128600933167228,0.8350668811831469
113.0,55.59775510895874,1.224793261498197,0.8445424940587447
113.25,55.29415959041747,1.2367565240423128,0.8540791615399056
113.5,54.99096169744374,1.2487477678271504,0.8636760931282996
113.75,54.68819156413183,1.2607648331965835,0.8733324651036891
114.0,54.38587906979278,1.272805514402692,0.8830474201604842
114.25,54.08405384599397,1.2848675598387838,0.8928200671073233
114.5,53.78274535705682,1.2969486720384542,0.9026494806364881
114.75,53.48198282085416,1.309046508319738,0.9125347009941512
115.0,53.18179521280417,1.3211586811814793,0.9224747337211553
115.25,52.88221125492264,1.3332827587946723,0.9324685494018086
115.5,52.58325942170321,1.3454162654593538,0.9425150834476694
115.75,52.28496794957303,1.357556682092841,0.9526132359036171
116.0,51.987364836671055,1.369701446815125,0.9627618712635108
116.25,51.690477819696426,1.381847955697216,0.9729598182827371
116.5,51.394334321806674,1.3939935637022036,0.9832058697822309
116.75,51.098961523405386,1.4061355850755448,0.9934987825941435
117.0,50.804386356272325,1.4182712941639786,1.0038372774558304
117.25,50.51063547546566,1.4303979263864586,1.0142200389076677
117.5,50.21773525548183,1.4425126791674727,1.0246457152290236
117.75,49.92571178822762,1.4546127128968425,1.0351129184053658
118.0,49.634590891308186,1.4666951518805442,1.0456202241341648
118.25,49.344398116688545,1.4787570853446506,1.0561661718570168
118.5,49.0551587497864,1.490795568554494,1.066749264805411
118.75,48.76689778905387,1.502807624111153,1.077367970047563
119.0,48.479639908409695,1.5147902434099856,1.0880207185400066
119.25,48.19340953385925,1.5267403874482741,1.0987059053545394
119.5,47.908230817173475,1.5386549883241543,1.109421889804027
119.75,47.62412762632551,1.5505309506851377,1.1201669956201388
120.0,47.341123542908306,1.5623651532125409,1.1309395111617935
120.25,47.059241863483464,1.5741544501188942,1.1417376896654252
120.5,46.778505608090875,1.5858956726456963,1.1525597495396185
120.75,46.49893752873249,1.5975856306176106,1.1634038746918052
121.0,46.22056011064349,1.6092211141092094,1.1742682148747168
121.25,45.94339555916421,1.620798895280366,1.1851508860402835
121.5,45.66746577169536,1.6323157303832831,1.1960499707005487
121.75,45.39279239588457,1.6437683611467986,1.2069635184718535
122.0,45.11939681814384,1.6551535167603801,1.2178895465346447
122.25,44.84730015339944,1.6664679158932392,1.2288260401334135
122.5,44.576523246516274,1.6777082686978881,1.2397709531217587
122.75,44.30708667410351,1.6888712788452993,1.250722208549691
123.0,44.03901075198253,1.6999536455538686,1.2616776993010816
123.25,43.77231554332335,1.7109520656602544,1.2726352887692784
123.5,43.50702086245535,1.7218632357801793,1.2835928115589175
123.75,43.243146269358384,1.7326838546072656,1.2945480742019555
124.0,42.980711050408885,1.743410625392254,1.3054988558773513
124.25,42.71973424434075,1.7540402580152394,1.3164429092760075
124.5,42.460234662202375,1.7645694711634614,1.327377961487263
124.75,42.20223086572821,1.7749949949431438,1.3383017148323735
125.0,41.94574117399485,1.785313573272911,1.34921184778989
125.25,41.6907836641214,1.7955219663621382,1.3601060159479825
125.5,41.437376176707104,1.8056169531631845,1.3709818530107216
125.75,41.18553632266791,1.815595333836258,1.381836971846603
126.0,40.93528148813357,1.8254539322656715,1.3926689655676068
126.25,40.686628834067186,1.8351895986662388,1.4034754086270793
126.5,40.439595287268666,1.8447992123185675,1.414253857924726
126.75,40.19419753601693,1.8542796842651408,1.425001853963736
127.0,39.95045207021932,1.8636279594764873,1.4357169221906438
127.25,39.70837515640383,1.872841019825561,1.4463965741600115
127.5,39.467982844957845,1.881915886682998,1.457038308835739
127.75,39.229290969528165,1.8908496236243033,1.4676396138947234
128.0,38.99231514959104,1.8996393390892583,1.4781979670821925
128.25,38.75707079510657,1.9082821890093435,1.4887108376107874
128.5,38.5235731110503,1.9167753794333462,1.4991756875913924
128.75,38.291837099615,1.9251161691813092,1.509589973483707
129.0,38.061877557875626,1.933301872556989,1.519951147554556
129.25,37.833709068710164,1.941329862148981,1.5302566593319336
129.5,37.60734600677719,1.9491975713798857,1.5405039571641814
129.75,37.382802560359224,1.956902496800926,1.550690489875514
130.0,37.16009271253414,1.964442200958303,1.5608137082691
130.25,36.9392302473534,1.9718143148679421,1.5708710667587849
130.5,36.72022874711646,1.979016540597327,1.580860024975303
130.75,36.50310159295226,1.9860466537453783,1.5907780494218222
131.0,36.287861967258564,1.9929025058437353,1.6006226151655456
131.25,36.074522856509546,1.9995820267034166,1.610391207551873
131.5,35.86309705294266,2.006083226730839,1.6200813239276304
131.75,35.65359715363528,2.012404199237179,1.6296904753598682
132.0,35.44603555548188,2.0185431227650525,1.6392161883367375
132.25,35.240424444582544,2.024498263456497,1.6486560064369464
132.5,35.03677580081196,2.030267977060238,1.6580074921353627
132.75,34.83510142332372,2.0358507104889925,1.6672682287579124
133.0,34.63541290220738,2.041245004286699,1.676435822065458
133.25,34.43772162720921,2.046449494328127,1.6855079021112764
133.5,34.24203878254329,2.051462913717983,1.694482124964102
133.75,34.048375344264144,2.0562840945399437,1.7033561744700225
134.0,33.856742079568626,2.0609119694678713,1.7121277640406514
134.25,33.66714954710922,2.0653455732571104,1.7207946384524686
134.5,33.47960809740094,2.0695840441337423,1.7293545756422142
134.75,33.29412787240392,2.0736266250996978,1.7378053884832239
135.0,33.11071880336387,2.0774726651716082,1.7461449265275912
135.25,32.9293906059926,2.0811216205712872,1.7543710776990502
135.5,32.75015277207067,2.084573055885733,1.7624817699214572
135.75,32.57301455655436,2.087826645214537,1.7704749726677678
136.0,32.397984990505144,2.0908821725933207,1.778348698865161
136.25,32.22507290145269,2.093739532159507,1.7861010068097198
136.5,32.05428687609447,2.0963987294796524,1.7937300013733288
136.75,31.885635271998094,2.098859881632403,1.8012338358186013
137.0,31.719126211303536,2.1011232176082735,1.8086107132703193
137.25,31.554767576190454,2.103189078529792,1.815858888206195
137.5,31.392567005749143,2.1050579177020374,1.822976667953287
137.75,31.232531893806243,2.1067303005057068,1.8299624141750235
138.0,31.074669387256268,2.108206904144844,1.8368145443337895
138.25,30.91898638444999,2.109488517261362,1.8435315331140367
138.5,30.76548953319083,2.1105760394284907,1.8501119137908655
138.75,30.614185227890214,2.1114704805352806,1.8565542795290408
139.0,30.46507960543306,2.1121729600743007,1.8628572845973934
139.25,30.318178539304427,2.1126847063446546,1.869019645483564
139.5,30.173487631528367,2.113007055582454,1.8750401418940454
139.75,30.031012201970125,2.1131414510308746,1.8809176176244788
140.0,29.890757289044842,2.113089441564255,1.8866509817225126
140.25,29.752727688948646,2.112852679166465,1.8922392106153398
140.5,29.61692790473993,2.1124329187252138,1.8976813476415133
140.75,29.483362156936796,2.111832015988101,1.9029765044355516
141.0,29.352034381066517,2.111051925801038,1.9081238616599507
141.25,29.222948223642042,2.1100947002673527,1.9131226696500474
141.5,29.096107038673708,2.1089624867728953,1.9179722490352198
141.75,28.97151388461446,2.107657525884774,1.9226719913264132
142.0,28.849171521636542,2.106182149131378,1.9272213594599796
142.25,28.72908240913793,2.104538776671321,1.9316198882878175
142.5,28.611248703376514,2.1027299148589558,1.9358671850038007
142.75,28.495672255130252,2.1007581537141014,1.9399629294964862
143.0,28.38235460728134,2.09862616430362,1.9439068746180859
143.25,28.271296992222585,2.096336696042499,1.947698846359691
143.5,28.162500328984077,2.0938925739220737,1.9513387439227408
143.75,28.055965219978308,2.091296695673031,1.9548265396767182
144.0,27.951691947261814,2.0885520288708497,1.9581622789930635
144.25,27.849680468211552,2.0856616079913084,1.9613460799452946
144.5,27.749930410514043,2.0826285314237105,1.9643781328653207
144.75,27.65244107482773,2.079455958185429,1.967258700622471
145.0,27.557211449661164,2.0761471042568513,1.9699881196903635
145.25,27.464240186366403,2.0727052400473496,1.9725667976205423
145.5,27.373525601370883,2.0691336869638004,1.9749952132633581
145.75,27.285065676042684,2.0654358140701055,1.9772739162537387
146.0,27.19885805577866,2.061615034738566,1.9794035263952108
146.25,27.114900048675395,2.057674803287711,1.9813847329772736
146.5,27.03318862387289,2.053618611610331,1.9832182940275123
146.75,26.953720409661013,2.0494499857954542,1.9849050354998337
147.0,26.876491691438513,2.0451724827480176,1.9864458504002156
147.25,26.801498409614624,2.0407896868099646,1.9878416978513531
147.5,26.728736157543132,2.0363052063865252,1.989093602097589
147.75,26.658200179578863,2.0317226705814138,1.9902026514515156
148.0,26.589885369346522,2.0270457258446917,1.9911699971836336
148.25,26.523786268311778,2.0222780326370375,1.991996852356454
148.5,26.459897064744577,2.017423262114171,1.9926844906044316
148.75,26.398211593164575,2.0124850928351683,1.9932342448611133
149.0,26.338723334358605,2.0074672074984212,1.9936475060348917
149.25,26.28142541606018,2.0023732897089737,1.9939257216347461
149.5,26.226310614380875,1.997207020780989,1.9940703943473614
149.75,26.173371355859185,1.9919720765835955,1.9940830805648415
150.0,26.122599690643018,1.9866721250252242,1.9939653887843294
150.25,26.073987303940275,1.9813108228012415,1.993718978547469
150.5,26.027525527192665,1.9758918122081837,1.9933455584493562
150.75,25.983205325662578,1.9704187185274544,1.9928468844386176
151.0,25.941017299519768,1.964895147210426,1.99222475832419
151.25,25.900951684149028,1.9593246811517266,1.99148102620556
151.5,25.862998349801053,1.9537108780507175,1.9906175768365386
151.75,25.827146800708455,1.948057267861167,1.9896363399326544
152.0,25.79338617378919,1.942367350329131,1.9885392844322374
152.25,25.76170523705937,1.9366445926190452,1.9873284167212801
152.5,25.73209238787765,1.9308924270280343,1.9860057788321472
152.75,25.704535651143267,1.925114248788448,1.9845734466262186
153.0,25.679022677569808,1.9193134139586296,1.9830335279705404
153.25,25.65554074215687,1.9134932374019238,1.9813881609185653
153.5,25.634076742981662,1.9076569908539303,1.9796395119050585
153.75,25.614617200432676,1.9018079010780113,1.977789773965252
154.0,25.59714825700755,1.8959491481090596,1.9758411649883205
154.25,25.581655677797187,1.8900838635855313,1.9737959260152642
154.5,25.56812485177827,1.884215129169757,1.9716563195912697
154.75,25.556540794036252,1.87834597505653,1.9694246281826355
155.0,25.546888149040957,1.8724793785699825,1.9671031526683356
155.25,25.539151194710914,1.866618262852512,1.9646942108903132
155.5,25.533313800799053,1.860765496098599,1.9622001332045922
155.75,25.5293594430712,1.8549238903015337,1.9596232618455431
156.0,25.52727123062493,1.8490961999444389,1.9569659508838178
156.25,25.527031889000295,1.8432851212678565,1.9542305634342514
156.5,25.528623760576156,1.837493291460082,1.9514194700753171
156.75,25.532028804824268,1.831723287930873,1.948535047255865
157.0,25.53722859847217,1.8259776276673303,1.9455796756961061
157.25,25.54420433562609,1.820258766670744,1.9425557387898114
157.5,25.552936827904936,1.8145690994732016,1.9394656210146743
157.75,25.5634065046365,1.8089109587327525,1.9363117063578117
158.0,25.575593413167052,1.8032866149059252,1.9330963767633556
158.25,25.589477219335397,1.7976982759963889,1.9298220106091015
158.5,25.605037208162557,1.7921480873785598,1.9264909812191753
158.75,25.6222522848082,1.786638131694943,1.923105655419677
159.0,25.64110097584493,1.7811704288260073,1.9196683921442685
159.25,25.661561430901585,1.7757469359313875,1.9161815410966605
159.5,25.683611424726653,1.7703695475612085,1.9126474414769659
159.75,25.707228359722954,1.7650400958363286,1.9090684207788786
160.0,25.732389269004706,1.7597603506962949,1.9054467936646398
160.25,25.759070820028096,1.754532020213806,1.9017848609247523
160.5,25.78724931884649,1.74935675097448,1.8980849085294087
160.75,25.816900707287353,1.7442361282465026,1.8943492054961482
161.0,25.84800055951448,1.7391716763143779,1.8905800019219057
161.25,25.88052410043075,1.734164859333725,1.8867795300711008
161.5,25.914446205328908,1.7292170816452448,1.8829500025073178
161.75,25.949741403511045,1.7243296883851733,1.8790936111023935
162.0,25.986383882583915,1.7195039661213436,1.8752125260928556
162.25,26.02434749335311,1.7147411435132713,1.87130889517613
162.5,26.063605755278058,1.7100423919964312,1.8673848426460578
162.75,26.104131862449798,1.7054088264908895,1.8634424685672721
163.0,26.145898690053436,1.700841506134454,1.8594838479879783
163.25,26.188878801277294,1.6963414350405082,1.8555110301906808
163.5,26.233044454630623,1.6919095630806964,1.8515260379804062
163.75,26.278367611631907,1.687546786692619,1.847530867009964
164.0,26.324819944829642,1.683253949712708,1.8435274851417942
164.25,26.372372846117564,1.679031844234443,1.8395178318459442
164.5,26.420997435306283,1.6748812114920764,1.8355038176337197
164.75,26.470664568913232,1.6708027427700287,1.8314873235265607
165.0,26.521344849132934,1.6667970803381207,1.8274702005596801
165.25,26.573008632949463,1.662864818412806,1.8234542693200164
165.5,26.625626041353133,1.6590065041445707,1.8194413195180432
165.75,26.679166968623278,1.6552226386316609,1.8154331095929823
166.0,26.733601094977935,1.6515136778072332,1.8114313664035648
166.25,26.788897914987082,1.6478800324883733,1.80743778499675
166.5,26.84502672406946,1.6443220704639192,1.8034540278572297
166.75,26.90195664374939,1.6408401170609463,1.7994817251326918
167.0,26.959656635051804,1.6374344560255476,1.7955224743598095
167.25,27.018095509422643,1.6341053305297417,1.7915778401687463
167.5,27.077241940749957,1.6308529441569652,1.787649354047002
167.75,27.13706447836531,1.6276774618679788,1.7837385141574533
168.0,27.197531560905094,1.6245790109490146,1.7798467852054358
168.25,27.258611530911317,1.6215576819439919,1.7759755983497165
168.5,27.320272650051457,1.618613529572628,1.7721263511522052
168.75,27.382483114836983,1.6157465736362757,1.7683004075612547
169.0,27.44521107272013,1.6129567999133085,1.7644990979233957
169.25,27.508424638448506,1.610244161045889,1.76072371901836
169.5,27.572091910557116,1.6076085774199418,1.7569755341122353
169.75,27.636180987877413,1.605049938040161,1.7532557730236047
170.0,27.700659985942952,1.6025681014018822,1.7495656321975168
170.25,27.765497053171227,1.6001628963616419,1.7459062747821372
170.5,27.83066038670129,1.5978341230082556,1.742278830702928
170.75,27.89611824776675,1.5955815535362423,1.7386843967292065
171.0,27.96183897648372,1.5934049331234195,1.7351240365279295
171.25,28.027791005933295,1.5913039808145018,1.7315987806995543
171.5,28.093942875418207,1.5892783904125258,1.7281096267908223
171.75,28.16026324277316,1.5873278313799317,1.7246575392793169
172.0,28.226720900012335,1.5854519496449837,1.7212434497185545
172.25,28.29328485820042,1.5836503667095216,1.7178682599434565
172.5,28.35992430216809,1.5819226818884025,1.7145328395555808
172.75,28.42660860345438,1.5802684731693561,1.711238025992795
173.0,28.493307350853833,1.5786872975900403,1.7079846253916267
173.25,28.5599903659915,1.5771786919572557,1.7047734128060548
173.5,28.62662771919441,1.5757421735446546,1.7016051324555908
173.75,28.693189745564183,1.5743772407701195,1.6984804979989443
174.0,28.759647061155444,1.5730833738539856,1.695400192829567
174.25,28.8259705791647,1.5718600354592802,1.69236487038937
174.5,28.892131526034387,1.5707066713151565,1.6893751544969045
174.75,28.958101457376696,1.5696227108246907,1.6864316396863044
175.0,29.023852273621866,1.5686075676582243,1.6835348915532824
175.25,29.089356235295632,1.5676606403334188,1.680685447104472
175.5,29.15458597783047,1.5667813127832013,1.6778838151064126
175.75,29.2195145258153,1.565968954912775,1.6751304764304675
176.0,29.284115306588326,1.5652229231468668,1.6724258843899735
176.25,29.348362163077685,1.5645425609683887,1.6697704650659109
176.5,29.412229365794566,1.5639271994496873,1.6671646176173909
176.75,29.475691623883428,1.5633761577775527,1.6646087145732535
177.0,29.538724095134068,1.5628887437731664,1.6621031021010697
177.25,29.60130239521118,1.5624642544035459,1.6596481002652317
177.5,29.66340263073894,1.5621019759540884,1.6572440043504373
177.75,29.725001400600046,1.5618011846000592,1.6548910848080316
178.0,29.78607579464892,1.5615611470207267,1.6525895871254026
178.25,29.846603411156195,1.561381120724244,1.650339732533166
178.5,29.906562365819966,1.5612603544628265,1.648141718365177
178.75,29.96593130039136,1.5611980886375056,1.6459957184260292
179.0,30.024689390889503,1.5611935556925869,1.6439018833647203
179.25,30.08281635538097,1.561245980499941,1.6418603410531647
179.5,30.140292461298834,1.5613545807332554,1.6398711969682345
179.75,30.197098532276325,1.5615185672323724,1.6379345345760095
180.0,30.25321595447029,1.5617371443578427,1.6360504157169133
180.25,30.308626682349438,1.5620095103358225,1.634218880990422
180.5,30.36331324392254,1.5623348575934395,1.6324399501380171
180.75,30.417258745381623,1.562712373084759,1.6307136224230736
181.0,30.470446875135238,1.5631412386074728,1.629039877006353
181.25,30.52286190720693,1.5636206311104441,1.62741867331579
181.5,30.574488703973973,1.5641497229922312,1.6258499514092475
181.75,30.625312718221437,1.56472768239072,1.624333632328924
182.0,30.675319994486717,1.5653536734639923,1.6228696184460911
182.25,30.724497169669565,1.566026856662559,1.6214577937948442
182.5,30.77283147288275,1.5667463889930822,1.6200980243935426
182.75,30.82031072986528,1.567511424341995,1.6187901588160916
183.0,30.866923365875284,1.5683211137014366,1.617534028648951
183.25,30.912658397065425,1.5691746053861964,1.6163294485029585
183.5,30.95750543156204,1.5700710453342883,1.615176216500185
183.75,31.00145466821717,1.5710095773288413,1.6140741146303772
184.0,31.044496894741,1.5719893432206773,1.6130229091024675
184.25,31.08662348525011,1.573009483150952,1.612022350691478
184.5,31.127826397266148,1.5740691357732115,1.6110721750810781
184.75,31.168098168199336,1.575167438474227,1.6101721032020753
185.0,31.207431911351442,1.5763035275929589,1.6093218415671002
185.25,31.24582131147271,1.5774765386370126,1.6085210826017615
185.5,31.28326061990726,1.5786856064959367,1.6077695049725387
185.75,31.31974464936155,1.5799298656507266,1.6070667739116815
186.0,31.35526876833037,1.5812084503788868,1.6064125415393862
186.25,31.389828895214926,1.5825204949544076,1.6058064471835198
186.5,31.42342149216756,1.583865133842018,1.60524811769716
186.75,31.45604355869762,1.5852415018850663,1.6047371677742217
187.0,31.487692625073,1.5866487344863878,1.6042732002634397
187.25,31.518366745551923,1.588085967781516,1.603855806480977
187.5,31.548064491479476,1.5895523388035964,1.603484566521928
187.75,31.57678494428339,1.5910469856393537,1.603159049570989
188.0,31.604527688403685,1.592569047575476,1.6028788142125618
188.25,31.631292804190636,1.5941176652347702,1.6026434087405617
188.5,31.65708085054615,1.595691981044704,1.6024523712932193
188.75,31.68189285938038,1.5972911394290727,1.602305230229462
189.0,31.705730340379063,1.598914286466865,1.6022015046294782
189.25,31.728595257488,1.6005605704765444,1.602140704306546
189.5,31.75049002172964,1.602229142141232,1.6021223301248795
189.75,31.771417483580795,1.6039191546387548,1.6021458743084585
190.0,31.791380924814952,1.6056297637802124,1.6022108207390344
190.25,31.810384049865227,1.6073601281560566,1.6023166452442381
190.5,31.828430976764118,1.6091094092886795,1.6024628158767193
190.75,31.84552622771613,1.610876771790508,1.6026487931852487
191.0,31.861674719359403,1.6126613835265964,1.6028740304787084
191.25,31.876881752772416,1.6144624157807166,1.6031379740839022
191.5,31.891153003281936,1.61627904342394,1.603440063598114
191.75,31.904494510128245,1.6181104450847053,1.6037797321373426
192.0,31.916912666043807,1.6199558033193706,1.6041564065811424
192.25,31.928414206801463,1.621814304782243,1.6045695078150013
192.5,31.939006200788246,1.6236851403940835,1.605018450971179
192.75,31.948696038660962,1.6255675055080803,1.60550264566894
193.0,31.957491423139608,1.6274606000722889,1.606021496255111
193.25,31.965400358994746,1.6293636287875322,1.6065744020458843
193.5,31.97243114328494,1.6312758012597581,1.6071607575708056
193.75,31.97859235590039,1.63319633214585,1.6077799528198675
194.0,31.983892850468795,1.6351244412918824,1.6084313734946438
194.25,31.98834174567966,1.6370593538628249,1.609114401264389
194.5,31.99194841708305,1.6390003004626807,1.609828414028033
194.75,31.994722489418983,1.6409465172440632,1.6105727861830037
195.0,31.996673829533492,1.6428972460062021,1.6113468889018
195.25,31.997812539937534,1.6448517342803755,1.61215009041725
195.5,31.99814895306481,1.646809235401764,1.6129817563173814
195.75,31.997693621635598,1.6487690086681668,1.6138412497610115
196.0,31.99645722812774,1.6507303212722115,1.6147279301278832
196.25,31.994450656924737,1.6526924466837232,1.615641154816813
196.5,31.991684991610747,1.6546546646465536,1.616580279589999
196.75,31.98817148617902,1.6566162617611564,1.617544658402835
197.0,31.983921556705205,1.658576531624111,1.6185336436256128
197.25,31.97894677301733,1.6605347749690327,1.6195465862619465
197.5,31.97325885037771,1.6624902998085522,1.620582836164103
197.75,31.966869641192105,1.6644424215770575,1.621641742245423
198.0,31.959791126761377,1.6663904632738844,1.622722652690012
198.25,31.952035409090954,1.6683337556066469,1.6238249151598916
198.5,31.94361470277334,1.6702716371343933,1.624947876999786
198.75,31.934541326958996,1.6722034544102793,1.6260908854397336
199.0,31.92482769743086,1.674128562123445,1.627253287795704
199.25,31.914486318797756,1.6760463232397869,1.6284344316684025
199.5,31.90352977682202,1.6779561091413107,1.6296336651404502
199.75,31.89197073089658,1.6798572997637575,1.6308503369721155
200.0,31.879821906686818,1.6817492837321872,1.6320837967957889
200.25,31.867096088952444,1.6836314584942138,1.6333333953093765
200.5,31.853806114564698,1.6855032304505757,1.634598484468801
200.75,31.83996486573414,1.687364015082734,1.6358784176797905
201.0,31.82558526346433,1.6892132370771864,1.6371725499891387
201.25,31.810680261246663,1.6910503304461832,1.6384802382756234
201.5,31.795262839011635,1.6928747386445384,1.6398008414407583
201.75,31.77934599735183,1.694685914682221,1.6411337205995717
202.0,31.762942752031908,1.6964833212324173,1.6424782392715875
202.25,31.746066128800894,1.6982664307347521,1.6438337635721947
202.5,31.72872915852199,1.7000347254933597,1.6451996624045888
202.75,31.710944870991526,1.7017876977915358,1.646575307636569
203.0,31.69272627170505,1.7035248502538385,1.647960074073136
203.25,31.67408635349328,1.7052456957317024,1.6493533397809252
203.5,31.655038092948278,1.7069497573473644,1.6507544863436765
203.75,31.6355944422027,1.7086365686366556,1.652162898995841
204.0,31.61576832343999,1.7103056736561453,1.6535779667754442
204.25,31.595572623664484,1.7119566270837343,1.6549990826797851
204.5,31.575020189714547,1.713588994313013,1.6564256438233695
204.75,31.554123823501936,1.7152023515416894,1.6578570515974782
205.0,31.5328962774606,1.7167962858544064,1.6592927118307657
205.25,31.511350250188013,1.7183703953002545,1.660732034950291
205.5,31.489498382262262,1.7199242889652937,1.6621744361423774
205.75,31.46735325221806,1.7214575870403965,1.663619335512701
206.0,31.444927372664846,1.7229699208847242,1.665066158245005
206.25,31.42223318653013,1.7244609330851457,1.6665143347578417
206.5,31.399283063411282,1.7259302775119136,1.667963300858737
206.75,31.376089296018947,1.7273776193709087,1.6694124978951779
207.0,31.352664096695175,1.7288026352527626,1.6708613729018238
207.25,31.329019593989567,1.730205013179172,1.672309378743336
207.5,31.305167829276503,1.7315844526467161,1.673755974252227
207.75,31.28112075339667,1.7329406646684902,1.6752006243611282
208.0,31.25689022330606,1.7342733718138628,1.6766428002288734
208.25,31.23248799871559,1.735582308246673,1.6780819793597974
208.5,31.207925738704564,1.7368672197621784,1.67951764571565
208.75,31.18321499829106,1.7381278638230626,1.68094928981952
209.0,31.158367224942523,1.7393640095948186,1.6823764088511723
209.25,31.133393755009656,1.740575437980815,1.6837985067331953
209.5,31.10830581187763,1.7417619416106098,1.6852150942741995
209.75,31.083114524603786,1.742923324299717,1.686625690058269
210.0,31.0578308948855,1.7440594018409825,1.6880298194290593
210.25,31.03246580436429,1.7451700017447611,1.6894270149653066
210.5,31.00703001803904,1.7462549630827235,1.690816816789654
210.75,30.981534180923674,1.7473141365038891,1.6921987726212575
211.0,30.955988815055434,1.748347384238615,1.6935724378361998
211.25,30.93040431682844,1.7493545800911983,1.6949373755346904
211.5,30.904790954627003,1.7503356094217504,1.6962931566140327
211.75,30.879158866733306,1.7512903691180033,1.6976393598463424
212.0,30.853518059483985,1.7522187675577061,1.698975571959995
212.25,30.827878405650207,1.7531207245622689,1.7003013877237847
212.5,30.802249643015713,1.753996171342315,1.7016164100327758
212.75,30.776641373127532,1.7548450504357982,1.7029202499948273
213.0,30.75106306019376,1.7556673156393465,1.7042125270167736
213.25,30.725524030103106,1.7564629319334872,1.7054928688892392
213.5,30.700033469540664,1.7572318754024157,1.7067609118690699
213.75,30.674600425174543,1.757974133148963,1.708016300758364
214.0,30.649233802887846,1.7586897032054256,1.7092586889790802
214.25,30.623942367030622,1.759378594440912,1.7104877386422068
214.5,30.5987347396663,1.7600408264658647,1.7117031206104716
214.75,30.57361939978721,1.7606764295344208,1.7129045145535733
215.0,30.548604682473687,1.7612854444452648,1.714091608994917
215.25,30.523698777971408,1.7618679224416345,1.7152641013488346
215.5,30.498909730661413,1.7624239251111398,1.716421697947268
215.75,30.474245437897476,1.7629535242860497,1.7175641140549023
216.0,30.449713648685304,1.7634568019447117,1.7186910738717232
216.25,30.42532196217816,1.763933850114755,1.7198023105219855
216.5,30.401077825963483,1.7643847707787434,1.7208975660285701
216.75,30.376988534115014,1.7648096757829324,1.7219765912717122
217.0,30.35306122498505,1.765208686749788,1.7230391459310805
217.25,30.32930287871134,1.7655819349949322,1.724084998410191
217.5,30.305720314413172,1.765929561449166,1.7251139257421328
217.75,30.282320194077425,1.7662517164049845,1.7261257137699826
218.0,30.259109093238262,1.7665485575575415,1.7271201600974566
218.25,30.236093413156695,1.7668202521258092,1.7280970704071277
218.5,30.21327939047616,1.7670669764087048,1.7290562589107443
218.75,30.190673111014846,1.767288915271034,1.7299975489165587
219.0,30.16828050938091,1.7674862619962135,1.7309207727936122
219.25,30.14610736870566,1.76765921813278,1.731825771937325
219.5,30.1241593204869,1.7678079933351023,1.73271239673594
219.75,30.102441844534727,1.7679328051987213,1.7335805065373833
220.0,30.08096026901203,1.7680338790907306,1.7344299696160936
220.25,30.05971977056197,1.7681114479756246,1.7352606631393792
220.5,30.038725374514634,1.7681657522370284,1.7360724731328594
220.75,30.01798195516521,1.7681970394957323,1.736865294444546
221.0,29.997494236115873,1.76820556442445,1.7376390307071223
221.25,29.977266790673664,1.7681915885597204,1.7383935942979756
221.5,29.957304042296634,1.7681553801113707,1.7391289062965405
221.75,29.937610265080473,1.7680972137699644,1.7398448964385098
222.0,29.91818958427792,1.768017370512651,1.7405415030664675
222.25,29.899045976843194,1.7679161374078376,1.741218673076505
222.5,29.880183271993708,1.7677938074191033,1.7418763618603716
222.75,29.861605151781312,1.767650679208775,1.742514533242721
223.0,29.843315151665344,1.7674870569415857,1.7431331594130062
223.25,29.82531666107973,1.7673032500888326,1.7437322208515837
223.5,29.807612923986387,1.767099573233458,1.7443117062495799
223.75,29.79020703940723,1.7668763458764702,1.7448716124220771
224.0,29.773101961926958,1.7666338922451248,1.7454119442141793
224.25,29.75630050215897,1.7663725411032882,1.745932714399509
224.5,29.739805327166607,1.7660926255643985,1.7464339435706955
224.75,29.723618960831974,1.7657944829074494,1.7469156600214097
225.0,29.707743784164656,1.7654784543964115,1.7473778996195037
225.25,29.692182035542544,1.765144885103514,1.7478207056708082
225.5,29.676935810877016,1.7647941237368063,1.74824412877315
225.75,29.662007068262504,1.7644265222713726,1.7486482269900285
226.0,29.6473976425646,1.7640424352150146,1.7490330666904539
226.25,29.633109224360204,1.7636422203634814,1.749398720863021
226.5,29.619143366623714,1.76322623826873,1.7497452694753868
226.75,29.60550148692032,1.7627948520006929,1.7500727994430336
227.0,29.59218486861962,1.7623484269547063,1.7503814045228756
227.25,29.579194662091986,1.7618873306589942,1.7506711852035415
227.5,29.566531885891468,1.7614119325823892,1.7509422485925283
227.75,29.554197427928752,1.7609226039424761,1.7511947083004225
228.0,29.542192046637926,1.760419717514341,1.7514286843223836
228.25,29.53051637214073,1.7599036474401093,1.7516443029170854
228.5,29.519170907411887,1.7593747690394594,1.7518416964833117
228.75,29.508156029449214,1.758833458621292,1.7520210034344013
229.0,29.497471990452194,1.7582800932967422,1.752182368070737
229.25,29.48711891901263,1.757715050793717,1.7523259404504765
229.5,29.477096821321094,1.7571387092731416,1.7524518762587193
229.75,29.46740558239277,1.7565514471471004,1.752560336675304
230.0,29.458044967316432,1.7559536428990543,1.7526514882414341
230.25,29.44901462253013,1.755345674906319,1.7527255027253275
230.5,29.440314077127354,1.7547279212649904,1.752782556987082
230.75,29.431942744197233,1.7541007596174973,1.7528228328429587
231.0,29.4238999222025,1.7534645669829683,1.7528465169292708
231.25,29.41618479639888,1.752819719590595,1.7528538005660819
231.5,29.408796440299508,1.7521665927161776,1.7528448796209015
231.75,29.401733817188134,1.7515055605220333,1.752819954372581
232.0,29.394995781684695,1.7508369959004568,1.7527792293755982
232.25,29.38858108136696,1.7501612703209097,1.7527229133249318
232.5,29.382488358451898,1.7494787536811303,1.752651218921718
232.75,29.37671615154042,1.7487898141623424,1.7525643627398877
233.0,29.37126289742921,1.7480948180887483,1.7524625650939762
233.25,29.36612693299323,1.7473941297914928,1.7523460499083043
233.5,29.361306497142618,1.746688111477276,1.7522150445877247
233.75,29.35679973285764,1.745977123101807,1.7520697798901308
234.0,29.352604688141163,1.7452615222221557,1.751910489759974
234.25,29.348719304238568,1.7445416635624207,1.7517374107651782
234.5,29.345141434303805,1.74381789925355,1.7515507825910863
234.75,29.341868842951854,1.7430905786588513,1.7513508477245714
235.0,29.338899204919215,1.7423600481875698,1.7511378512107258
235.25,29.33623010691536,1.7416266511822949,1.7509120405322354
235.5,29.333859049459694,1.7408907278083912,1.750673665485788
235.75,29.331783448705956,1.740152614945568,1.7504229780558749
236.0,29.33000063825603,1.739412646081688,1.750160232286333
236.25,29.32850787096514,1.7386711512089312,1.749885684149986
236.5,29.32730232074036,1.7379284567224171,1.749599591416737
236.75,29.326381084334383,1.7371848853213991,1.749302213520466
237.0,29.32574118313657,1.7364407559131352,1.7489938114250871
237.25,29.32537956496316,1.7356963835195465,1.748674647490119
237.5,29.325293105848612,1.7349520791867725,1.7483449853361224
237.75,29.32547861184009,1.7342081498977295,1.7480050897103594
238.0,29.325932820796986,1.7334648984877832,1.7476552263530258
238.25,29.32665240419744,1.732722623563643,1.7472956618644155
238.5,29.327633968953865,1.7319816194255888,1.7469266635733653
238.75,29.328874059239375,1.7312421759931342,1.7465484994073366
239.0,29.330369158327105,1.7305045787342415,1.7461614377644898
239.25,29.33211569044435,1.7297691085981917,1.745765747388101
239.5,29.33411002264353,1.7290360419522215,1.745361697243679
239.75,29.336348466691877,1.7283056505220336,1.7449495563991335
240.0,29.338827280981842,1.7275782013362921,1.744529593908351
240.25,29.34154267246415,1.7268539566752095,1.7441020786985295
240.5,29.344490798605495,1.7261331740233328,1.743667279461629
240.75,29.34766776937277,1.7254161060266426,1.7432254645502894
241.0,29.35106964924587,1.7247030004540678,1.74277690187857
241.25,29.354692459260946,1.7239941001635282,1.742321858827866
241.5,29.358532179086122,1.723289643072614,1.7418606021583547
241.75,29.362584749131578,1.722589862134009,1.7413933979263252
242.0,29.366846072696028,1.7218949853157672,1.740920511407746
242.25,29.37131201815146,1.7212052355865517,1.7404422070284244
242.5,29.375978421168178,1.7205208309059452,1.739958748301112
242.75,29.380841084193683,1.719841984049697,1.7394703973838994
243.0,29.385895771443476,1.7191689022683343,1.7389774141939836
243.25,29.39113822290754,1.7185017879705444,1.7384800579271564
243.5,29.396564153225324,1.717840838409342,1.737978586355651
243.75,29.40216925295827,1.7171862456518507,1.7374732556826764
244.0,29.407949190290857,1.7165381965774082,1.7369643204579017
244.25,29.413899612769598,1.715896872876552,1.736452033493943
244.5,29.420016149075394,1.7152624510509873,1.735936645783945
244.75,29.42629441082454,1.7146351024146484,1.7354184064203546
245.0,29.43272999439373,1.7140149930959534,1.734897562514982
245.25,29.439318482764403,1.713402284041362,1.734374359120441
245.5,29.446055447381763,1.7127971310203434,1.7338490391530643
245.75,29.452936450023813,1.712199684631854,1.7333218433173925
246.0,29.459957044675733,1.7116100903124403,1.7327930100323248
246.25,29.467112779404935,1.7110284883460636,1.732262775359033
246.5,29.47439919823217,1.7104550138757582,1.731731372930728
246.75,29.48181184299395,1.709889796917227,1.731199033884377
247.0,29.48934625519169,1.7093329623744815,1.7306659867944665
247.25,29.496997977822915,1.7087846300576297,1.730132457608902
247.5,29.50476255718974,1.7082449147029215,1.7295986695871453
247.75,29.512635544680172,1.7077139259951541,1.7290648432406766
248.0,29.520612498517373,1.7071917685925453,1.7285311962758851
248.25,29.528688985472325,1.7066785421541795,1.7279979435394748
248.5,29.536860582535233,1.7061743413701342,1.7274652969664848
248.75,29.54512287854095,1.70567925599439,1.7269334655310185
249.0,29.55347147574381,1.7051933708806326,1.7264026551997749
249.25,29.56190199133717,1.704716766021051,1.725873068888478
249.5,29.570410058913055,1.7042495165882399,1.7253449064213
249.75,29.578991329857153,1.7037916929803094,1.72481836449337
250.0,29.587641474674573,1.7033433608693098,1.7242936366364665
250.25,29.59635618424169,1.7029045812530783,1.7237709131879877
250.5,29.605131170979362,1.7024754105106095,1.72325038126329
250.75,29.613962169942937,1.7020559004610611,1.7227322247314991
251.0,29.622844939824322,1.7016460984264972,1.7222166241948769
251.25,29.631775273610188,1.7012460469399078,1.7217037567818854
251.5,29.640748998321158,1.7008557838121074,1.7211937960828856
251.75,29.649761963480323,1.700475342687447,1.720686912419715
252.0,29.658810050970562,1.7001047528037383,1.7201832726921964
252.25,29.667889176091045,1.6997440390464338,1.7196830403520706
252.5,29.676995288633645,1.6993932220033723,1.7191863753795145
252.75,29.686124373989166,1.6990523180195833,1.718693434261906
253.0,29.695272454277923,1.6987213392521978,1.7182043699747755
253.25,29.704435589499088,1.6984002937255076,1.7177193319648778
253.5,29.713609878693287,1.6980891853862203,1.7172384661353188
253.75,29.72279146111292,1.697788014158955,1.7167619148326727
254.0,29.73197651739463,1.6974967760020223,1.7162898168360259
254.25,29.741161270728448,1.6972154629635359,1.715822307347882
254.5,29.750341988017965,1.6969440632378978,1.715359517986862
254.75,29.759514981026136,1.696682561222706,1.7149015767821378
255.0,29.76867660750106,1.6964309375761264,1.7144486081695314
255.25,29.77782327227625,1.6961891692747748,1.7140007329892157
255.5,29.78695142833987,1.695957229672157,1.713558068484955
255.75,29.79605757786734,1.6957350885577072,1.713120728304814
256.0,29.80513827321186,1.6955227122164733,1.7126888225032795
256.25,29.814190117847218,1.6953200634894934,1.7122624575447196
256.5,29.82320976725742,1.6951271018349068,1.7118417363081269
256.75,29.83219392976758,1.6949437833898484,1.711426758093069
257.0,29.8411393673105,1.6947700610331677,1.7110176186267936
257.25,29.85004289612347,1.6946058844490184,1.7106144100724128
257.5,29.858901387369666,1.6944512001913663,1.710217221038109
257.75,29.8677117676787,1.6943059517494563,1.7098261365872942
258.0,29.876471019600704,1.694170079614288,1.70944123824966
258.25,29.88517618196845,1.6940435213461413,1.7090626040330499
258.5,29.89382435016198,1.6939262116431988,1.7086903084360947
258.75,29.902412676270167,1.6938180824113098,1.708324422461541
259.0,29.91093836914369,1.6937190628349426,1.7079650136302107
259.25,29.91939869433392,1.6936290794493656,1.7076121459955262
259.5,29.927790973912117,1.693548056214108,1.7072658801585376
259.75,29.936112599551127,1.6934759144000002,1.7069262733914672
260.0,29.944361030099916,1.6934125726756153,1.706593379623847
260.25,29.95253377621507,1.6933579474090215,1.7062672493454387
260.5,29.960628409949795,1.6933119526107923,1.7059479297108067
260.75,29.968642564947714,1.6932744999964309,1.7056354645622727
261.0,29.97657393662883,1.6932454990490717,1.705329894454215
261.25,29.98442028236632,1.6932248570824093,1.7050312566786567
261.5,29.99217942165232,1.6932124793038048,1.7047395852920864
261.75,29.99984923625108,1.693208268877525,1.7044549111434557
262.0,30.007427670337687,1.6932121269880636,1.7041772619032975
262.25,30.014912730620665,1.6932239529035,1.7039066620939092
262.5,30.022302486446733,1.693243644038846,1.7036431331205415
262.75,30.029595069885968,1.6932710960193322,1.7033866933035422
263.0,30.03678867579569,1.6933062027435903,1.703137357911392
263.25,30.043881561861305,1.6933488564466783,1.7028951391945824
263.5,30.050872048612398,1.693398947762906,1.702660046420275
263.75,30.05775851941235,1.6934563657884087,1.7024320859076871
264.0,30.06453942041977,1.6935209981434276,1.7022112610641498
264.25,30.071213260519976,1.6935927310342405,1.7019975724217768
264.5,30.077778611224858,1.693671449314705,1.701791017674695
264.75,30.08423410653933,1.693757036547358,1.7015915917167734
265.0,30.09057844279273,1.6938493750640307,1.7013992866798
265.25,30.096810378433347,1.693948346025927,1.701214091972045
265.5,30.102928733784427,1.6940538294831193,1.7010359943171602
265.75,30.10893239075992,1.6941657044334149,1.700864977793352
266.0,30.114820292538205,1.694283848880543,1.7007010238727767
266.25,30.120591443192087,1.6944081398916186,1.700544111461098
266.5,30.126244907273385,1.694538453653832,1.700394216937155
266.75,30.131779809350306,1.6946746655303164,1.7002513141926796
267.0,30.13719533349596,1.6948166501151507,1.7001153746720086
267.25,30.142490722726226,1.694964281287443,1.699986367411738
267.5,30.147665278385297,1.6951174322644535,1.6998642590802566
267.75,30.15271835947713,1.6952759756537044,1.699749014017109
268.0,30.157649382177567,1.6954397835096078,1.6996405942760555
268.25,30.16245782563403,1.6956087275123912,1.699538959767345
268.5,30.167143226022212,1.6957826788636081,1.699444068204191
268.75,30.171705174247272,1.6959615083589206,1.699355875131318
269.0,30.176143317183694,1.696145086486075,1.6992743339993965
269.25,30.180457357163196,1.696333283472027,1.699199396208705
269.5,30.184647051436617,1.6965259693305537,1.6991310111531253
269.75,30.18871221161097,1.6967230139102671,1.6990691262644433
270.0,30.19265270306289,1.696924286942934,1.69901368705693
270.25,30.19646844432965,1.697129658092012,1.698964637172171
270.5,30.200159406478914,1.6973389970013157,1.6989219184241213
270.75,30.2037256124585,1.6975521733437138,1.698885470844354
271.0,30.207167136427252,1.6977690568697736,1.6988552327274764
271.25,30.210484103068325,1.697989517456261,1.6988311406766872
271.5,30.21367668688597,1.6982134251543997,1.6988131296494444
271.75,30.216745111487093,1.6984406502378082,1.698801133003218
272.0,30.21968964884876,1.6986710632500155,1.6987950825413005
272.25,30.222510618572837,1.6989045350514675,1.6987949085586436
272.5,30.22520838712896,1.6991409368659371,1.6988005398876989
272.75,30.22778336708706,1.699380140326241,1.6988119039442302
273.0,30.230236016340598,1.6996220175191767,1.698828926773072
273.25,30.232566837321748,1.6998664410295883,1.6988515330938065
273.5,30.23477637620966,1.700113283983468,1.6988796463463287
273.75,30.23686522213311,1.7003624200900076,1.6989131887362772
274.0,30.238834006368595,1.7006137236825014,1.6989520812802967
274.25,30.24068340153519,1.7008670697580193,1.6989962438511097
274.5,30.24241412078729,1.7011223340157509,1.6990455952223655
274.75,30.24402691700647,1.7013793928939351,1.6991000531132425
275.0,30.24552258199361,1.701638123605283,1.699159534232773
275.25,30.246901945662596,1.7018984041708014,1.6992239543238645
275.5,30.248165875236612,1.7021601134519297,1.6992932282069892
275.75,30.2493152744484,1.7024231311808973,1.6993672698235147
276.0,30.250351082745578,1.7026873379892105,1.6994459922786462
276.25,30.251274274502244,1.702952615434179,1.6995293078839548
276.5,30.252085858238047,1.703218846023392,1.6996171281994632
276.75,30.25278687584595,1.70348591323705,1.6997093640752599
277.0,30.25337840179326,1.703753701551678,1.699805925693221
277.25,30.253861538856047,1.7040220968307205,1.6999067226636744
277.5,30.254237420784925,1.7042909860584425,1.7000116640077638
277.75,30.254507212444036,1.7045602572006913,1.70012065819102
278.0,30.254672106970112,1.7048297994178594,1.7002336131979314
278.25,30.25473332502141,1.7050995030874998,1.7003504365701994
278.5,30.25469211400873,1.7053692598271497,1.700471035445181
278.75,30.25454974731003,1.7056389625172943,1.7005953165944812
279.0,30.254307523470192,1.7059085053244045,1.7007231864626433
279.25,30.253966765387517,1.7061777837239873,1.7008545512059008
279.5,30.253528819488498,1.706446694523581,1.7009893167309402
279.75,30.252995054892406,1.706715135885629,1.7011273887336338
280.0,30.252366862567275,1.7069830073501704,1.701268672737698
280.25,30.251645654478818,1.7072502098572797,1.7014130741332323
280.5,30.250832862733823,1.7075166457691897,1.7015604982150938
280.75,30.24992993871965,1.7077822188920373,1.7017108502210665
281.0,30.248938352241257,1.7080468344971587,1.7018640353697758
281.25,30.24785959065746,1.7083103993418782,1.7020199588983098
281.5,30.24669515801785,1.7085728216897187,1.7021785260994975
281.75,30.24544657420203,1.7088340113299703,1.7023396423588053
282.0,30.24411537406264,1.7090938795965542,1.7025032131908024
282.25,30.24270310657378,1.7093523393861145,1.7026691442751554
282.5,30.24121133398638,1.7096093051752719,1.702837341492103
282.75,30.239641630992043,1.709864693036977,1.7030077109573727
283.0,30.237995583896932,1.7101184206558961,1.7031801590564886
283.25,30.236274789807304,1.7103704073427644,1.7033545924784315
283.5,30.234480855828146,1.7106205740476417,1.7035309182486047
283.75,30.23261539827655,1.710868843372006,1.7037090437610605
284.0,30.23068004191137,1.711115139579619,1.7038888768099445
284.25,30.228676419180683,1.7113593886060978,1.704070325620114
284.5,30.226606169488633,1.7116015180671307,1.704253298876885
284.75,30.224470938483215,1.7118414572652665,1.7044377057548636
285.0,30.222272377366554,1.7120791371952189,1.704623455945818
285.25,30.22001214222922,1.7123144905476135,1.7048104596855476
285.5,30.21769189341014,1.71254745171112,1.704998627779704
285.75,30.215313294883693,1.712777956772896,1.7051878716285187
286.0,30.21287801367547,1.7130059435172857,1.7053781032503972
286.25,30.21038771930837,1.713231351422702,1.7055692353043292
286.5,30.207844083280424,1.7134541216566288,1.705761181111077
286.75,30.205248778576095,1.7136741970686808,1.7059538546730932
287.0,30.202603479212446,1.7138915221816506,1.7061471706931253
287.25,30.19990985904533,1.7141060432200677,1.706341044616956
287.5,30.197169580814624,1.71431770864167,1.7065353929777973
287.75,30.194384308333735,1.7145264684874804,1.7067301329835953
288.0,30.191555705070428,1.7147322744097224,1.706925182603754
288.25,30.188685431000977,1.7149350797991194,1.707120460674872
288.5,30.185775142023076,1.7151348397829453,1.7073158869177474
288.75,30.182826489373074,1.7153315112225096,1.7075113819546082
289.0,30.1798411190481,1.7155250527100823,1.7077068673265086
289.25,30.17682067123345,1.7157154245652542,1.7079022655108331
289.5,30.173766779735782,1.715902588830739,1.7080974999388523
289.75,30.170681071422504,1.7160865092676156,1.7082924950132685
290.0,30.167565165667877,1.716267151350012,1.7084871761257001
290.25,30.164420673806244,1.7164444822592346,1.7086814696740378
290.5,30.1612491985929,1.716618470877341,1.708875303079625
290.75,30.158052333672988,1.7167890877801606,1.7090686048041948
291.0,30.154831663058975,1.716956305229762,1.7092613043665126
291.25,30.1515887606171,1.7171200971663698,1.7094533323586643
291.5,30.14832518956326,1.7172804391997332,1.7096446204619296
291.75,30.14504250196885,1.7174373085999435,1.7098351014621884
292.0,30.141742238276944,1.7175906842877087,1.710024709264795
292.25,30.138425926829335,1.7177405468240798,1.7102133789088705
292.5,30.135095083404874,1.7178868783996344,1.7104010465809463
292.75,30.131751210769536,1.7180296628231169,1.7105876496279107
293.0,30.12839579823877,1.7181688855095385,1.7107731265691917
293.25,30.12503032125246,1.7183045334677358,1.7109574171081252
293.5,30.121656240963084,1.7184365952873926,1.7111404621424458
293.75,30.118275003837443,1.718565061125522,1.711322203773845
294.0,30.114888041272476,1.7186899226924164,1.7115025853165382
294.25,30.11149676922558,1.7188111732370581,1.7116815513047832
294.5,30.108102587859957,1.718928807532001,1.7118590474992896
294.75,30.104706881205338,1.719042821857719,1.7120350208924673
295.0,30.1013110168347,1.7191532139864225,1.712209419712448
295.25,30.097916345557284,1.7192599831653494,1.7123821934258292
295.5,30.094524201128493,1.7193631300995238,1.7125532927390787
295.75,30.09113589997705,1.7194626569339926,1.7127226695985427
296.0,30.087752740949927,1.7195585672355345,1.7128902771890009
296.25,30.084376005075473,1.719650865973846,1.7130560699307076
296.5,30.081006955345245,1.7197395595022065,1.7132200034748646
296.75,30.07764683651493,1.7198246555376195,1.7133820346974664
297.0,30.074296874924915,1.7199061631404378,1.713542121691459
297.25,30.070958277513913,1.7199840927046568,1.7137002238760457
297.5,30.06763222914775,1.7200584559843757,1.7138563023362152
297.75,30.064319896937736,1.720129266011815,1.7140103191642275
298.0,30.061022428454123,1.7201965370816088,1.7141622376984307
298.25,30.057740951286753,1.7202602847348099,1.7143120225573676
298.5,30.0544765728675,1.7203205257396936,1.7144596396365714
298.75,30.051230380299888,1.720377278072017,1.7146050561052786
299.0,30.04800344019602,1.7204305608947634,1.7147482404030323
299.25,30.044796798521,1.7204803945374083,1.7148891622361577
299.5,30.041611480444942,1.7205268004747312,1.715027792574082
299.75,30.038448490202747,1.7205698013052122,1.715164103645475
300.0,30.03530881096175,1.7206094207290377,1.715298068934191
300.25,30.03219340469745,1.7206456835257526,1.7154296631749817
300.5,30.029103212077374,1.720678615531587,1.7155588623489646
300.75,30.02603915235331,1.7207082436164889,1.715685643678814
301.0,30.023002123261975,1.7207345956608966,1.7158099856236604
301.25,30.019993000934317,1.7207577005322798,1.715931867873667
301.5,30.01701263981356,1.7207775880614813,1.716051271344264
301.75,30.014061872582158,1.7207942890188925,1.7161681781700164
302.0,30.01114151009778,1.7208078350904918,1.7162825716980996
302.25,30.008252341338494,1.7208182588537784,1.7163944364813624
302.5,30.005395133357258,1.720825593753633,1.716503758270951
302.75,30.00257063124591,1.7208298740781365,1.7166105240084724
303.0,29.999779558108745,1.7208311349343792,1.7167147218176708
303.25,29.997022615045886,1.7208294122242893,1.7168163409955979
303.5,29.9943004811465,1.720824742620515,1.716915372003249
303.75,29.991613813492123,1.7208171635423897,1.7170118064556428
304.0,29.988963247170133,1.7208067131320137,1.7171056371113234
304.25,29.98634939529756,1.7207934302304815,1.7171968578612566
304.5,29.983772849055363,1.7207773543542866,1.7172854637171018
304.75,29.981234177733366,1.720758525671938,1.7173714507988311
305.0,29.9787339287859,1.7207369849808147,1.7174548163216756
305.25,29.97627262789837,1.720712773684296,1.7175355585823744
305.5,29.973850779064897,1.7206859337691918,1.7176136769446995
305.75,29.971468864677092,1.720656507783511,1.7176891718242395
306.0,29.969127345624226,1.7206245388145955,1.7177620446724116
306.25,29.966826661404834,1.7205900704676524,1.7178322979596823
306.5,29.96456723024995,1.7205531468447144,1.7178999351579733
306.75,29.962349449258127,1.7205138125240638,1.7179649607222258
307.0,29.960173694530678,1.720472112539102,1.718027380072402
307.25,29.95804031976186,1.7204280922240478,1.718087199757141
307.5,29.95594965749031,1.7203817973039104,1.7181444273291329
307.75,29.953902020116804,1.7203332739346702,1.7181990712041624
308.0,29.95189769924506,1.7202825686067147,1.7182511407307681
308.25,29.949936965832165,1.7202297281244117,1.7183006461762627
308.5,29.948020070342817,1.7201747995854162,1.7183475987124037
308.75,29.946147242907468,1.7201178303597422,1.7183920104007424
309.0,29.944318693484423,1.720058868068636,1.718433894177661
309.25,29.9425346120259,1.7199979605632825,1.7184732638391194
309.5,29.940795168648073,1.7199351559033829,1.7185101340251308
309.75,29.93910051380519,1.719870502335632,1.7185445202039809
310.0,29.93745077846771,1.7198040482721353,1.7185764386562106
310.25,29.935846074304568,1.7197358422687954,1.7186059064583803
310.5,29.93428649386957,1.7196659330037052,1.7186329414666324
310.75,29.932772110791944,1.71959436925558,1.7186575623000715
311.0,29.93130297997111,1.719521199882263,1.7186797883239793
311.25,29.929879137775654,1.7194464737993393,1.7186996396328815
311.5,29.928500602246594,1.719370239958892,1.7187171370334875
311.75,29.927167373304922,1.7192925473284342,1.7187323020275167
312.0,29.92587943296351,1.719213444870051,1.7187451567944325
312.25,29.924636745543328,1.7191329815197876,1.7187557241741012
312.5,29.923439257894124,1.7190512061673142,1.7187640276493927
312.75,29.92228689961947,1.718968167635905,1.7187700913287431
313.0,29.92117958330633,1.7188839146627644,1.7187739399286939
313.25,29.920117204759084,1.7187984958797333,1.7187755987564288
313.5,29.9190996432381,1.7187119597944125,1.7187750936923256
313.75,29.918126761702858,1.718624354771734,1.7187724511725384
314.0,29.91719840705969,1.718535729016017,1.7187676981716322
314.25,29.91631441041413,1.7184461305535421,1.7187608621852843
314.5,29.91547458732793,1.7183556072156765,1.718751971213072
314.75,29.91467873808078,1.7182642066225862,1.7187410537413659
315.0,29.913926647936748,1.718171976167569,1.718728138726343
315.25,29.913218087415473,1.7180789630020405,1.7187132555771412
315.5,29.91255281256818,1.7179852140212117,1.7186964341391726
315.75,29.91193056525851,1.7178907758504862,1.7186777046776105
316.0,29.91135107344817,1.7177956948326167,1.7186570978610713
316.25,29.91081405148757,1.7177000170156522,1.7186346447455096
316.5,29.910319200411276,1.7176037881417106,1.718610376758341
316.75,29.909866208238512,1.7175070536366104,1.7185843256828128
317.0,29.909454750278606,1.7174098586003979,1.718556523642642
317.25,29.909084489441483,1.7173122477987999,1.718527003086936
317.5,29.908755076188037,1.7172142655772868,1.718495796741529
317.75,29.908466147654263,1.7171159556599642,1.7184629375267202
318.0,29.90821732987402,1.7170173615449194,1.718428458716682
318.25,29.908008237635865,1.716918526323083,1.7183923938307677
318.5,29.907838474657094,1.7168194926472322,1.7183547766099785
318.75,29.907707633847732,1.7167203027225504,1.7183156410033067
319.0,29.907615297579024,1.7166209982971312,1.718275021153775
319.25,29.90756103795601,1.716521620652449,1.7182329513842054
319.5,29.907544417093902,1.716422210593821,1.7181894661827486
319.75,29.90756498739793,1.7163228084408857,1.718144600188202
320.0,29.90762229184627,1.7162234540181216,1.7180983881751497
320.25,29.907715864275804,1.7161241866454284,1.7180508650389534
320.5,29.907845229670286,1.7160250451288002,1.7180020657806252
320.75,29.90800990445064,1.7159260677511072,1.717952025491612
321.0,29.90820939676705,1.7158272922630193,1.7179007793385255
321.25,29.90844320679245,1.7157287558740868,1.7178483625478425
321.5,29.9087108270172,1.7156304952440093,1.717794810390612
321.75,29.909011742544426,1.7155325464741136,1.7177401581671965
322.0,29.909345431385926,1.7154349450990654,1.7176844411920775
322.25,29.90971136475807,1.7153377260788403,1.7176276947787583
322.5,29.91010900737754,1.7152409237909765,1.7175699542247929
322.75,29.91053781775646,1.7151445720231349,1.7175112547969718
323.0,29.91099724849667,1.7150487039659896,1.7174516317166963
323.25,29.91148674658272,1.7149533522064753,1.7173911201455703
323.5,29.912005753673316,1.7148585487214123,1.7173297551712405
323.75,29.91255370639087,1.7147643248715372,1.7172675717935175
324.0,29.913130036608777,1.7146707113959598,1.7172046049108063
324.25,29.913734171736156,1.7145777384070748,1.7171408893068763
324.5,29.914365534999654,1.7144854353859482,1.7170764596380044
324.75,29.91502354572201,1.7143938311782048,1.717011350420519
325.0,29.915707619597054,1.7143029539904415,1.7169455960187752
325.25,29.916417168960756,1.7142128313871903,1.716879230633595
325.5,29.917151603058073,1.714123490288453,1.7168122882911996
325.75,29.917910328305172,1.7140349569678366,1.7167448028326668
326.0,29.918692748546746,1.7139472570513077,1.7166768079039414
326.25,29.919498265308086,1.713860415516597,1.7166083369464327
326.5,29.920326278041546,1.71377445669327,1.716539423188227
326.75,29.92117618436709,1.713689404263497,1.7164700996359463
327.0,29.922047380306598,1.7136052812635383,1.7164003990672845
327.25,29.92293926051153,1.7135221100859768,1.716330354024251
327.5,29.923851218483716,1.7134399124827144,1.7162599968071517
327.75,29.924782646788845,1.7133587095687628,1.7161893594693405
328.0,29.925732937262378,1.7132785218268494,1.7161184738127682
328.25,29.92670148120749,1.713199369112864,1.7160473713843623
328.5,29.92768766959804,1.7131212706609338,1.7159760834719509
328.75,29.92869089608078,1.7130442448104386,1.7159046408066345
329.0,29.92971055477953,1.7129683091997077,1.7158330737649121
329.25,29.930746038973247,1.712893480963397,1.7157614125613485
329.5,29.93179674309573,1.7128197765775512,1.715689687072697
329.75,29.93286206291085,1.7127472118622469,1.7156179268318008
330.0,29.9339413956924,1.7126758019843196,1.7155461610214704
330.25,29.935034140408014,1.7126055614601792,1.7154744184683521
330.5,29.93613969790664,1.712536504158719,1.715402727636804
330.75,29.93725747110911,1.712468643304326,1.715331116622792
331.0,29.93838686520124,1.7124019914799935,1.7152596131478228
331.25,29.939527287829023,1.712336560630549,1.7151882445529294
331.5,29.940678149295316,1.7122723620659948,1.715117037792721
331.75,29.941838862757628,1.712209406464973,1.7150460194295172
332.0,29.94300884442642,1.7121477038783577,1.7149752156275768
332.25,29.94418751376342,1.71208726373298,1.7149046521474385
332.5,29.94537429367951,1.7120280948354936,1.7148343543403903
332.75,29.94656861073158,1.7119702053763828,1.7147643471430785
333.0,29.947769895317936,1.7119136029341238,1.7146946550722741
333.25,29.94897758187172,1.7118582944794978,1.714625302219813
333.5,29.950191109051786,1.7118042863800702,1.7145563122477203
333.75,29.951409919930637,1.7117515844048328,1.714487708383539
334.0,29.95263346217881,1.7117001937290208,1.7144195134158748
334.25,29.953861188245266,1.7116501189391087,1.7143517496901728
334.5,29.955092555533255,1.711601364037988,1.7142844391047427
334.75,29.956327026571163,1.711553932450336,1.7142176031070444
335.0,29.957564069177813,1.711507827028179,1.714151262690253
335.25,29.95880315662176,1.7114630500566572,1.7140854383901147
335.5,29.960043767774,1.711419603259995,1.7140201502821106
335.75,29.96128538725367,1.7113774878076833,1.7139554179789434
336.0,29.962527505566193,1.7113367043208796,1.7138912606283605
336.25,29.96376961923332,1.711297252879032,1.7138276969113315
336.5,29.965011230914666,1.7112591330267306,1.7137647450405922
336.75,29.966251849520138,1.7112223437807943,1.7137024227595703
337.0,29.967490990312797,1.7111868836375972,1.713640747341712
337.25,29.968728175001644,1.7111527505806414,1.713579735590218
337.5,29.9699629318238,1.7111199420883796,1.71351940383821
337.75,29.971194795615627,1.7110884551422956,1.7134597679493375
338.0,29.97242330787221,1.7110582862352472,1.7134008433188461
338.25,29.973648016794755,1.7110294313800771,1.7133426448751152
338.5,29.974868477325387,1.711001886118497,1.7132851870816868
338.75,29.976084251168807,1.7109756455302516,1.713228483939795
339.0,29.977294906800353,1.7109507042425671,1.7131725489914158
339.25,29.9785000194599,1.7109270564398902,1.7131173953228482
339.5,29.979699171131166,1.7109046958739242,1.713063035568846
339.75,29.980891950506287,1.7108836158739569,1.7130094819172965
340.0,29.9820779578796,1.710863809262142,1.7129567459523294
340.25,29.983256802918763,1.7108452683932343,1.7129048387225865
340.5,29.98442809946467,1.710827985274494,1.7128537709209595
340.75,29.985591469159345,1.7108119515114275,1.7128035527731118
341.0,29.98674654147705,1.7107971583153785,1.7127541940394022
341.25,29.987892953755537,1.7107835965112754,1.712705704016935
341.5,29.98903035122734,1.7107712565455222,1.7126580915417284
341.75,29.99015838705077,1.7107601284940253,1.7126113649910075
342.0,29.991276722340544,1.7107502020703467,1.7125655322856181
342.25,29.99238502619767,1.7107414666339704,1.7125206008925609
342.5,29.99348297573851,1.7107339111986768,1.7124765778276478
342.75,29.994570256122696,1.7107275244410107,1.71243346965828
343.0,29.99564656057978,1.7107222947088372,1.7123912825063425
343.25,29.996711590434295,1.7107182100299727,1.7123500220512249
343.5,29.997765055129133,1.710715258120882,1.7123096935329556
343.75,29.998806672246893,1.7107134263954318,1.7122703017554612
344.0,29.999836167529086,1.7107127019736912,1.7122318510899417
344.25,30.00085327489294,1.7107130716907688,1.7121943454783655
344.5,30.001857736445558,1.7107145221056757,1.712157788437084
344.75,30.00284930249527,1.710717039510206,1.7121221830605646
345.0,30.003827731559948,1.7107206099378256,1.7120875320252409
345.25,30.004792790371994,1.7107252191725557,1.7120538375934808
345.5,30.005744253879932,1.7107308527578453,1.7120211016176738
345.75,30.00668190524621,1.7107374960054222,1.7119893255444345
346.0,30.00760553584116,1.7107451340041084,1.711958510418922
346.25,30.008514945232772,1.7107537516285969,1.711928656889279
346.5,30.00940994117214,1.7107633335481744,1.7118997652111845
346.75,30.010290339574336,1.710773864235382,1.711871835252524
347.0,30.011155964494513,1.7107853279746053,1.711844866498176
347.25,30.01200664809897,1.7107977088705821,1.7118188580549127
347.5,30.012842230631048,1.7108109908568188,1.7117938086564182
347.75,30.013662560371547,1.7108251577039049,1.7117697166684187
348.0,30.01446749359352,1.7108401930277177,1.7117465800939304
348.25,30.015256894511186,1.7108560802975048,1.7117243965786202
348.5,30.016030635222755,1.7108728028438354,1.7117031634162816
348.75,30.01678859564697,1.7108903438664123,1.7116828775544228
349.0,30.0175306634531,1.7109086864417316,1.7116635355999708
349.25,30.018256733984227,1.7109278135305839,1.7116451338250867
349.5,30.01896671017355,1.7109477079853823,1.7116276681730953
349.75,30.019660502453558,1.7109683525573138,1.711611134264527
350.0,30.020338028657775,1.7109897299032977,1.7115955274032726
350.25,30.02099921391494,1.7110118225927449,1.711580842582849
350.5,30.021643990535324,1.7110346131141092,1.7115670744927785
350.75,30.022272297889067,1.7110580838812157,1.711554217525079
351.0,30.02288408368524,1.7110822172831923,1.7115422657682744
351.25,30.023479305121402,1.7111069957126779,1.7115312129955744
351.5,30.024057924698017,1.7111324014526375,1.7115210527104956
351.75,30.024619911954684,1.7111584167551899,1.711511778142701
352.0,30.025165243467292,1.7111850238497321,1.711503382252813
352.25,30.02569390277533,1.7112122049488816,1.7114958577378723
352.5,30.02620588030673,1.7112399422545428,1.711489197036916
352.75,30.026701173300406,1.7112682179640848,1.7114833923366737
353.0,30.02717978572651,1.711297014276614,1.7114784355773662
353.25,30.027641728204557,1.711326313399331,1.711474318458605
353.5,30.02808701791944,1.7113560975539552,1.7114710324453792
353.75,30.028515678535477,1.7113863489832049,1.7114685687741282
354.0,30.028927740108543,1.711417049957318,1.7114669184588829
354.25,30.029323238996383,1.7114481827806014,1.7114660722974777
354.5,30.029702217767202,1.7114797297979925,1.7114660208778176
354.75,30.030064725106616,1.7115116734016207,1.7114667545841944
355.0,30.03041081572302,1.7115439960373564,1.7114682636036467
355.25,30.030740550251522,1.71157668021133,1.7114705379323518
355.5,30.031053995156466,1.7116097084964095,1.711473567382043
355.75,30.03135122263268,1.7116430635386248,1.7114773415864446
356.0,30.0316323105055,1.7116767280635192,1.711481850007716
356.25,30.03189734212967,1.7117106848824202,1.7114870819428978
356.5,30.03214640628723,1.7117449168986127,1.711493026530349
356.75,30.03237959708442,1.7117794071134012,1.7114996727561715
357.0,30.03259701384777,1.7118141386320465,1.7115070094606104
357.25,30.03279876101935,1.7118490946695666,1.711515025344422
357.5,30.0329849480514,1.7118842585563818,1.7115237089752062
357.75,30.033155689300315,1.7119196137437969,1.7115330487936868
358.0,30.033311103920138,1.7119551438093004,1.7115430331199413
358.25,30.033451315755613,1.711990832461673,1.7115536501595627
358.5,30.0335764532349,1.7120266635458872,1.7115648880097536
358.75,30.033686649262044,1.7120626210477843,1.7115767346653386
359.0,30.03378204110928,1.7120986890985181,1.7115891780246895
359.25,30.033862770309234,1.7121348519787494,1.711602205895555
359.5,30.03392898254717,1.7121710941225754,1.7116158060007858
359.75,30.03398082755329,1.7122074001211864,1.71162996598395
360.0,30.03401845899526,1.712243754726228,1.7116446734148256
360.25,30.034042034370955,1.7122801428528618,1.7116599157947665
360.5,30.034051714901604,1.7123165495825061,1.711675680561933
360.75,30.034047665425348,1.712352960165247,1.7116919550963772
361.0,30.034030054291325,1.7123893600219007,1.7117087267249753
361.25,30.033999053254412,1.7124257347457184,1.7117259827262026
361.5,30.0339548373706,1.7124620701037176,1.7117437103347362
361.75,30.033897584893236,1.7124983520376258,1.711761896745884
362.0,30.033827477170068,1.7125345666644225,1.711780529119829
362.25,30.03374469854131,1.7125707002764676,1.7117995945856779
362.5,30.033649436206534,1.7126067393484086,1.7118190802490298
362.75,30.033541879351677,1.7126426707424198,1.7118389732962036
363.0,30.033422220295286,1.7126784814746867,1.7118592608702197
363.25,30.033290654124023,1.7127141586969234,1.711879930078545
363.5,30.03314737820666,1.7127496897745262,1.7119009680386508
363.75,30.03299259211226,1.7127850622878065,1.7119223618815915
364.0,30.032826497525566,1.7128202640332648,1.7119440987557042
364.25,30.03264929815982,1.7128552830249018,1.7119661658304113
364.5,30.03246119966723,1.7128901074955527,1.7119885503001202
364.75,30.032262409547194,1.7129247258982438,1.7120112393882092
365.0,30.032053137052596,1.7129591269075615,1.712034220351087
365.25,30.03183359309427,1.7129932994210253,1.7120574804823205
365.5,30.03160399014389,1.7130272325604592,1.7120810071168142
365.75,30.031364542135456,1.7130609156733536,1.712104787635037
366.0,30.03111546436558,1.7130943383342103,1.7121288094672829
366.25,30.030856973392765,1.713127490345863,1.7121530600979553
366.5,30.030589286935868,1.7131603617407674,1.7121775270698674
366.75,30.03031262377199,1.7131929427822494,1.7122021979885442
367.0,30.03002720363389,1.713225223965712,1.7122270605265213
367.25,30.02973324710724,1.7132571960197844,1.7122521024276236
367.5,30.029430975527823,1.7132888499074117,1.712277311511221
367.75,30.029120610878916,1.7133201768268773,1.7123026756764452
368.0,30.02880237568905,1.7133511682127487,1.71232818290636
368.25,30.028476492930334,1.7133818157367413,1.712353821272074
368.5,30.02814318591755,1.7134121113084908,1.7123795789367866
368.75,30.027802678208204,1.71344204707623,1.712405444159757
369.0,30.02745519350373,1.7134716154273584,1.7124314053001821
369.25,30.02710095555208,1.7135008089889023,1.7124574508209807
369.5,30.026740188051818,1.7135296206278543,1.7124835692924658
369.75,30.026373114558,1.7135580434513844,1.7125097493959012
370.0,30.025999958390006,1.7135860708069195,1.7125359799269275
370.25,30.02562094254146,1.713613696282081,1.7125622497988495
370.5,30.025236289592574,1.713640913704472,1.7125885480457759
370.75,30.024846221624923,1.71366771714131,1.7126148638255978
371.0,30.024450960139067,1.7136941008988953,1.7126411864227986
371.25,30.024050725975002,1.7137200595219104,1.712667505251085
371.5,30.0236457392358,1.7137455877925378,1.7126938098558255
371.75,30.02323621921454,1.7137706807293966,1.7127200899162927
372.0,30.02282238432477,1.7137953335862828,1.7127463352476908
372.25,30.022404452034696,1.7138195418507123,1.712772535802966
372.5,30.021982638805248,1.713843301242254,1.7127986816743845
372.75,30.021557160032298,1.7138666077106512,1.7128247630948699
373.0,30.021128229993142,1.713889457433718,1.7128507704390894
373.25,30.020696061797526,1.7139118468150072,1.7128766942242786
373.5,30.02026086734334,1.7139337724812436,1.7129025251107945
373.75,30.019822857277212,1.7139552312795099,1.7129282539023876
374.0,30.019382240960216,1.7139762202741842,1.71295387154618
374.25,30.01893922643884,1.7139967367436164,1.7129793691323443
374.5,30.018494020421453,1.7140167781765412,1.713004737893466
374.75,30.018046828260474,1.7140363422682146,1.7130299692035882
375.0,30.01759785394037,1.7140554269162729,1.7130550545769183
375.25,30.017147300071787,1.7140740302163018,1.7130799856661962
375.5,30.01669536626885,1.7140921505315814,1.7131047543522244
375.75,30.01624224667023,1.7141097866121902,1.713129352883973
376.0,30.01578813665547,1.7141269372799939,1.7131537734972262
376.25,30.015333229778644,1.7141436015540548,1.713178008583004
376.5,30.014877717497527,1.7141597786592029,1.713202050701081
376.75,30.014421789138495,1.7141754680239962,1.7132258925802564
377.0,30.013965631860803,1.714190669278607,1.713249527118635
377.25,30.013509430620292,1.7142053822526402,1.7132729473839148
377.5,30.013053368132645,1.7142196069728828,1.7132961466136813
377.75,30.012597624836328,1.7142333436609902,1.7133191182156973
378.0,30.012142378855316,1.7142465927311088,1.7133418557681896
378.25,30.011687805961703,1.7142593547874383,1.713364353020128
378.5,30.011234079538337,1.7142716306217387,1.7133866038914871
378.75,30.010781370541572,1.7142834212107787,1.7134086024734962
379.0,30.010329847464277,1.714294727713734,1.7134303430288624
379.25,30.00987967629916,1.7143055514695351,1.7134518199919715
379.5,30.009431020502596,1.7143158939941654,1.7134730279690573
379.75,30.008984040959007,1.7143257569779164,1.713493961738338
380.0,30.008538895945954,1.7143351422825976,1.7135146162501136
380.25,30.008095741100018,1.7143440519387072,1.7135349866268208
380.5,30.007654729383603,1.7143524881425642,1.713555068163043
380.75,30.007216011052787,1.7143604532534051,1.7135748563254667
381.0,30.006779733626292,1.7143679497904467,1.7135943467527872
381.25,30.00634604185574,1.7143749804299189,1.7136135352555508
381.5,30.005915077697257,1.7143815480020679,1.713632417815937
381.75,30.005486980284594,1.7143876554881348,1.7136509905874722
382.0,30.005061885903807,1.7143933060173089,1.7136692498946722
382.25,30.004639927969677,1.7143985028636621,1.7136871922326091
382.5,30.00422123700396,1.7144032494430628,1.713704814266398
382.75,30.00380594061556,1.714407549310073,1.7137221128306004
383.0,30.003394163482756,1.7144114061548346,1.7137390849285385
383.25,30.00298602733761,1.7144148237999406,1.713755727731519
383.5,30.00258165095264,1.7144178061972997,1.7137720385779573
383.75,30.0021811501299,1.7144203574249934,1.7137880149724056
384.0,30.00178463769254,1.7144224816841296,1.7138036545844715
384.25,30.00139222347903,1.714424183295693,1.7138189552476315
384.5,30.00100401434007,1.7144254666973984,1.7138339149579285
384.75,30.00062011413837,1.714426336440545,1.7138485318725545
385.0,30.000240623751417,1.7144267971868783,1.71386280430831
385.25,29.999865641077243,1.714426853705458,1.7138767307399385
385.5,29.999495261043457,1.714426510869538,1.7138903097983322
385.75,29.99912957561953,1.7144257736534583,1.713903540268602
386.0,29.99876867383251,1.7144246471295523,1.7139164210880107
386.25,29.998412641786278,1.7144231364650722,1.7139289513437634
386.5,29.9980615626844,1.7144212469191347,1.7139411302706526
386.75,29.99771551685678,1.7144189838396877,1.7139529572485508
387.0,29.99737458179017,1.714416352660505,1.7139644317997502
387.25,29.99703883216263,1.714413358898205,1.7139755535861425
387.5,29.996708339882133,1.7144100081493014,1.7139863224062368
387.75,29.996383174129324,1.714406306087287,1.7139967381920083
388.0,29.996063401171934,1.7144022584570422,1.714006801014923
388.25,29.995749081664226,1.7143978710456511,1.7140165111955024
388.5,29.995440274408477,1.7143931497273497,1.7140258691528447
388.75,29.99513703594662,1.7143881004441957,1.714034875414556
389.0,29.994839419899865,1.7143827291944984,1.7140435306416748
389.25,29.994547476985858,1.7143770420304503,1.7140518356269911
389.5,29.9942612550364,1.7143710450556822,1.7140597912933093
389.75,29.993980799015777,1.7143647444227488,1.7140673986916592
390.0,29.993706151039603,1.7143581463305457,1.7140746589994549
390.25,29.993437350394302,1.7143512570216701,1.7140815735186075
390.5,29.99317443355713,1.714344082779723,1.714088143673591
390.75,29.99291743421679,1.7143366299265674,1.7140943710094658
391.0,29.992666383294655,1.7143289048195405,1.7141002571898596
391.25,29.99242130896656,1.7143209138486302,1.7141058039949117
391.5,29.992182236685192,1.7143126634336205,1.7141110133191806
391.75,29.991949189203083,1.7143041600212097,1.7141158871695172
392.0,29.991722186596206,1.714295410082111,1.714120427662907
392.25,29.99150124628816,1.7142864201081371,1.7141246370242844
392.5,29.991286383074982,1.7142771966092758,1.7141285175843188
392.75,29.99107760915056,1.7142677461107652,1.7141320717771777
393.0,29.99087493413266,1.7142580751501697,1.7141353021382673
393.25,29.990678365089558,1.7142481902744653,1.7141382113019543
393.5,29.990487906567324,1.7142380980371383,1.7141408019992714
393.75,29.990303560617697,1.7142278049953064,1.7141430770556054
394.0,29.99012532682661,1.714217317706862,1.714145039388377
394.25,29.989953202343322,1.7142066427276506,1.7141466920047075
394.5,29.989787181910213,1.7141957866086825,1.7141480379990797
394.75,29.98962725789318,1.7141847558933916,1.7141490805509942
395.0,29.989473420312713,1.7141735571149384,1.7141498229226215
395.25,29.989325656875582,1.7141621967935703,1.714150268456455
395.5,29.989183953007178,1.7141506814340408,1.7141504205729658
395.75,29.989048291884515,1.7141390175230942,1.7141502827682626
396.0,29.988918654469884,1.7141272115270212,1.7141498586117574
396.25,29.98879501954514,1.7141152698892932,1.7141491517438412
396.5,29.988677363746675,1.7141031990282771,1.7141481658735718
396.75,29.988565661601047,1.7140910053350409,1.7141469047763749
397.0,29.988459885561266,1.7140786951712514,1.7141453722917623
397.25,29.98836000604376,1.7140662748671736,1.7141435723210692
397.5,29.988265991466005,1.714053750719773,1.7141415088252108
397.75,29.988177808284835,1.7140411289909336,1.7141391858224662
398.0,29.988095421035442,1.714028415905788,1.714136607386285
398.25,29.988018792371022,1.7140156176511727,1.7141337776431234
398.5,29.987947883103164,1.7140027403742129,1.7141307007703124
398.75,29.98788265224287,1.7139897901810386,1.7141273809939581
399.0,29.987823057042306,1.7139767731356426,1.7141238225868767
399.25,29.987769053037223,1.713963695258883,1.7141200298665695
399.5,29.987720594090113,1.7139505625276377,1.7141160071932375
399.75,29.98767763243401,1.713937380874115,1.714111758967838
400.0,29.98764011871706,1.7139241561853276,1.7141072896301874
400.25,29.987608002047743,1.713910894302734,1.7141026036571116
400.5,29.987581230040853,1.7138976010220548,1.7140977055606457
400.75,29.987559748861827,1.7138842820922182,1.7140925998859022
401.0,29.98754350292683,1.7138709430978376,1.7140872911698288
401.25,29.987532435013133,1.7138575895674029,1.7140817839859868
401.5,29.987526486672188,1.7138442270284697,1.714076082953331
401.75,29.98752559817202,1.7138308609415087,1.7140701927086297
402.0,29.987529708525624,1.713817496699268,1.71406411790515
402.25,29.987538755520603,1.7138041396260941,1.7140578632112757
402.5,29.987552675750056,1.7137907949772155,1.7140514333090604
402.75,29.987571404644587,1.7137774679379933,1.7140448328927187
403.0,29.98759487650541,1.7137641636231422,1.714038066667065
403.25,29.987623024538422,1.7137508870759242,1.7140311393458993
403.5,29.987655780889252,1.7137376432673215,1.7140240556503472
403.75,29.9876930766791,1.7137244370951905,1.7140168203071584
404.0,29.987734842041426,1.7137112733834017,1.7140094380469664
404.25,29.987781006159288,1.7136981568809682,1.7140019136025182
404.5,29.987831497303368,1.7136850922611675,1.7139942517068718
404.75,29.987886242870527,1.7136720841206607,1.7139864570915737
405.0,29.987945169422872,1.7136591369786114,1.7139785344848142
405.25,29.988008202727237,1.7136462552758096,1.7139704886095695
405.5,29.988075267795008,1.7136334433738039,1.713962324181733
405.75,29.98814628892223,1.7136207055540458,1.7139540459082407
406.0,29.988221189729913,1.7136080460170495,1.7139456584851953
406.25,29.98829989320447,1.7135954688815715,1.7139371665959946
406.5,29.988382321738197,1.713582978183814,1.7139285749094655
406.75,29.988468397169783,1.713570577876655,1.7139198880780129
407.0,29.98855804082466,1.7135582718289093,1.7139111107357832
407.25,29.98865117355528,1.7135460638246254,1.7139022474968504
407.5,29.98874771578107,1.7135339575624202,1.7138933029534276
407.75,29.98884758752817,1.7135219566548567,1.7138842816741084
408.0,29.988950708468714,1.7135100646278663,1.7138751882021448
408.25,29.98905699795973,1.7134982849202238,1.7138660270537616
408.5,29.98916637508145,1.7134866208830746,1.7138568027165175
408.75,29.989278758675106,1.7134750757795192,1.7138475196477136
409.0,29.989394067379973,1.7134636527842604,1.7138381822728537
409.25,29.989512219669738,1.713452354983315,1.7138287949841633
409.5,29.98963313388803,1.713441185373794,1.7138193621391709
409.75,29.989756728283062,1.713430146863758,1.7138098880593542
410.0,29.989882921041325,1.7134192422721453,1.7138003770288583
410.25,29.99001163032025,1.7134084743287843,1.7137908332932896
410.5,29.99014277427977,1.7133978456744878,1.7137812610585883
410.75,29.990276271112712,1.713387358861237,1.7137716644899879
411.0,29.99041203907392,1.7133770163524547,1.7137620477110602
411.25,29.990549996508083,1.7133668205233776,1.713752414802858
411.5,29.990690061876172,1.7133567736615258,1.7137427698031513
411.75,29.99083215378039,1.713346877967275,1.7137331167057706
412.0,29.99097619098761,1.7133371355545384,1.7137234594600537
412.25,29.991122092451178,1.7133275484515567,1.713713801970406
412.5,29.991269777331073,1.713318118601804,1.7137041480959754
412.75,29.991419165012264,1.7133088478650125,1.7136945016504508
413.0,29.991570175121282,1.7132997380183188,1.7136848664019817
413.25,29.991722727540868,1.7132907907575354,1.71367524607323
413.5,29.99187674242267,1.7132820076985549,1.7136656443415563
413.75,29.99203214019786,1.7132733903788837,1.7136560648393422
414.0,29.99218884158569,1.7132649402593174,1.7136465111544594
414.25,29.992346767599805,1.713256658725754,1.713636986830883
414.5,29.992505839552326,1.7132485470911545,1.7136274953694595
414.75,29.992665979055953,1.713240606597628,1.7136180402288066
415.0,29.992827109935277,1.7132328383000983,1.7136086246995588
415.25,29.99298915699408,1.7132252431310107,1.7135992519799421
415.5,29.993152044166745,1.7132178220269692,1.7135899253044768
415.75,29.99331569603433,1.7132105758435912,1.7135806478478917
416.0,29.993480037834868,1.7132035053561554,1.713571422725
416.25,29.993644995474494,1.7131966112602754,1.713562252990557
416.5,29.99381049553932,1.713189894172594,1.7135531416391032
416.75,29.993976465307984,1.7131833546315016,1.7135440916047966
417.0,29.994142832764865,1.7131769930978742,1.7135351057612327
417.25,29.994309526613833,1.7131708099558347,1.7135261869212555
417.5,29.99447647629255,1.7131648055135336,1.7135173378367625
417.75,29.994643611987193,1.7131589800039506,1.7135085611985041
418.0,29.994810864647576,1.7131533335857148,1.7134998596358788
418.25,29.994978166002596,1.7131478663439452,1.713491235716729
418.5,29.995145448575965,1.713142578291109,1.713482691947134
418.75,29.99531264570213,1.7131374693678987,1.7134742307712094
419.0,29.995479691542357,1.7131325394441266,1.7134658545709063
419.25,29.995646521100888,1.7131277883196352,1.7134575656658195
419.5,29.995813070241137,1.7131232157252259,1.7134493663130028
419.75,29.995979275701846,1.7131188213236033,1.7134412587067924
420.0,29.996145075113137,1.713114604710334,1.7134332449786447
420.25,29.996310407012444,1.7131105654148213,1.7134253271969846
420.5,29.996475210860176,1.7131067029012943,1.7134175073670714
420.75,29.996639427055147,1.713103016569811,1.7134097874308798
421.0,29.996802996949654,1.7130995057572744,1.7134021692670016
421.25,29.996965862864155,1.7130961697384621,1.7133946546905674
421.5,29.997127968101484,1.713093007727068,1.7133872454531902
421.75,29.997289256960578,1.7130900188767564,1.7133799432429353
422.0,29.997449674749564,1.7130872022822259,1.7133727496843154
422.25,29.997609167798284,1.7130845569802868,1.7133656663383139
422.5,29.997767683470045,1.7130820819509467,1.713358694702439
422.75,29.997925170172664,1.7130797761185068,1.7133518362108096
423.0,29.99808157736866,1.713077638352667,1.7133450922342737
423.25,29.99823685558456,1.7130756674696408,1.713338464080565
423.5,29.998390956419318,1.7130738622332775,1.7133319529944946
423.75,29.99854383255163,1.7130722213561929,1.7133255601581838
424.0,29.998695437746278,1.7130707435009065,1.7133192866913374
424.25,29.998845726859308,1.713069427280986,1.7133131336515595
424.5,29.998994655842022,1.7130682712621985,1.713307102034716
424.75,29.999142181743736,1.7130672739636656,1.7133011927753417
425.0,29.999288262713222,1.713066433859026,1.713295406747099
425.25,29.999432857998784,1.713065749377601,1.7132897447632833
425.5,29.999575927946918,1.7130652189055653,1.7132842075773849
425.75,29.999717433999468,1.7130648407871207,1.713278795883702
426.0,29.99985733868924,1.7130646133256735,1.7132735103180106
426.25,29.999995605634,1.7130645347850137,1.7132683514582945
426.5,30.000132199528828,1.7130646033904973,1.713263319825532
426.75,30.000267086136706,1.7130648173302294,1.7132584158845456
427.0,30.000400232277325,1.7130651747562495,1.7132536400449165
427.25,30.00053160581406,1.7130656737857148,1.7132489926619618
427.5,30.000661175639017,1.7130663125020873,1.7132444740377821
427.75,30.00078891165609,1.7130670889563164,1.713240084422375
428.0,30.000914784762024,1.7130680011680246,1.7132358240148224
428.25,30.00103876682535,1.7130690471266872,1.7132316929645488
428.5,30.001160830663174,1.713070224792814,1.7132276913726556
428.75,30.001280950015772,1.713071532099126,1.71322381929333
429.0,30.001399099518867,1.713072966951731,1.713220076735335
429.25,30.00151525504462,1.7130745272321495,1.713216463651141
429.5,30.001629396242315,1.7130762108001036,1.7132129798503892
429.75,30.00174150236388,1.7130780154828837,1.7132096251393547
430.0,30.001851553229336,1.7130799390861986,1.713206399292446
430.25,30.001959529731725,1.7130819793967402,1.713203302035917
430.5,30.002065413830447,1.7130841341829104,1.7132003330484356
430.75,30.002169188544368,1.7130864011955846,1.7131974919616786
431.0,30.002270837944735,1.7130887781689135,1.7131947783609471
431.25,30.002370347147874,1.7130912628211568,1.7131921917858082
431.5,30.002467702307687,1.7130938528555482,1.713189731730755
431.75,30.00256289060792,1.7130965459611907,1.7131873976458902
432.0,30.00265590025425,1.7130993398139773,1.7131851889376273
432.25,30.00274672046616,1.7131022320775375,1.7131831049694106
432.5,30.002835341468565,1.7131052204042028,1.713181145062454
432.75,30.002921754483282,1.7131083024359952,1.7131793084964944
433.0,30.00300595172026,1.7131114758056316,1.7131775945105625
433.25,30.003087926368607,1.7131147381375418,1.7131760023037663
433.5,30.00316767258741,1.7131180870489013,1.7131745310360884
433.75,30.003245185496333,1.7131215201506738,1.713173179829197
434.0,30.00332046116603,1.71312503504866,1.7131719477672658
434.25,30.00339349660833,1.7131286293445536,1.7131708338978062
434.5,30.003464289766203,1.7131323006370012,1.713169837232508
434.75,30.00353283950354,1.7131360465226604,1.7131689567480877
435.0,30.003599145594706,1.7131398645972593,1.7131681913871444
435.25,30.00366320871389,1.7131437524566504,1.713167540059023
435.5,30.003725030424235,1.7131477076978594,1.7131670016406797
435.75,30.003784613166772,1.7131517279201247,1.7131665749775546
436.0,30.003841960249137,1.7131558107259268,1.7131662588844445
436.25,30.003897075834054,1.7131599537220046,1.7131660521463803
436.5,30.00394996492766,1.7131641545203553,1.713165953519503
436.75,30.00400063336756,1.7131684107392178,1.7131659617319408
437.0,30.004049087810714,1.713172720004034,1.7131660754846856
437.25,30.00409533572109,1.7131770799483912,1.7131662934524656
437.5,30.004139385357114,1.7131814882149345,1.7131666142846158
437.75,30.004181245758907,1.7131859424562572,1.7131670366059442
438.0,30.004220926735304,1.713190440335758,1.7131675590175928
438.25,30.00425843885068,1.713194979528468,1.7131681800978913
438.5,30.004293793411538,1.7131995577218435,1.7131688984032043
438.75,30.0043270024529,1.713204172616522,1.7131697124687708
439.0,30.004358078724493,1.7132088219270383,1.7131706208095314
439.25,30.004387035676707,1.7132135033825018,1.7131716219209494
439.5,30.004413887446344,1.7132182147272281,1.7131727142798154
439.75,30.004438648842168,1.7132229537213255,1.7131738963450436
440.0,30.004461335330223,1.713227718141233,1.7131751665584518
440.25,30.004481963018947,1.7132325057802085,1.7131765233455285
440.5,30.00450054864409,1.713237314448763,1.7131779651161825
440.75,30.004517109553376,1.7132421419750405,1.7131794902654771
441.0,30.004531663691008,1.7132469862051398,1.713181097174347
441.25,30.004544229581903,1.7132518450033767,1.713182784210295
441.5,30.00455482631576,1.7132567162524825,1.7131845497280687
441.75,30.0045634735309,1.7132615978537413,1.7131863920703188
442.0,30.004570191397868,1.713266487727056,1.7131883095682328
442.25,30.00457500060285,1.7132713838109486,1.713190300542147
442.5,30.004577922330885,1.7132762840624867,1.713192363302134
442.75,30.00457897824882,1.7132811864571376,1.7131944961485666
443.0,30.0045781904881,1.7132860889885437,1.713196697372653
443.25,30.004575581627307,1.7132909896682234,1.7131989652569473
443.5,30.004571174674712,1.7132958865254166,1.7132012980759261
443.75,30.004564993179944,1.7133007776867646,1.7132036941271678
444.0,30.00455706129286,1.713305661311009,1.7132061517003658
444.25,30.004547403523546,1.7133105355318259,1.7132086690607893
444.5,30.004536044735882,1.7133153985112248,1.7132112444731304
444.75,30.00452301014013,1.7133202484395922,1.7132138762018032
445.0,30.004508325284892,1.7133250835357545,1.7132165625112723
445.25,30.004492016048403,1.7133299020470605,1.7132193016664143
445.5,30.00447410862926,1.7133347022494787,1.713222091932906
445.75,30.004454629536575,1.7133394824477108,1.713224931577643
446.0,30.004433605579596,1.7133442409753186,1.7132278188691807
446.25,30.004411063856853,1.7133489761948644,1.7132307520782009
446.5,30.004387031744802,1.713353686498062,1.7132337294779998
446.75,30.00436153688607,1.713358370305938,1.7132367493449965
447.0,30.004334607177277,1.7133630260690016,1.7132398099592592
447.25,30.00430627075652,1.713367652267422,1.7132429096050492
447.5,30.004276555990476,1.7133722474112107,1.7132460465713784
447.75,30.004245491461244,1.713376810040411,1.713249219152581
448.0,30.00421310595289,1.713381338725287,1.7132524256488963
448.25,30.004179428437755,1.7133858320665187,1.7132556643670611
448.5,30.00414448806259,1.7133902886953944,1.7132589336209088
448.75,30.004108314134452,1.7133947072740043,1.7132622317319766
449.0,30.004070936106526,1.7133990864954316,1.713265557030115
449.25,30.004032383563786,1.7134034250839398,1.7132689078541012
449.5,30.00399268620861,1.7134077217951564,1.7132722825522526
449.75,30.00395187384633,1.7134119754162493,1.7132756794830386
450.0,30.00390997637079,1.7134161847660965,1.713279097015691
450.25,30.003867023749898,1.7134203486954476,1.7132825335308088
450.5,30.00382304601124,1.7134244660870739,1.713285987420957
450.75,30.003778073227807,1.7134285358559092,1.7132894570912567
451.0,30.00373213550376,1.7134325569491753,1.7132929409599662
451.25,30.00368526296045,1.7134365283464963,1.71329643745905
451.5,30.003637485722518,1.7134404490599946,1.713299945034734
451.75,30.003588833904285,1.7134443181343735,1.7133034621480459
452.0,30.003539337596337,1.713448134646979,1.7133069872753388
452.25,30.003489026852403,1.7134518977078435,1.7133105189087952
452.5,30.003437931676558,1.7134556064597086,1.713314055556911
452.75,30.003386082010742,1.713459260078026,1.7133175957449585
453.0,30.003333507722672,1.7134628577709354,1.7133211380154219
453.25,30.003280238594158,1.7134663987792165,1.7133246809284104
453.5,30.003226304309845,1.7134698823762162,1.7133282230620426
453.75,30.003171734446436,1.7134733078677484,1.7133317630128004
454.0,30.003116558462434,1.7134766745919638,1.713335299395853
454.25,30.003060805688374,1.7134799819191915,1.7133388308453479
454.5,30.003004505317676,1.7134832292517486,1.7133423560146661
454.75,30.00294768639807,1.7134864160237155,1.7133458735766423
455.0,30.002890377823643,1.7134895417006804,1.7133493822237458
455.25,30.00283260832758,1.7134926057794455,1.7133528806682223
455.5,30.00277440647558,1.7134956077876984,1.7133563676421928
455.75,30.002715800660013,1.7134985472836435,1.7133598418977092
456.0,30.002656819094828,1.7135014238555974,1.7133633022067658
456.25,30.00259748981126,1.7135042371215397,1.7133667473612624
456.5,30.002537840654373,1.7135069867286243,1.7133701761729188
456.75,30.002477899280436,1.7135096723526475,1.7133735874731388
457.0,30.00241769315522,1.713512293697469,1.7133769801128218
457.25,30.00235724955319,1.7135148504943902,1.7133803529621205
457.5,30.00229659555768,1.7135173425014822,1.713383704910142
457.75,30.002235758062024,1.7135197695028674,1.7133870348645914
458.0,30.002174763771734,1.713522131307949,1.7133903417513567
458.25,30.00211363920772,1.713524427750591,1.713393624514031
458.5,30.002052410710583,1.7135266586882454,1.7133968821133732
458.75,30.00199110444604,1.713528824001023,1.7134001135267019
459.0,30.0019297464115,1.7135309235907124,1.7134033177472257
459.25,30.0018683624438,1.7135329573797393,1.7134064937833018
459.5,30.001806977213594,1.7135349253576122,1.713409640715898
459.75,30.001745613797873,1.7135368276070053,1.7134127577256597
460.0,30.001684296509065,1.7135386641680965,1.7134158439291127
460.25,30.0016230493614,1.7135404351041836,1.713418898464121
460.5,30.001561896025102,1.7135421405035098,1.7134219204923686
460.75,30.00150085982569,1.71354378047902,1.7134249091992757
461.0,30.00143996374299,1.7135453551681012,1.7134278637939135
461.25,30.001379230409896,1.7135468647323098,1.7134307835089264
461.5,30.001318682110902,1.7135483093570831,1.713433667600454
461.75,30.001258340780414,1.713549689251438,1.7134365153480586
462.0,30.00119822800087,1.7135510046476559,1.713439326054651
462.25,30.001138365000678,1.713552255800957,1.7134420990464219
462.5,30.001078772651983,1.713553442989161,1.7134448336727703
462.75,30.001019471468314,1.713554566512337,1.7134475293062372
463.0,30.000960481602075,1.7135556266924434,1.713450185342435
463.25,30.000901822841957,1.7135566238729567,1.7134528011999801
463.5,30.00084351461024,1.7135575584184914,1.713455376320423
463.75,30.000785575960023,1.7135584307144116,1.7134579101681786
464.0,30.000728025572432,1.7135592411664327,1.7134604022304545
464.25,30.00067088175374,1.7135599902002157,1.7134628520171766
464.5,30.00061416243252,1.713560678260957,1.7134652590609143
464.75,30.000557885156763,1.7135613058129662,1.7134676229168018
465.0,30.00050206709103,1.7135618733392441,1.713469943162455
465.25,30.00044672501365,1.71356238134105,1.7134722193978877
465.5,30.00039187531394,1.7135628303374673,1.7134744512454216
465.75,30.00033753398954,1.7135632208649634,1.713476638349592
466.0,30.000283716643796,1.7135635534769469,1.7134787803770493
466.25,30.00023043848329,1.71356382874332,1.7134808770164545
466.5,30.000177714315466,1.7135640472500309,1.71348292797837
466.75,30.000125558546422,1.7135642095986214,1.7134849329951432
467.0,30.000073985178847,1.7135643164057754,1.7134868918207828
467.25,30.000023007810153,1.7135643683028647,1.7134888042308303
467.5,29.9999726396308,1.7135643659354964,1.7134906700222219
467.75,29.999922893422834,1.7135643099630593,1.7134924890131435
468.0,29.99987378155866,1.713564201058272,1.7134942610428774
468.25,29.999825316000074,1.7135640399067313,1.7134959859716383
468.5,29.999777508297566,1.713563827206465,1.7134976636804045
468.75,29.9997303695899,1.7135635636674849,1.7134992940707336
469.0,29.999683910604013,1.713563250011344,1.7135008770645734
469.25,29.999638141655222,1.7135628869706985,1.7135024126040586
469.5,29.9995930726478,1.7135624752888718,1.7135039006512984
469.75,29.99954871307589,1.7135620157194271,1.713505341188153
470.0,29.9995050720248,1.7135615090257412,1.7135067342159955
470.25,29.99946215817271,1.7135609559805884,1.7135080797554663
470.5,29.99941997979278,1.7135603573657288,1.7135093778462096
470.75,29.999378544755682,1.7135597139715038,1.7135106285466015
471.0,29.999337860532613,1.7135590265964415,1.7135118319334601
471.25,29.99929793419874,1.7135582960468683,1.7135129881017461
471.5,29.999258772437162,1.7135575231365312,1.713514097164245
471.75,29.999220381543367,1.713556708686228,1.7135151592512372
472.0,29.999182767430188,1.71355585352345,1.7135161745101517
472.25,29.99914593563334,1.7135549584820333,1.7135171431052034
472.5,29.999109891317488,1.7135540244018224,1.713518065217017
472.75,29.999074639282906,1.713553052128346,1.7135189410422305
473.0,29.99904018397271,1.713552042512505,1.7135197707930843
473.25,29.999006529480738,1.7135509964102738,1.7135205546969925
473.5,29.998973679560013,1.713549914682414,1.7135212929960963
473.75,29.998941637631916,1.7135487981942052,1.7135219859467978
474.0,29.99891040679596,1.7135476478151872,1.7135226338192768
474.25,29.9988799898403,1.7135464644189202,1.7135232368969877
474.5,29.998850389252926,1.7135452488827603,1.7135237954761369
474.75,29.998821607233555,1.7135440020876507,1.71352430986514
475.0,29.998793645706314,1.7135427249179311,1.7135247803840585
475.25,29.998766506333133,1.7135414182611641,1.7135252073640166
475.5,29.99874019052792,1.7135400830079812,1.7135255911465943
475.75,29.99871469851067,1.7135387200285523,1.7135259321094845
476.0,29.99869002951206,1.7135373301830383,1.7135262306633066
476.25,29.998666183388284,1.7135359143570492,1.7135264872057403
476.5,29.998643159679848,1.7135344734345572,1.7135267021454348
476.75,29.998620957610484,1.7135330082976938,1.7135268759019646
477.0,29.998599576090186,1.7135315198266312,1.7135270089056651
477.25,29.998579013718402,1.7135300088994458,1.7135271015974547
477.5,29.998559268787435,1.713528476391968,1.7135271544286426
477.75,29.998540339285988,1.713526923177614,1.713527167860724
478.0,29.998522222902913,1.7135253501272063,1.7135271423651621
478.25,29.998504917031084,1.713523758108779,1.7135270784231584
478.5,29.998488418771448,1.713522147987373,1.7135269765254126
478.75,29.998472724937226,1.7135205206248172,1.7135268371718702
479.0,29.99845783205823,1.7135188768795018,1.7135266608714619
479.25,29.998443736385333,1.7135172176061408,1.7135264481418333
479.5,29.998430433895056,1.713515543655526,1.7135261995090656
479.75,29.998417920294294,1.7135138558742733,1.7135259155073888
480.0,29.998406191025108,1.7135121551045625,1.7135255966788876
480.25,29.998395241269673,1.7135104421838705,1.7135252435732014
480.5,29.998385065955304,1.7135087179447015,1.7135248567472166
480.75,29.99837565975955,1.7135069832143095,1.713524436764756
481.0,29.99836701711541,1.7135052388144216,1.7135239841962617
481.25,29.99835913221661,1.7135034855609563,1.7135234996184756
481.5,29.998351999022933,1.7135017242637414,1.7135229836141155
481.75,29.998345611265645,1.7134999557262314,1.7135224367715491
482.0,29.99833996245295,1.7134981807452259,1.7135218596844666
482.25,29.998335045875507,1.7134964001105877,1.7135212529515513
482.5,29.998330854611982,1.7134946146049654,1.7135206171761501
482.75,29.99832738153464,1.7134928250035173,1.7135199529659433
483.0,29.998324619314968,1.71349103207364,1.7135192609326166
483.25,29.9983225604293,1.7134892365747028,1.7135185416915335
483.5,29.998321197164497,1.7134874392577861,1.7135177958614098
483.75,29.998320521623572,1.7134856408654293,1.713517024063991
484.0,29.998320525731383,1.713483842131383,1.7135162269237336
484.25,29.99832120124026,1.7134820437803728,1.7135154050674897
484.5,29.998322539735657,1.7134802465278716,1.7135145591241967
484.75,29.998324532641778,1.7134784510798813,1.713513689724573
485.0,29.998327171227142,1.7134766581327272,1.7135127975008184
485.25,29.998330446610165,1.713474868372864,1.7135118830863225
485.5,29.998334349764654,1.713473082476695,1.7135109471153802
485.75,29.99833887152528,1.7134713011104057,1.713509990222915
486.0,29.998344002592972,1.7134695249298113,1.7135090130442108
486.25,29.99834973354029,1.7134677545802208,1.713508016214654
486.5,29.998356054816664,1.7134659906963192,1.7135070003694854
486.75,29.998362956753617,1.7134642339020638,1.7135059661435617
487.0,29.998370429569867,1.713462484810603,1.7135049141711298
487.25,29.99837846337636,1.7134607440242122,1.7135038450856128
487.5,29.998387048181176,1.71345901213425,1.7135027595194083
487.75,29.99839617389436,1.7134572897211375,1.7135016581037008
488.0,29.998405830332633,1.713455577354358,1.713500541468287
488.25,29.998416007223973,1.7134538755924809,1.713499410241417
488.5,29.99842669421208,1.7134521849832085,1.7134982650496504
488.75,29.9984378808607,1.7134505060634486,1.713497106517729
489.0,29.998449556657814,1.7134488393594132,1.7134959352684644
489.25,29.998461711019697,1.7134471853867428,1.713494751922646
489.5,29.998474333294784,1.7134455446506591,1.7134935570989636
489.75,29.9984874127674,1.7134439176461462,1.7134923514139515
490.0,29.99850093866133,1.7134423048581604,1.713491135481951
490.25,29.9985149001432,1.7134407067618724,1.7134899099150926
490.5,29.998529286325667,1.7134391238229378,1.7134886753232987
490.75,29.998544086270446,1.7134375564978026,1.7134874323143092
491.0,29.998559288991117,1.7134360052340398,1.7134861814937268
491.25,29.998574883455746,1.7134344704707205,1.7134849234650873
491.5,29.998590858589274,1.713432952638821,1.713483658829952
491.75,29.998607203275725,1.7134314521616636,1.7134823881880241
492.0,29.99862390637131,1.7134299694539354,1.7134811121362237
492.25,29.998640957194155,1.713428504852064,1.7134798312193933
492.5,29.998658344850153,1.7134270586923133,1.713478545990197
492.75,29.998676058209256,1.713425631330544,1.7134772570188577
493.0,29.998694086174343,1.7134242231103838,1.7134759648689581
493.25,29.998712417681066,1.7134228343632982,1.7134746700974792
493.5,29.998731041698015,1.713421465408664,1.713473373254826
493.75,29.998749947227175,1.7134201165538394,1.7134720748848402
494.0,29.99876912330463,1.7134187880942366,1.713470775524807
494.25,29.99878855900158,1.7134174803133906,1.7134694757054465
494.5,29.998808243425557,1.7134161934830299,1.7134681759508998
494.75,29.998828165721932,1.713414927863147,1.7134668767787051
495.0,29.99884831507561,1.7134136837020684,1.7134655786997637
495.25,29.998868680712942,1.7134124612365236,1.7134642822183013
495.5,29.99888925190386,1.7134112606917165,1.7134629878318188
495.75,29.99891001796419,1.713410082281396,1.7134616960310396
496.0,29.9989309682581,1.7134089262079257,1.7134604072998465
496.25,29.998952092200792,1.7134077926623568,1.713459122115218
496.5,29.998973379261265,1.7134066818244993,1.7134578409471544
496.75,29.998994818965247,1.7134055938629957,1.7134565642586026
497.0,29.99901640089825,1.713404528935394,1.7134552925053759
497.25,29.99903811470874,1.7134034871882233,1.7134540261360687
497.5,29.99905995011138,1.7134024687570688,1.7134527655919711
497.75,29.99908189689039,1.7134014737666494,1.7134515113069775
498.0,29.99910394490295,1.7134005023308962,1.7134502637074962
498.25,29.99912608408268,1.713399554553033,1.713449023212355
498.5,29.999148304443153,1.713398630525656,1.7134477902327079
498.75,29.999170596081463,1.7133977303308192,1.7134465651719402
499.0,29.999192949181772,1.7133968540401174,1.713445348425573
499.25,29.999215354018922,1.713396001714775,1.7134441403811704
499.5,29.999237800961975,1.7133951734057329,1.7134429414182464
499.75,29.999260280477795,1.7133943691537417,1.7134417519081724
500.0,29.999282783134557,1.7133935889894532,1.7134405722140897
500.25,29.99930529960523,1.7133928329335175,1.7134394026908222
500.5,29.999327820671002,1.7133921009966802,1.7134382436847937
500.75,29.99935033722463,1.713391393179884,1.7134370955339482
501.0,29.999372840273708,1.7133907094743723,1.7134359585676748
501.25,29.99939532094384,1.7133900498617947,1.713434833106738
501.5,29.999417770481717,1.7133894143143176,1.7134337194632112
501.75,29.99944018025803,1.7133888027947357,1.71343261794042
502.0,29.99946254177032,1.7133882152565885,1.7134315288328872
502.25,29.999484846645597,1.7133876516442779,1.713430452426288
502.5,29.99950708664288,1.7133871118931927,1.7134293889974124
502.75,29.99952925365549,1.7133865959298322,1.713428338814133
503.0,29.999551339713214,1.7133861036719376,1.7134273021353845
503.25,29.999573336984252,1.7133856350286238,1.713426279211151
503.5,29.999595237776926,1.7133851899005186,1.713425270282461
503.75,29.99961703454121,1.7133847681799017,1.7134242755813966
504.0,29.99963871986998,1.7133843697508517,1.7134232953311088
504.25,29.999660286500053,1.7133839944893947,1.7134223297458469
504.5,29.99968172731293,1.7133836422636586,1.7134213790309982
504.75,29.99970303533527,1.7133833129340321,1.7134204433831415
505.0,29.999724203739103,1.7133830063533262,1.7134195229901101
505.25,29.9997452258417,1.7133827223669433,1.7134186180310724
505.5,29.99976609510516,1.713382460813049,1.7134177286766221
505.75,29.99978680513564,1.7133822215227492,1.7134168550888853
506.0,29.999807349682285,1.713382004320273,1.7134159974216416
506.25,29.999827722635757,1.7133818090231607,1.7134151558204604
506.5,29.99984791802645,1.7133816354424558,1.7134143304228537
506.75,29.99986793002227,1.7133814833829033,1.713413521358444
507.0,29.99988775292606,1.7133813526431543,1.713412728749151
507.25,29.999907381172633,1.7133812430159745,1.7134119527093938
507.5,29.999926809325334,1.71338115428846,1.7134111933463125
507.75,29.999946032072216,1.7133810862422574,1.7134104507600076
508.0,29.999965044221774,1.7133810386537915,1.7134097250437987
508.25,29.999983840698185,1.7133810112944983,1.713409016284503
508.5,30.000002416536116,1.7133810039310635,1.7134083245627325
508.75,30.000020766875036,1.7133810163256689,1.713407649953214
509.0,30.000038886953025,1.7133810482362433,1.7134069925251285
509.25,30.0000567721001,1.7133810994167225,1.7134063523424732
509.5,30.000074417730982,1.7133811696173125,1.7134057294644451
509.75,30.000091819337378,1.7133812585847634,1.7134051239458472
510.0,30.000108972479666,1.7133813660626467,1.7134045358375194
510.25,30.000125872778057,1.7133814917916421,1.7134039651867907
510.5,30.000142515989186,1.7133816355087708,1.713403412034314
510.75,30.000158899818203,1.7133817969235925,1.7134028763366325
511.0,30.000175021486754,1.7133819757462507,1.7134023580683593
511.25,30.000190877721437,1.7133821716915896,1.7134018572244412
511.5,30.000206465396758,1.7133823844718625,1.7134013737931961
511.75,30.00022178153425,1.7133826137967572,1.7134009077563581
512.0,30.000236823301577,1.713382859373431,1.7134004590891256
512.25,30.000251588011604,1.713383120906558,1.713400027760217
512.5,30.000266073121427,1.7133833980983817,1.7133996137319287
512.75,30.000280276231422,1.7133836906487798,1.7133992169602004
513.0,30.000294195084248,1.7133839982553352,1.7133988373946822
513.25,30.00030782756383,1.7133843206134154,1.7133984749788085
513.5,30.000321171694324,1.7133846574162603,1.7133981296498735
513.75,30.000334225639058,1.713385008355075,1.7133978013391136
514.0,30.00034698769945,1.7133853731191326,1.713397489971791
514.25,30.000359456313927,1.7133857513958795,1.7133971954672822
514.5,30.00037163005675,1.713386142871049,1.7133969177391701
514.75,30.000383507636933,1.7133865472287808,1.7133966566953382
515.0,30.00039508789701,1.7133869641517425,1.7133964122380694
515.25,30.00040636981189,1.7133873933212596,1.713396184264146
515.5,30.00041735248761,1.7133878344174465,1.7133959726649555
515.75,30.00042803516011,1.7133882871193435,1.713395777326594
516.0,30.00043841719396,1.7133887511050558,1.7133955981299769
516.25,30.000448498081077,1.713389226051897,1.7133954349509493
516.5,30.000458277439424,1.713389711636533,1.7133952876603986
516.75,30.000467755011663,1.71339020753513,1.71339515612437
517.0,30.000476930663783,1.713390713423504,1.713395040204182
517.25,30.00048580438375,1.7133912289772701,1.7133949397565447
517.5,30.00049437628007,1.7133917538719954,1.7133948546336797
517.75,30.000502646580365,1.7133922877833496,1.7133947846834403
518.0,30.000510615629914,1.7133928303872576,1.7133947297494319
518.25,30.00051828389017,1.7133933813600517,1.7133946896711363
518.5,30.00052565193725,1.7133939403786218,1.7133946642840325
518.75,30.000532720460402,1.7133945071205663,1.713394653419722
519.0,30.00053949026045,1.71339508126434,1.7133946569060503
519.25,30.00054596224819,1.7133956624894,1.7133946745672328
519.5,30.000552137442796,1.713396250476352,1.713394706223977
519.75,30.000558016970174,1.7133968449070895,1.7133947516936066
520.0,30.000563602061302,1.7133974454649334,1.7133948107901842
520.25,30.000568894050534,1.7133980518347665,1.713394883324634
520.5,30.000573894373876,1.7133986637031637,1.713394969104863
520.75,30.000578604567252,1.7133992807585197,1.7133950679358827
521.0,30.000583026264735,1.7133999026911688,1.7133951796199267
521.25,30.00058716119673,1.713400529193503,1.7133953039565717
521.5,30.000591011188156,1.713401159960082,1.7133954407428515
521.75,30.000594578156598,1.7134017946877373,1.7133955897733748
522.0,30.000597864110418,1.7134024330756725,1.713395750840436
522.25,30.000600871146837,1.7134030748255522,1.7133959237341287
522.5,30.00060360145001,1.7134037196415886,1.7133961082424534
522.75,30.000606057289055,1.713404367230616,1.7133963041514249
523.0,30.00060824101605,1.7134050173021615,1.7133965112451763
523.25,30.000610155064006,1.713405669568503,1.7133967293060615
523.5,30.00061180194484,1.713406323744721,1.7133969581147521
523.75,30.00061318424725,1.7134069795487412,1.7133971974503348
524.0,30.00061430463464,1.7134076367013655,1.7133974470904028
524.25,30.000615165842962,1.7134082949262945,1.7133977068111454
524.5,30.000615770678547,1.713408953950139,1.7133979763874327
524.75,30.000616122015902,1.7134096135024202,1.7133982555928984
525.0,30.000616222795486,1.713410273315559,1.7133985442000157
525.25,30.000616076021437,1.7134109331248535,1.713398841980173
525.5,30.000615684759303,1.713411592668444,1.713399148703742
525.75,30.00061505213369,1.7134122516872654,1.713399464140143
526.0,30.000614181325933,1.7134129099249882,1.713399788057905
526.25,30.0006130755717,1.7134135671279425,1.713400120224721
526.5,30.00061173815859,1.713414223045032,1.7134004604074993
526.75,30.000610172423666,1.7134148774276325,1.713400808372407
527.0,30.000608381751004,1.7134155300294736,1.7134011638849125
527.25,30.000606369569162,1.7134161806065091,1.7134015267098173
527.5,30.000604139348653,1.7134168289167693,1.7134018966112872
527.75,30.00060169459936,1.7134174747201978,1.713402273352873
528.0,30.00059903886795,1.7134181177784737,1.7134026566975293
528.25,30.000596175735215,1.7134187578548141,1.7134030464076238
528.5,30.00059310881342,1.7134193947137626,1.7134034422449418
528.75,30.000589841754085,1.7134200281327192,1.713403843975519
529.0,30.000586378334447,1.7134206579441238,1.7134042513851786
529.25,30.000582722388355,1.7134212839450038,1.7134046642419167
529.5,30.000578877761733,1.7134219059298457,1.7134050823121478
529.75,30.000574848314873,1.7134225236976663,1.7134055053637611
530.0,30.00057063792274,1.7134231370519768,1.7134059331660925
530.25,30.000566250475124,1.7134237458007486,1.713406365489904
530.5,30.000561689876644,1.7134243497563841,1.7134068021073714
530.75,30.00055696004661,1.7134249487356872,1.7134072427920752
531.0,30.000552064918743,1.7134255425598395,1.7134076873190014
531.25,30.000547008440797,1.7134261310543772,1.7134081354645447
531.5,30.000541794574016,1.713426714049171,1.7134085870065205
531.75,30.00053642729249,1.7134272913784072,1.7134090417241792
532.0,30.000530910582427,1.7134278628805728,1.7134094993982285
532.25,30.000525248441257,1.7134284283984402,1.7134099598108576
532.5,30.00051944487669,1.7134289877790554,1.7134104227457683
532.75,30.00051350390567,1.7134295408737272,1.7134108879882093
533.0,30.0005074295532,1.7134300875380173,1.7134113553250139
533.25,30.00050122585113,1.7134306276317333,1.7134118245446432
533.5,30.000494896836855,1.7134311610189208,1.7134122954372306
533.75,30.000488446551913,1.7134316875678581,1.7134127677946307
534.0,30.000481879040553,1.7134322071510522,1.7134132414104712
534.25,30.00047519834822,1.713432719645233,1.7134137160802065
534.5,30.00046840851999,1.7134332249313513,1.7134141916011747
534.75,30.000461513598957,1.713433722894575,1.7134146677726556
535.0,30.00045451762457,1.713434213424287,1.7134151443959316
535.25,30.000447424630938,1.7134346964140823,1.7134156212743488
535.5,30.000440238645098,1.7134351717617653,1.7134160982133808
535.75,30.00043296368526,1.7134356393693486,1.7134165750206924
536.0,30.000425603759016,1.7134360991430486,1.7134170515062042
536.25,30.000418162861564,1.7134365509932838,1.7134175274821581
536.5,30.000410644973883,1.7134369948346704,1.7134180027631827
536.75,30.00040305406092,1.7134374305860176,1.7134184771663576
537.0,30.000395394069812,1.7134378581703236,1.7134189505112796
537.25,30.000387668928038,1.7134382775147687,1.7134194226201258
537.5,30.000379882541658,1.713438688550709,1.7134198933177174
537.75,30.000372038793536,1.713439091213666,1.7134203624315805
538.0,30.00036414154158,1.71343948544332,1.7134208297920086
538.25,30.000356194617034,1.713439871183496,1.7134212952321197
538.5,30.00034820182278,1.7134402483821518,1.7134217585879135
538.75,30.00034016693171,1.7134406169913636,1.7134222196983258
539.0,30.00033209368511,1.7134409769673093,1.7134226784052808
539.25,30.000323985791123,1.713441328270249,1.7134231345537392
539.5,30.00031584692327,1.7134416708645037,1.7134235879917445
539.75,30.000307680719008,1.7134420047184338,1.7134240385704655
540.0,30.000299490778374,1.713442329804411,1.7134244861442356
540.25,30.000291280662715,1.713442646098791,1.7134249305705858
540.5,30.00028305389348,1.713442953581882,1.7134253717102776
540.75,30.000274813951105,1.7134432522379095,1.7134258094273283
541.0,30.000266564273986,1.7134435420549798,1.713426243589031
541.25,30.000258308257553,1.7134438230250393,1.7134266740659736
541.5,30.00025004925346,1.7134440951438297,1.7134271007320472
541.75,30.000241790568836,1.7134443584108412,1.7134275234644534
542.0,30.00023353546572,1.7134446128292613,1.7134279421437029
542.25,30.00022528716056,1.7134448584059192,1.71342835665361
542.5,30.000217048823863,1.713445095151227,1.7134287668812778
542.75,30.000208823579968,1.7134453230791173,1.7134291727170812
543.0,30.00020061450695,1.713445542206975,1.713429574054638
543.25,30.000192424636705,1.7134457525555662,1.713429970790776
543.5,30.000184256955105,1.713445954148962,1.7134303628254932
543.75,30.000176114402397,1.713446147014457,1.713430750061906
544.0,30.000167999873707,1.7134463311824857,1.7134311324061942
544.25,30.000159916219705,1.7134465066865285,1.7134315097675352
544.5,30.000151866247478,1.7134466735630194,1.71343188205803
544.75,30.00014385272155,1.713446831851243,1.7134322491926202
545.0,30.000135878365093,1.7134469815932294,1.7134326110889961
545.25,30.000127945861323,1.7134471228336412,1.713432967667496
545.5,30.000120057855103,1.7134472556196574,1.7134333188509943
545.75,30.00011221695472,1.7134473800008494,1.7134336645647812
546.0,30.000104425733888,1.7134474960290516,1.7134340047364314
546.25,30.000096686733958,1.713447603758227,1.7134343392956624
546.5,30.000089002466332,1.7134477032443243,1.713434668174182
546.75,30.00008137541512,1.713447794545132,1.7134349913055253
547.0,30.000073808039996,1.7134478777201219,1.7134353086248792
547.25,30.000066302779317,1.7134479528302893,1.7134356200688967
547.5,30.000058862053457,1.7134480199379853,1.7134359255754985
547.75,30.000051488268397,1.7134480791067408,1.7134362250836626
548.0,30.000044183819572,1.7134481304010858,1.7134365185332012
548.25,30.000036951095954,1.71344817388636,1.7134368058645264
548.5,30.000029792435818,1.7134482096298191,1.7134370870207785
548.75,30.000022709031168,1.7134482377312898,1.7134373620019971
549.0,30.00001570241257,1.7134482582850714,1.7134376307932244
549.25,30.00000877446222,1.7134482713764156,1.7134378933624665
549.5,30.00000192700464,1.7134482770920156,1.713438149680507
549.75,29.999995161807096,1.7134482755200202,1.7134383997208964
550.0,29.999988480580047,1.7134482667500421,1.7134386434599411
550.25,29.999981884977515,1.7134482508731619,1.7134388808766896
550.5,29.999975376597508,1.7134482279819274,1.7134391119529169
550.75,29.999968956982382,1.7134481981703482,1.7134393366731087
551.0,29.99996262761922,1.7134481615338848,1.7134395550244428
551.25,29.999956389940195,1.7134481181694354,1.7134397669967691
551.5,29.99995024532293,1.713448068175317,1.7134399725825884
551.75,29.999944195090826,1.7134480116512434,1.7134401717770296
552.0,29.999938240513416,1.7134479486982985,1.7134403645778258
552.25,29.999932382806698,1.713447879418908,1.7134405509852888
552.5,29.999926623133444,1.7134478039168057,1.7134407310022826
552.75,29.999920962603543,1.7134477222969968,1.7134409046341943
553.0,29.999915402274304,1.7134476346657193,1.7134410718889062
553.25,29.999909943150776,1.713447541130402,1.713441232776765
553.5,29.99990458618606,1.713447441799619,1.7134413873105498
553.75,29.999899332281622,1.713447336783043,1.713441535505441
554.0,29.99989418228759,1.7134472261913947,1.713441677378985
554.25,29.999889137003084,1.713447110136391,1.7134418129510605
554.5,29.99988419717651,1.7134469887306922,1.7134419422438436
554.75,29.99987936350587,1.7134468620878442,1.7134420652817706
555.0,29.999874636639092,1.7134467303222225,1.7134421820915013
555.25,29.999870017174334,1.7134465935489722,1.7134422927018815
555.5,29.999865505660306,1.7134464518839485,1.7134423971439032
555.75,29.999861102596597,1.7134463054436542,1.7134424954506666
556.0,29.999856808434014,1.7134461543451776,1.7134425876573391
556.25,29.999852623574906,1.713445998706129,1.7134426738011155
556.5,29.999848548373517,1.713445838644577,1.7134427539211763
556.75,29.99984458313633,1.7134456742789839,1.7134428280586462
557.0,29.99984072812244,1.71344550572814,1.7134428962565529
557.25,29.99983698354392,1.7134453331111001,1.7134429585597828
557.5,29.99983334956618,1.7134451565471178,1.71344301501504
557.75,29.999829826308407,1.7134449761555808,1.7134430656708024
558.0,29.999826413843913,1.7134447920559461,1.7134431105772778
558.25,29.999823112200588,1.7134446043676776,1.7134431497863614
558.5,29.999819921361308,1.713444413210182,1.7134431833515906
558.75,29.999816841264398,1.7134442187027468,1.7134432113281028
559.0,29.999813871804072,1.7134440209644792,1.7134432337725896
559.25,29.999811012830914,1.7134438201142466,1.7134432507432538
559.5,29.999808264152367,1.713443616270618,1.713443262299765
559.75,29.99980562553325,1.713443409551807,1.7134432685032162
560.0,29.999803096696258,1.713443200075617,1.713443269416079
560.25,29.999800677322543,1.7134429879593882,1.7134432651021605
560.5,29.999798367052247,1.7134427733199453,1.7134432556265597
560.75,29.9997961654851,1.713442556273551,1.7134432410556242
561.0,29.999794072181025,1.7134423369358573,1.713443221456907
561.25,29.99979208666077,1.7134421154218635,1.7134431968991244
561.5,29.999790208406544,1.7134418918458745,1.7134431674521131
561.75,29.999788436862712,1.7134416663214627,1.7134431331867892
562.0,29.999786771436476,1.713441438961434,1.7134430941751058
562.25,29.999785211498605,1.7134412098777954,1.7134430504900127
562.5,29.99978375638419,1.7134409791817276,1.713443002205417
562.75,29.999782405393415,1.7134407469835595,1.7134429493961423
563.0,29.999781157792363,1.7134405133927497,1.7134428921378897
563.25,29.999780012813844,1.7134402785178675,1.713442830507201
563.5,29.999778969658266,1.7134400424665825,1.7134427645814194
563.75,29.999778027494518,1.7134398053456554,1.7134426944386545
564.0,29.999777185460896,1.7134395672609344,1.7134426201577448
564.25,29.999776442666057,1.7134393283173572,1.7134425418182249
564.5,29.999775798190008,1.7134390886189557,1.7134424595002893
564.75,29.999775251085115,1.7134388482688685,1.7134423732847606
565.0,29.99977480037716,1.7134386073693557,1.7134422832530583
565.25,29.999774445066446,1.7134383660218215,1.7134421894871659
565.5,29.999774184128892,1.7134381243268404,1.7134420920696034
565.75,29.99977401651721,1.7134378823841907,1.7134419910833976
566.0,29.999773941162097,1.713437640292893,1.7134418866120542
566.25,29.999773956973467,1.7134373981512552,1.713441778739534
566.5,29.99977406284173,1.7134371560569228,1.7134416675502253
566.75,29.9997742576391,1.713436914106937,1.7134415531289233
567.0,29.999774540220947,1.713436672397798,1.7134414355608059
567.25,29.999774909427185,1.7134364310255368,1.7134413149314152
567.5,29.999775364083725,1.7134361900857915,1.7134411913266367
567.75,29.999775903003925,1.713435949673893,1.7134410648326839
568.0,29.999776524990146,1.7134357098849564,1.7134409355360805
568.25,29.99977722883528,1.713435470813981,1.713440803523648
568.5,29.99977801332439,1.7134352325559565,1.7134406688824917
568.75,29.99977887723635,1.7134349952059789,1.7134405316999912
569.0,29.99977981934554,1.7134347588593717,1.7134403920637913
569.25,29.999780838368114,1.7134345236013513,1.7134402500592278
569.5,29.999781932771548,1.7134342894776002,1.71344010576339
569.75,29.999783101142288,1.7134340565645505,1.7134399592625404
570.0,29.999784342085345,1.7134338249415257,1.713439810643531
570.25,29.99978565420167,1.7134335946861325,1.7134396599926003
570.5,29.99978703608777,1.7134333658742797,1.713439507395401
570.75,29.999788486335362,1.7134331385801977,1.713439352937019
571.0,29.999790003531103,1.7134329128764572,1.7134391967019915
571.25,29.9997915862564,1.713432688833984,1.7134390387743224
571.5,29.999793233087267,1.7134324665220755,1.713438879237493
571.75,29.99979494259425,1.7134322460084128,1.713438718174472
572.0,29.999796713342402,1.7134320273590748,1.7134385556677199
572.25,29.999798543891355,1.7134318106385473,1.7134383917991942
572.5,29.999800432795386,1.7134315959097344,1.7134382266503487
572.75,29.999802378603587,1.7134313832339672,1.7134380603021329
573.0,29.999804379860056,1.7134311726710107,1.7134378928349874
573.25,29.99980643510415,1.7134309642790724,1.7134377243288383
573.5,29.999808542870785,1.7134307581148067,1.7134375548630882
573.75,29.999810701690755,1.713430554233321,1.7134373845166069
574.0,29.99981291009114,1.71343035268818,1.7134372133677187
574.25,29.999815166595695,1.713430153531409,1.7134370414941886
574.5,29.99981746972532,1.7134299568134965,1.7134368689732073
574.75,29.99981981799854,1.7134297625833987,1.7134366958813732
575.0,29.999822209932034,1.7134295708885383,1.713436522294675
575.25,29.999824644041173,1.7134293817748085,1.7134363482884716
575.5,29.999827118840603,1.7134291952865726,1.7134361739374713
575.75,29.999829632844843,1.7134290114666648,1.7134359993157091
576.0,29.999832184568906,1.7134288303563907,1.7134358244965249
576.25,29.999834772528946,1.7134286519955275,1.713435649552539
576.5,29.99983739524291,1.7134284764223235,1.7134354745556277
576.75,29.99984005123122,1.7134283036734983,1.7134352995768982
577.0,29.999842739017467,1.713428133784242,1.713435124686663
577.25,29.999845457129094,1.7134279667882155,1.713434949954414
577.5,29.99984820409812,1.7134278027175498,1.7134347754487957
577.75,29.999850978461836,1.7134276416028464,1.7134346012375792
578.0,29.99985377876354,1.7134274834731769,1.7134344273876354
578.25,29.99985660355324,1.7134273283560832,1.7134342539649092
578.5,29.99985945138838,1.7134271762775795,1.7134340810343918
578.75,29.99986232083455,1.713427027262151,1.7134339086600963
579.0,29.99986521046619,1.7134268813327578,1.713433736905031
579.25,29.9998681188673,1.713426738510835,1.7134335658311746
579.5,29.99987104463212,1.7134265988162962,1.713433395499452
579.75,29.999873986365802,1.7134264622675357,1.713433225969711
580.0,29.999876942685084,1.7134263288814329,1.7134330573006977
580.25,29.99987991221893,1.713426198673357,1.7134328895500368
580.5,29.999882893609144,1.7134260716571716,1.7134327227742094
580.75,29.99988588551098,1.7134259478452407,1.7134325570285338
581.0,29.99988888659372,1.7134258272484368,1.7134323923671473
581.25,29.999891895541225,1.7134257098761474,1.7134322288429893
581.5,29.999894911052444,1.7134255957362854,1.7134320665077858
581.75,29.999897931841918,1.713425484835298,1.713431905412036
582.0,29.999900956640236,1.7134253771781793,1.7134317456050001
582.25,29.999903984194443,1.7134252727684811,1.71343158713469
582.5,29.99990701326842,1.7134251716083277,1.7134314300478595
582.75,29.999910042643247,1.7134250736984313,1.7134312743900009
583.0,29.999913071117472,1.7134249790381078,1.713431120205339
583.25,29.99991609750738,1.713424887625294,1.7134309675368307
583.5,29.999919120647192,1.7134247994565686,1.713430816426167
583.75,29.99992213938921,1.7134247145271726,1.713430666913774
584.0,29.999925152603932,1.7134246328310312,1.7134305190388224
584.25,29.99992815918009,1.713424554360779,1.7134303728392342
584.5,29.999931158024637,1.7134244791077855,1.7134302283516956
584.75,29.999934148062678,1.7134244070621834,1.713430085611672
585.0,29.999937128237345,1.7134243382128982,1.7134299446534258
585.25,29.99994009750958,1.71342427254768,1.7134298055100383
585.5,29.999943054857894,1.7134242100531365,1.713429668213434
585.75,29.999945999278015,1.71342415071477,1.7134295327944087
586.0,29.9999489297825,1.713424094517014,1.7134293992826612
586.25,29.99995184540025,1.7134240414432742,1.71342926770683
586.5,29.99995474517595,1.7134239914759701,1.7134291380945303
586.75,29.999957628169444,1.71342394459658,1.7134290104723993
587.0,29.999960493455028,1.7134239007856877,1.7134288848661423
587.25,29.999963340120647,1.7134238600230316,1.7134287613005843
587.5,29.99996616726701,1.7134238222875573,1.7134286397997256
587.75,29.999968974006634,1.7134237875574712,1.713428520386802
588.0,29.999971759462774,1.7134237558102976,1.7134284030843494
588.25,29.99997452276828,1.7134237270229389,1.7134282879142722
588.5,29.999977263064345,1.7134237011717368,1.7134281748979177
588.75,29.999979979499166,1.713423678232539,1.7134280640561548
589.0,29.99998267122651,1.7134236581807651,1.7134279554094574
589.25,29.999985337404144,1.7134236409914796,1.713427848977993
589.5,29.999987977192227,1.7134236266394642,1.7134277447817163
589.75,29.999990589751523,1.7134236150992952,1.7134276428404691
590.0,29.999993174241553,1.7134236063454231,1.7134275431740837
590.25,29.999995729818615,1.7134236003522567,1.7134274458024938
590.5,29.99999825563371,1.713423597094248,1.7134273507458497
590.75,30.000000750830317,1.713423596545982,1.7134272580246395
591.0,30.000003214885698,1.713423598673133,1.7134271676430266
591.25,30.000005647766525,1.7134236034265196,1.7134270795804432
591.5,30.000008048892948,1.7134236107701974,1.7134269938424525
591.75,30.00001041768732,1.7134236206684612,1.7134269104346425
592.0,30.000012753592795,1.7134236330853445,1.7134268293617148
592.25,30.00001505607317,1.7134236479846008,1.7134267506274816
592.5,30.000017324612745,1.7134236653296844,1.7134266742348634
592.75,30.000019558716204,1.7134236850837354,1.7134266001858858
593.0,30.00002175790844,1.7134237072095664,1.7134265284816796
593.25,30.00002392173445,1.713423731669651,1.7134264591224815
593.5,30.000026049759178,1.7134237584261165,1.7134263921076351
593.75,30.00002814156737,1.713423787440737,1.7134263274355934
594.0,30.000030196763444,1.7134238186749298,1.7134262651039227
594.25,30.00003221497135,1.7134238520897525,1.7134262051093057
594.5,30.000034195834413,1.7134238876459045,1.713426147447548
594.75,30.000036139015208,1.7134239253037271,1.7134260921135844
595.0,30.00003804419541,1.7134239650232088,1.7134260391014842
595.25,30.000039911075646,1.7134240067639908,1.7134259884044605
595.5,30.00004173937536,1.7134240504853724,1.7134259400148786
595.75,30.000043528832656,1.7134240961463225,1.7134258939242648
596.0,30.000045279204155,1.713424143705488,1.7134258501233166
596.25,30.000046990264853,1.7134241931212069,1.7134258086019138
596.5,30.000048661807963,1.7134242443515202,1.7134257693491295
596.75,30.000050293644765,1.7134242973541878,1.7134257323532425
597.0,30.000051885604464,1.713424352086704,1.7134256976017495
597.25,30.00005343753402,1.7134244085063137,1.7134256650813788
597.5,30.000054949298,1.7134244665700313,1.7134256347781038
597.75,30.00005642077842,1.7134245262346592,1.7134256066771574
598.0,30.00005785187459,1.713424587456808,1.7134255807630465
598.25,30.00005924250294,1.7134246501929167,1.7134255570195678
598.5,30.000060592596867,1.7134247143992758,1.7134255354298225
598.75,30.000061902106566,1.7134247800320477,1.713425515976233
599.0,30.00006317099886,1.7134248470472908,1.7134254986405597
599.25,30.000064399257035,1.7134249154009829,1.7134254834039164
599.5,30.000065586880655,1.713424985049044,1.7134254702467884
599.75,30.000066733885397,1.713425055947362,1.7134254591490496
600.0,30.000067840302876,1.713425128051817,1.7134254500899793
600.25,30.00006890618045,1.7134252013183047,1.7134254430482811
600.5,30.000069931581034,1.7134252757027635,1.7134254380021
600.75,30.000070916582942,1.7134253511611983,1.7134254349290403
601.0,30.000071861279665,1.713425427649706,1.7134254338061845
601.25,30.000072765779684,1.7134255051245004,1.713425434610111
601.5,30.000073630206288,1.7134255835419365,1.7134254373169124
601.75,30.000074454697362,1.713425662858537,1.7134254419022146
602.0,30.000075239405184,1.7134257430310138,1.7134254483411937
602.25,30.000075984496224,1.7134258240162947,1.7134254566085956
602.5,30.000076690150923,1.7134259057715455,1.7134254666787538
602.75,30.000077356563487,1.7134259882541931,1.7134254785256073
603.0,30.000077983941672,1.7134260714219476,1.7134254921227188
603.25,30.000078572506546,1.7134261552328252,1.713425507443293
603.5,30.000079122492284,1.7134262396451678,1.7134255244601928
603.75,30.000079634145923,1.713426324617664,1.7134255431459586
604.0,30.00008010772712,1.7134264101093672,1.7134255634728248
604.25,30.000080543507938,1.7134264960797152,1.7134255854127358
604.5,30.000080941772584,1.7134265824885462,1.713425608937364
604.75,30.000081302817165,1.7134266692961158,1.713425634018125
605.0,30.000081626949427,1.71342675646311,1.7134256606261946
605.25,30.000081914488522,1.7134268439506608,1.713425688732523
605.5,30.000082165764717,1.7134269317203572,1.713425718307851
605.75,30.00008238111915,1.7134270197342552,1.7134257493227236
606.0,30.000082560903532,1.7134271079548882,1.7134257817475051
606.25,30.000082705479908,1.713427196345274,1.7134258155523925
606.5,30.00008281522033,1.7134272848689205,1.7134258507074274
606.75,30.000082890506608,1.713427373489829,1.7134258871825105
607.0,30.000082931729988,1.7134274621724985,1.7134259249474115
607.25,30.000082939290877,1.713427550881924,1.7134259639717813
607.5,30.000082913598515,1.713427639583596,1.7134260042251628
607.75,30.000082855070687,1.7134277282434955,1.7134260456769994
608.0,30.000082764133392,1.7134278168280903,1.713426088296646
608.25,30.000082641220526,1.7134279053043244,1.713426132053376
608.5,30.00008248677356,1.7134279936396093,1.7134261769163883
608.75,30.0000823012412,1.713428081801811,1.7134262228548163
609.0,30.000082085079043,1.7134281697592344,1.7134262698377312
609.25,30.000081838749242,1.7134282574806052,1.7134263178341484
609.5,30.000081562720148,1.713428344935051,1.7134263668130318
609.75,30.000081257465947,1.7134284320920765,1.7134264167432958
610.0,30.000080923466303,1.7134285189215395,1.7134264675938076
610.25,30.000080561205973,1.7134286053936205,1.7134265193333895
610.5,30.000080171174442,1.7134286914787928,1.7134265719308177
610.75,30.00007975386553,1.7134287771477874,1.713426625354822
611.0,30.000079309777004,1.713428862371555,1.7134266795740833
611.25,30.00007883941016,1.713428947121226,1.7134267345572307
611.5,30.000078343269443,1.7134290313680662,1.7134267902728368
611.75,30.00007782186202,1.7134291150834302,1.713426846689413
612.0,30.00007727569735,1.7134291982387095,1.7134269037754006
612.25,30.000076705286766,1.7134292808052805,1.713426961499166
612.5,30.000076111143038,1.713429362754445,1.7134270198289883
612.75,30.000075493779928,1.7134294440573703,1.7134270787330506
613.0,30.000074853711727,1.7134295246850244,1.7134271381794268
613.25,30.00007419145281,1.7134296046081066,1.7134271981360694
613.5,30.00007350751717,1.7134296837969758,1.7134272585707937
613.75,30.00007280241791,1.7134297622215746,1.7134273194512626
614.0,30.000072076666818,1.7134298398513481,1.713427380744968
614.25,30.00007133077467,1.7134299166557159,1.713427442419427
614.5,30.00007056531058,1.7134299926353864,1.7134275044538663
614.75,30.000069780865303,1.7134300677853904,1.7134275668241943
615.0,30.000068978006517,1.7134301420855393,1.713427629500427
615.25,30.000068157297285,1.7134302155162804,1.713427692453033
615.5,30.000067319296424,1.71343028805869,1.7134277556529172
615.75,30.000066464558852,1.7134303596944689,1.7134278190714054
616.0,30.000065593635906,1.713430430405936,1.7134278826802298
616.25,30.00006470707562,1.7134305001760244,1.7134279464515176
616.5,30.00006380542297,1.7134305689882752,1.7134280103577781
616.75,30.0000628892201,1.7134306368268322,1.7134280743718926
617.0,30.000061959006523,1.7134307036764387,1.7134281384671055
617.25,30.000061015319282,1.7134307695224302,1.7134282026170156
617.5,30.000060058693087,1.713430834350732,1.7134282667955691
617.75,30.00005908966043,1.7134308981478537,1.7134283309770526
618.0,30.000058108751688,1.7134309609008833,1.7134283951360887
618.25,30.00005711649517,1.7134310225974856,1.713428459247631
618.5,30.000056113417187,1.7134310832258952,1.7134285232869604
618.75,30.00005510004205,1.7134311427749134,1.7134285872296824
619.0,30.000054076892084,1.7134312012339037,1.7134286510517256
619.25,30.000053044487608,1.7134312585927878,1.71342871472934
619.5,30.000052003346894,1.7134313148420406,1.7134287782390971
619.75,30.00005095398613,1.7134313699726877,1.7134288415578889
620.0,30.000049896919307,1.7134314239762993,1.7134289046629307
620.25,30.000048832658184,1.7134314768449879,1.7134289675317604
620.5,30.00004776171214,1.7134315285714028,1.7134290301422428
620.75,30.000046684588067,1.7134315791487271,1.71342909247257
621.0,30.000045601790255,1.7134316285706732,1.713429154501266
621.25,30.000044513820225,1.713431676831479,1.7134292162071907
621.5,30.000043421176585,1.7134317239259034,1.7134292775695414
621.75,30.000042324354858,1.713431769849223,1.7134293385678607
622.0,30.00004122384731,1.7134318145972276,1.7134293991820384
622.25,30.000040120142753,1.7134318581662156,1.7134294593923176
622.5,30.000039013726354,1.7134319005529912,1.713429519179301
622.75,30.000037905079452,1.713431941754859,1.713429578523955
623.0,30.000036794679318,1.7134319817696204,1.7134296374076166
623.25,30.000035682998963,1.7134320205955695,1.7134296958119988
623.5,30.00003457050692,1.7134320582314881,1.7134297537191971
623.75,30.000033457667012,1.7134320946766421,1.7134298111116961
624.0,30.00003234493814,1.7134321299307766,1.7134298679723747
624.25,30.00003123277405,1.713432163994112,1.713429924284514
624.5,30.000030121623105,1.7134321968673383,1.7134299800318018
624.75,30.000029011928067,1.7134322285516115,1.7134300351983414
625.0,30.00002790412586,1.7134322590485485,1.713430089768655
625.25,30.000026798647365,1.7134322883602222,1.713430143727692
625.5,30.00002569591718,1.7134323164891563,1.7134301970608343
625.75,30.00002459635341,1.7134323434383207,1.7134302497539016
626.0,30.000023500367455,1.713432369211126,1.7134303017931574
626.25,30.000022408363815,1.7134323938114178,1.7134303531653141
626.5,30.000021320739872,1.7134324172434723,1.7134304038575388
626.75,30.000020237885707,1.71343243951199,1.7134304538574565
627.0,30.000019160183907,1.7134324606220894,1.7134305031531556
627.25,30.00001808800941,1.7134324805793026,1.713430551733191
627.5,30.000017021729313,1.713432499389568,1.7134305995865882
627.75,30.00001596170274,1.7134325170592244,1.713430646702846
628.0,30.000014908280686,1.7134325335950051,1.7134306930719385
628.25,30.000013861805904,1.7134325490040305,1.713430738684318
628.5,30.000012822612764,1.7134325632938026,1.713430783530915
628.75,30.00001179102718,1.7134325764721963,1.7134308276031398
629.0,30.000010767366504,1.7134325885474544,1.7134308708928823
629.25,30.000009751939473,1.7134325995281787,1.713430913392511
629.5,30.00000874504614,1.7134326094233228,1.713430955094872
629.75,30.000007746977865,1.713432618242185,1.713430995993287
630.0,30.00000675801728,1.7134326259943997,1.7134310360815488
630.25,30.0000057784383,1.7134326326899294,1.7134310753539193
630.5,30.000004808506162,1.7134326383390563,1.713431113805124
630.75,30.000003848477462,1.713432642952374,1.7134311514303457
631.0,30.000002898600236,1.7134326465407776,1.713431188225219
631.25,30.000001959114048,1.7134326491154561,1.7134312241858218
631.5,30.000001030250118,1.7134326506878814,1.7134312593086674
631.75,30.00000011223146,1.7134326512697997,1.713431293590694
632.0,29.999999205273074,1.713432650873221,1.7134313270292545
632.25,29.999998309582118,1.7134326495104093,1.713431359622104
632.5,29.99999742535816,1.713432647193872,1.7134313913673875
632.75,29.999996552793426,1.7134326439363485,1.7134314222636247
633.0,29.999995692073092,1.7134326397508004,1.7134314523096947
633.25,29.999994843375603,1.713432634650399,1.7134314815048195
633.5,29.999994006873024,1.7134326286485135,1.7134315098485453
633.75,29.999993182731412,1.7134326217587001,1.7134315373407232
634.0,29.99999237111126,1.713432613994689,1.7134315639814879
634.25,29.99999157216793,1.7134326053703712,1.713431589771236
634.5,29.99999078605214,1.713432595899787,1.7134316147106017
634.75,29.99999001291051,1.7134325855971106,1.7134316388004311
635.0,29.999989252886092,1.713432574476639,1.7134316620417565
635.25,29.999988506119003,1.7134325625527749,1.7134316844357664
635.5,29.999987772747044,1.7134325498400156,1.7134317059837765
635.75,29.99998705290639,1.7134325363529355,1.7134317266871975
636.0,29.999986346732303,1.7134325221061726,1.7134317465475017
636.25,29.99998565435991,1.7134325071144125,1.7134317655661886
636.5,29.999984975924985,1.7134324913923724,1.7134317837447464
636.75,29.99998431156483,1.7134324749547851,1.713431801084615
637.0,29.999983661419147,1.7134324578163818,1.7134318175871441
637.25,29.99998302563098,1.7134324399918759,1.713431833253552
637.5,29.999982404347712,1.7134324214959449,1.7134318480848805
637.75,29.9999817977221,1.7134324023432126,1.7134318620819484
638.0,29.99998120591334,1.7134323825482307,1.7134318752453044
638.25,29.999980629088228,1.7134323621254601,1.7134318875751755
638.5,29.99998006742231,1.7134323410892522,1.7134318990714157
638.75,29.999979521101146,1.7134323194538288,1.7134319097334514
639.0,29.99997898997847,1.7134322972359357,1.7134319195741194
639.25,29.99997847372185,1.7134322744548258,1.7134319286142656
639.5,29.99997797234672,1.7134322511275004,1.7134319368608513
639.75,29.9999774858651,1.7134322272707625,1.7134319443208759
640.0,29.999977014284514,1.7134322029012377,1.7134319510014275
640.25,29.99997655760789,1.7134321780353898,1.7134319569096925
640.5,29.999976115833462,1.713432152689534,1.7134319620529654
640.75,29.999975688954667,1.7134321268798496,1.7134319664386577
641.0,29.999975276960086,1.7134321006223905,1.713431970074306
641.25,29.999974879833374,1.713432073933097,1.7134319729675789
641.5,29.99997449755319,1.7134320468278041,1.7134319751262832
641.75,29.999974130093165,1.71343201932225,1.7134319765583692
642.0,29.999973777421868,1.7134319914320844,1.713431977271936
642.25,29.999973439502767,1.7134319631728738,1.7134319772752342
642.5,29.99997311629422,1.7134319345601081,1.7134319765766703
642.75,29.999972807749476,1.7134319056092056,1.7134319751848086
643.0,29.99997251381665,1.7134318763355159,1.7134319731083725
643.25,29.99997223443876,1.7134318467543244,1.7134319703562466
643.5,29.999971969553734,1.7134318168808536,1.713431966937476
643.75,29.999971719094425,1.7134317867302662,1.7134319628612673
644.0,29.99997148298866,1.7134317563176644,1.7134319581369868
644.25,29.999971261159267,1.713431725658092,1.7134319527741595
644.5,29.999971053524142,1.7134316947665327,1.7134319467824677
644.75,29.99997085999628,1.7134316636579099,1.7134319401717482
645.0,29.99997068048385,1.7134316323470853,1.7134319329519887
645.25,29.999970514890258,1.713431600848856,1.7134319251333257
645.5,29.999970363114215,1.7134315691779525,1.7134319167260397
645.75,29.999970225049836,1.7134315373490363,1.7134319077405513
646.0,29.999970100586697,1.7134315053766946,1.7134318981874161
646.25,29.99996998960994,1.7134314732754377,1.7134318880773203
646.5,29.999969892000365,1.713431441059694,1.7134318774210746
646.75,29.99996980763453,1.7134314087438054,1.7134318662296086
647.0,29.999969736384845,1.7134313763420217,1.7134318545139646
647.25,29.999969678119694,1.7134313438684954,1.7134318422852917
647.5,29.999969632703536,1.713431311337276,1.713431829554838
647.75,29.999969599997016,1.7134312787623036,1.7134318163339453
648.0,29.999969579857094,1.7134312461574028,1.7134318026340403
648.25,29.999969572137157,1.7134312135362764,1.7134317884666281
648.5,29.999969576687146,1.7134311809124976,1.713431773843285
648.75,29.999969593353676,1.7134311482995044,1.7134317587756493
649.0,29.999969621980167,1.7134311157105924,1.7134317432754156
649.25,29.999969662406976,1.7134310831589066,1.7134317273543251
649.5,29.999969714471522,1.7134310506574357,1.7134317110241586
649.75,29.99996977800843,1.713431018219004,1.7134316942967274
650.0,29.99996985284964,1.7134309858562644,1.7134316771838665
650.25,29.999969938824574,1.713430953581691,1.7134316596974255
650.5,29.999970035760235,1.7134309214075725,1.713431641849261
650.75,29.999970143481367,1.7134308893460046,1.7134316236512275
651.0,29.999970261810578,1.7134308574088835,1.713431605115171
651.25,29.99997039056848,1.713430825607898,1.7134315862529192
651.5,29.999970529573805,1.713430793954525,1.7134315670762754
651.75,29.999970678643564,1.7134307624600207,1.7134315475970094
652.0,29.99997083759316,1.713430731135415,1.71343152782685
652.25,29.999971006236514,1.713430699991507,1.7134315077774784
652.5,29.999971184386204,1.713430669038857,1.7134314874605205
652.75,29.999971371853583,1.7134306382877829,1.7134314668875394
653.0,29.999971568448906,1.713430607748354,1.7134314460700293
653.25,29.999971773981443,1.7134305774303873,1.7134314250194085
653.5,29.999971988259606,1.7134305473434417,1.7134314037470133
653.75,29.999972211091052,1.713430517496816,1.7134313822640925
654.0,29.999972442282807,1.713430487899544,1.713431360581801
654.25,29.99997268164136,1.7134304585603923,1.7134313387111948
654.5,29.99997292897277,1.7134304294878573,1.7134313166632262
654.75,29.999973184082773,1.713430400690164,1.71343129444874
655.0,29.999973446776856,1.713430372175264,1.7134312720784677
655.25,29.99997371686037,1.7134303439508358,1.713431249563026
655.5,29.99997399413859,1.713430316024283,1.713431226912912
655.75,29.999974278416815,1.713430288402737,1.713431204138501
656.0,29.99997456950042,1.713430261093056,1.7134311812500453
656.25,29.999974867194943,1.7134302341018293,1.7134311582576713
656.5,29.99997517130613,1.7134302074353778,1.7134311351713791
656.75,29.999975481639993,1.7134301810997588,1.713431112001042
657.0,29.999975798002858,1.7134301551007705,1.7134310887564066
657.25,29.999976120201406,1.7134301294439558,1.7134310654470934
657.5,29.999976448042702,1.7134301041346096,1.7134310420825993
657.75,29.99997678133422,1.7134300791777852,1.7134310186722979
658.0,29.999977119883862,1.7134300545783014,1.7134309952254438
658.25,29.99997746349997,1.7134300303407528,1.713430971751176
658.5,29.999977811991318,1.7134300064695176,1.7134309482585213
658.75,29.999978165167104,1.71342998296877,1.7134309247564004
659.0,29.999978522836933,1.7134299598424907,1.7134309012536328
659.25,29.999978884810805,1.7134299370944808,1.713430877758945
659.5,29.99997925089905,1.7134299147283742,1.7134308542809764
659.75,29.9999796209123,1.713429892747655,1.7134308308282882
660.0,29.99997999466143,1.7134298711556708,1.7134308074093734
660.25,29.999980371957495,1.713429849955652,1.7134307840326657
660.5,29.999980752611634,1.7134298291507302,1.7134307607065522
660.75,29.999981136434997,1.713429808743957,1.713430737439384
661.0,29.999981523238645,1.7134297887383263,1.71343071423949
661.25,29.999981912833427,1.7134297691367955,1.7134306911151913
661.5,29.999982305029867,1.7134297499423101,1.713430668074815
661.75,29.999982699638018,1.7134297311578282,1.7134306451267118
662.0,29.999983096467325,1.7134297127863467,1.7134306222792728
662.25,29.999983495326457,1.7134296948309304,1.713430599540947
662.5,29.99998389602313,1.7134296772947397,1.7134305769202611
662.75,29.99998429836393,1.7134296601810621,1.7134305544258415
663.0,29.9999847021541,1.7134296434933443,1.7134305320664336
663.25,29.99998510719734,1.7134296272352258,1.7134305098509264
663.5,29.999985513295556,1.7134296114105754,1.7134304877883764
663.75,29.999985920248648,1.7134295960235257,1.7134304658880322
664.0,29.999986327854224,1.7134295810785138,1.7134304441593622
664.25,29.999986735907342,1.7134295665803208,1.7134304226120816
664.5,29.99998714420022,1.7134295525341128,1.7134304012561823
664.75,29.999987552521933,1.713429538945486,1.7134303801019626
665.0,29.99998796065857,1.7134295258204628,1.7134303591600215
665.25,29.9999883685684,1.7134295131474524,1.7134303384267613
665.5,29.999988776206397,1.7134295009130704,1.7134303178979147
665.75,29.99998918340264,1.7134294891161774,1.7134302975792768
666.0,29.99998958999128,1.71342947775559,1.713430277476471
666.25,29.999989995810417,1.7134294668300718,1.713430257594952
666.5,29.999990400701932,1.713429456338325,1.7134302379400057
666.75,29.99999080451138,1.7134294462789827,1.7134302185167516
667.0,29.999991207087852,1.7134294366506015,1.7134301993301437
667.25,29.999991608283857,1.7134294274516544,1.7134301803849727
667.5,29.999992007955218,1.713429418680525,1.713430161685866
667.75,29.999992405960956,1.7134294103355017,1.71343014323729
668.0,29.99999280216321,1.7134294024147716,1.7134301250435515
668.25,29.99999319642713,1.7134293949164172,1.7134301071087985
668.5,29.999993588620804,1.7134293878384113,1.7134300894370214
668.75,29.999993978615166,1.713429381178613,1.7134300720320548
669.0,29.999994366283936,1.7134293749347649,1.7134300548975785
669.25,29.99999475150355,1.7134293691044897,1.7134300380371184
669.5,29.99999513415309,1.7134293636852882,1.713430021454048
669.75,29.999995514114236,1.713429358674537,1.71343000515159
670.0,29.99999589127121,1.7134293540694867,1.7134299891328164
670.25,29.999996265510745,1.7134293498672613,1.7134299734006508
670.5,29.99999663672201,1.7134293460648562,1.713429957957869
670.75,29.999997004796608,1.7134293426591392,1.7134299428070996
671.0,29.999997369628524,1.7134293396468485,1.7134299279508267
671.25,29.99999773111411,1.7134293370245948,1.7134299133913897
671.5,29.999998089152047,1.7134293347888607,1.7134298991309846
671.75,29.999998443643335,1.713429332936002,1.7134298851716656
672.0,29.999998794491276,1.7134293314622482,1.7134298715153458
672.25,29.999999141601453,1.7134293303637047,1.7134298581637986
672.5,29.999999484881734,1.713429329636355,1.7134298451186587
672.75,29.999999824242256,1.7134293292760607,1.713429832381423
673.0,30.000000159595427,1.7134293292785663,1.7134298199534523
673.25,30.000000490855925,1.7134293296395,1.7134298078359718
673.5,30.000000817940695,1.7134293303543768,1.7134297960300724
673.75,30.000001140768973,1.7134293314186022,1.7134297845367121
674.0,30.00000145926227,1.7134293328274746,1.7134297733567165
674.25,30.000001773344383,1.7134293345761888,1.7134297624907813
674.5,30.000002082941442,1.71342933665984,1.7134297519394712
674.75,30.000002387981876,1.7134293390734274,1.7134297417032234
675.0,30.000002688396457,1.7134293418118574,1.7134297317823473
675.25,30.000002984118314,1.7134293448699485,1.7134297221770258
675.5,30.000003275082936,1.7134293482424356,1.7134297128873177
675.75,30.000003561228215,1.713429351923974,1.7134297039131567
676.0,30.000003842494447,1.7134293559091434,1.713429695254355
676.25,30.00000411882436,1.7134293601924526,1.713429686910603
676.5,30.000004390163134,1.7134293647683452,1.7134296788814705
676.75,30.000004656458422,1.7134293696312028,1.713429671166409
677.0,30.000004917660387,1.7134293747753506,1.7134296637647524
677.25,30.000005173721693,1.7134293801950624,1.7134296566757181
677.5,30.00000542459756,1.7134293858845644,1.7134296498984083
677.75,30.000005670245763,1.713429391838041,1.713429643431812
678.0,30.00000591062667,1.7134293980496398,1.7134296372748057
678.25,30.000006145703242,1.7134294045134755,1.7134296314261548
678.5,30.000006375441085,1.7134294112236361,1.7134296258845156
678.75,30.000006599808437,1.7134294181741865,1.7134296206484363
679.0,30.0000068187762,1.7134294253591744,1.7134296157163584
679.25,30.000007032317956,1.7134294327726338,1.7134296110866185
679.5,30.00000724040999,1.7134294404085915,1.713429606757449
679.75,30.000007443031283,1.71342944826107,1.7134296027269815
680.0,30.000007640163542,1.713429456324093,1.7134295989932462
680.25,30.0000078317912,1.7134294645916894,1.713429595554175
680.5,30.000008017901433,1.7134294730578987,1.7134295924076026
680.75,30.00000819848415,1.7134294817167735,1.713429589551268
681.0,30.000008373532008,1.7134294905623848,1.7134295869828167
681.25,30.000008543040405,1.7134294995888264,1.7134295846998027
681.5,30.000008707007485,1.7134295087902172,1.713429582699689
681.75,30.000008865434115,1.7134295181607055,1.713429580979851
682.0,30.00000901832389,1.7134295276944735,1.7134295795375776
682.25,30.00000916568312,1.713429537385739,1.7134295783700726
682.5,30.000009307520806,1.713429547228759,1.7134295774744583
682.75,30.000009443848615,1.713429557217833,1.7134295768477756
683.0,30.00000957468087,1.7134295673473048,1.7134295764869876
683.25,30.00000970003452,1.7134295776115653,1.7134295763889806
683.5,30.000009819929087,1.713429588005055,1.7134295765505672
683.75,30.000009934386647,1.7134295985222647,1.7134295769684873
684.0,30.000010043431793,1.7134296091577386,1.7134295776394117
684.25,30.00001014709156,1.7134296199060735,1.7134295785599438
684.5,30.000010245395412,1.713429630761922,1.7134295797266212
684.75,30.000010338375148,1.7134296417199915,1.7134295811359197
685.0,30.000010426064865,1.7134296527750452,1.7134295827842545
685.25,30.000010508500868,1.713429663921902,1.7134295846679828
685.5,30.000010585721625,1.7134296751554359,1.7134295867834073
685.75,30.000010657767657,1.7134296864705756,1.7134295891267775
686.0,30.00001072468147,1.7134296978623031,1.7134295916942937
686.25,30.00001078650746,1.7134297093256519,1.7134295944821087
686.5,30.000010843291815,1.7134297208557057,1.7134295974863316
686.75,30.000010895082394,1.7134297324475958,1.7134296007030294
687.0,30.00001094192865,1.713429744096498,1.713429604128231
687.25,30.00001098388147,1.7134297557976301,1.7134296077579299
687.5,30.00001102099308,1.7134297675462475,1.7134296115880872
687.75,30.0000110533169,1.7134297793376392,1.7134296156146342
688.0,30.000011080907395,1.7134297911671237,1.713429619833477
688.25,30.000011103819944,1.7134298030300437,1.7134296242404985
688.5,30.00001112211067,1.7134298149217597,1.7134296288315618
688.75,30.00001113583628,1.7134298268376453,1.7134296336025143
689.0,30.0000111450539,1.71342983877308,1.7134296385491905
689.25,30.00001114982087,1.713429850723441,1.7134296436674163
689.5,30.000011150194588,1.713429862684097,1.713429648953012
689.75,30.000011146232286,1.7134298746503989,1.7134296544017957
690.0,30.000011137990835,1.7134298866176718,1.7134296600095882
690.25,30.000011125526523,1.713429898581205,1.713429665772216
690.5,30.00001110889484,1.7134299105362418,1.7134296716855149
690.75,30.000011088150217,1.713429922477969,1.7134296777453353
691.0,30.000011063345823,1.7134299344015058,1.7134296839475451
691.25,30.000011034533276,1.713429946301892,1.7134296902880346
691.5,30.00001100176239,1.713429958174075,1.7134296967627198
691.75,30.000010965080907,1.7134299700128972,1.7134297033675485
692.0,30.000010924534195,1.7134299818130811,1.7134297100985023
692.25,30.000010880164982,1.7134299935692157,1.7134297169516037
692.5,30.000010832013018,1.713430005275741,1.7134297239229181
692.75,30.00001078011478,1.7134300169269312,1.7134297310085613
693.0,30.00001072450314,1.7134300285168798,1.7134297382047015
693.25,30.000010665207025,1.7134300400394797,1.7134297455075662
693.5,30.00001060225106,1.7134300514884078,1.713429752913446
693.75,30.000010535655214,1.7134300628571029,1.7134297604187003
694.0,30.000010465434432,1.7134300741387491,1.7134297680197623
694.25,30.000010391598238,1.7134300853262534,1.713429775713144
694.5,30.000010314204616,1.713430096415679,1.713429783494952
694.75,30.000010233559138,1.7134301074184017,1.7134297913588639
695.0,30.000010149778827,1.7134301183332001,1.7134297992999985
695.25,30.000010062944483,1.7134301291566958,1.7134298073138663
695.5,30.0000099731355,1.7134301398856049,1.7134298153960716
695.75,30.000009880429985,1.713430150516737,1.713429823542308
696.0,30.00000978490489,1.713430161046994,1.7134298317483514
696.25,30.00000968663612,1.7134301714733675,1.713429840010057
696.5,30.00000958569865,1.7134301817929396,1.7134298483233532
696.75,30.000009482166625,1.7134301920028792,1.7134298566842385
697.0,30.00000937611346,1.7134302021004426,1.7134298650887767
697.25,30.000009267611908,1.7134302120829719,1.7134298735330935
697.5,30.000009156734166,1.7134302219478932,1.7134298820133727
697.75,30.000009043551938,1.7134302316927164,1.7134298905258531
698.0,30.0000089281365,1.7134302413150337,1.7134298990668262
698.25,30.00000881055877,1.713430250812519,1.713429907632632
698.5,30.00000869088937,1.713430260182926,1.713429916219658
698.75,30.00000856919865,1.7134302694240893,1.713429924824336
699.0,30.000008445556762,1.7134302785339206,1.7134299334431407
699.25,30.000008320033693,1.7134302875104108,1.7134299420725874
699.5,30.000008192699283,1.7134302963516275,1.7134299507092305
699.75,30.000008063623277,1.7134303050557145,1.7134299593496627
700.0,30.000007932875327,1.7134303136208917,1.7134299679905123
700.25,30.000007800525026,1.7134303220454534,1.7134299766284442
700.5,30.000007666641924,1.7134303303277691,1.7134299852601576
700.75,30.00000753129552,1.7134303384662808,1.7134299938823856
701.0,30.000007394555293,1.7134303464595046,1.7134300024918956
701.25,30.000007256490683,1.7134303543060285,1.7134300110854876
701.5,30.000007117171094,1.7134303620045126,1.7134300196599954
701.75,30.000006976665897,1.7134303695536883,1.7134300282122856
702.0,30.000006835044417,1.7134303769523584,1.7134300367392583
702.25,30.0000066923759,1.7134303841993954,1.7134300452378468
702.5,30.000006548729534,1.713430391293742,1.7134300537050187
702.75,30.00000640417439,1.7134303982344103,1.713430062137776
703.0,30.00000625877943,1.7134304050204818,1.7134300705331562
703.25,30.000006112613466,1.7134304116511059,1.713430078888232
703.5,30.00000596574513,1.7134304181255005,1.7134300872001131
703.75,30.000005818242865,1.713430424442951,1.7134300954659472
704.0,30.000005670174858,1.7134304306028108,1.71343010368292
704.25,30.000005521609037,1.7134304366044995,1.7134301118482578
704.5,30.000005372613018,1.7134304424475033,1.7134301199592272
704.75,30.000005223254064,1.7134304481313751,1.7134301280131377
705.0,30.000005073599066,1.713430453655733,1.7134301360073414
705.25,30.00000492371447,1.7134304590202607,1.7134301439392359
705.5,30.000004773666266,1.713430464224707,1.7134301518062653
705.75,30.00000462351992,1.713430469268885,1.713430159605921
706.0,30.000004473340336,1.7134304741526725,1.7134301673357437
706.25,30.000004323191828,1.7134304788760106,1.7134301749933247
706.5,30.000004173138045,1.7134304834389045,1.713430182576308
706.75,30.000004023241946,1.7134304878414215,1.713430190082391
707.0,30.000003873565745,1.7134304920836925,1.7134301975093265
707.25,30.00000372417087,1.71343049616591,1.7134302048549237
707.5,30.0000035751179,1.7134305000883279,1.7134302121170513
707.75,30.00000342646655,1.7134305038512623,1.7134302192936364
708.0,30.00000327827559,1.7134305074550893,1.7134302263826686
708.25,30.00000313060282,1.7134305109002461,1.7134302333822
708.5,30.000002983505027,1.7134305141872288,1.7134302402903465
708.75,30.000002837037936,1.7134305173165933,1.71343024710529
709.0,30.000002691256157,1.7134305202889548,1.7134302538252792
709.25,30.000002546213167,1.7134305231049853,1.7134302604486311
709.5,30.00000240196125,1.7134305257654157,1.7134302669737318
709.75,30.000002258551472,1.7134305282710331,1.7134302733990385
710.0,30.000002116033635,1.7134305306226811,1.7134302797230792
710.25,30.000001974456254,1.7134305328212593,1.713430285944455
710.5,30.00000183386651,1.7134305348677217,1.71343029206184
710.75,30.000001694310228,1.7134305367630767,1.7134302980739828
711.0,30.000001555831865,1.7134305385083863,1.713430303979707
711.25,30.000001418474454,1.7134305401047651,1.7134303097779109
711.5,30.0000012822796,1.713430541553379,1.713430315467569
711.75,30.000001147287474,1.7134305428554455,1.7134303210477324
712.0,30.000001013536767,1.7134305440122315,1.713430326517528
712.25,30.0000008810647,1.7134305450250533,1.7134303318761588
712.5,30.000000749907002,1.7134305458952752,1.7134303371229047
712.75,30.000000620097925,1.7134305466243083,1.7134303422571215
713.0,30.000000491670214,1.7134305472136095,1.71343034727824
713.25,30.00000036465513,1.7134305476646807,1.7134303521857663
713.5,30.000000239082453,1.7134305479790675,1.7134303569792808
713.75,30.000000114980487,1.7134305481583572,1.7134303616584368
714.0,29.99999999237608,1.7134305482041785,1.71343036622296
714.25,29.99999987129464,1.7134305481182002,1.7134303706726466
714.5,29.99999975176017,1.7134305479021286,1.7134303750073623
714.75,29.99999963379529,1.7134305475577074,1.7134303792270398
715.0,29.999999517421273,1.7134305470867155,1.7134303833316775
715.25,29.99999940265808,1.7134305464909658,1.7134303873213377
715.5,29.99999928952442,1.713430545772303,1.7134303911961422
715.75,29.99999917803779,1.7134305449326022,1.7134303949562724
716.0,29.99999906821454,1.7134305439737676,1.7134303986019643
716.25,29.999998960069924,1.7134305428977301,1.7134304021335063
716.5,29.999998853618195,1.7134305417064455,1.7134304055512355
716.75,29.999998748872652,1.713430540401893,1.7134304088555337
717.0,29.99999864584574,1.7134305389860724,1.7134304120468247
717.25,29.999998544549133,1.713430537461003,1.7134304151255684
717.5,29.99999844499384,1.7134305358287205,1.7134304180922575
717.75,29.99999834719029,1.713430534091275,1.7134304209474125
718.0,29.999998251148465,1.7134305322507293,1.7134304236915756
718.25,29.999998156877997,1.7134305303091557,1.7134304263253068
718.5,29.99999806438831,1.7134305282686344,1.7134304288491777
718.75,29.999997973688743,1.7134305261312497,1.7134304312637643
719.0,29.999997884788694,1.7134305238990886,1.7134304335696422
719.25,29.99999779769777,1.7134305215742378,1.713430435767379
719.5,29.999997712425937,1.7134305191587802,1.713430437857528
719.75,29.99999762898371,1.7134305166547927,1.71343043984062
720.0,29.999997547382293,1.7134305140643435,1.7134304417171555
720.25,29.999997467633783,1.7134305113894883,1.7134304434875975
720.5,29.999997389751364,1.7134305086322672,1.7134304451523623
720.75,29.999997313749493,1.713430505794702,1.7134304467118113
721.0,29.999997239644127,1.7134305028787928,1.7134304481662403
721.25,29.99999716745293,1.713430499886514,1.713430449515872
721.5,29.999997097195507,1.7134304968198117,1.7134304507608447
721.75,29.999997028893645,1.7134304936805989,1.7134304519012011
722.0,29.999996962571558,1.7134304904707527,1.7134304529368796
722.25,29.999996898256153,1.7134304871921104,1.7134304538677014
722.5,29.99999683597729,1.7134304838464653,1.7134304546933594
722.75,29.999996775768064,1.7134304804355625,1.7134304554134059
723.0,29.999996717665102,1.7134304769610953,1.7134304560272406
723.25,29.999996661708852,1.7134304734247006,1.713430456534097
723.5,29.999996607943917,1.7134304698279548,1.7134304569330288
723.75,29.999996556419344,1.713430466172369,1.713430457222897
724.0,29.999996507184,1.7134304624594263,1.7134304574025574
724.25,29.9999964600745,1.7134304586925102,1.713430457479534
724.5,29.99999641497719,1.7134304548750092,1.7134304574595223
724.75,29.999996371877444,1.7134304510094938,1.7134304573442019
725.0,29.999996330761224,1.7134304470984563,1.7134304571351981
725.25,29.999996291614963,1.7134304431443168,1.713430456834086
725.5,29.999996254425497,1.713430439149428,1.713430456442395
725.75,29.999996219179966,1.713430435116078,1.7134304559616162
726.0,29.999996185865758,1.7134304310464974,1.7134304553932047
726.25,29.999996154470413,1.7134304269428606,1.7134304547385857
726.5,29.999996124981575,1.713430422807291,1.7134304539991583
726.75,29.99999609738691,1.713430418641865,1.7134304531762992
727.0,29.999996071674047,1.7134304144486143,1.7134304522713673
727.25,29.99999604783053,1.7134304102295304,1.7134304512857066
727.5,29.99999602584375,1.7134304059865664,1.7134304502206499
727.75,29.999996005700908,1.7134304017216408,1.7134304490775212
728.0,29.999995987388964,1.7134303974366403,1.71343044785764
728.25,29.999995970894588,1.713430393133421,1.7134304465623231
728.5,29.99999595620412,1.713430388813812,1.7134304451928866
728.75,29.999995943303553,1.7134303844796175,1.7134304437506496
729.0,29.999995932178468,1.713430380132618,1.7134304422369349
729.25,29.999995922814033,1.7134303757745726,1.713430440653072
729.5,29.99999591519496,1.7134303714072203,1.7134304390003985
729.75,29.99999590930548,1.7134303670322828,1.7134304372802607
730.0,29.99999590512933,1.7134303626514635,1.7134304354940166
730.25,29.999995902649747,1.7134303582664512,1.7134304336430362
730.5,29.999995901849417,1.7134303538789195,1.7134304317287021
730.75,29.999995902710495,1.7134303494905283,1.7134304297524117
731.0,29.999995905214575,1.7134303451029245,1.7134304277155765
731.25,29.9999959093427,1.7134303407177431,1.7134304256196238
731.5,29.99999591507535,1.7134303363366068,1.713430423465996
731.75,29.999995922392422,1.7134303319611273,1.7134304212561522
732.0,29.999995931273265,1.7134303275929053,1.7134304189915672
732.25,29.99999594169665,1.7134303232335306,1.7134304166737322
732.5,29.999995953640784,1.7134303188845827,1.7134304143041545
732.75,29.99999596708333,1.7134303145476295,1.713430411884357
733.0,29.999995982001387,1.713430310224229,1.7134304094158783
733.25,29.999995998371535,1.7134303059159273,1.7134304069002722
733.5,29.999996016169813,1.7134303016242598,1.7134304043391064
733.75,29.999996035371755,1.7134302973507498,1.7134304017339628
734.0,29.999996055952394,1.713430293096909,1.7134303990864366
734.25,29.99999607788628,1.7134302888642354,1.7134303963981348
734.5,29.999996101147506,1.7134302846542147,1.7134303936706754
734.75,29.99999612570972,1.713430280468318,1.7134303909056874
735.0,29.999996151546142,1.7134302763080014,1.713430388104808
735.25,29.999996178629594,1.7134302721747063,1.7134303852696835
735.5,29.99999620693253,1.7134302680698572,1.7134303824019659
735.75,29.99999623642703,1.713430263994861,1.7134303795033128
736.0,29.99999626708487,1.7134302599511075,1.7134303765753864
736.25,29.99999629887751,1.713430255939966,1.7134303736198513
736.5,29.999996331776135,1.713430251962786,1.7134303706383731
736.75,29.999996365751688,1.7134302480208958,1.7134303676326172
737.0,29.99999640077489,1.7134302441156015,1.7134303646042472
737.25,29.999996436816275,1.713430240248185,1.7134303615549236
737.5,29.999996473846213,1.7134302364199043,1.7134303584863013
737.75,29.999996511834947,1.713430232631991,1.7134303554000292
738.0,29.999996550752616,1.7134302288856504,1.7134303522977479
738.25,29.999996590569296,1.713430225182059,1.7134303491810876
738.5,29.999996631255012,1.7134302215223645,1.7134303460516678
738.75,29.99999667277979,1.7134302179076837,1.7134303429110942
739.0,29.999996715113678,1.7134302143391025,1.7134303397609578
739.25,29.99999675822677,1.713430210817673,1.7134303366028334
739.5,29.999996802089253,1.7134302073444148,1.7134303334382774
739.75,29.999996846671415,1.7134302039203113,1.7134303302688265
740.0,29.9999968919437,1.7134302005463102,1.7134303270959965
740.25,29.99999693787671,1.7134301972233223,1.7134303239212798
740.5,29.999996984441268,1.7134301939522198,1.7134303207461448
740.75,29.999997031608412,1.7134301907338363,1.7134303175720336
741.0,29.99999707934945,1.7134301875689646,1.7134303144003613
741.25,29.99999712763596,1.7134301844583568,1.7134303112325142
741.5,29.999997176439848,1.7134301814027235,1.7134303080698485
741.75,29.999997225733345,1.713430178402732,1.713430304913689
742.0,29.999997275489054,1.7134301754590064,1.7134303017653278
742.25,29.999997325679956,1.713430172572127,1.713430298626023
742.5,29.999997376279442,1.713430169742629,1.7134302954969982
742.75,29.999997427261327,1.7134301669710028,1.713430292379441
743.0,29.99999747859988,1.7134301642576923,1.7134302892745017
743.25,29.999997530269834,1.7134301616030965,1.7134302861832935
743.5,29.999997582246408,1.7134301590075667,1.713430283106891
743.75,29.999997634505313,1.7134301564714087,1.7134302800463292
744.0,29.999997687022777,1.7134301539948809,1.7134302770026042
744.25,29.99999773977556,1.7134301515781956,1.7134302739766714
744.5,29.999997792740942,1.7134301492215176,1.7134302709694456
744.75,29.999997845896754,1.7134301469249662,1.7134302679818014
745.0,29.999997899221384,1.713430144688614,1.7134302650145723
745.25,29.99999795269376,1.713430142512488,1.7134302620685509
745.5,29.99999800629338,1.71343014039657,1.7134302591444894
745.75,29.99999806000029,1.7134301383407973,1.7134302562430996
746.0,29.999998113795094,1.7134301363450637,1.7134302533650534
746.25,29.999998167658948,1.71343013440922,1.7134302505109829
746.5,29.99999822157354,1.713430132533075,1.7134302476814822
746.75,29.999998275521115,1.7134301307163973,1.7134302448771073
747.0,29.999998329484416,1.7134301289589164,1.7134302420983778
747.25,29.9999983834467,1.713430127260324,1.7134302393457774
747.5,29.99999843739173,1.7134301256202755,1.713430236619756
747.75,29.999998491303714,1.7134301240383927,1.7134302339207308
748.0,29.99999854516732,1.7134301225142643,1.7134302312490883
748.25,29.999998598967633,1.7134301210474496,1.7134302286051861
748.5,29.999998652690127,1.7134301196374802,1.713430225989355
748.75,29.99999870632064,1.7134301182838614,1.713430223401901
749.0,29.999998759845322,1.713430116986077,1.7134302208431087
749.25,29.999998813250617,1.713430115743591,1.713430218313243
749.5,29.999998866523207,1.7134301145558495,1.7134302158125527
749.75,29.99999891964996,1.7134301134222865,1.7134302133412733
750.0,29.9999989726179,1.7134301123423252,1.7134302108996307
750.25,29.99999902541414,1.7134301113153825,1.7134302084878439
750.5,29.999999078025827,1.7134301103408733,1.7134302061061306
750.75,29.999999130440077,1.7134301094182132,1.713430203754709
751.0,29.99999918264393,1.713430108546824,1.7134302014338036
751.25,29.99999923462425,1.713430107726138,1.7134301991436498
751.5,29.999999286367686,1.7134301069556022,1.7134301968844974
751.75,29.99999933786056,1.7134301062346835,1.7134301946566173
752.0,29.999999389088824,1.713430105562874,1.713430192460305
752.25,29.99999944003794,1.713430104939697,1.7134301902958884
752.5,29.99999949069281,1.7134301043647107,1.7134301881637313
752.75,29.999999541037678,1.7134301038375166,1.713430186064241
753.0,29.99999959105603,1.7134301033577641,1.713430183997874
753.25,29.99999964073049,1.7134301029251573,1.7134301819651434
753.5,29.99999969004271,1.7134301025394612,1.713430179966625
753.75,29.999999738973266,1.7134301022005098,1.7134301780029653
754.0,29.999999787501523,1.7134301019082125,1.713430176074888
754.25,29.999999835605536,1.7134301016625613,1.7134301741832036
754.5,29.9999998832619,1.713430101463639,1.713430172328816
754.75,29.999999930445632,1.7134301013116275,1.713430170512731
755.0,29.999999977130017,1.7134301012068154,1.7134301687360667
755.25,30.000000023286486,1.7134301011496071,1.7134301670000607
755.5,30.00000006888445,1.713430101140532,1.713430165306081
755.75,30.00000011389115,1.7134301011802524,1.7134301636556348
756.0,30.0000001582715,1.713430101269575,1.7134301620503791
756.25,30.000000201987927,1.7134301014094584,1.7134301604921311
756.5,30.000000245000184,1.7134301016010252,1.7134301589828795
756.75,30.000000287265184,1.7134301018455715,1.7134301575247943
757.0,30.000000328736817,1.713430102144578,1.71343015612024
757.25,30.00000036936576,1.7134301024997203,1.7134301547717867
757.5,30.00000040910911,1.7134301029123404,1.7134301534816179
757.75,30.00000044811429,1.7134301033731991,1.7134301522401751
758.0,30.000000486446872,1.7134301038773054,1.713430151042818
758.25,30.00000052410491,1.7134301044233964,1.7134301498890605
758.5,30.000000561086104,1.7134301050102767,1.7134301487784587
758.75,30.00000059738789,1.7134301056368129,1.7134301477106069
759.0,30.000000633007453,1.7134301063019297,1.7134301466851332
759.25,30.00000066794178,1.7134301070046054,1.7134301457016976
759.5,30.0000007021877,1.7134301077438672,1.7134301447599873
759.75,30.000000735741907,1.713430108518787,1.7134301438597137
760.0,30.000000768601016,1.7134301093284785,1.7134301430006103
760.25,30.000000800761583,1.7134301101720926,1.7134301421824283
760.5,30.00000083222014,1.7134301110488133,1.713430141404935
760.75,30.000000862973234,1.713430111957856,1.7134301406679113
761.0,30.000000893017443,1.7134301128984626,1.7134301399711476
761.25,30.000000922349415,1.713430113869899,1.7134301393144433
761.5,30.00000095096589,1.7134301148714528,1.713430138697603
761.75,30.000000978863724,1.7134301159024294,1.7134301381204358
762.0,30.000001006039916,1.7134301169621502,1.7134301375827519
762.25,30.000001032491628,1.7134301180499498,1.7134301370843616
762.5,30.0000010582162,1.7134301191651737,1.7134301366250733
762.75,30.000001083211178,1.7134301203071762,1.7134301362046913
763.0,30.000001107474336,1.7134301214753187,1.7134301358230153
763.25,30.000001131003675,1.7134301226689663,1.7134301354798376
763.5,30.000001153797456,1.7134301238874883,1.7134301351749426
763.75,30.000001175854205,1.7134301251302548,1.713430134908106
764.0,30.00000119717273,1.7134301263966356,1.7134301346790926
764.25,30.000001217752132,1.7134301276859993,1.713430134487655
764.5,30.00000123759181,1.7134301289977119,1.7134301343335347
764.75,30.000001256691483,1.7134301303311343,1.7134301342164588
765.0,30.00000127505119,1.713430131685624,1.7134301341361406
765.25,30.000001292671293,1.7134301330605313,1.7134301340922788
765.5,30.00000130955249,1.7134301344552003,1.7134301340845564
765.75,30.00000132569583,1.7134301358689672,1.7134301341126403
766.0,30.000001341102692,1.7134301373011607,1.7134301341761817
766.25,30.00000135577481,1.7134301387511006,1.7134301342748148
766.5,30.00000136971427,1.7134301402180976,1.7134301344081568
766.75,30.000001382923507,1.713430141701453,1.7134301345758076
767.0,30.000001395405313,1.713430143200459,1.71343013477735
767.25,30.000001407162824,1.7134301447143978,1.7134301350123495
767.5,30.000001418199535,1.7134301462425416,1.7134301352803543
767.75,30.000001428519287,1.7134301477841536,1.713430135580895
768.0,30.00000143812627,1.7134301493384867,1.7134301359134858
768.25,30.000001447025017,1.713430150904785,1.7134301362776236
768.5,30.0000014552204,1.7134301524822826,1.7134301366727887
768.75,30.000001462717623,1.7134301540702055,1.7134301370984448
769.0,30.000001469522225,1.7134301556677711,1.7134301375540404
769.25,30.00000147564006,1.7134301572741888,1.7134301380390078
769.5,30.000001481077316,1.7134301588886602,1.713430138552765
769.75,30.000001485840468,1.7134301605103808,1.7134301390947149
770.0,30.000001489936306,1.713430162138539,1.7134301396642466
770.25,30.000001493371904,1.7134301637723184,1.7134301402607364
770.5,30.000001496154635,1.713430165410897,1.7134301408835473
770.75,30.000001498292132,1.7134301670534495,1.7134301415320305
771.0,30.000001499792305,1.713430168699147,1.7134301422055265
771.25,30.000001500663306,1.7134301703471586,1.7134301429033647
771.5,30.00000150091354,1.7134301719966514,1.713430143624865
771.75,30.000001500551647,1.7134301736467923,1.7134301443693385
772.0,30.000001499586485,1.713430175296749,1.7134301451360883
772.25,30.00000149802712,1.7134301769456899,1.7134301459244103
772.5,30.00000149588283,1.7134301785927868,1.7134301467335942
772.75,30.00000149316306,1.7134301802372145,1.7134301475629243
773.0,30.000001489877448,1.713430181878152,1.7134301484116807
773.25,30.000001486035778,1.7134301835147854,1.71343014927914
773.5,30.000001481647995,1.7134301851463059,1.7134301501645754
773.75,30.000001476724176,1.7134301867719133,1.7134301510672603
774.0,30.00000147127452,1.7134301883908167,1.7134301519864656
774.25,30.000001465309335,1.7134301900022353,1.713430152921464
774.5,30.00000145883903,1.7134301916053987,1.7134301538715289
774.75,30.000001451874095,1.7134301931995495,1.7134301548359363
775.0,30.00000144442509,1.7134301947839436,1.7134301558139655
775.25,30.00000143650264,1.713430196357852,1.7134301568049002
775.5,30.0000014281174,1.7134301979205602,1.7134301578080289
775.75,30.00000141928007,1.7134301994713712,1.7134301588226468
776.0,30.000001410001364,1.7134302010096059,1.7134301598480566
776.25,30.000001400291996,1.7134302025346033,1.713430160883568
776.5,30.000001390162684,1.713430204045723,1.7134301619285008
776.75,30.000001379624116,1.7134302055423454,1.7134301629821844
777.0,30.000001368686956,1.7134302070238718,1.7134301640439589
777.25,30.000001357361818,1.7134302084897273,1.713430165113176
777.5,30.000001345659264,1.7134302099393601,1.7134301661892002
777.75,30.000001333589786,1.713430211372243,1.7134301672714092
778.0,30.000001321163808,1.7134302127878742,1.7134301683591946
778.25,30.000001308391653,1.7134302141857778,1.7134301694519631
778.5,30.000001295283546,1.7134302155655048,1.7134301705491366
778.75,30.000001281849613,1.713430216926634,1.7134301716501539
779.0,30.000001268099847,1.7134302182687715,1.7134301727544694
779.25,30.00000125404413,1.7134302195915534,1.7134301738615563
779.5,30.000001239692185,1.7134302208946435,1.7134301749709049
779.75,30.00000122505361,1.7134302221777364,1.7134301760820243
780.0,30.000001210137842,1.7134302234405565,1.7134301771944422
780.25,30.000001194954162,1.7134302246828583,1.7134301783077062
780.5,30.00000117951168,1.713430225904427,1.7134301794213829
780.75,30.000001163819338,1.7134302271050785,1.7134301805350594
781.0,30.000001147885904,1.7134302282846599,1.7134301816483428
781.25,30.000001131719955,1.7134302294430488,1.7134301827608605
781.5,30.000001115329898,1.713430230580154,1.7134301838722605
781.75,30.000001098723935,1.7134302316959151,1.7134301849822116
782.0,30.000001081910092,1.7134302327903015,1.7134301860904022
782.25,30.000001064896193,1.7134302338633132,1.713430187196542
782.5,30.000001047689874,1.7134302349149797,1.7134301883003606
782.75,30.000001030298584,1.71343023594536,1.713430189401608
783.0,30.000001012729566,1.713430236954541,1.7134301905000533
783.25,30.000000994989882,1.713430237942638,1.7134301915954853
783.5,30.000000977086415,1.7134302389097933,1.7134301926877114
783.75,30.00000095902585,1.7134302398561745,1.7134301937765577
784.0,30.000000940814704,1.713430240781975,1.7134301948618673
784.25,30.00000092245932,1.7134302416874116,1.713430195943501
784.5,30.000000903965873,1.7134302425727237,1.7134301970213353
784.75,30.000000885340377,1.7134302434381716,1.7134301980952613
785.0,30.000000866588707,1.7134302442840355,1.7134301991651852
785.25,30.000000847716592,1.7134302451106131,1.713430200231026
785.5,30.000000828729632,1.713430245918219,1.7134302012927143
785.75,30.000000809633317,1.7134302467071805,1.713430202350191
786.0,30.000000790433035,1.7134302474778385,1.7134302034034068
786.25,30.00000077113408,1.7134302482305428,1.7134302044523197
786.5,30.00000075174168,1.7134302489656514,1.7134302054968937
786.75,30.000000732261014,1.713430249683527,1.7134302065370965
787.0,30.00000071269722,1.7134302503845344,1.7134302075728993
787.25,30.00000069305542,1.7134302510690387,1.7134302086042725
787.5,30.000000673340743,1.7134302517374012,1.7134302096311858
787.75,30.00000065355835,1.7134302523899767,1.713430210653604
788.0,30.000000633713455,1.7134302530271104,1.7134302116714866
788.25,30.000000613811345,1.7134302536491346,1.713430212684784
788.5,30.00000059385742,1.7134302542563644,1.713430213693435
788.75,30.000000573857207,1.7134302548490947,1.713430214697365
789.0,30.000000553816403,1.7134302554275955,1.713430215696482
789.25,30.000000533740895,1.7134302559921089,1.7134302166906747
789.5,30.000000513636802,1.7134302565428436,1.7134302176798082
789.75,30.000000493510505,1.713430257079971,1.7134302186637216
790.0,30.00000047336869,1.7134302576036207,1.7134302196422246
790.25,30.000000453218377,1.713430258113875,1.7134302206150935
790.5,30.00000043306696,1.7134302586107648,1.7134302215820678
790.75,30.000000412922255,1.7134302590942636,1.7134302225428457
791.0,30.000000392792543,1.7134302595642825,1.7134302234970817
791.25,30.000000372686614,1.713430260020664,1.7134302244443804
791.5,30.000000352613803,1.7134302604631766,1.713430225384294
791.75,30.000000332584058,1.7134302608915093,1.7134302263163164
792.0,30.000000312607973,1.7134302613052643,1.7134302272398794
792.25,30.00000029269685,1.713430261703951,1.713430228154348
792.5,30.00000027286275,1.7134302620869792,1.7134302290590149
792.75,30.00000025311855,1.7134302624536528,1.7134302299530957
793.0,30.000000233478005,1.713430262803162,1.7134302308357232
793.25,30.0000002139558,1.713430263134576,1.713430231705943
793.5,30.000000194567612,1.7134302634468357,1.7134302325627067
793.75,30.000000175330186,1.7134302637387462,1.7134302334048663
794.0,30.00000015626139,1.713430264008968,1.713430234231169
794.25,30.000000137380287,1.713430264256009,1.7134302350402497
794.5,30.00000011870721,1.7134302644782171,1.7134302358306261
794.75,30.00000010026382,1.7134302646737691,1.7134302366006913
795.0,30.000000082073196,1.713430264840664,1.7134302373487067
795.25,30.000000064159913,1.713430264976713,1.7134302380727962
795.5,30.000000046550102,1.7134302650795294,1.7134302387709377
795.75,30.00000002927156,1.7134302651465196,1.7134302394409573
796.0,30.000000012349158,1.7134302651754456,1.7134302400809458
796.25,29.99999999568053,1.713430265179727,1.713430240700621
796.5,29.999999979215712,1.713430265166267,1.7134302413048816
796.75,29.999999962958825,1.7134302651352857,1.713430241893673
797.0,29.99999994691384,1.7134302650870081,1.7134302424669474
797.25,29.99999993108461,1.7134302650216635,1.7134302430246635
797.5,29.999999915474845,1.7134302649394848,1.713430243566787
797.75,29.999999900088124,1.713430264840709,1.7134302440932903
798.0,29.9999998849279,1.7134302647255766,1.713430244604152
798.25,29.99999986999748,1.7134302645943322,1.713430245099358
798.5,29.999999855300057,1.7134302644472235,1.7134302455788994
798.75,29.99999984083868,1.7134302642845012,1.7134302460427748
799.0,29.999999826616268,1.7134302641064199,1.7134302464909885
799.25,29.99999981263561,1.7134302639132366,1.7134302469235512
799.5,29.999999798899374,1.7134302637052117,1.7134302473404792
799.75,29.999999785410083,1.7134302634826089,1.713430247741796
800.0,29.999999772170135,1.7134302632456937,1.71343024812753
