t,x,y,z
0.0,30.0,10.0,10.0
0.25,27.799581112654867,9.992772763776907,9.99643931835445
0.5,25.754736540682668,9.970744148232667,9.980181690002583
0.75,23.85031806609184,9.933424585832523,9.948982417653161
1.0,22.073917148532498,9.880377140364807,9.902240135203769
1.25,20.415314697306037,9.811233194288137,9.83954648196533
1.5,18.866052279777758,9.72570961058931,9.760582455380554
1.75,17.41908195974778,9.623627028298955,9.665126312474754
2.0,16.06847450831137,9.504928706293315,9.553071541599802
2.25,14.809172533496564,9.36969909531898,9.424445368525667
2.5,13.636779450205871,9.21818108638107,9.27942672491563
2.75,12.547378474377961,9.050790685406216,9.118361891174258
3.0,11.53737829833109,8.868127740843416,8.941776943889689
3.25,10.60338386583227,8.670981347947777,8.750385287165601
3.5,9.742091777599592,8.460328710072194,8.54508919030981
3.75,8.950210325570302,8.237326575004351,8.326974224199551
4.0,8.224404028852183,8.00329487532671,8.097295984930792
4.25,7.561261919688646,7.759692841638858,7.857459194835063
4.5,6.957287863476723,7.508088547086518,7.608989844546318
4.75,6.40891010700028,7.2501234792462155,7.3535015861775275
5.0,5.9125062667873705,6.987474218014118,7.09265859686337
5.25,5.464439287282436,6.7218135461312505,6.828136604539446
5.5,5.061099663223965,6.454773295484353,6.561585263425934
5.75,4.698949438612225,6.187910952227979,6.294592928768754
6.0,4.374564138692161,5.922681566747808,6.028656522539067
6.25,4.084669696279587,5.660415928997223,5.765157193600578
6.5,3.826172464904588,5.40230536949549,5.505342399132305
6.75,3.5961814076300342,5.149393011192777,5.250314662509337
7.0,3.3920223980483812,4.902570880643344,5.0010263844802285
7.25,3.211245210950868,4.662582011361209,4.758279943087464
7.5,3.051624195492644,4.430026534604789,4.522732228233514
7.75,2.911153832853437,4.205370731804991,4.29490264311564
8.0,2.788040423252438,3.988958088117368,4.075183295543299
8.25,2.6806910781426145,3.7810215064629413,3.863850798598444
8.5,2.587701048511871,3.581695988215222,3.661078804462053
8.75,2.507840244636055,3.3910312388380275,3.4669506501671323
9.0,2.440039621150713,3.2090037997003478,3.28147168269961
9.25,2.3833779317369284,3.035528432495402,3.104580950258516
9.5,2.3370692100853803,2.8704685864543196,2.9361620428327875
9.75,2.3004512121429914,2.713645860490225,2.77605295853326
10.0,2.2729749588444372,2.5648484342143125,2.6240549476808077
10.25,2.2541954461656157,2.4238384861729836,2.47994033618324
10.5,2.243763536834718,2.290358647772557,2.3434593483957036
10.75,2.241419012402906,2.1641375602167168,2.2143460214018558
11.0,2.246984740806742,2.044894612111687,2.0923232803450604
11.25,2.260361900656341,1.932343939491127,1.977107253195963
11.5,2.2815261950613803,1.8261977697458787,1.868410796514906
11.75,2.3105249900899594,1.7261691877378063,1.7659465752224177
12.0,2.3474753064530227,1.6319743974098897,1.669429450477721
12.25,2.3925626036876873,1.5433345461625716,1.5785785574262432
12.5,2.446040290146474,1.4599771728683952,1.4931188207197699
12.75,2.5082299046717975,1.3816373338841395,1.4127822622476005
13.0,2.5795219100693303,1.308058455202689,1.337308936982439
13.25,2.660377044995115,1.2389929529980552,1.2664476406956235
13.5,2.7513281796763973,1.1742026594262807,1.1999564318287697
13.75,2.8529826176788506,1.1134590856632904,1.1376029453398449
14.0,2.966024784617666,1.0565435497836186,1.0791645719546228
14.25,3.0912192386236126,1.0032471932166744,1.0244285340640569
14.5,3.2294139271143845,0.9533709061236345,0.973191823168159
14.75,3.3815436084980535,0.9067251790630074,0.9252610973471723
15.0,3.5486333399525343,0.863129895753896,0.8804524971409414
15.25,3.7318019181230713,0.8224140795254172,0.8385913988556731
15.5,3.9322651424070942,0.7844156041366764,0.7995121488770219
15.75,4.151338745812776,0.7489808780320831,0.763057756229244
16.0,4.390440815459458,0.7159645097093218,0.7290795622031541
16.25,4.6510934977143,0.6852289607018153,0.6974369024157576
16.5,4.934923751672296,0.6566441916824317,0.6679967512554273
16.75,5.243662885504757,0.6300873063454805,0.6406333700149403
17.0,5.579144575937044,0.6054421970053545,0.6152279495133736
17.25,5.943301040997927,0.5825991952293007,0.591668259019065
17.5,6.338157005928973,0.561454730286018,0.5698483027469551
17.75,6.765821076336225,0.5419109977197006,0.5496679816844569
18.0,7.228474116062605,0.5238756399344886,0.5310327721773332
18.25,7.728354217078869,0.5072614402896246,0.51385341315558
18.5,8.267737856602968,0.49198603184500245,0.4980456084895802
18.75,8.848916861112391,0.4779716215591423,0.48352974614309435
19.0,9.474170844281334,0.4651447304217994,0.4702306312000608
19.25,10.14573486339199,0.45343594969984724,0.4580772364012236
19.5,10.865762146846015,0.4427797131923026,0.44700246646325226
19.75,11.636281893850766,0.4331140851292348,0.4369429416591636
20.0,12.459152330856861,0.42438056311862976,0.4278387935758346
20.25,13.336009438519183,0.41652389534597556,0.41963347695755165
20.5,14.268212026538057,0.40949191107232313,0.41227359485050147
20.75,15.256784131875996,0.40323536335888027,0.4057087368377678
21.0,16.302356034544772,0.3977077828730704,0.399891327772843
21.25,17.405105512580796,0.39286534160116904,0.394776488223654
21.5,18.564701268504653,0.3886667253049618,0.3903219037667713
21.75,19.78025073178187,0.38507301360877993,0.38648770017260636
22.0,21.050254650647677,0.3820475666822902,0.383236330643291
22.25,22.37257098337772,0.3795559175894314,0.3805324621649481
22.5,23.744390590241036,0.3775656694909355,0.37834287487539775
22.75,25.16222703745482,0.37604639701787224,0.37663635754194486
23.0,26.621922501051948,0.37496955125957837,0.3753836154426647
23.25,28.118671226490004,0.3743083679355868,0.37455717319652976
23.5,29.647061348853565,0.37403777843243013,0.37413128769254217
23.75,31.20113506095296,0.3741343234887273,0.3740818593313199
24.0,32.77446624346874,0.3745760693957276,0.37438634690233397
24.25,34.36025376104723,0.375342526649583,0.3750236873806769
24.5,35.95142775576006,0.37641457104484394,0.3759742128064861
24.75,37.54076553568449,0.3777743672348501,0.3772195752417241
25.0,39.1210130694458,0.3794052948098574,0.37874267148445395
25.25,40.68500776590328,0.3812918769551608,0.38052756994151765
25.5,42.22579813862072,0.3834197117541268,0.3825594407979589
25.75,43.73675614542399,0.3857754061960595,0.3848244910348592
26.0,45.21167842440917,0.388346512938812,0.38730989712481406
26.25,46.64487331812128,0.3911214698607351,0.39000374481670036
26.5,48.03123136759561,0.39408954242088023,0.3928949708881807
26.75,49.36627785239107,0.3972407688285839,0.3959733054101016
27.0,50.64620687229396,0.40056590800544944,0.3992292235949992
27.25,51.867897290178036,0.4040563903074566,0.4026538908068029
27.5,53.02891163148545,0.4077042709583001,0.40623910556567694
27.75,54.12747968879388,0.4115021861297242,0.40997727643302523
28.0,55.16246891475538,0.4154433115971788,0.41386138943924117
28.25,56.13334387326375,0.41952132389203795,0.4178848688138092
28.5,57.040117810234996,0.42373036383803087,0.42204171478440644
28.75,57.8832979794322,0.42806500240650125,0.4263263163983762
29.0,58.663827821535165,0.432520208759434,0.4307334812025604
29.25,59.38302770772783,0.4370913203903706,0.4352584074733706
29.5,60.042536088487864,0.44177401525587257,0.43989662643478294
29.75,60.644252677146916,0.4465642857864495,0.44464401228911904
30.0,61.19028465588169,0.4514584146783549,0.449496743028475
30.25,61.68289679818948,0.45645295236147093,0.4544512438196557
30.5,62.124466239646196,0.46154469603714265,0.4595042241402777
30.75,62.51744192595304,0.4667306701987006,0.4646526170627375
31.0,62.864309074887935,0.47200810853292857,0.4698935744077682
31.25,63.16755847690891,0.47737443711664673,0.47522444168546213
31.5,63.42966051223133,0.48282725882026445,0.4806427589447859
31.75,63.65304349018181,0.4883643388406365,0.4861462145821558
32.0,63.84007615013834,0.49398359127937497,0.49173267783820646
32.25,63.99305368051876,0.49968306670283497,0.4974001366257452
32.5,64.11418712216715,0.5054609406055516,0.5031467203764238
32.75,64.20559555624038,0.5113155027196963,0.5089706734945394
33.0,64.26930078452702,0.5172451471066275,0.5148703432426409
33.25,64.30722414502755,0.5232483629735601,0.5208441880243272
33.5,64.3211850387916,0.5293237261656659,0.5268907462007847
33.75,64.31290096318679,0.535469891280522,0.5330086351172078
34.0,64.28398865906946,0.5416855843635157,0.5391964971876883
34.25,64.23596677114067,0.5479695961158086,0.5454533545585368
34.5,64.17025743819502,0.5543207756702135,0.5517776609186646
34.75,64.08819144591988,0.5607380247056281,0.5581685222070535
35.0,63.99101087599413,0.5672202921020023,0.5646248228547094
35.25,63.87987366727857,0.57376656892294,0.5711455346334818
35.5,63.75585785177147,0.5803758837814472,0.577729673210353
35.75,63.61996590656423,0.5870472985407925,0.5843762830741828
36.0,63.47312914030659,0.593779904325716,0.5910844450221586
36.25,63.316212013023964,0.6005728178227508,0.597853273099944
36.5,63.15001632928584,0.6074251778491072,0.6046818877542774
36.75,62.97528537077383,0.6143361421659423,0.6115694430110982
37.0,62.79270781643716,0.6213048845235178,0.6185151092974764
37.25,62.6029214706338,0.6283305919199899,0.6255180391389839
37.5,62.4065170080925,0.6354124620476882,0.632577497081735
37.75,62.204041066117746,0.6425497009446399,0.6396926113012872
38.0,61.995999773079724,0.6497415207855255,0.6468626410768158
38.25,61.782861493267,0.6569871378592872,0.6540867563918953
38.5,61.56505987415949,0.6642857706690065,0.6613642284931098
38.75,61.34299625057071,0.671636638191552,0.6686942312693499
39.0,61.11704228873516,0.6790389582428981,0.6760759997730577
39.25,60.88754218789784,0.6864919459758746,0.6835087559187321
39.5,60.65481477369018,0.6939948124858497,0.6909916780520458
39.75,60.41915563553025,0.7015467635084216,0.6985240521014621
40.0,60.18083865792899,0.7091469982394272,0.7061050026292501
40.25,59.940118001163064,0.7167947082122477,0.7137337599063922
40.5,59.69722948242593,0.7244890762863747,0.7214094948237527
40.75,59.45239209860551,0.7322292757003892,0.7291313960957047
41.0,59.20580930560661,0.740014469207247,0.7368986238001713
41.25,58.957670263166975,0.7478438082756467,0.7447103289106309
41.5,58.708150994112295,0.7557164323566679,0.7525656862361435
41.75,58.45741530506555,0.7636314682224644,0.7604637766577352
42.0,58.20561595169386,0.7715880293427345,0.7684038020452113
42.25,57.95289513657551,0.7795852153560957,0.7763846923592654
42.5,57.699385991796234,0.7876221115234825,0.7844058138992204
42.75,57.445212374622635,0.7956977883421037,0.7924659727469804
43.0,57.19049051588098,0.8038113010762058,0.800564442842975
43.25,56.93532880369923,0.8119616894591953,0.8087000600812175
43.5,56.67982914665559,0.8201479773238073,0.8168720870376269
43.75,56.424086689586225,0.828369172389875,0.8250793121787515
44.0,56.168191088475325,0.8366242659742288,0.8333209392411791
44.25,55.91222622353766,0.8449122328529034,0.8415957541977841
44.5,55.65627128470207,0.8532320310529374,0.8499029094076125
44.75,55.400400508374176,0.8615826017819347,0.858241175797006
45.0,55.14468411422946,0.8699628692946433,0.8666096489675623
45.25,54.889188073372274,0.8783717408846197,0.8750070886260354
45.5,54.63397490366069,0.8868081068216098,0.8834325383385495
45.75,54.37910346045149,0.8952708404021342,0.8918847348255046
46.0,54.12462963789499,0.9037587979508703,0.9003626846105653
46.25,53.870606146543444,0.9122708189298355,0.9088650928668326
46.5,53.61708315320284,0.9208057259984901,0.9173909253559053
46.75,53.36410805613432,0.9293623251777442,0.9259388648584066
47.0,53.11172604820827,0.9379394059679214,0.9345078283399778
47.25,52.85997991963094,0.9465357415623652,0.9430964857689961
47.5,52.608910525714656,0.9551500890231617,0.9517036971079462
47.75,52.3585566446479,0.9637811895393599,0.9603281288116453
48.0,52.10895533311471,0.9724277686605942,0.9689685764378417
48.25,51.8601418625165,0.9810885365952781,0.9776237120391068
48.5,51.61214994796259,0.9897621885024036,0.9862922598878401
48.75,51.36501178298885,0.9984474048253144,0.9949729064879309
49.0,51.11875812981312,1.0071428516420249,1.0036642988823468
49.25,50.87341846841223,1.0158471810304965,1.0123651458419367
49.5,50.62902094012404,1.0245590314776056,1.0210740131746445
49.75,50.385592620638796,1.033277028272413,1.0297896375899367
50.0,50.14315931565539,1.0419997839733388,1.0385105027427683
50.25,49.90174595878142,1.0507258988267798,1.0472353756252948
50.5,49.661376266803494,1.0594539612910943,1.0559626609877801
50.75,49.42207325321442,1.0681825484790808,1.0646911542202506
51.0,49.183858760802025,1.076910226736104,1.0734191893090992
51.25,48.94675407059389,1.08563555210632,1.0821455833577316
51.5,48.71077933974293,1.0943570709608053,1.0908686127680547
51.75,48.47595427567924,1.1030733204888188,1.0995871052986395
52.0,48.24229751555441,1.1117828293703818,1.1082992971443946
52.25,48.009827328332634,1.1204841182950513,1.1170040123887859
52.5,47.778560976815854,1.1291757006722856,1.1256994670154592
52.75,47.54851540774019,1.1378560831809101,1.1343844659970022
53.0,47.31970663686625,1.146523766510096,1.1430572250053257
53.25,47.09215039066786,1.1551772459426137,1.151716516495284
53.5,46.865861547753845,1.163815012119648,1.1603605721884573
53.75,46.64085470623511,1.1724355516598044,1.1689881243116484
54.0,46.417143700436974,1.1810373479425094,1.1775974294025655
54.25,46.19474208586369,1.1896188817623599,1.1861871818013068
54.5,45.973662728536766,1.1981786321286791,1.1947556597058155
54.75,45.75391822420597,1.2067150769510844,1.2033015361125847
55.0,45.53552053249128,1.2152266938564997,1.2118230972161133
55.25,45.318481364011966,1.2237119608988964,1.220319012695846
55.5,45.102811830698876,1.232169357395355,1.228787571661604
55.75,44.888522815994364,1.2405973646553927,1.2372274396036238
56.0,44.67562464463741,1.2489944668327249,1.2456369210359473
56.25,44.46412742278047,1.2573591516738707,1.2540146723976011
56.5,44.25404074125982,1.2656899113803783,1.2623590236847304
56.75,44.045373974588856,1.2739852433760714,1.2706686195811963
57.0,43.83813602697442,1.2822436511750084,1.2789418239458352
57.25,43.63233558301547,1.2904636451661018,1.2871772684881528
57.5,43.427980902502405,1.2986437434823954,1.2953733581618312
57.75,43.22508001827162,1.3067824728013206,1.3035287115795597
58.0,43.02364058351541,1.3148783692110917,1.311641781053369
58.25,42.82367001428749,1.3229299790244555,1.3197111729769737
58.5,42.6251753911171,1.3309358596382017,1.3277353923601978
58.75,42.42816354543551,1.3388945803578844,1.3357130352186044
59.0,42.23264101555861,1.346804723246646,1.3436426636298244
59.25,42.038614077949525,1.3546648839580056,1.3515228660551277
59.5,41.84608875603706,1.3624736725704216,1.3593522650600605
59.75,41.65507079869005,1.370229714424876,1.367129445287541
60.0,41.46556573895521,1.3779316509418298,1.3748530922641968
60.25,41.27757882340142,1.3855781404599818,1.3825217914299115
60.5,41.09111511665993,1.3931678590325078,1.3901342928704212
60.75,40.90617938633898,1.4006995012630648,1.3976891881673204
61.0,40.72277624834758,1.4081717810784184,1.4051852928194555
61.25,40.5409100128212,1.4155834325575036,1.412621210477998
61.5,40.36058486458526,1.422933210677747,1.4199958222653641
61.75,40.181804676028044,1.4302198921327949,1.4273077502756293
62.0,40.00457321667879,1.4374422760500056,1.4345559409601059
62.25,39.82889393919957,1.444599184792322,1.4417390414852136
62.5,39.65477021194785,1.4516894646445502,1.4488560629980274
62.75,39.482205084245614,1.4587119865947884,1.455905684496302
63.0,39.311201535847935,1.4656656469872398,1.4628869808428715
63.25,39.14176222756652,1.4725493682785742,1.4697986696773782
63.5,38.973889761737524,1.4793620996551422,1.4766398884676737
63.75,38.80758642398207,1.4861028177597004,1.483409400208615
64.0,38.64285444904881,1.492770527271,1.4901064035765976
64.25,38.47969575930191,1.4993642615963472,1.496729713638528
64.5,38.31811223050044,1.5058830834117065,1.5032785887223317
64.75,38.158105432339404,1.5123260853156473,1.5097519025566344
65.0,37.99967688898706,1.518692390328253,1.516148971283199
65.25,37.84282782682743,1.5249811525021122,1.522468733871736
65.5,37.68755942470481,1.5311915573785277,1.5287105621528148
65.75,37.53387257388656,1.5373228225513074,1.5348734668822932
66.0,37.38176811306908,1.543374198079005,1.540956873081661
66.25,37.231246605515494,1.5493449669973876,1.5469598698394071
66.5,37.082308553939846,1.5552344456866944,1.5528819325458803
66.75,36.93495419968559,1.5610419843288013,1.5587222351221643
67.0,36.78918371268088,1.5667669672287665,1.5644803001044358
67.25,36.644997017466785,1.5724088132128682,1.5701553926720149
67.5,36.50239395353942,1.5779669759039878,1.5757470791047727
67.75,36.36137413278943,1.5834409440569326,1.581254721958982
68.0,36.221937065868694,1.5888302417874447,1.586677927738576
68.25,36.084082055235726,1.5941344288415173,1.592016162042898
68.5,35.94780828367122,1.5993531007780153,1.5972690683041948
68.75,35.81311474645666,1.6044858891691023,1.6024362200012443
69.0,35.680000298989526,1.6095324617365614,1.6075172947075536
69.25,35.5484636306598,1.6144925224809827,1.6125119774687304
69.5,35.41850326962506,1.6193658117718728,1.6174199780650111
69.75,35.290117599684514,1.6241521064039224,1.6222410952746231
70.0,35.16330482172683,1.6288512196408687,1.6269750704893067
70.25,35.03806301325129,1.6334630011979894,1.631621816433661
70.5,34.9143900477341,1.6379873372394587,1.6361811069217962
70.75,34.79228369472671,1.6424241502870955,1.6406529668037508
71.0,34.67174150024639,1.6467733991706492,1.6450372052073938
71.25,34.552760923237905,1.6510350788639139,1.64933395461068
71.5,34.43533918230146,1.6552092203869198,1.6535430642522562
71.75,34.319473422190754,1.6592958905716366,1.657664767006668
72.0,34.205160534694556,1.6632951919144479,1.6616989607080939
72.25,34.09239734536692,1.6672072622752911,1.6656459662361482
72.5,33.98118041995949,1.671032274677759,1.6695057404908604
72.75,33.8715062602879,1.6747704369464758,1.6732786820645753
73.0,33.76337110303976,1.6784219914538918,1.6769648027304045
73.25,33.65677113037721,1.6819872146953456,1.6805646045554818
73.5,33.55170224005379,1.6854664169916391,1.6840781217487253
73.75,33.44816029528971,1.6888599419948365,1.687505972475328
74.0,33.34614085358849,1.692168166353246,1.6908482160592293
74.25,33.24563945112311,1.6953914991514663,1.6941055622881873
74.5,33.14665131101757,1.6985303815328607,1.697278128975266
74.75,33.04917162984564,1.7015852860877212,1.7003666728015414
75.0,32.953195304751375,1.7045567164215405,1.7033714151247348
75.25,32.858717179493006,1.707445206509619,1.706293109891258
75.5,32.765731832342766,1.7102513201982128,1.709132122141484
75.75,32.674233744834346,1.7129756505425975,1.7118891679025061
76.0,32.58421717885591,1.7156188192329365,1.7145647758401281
76.25,32.49567624968806,1.7181814759265819,1.7171596107417109
76.5,32.40860490035257,1.7206642975980755,1.7196743619249175
76.75,32.322996881203615,1.7230679878690125,1.722109652041881
77.0,32.23884580989488,1.7253932762892639,1.7244663083046394
77.25,32.156145077228544,1.727640917661137,1.7267449374584356
77.5,32.074887966189074,1.7298116912650165,1.7289464666216685
77.75,31.995067513735684,1.7319064001705637,1.7310715133642325
78.0,31.91667666456005,1.7339258704196066,1.7331210895325257
78.25,31.839708100504325,1.7358709503239094,1.735095816934068
78.5,31.76415443164561,1.7377425096079586,1.7369968080473144
78.75,31.690007985412233,1.7395414387005372,1.7388246890823826
79.0,31.617261022735992,1.7412686478461141,1.7405806020416175
79.25,31.545905537891336,1.7429250663739448,1.7422652708602044
79.5,31.475933423580464,1.7445116418125832,1.7438797704420346
79.75,31.40733635674638,1.7460293391100519,1.7454249893577325
80.0,31.340105856826668,1.7474791397784855,1.7469019002180608
80.25,31.27423328458782,1.7488620410578144,1.7483115519779322
80.5,31.209709795857986,1.7501790550943235,1.749654845848121
80.75,31.146526426272775,1.7514312080622914,1.7509329352843708
81.0,31.084673980761586,1.7526195393645159,1.7521466929746625
81.25,31.024143170801715,1.7537451007291622,1.753297363885103
81.5,30.964924455778426,1.7548089554298383,1.7543857973198755
81.75,30.907008216449594,1.7558121773681459,1.7554132764029386
82.0,30.850384588320118,1.7567558503005192,1.7563807072509294
82.25,30.795043599525414,1.757641066940297,1.7572892787111638
82.5,30.740975089084852,1.7584689281559158,1.7581400589680356
82.75,30.688168731251547,1.759240542129275,1.758934105034972
83.0,30.636614070397858,1.7599570235150086,1.7596726252382309
83.25,30.586300445508193,1.7606194926533913,1.7603566000753612
83.5,30.537217103473157,1.7612290747098507,1.760987328593609
83.75,30.48935306519659,1.7617868989284597,1.7615657599950096
84.0,30.442697271635105,1.7622940977742283,1.7620932018855748
84.25,30.397238453039385,1.7627518062040612,1.7625706641767567
84.5,30.352965223159238,1.7631611608512696,1.762999312073906
84.75,30.309866051962445,1.7635232992734873,1.7633803193234026
85.0,30.26792923898332,1.763839359212305,1.7637147223014031
85.25,30.227142992254496,1.7641104778193215,1.7640037993312576
85.5,30.187495324956927,1.7643377909747113,1.764248541647276
85.75,30.148974176204476,1.7645224325216142,1.7644502411708272
86.0,30.11156730091629,1.7646655336156658,1.7646099253252552
86.25,30.075262345932646,1.7647682220077985,1.7647287213181129
86.5,30.040046845036837,1.764831621377682,1.7648078154760296
86.75,30.005908174134557,1.764856850700543,1.7648482110227453
87.0,29.97283364821411,1.7648450235675381,1.7648511980167962
87.25,29.940810405490428,1.764797247616631,1.7648177526763151
87.5,29.909825508521518,1.764714623884538,1.7647490274956728
87.75,29.87986590426414,1.764598246238229,1.764646131301297
88.0,29.850918413430755,1.7644492008111161,1.764510055587449
88.25,29.82296980782785,1.7642685654178887,1.7643420454076
88.5,29.796006707088537,1.7640574090677699,1.7641430567706329
88.75,29.770015666147977,1.7638167914111968,1.7639141778161784
89.0,29.744983151880824,1.7635477622542624,1.7636564893478983
89.25,29.720895524483595,1.7632513610897378,1.763370948310409
89.5,29.697739109462933,1.7629286166062899,1.7630587306618486
89.75,29.675500111291633,1.7625805462873678,1.762720770437785
90.0,29.654164670807354,1.7622081559646938,1.762358027653592
90.25,29.63371889649957,1.761812439402283,1.7619716239480532
90.5,29.614148797055034,1.7613943779437313,1.761562475776807
90.75,29.59544033149386,1.7609549401256948,1.7611315248238957
91.0,29.577579426887727,1.7604950813247395,1.7606798036426752
91.25,29.560551939028148,1.7600157434486732,1.7602082105658274
91.5,29.54434370044732,1.7595178546073265,1.7597177288465626
91.75,29.528940483338673,1.7590023288402084,1.7592092123871232
92.0,29.514328047360053,1.7584700658244337,1.7586836034050681
92.25,29.50049211833452,1.7579219506320518,1.7581417980237284
92.5,29.487418396015084,1.757358853492433,1.7575846596354743
92.75,29.475092566854766,1.7567816295703038,1.7570130576213525
93.0,29.463500305539686,1.7561911187665615,1.7564278486756217
93.25,29.452627276302955,1.755588145536652,1.7558298568886894
93.5,29.442459105976727,1.754973518738913,1.755219709749612
93.75,29.43298154487418,1.7543480314151085,1.7545986309702661
94.0,29.424180201575567,1.7537124607798773,1.7539670625206663
94.25,29.41604078481939,1.7530675679977292,1.7533258700751106
94.5,29.40854900254118,1.7524140981307825,1.752675801807192
94.75,29.401690587943495,1.7517527800449009,1.752017594361128
95.0,29.395451303363544,1.751084326341233,1.7513519657715366
95.25,29.389816947323656,1.7504094333013511,1.7506796246592267
95.5,29.384773355223654,1.7497287808499353,1.7500012471822377
95.75,29.38030641125736,1.7490430325267123,1.749317511215178
96.0,29.376402048076,1.748352835477862,1.748629068346453
96.25,29.373046253882173,1.7476588204576349,1.7479365538593858
96.5,29.37022507974281,1.7469616018430518,1.74724059800554
96.75,29.367924637475213,1.7462617776656368,1.7465417896363742
97.0,29.366131114929264,1.7455599296477085,1.745840728434265
97.25,29.36483077275487,1.7448566232590057,1.745137983396813
97.5,29.364009952458765,1.7441524077798223,1.744434108959349
97.75,29.36365508233682,1.7434478163762939,1.7437296506328823
98.0,29.36375267765053,1.7427433661890575,1.7430251218368022
98.25,29.364289352372538,1.742039558427099,1.7423210397165694
98.5,29.365251816026916,1.7413368784782721,1.7416178858591875
98.75,29.3666268861474,1.7406357960223804,1.7409161465005119
99.0,29.368401480677253,1.7399367651624371,1.740216251703005
99.25,29.370562659289796,1.7392402245427518,1.7395187621842974
99.5,29.373097538053575,1.7385465975321892,1.7388239168963555
99.75,29.375993420144987,1.737856292318529,1.7381322722474946
100.0,29.37923769547581,1.7371697021140313,1.7374441748064804
100.25,29.3828178966797,1.736487205298098,1.736760024102277
100.5,29.386721687345872,1.7358091655971233,1.736080193921413
100.75,29.390936863446047,1.735135932264861,1.7354050208398704
101.0,29.39545136773743,1.7344678402630633,1.734734858617763
101.25,29.400253284115436,1.7338052104567805,1.7340700322414881
101.5,29.405330843887516,1.7331483498096647,1.7334108526152832
101.75,29.410672429249747,1.732497551585509,1.7327576177786683
102.0,29.416266576932696,1.7318530955543414,1.7321106156013124
102.25,29.42210197873095,1.7312152482041983,1.73147011149976
102.5,29.428167489410434,1.7305842629535666,1.7308363737957204
102.75,29.43445212256821,1.72996038037282,1.7302096393531432
103.0,29.44094506005679,1.7293438284029192,1.7295901478550126
103.25,29.44763564957023,1.7287348225823815,1.7289781174586267
103.5,29.454513408270167,1.728133566274244,1.728373751397776
103.75,29.461568028233184,1.7275402508946216,1.7277772543286847
104.0,29.468789371910663,1.7269550561477933,1.7271887995041768
104.25,29.47616748333826,1.726378150256128,1.726608575252438
104.5,29.48369257934897,1.725809690200426,1.7260367323838013
104.75,29.49135505843895,1.7252498219537176,1.725473420364722
105.0,29.499145502060205,1.724698680719452,1.7249187863698687
105.25,29.50705466963173,1.7241563911732374,1.7243729438236042
105.5,29.515073512274135,1.7236230676968536,1.7238360347461517
105.75,29.523193158223226,1.7230988146250723,1.7233081519756577
106.0,29.53140492431193,1.7225837264810646,1.7227893916982113
106.25,29.539700316818948,1.7220778882163612,1.7222798537304311
106.5,29.548071023621258,1.7215813754543146,1.7217795994158425
106.75,29.556508929566306,1.7210942547227968,1.7212887252885563
107.0,29.56500609965517,1.7206165837003355,1.7208072778774088
107.25,29.573554788168845,1.7201484114499206,1.7203352977678734
107.5,29.582147445106195,1.7196897786529226,1.719872850838427
107.75,29.590776701229526,1.7192407178511417,1.719419954409095
108.0,29.599435383683236,1.7188012536740251,1.7189766551473777
108.25,29.60811650289283,1.7183714030769206,1.7185429656780165
108.5,29.616813254433342,1.7179511755710397,1.7181188758142463
108.75,29.62551903425761,1.7175405734457443,1.7177044301384856
109.0,29.63422741188595,1.717139592007237,1.7172995989441573
109.25,29.642932151385143,1.7167482197942403,1.7169043853374544
109.5,29.65162720035469,1.7163664388054498,1.7165187751943207
109.75,29.660306685448777,1.7159942247217868,1.7161427199638999
110.0,29.66896493194534,1.7156315471157326,1.7157762381553117
110.25,29.677596431568286,1.7152783696806917,1.7154192629855598
110.5,29.686195865458295,1.7149346504336813,1.715071761615544
110.75,29.69475809481277,1.7146003419294134,1.7147336959205102
111.0,29.70327815294158,1.7142753914709505,1.714404990816506
111.25,29.71175126356151,1.7139597413060965,1.7140856316443098
111.5,29.720172811458745,1.713653328841558,1.7137755285049567
111.75,29.728538361759497,1.713356086832982,1.713474619292274
112.0,29.73684365264953,1.713067943583481,1.71318284294076
112.25,29.745084586850506,1.712788823139586,1.712900107084923
112.5,29.75325724473927,1.712518645474662,1.7126263619126803
112.75,29.761357862790472,1.7122573266841554,1.7123615048251108
113.0,29.76938284562322,1.7120047791630457,1.712105449737393
113.25,29.77732876169338,1.7117609117871155,1.7118581167032494
113.5,29.785192334452635,1.711525630092879,1.7116193997726876
113.75,29.792970450506978,1.7112988364468371,1.7113892180859582
114.0,29.800660146278858,1.7110804302206761,1.7111674623631723
114.25,29.80825861239214,1.7108703079554444,1.7109540281076134
114.5,29.815763191889836,1.7106683635250195,1.7107488189335192
114.75,29.82317137211029,1.7104744882989202,1.7105517192474315
115.0,29.830480788217084,1.7102885712966935,1.7103626238934413
115.25,29.837689216748473,1.7101104993432117,1.710181419384095
115.5,29.844794573851544,1.7099401572185422,1.7100079881204262
115.75,29.851794914952837,1.7097774278038058,1.7098422197411218
116.0,29.85868842823385,1.709622192226303,1.7096839924951268
116.25,29.865473434198098,1.7094743299986386,1.709533184364379
116.5,29.872148384026087,1.709333719154984,1.7093896783901485
116.75,29.878711853863926,1.7092002363857326,1.7092533483548142
117.0,29.885162545076877,1.7090737571662324,1.70912407351306
117.25,29.89149927931394,1.70895415588443,1.7090017281997902
117.5,29.897720995420176,1.7088413059643928,1.7088861804726034
117.75,29.903826750370428,1.7087350799848249,1.7087773102905846
118.0,29.90981571172587,1.7086353497979492,1.7086749866151132
118.25,29.915687157851558,1.708541986641812,1.708579082163673
118.5,29.921440474195503,1.7084548612510708,1.7084894690702401
118.75,29.92707514877395,1.7083738439649208,1.7084060107026953
119.0,29.932590774418003,1.7082988048289718,1.7083285862035844
119.25,29.937987039884117,1.708229613698769,1.7082570610709806
119.5,29.943263730933143,1.7081661403359418,1.7081913059750873
119.75,29.94842072663035,1.7081082545033446,1.7081311923781206
120.0,29.953457994501303,1.7080558260576522,1.7080765825666488
120.25,29.95837559344248,1.7080087250356495,1.7080273571233742
120.5,29.96317366376381,1.7079668217430704,1.7079833800730269
120.75,29.967852429441436,1.7079299868352966,1.7079445230031787
121.0,29.97241219400019,1.7078980913978974,1.7079106582708636
121.25,29.976853336329995,1.7078710070243643,1.707881651793219
121.5,29.981176312299546,1.7078486058885638,1.7078573837389532
121.75,29.98538164649181,1.707830760818653,1.7078377213619558
122.0,29.98946993377012,1.7078173453640793,1.7078225392132498
122.25,29.9934418353849,1.7078082338622296,1.7078117128337342
122.5,29.997298074497117,1.7078033015027025,1.7078051094963551
122.75,30.00103943972585,1.7078024243855585,1.7078026175459795
123.0,30.00466677391,1.707805479583333,1.7078041041890522
123.25,30.00818097902266,1.707812345193652,1.7078094511207518
123.5,30.0115830102193,1.7078229003940235,1.7078185375194812
123.75,30.014873872148726,1.7078370254932445,1.7078312338063815
124.0,30.01805462392022,1.7078546019767427,1.7078474370000898
124.25,30.02112636451055,1.7078755125579301,1.7078670115055306
124.5,30.024090248582684,1.7078996412143042,1.7078898764681067
124.75,30.026947454262892,1.7079268732417916,1.707915861151015
125.0,30.029699221993262,1.707957095276592,1.7079449030337321
125.25,30.03234680888084,1.7079901953508976,1.7079768380458773
125.5,30.034891528591142,1.7080260629100352,1.7080116032791999
125.75,30.037334717105974,1.7080645888591481,1.7080490818872305
126.0,30.039677738072164,1.7081056655909819,1.7080891387773838
126.25,30.041921997941955,1.7081491870075256,1.70813170330077
126.5,30.044068906453656,1.70819504856301,1.7081765881516373
126.75,30.046119943408918,1.7082431472597315,1.7082238206613825
127.0,30.048076564558375,1.7082933817105783,1.7082731980341948
127.25,30.049940278757532,1.708345652126785,1.7083246682774267
127.5,30.051712608575937,1.7083998603535944,1.708378148919255
127.75,30.053395054930892,1.7084559099024694,1.7084333649606849
128.0,30.054989233257693,1.7085137059085913,1.7084905136787059
128.25,30.05649665909461,1.7085731552360286,1.708549238876658
128.5,30.05791898915149,1.708634166387343,1.7086098010417659
128.75,30.05925771428302,1.70869664964507,1.7086716046851507
129.0,30.060514514332226,1.7087605169298161,1.7087349166303782
129.25,30.06169098612261,1.7088256819238632,1.7087995617961675
129.5,30.062788742456366,1.7088920600353334,1.708865407546043
129.75,30.063809460166976,1.7089595683826841,1.708932602219608
130.0,30.06475469035126,1.7090281258791273,1.7090006667989774
130.25,30.065626133686926,1.7090976531176925,1.709069828810549
130.5,30.066425399965663,1.7091680724746703,1.7091398691453876
130.75,30.0671541375268,1.7092393080543118,1.7092107521909092
131.0,30.067814010644565,1.7093112856970856,1.7092825226752766
131.25,30.06840660433992,1.7093839330176936,1.7093548523206819
131.5,30.068933600577772,1.7094571793264077,1.7094278949725852
131.75,30.06939659762347,1.7095309557012857,1.7095014207943644
132.0,30.069797242354774,1.7096051949260813,1.709575459428549
132.25,30.070137168901876,1.7096798315096224,1.709650009032747
132.5,30.07041794993968,1.7097548016988429,1.709724806083487
132.75,30.070641232087837,1.709830043412459,1.7097999829951536
133.0,30.070808572075816,1.7099054963012046,1.7098752823012537
133.25,30.07092159861849,1.7099811016684687,1.7099508416706768
133.5,30.070981877061033,1.7100568025167042,1.710026545070332
133.75,30.070990956141358,1.7101325435154695,1.710102252178013
134.0,30.070950415147852,1.71020827096853,1.7101780296259388
134.25,30.070861753766287,1.7102839328472446,1.7102536231065166
134.5,30.070726557760807,1.7103594787057361,1.7103292601508797
134.75,30.07054630484102,1.7104348597486847,1.7104047166872347
135.0,30.07032250053165,1.7105100287578858,1.7104799756792557
135.25,30.07005663669787,1.7105849400937547,1.7105550299596477
135.5,30.069750144624226,1.7106595496985721,1.7106296585366416
135.75,30.069404538388607,1.7107338150180829,1.710704121222471
136.0,30.069021203199988,1.7108076950738762,1.7107781395350687
136.25,30.068601579852434,1.7108811503664503,1.7108517893304889
136.5,30.068147060361753,1.7109541429009023,1.7109249992841964
136.75,30.06765899806569,1.711026636163391,1.7109976016804471
137.0,30.067138810631942,1.7110985950575721,1.7110698317204394
137.25,30.066587791160398,1.7111699859650855,1.7111414173007187
137.5,30.066007297019343,1.7112407766446462,1.7112124924724772
137.75,30.06539860956936,1.7113109362710983,1.711282921673106
138.0,30.06476300007592,1.7113804353862532,1.7113526194353157
138.25,30.0641017700494,1.7114492458603248,1.7114217466044628
138.5,30.063416122110564,1.7115173409253728,1.711490087828371
138.75,30.062707317349577,1.7115846950863176,1.7115578127439715
139.0,30.061976513070036,1.7116512841680467,1.7116246931886998
139.25,30.06122490176614,1.7117170852338315,1.711690775450533
139.5,30.060453654705633,1.7117820765869027,1.7117561085589772
139.75,30.05966388399647,1.7118462377639885,1.7118205616523967
140.0,30.058856742925325,1.7119095494697136,1.7118843094347393
140.25,30.058033265558333,1.7119719936221285,1.7119470575392293
140.5,30.05719455811314,1.712033553248032,1.7120089677685097
140.75,30.056341658852414,1.7120942125196552,1.7120699813304112
141.0,30.055475587076717,1.7121539567105926,1.712130055822477
141.25,30.05459737994727,1.7122127721568596,1.7121893434192876
141.5,30.05370795733894,1.7122706462913388,1.7122475375684998
141.75,30.052808326263907,1.7123275675332499,1.7123048612704648
142.0,30.051899397123005,1.7123835253433262,1.7123611786384878
142.25,30.05098209322855,1.7124385101538107,1.7124165242587153
142.5,30.050057331046755,1.7124925133536706,1.7124710074690939
142.75,30.04912592757804,1.712545527304984,1.712524364100404
143.0,30.048188778369738,1.7125975452438087,1.7125768170410525
143.25,30.04724667336283,1.7126485613357927,1.712628185154304
143.5,30.046300442377348,1.7126985705910889,1.7126785864653271
143.75,30.04535087508629,1.7127475688756877,1.712728050543977
144.0,30.044398697443505,1.7127955528987584,1.7127764038053384
144.25,30.043444685685863,1.7128425201413313,1.7128238204115205
144.5,30.042489516514294,1.7128884688978356,1.7128700966879207
144.75,30.041533933510415,1.712933398182667,1.7129154555848354
145.0,30.040578593619802,1.7129773077736177,1.7129598030371405
145.25,30.039624141634608,1.7130201981580544,1.7130030874835185
145.5,30.0386712328384,1.7130620705014135,1.7130454085953701
145.75,30.037720440997756,1.7131029266648987,1.7130865709967307
146.0,30.036772420314485,1.713142769114818,1.7131268671843305
146.25,30.035827704384303,1.7131816009872922,1.713166103379112
146.5,30.03488685940008,1.7132194260017524,1.7132043400370724
146.75,30.03395042401781,1.713256248465846,1.7132415996866415
147.0,30.033018879558764,1.7132920732676222,1.7132777215016457
147.25,30.032092784155257,1.7133269057978393,1.7133130096752214
147.5,30.031172565202073,1.7133607520186303,1.713347227291892
147.75,30.030258708953927,1.7133936183625975,1.7133805131515611
148.0,30.029351645515305,1.7134255117624109,1.7134128236309178
148.25,30.0284517736279,1.7134564396208978,1.7134440514225469
148.5,30.027559550026456,1.7134864097537683,1.7134744570486826
148.75,30.026675314505972,1.713515430445666,1.7135038202926047
149.0,30.02579947342975,1.713543510353169,1.713532327688792
149.25,30.02493235211315,1.7135706585497188,1.7135598561755896
149.5,30.024074281660475,1.713596884470537,1.7135863923496135
149.75,30.02322561413809,1.7136221978884825,1.7136121046391393
150.0,30.022386617783926,1.7136466089415412,1.7136368342374282
150.25,30.02155762099047,1.7136701280541549,1.7136607912720392
150.5,30.020738847838476,1.7136927659908412,1.7136837565563336
150.75,30.01993057611031,1.7137145337721171,1.7137058457614305
151.0,30.01913305480217,1.7137354426936406,1.7137271083434678
151.25,30.018346492132025,1.7137555043154986,1.7137474679739095
151.5,30.017571139401063,1.7137747304107658,1.7137671275001731
151.75,30.016807134556334,1.7137931330172338,1.713785809380154
152.0,30.016054703147493,1.7138107243364693,1.7138037281175467
152.25,30.015314001260812,1.7138275167864283,1.7138208276350069
152.5,30.01458518423938,1.7138435229577431,1.713837112858983
152.75,30.013868428430065,1.7138587555904168,1.713852753698301
153.0,30.0131638048489,1.713873227614236,1.7138674712251272
153.25,30.01247148209591,1.7138869520485287,1.7138815197951636
153.5,30.01179153799197,1.7138999420697594,1.71389477256297
153.75,30.011124079826093,1.7139122109473013,1.7139073029210374
154.0,30.010469212482853,1.7139237720446536,1.7139192285782763
154.25,30.00982695842616,1.7139346388415866,1.7139303221984168
154.5,30.009197424455838,1.7139448248509248,1.7139408184159095
154.75,30.00858062322803,1.7139543436834737,1.7139505471339784
155.0,30.007976625458802,1.713963208971647,1.7139596700301563
155.25,30.00738546203391,1.713971434400501,1.7139682045586275
155.5,30.006807124042492,1.7139790336971352,1.7139760226970076
155.75,30.006241654943675,1.7139860205809376,1.713983296460744
156.0,30.005689014721572,1.7139924088117875,1.7139898378425165
156.25,30.00514924619075,1.7139982121091362,1.7139959038546229
156.5,30.00462230807383,1.7140034442141197,1.7140013857755323
156.75,30.004108171446084,1.7140081188391556,1.714006275464208
157.0,30.00360681960072,1.714012249659195,1.7140106633959782
157.25,30.00311817316707,1.714015850335288,1.71401437421204
157.5,30.002642245004914,1.7140189344399974,1.7140177165835517
157.75,30.002178935986613,1.7140215155369403,1.7140204915647783
158.0,30.00172820030443,1.7140236071023025,1.7140227929887581
158.25,30.0012899684146,1.7140252225504617,1.7140246325249768
158.5,30.00086413323336,1.7140263752327858,1.7140258714817342
158.75,30.000450672330143,1.714027078378431,1.7140268122180948
159.0,30.00004944758107,1.714027345173604,1.7140272252597049
159.25,29.99966039529619,1.7140271886737812,1.7140272702242696
159.5,29.999283401968476,1.7140266218508933,1.7140268920238892
159.75,29.99891834295289,1.7140256575709496,1.7140260072990252
160.0,29.998565156033354,1.7140243085569686,1.7140248601054255
160.25,29.998223682089385,1.714022587451951,1.714023247974407
160.5,29.99789384040346,1.7140205067387064,1.7140213711074221
160.75,29.997575473894194,1.7140180788013604,1.7140190806107407
161.0,29.997268457181132,1.7140153158744702,1.7140164015842907
161.25,29.99697268430299,1.7140122300439415,1.7140134725068394
161.5,29.996687988938238,1.7140088332771082,1.7140101572271587
161.75,29.996414273312087,1.714005137363596,1.7140066692253682
162.0,29.996151342586575,1.7140011539826283,1.7140027673080078
162.25,29.9958990791543,1.7139968946248827,1.7139986000680412
162.5,29.995657335610755,1.7139923706351194,1.7139941857776166
162.75,29.995425946774144,1.713987593203996,1.7139894697516012
163.0,29.995204796704932,1.713982573336524,1.7139846485259413
163.25,29.994993667451446,1.713977321914264,1.7139794352588238
163.5,29.994792445629102,1.7139718496043643,1.7139740609202097
163.75,29.99460095160197,1.7139661669305273,1.7139684448297507
164.0,29.99441902497359,1.713960284234324,1.713962608513297
164.25,29.99424653144558,1.7139542116703848,1.7139567081525213
164.5,29.99408324646969,1.713947959254574,1.7139504693974414
164.75,29.993929052692486,1.7139415367778597,1.71394414435544
165.0,29.993783750114314,1.7139349538863284,1.713937589939189
165.25,29.993647185135615,1.713928220024703,1.713930893105049
165.5,29.993519205057268,1.7139213444548287,1.7139241494155875
165.75,29.993399593213528,1.713914336282615,1.7139171476730553
166.0,29.99328822065961,1.7139072043923247,1.7139101050441448
166.25,29.993184875673048,1.713899957519088,1.7139028393293692
166.5,29.993089421490655,1.7138926041808953,1.7138955334687054
166.75,29.99300167910969,1.713885152728557,1.7138881663977397
167.0,29.99292145268958,1.713877611334686,1.7138806356551872
167.25,29.9928485976189,1.7138699879645303,1.7138730869666614
167.5,29.99278289968401,1.7138622904278884,1.713865327540687
167.75,29.992724240148693,1.7138545263086198,1.713857626273589
168.0,29.992672415776525,1.7138467030421527,1.713849840179235
168.25,29.99262725641802,1.7138388278655887,1.7138419842539556
168.5,29.99258860226465,1.7138309078280571,1.7138341206340044
168.75,29.99255624556343,1.7138229498164124,1.7138260753842127
169.0,29.99253007815708,1.713814960492825,1.7138181536947252
169.25,29.992509884626166,1.7138069463843626,1.7138101360292528
169.5,29.992495518062597,1.713798913808679,1.713802130304841
169.75,29.992486807446788,1.7137908689148282,1.7137941221900859
170.0,29.992483558504922,1.7137828176841043,1.7137859788627365
170.25,29.992485664096098,1.7137747658840288,1.7137779840563276
170.5,29.992492911573603,1.713766719152288,1.7137699032886138
170.75,29.992505171987894,1.7137586829171054,1.7137619012372476
171.0,29.99252226671806,1.713750662455935,1.7137538944950217
171.25,29.99254402176502,1.7137426628738015,1.7137458145943791
171.5,29.99257032266549,1.7137346890814424,1.7137378740463438
171.75,29.992600972531488,1.7137267458578969,1.7137298774844225
172.0,29.992635857524814,1.7137188377813939,1.7137220239921909
172.25,29.99267478662949,1.7137109692998889,1.7137141296813618
172.5,29.992717619224962,1.7137031446783175,1.7137062462079842
172.75,29.992764226224036,1.7136953680172302,1.713698472036086
173.0,29.992814434824997,1.7136876432784962,1.713690684251731
173.25,29.992868141599903,1.7136799742389217,1.7136830868466786
173.5,29.992925148095367,1.713672364562823,1.7136754131617433
173.75,29.992985347527895,1.7136648177241853,1.7136678311940505
174.0,29.9930485966961,1.7136573370637616,1.7136603221817792
174.25,29.99311474988911,1.7136499257767774,1.713652844904347
174.5,29.99318370916324,1.7136425868936673,1.713645579369742
174.75,29.9932552804558,1.7136353233440358,1.7136382288393812
175.0,29.99332938152094,1.7136281378698914,1.7136310281739198
175.25,29.993405861559392,1.7136210331052975,1.7136238689377485
175.5,29.993484600936245,1.713614011536031,1.7136167829156144
175.75,29.993565503532295,1.7136070755052644,1.7136099049190123
176.0,29.993648392132283,1.7136002272608208,1.7136029653664395
176.25,29.993733196925607,1.7135934688768415,1.7135962043866417
176.5,29.993819767319188,1.7135868023368848,1.7135894591025986
176.75,29.99390800965384,1.713580229477383,1.71358283145845
177.0,29.993997824468572,1.7135737520170067,1.7135763839265918
177.25,29.994089061933416,1.713567371578249,1.7135699233476038
177.5,29.994181654325477,1.7135610896331561,1.7135636433494976
177.75,29.99427545608088,1.7135549075743641,1.7135573486620552
178.0,29.99437040591909,1.713548826648133,1.7135512413245984
178.25,29.994466390333855,1.7135428480153383,1.7135452586912858
178.5,29.994563295121875,1.7135369727318999,1.713539323328162
178.75,29.994661048542074,1.7135312017327815,1.7135335523182975
179.0,29.9947595163709,1.7135255358794552,1.7135277483772056
179.25,29.99485866465486,1.713519975892655,1.713522189112134
179.5,29.994958368339518,1.7135145224368535,1.7135166990531416
179.75,29.995058548367076,1.7135091760639918,1.7135113145172693
180.0,29.995159127601728,1.713503937234826,1.7135060699280582
180.25,29.99525998877312,1.7134988063393943,1.7135007939385658
180.5,29.995361113876932,1.7134937836397288,1.71349578545567
180.75,29.995462376939688,1.7134888693610648,1.7134908088125018
181.0,29.995563727621008,1.7134840636155837,1.7134859841391332
181.25,29.995665085207126,1.7134793664502193,1.7134812734124882
181.5,29.99576635328602,1.7134747778427397,1.713476551704774
181.75,29.995867517843113,1.713470297662072,1.7134720829257033
182.0,29.995968464280935,1.7134659257490281,1.713467632666296
182.25,29.99606916366026,1.7134616618388228,1.7134633713567922
182.5,29.99616953068393,1.7134575056242034,1.7134591857550716
182.75,29.99626949602096,1.7134534567267294,1.713455029742385
183.0,29.99636903911775,1.713449514684956,1.7134510835225134
183.25,29.996468066458633,1.7134456790088035,1.713447163457086
183.5,29.996566565349717,1.7134419491158643,1.7134434678351973
183.75,29.996664440076454,1.7134383244037565,1.7134397825771503
184.0,29.99676165762036,1.7134348041898353,1.7134361878897746
184.25,29.996858183125806,1.713431387740947,1.7134327454919935
184.5,29.996953949109862,1.7134280742886983,1.7134293494602502
184.75,29.99704895218749,1.7134248629900701,1.713426195336606
185.0,29.997143091896262,1.7134217529984859,1.7134229988039398
185.25,29.997236366828,1.7134187433817807,1.7134199467687994
185.5,29.997328728564554,1.7134158331867382,1.7134169893082245
185.75,29.99742013569518,1.7134130214178722,1.7134141017156124
186.0,29.997510587879848,1.71341030702474,1.7134114497943156
186.25,29.997599990768595,1.7134076889616685,1.7134087350821037
186.5,29.997688362425343,1.713405166101168,1.7134061958165463
186.75,29.997775646788384,1.7134027373156373,1.7134037026718487
187.0,29.99786182548173,1.7134004014312398,1.7134013010085563
187.25,29.997946896397615,1.7133981572388133,1.7133991071819648
187.5,29.998030781979445,1.7133960035348612,1.713396864027844
187.75,29.998113506463845,1.7133939390473012,1.7133948003273545
188.0,29.998195011898627,1.7133919625159097,1.713392738970841
188.25,29.998275304064293,1.7133900726314208,1.713390804570738
188.5,29.99835437050202,1.713388268072209,1.7133890261966351
188.75,29.998432159640668,1.7133865475147625,1.713387236336859
189.0,29.998508691458877,1.7133849095877896,1.7133856075572482
189.25,29.998583910132453,1.7133833529367994,1.713383938270756
189.5,29.998657848927465,1.7133818761549093,1.713382452311353
189.75,29.99873047593108,1.7133804778503239,1.7133810511750882
190.0,29.998801770912102,1.7133791566147807,1.7133796868027524
190.25,29.998871743929737,1.7133779110169127,1.7133784519471924
190.5,29.998940346871215,1.7133767396414399,1.7133771514583112
190.75,29.99900763227162,1.7133756410224086,1.7133760723962494
191.0,29.999073553468975,1.713374613730025,1.7133750153327163
191.25,29.999138118447643,1.7133736563059605,1.7133740403361786
191.5,29.999201326412173,1.713372767291684,1.7133731596311625
191.75,29.99926314153447,1.7133719452408442,1.7133722104765854
192.0,29.99932362308575,1.7133711886646323,1.7133714861851912
192.25,29.99938272074652,1.7133704961205243,1.7133707439467365
192.5,29.999440462950655,1.7133698661326473,1.7133701180534682
192.75,29.999496839739145,1.713369297242964,1.7133695521287586
193.0,29.999551830771914,1.7133687880002455,1.713368935071051
193.25,29.999605490142063,1.7133683369246897,1.71336851236414
193.5,29.999657775475935,1.7133679425820325,1.713368057717119
193.75,29.999708728875856,1.7133676035069274,1.7133677503906712
194.0,29.99975832720278,1.713367318267924,1.7133674495264248
194.25,29.999806573932737,1.7133670854289467,1.7133671395906003
194.5,29.999853507350664,1.7133669035465735,1.7133669702297347
194.75,29.999899101416077,1.7133667712132628,1.7133667758188456
195.0,29.999943406122412,1.713366686997966,1.7133667560296437
195.25,29.999986381882987,1.713366649517768,1.7133666730952
195.5,30.000028061790644,1.7133666573690658,1.713366638541647
195.75,30.000068462653395,1.713366709166321,1.7133666820321949
196.0,30.00010757829357,1.713366803545552,1.7133667190086714
196.25,30.00014545959723,1.713366939130642,1.713366938875745
196.5,30.000182058238316,1.7133671146008402,1.713367047532124
196.75,30.00021742955122,1.7133673286044113,1.7133672509696205
197.0,30.00025157141307,1.7133675798281602,1.7133674743282676
197.25,30.000284496531854,1.7133678669669596,1.713367712447974
197.5,30.00031625091595,1.7133681887163046,1.713368119516734
197.75,30.000346788815254,1.7133685438263189,1.71336840292845
198.0,30.00037617496358,1.713368931015546,1.7133688038116686
198.25,30.00040439503038,1.7133693490525321,1.713369178255212
198.5,30.000431477485552,1.7133697967039963,1.7133695881825717
198.75,30.00045745900511,1.7133702727499975,1.7133701337502643
199.0,30.000482306721388,1.7133707760175587,1.7133705765394132
199.25,30.000506082130805,1.7133713053107684,1.7133711342347826
199.5,30.000528763648013,1.7133718594870626,1.7133716205127263
199.75,30.000550399715774,1.713372437391909,1.7133721873705723
200.0,30.0005710068411,1.713373037902718,1.7133728309267628
200.25,30.000590574346873,1.7133736599270302,1.7133734145462978
200.5,30.000609151490476,1.7133743023653998,1.7133740912558482
200.75,30.000626714336782,1.713374964168599,1.7133746584680474
201.0,30.000643331615485,1.7133756442667434,1.713375362095375
201.25,30.00065899477586,1.7133763416422232,1.7133760727862588
201.5,30.000673718625766,1.7133770552867278,1.7133767738745609
201.75,30.000687536196644,1.7133777842035554,1.7133775365649424
202.0,30.000700427060856,1.7133785274384061,1.7133781725117578
202.25,30.00071247056201,1.7133792840138349,1.7133789767104965
202.5,30.000723640574172,1.7133800530172083,1.7133797326205102
202.75,30.00073397300216,1.7133808335290188,1.7133805242293947
203.0,30.000743485078935,1.7133816246574738,1.713381344897446
203.25,30.000752164417833,1.7133824255432024,1.7133820443520784
203.5,30.000760088647727,1.7133832353080156,1.7133829087097732
203.75,30.000767226177363,1.7133840531402298,1.7133836946994323
204.0,30.00077362616391,1.7133848782132741,1.713384550637095
204.25,30.000779292132684,1.7133857097397827,1.7133854038278256
204.5,30.000784223374623,1.7133865469538114,1.7133861613053591
204.75,30.000788484902408,1.713387389080814,1.7133870490152436
205.0,30.000792051117593,1.7133882354045233,1.7133878540076937
205.25,30.000794979106875,1.713389085192644,1.7133887645822246
205.5,30.000797252486453,1.7133899377636352,1.7133896133355897
205.75,30.000798893232034,1.7133907924387082,1.7133904193310943
206.0,30.00079994384271,1.7133916485493454,1.7133913016795306
206.25,30.00080039233442,1.713392505469302,1.713392115969974
206.5,30.00080029776293,1.7133933625607058,1.7133930628153582
206.75,30.00079962463393,1.7133942192448348,1.7133938851541404
207.0,30.000798419654995,1.7133950749262592,1.713394725138112
207.25,30.000796700082677,1.713395929040502,1.71339558290381
207.5,30.000794470220278,1.7133967810468025,1.7133963965845016
207.75,30.000791784703033,1.7133976304008327,1.7133973491353207
208.0,30.00078859866806,1.7133984766186858,1.7133981420240798
208.25,30.000784974487914,1.7133993191881423,1.7133989974577506
208.5,30.000780908688373,1.713400157642601,1.7133998193489448
208.75,30.00077642044267,1.713400991522975,1.7134006223426195
209.0,30.000771555091656,1.7134018203759738,1.7134015489074956
209.25,30.000766270205897,1.7134026438026873,1.7134023170136508
209.5,30.000760631023375,1.713403461374661,1.713403167595653
209.75,30.000754620720077,1.7134042727149295,1.7134039448060263
210.0,30.000748271248018,1.7134050774417526,1.7134047303110118
210.25,30.00074161413785,1.7134058751894508,1.7134056048106754
210.5,30.000734619632972,1.7134066656342362,1.7134063529899817
210.75,30.000727344344817,1.7134074484307318,1.7134071793393388
211.0,30.000719762700054,1.713408223283916,1.7134078910577994
211.25,30.00071192578902,1.713408989880842,1.713408668134152
211.5,30.000703839639552,1.713409747942521,1.7134094732535534
211.75,30.000695496276684,1.713410497210368,1.7134102023800337
212.0,30.00068693635968,1.7134112374191162,1.7134109884203437
212.25,30.000678131465357,1.713411968346979,1.7134116305624512
212.5,30.0006691490252,1.7134126897447493,1.7134123938714025
212.75,30.000659969208627,1.7134134014139644,1.7134131215761716
213.0,30.000650607089693,1.7134141031543204,1.713413827319473
213.25,30.00064108507383,1.7134147947752214,1.713414561492498
213.5,30.000631377902476,1.7134154761190659,1.7134151446286083
213.75,30.0006215587551,1.7134161469984062,1.7134158756883007
214.0,30.00061159167512,1.713416807284591,1.7134165257713119
214.25,30.000601509421376,1.7134174568313196,1.7134172003163248
214.5,30.000591317743066,1.7134180955153797,1.7134178750397464
214.75,30.000580999012318,1.7134187232348235,1.7134184135443196
215.0,30.000570620306643,1.713419339862409,1.7134190912884752
215.25,30.00056014222548,1.713419945327221,1.71341966874989
215.5,30.000549607830365,1.713420539533484,1.713420307381511
215.75,30.00053900737788,1.7134211224182296,1.7134209138489638
216.0,30.000528335993394,1.713421693926333,1.713421419621272
216.25,30.000517644422455,1.7134222539885182,1.7134220270038985
216.5,30.000506900813686,1.7134228025802898,1.713422539069807
216.75,30.000496153979412,1.7134233396517522,1.713423151124464
217.0,30.000485372295927,1.7134238651963514,1.7134236697024088
217.25,30.000474574968674,1.7134243791943973,1.7134241489208173
217.5,30.000463787896884,1.7134248816317115,1.713424676507245
217.75,30.000452993399417,1.713425372520909,1.7134251300655066
218.0,30.000442239914214,1.7134258518541625,1.7134257088805895
218.25,30.000431478221966,1.7134263196731003,1.713426139933256
218.5,30.000420750128843,1.7134267759877457,1.7134265926095464
218.75,30.000410056524448,1.7134272208327865,1.7134270390447102
219.0,30.000399395577773,1.7134276542509725,1.7134274392826774
219.25,30.000388809518054,1.7134280762728413,1.71342796805548
219.5,30.000378242605727,1.7134284869773133,1.7134283262222545
219.75,30.00036774880062,1.7134288864025133,1.7134287475203833
220.0,30.000357309944587,1.7134292746234148,1.7134291171121183
220.25,30.000346938178353,1.7134296517077428,1.7134294680827213
220.5,30.000336665278493,1.7134300177203192,1.713429929733472
220.75,30.000326440768006,1.7134303727664801,1.7134302336119356
221.0,30.000316318130885,1.7134307169120995,1.71343061625838
221.25,30.000306267348,1.7134310502636674,1.713430910372923
221.5,30.000296314488317,1.713431372908287,1.7134312215338474
221.75,30.000286474897525,1.7134316849420823,1.7134316042838427
222.0,30.000276713548967,1.713431986486978,1.7134318698967057
222.25,30.000267073026606,1.7134322776356734,1.713432206820604
222.5,30.000257516103186,1.7134325585188734,1.7134324174850148
222.75,30.00024808868453,1.7134328292353007,1.7134327082359107
223.0,30.000238779288807,1.7134330899116905,1.7134330080781441
223.25,30.000229576139233,1.7134333406781486,1.7134332454437613
223.5,30.000220505073536,1.7134335816517254,1.7134335319607477
223.75,30.000211528009988,1.7134338129797269,1.713433670201285
224.0,30.000202705190308,1.7134340347700423,1.7134339402179635
224.25,30.00019400154993,1.7134342471739046,1.7134341608119399
224.5,30.000185427816074,1.713434450325284,1.7134343735591406
224.75,30.000176992116636,1.7134346443614488,1.7134346081941214
225.0,30.00016866130595,1.7134348294393635,1.7134346951007655
225.25,30.00016049863117,1.713435005676566,1.7134349327032468
225.5,30.000152456668612,1.7134351732396973,1.7134350836038863
225.75,30.0001445623341,1.7134353322651044,1.7134352714979073
226.0,30.00013680832421,1.7134354829051914,1.713435454863644
226.25,30.000129170654528,1.7134356253207588,1.7134355119714544
226.5,30.000121704130372,1.7134357596399699,1.7134357037109536
226.75,30.00011436166458,1.7134358860355992,1.7134357976248278
227.0,30.000107179686417,1.7134360046454864,1.7134359667577381
227.25,30.000100134426656,1.7134361156339568,1.7134360929078662
227.5,30.000093218289386,1.713436219158982,1.7134361368626179
227.75,30.00008646769457,1.7134363153601333,1.713436273364401
228.0,30.00007984595451,1.7134364044086194,1.7134363232767258
228.25,30.000073394396175,1.7134364864424447,1.713436486213331
228.5,30.00006706803095,1.7134365616366796,1.7134365438452581
228.75,30.000060884938737,1.7134366301393649,1.7134365841031711
229.0,30.000054856485466,1.7134366921012933,1.7134366628548054
229.25,30.00004896172118,1.7134367476868706,1.7134366797705978
229.5,30.000043240605095,1.7134367970340838,1.7134368302665608
229.75,30.00003763379948,1.7134368403230247,1.7134368288048285
230.0,30.00003218046315,1.713436877691074,1.7134368677880036
230.25,30.00002686879056,1.7134369092968291,1.7134368929531794
230.5,30.000021694120747,1.7134369352951255,1.7134368850713646
230.75,30.000016689633874,1.7134369558238043,1.7134370087511634
231.0,30.000011793386072,1.7134369710605837,1.7134369678043648
231.25,30.000007054046435,1.7134369811348549,1.7134370026527739
231.5,30.00000244353415,1.7134369862078613,1.7134369819718538
231.75,29.99999797115354,1.713436986423739,1.7134369560083207
232.0,29.99999365937249,1.7134369819198199,1.7134370391394034
232.25,29.99998945501186,1.7134369728646068,1.7134369793021913
232.5,29.99998540386948,1.7134369593829124,1.7134370045648977
232.75,29.999981467958182,1.7134369416340791,1.7134369370762128
233.0,29.999977673109125,1.7134369197487012,1.713436908639982
233.25,29.99997402278886,1.7134368938654805,1.713436942883946
233.5,29.999970482611754,1.7134368641378108,1.7134368801630095
233.75,29.999967086133317,1.71343683068841,1.7134368904379609
234.0,29.999963790438297,1.7134367936711303,1.7134367731481372
234.25,29.999960641433493,1.7134367532001136,1.7134367585469081
234.5,29.999957616075175,1.7134367094173266,1.7134367428014883
234.75,29.999954704485308,1.7134366624573503,1.7134366860849684
235.0,29.99995192345193,1.7134366124415565,1.7134366780156784
235.25,29.99994923156115,1.713436559514427,1.7134365262024474
235.5,29.999946686986462,1.713436503775935,1.7134365212041713
235.75,29.999944246280982,1.7134364453676936,1.7134364610543542
236.0,29.999941921418277,1.7134363844056701,1.7134364125927248
236.25,29.999939712538012,1.7134363210089585,1.713436385402803
236.5,29.999937585035184,1.7134362553095737,1.7134362207297695
236.75,29.999935597587733,1.713436187397592,1.7134362121551496
237.0,29.999933698416903,1.713436117408396,1.7134361178477189
237.25,29.99993191425377,1.7134360454417201,1.7134360766735368
237.5,29.99993023114908,1.7134359716126843,1.7134360303473597
237.75,29.99992862527814,1.7134358960385883,1.7134358727676853
238.0,29.99992714482318,1.7134358188038235,1.7134358469781037
238.25,29.99992574196814,1.7134357400318292,1.713435730661658
238.5,29.99992445244636,1.7134356598081726,1.7134357065887447
238.75,29.99992324434847,1.7134355782453061,1.713435629622878
239.0,29.999922114276277,1.7134354954413757,1.7134354928717963
239.25,29.99992109007987,1.7134354114790444,1.7134354409498835
239.5,29.999920136801485,1.7134353264657773,1.7134353139822482
239.75,29.99991929401697,1.7134352404750142,1.713435313435978
240.0,29.999918510050197,1.7134351536171808,1.7134351983770049
240.25,29.999917807609663,1.7134350659687445,1.713435088477853
240.5,29.99991718978713,1.7134349776124815,1.7134350082882452
240.75,29.999916638436865,1.7134348886381772,1.713434879371563
241.0,29.999916190678494,1.7134347991098624,1.7134348911884947
241.25,29.999915783885594,1.7134347091322173,1.7134347495887225
241.5,29.999915459645162,1.7134346187632215,1.7134346656106614
241.75,29.999915199860563,1.7134345280843604,1.7134345608954924
242.0,29.999915002675404,1.7134344371681216,1.7134344357647382
242.25,29.999914897740084,1.713434346071465,1.7134344432282607
242.5,29.99991482343725,1.713434254888424,1.713434293762865
242.75,29.999914827921287,1.71343416366401,1.7134342299566947
243.0,29.99991487934921,1.713434072475511,1.7134341064953607
243.25,29.999914989625054,1.713433981379503,1.7134339900764732
243.5,29.999915177086947,1.7134338904278514,1.7134339785107302
243.75,29.999915391880243,1.7134337996996925,1.7134338389239443
244.0,29.999915676800327,1.7134337092325582,1.7134337875263836
244.25,29.99991599152986,1.7134336190976813,1.7134336375037325
244.5,29.999916367091206,1.7134335293338578,1.7134335478061042
244.75,29.999916799708995,1.7134334399929299,1.7134335085858554
245.0,29.999917261076966,1.7134333511354116,1.713433390968871
245.25,29.999917780399425,1.7134332627953663,1.7134333447922467
245.5,29.999918314456078,1.7134331750360887,1.7134331686704598
245.75,29.999918913373243,1.713433087879121,1.713433113658633
246.0,29.999919547793326,1.7134330013783061,1.713433045360752
246.25,29.99992021418884,1.713432915574702,1.7134329544941862
246.5,29.999920924922183,1.713432830500865,1.7134329086969693
246.75,29.99992164011944,1.7134327462100556,1.71343272224742
247.0,29.999922419489916,1.7134326627112357,1.7134326920894982
247.25,29.999923216414658,1.7134325800572903,1.7134325995642412
247.5,29.99992404786529,1.7134324982722733,1.7134325341814702
247.75,29.999924910380024,1.7134324173874271,1.713432486266836
248.0,29.99992577226146,1.7134323374445475,1.7134323091352286
248.25,29.99992669085322,1.7134322584457795,1.7134322876512713
248.5,29.999927614832984,1.7134321804383281,1.7134321797374712
248.75,29.999928574155504,1.7134321034331297,1.713432137224265
249.0,29.99992955181356,1.713432027459804,1.7134320841415003
249.25,29.99993052840582,1.7134319525475963,1.7134319327846415
249.5,29.999931548423184,1.7134318786970109,1.713431905072562
249.75,29.999932567464068,1.713431805945282,1.713431791841475
250.0,29.999933623606744,1.7134317342929992,1.7134317836637838
250.25,29.999934680077118,1.713431663771524,1.7134317080957624
250.5,29.999935741273923,1.7134315943933216,1.7134315921715024
250.75,29.999936829369133,1.713431526162012,1.7134315489608574
251.0,29.999937914500993,1.7134314591023003,1.7134314391430943
251.25,29.999939037041543,1.7134313932076322,1.7134314637638977
251.5,29.999940142228112,1.7134313285110536,1.7134313625237418
251.75,29.99994125968676,1.7134312650083479,1.7134312841137558
252.0,29.9999423872686,1.7134312027078147,1.713431223050617
252.25,29.999943512273678,1.7134311416212122,1.7134311225713816
252.5,29.999944671233195,1.7134310817381757,1.7134311644598366
252.75,29.99994580160985,1.7134310230897665,1.713431050085987
253.0,29.999946948986693,1.7134309656597562,1.7134310048645476
253.25,29.999948091869737,1.7134309094596938,1.7134309288934462
253.5,29.999949233307337,1.7134308544896921,1.7134308411282069
253.75,29.999950401375823,1.7134308007382468,1.713430881737043
254.0,29.99995153767743,1.7134307482300197,1.7134307715367008
254.25,29.999952691069648,1.7134306969428903,1.713430751198783
254.5,29.99995382819142,1.7134306468891356,1.7134306626764355
254.75,29.999954966177206,1.7134305980586135,1.7134305926070257
255.0,29.999956119979874,1.7134305504413503,1.7134306169330538
255.25,29.999957245639266,1.7134305040518654,1.7134305258680484
255.5,29.999958384065568,1.713430458867614,1.7134305209632188
255.75,29.999959494653705,1.713430414900276,1.7134304084670973
256.0,29.99996061512527,1.7134303721273179,1.7134303742445662
256.25,29.999961735756855,1.7134303305458896,1.7134303740339927
256.5,29.999962835967278,1.7134302901571747,1.7134303108244864
256.75,29.99996394173808,1.7134302509418229,1.7134303132332458
257.0,29.99996501128062,1.7134302129089436,1.7134301812184072
257.25,29.99996609949137,1.71343017602569,1.7134301833636703
257.5,29.999967172470058,1.7134301402967265,1.7134301576593376
257.75,29.99996823383789,1.7134301057101493,1.7134301238978336
258.0,29.99996929266497,1.7134300722512432,1.7134301281862965
258.25,29.99997031192751,1.7134300399245825,1.7134299930678296
258.5,29.999971352973596,1.713430008692175,1.713430017896311
258.75,29.999972367767597,1.713429978562467,1.7134299716342987
259.0,29.99997337855449,1.7134299495134129,1.7134299638713204
259.25,29.999974379234445,1.713429921534738,1.7134299666873454
259.5,29.99997534197882,1.7134298946251239,1.7134298467290485
259.75,29.999976322728006,1.7134298687470448,1.7134298766671108
260.0,29.99997727204541,1.713429843907797,1.7134298182143328
260.25,29.999978223497823,1.7134298200788358,1.7134298353990247
260.5,29.9999791565523,1.7134297972545147,1.7134298298881958
260.75,29.999980058038847,1.71342977542578,1.7134297389615556
261.0,29.999980968324966,1.7134297545604094,1.7134297593683228
261.25,29.999981847325287,1.7134297346604226,1.7134296977411125
261.5,29.99998273536045,1.7134297156931988,1.7134297504446259
261.75,29.99998359124252,1.7134296976608432,1.7134297186123646
262.0,29.999984427456567,1.713429680542304,1.7134296635113537
262.25,29.999985260569932,1.7134296643146274,1.71342966612674
262.5,29.99998606615123,1.7134296489722853,1.7134296086105176
262.75,29.999986885051694,1.7134296344816653,1.7134296895368102
263.0,29.999987660242947,1.7134296208509732,1.713429632890282
263.25,29.99998842762934,1.7134296080485167,1.7134296131294746
263.5,29.999989180198554,1.7134295960609092,1.7134295965883084
263.75,29.9999899105514,1.7134295848748642,1.7134295476629002
264.0,29.99999065425298,1.7134295744586434,1.7134296389805215
264.25,29.99999134961231,1.7134295648221265,1.7134295716104453
264.5,29.999992045169524,1.713429555927955,1.7134295809672067
264.75,29.99999271644512,1.7134295477700325,1.7134295484095148
265.0,29.999993371006944,1.7134295403285358,1.7134295106082724
265.25,29.999994034891404,1.7134295335757426,1.7134295937181903
265.5,29.99999465338715,1.7134295275185358,1.7134295323770279
265.75,29.999995274986546,1.7134295221196303,1.7134295615069375
266.0,29.999995864720415,1.7134295173775302,1.7134295113599054
266.25,29.999996445494734,1.7134295132660053,1.7134294927218578
266.5,29.99999702732043,1.7134295097644106,1.7134295538192155
266.75,29.999997572531655,1.713429506872595,1.7134295116981422
267.0,29.999998119283575,1.7134295045580141,1.7134295509451045
267.25,29.999998626718096,1.7134295028220563,1.7134294730496302
267.5,29.99999913854211,1.7134295016299885,1.713429489435558
267.75,29.999999638737574,1.7134295009727647,1.7134295219427838
268.0,30.000000114008333,1.7134295008402916,1.7134295055719237
268.25,30.000000586516812,1.7134295012074066,1.7134295471936332
268.5,30.00000101583308,1.713429502075888,1.7134294501977234
268.75,30.000001460326093,1.713429503405333,1.7134294969216413
269.0,30.000001881776853,1.713429505196852,1.7134295014135739
269.25,30.00000229000121,1.7134295074311312,1.7134295105672745
269.5,30.000002690363456,1.7134295100909174,1.7134295496685639
269.75,30.00000304844756,1.7134295131761574,1.7134294511222254
270.0,30.000003425793416,1.7134295166458664,1.7134295125045695
270.25,30.000003773298044,1.7134295205066188,1.713429494970886
270.5,30.000004117317868,1.7134295247328453,1.7134295254830596
270.75,30.00000444868888,1.7134295293143724,1.7134295587789865
271.0,30.000004743101204,1.7134295342476988,1.7134294761500315
271.25,30.00000505379195,1.713429539496296,1.7134295348184194
271.5,30.000005333348554,1.7134295450669403,1.7134295040384278
271.75,30.00000561806725,1.7134295509307507,1.71342955887005
272.0,30.000005882581227,1.7134295570854563,1.713429575415318
272.25,30.000006120314897,1.7134295635209402,1.7134295208628452
272.5,30.000006366205533,1.7134295702095128,1.7134295636437178
272.75,30.00000658427435,1.7134295771540644,1.7134295283754648
273.0,30.00000681598203,1.7134295843245295,1.713429615092832
273.25,30.000007015435855,1.7134295917284696,1.7134296003306213
273.5,30.00000720235733,1.7134295993455568,1.71342957871379
273.75,30.00000738707103,1.7134296071597057,1.713429599303336
274.0,30.00000755000433,1.7134296151678536,1.7134295662115853
274.25,30.000007731416314,1.7134296233415303,1.7134296736100922
274.5,30.000007872141417,1.7134296316950717,1.7134296336534918
274.75,30.000008012924916,1.7134296402002416,1.7134296428614983
275.0,30.0000081416657,1.7134296488516603,1.7134296415507688
275.25,30.000008255440978,1.7134296576402406,1.7134296145320742
275.5,30.00000838790557,1.7134296665414512,1.713429723943416
275.75,30.000008478366293,1.7134296755713967,1.7134296745215014
276.0,30.0000085767671,1.7134296846990156,1.7134297073733482
276.25,30.00000865554542,1.7134296939266667,1.7134296878538877
276.5,30.00000872597089,1.7134297032403019,1.7134296695784135
276.75,30.000008811122914,1.7134297126210358,1.7134297634181246
277.0,30.00000885997716,1.713429722081947,1.7134297209908937
277.25,30.0000089192924,1.7134297315944518,1.7134297679716655
277.5,30.00000895214723,1.7134297411660306,1.713429724356643
277.75,30.00000898707312,1.7134297507763483,1.7134297274628842
278.0,30.000009027705968,1.713429760415952,1.7134297939183758
278.25,30.000009042599725,1.7134297700906342,1.7134297702788368
278.5,30.00000906613967,1.7134297797782052,1.7134298222572872
278.75,30.000009057067153,1.7134297894890913,1.7134297488504908
279.0,30.00000906399503,1.713429799195439,1.713429784760602
279.25,30.000009064317318,1.7134298089001105,1.713429819427309
279.5,30.000009051338797,1.713429818599364,1.7134298194338577
279.75,30.000009042758553,1.713429828279217,1.7134298696358978
280.0,30.00000899931374,1.7134298379502928,1.7134297787455088
280.25,30.00000898147363,1.7134298475807002,1.7134298389867073
280.5,30.000008946930297,1.7134298571827744,1.713429844327749
280.75,30.000008910673774,1.7134298667445076,1.7134298665281247
281.0,30.00000887398858,1.7134298762599616,1.7134299109129512
281.25,30.00000880479497,1.7134298857376842,1.7134298210675276
281.5,30.00000876349456,1.7134298951468052,1.713429888938962
281.75,30.00000870027714,1.713429904503852,1.7134298721769017
282.0,30.00000864454478,1.713429913791613,1.7134299124647936
282.25,30.00000858369496,1.7134299230110532,1.7134299478587185
282.5,30.000008496727826,1.7134299321669186,1.7134298757163777
282.75,30.000008433054724,1.713429941233978,1.7134299347618922
283.0,30.00000834750104,1.7134299502276913,1.7134299051778257
283.25,30.00000827828825,1.7134299591279734,1.7134299714645014
283.5,30.00000819442148,1.7134299679445593,1.713429982573119
283.75,30.00000809609137,1.713429976673996,1.713429938655509
284.0,30.0000080119029,1.7134299853008312,1.713429977629663
284.25,30.000007909899313,1.7134299938357112,1.713429943822455
284.5,30.000007831782337,1.7134300022578979,1.713430038671384
284.75,30.000007727095486,1.7134300105862836,1.7134300168428858
285.0,30.000007621965388,1.7134300188071152,1.7134300042929915
285.25,30.000007520245,1.7134300269163325,1.7134300190080685
285.5,30.000007406836794,1.7134300349181417,1.7134299871159093
285.75,30.00000732063971,1.713430042793768,1.7134300965336244
286.0,30.00000720082426,1.7134300505672961,1.7134300517069974
286.25,30.0000070917524,1.713430058217896,1.7134300670654048
286.5,30.000006976384146,1.7134300657511756,1.713430059374321
286.75,30.00000685573318,1.713430073165144,1.7134300329375212
287.0,30.000006760931193,1.7134300804450426,1.7134301380850925
287.25,30.000006632756637,1.7134300876149422,1.713430087127025
287.5,30.00000652134321,1.713430094652199,1.7134301225429445
287.75,30.000006396246924,1.7134301015688058,1.7134300961844111
288.0,30.000006272113062,1.7134301083575627,1.713430078510132
288.25,30.000006168378064,1.7134301150093336,1.7134301632201159
288.5,30.000006038043967,1.7134301215435528,1.7134301219529786
288.75,30.000005925203133,1.713430127940748,1.7134301679681732
289.0,30.000005791073033,1.7134301342170524,1.7134301127598952
289.25,30.000005669724956,1.7134301403574994,1.7134301210322855
289.5,30.00000555770732,1.7134301463632964,1.7134301755913057
289.75,30.000005429912985,1.7134301522450248,1.713430154269684
290.0,30.000005316414832,1.713430157989728,1.7134302024269759
290.25,30.00000517576422,1.7134301636151765,1.7134301186983238
290.5,30.000005060675694,1.7134301690988998,1.7134301582364957
290.75,30.000004942215146,1.7134301744534852,1.7134301803730818
291.0,30.000004819858344,1.7134301796794393,1.7134301821840259
291.25,30.000004706668115,1.7134301847715283,1.7134302266281218
291.5,30.00000456473763,1.7134301897464306,1.7134301295749357
291.75,30.000004455568995,1.7134301945783208,1.7134301888425671
292.0,30.00000433349345,1.7134301992873529,1.7134301826952336
292.25,30.00000421797404,1.7134302038658535,1.7134302051693227
292.5,30.000004106248745,1.713430208315738,1.7134302425656012
292.75,30.000003968689825,1.7134302126504941,1.7134301509512888
293.0,30.00000386362695,1.7134302168460007,1.7134302128241534
293.25,30.000003741285372,1.713430220924499,1.7134301866014257
293.5,30.00000363358192,1.7134302248732995,1.7134302267538957
293.75,30.000003523990742,1.7134302287005176,1.7134302529125256
294.0,30.000003395458712,1.7134302324145472,1.7134301821630051
294.25,30.000003292765598,1.7134302359973526,1.7134302313688956
294.5,30.000003173462176,1.7134302394683036,1.7134301945166592
294.75,30.000003077193938,1.713430242811658,1.7134302635999434
295.0,30.000002967239045,1.7134302460444248,1.713430260392564
295.25,30.00000285072802,1.7134302491648732,1.713430219275392
295.5,30.000002749608182,1.7134302521649676,1.7134302464715336
295.75,30.000002636110406,1.7134302550580014,1.7134302071875531
296.0,30.000002551662597,1.7134302578276672,1.7134303021080486
296.25,30.00000244184639,1.7134302604987435,1.7134302672627093
296.5,30.000002338554623,1.7134302630590703,1.7134302571286375
296.75,30.0000022394116,1.713430265511198,1.7134302600576206
297.0,30.00000213367359,1.7134302678612847,1.7134302238418704
297.25,30.000002058483734,1.7134302700950055,1.7134303284386745
297.5,30.00000195218323,1.713430272240379,1.713430274820338
297.75,30.000001861802293,1.7134302742788894,1.7134302908936991
298.0,30.000001765883802,1.7134302762213764,1.7134302725459825
298.25,30.000001669148624,1.713430278067486,1.7134302425836088
298.5,30.00000159992892,1.7134302798067664,1.7134303382888163
298.75,30.000001501206103,1.7134302814653406,1.713430283169501
299.0,30.000001422445063,1.7134302830237333,1.7134303169746041
299.25,30.000001330525063,1.7134302844978546,1.7134302790838594
299.5,30.000001244327585,1.7134302858813517,1.7134302609916057
299.75,30.000001178396854,1.7134302871697389,1.7134303331719238
300.0,30.000001090591027,1.7134302883828136,1.7134302912905401
300.25,30.000001021783433,1.7134302895048275,1.7134303334786742
300.5,30.000000931765847,1.7134302905547607,1.7134302647889572
300.75,30.000000860035975,1.7134302915174586,1.71343027669598
301.0,30.000000795962478,1.7134302923992404,1.713430317653723
301.25,30.000000720944858,1.7134302932098369,1.713430297487424
301.5,30.000000660568702,1.7134302939400539,1.713430340242685
301.75,30.0000005736799,1.7134302946092805,1.7134302464153424
302.0,30.000000516363237,1.713430295195253,1.7134302879223953
302.25,30.00000045406993,1.7134302957145242,1.713430297292719
302.5,30.000000392115023,1.713430296166565,1.7134303003206304
302.75,30.000000339071473,1.7134302965494475,1.7134303385996072
303.0,30.000000258747285,1.7134302968804078,1.7134302367064616
303.25,30.00000021286579,1.7134302971347342,1.7134302939175448
303.5,30.000000153350836,1.7134302973347362,1.7134302772036927
303.75,30.00000010361455,1.7134302974720927,1.71343030011623
304.0,30.00000005710763,1.713430297551304,1.7134303309568713
304.25,29.999999986940598,1.7134302975855706,1.7134302394215273
304.5,29.999999948719797,1.713430297552747,1.713430295151075
304.75,29.99999989355506,1.7134302974754294,1.7134302611887167
305.0,29.99999985578254,1.7134302973405537,1.7134303040637602
305.25,29.99999981401941,1.7134302971589062,1.7134303201820273
305.5,29.999999756571125,1.7134302969371074,1.7134302529213306
305.75,29.99999972280052,1.713430296659893,1.7134302931894987
306.0,29.99999967357234,1.7134302963456036,1.7134302513368929
306.25,29.999999649581383,1.7134302959783696,1.7134303247339981
306.5,29.99999960865779,1.7134302955777956,1.7134303090244802
306.75,29.999999564935393,1.7134302951393523,1.7134302728155921
307.0,29.99999953367507,1.7134302946580071,1.7134302901806873
307.25,29.99999949152789,1.7134302941452464,1.7134302480142651
307.5,29.99999947926705,1.7134302935850714,1.7134303440778755
307.75,29.99999943936157,1.713430293003569,1.7134302995545216
308.0,29.99999940881695,1.713430292386312,1.7134302939434496
308.25,29.99999937948523,1.713430291738194,1.713430287840769
308.5,29.999999344920774,1.713430291063356,1.7134302500968561
308.75,29.999999340276396,1.7134302903481011,1.7134303512334998
309.0,29.999999303964024,1.7134302896201465,1.7134302927722869
309.25,29.999999284854994,1.7134302888598734,1.713430311744946
309.5,29.999999257703713,1.7134302880793881,1.713430285864189
309.75,29.99999923081771,1.7134302872764016,1.7134302555096939
310.0,29.999999229547452,1.7134302864413016,1.71343034368644
310.25,29.999999199837625,1.7134302855984653,1.7134302884395867
310.5,29.999999189776393,1.713430284728495,1.713430323008233
310.75,29.999999163846883,1.7134302838477795,1.7134302753132808
311.0,29.99999914603181,1.7134302829471997,1.713430261731218
311.25,29.999999144911364,1.7134302820242104,1.7134303239671254
311.5,29.999999123998894,1.713430281095544,1.7134302852415106
311.75,29.99999912054186,1.7134302801463293,1.7134303262394
312.0,29.999999093426734,1.7134302791952338,1.7134302477503973
312.25,29.999999087321314,1.71343027822416,1.7134302664335688
312.5,29.99999908461128,1.7134302772416632,1.7134302970030937
312.75,29.999999073290894,1.7134302762538713,1.713430281363539
313.0,29.999999074405594,1.713430275252734,1.7134303216519957
313.25,29.9999990475764,1.7134302742564849,1.7134302222185478
313.5,29.99999905155392,1.713430273240877,1.7134302679950473
313.75,29.99999904697691,1.7134302722236605,1.7134302682648925
314.0,29.999999044660683,1.713430271201072,1.7134302755678115
314.25,29.999999048890356,1.7134302701721218,1.7134303107846063
314.5,29.99999902555677,1.7134302691522416,1.7134302086593551
314.75,29.99999903583466,1.7134302681160274,1.7134302658733973
315.0,29.999999030211345,1.713430267085463,1.7134302424930095
315.25,29.99999903555449,1.7134302660497942,1.713430268876869
315.5,29.999999041760944,1.713430265014079,1.7134302961476868
315.75,29.99999902501219,1.713430263989227,1.7134302089351243
316.0,29.999999037578647,1.7134302629535372,1.7134302607483018
316.25,29.99999903227322,1.7134302619278836,1.7134302229237564
316.5,29.999999045642646,1.7134302608972556,1.7134302727401074
316.75,29.999999050914116,1.7134302598737403,1.7134302805006894
317.0,29.999999042736064,1.7134302588602297,1.7134302203583458
317.25,29.999999054499792,1.7134302578429996,1.7134302542909843
317.5,29.99999905086676,1.7134302568377435,1.7134302110718882
317.75,29.999999073182803,1.7134302558272883,1.713430291240379
318.0,29.999999074308114,1.7134302548323412,1.7134302663546683
318.25,29.999999075185595,1.7134302538444275,1.7134302380379245
318.5,29.999999084509586,1.7134302528603,1.7134302485308408
318.75,29.999999083474552,1.7134302518884696,1.7134302067529967
319.0,29.99999911185872,1.7134302509123358,1.7134303056377373
319.25,29.999999109869282,1.7134302499579261,1.7134302553950684
319.5,29.999999118889395,1.7134302490079154,1.7134302567364506
319.75,29.999999125503333,1.7134302480684307,1.7134302447060414
320.0,29.999999127446635,1.7134302471408045,1.7134302084082464
320.25,29.99999915764242,1.7134302462112803,1.7134303075360273
320.5,29.999999155448812,1.7134302453061583,1.7134302481762245
320.75,29.999999170715473,1.7134302444043985,1.713430272079227
321.0,29.99999917501445,1.7134302435184687,1.7134302415027427
321.25,29.999999180131056,1.713430242643598,1.7134302136576334
321.5,29.999999208203256,1.7134302417705636,1.7134302959431598
321.75,29.999999208816202,1.7134302409212046,1.713430244019972
322.0,29.999999228009596,1.7134302400760288,1.7134302811603666
322.25,29.999999228229676,1.7134302392513343,1.7134302253728506
322.5,29.99999923900195,1.7134302384346722,1.7134302198658136
322.75,29.99999926226403,1.7134302376253958,1.713430274099547
323.0,29.999999267724025,1.7134302368366494,1.713430241283818
323.25,29.999999288668235,1.7134302360543294,1.7134302828549697
323.5,29.999999283562214,1.713430235296367,1.7134301975156874
323.75,29.999999301784847,1.7134302345417398,1.7134302247165736
324.0,29.999999319124473,1.7134302338009322,1.7134302471385368
324.25,29.99999933005816,1.713430233076411,1.7134302380642508
324.5,29.999999351101685,1.7134302323611919,1.7134302776190502
324.75,29.99999934307581,1.7134302316721326,1.713430175916373
325.0,29.999999366567522,1.7134302309833467,1.7134302267366128
325.25,29.999999378297154,1.7134302303134257,1.713430220311392
325.5,29.99999939409207,1.7134302296556323,1.7134302334228417
325.75,29.99999941417816,1.7134302290099015,1.7134302672153576
326.0,29.999999406818887,1.713430228389847,1.7134301678776644
326.25,29.999999431863664,1.7134302277698439,1.7134302256072098
326.5,29.99999943928408,1.7134302271713209,1.7134301979105577
326.75,29.999999458867013,1.7134302265815107,1.7134302292387293
327.0,29.99999947711052,1.7134302260061776,1.7134302541764725
327.25,29.9999994735761,1.7134302254540479,1.713430173678603
327.5,29.999999496617516,1.7134302249043734,1.7134302222046152
327.75,29.999999501442108,1.7134302243762947,1.7134301826372988
328.0,29.99999952646275,1.713430223853306,1.713430241239951
328.25,29.999999539316686,1.7134302233492074,1.7134302411530573
328.5,29.999999541518683,1.7134302228632803,1.71343018975466
328.75,29.999999560132892,1.7134302223838576,1.7134302182854269
329.0,29.999999563941735,1.7134302219242261,1.7134301754338408
329.25,29.99999959449803,1.7134302214664978,1.7134302626793398
329.5,29.99999960030516,1.7134302210326329,1.7134302303948656
329.75,29.999999608651333,1.7134302206108412,1.7134302109022976
330.0,29.999999621907822,1.7134302201999958,1.713430215724668
330.25,29.999999625794366,1.7134302198060998,1.713430175656827
330.5,29.99999965874034,1.7134302194125726,1.7134302770297367
330.75,29.99999965956125,1.7134302190454953,1.713430223243519
331.0,29.999999673144927,1.7134302186855108,1.7134302319375123
331.25,29.999999681355824,1.7134302183402514,1.7134302152116074
331.5,29.999999685908083,1.7134302180088434,1.7134301813962625
331.75,29.99999971725369,1.7134302176780998,1.713430278142416
332.0,29.999999716478882,1.7134302173731042,1.7134302198531364
332.25,29.999999733545213,1.7134302170723066,1.7134302487601043
332.5,29.99999973732979,1.713430216788882,1.7134302139950828
332.75,29.99999974320201,1.7134302165160877,1.7134301900842235
333.0,29.9999997695828,1.7134302162458719,1.713430266346668
333.25,29.999999770349238,1.7134302159978245,1.713430219190893
333.5,29.99999978886696,1.713430215753203,1.7134302588664985
333.75,29.99999978593275,1.7134302155286287,1.7134301953269693
334.0,29.999999796709435,1.7134302153088674,1.7134301990527179
334.25,29.99999981614176,1.7134302150959098,1.7134302455453896
334.5,29.999999820424684,1.713430214899774,1.7134302194064819
334.75,29.999999838616738,1.7134302147078357,1.7134302615201435
335.0,29.99999982923092,1.7134302145376836,1.7134301707637885
335.25,29.99999984568788,1.7134302143662548,1.7134302061279434
335.5,29.999999857742477,1.7134302142063202,1.7134302209891774
335.75,29.999999866077548,1.7134302140574038,1.713430218662638
336.0,29.99999988273495,1.7134302139141624,1.7134302575315756
336.25,29.999999870085567,1.7134302137925275,1.7134301551727087
336.5,29.999999889698156,1.7134302136659394,1.7134302100749828
336.75,29.999999895260082,1.713430213554049,1.7134301977159725
337.0,29.999999907073217,1.713430213447973,1.713430216520856
337.25,29.999999921504042,1.7134302133490795,1.7134302488748916
337.5,29.999999909439975,1.7134302132696504,1.7134301536398437
337.75,29.99999992864747,1.7134302131847556,1.7134302108679758
338.0,29.99999992942963,1.7134302131154935,1.7134301796267482
338.25,29.99999994420011,1.7134302130477934,1.7134302170563778
338.5,29.999999955425352,1.7134302129889785,1.7134302381517181
338.75,29.999999947063152,1.7134302129457337,1.7134301651370913
339.0,29.99999996276605,1.7134302128991759,1.7134302096375018
339.25,29.99999996072085,1.7134302128670296,1.713430168938128
339.5,29.99999998079867,1.7134302128320338,1.713430236330611
339.75,29.999999985072897,1.71343021281025,1.7134302279414118
340.0,29.9999999821406,1.713430212797814,1.7134301854441387
340.25,29.999999992507664,1.7134302127857621,1.7134302082461554
340.5,29.99999998931061,1.713430212785421,1.7134301661068951
340.75,30.000000013855523,1.7134302127789203,1.7134302592726451
341.0,30.000000010972123,1.7134302127897139,1.7134302202702587
341.25,30.00000001369073,1.7134302128034793,1.7134302092242066
341.5,30.00000001835374,1.7134302128216092,1.7134302083950141
341.75,30.00000001513116,1.713430212848142,1.7134301701189238
342.0,30.000000040756287,1.713430212867174,1.7134302724716375
342.25,30.000000033500175,1.7134302129049772,1.7134302161817418
342.5,30.000000040855394,1.7134302129410426,1.7134302314854932
342.75,30.000000040499806,1.7134302129847665,1.7134302101559205
343.0,30.000000037928235,1.713430213033633,1.7134301788228832
343.25,30.00000006085164,1.7134302130756132,1.7134302718202394
343.5,30.00000005282517,1.713430213134722,1.7134302154927805
343.75,30.000000063077966,1.7134302131897197,1.7134302484944375
344.0,30.000000057958598,1.7134302132548653,1.7134302076725518
344.25,30.000000057377918,1.713430213321478,1.713430189545067
344.5,30.000000074695762,1.7134302133836856,1.7134302588703374
344.75,30.000000068918602,1.7134302134589006,1.7134302169006126
345.0,30.000000080189913,1.7134302135297816,1.7134302582414087
345.25,30.00000006807404,1.7134302136135062,1.713430186849226
345.5,30.00000007320705,1.7134302136925286,1.7134301997175665
345.75,30.00000008346024,1.7134302137719046,1.713430238035173
346.0,30.000000081644288,1.7134302138588633,1.7134302184568362
346.25,30.00000009239506,1.713430213942718,1.713430260406445
346.5,30.000000074703213,1.7134302140409032,1.7134301650587058
346.75,30.000000085285706,1.7134302141289977,1.713430207367046
347.0,30.00000008852589,1.713430214222131,1.7134302146499278
347.25,30.000000090951193,1.713430214317384,1.7134302185409842
347.5,30.00000010022449,1.7134302144113542,1.7134302561784407
347.75,30.000000080579834,1.7134302145192424,1.7134301541568047
348.0,30.000000093714764,1.7134302146145064,1.7134302115753284
348.25,30.000000091178485,1.7134302147177858,1.7134301935321221
348.5,30.000000097183452,1.713430214818599,1.7134302173979463
348.75,30.00000010442358,1.7134302149199672,1.713430247741258
349.0,30.000000086660005,1.7134302150330238,1.7134301573440083
349.25,30.000000098853235,1.713430215134125,1.7134302126441534
349.5,30.000000092437375,1.7134302152439722,1.7134301781819072
349.75,30.000000102256685,1.7134302153475423,1.713430222871306
350.0,30.00000010584307,1.713430215454364,1.7134302377752497
350.25,30.000000092799578,1.713430215568797,1.7134301724777299
350.5,30.000000101286062,1.7134302156744063,1.7134302119669587
350.75,30.000000092957247,1.7134302157875283,1.713430170333189
351.0,30.000000108711546,1.7134302158905592,1.713430245841369
351.25,30.00000010529078,1.7134302160019448,1.7134302287639844
351.5,30.000000098331004,1.7134302161149062,1.713430194893794
351.75,30.00000010170746,1.7134302162234234,1.713430211487299
352.0,30.000000093051202,1.713430216337001,1.713430170088522
352.25,30.000000112979542,1.713430216438168,1.7134302676000996
352.5,30.00000010343249,1.7134302165517215,1.7134302225355045
352.75,30.000000102434623,1.7134302166613067,1.7134302192279183
353.0,30.000000100700586,1.7134302167708326,1.7134302126513115
353.25,30.00000009271013,1.7134302168826008,1.713430176033034
353.5,30.000000113185607,1.7134302169816769,1.7134302776973656
353.75,30.00000010069622,1.7134302170943116,1.7134302198165763
354.0,30.00000010441628,1.713430217199387,1.7134302407785553
354.25,30.00000009840104,1.7134302173079587,1.7134302147928189
354.5,30.000000091728488,1.7134302174160865,1.7134301858598506
354.75,30.00000010911607,1.713430217513132,1.7134302738005878
355.0,30.00000009724756,1.7134302176218816,1.713430220127524
355.25,30.000000103858405,1.7134302177218435,1.7134302562535528
355.5,30.000000092993467,1.7134302178283722,1.713430207858308
355.75,30.000000089808786,1.7134302179306504,1.7134301968895993
356.0,30.000000101546185,1.713430218025535,1.713430258447024
356.25,30.000000093020006,1.7134302181280583,1.713430221940932
356.5,30.000000100687977,1.7134302182225671,1.7134302641104397
356.75,30.000000083327386,1.713430218326683,1.7134301850986302
357.0,30.00000008668085,1.71343021842078,1.7134302066581357
357.25,30.000000091715926,1.7134302185129786,1.7134302365110685
357.5,30.000000087838988,1.713430218607786,1.7134302232913596
357.75,30.000000095156963,1.7134302186965629,1.7134302644697739
358.0,30.000000073542008,1.7134302187964698,1.7134301654980935
358.25,30.000000082211184,1.713430218882118,1.7134302134540011
358.5,30.000000080936044,1.7134302189707153,1.7134302133018995
358.75,30.00000008165035,1.7134302190571293,1.7134302228895228
359.0,30.000000087787043,1.7134302191398691,1.7134302588527317
359.25,30.000000065735623,1.7134302192333122,1.7134301582401963
359.5,30.00000007647918,1.7134302193113233,1.7134302166922646
359.75,30.000000070341862,1.713430219395163,1.7134301933727656
360.0,30.000000074871263,1.7134302194730178,1.7134302218264763
360.25,30.00000007926135,1.7134302195495044,1.7134302496591782
360.5,30.00000006039682,1.7134302196345115,1.7134301648012662
360.75,30.000000069794577,1.7134302197059657,1.713430217001521
361.0,30.000000060735648,1.7134302197838671,1.7134301797596758
361.25,30.000000070210852,1.7134302198523659,1.7134302324021113
361.5,30.000000070297176,1.7134302199234155,1.7134302395519911
361.75,30.000000057077127,1.7134302199986886,1.7134301822117999
362.0,30.00000006265215,1.7134302200644338,1.7134302160046322
362.25,30.000000052547684,1.7134302201354132,1.713430173792066
362.5,30.000000068206344,1.7134302201938754,1.7134302564836466
362.75,30.000000061537694,1.7134302202604177,1.713430230931285
363.0,30.00000005487997,1.713430220325473,1.7134302054263997
363.25,30.000000055593077,1.7134302203858913,1.7134302156454468
363.5,30.000000045843098,1.7134302204493137,1.71343017512486
363.75,30.00000006516975,1.7134302204988083,1.7134302755496253
364.0,30.000000053433777,1.7134302205601384,1.7134302253594969
364.25,30.00000005284555,1.7134302206152294,1.7134302291870565
364.5,30.000000048961944,1.7134302206702754,1.7134302170080404
364.75,30.00000004039414,1.7134302207258776,1.7134301820856779
365.0,30.000000059574155,1.7134302207681527,1.7134302816474143
365.25,30.000000046182947,1.7134302208229448,1.7134302232620544
365.5,30.000000050174,1.7134302208688679,1.7134302491016697
365.75,30.000000042537042,1.7134302209183574,1.7134302185207837
366.0,30.000000035789192,1.7134302209660632,1.7134301921995965
366.25,30.00000005136732,1.7134302210028154,1.7134302740615281
366.5,30.0000000397156,1.7134302210498502,1.7134302238562693
366.75,30.00000004637177,1.7134302210876764,1.7134302623488955
367.0,30.000000033408263,1.713430221132553,1.7134302056634234
367.25,30.000000031562617,1.7134302211713277,1.7134302028135306
367.5,30.000000041318664,1.7134302212038075,1.7134302561425327
367.75,30.0000000337532,1.7134302212423962,1.7134302254281126
368.0,30.00000004128607,1.7134302212732226,1.7134302678401148
368.25,30.000000022368933,1.7134302213140982,1.7134301819495323
368.5,30.000000027301734,1.7134302213434947,1.7134302116095486
368.75,30.00000003055595,1.7134302213723627,1.7134302330556863
369.0,30.000000027961065,1.7134302214025061,1.7134302260675751
369.25,30.0000000350836,1.713430221427274,1.7134302661104455
369.5,30.000000013064202,1.7134302214633288,1.7134301647921037
369.75,30.000000022762823,1.71343022148462,1.7134302171612503
370.0,30.000000020201814,1.7134302215100026,1.713430210012329
370.25,30.0000000222092,1.7134302215322872,1.713430224926695
370.5,30.000000028183194,1.71343022155175,1.713430258985866
370.75,30.000000006930094,1.7134302215817712,1.713430160961273
371.0,30.000000017929118,1.7134302215968926,1.7134302192083652
371.25,30.000000011157148,1.7134302216185593,1.7134301912133714
371.5,30.00000001697779,1.7134302216337869,1.7134302241789472
371.75,30.000000021134014,1.7134302216487003,1.7134302489861344
372.0,30.00000000400272,1.713430221671724,1.7134301705012718
372.25,30.00000001301812,1.7134302216825612,1.7134302186858203
372.5,30.000000003982606,1.7134302217001618,1.7134301792686002
372.75,30.0000000156652,1.7134302217079405,1.7134302402022434
373.0,30.0000000145034,1.7134302217202928,1.713430238774895
373.25,30.000000003526857,1.7134302217359412,1.7134301896742368
373.5,30.000000008413874,1.7134302217439061,1.7134302173890306
373.75,29.999999998866823,1.7134302217571853,1.7134301750358265
374.0,30.00000001642735,1.7134302217580055,1.7134302640092889
374.25,30.000000008756377,1.7134302217688049,1.7134302305687281
374.5,30.000000004429282,1.713430221777364,1.7134302132483155
374.75,30.000000004504066,1.7134302217832489,1.7134302171774074
375.0,29.999999995662513,1.7134302217921848,1.7134301777893859
375.25,30.000000016005604,1.7134302217878716,1.7134302797987857
375.5,30.000000004158892,1.7134302217966164,1.713430225661634
375.75,30.00000000565237,1.7134302217989381,1.7134302361085778
376.0,30.00000000140551,1.7134302218030284,1.7134302186373092
376.25,29.999999993965286,1.713430221807816,1.71343018559618
376.5,30.00000001321825,1.7134302218005188,1.7134302818762979
376.75,30.000000000723116,1.713430221806188,1.713430224153875
377.0,30.00000000635479,1.71343022180348,1.7134302542240294
377.25,29.9999999984337,1.7134302218059823,1.7134302185043448
377.5,29.999999993228702,1.7134302218067459,1.71343019586723
377.75,30.000000008184326,1.713430221798317,1.7134302708848792
378.0,29.999999998212918,1.713430221800026,1.713430224972364
378.25,30.00000000603232,1.713430221793594,1.713430265227394
378.5,29.999999992140012,1.7134302217959587,1.7134302001419313
378.75,29.999999992893382,1.7134302217915656,1.7134302059781046
379.0,30.000000001719748,1.713430221783248,1.7134302508724546
379.25,29.999999996225768,1.713430221780613,1.7134302262625103
379.5,30.000000004536243,1.7134302217716328,1.7134302684989018
379.75,29.99999998523197,1.7134302217740647,1.7134301767815658
380.0,29.999999992501735,1.7134302217647148,1.713430213819735
380.25,29.999999994893116,1.7134302217570723,1.7134302271325847
380.5,29.99999999437136,1.71343022175031,1.7134302262487295
380.75,30.00000000203045,1.7134302217396933,1.713430264953099
381.0,29.999999980617073,1.713430221741194,1.713430162642091
381.25,29.999999991791803,1.7134302217284176,1.7134302182483963
381.5,29.99999998871416,1.7134302217214408,1.713430204689636
381.75,29.99999999256452,1.7134302217112083,1.7134302246498812
382.0,29.99999999891037,1.7134302216996329,1.7134302566413477
382.25,29.999999979231223,1.7134302216989452,1.7134301623974466
382.5,29.999999990748798,1.7134302216846484,1.7134302193311948
382.75,29.999999983944544,1.713430221677968,1.713430187377032
383.0,29.999999991765897,1.7134302216648052,1.713430226265891
383.25,29.999999995690786,1.713430221653107,1.7134302462036828
383.5,29.9999999807857,1.713430221649283,1.713430174793673
383.75,29.999999989592187,1.713430221635124,1.7134302182793117
384.0,29.99999998099399,1.713430221628254,1.7134301773294327
384.25,29.99999999511909,1.7134302216114978,1.713430246486458
384.5,29.999999992872763,1.7134302216016126,1.7134302362196852
384.75,29.999999984363594,1.7134302215942803,1.7134301955369655
385.0,29.999999988684287,1.713430221581335,1.7134302170012918
385.25,29.999999979916495,1.7134302215738895,1.7134301749612946
385.5,29.999999999252356,1.713430221554311,1.7134302691183736
385.75,29.99999999084037,1.7134302215465322,1.7134302287047691
386.0,29.999999988832304,1.7134302215359367,1.7134302192900188
386.25,29.999999988339074,1.713430221524628,1.7134302171730156
386.5,29.999999980454348,1.7134302215164308,1.7134301791768858
386.75,30.000000001512255,1.7134302214957924,1.7134302814513402
387.0,29.99999998976698,1.7134302214891697,1.713430224652797
387.25,29.999999993147867,1.7134302214760424,1.7134302411447637
387.5,29.99999998851477,1.7134302214663304,1.7134302187445378
387.75,29.999999982131868,1.7134302214573596,1.7134301878222062
388.0,30.000000001101668,1.713430221437529,1.7134302797723262
388.25,29.999999989575354,1.71343022143077,1.7134302238400685
388.5,29.999999996532697,1.7134302214161092,1.7134302574813378
388.75,29.999999987806017,1.7134302214081905,1.7134302150517766
389.0,29.99999998437108,1.7134302213980361,1.7134301982433862
389.25,29.99999999835863,1.7134302213804575,1.7134302658673257
389.5,29.999999989959576,1.7134302213725132,1.713430224929613
389.75,29.99999999856588,1.713430221357337,1.7134302664041832
390.0,29.99999998353067,1.7134302213523447,1.7134301932354292
390.25,29.99999998661643,1.7134302213396553,1.7134302078896346
390.5,29.9999999941962,1.7134302213251111,1.7134302443041198
390.75,29.999999990490664,1.7134302213154773,1.7134302259815468
391.0,29.99999999917321,1.7134302213006185,1.7134302676919455
391.25,29.999999979388765,1.7134302212980392,1.7134301713702278
391.5,29.999999988449332,1.7134302212831976,1.7134302148669456
391.75,29.999999989690053,1.7134302212718016,1.7134302204312482
392.0,29.99999999082275,1.7134302212605534,1.713430225451144
392.25,29.999999998595754,1.7134302212465669,1.7134302626436282
392.5,29.99999997767439,1.7134302212449806,1.7134301607065063
392.75,29.99999998967149,1.7134302212294084,1.7134302183408063
393.0,29.999999985797256,1.7134302212207515,1.7134301990136378
393.25,29.999999991018182,1.7134302212083208,1.7134302237638748
393.5,29.999999997268944,1.7134302211955739,1.7134302534915837
393.75,29.999999978949074,1.713430221193479,1.7134301640861607
394.0,29.99999999033808,1.7134302211787895,1.7134302186963262
394.25,29.999999983200333,1.713430221172169,1.7134301834758325
394.5,29.999999992863742,1.713430221158489,1.7134302296957866
394.75,29.999999995725947,1.7134302211478611,1.713430242932352
395.0,29.999999982710754,1.7134302211441752,1.7134301791847855
395.25,29.99999999072756,1.7134302211316241,1.7134302173911615
395.5,29.99999998222183,1.7134302211262955,1.7134301754872514
395.75,29.999999998239378,1.7134302211106105,1.7134302524645824
396.0,29.999999994458165,1.713430221103554,1.713430233449879
396.25,29.999999987958667,1.7134302210978123,1.7134302012502776
396.5,29.999999991223643,1.7134302210880399,1.7134302163830681
396.75,29.999999982839835,1.71343022108341,1.713430175037102
397.0,30.00000000322748,1.7134302210666108,1.7134302731710132
397.25,29.99999999381243,1.7134302210627312,1.7134302268169408
397.5,29.999999993574743,1.713430221055076,1.7134302249515019
397.75,29.999999992094775,1.71343022104811,1.7134302170606797
398.0,29.999999984738086,1.7134302210438181,1.7134301806772403
398.25,30.00000000576759,1.7134302210275252,1.713430281908929
398.5,29.999999993911864,1.713430221025475,1.7134302237113523
398.75,29.99999999858713,1.7134302210165018,1.7134302456557342
399.0,29.9999999931525,1.7134302210120171,1.7134302185871861
399.25,29.999999987420868,1.7134302210078172,1.7134301900792162
399.5,30.000000005435673,1.7134302209936036,1.7134302766953844
399.75,29.99999999463023,1.7134302209918921,1.71343022359187
400.0,30.000000002324835,1.7134302209824137,1.713430260178825
400.25,29.999999992114482,1.7134302209807606,1.7134302099645367
400.5,29.999999990319164,1.7134302209756591,1.713430200549274
400.75,30.000000002789882,1.7134302209646026,1.7134302602991376
401.0,29.999999995632233,1.7134302209621075,1.713430224893919
401.25,30.00000000447519,1.7134302209529129,1.7134302670638415
401.5,29.999999987987138,1.7134302209547208,1.7134301864329147
401.75,29.999999992922184,1.7134302209475045,1.7134302096661982
402.0,29.999999998833697,1.7134302209400205,1.7134302376384338
402.25,29.999999996503806,1.7134302209362164,1.7134302256615217
402.5,30.000000005074973,1.713430220927891,1.7134302665387569
402.75,29.99999998465453,1.7134302209321304,1.7134301668700984
403.0,29.999999994880746,1.7134302209233896,1.7134302157832126
403.25,29.999999994654296,1.7134302209192704,1.7134302140280968
403.5,29.99999999698754,1.7134302209141974,1.7134302246892004
403.75,30.000000004443198,1.713430220907072,1.7134302601908693
404.0,29.99999998389583,1.7134302209120809,1.713430159940619
404.25,29.999999996079545,1.713430220903208,1.713430218378673
404.5,29.999999991166014,1.7134302209017953,1.7134301939366656
404.75,29.99999999734292,1.713430220895767,1.7134302232691412
405.0,30.000000003071847,1.7134302208900636,1.7134302504378938
405.25,29.999999985945298,1.7134302208942815,1.713430166811153
405.5,29.999999996657202,1.7134302208867045,1.713430218154071
405.75,29.999999988976732,1.7134302208871333,1.7134301803390242
406.0,30.00000000029643,1.7134302208795495,1.7134302346458006
406.25,30.000000001512547,1.7134302208764172,1.7134302399790529
406.5,29.999999990139997,1.7134302208787986,1.713430184291165
406.75,29.99999999695149,1.7134302208735115,1.7134302167689341
407.0,29.9999999883289,1.713430220874953,1.7134301744311407
407.25,30.00000000577455,1.713430220865345,1.7134302584818877
407.5,30.000000000241997,1.7134302208656929,1.7134302311432823
407.75,29.999999995435832,1.7134302208658412,1.7134302073355934
408.0,29.999999997358774,1.7134302208632173,1.7134302161602728
408.25,29.999999989136207,1.7134302208650465,1.7134301758088668
408.5,30.000000010030863,1.71343022085451,1.7134302766278826
408.75,29.999999999572672,1.7134302208575058,1.7134302254573563
409.0,30.0000000007439,1.7134302208556218,1.7134302306761329
409.25,29.99999999808048,1.7134302208554797,1.713430217314165
409.5,29.999999991036155,1.713430220857311,1.7134301827232055
409.75,30.00000001153342,1.7134302208474406,1.7134302816640874
410.0,29.99999999957564,1.7134302208515642,1.7134302232720582
410.25,30.000000005179242,1.7134302208482568,1.7134302500276344
410.5,29.999999998747363,1.713430220850193,1.7134302184446988
410.75,29.99999999351772,1.7134302208517005,1.7134301926999227
411.0,30.00000001018663,1.7134302208439125,1.7134302731293625
411.25,30.000000000075676,1.713430220847678,1.7134302237392613
411.5,30.00000000816946,1.7134302208437255,1.713430262615647
411.75,29.999999996179604,1.7134302208484535,1.7134302041357563
412.0,29.999999996026084,1.713430220848188,1.7134302030481428
412.25,30.000000006726154,1.7134302208433474,1.7134302545883924
412.5,30.000000000712976,1.713430220845737,1.7134302251119595
412.75,30.000000009520374,1.7134302208418486,1.7134302674952973
413.0,29.999999991588,1.7134302208494812,1.71343018025305
413.25,29.999999998098748,1.7134302208467098,1.713430211520701
413.5,30.000000002216535,1.7134302208450272,1.7134302311963574
413.75,30.000000001098076,1.713430220845649,1.7134302254957163
414.0,30.000000009354924,1.713430220842315,1.7134302652556963
414.25,29.99999998843712,1.7134302208515348,1.713430163585379
414.5,29.999999999451294,1.7134302208471335,1.7134302167306408
414.75,29.999999997733468,1.713430220848239,1.7134302081596806
415.0,30.00000000108004,1.7134302208472278,1.7134302241496129
415.25,30.000000008061704,1.71343022084471,1.7134302577710634
415.5,29.99999998803092,1.713430220853811,1.7134301604441124
415.75,30.00000000004663,1.7134302208492311,1.7134302184874632
416.0,29.999999994125922,1.7134302208523786,1.7134301895829849
416.25,30.000000001191772,1.7134302208500067,1.7134302236456302
416.5,30.000000006170545,1.7134302208485699,1.7134302475980865
416.75,29.999999990314407,1.7134302208560963,1.7134301705503856
417.0,30.00000000009287,1.7134302208526808,1.7134302177874805
417.25,29.999999991917928,1.713430220856991,1.7134301779937644
417.5,30.00000000487642,1.7134302208522836,1.713430240662819
417.75,30.00000000423095,1.713430220853436,1.7134302373870494
418.0,29.99999999449279,1.7134302208585133,1.7134301900370075
418.25,29.999999999968104,1.7134302208571048,1.7134302164493223
418.5,29.999999991265245,1.713430220861797,1.7134301741326323
418.75,30.000000009882022,1.7134302208548142,1.7134302642689097
419.0,30.000000002691305,1.71343022085891,1.7134302292967998
419.25,29.99999999948743,1.7134302208613215,1.7134302136596076
419.5,30.000000000052246,1.7134302208621413,1.7134302162995978
419.75,29.999999992003875,1.7134302208666707,1.7134301771891098
420.0,30.000000013095118,1.7134302208587384,1.713430279354225
420.25,30.0000000018097,1.7134302208646917,1.7134302245628308
420.5,30.000000004251067,1.7134302208647816,1.713430236325158
420.75,30.000000000443865,1.7134302208675636,1.7134302178001684
421.0,29.9999999937298,1.7134302208716048,1.7134301851883709
421.25,30.00000001343116,1.7134302208643448,1.713430280644575
421.5,30.000000001596106,1.7134302208706038,1.713430223217224
421.75,30.00000000797564,1.7134302208690715,1.7134302540998445
422.0,30.0000000003495,1.7134302208735472,1.7134302170879356
422.25,29.999999995908755,1.713430220876667,1.7134301955239324
422.5,30.000000011078804,1.7134302208713938,1.713430269038337
422.75,30.000000001819902,1.7134302208765906,1.7134302241255923
423.0,30.00000001019065,1.7134302208742407,1.713430264686399
423.25,29.9999999964146,1.7134302208813807,1.7134301978837105
423.5,29.9999999980034,1.7134302208819427,1.7134302055744945
423.75,30.000000006901374,1.713430220879375,1.7134302487045643
424.0,30.000000002096897,1.7134302208826788,1.7134302254091427
424.25,30.000000010793602,1.7134302208801993,1.7134302675717104
424.5,29.999999991656605,1.7134302208896404,1.7134301747999434
424.75,29.99999999959207,1.7134302208874854,1.7134302132797834
425.0,30.000000001996693,1.7134302208876975,1.7134302249496773
425.25,30.000000002071783,1.7134302208889032,1.7134302253295344
425.5,30.000000009991783,1.713430220886745,1.713430263745099
425.75,29.999999988877555,1.7134302208970178,1.7134301614055532
426.0,30.000000000453724,1.713430220893284,1.7134302175528184
426.25,29.999999997392916,1.713430220895814,1.7134302027429151
426.5,30.0000000017172,1.713430220895173,1.7134302237390109
426.75,30.000000008217793,1.713430220893593,1.713430255288755
427.0,29.999999988963687,1.7134302209030363,1.7134301619820635
427.25,30.000000000618734,1.7134302208992316,1.7134302185260997
427.5,29.99999999386857,1.7134302209033008,1.7134301858438779
427.75,30.00000000218084,1.7134302209009094,1.713430226187072
428.0,30.00000000602327,1.7134302209004222,1.713430244862706
428.25,29.999999991608455,1.7134302209077439,1.713430175029156
428.5,30.000000000350777,1.7134302209051364,1.7134302174638907
428.75,29.99999999184511,1.7134302209099053,1.7134301762821162
429.0,30.000000006449536,1.7134302209047632,1.7134302471403813
429.25,30.00000000393922,1.713430220906939,1.713430235027935
429.5,29.999999995906457,1.7134302209114682,1.7134301961443215
429.75,30.000000000049237,1.7134302209107681,1.7134302162895403
430.0,29.999999991391856,1.7134302209155376,1.713430174380937
430.25,30.000000010997386,1.7134302209081875,1.7134302694928607
430.5,30.000000002373454,1.7134302209129144,1.7134302277492395
430.75,30.00000000075525,1.7134302209146264,1.7134302199708265
431.0,30.00000000005162,1.7134302209159318,1.713430216627422
431.25,29.99999999226921,1.7134302209202539,1.713430178967084
431.5,30.000000013330553,1.713430220912206,1.7134302811427968
431.75,30.000000001520394,1.713430220918223,1.7134302239578296
432.0,30.00000000515986,1.7134302209176062,1.7134302416737843
432.25,30.000000000317982,1.7134302209206071,1.7134302182728336
432.5,29.999999994028897,1.7134302209242118,1.7134301878565295
432.75,30.00000001276171,1.7134302209170835,1.7134302787474465
433.0,30.000000001321094,1.713430220922862,1.7134302233576646
433.25,30.000000008388053,1.7134302209206973,1.7134302576934106
433.5,29.999999999295206,1.7134302209254377,1.7134302136865807
433.75,29.99999999611632,1.7134302209276284,1.7134301983511215
434.0,30.000000009715812,1.7134302209226155,1.7134302643578092
434.25,30.000000001491124,1.7134302209269345,1.7134302245607616
434.5,30.000000010070497,1.7134302209240388,1.7134302662302936
434.75,29.999999994629363,1.713430220931415,1.7134301914480967
435.0,29.999999998017834,1.713430220930709,1.713430207952231
435.25,30.00000000514613,1.7134302209283843,1.713430242587144
435.5,30.000000001629665,1.7134302209306025,1.7134302256159915
435.75,30.000000010190348,1.7134302209276309,1.7134302671949726
436.0,29.999999990135112,1.713430220936899,1.713430170043366
436.25,29.999999999352397,1.713430220933613,1.7134302148052323
436.5,30.000000000157858,1.713430220933912,1.7134302187862227
436.75,30.00000000143214,1.7134302209339949,1.7134302250397568
437.0,30.000000009018862,1.7134302209313574,1.7134302618957753
437.25,29.999999988032805,1.713430220940942,1.7134301602300823
437.5,29.999999999962252,1.7134302209364112,1.7134302181389491
437.75,29.999999995729546,1.7134302209387875,1.7134301976930035
438.0,30.000000001022837,1.7134302209370669,1.7134302234287055
438.25,30.00000000703756,1.713430220935021,1.713430252661402
438.5,29.99999998881527,1.71343022094334,1.713430164392019
438.75,29.99999999994245,1.713430220939073,1.7134302184088934
439.0,29.99999999254211,1.7134302209427257,1.7134301826033576
439.25,30.000000002402945,1.7134302209389696,1.713430230479646
439.5,30.000000004795275,1.713430220938397,1.7134302421478043
439.75,29.999999991977198,1.7134302209443242,1.7134301800748999
440.0,29.99999999960389,1.7134302209414793,1.7134302171179085
440.25,29.999999990920823,1.7134302209456052,1.7134301750901153
440.5,30.000000007108923,1.7134302209390635,1.7134302536373933
440.75,30.000000002803336,1.713430220941285,1.713430232830125
441.0,29.99999999651779,1.7134302209443404,1.7134302024231511
441.25,29.99999999935124,1.7134302209434757,1.7134302162243482
441.5,29.999999990848735,1.7134302209474523,1.7134301750677947
441.75,30.00000001122227,1.7134302209390468,1.7134302739018674
442.0,30.00000000141724,1.7134302209435541,1.7134302264288641
442.25,30.000000001338858,1.7134302209438823,1.7134302261098724
442.5,29.999999999456385,1.7134302209449692,1.7134302170436913
442.75,29.99999999201541,1.713430220948424,1.7134301810288393
443.0,30.000000012807995,1.713430220939773,1.713430281889789
443.25,30.00000000076357,1.7134302209451744,1.713430223555396
443.5,30.00000000550053,1.7134302209433754,1.7134302465764693
443.75,29.999999999708418,1.7134302209460741,1.713430218551403
444.0,29.999999993931738,1.7134302209487542,1.7134301906001794
444.25,30.00000001153247,1.7134302209414096,1.7134302759820355
444.5,30.000000000716522,1.7134302209462249,1.7134302235983105
444.75,30.000000008364363,1.7134302209431211,1.7134302607263643
445.0,29.99999999764293,1.7134302209478738,1.7134302087988247
445.25,29.999999996041343,1.7134302209487091,1.7134302010834128
445.5,30.00000000800514,1.7134302209437229,1.713430259132152
445.75,30.000000000945107,1.7134302209468757,1.7134302249520494
446.0,30.000000009652727,1.7134302209432644,1.7134302672127744
446.25,29.999999992708407,1.7134302209506302,1.7134301851114062
446.5,29.99999999785281,1.7134302209485255,1.713430210095505
446.75,30.00000000325269,1.713430220946302,1.7134302363171077
447.0,30.0000000010471,1.7134302209473264,1.7134302256662464
447.25,30.000000009426593,1.7134302209438086,1.713430266331044
447.5,29.999999988754173,1.7134302209527255,1.7134301661506401
447.75,29.99999999903702,1.7134302209483743,1.7134302160408394
448.0,29.999999998365226,1.7134302209487078,1.7134302128217764
448.25,30.0000000007924,1.713430220947705,1.7134302246255195
448.5,30.000000008031304,1.7134302209446335,1.7134302597556101
448.75,29.99999998744987,1.71343022095347,1.7134301600112016
449.0,29.999999999501824,1.713430220948322,1.713430218473053
449.25,29.99999999425094,1.7134302209505778,1.713430193049453
449.5,30.000000000488598,1.7134302209479058,1.7134302233215084
449.75,30.00000000596744,1.7134302209455519,1.7134302499138343
450.0,29.999999988981106,1.7134302209528134,1.7134301675935963
450.25,29.999999999403393,1.7134302209483292,1.713430218149914
450.5,29.999999991500747,1.7134302209516874,1.7134301798656562
450.75,30.000000003060556,1.7134302209467036,1.7134302359347835
451.0,30.000000003789353,1.7134302209463534,1.7134302394940633
451.25,29.999999992656733,1.7134302209510788,1.713430185548036
451.5,29.999999999092648,1.7134302209482728,1.7134302167736999
451.75,29.999999990347984,1.7134302209519647,1.7134301744027616
452.0,30.000000007963312,1.713430220944361,1.7134302598246152
452.25,30.00000000197579,1.7134302209468613,1.7134302308185734
452.5,29.999999997418932,1.7134302209487449,1.7134302087475628
452.75,29.999999998964984,1.7134302209480095,1.7134302162626909
453.0,29.99999999068785,1.7134302209514773,1.7134301761540187
453.25,30.000000011560967,1.713430220942456,1.7134302773654224
453.5,30.000000000825477,1.7134302209469687,1.713430225336942
453.75,30.000000002191488,1.7134302209462944,1.7134302319759531
454.0,29.999999999203407,1.7134302209474819,1.7134302175054588
454.25,29.999999992147647,1.7134302209504082,1.7134301833140033
454.5,30.00000001242218,1.713430220941625,1.7134302816195066
454.75,30.000000000397353,1.7134302209466736,1.7134302233364243
455.0,30.000000006102354,1.7134302209441252,1.713430251007111
455.25,29.999999999385796,1.7134302209468946,1.7134302184571342
455.5,29.99999999421123,1.7134302209490007,1.713430193382069
455.75,30.000000010512053,1.7134302209419063,1.7134302724193973
456.0,30.00000000050394,1.713430220946078,1.7134302239097825
456.25,30.000000008607515,1.7134302209424908,1.7134302632053269
456.5,29.99999999617247,1.7134302209476984,1.7134302029286148
456.75,29.99999999632776,1.7134302209475112,1.7134302036894096
457.0,30.000000006592952,1.7134302209429917,1.713430253462549
457.25,30.000000000776836,1.7134302209453591,1.7134302252726559
457.5,30.000000009513183,1.7134302209414918,1.7134302676327189
457.75,29.999999991263756,1.7134302209491816,1.7134301791646993
458.0,29.999999998035303,1.7134302209461538,1.7134302119982419
458.25,30.000000001741977,1.7134302209444374,1.7134302299726711
458.5,30.00000000083141,1.713430220944698,1.7134302255620917
458.75,30.000000008977246,1.713430220941079,1.7134302650565894
459.0,29.999999987953547,1.7134302209499537,1.7134301631361857
459.25,29.99999999906603,1.7134302209450623,1.713430217011997
459.5,29.99999999701823,1.713430220945807,1.713430207086018
459.75,30.000000000537145,1.7134302209441679,1.71343022414715
460.0,30.000000007387126,1.7134302209411014,1.7134302573568618
460.25,29.999999987463173,1.7134302209495031,1.7134301607656452
460.5,29.999999999391452,1.7134302209442613,1.7134302185941597
460.75,29.999999993254754,1.7134302209467571,1.7134301888429255
461.0,30.00000000052437,1.713430220943511,1.7134302240853396
461.25,30.000000005272952,1.713430220941345,1.7134302471053242
461.5,29.99999998968229,1.7134302209478918,1.7134301715199485
461.75,29.999999999229335,1.7134302209436707,1.7134302178022158
462.0,29.999999990951032,1.7134302209470853,1.7134301776665257
462.25,30.000000004239407,1.713430220941263,1.7134302420861243
462.5,30.000000003181277,1.7134302209415866,1.7134302369532897
462.75,29.9999999937815,1.713430220945484,1.7134301913796322
463.0,29.99999999896013,1.7134302209431373,1.7134302164821062
463.25,29.99999999024228,1.7134302209467445,1.7134301742139049
463.5,30.00000000907508,1.713430220938552,1.7134302655114617
463.75,30.000000001549125,1.7134302209416497,1.7134302290209944
464.0,29.999999998673093,1.7134302209427572,1.7134302150732033
464.25,29.999999998953516,1.7134302209425134,1.7134302164276944
464.5,29.999999990946847,1.7134302209458203,1.7134301776059846
464.75,30.000000012044076,1.7134302209366623,1.7134302798802485
465.0,30.000000000618126,1.7134302209414365,1.7134302244813557
465.25,30.000000003313755,1.7134302209401633,1.7134302375439183
465.5,29.999999999277705,1.7134302209417747,1.7134302179709924
465.75,29.999999992642344,1.7134302209445005,1.7134301857963739
466.0,30.00000001215489,1.713430220936028,1.7134302803870542
466.25,30.000000000379703,1.7134302209409582,1.7134302232941534
466.5,30.000000006911645,1.713430220938049,1.7134302549543468
466.75,29.999999998997897,1.7134302209413284,1.7134302165814383
467.0,29.999999994790617,1.7134302209430214,1.7134301961774059
467.25,30.00000000963927,1.7134302209365535,1.7134302681566973
467.5,30.00000000058835,1.713430220940325,1.7134302242703898
467.75,30.000000009014602,1.7134302209366123,1.7134302651136102
468.0,29.999999994879428,1.7134302209425645,1.7134301965785195
468.25,29.999999996853635,1.7134302209416181,1.7134302061418998
468.5,30.000000005382073,1.7134302209378653,1.7134302474802001
468.75,30.000000000851696,1.7134302209397088,1.7134302255090734
469.0,30.00000000952978,1.7134302209358963,1.7134302675727222
469.25,29.999999990185653,1.713430220944088,1.7134301737841326
469.5,29.999999998413372,1.7134302209404715,1.713430213664301
469.75,30.00000000048031,1.7134302209394952,1.713430223676818
470.0,30.00000000082073,1.713430220939261,1.7134302253191265
470.25,30.00000000868056,1.7134302209358077,1.7134302634156198
470.5,29.999999987581656,1.7134302209447594,1.7134301611196467
470.75,29.999999999261,1.7134302209396737,1.713430217733167
471.0,29.99999999595263,1.713430220941009,1.7134302016859497
471.25,30.000000000494435,1.713430220938984,1.7134302236965349
471.5,30.00000000690766,1.7134302209361592,1.7134302547797848
471.75,29.99999998786485,1.7134302209442396,1.7134301624517538
472.0,29.999999999436763,1.7134302209392087,1.7134302185444408
472.25,29.999999992549128,1.713430220942086,1.7134301851449163
472.5,30.00000000118378,1.7134302209383168,1.7134302269977186
472.75,30.000000004757183,1.7134302209367174,1.7134302443135379
473.0,29.99999999068375,1.7134302209426788,1.7134301760772392
473.25,29.999999999212505,1.71343022093896,1.7134302174167368
473.5,29.99999999067396,1.7134302209425532,1.713430176013704
473.75,30.000000005635943,1.7134302209360823,1.7134302485416946
474.0,30.000000002755957,1.7134302209372558,1.7134302345715604
474.25,29.999999995106684,1.7134302209404735,1.713430197479842
474.5,29.999999998987644,1.7134302209387544,1.7134302162870154
474.75,29.999999990371876,1.7134302209423895,1.713430174509867
475.0,30.000000010176198,1.7134302209338534,1.71343027051386
475.25,30.00000000129881,1.713430220937604,1.713430227468522
475.5,30.00000000002863,1.7134302209380983,1.713430221303121
475.75,29.999999999085663,1.7134302209384535,1.713430216724107
476.0,29.99999999138863,1.7134302209417036,1.7134301794013733
476.25,30.000000012426668,1.7134302209326473,1.713430281386847
476.5,30.000000000563954,1.7134302209376848,1.7134302238689545
476.75,30.000000004459718,1.713430220935974,1.7134302427485337
477.0,29.999999999430962,1.7134302209380874,1.7134302183619634
477.25,29.999999993258566,1.7134302209406924,1.7134301884311143
477.5,30.000000011788025,1.7134302209327188,1.713430278255377
477.75,30.000000000476284,1.7134302209375276,1.7134302234090537
478.0,30.000000007692023,1.7134302209344026,1.7134302583843803
478.25,29.999999998284878,1.7134302209383987,1.7134302127717589
478.5,29.999999995433726,1.7134302209395884,1.7134301989428167
478.75,30.000000008710543,1.713430220933871,1.7134302633026255
479.0,30.00000000073921,1.7134302209372567,1.7134302246511626
479.25,30.000000009370098,1.7134302209335324,1.713430266487653
479.5,29.999999993614544,1.7134302209402545,1.7134301900983413
479.75,29.99999999739579,1.71343022093861,1.7134302084238813
480.0,30.000000004173586,1.7134302209356835,1.7134302412768443
480.25,30.000000000949516,1.7134302209370422,1.7134302256407117
480.5,30.000000009491842,1.7134302209333625,1.7134302670483699
480.75,29.9999999893002,1.7134302209419912,1.7134301691533673
481.0,29.999999998776286,1.713430220937914,1.7134302150881173
481.25,29.99999999927773,1.7134302209376815,1.7134302175137621
481.5,30.00000000081461,1.7134302209370071,1.7134302249593318
481.75,30.00000000834576,1.7134302209337664,1.7134302614653434
482.0,29.999999987438574,1.713430220942708,1.713430160101904
482.25,29.999999999428766,1.7134302209375591,1.7134302182256362
482.5,29.999999994982762,1.713430220939452,1.7134301966664878
482.75,30.000000000493866,1.7134302209370806,1.7134302233797112
483.0,30.00000000641412,1.7134302209345353,1.71343025207662
483.25,29.999999988456114,1.7134302209422183,1.7134301650113963
483.5,29.99999999946094,1.713430220937497,1.7134302183586245
483.75,29.999999991955033,1.7134302209407053,1.713430181965599
484.0,30.000000002185384,1.7134302209363175,1.7134302315583694
484.25,30.000000004251305,1.7134302209354275,1.713430241569935
484.5,29.999999991799264,1.7134302209407564,1.7134301811982953
484.75,29.99999999919225,1.7134302209375867,1.7134302170357973
485.0,29.999999990501394,1.713430220941307,1.7134301748986716
485.25,30.000000007018688,1.713430220934231,1.7134302549711944
485.5,30.00000000235927,1.7134302209362255,1.7134302323787358
485.75,29.999999996455575,1.7134302209387542,1.713430203754088
486.0,29.99999999902643,1.7134302209376535,1.713430216214345
486.25,29.999999990578317,1.713430220941273,1.7134301752545642
486.5,30.000000011094393,1.7134302209324874,1.7134302747137473
486.75,30.000000001081524,1.7134302209367789,1.7134302261681957
487.0,30.00000000133106,1.713430220936675,1.713430227375041
487.25,29.999999999218424,1.7134302209375838,1.7134302171301556
487.5,29.99999999186863,1.7134302209407364,1.7134301814955275
487.75,30.000000012578095,1.7134302209318713,1.713430281892778
488.0,30.00000000053064,1.7134302209370371,1.7134302234840035
488.25,30.000000005496194,1.7134302209349166,1.7134302475547065
488.5,29.99999999951639,1.7134302209374845,1.7134302185621995
488.75,29.999999993868826,1.7134302209399106,1.7134301911804912
489.0,30.000000011215942,1.7134302209324885,1.713430275277489
489.25,30.000000000567017,1.7134302209370575,1.713430223649263
489.5,30.000000008331906,1.7134302209337406,1.713430261291616
489.75,29.999999997257202,1.713430220938493,1.7134302075993844
490.0,29.9999999960288,1.7134302209390286,1.7134302016423009
490.25,30.000000007641784,1.7134302209340642,1.7134302579405485
490.5,30.0000000008509,1.713430220936983,1.713430225016609
490.75,30.000000009581658,1.7134302209332535,1.7134302673419453
491.0,29.999999992345344,1.7134302209406467,1.713430183778538
491.25,29.999999997860378,1.7134302209382957,1.7134302105141466
491.5,30.00000000290004,1.713430220936149,1.713430234945251
491.75,30.000000000982148,1.7134302209369818,1.7134302256460354
492.0,30.000000009323458,1.7134302209334213,1.7134302660837082
492.25,29.999999988556933,1.7134302209423287,1.7134301654061743
492.5,29.99999999904701,1.7134302209378476,1.7134302162612411
492.75,29.999999998076106,1.7134302209382757,1.713430211553352
493.0,30.000000000749775,1.7134302209371433,1.7134302245144946
493.25,30.000000007914043,1.7134302209340875,1.7134302592461768
493.5,29.999999987460228,1.7134302209428613,1.7134301600849549
493.75,29.999999999510646,1.713430220937713,1.7134302185049386
494.0,29.99999999406183,1.7134302209400603,1.7134301920884225
494.25,30.000000000506407,1.7134302209373133,1.713430223331299
494.5,30.000000005862912,1.7134302209350327,1.7134302492992446
494.75,29.9999999891702,1.7134302209421959,1.713430168372228
495.0,29.999999999421604,1.7134302209378192,1.7134302180708636
495.25,29.999999991432635,1.7134302209412546,1.7134301793398863
495.5,30.000000003367195,1.713430220936157,1.7134302371985781
495.75,30.000000003723784,1.7134302209360182,1.7134302389271068
496.0,29.999999992963975,1.7134302209406407,1.71343018676321
496.25,29.999999999138105,1.7134302209380103,1.713430216695398
496.5,29.999999990395235,1.7134302209417696,1.7134301743097602
496.75,30.000000008295096,1.713430220934117,1.7134302610885963
497.0,30.00000000196557,1.7134302209368422,1.7134302304029794
497.25,29.999999997778726,1.7134302209386505,1.7134302101051504
497.5,29.99999999905189,1.713430220938119,1.7134302162775954
497.75,29.999999990831164,1.713430220941654,1.7134301764235262
498.0,30.00000001178126,1.7134302209326948,1.7134302779901576
498.25,30.00000000087619,1.7134302209373795,1.713430225122434
498.5,30.00000000254167,1.71343022093668,1.7134302331970122
498.75,29.999999999324256,1.713430220938072,1.7134302175992184
499.0,29.999999992357285,1.7134302209410701,1.7134301838235786
499.25,30.000000012490307,1.713430220932461,1.7134302814292015
499.5,30.000000000500894,1.7134302209376095,1.7134302233047278
499.75,30.000000006397343,1.713430220935098,1.7134302518912943
500.0,29.99999999945654,1.7134302209380843,1.7134302182426442
500.25,29.999999994451237,1.7134302209402414,1.7134301939773513
500.5,30.0000000104517,1.713430220933402,1.7134302715484127
500.75,30.000000000638945,1.7134302209376178,1.7134302239765467
501.0,30.00000000882295,1.7134302209341254,1.713430263653343
501.25,29.999999996019863,1.7134302209396222,1.7134302015843472
501.5,29.999999996564195,1.7134302209394017,1.713430204223905
501.75,30.000000006457963,1.7134302209351766,1.713430252189722
502.0,30.00000000091657,1.7134302209375623,1.7134302253256155
502.25,30.000000009649774,1.713430220933834,1.713430267665018
502.5,29.99999999113943,1.7134302209417742,1.7134301779272427
502.75,29.999999998244686,1.7134302209387426,1.7134302123743697
503.0,30.00000000159256,1.7134302209373198,1.7134302286056244
503.25,30.000000000954955,1.7134302209376047,1.7134302255152805
503.5,30.00000000904418,1.7134302209341514,1.7134302647327329
503.75,29.99999998797778,1.713430220943186,1.7134301626032398
504.0,29.999999999235662,1.7134302209383752,1.7134302171824365
504.25,29.99999999690462,1.7134302209393844,1.7134302058823005
504.5,30.00000000064961,1.713430220937791,1.7134302240388934
504.75,30.00000000740761,1.713430220934907,1.7134302568026158
505.0,29.999999987658157,1.7134302209433763,1.713430161057728
505.25,29.999999999525517,1.7134302209383034,1.7134302185917418
505.5,29.999999993212775,1.713430220941017,1.7134301879882876
505.75,30.000000000753207,1.713430220937797,1.7134302245452873
506.0,30.000000005280224,1.7134302209358676,1.7134302464931983
506.25,29.999999990007606,1.713430220942419,1.7134301724521273
506.5,29.999999999343935,1.7134302209384293,1.7134302177156724
506.75,29.999999990998525,1.7134302209420127,1.7134301772578486
507.0,30.0000000046566,1.7134302209361714,1.7134302434732982
507.25,30.000000003200974,1.7134302209368037,1.7134302364172662
507.5,29.99999999417999,1.7134302209406758,1.7134301926842044
507.75,29.99999999907727,1.7134302209385865,1.7134302164271886
508.0,29.99999999037539,1.7134302209423218,1.7134301742411984
508.25,30.00000000943683,1.7134302209341652,1.7134302666522785
508.5,30.000000001599844,1.7134302209375298,1.713430228659288
508.75,29.999999999079044,1.713430220938617,1.713430216439277
509.0,29.999999999086988,1.713430220938621,1.7134302164786581
509.25,29.99999999114266,1.7134302209420307,1.7134301779652623
509.5,30.000000012250442,1.7134302209329964,1.7134302802970005
509.75,30.000000000704876,1.7134302209379486,1.7134302243247546
510.0,30.000000003671932,1.7134302209366845,1.7134302387099098
510.25,29.999999999413102,1.713430220938515,1.7134302180638794
510.5,29.999999992873462,1.7134302209413224,1.7134301863604307
510.75,30.00000001218606,1.7134302209330567,1.713430279989056
511.0,30.00000000049368,1.7134302209380707,1.7134302233050387
511.25,30.00000000718595,1.7134302209352092,1.7134302557500352
511.5,29.99999999896375,1.7134302209387366,1.7134302158894883
511.75,29.999999995023273,1.71343022094043,1.713430196786788
512.0,30.00000000953445,1.7134302209342207,1.713430267138005
512.25,30.000000000708738,1.7134302209380057,1.713430224351604
512.5,30.000000009188547,1.7134302209343781,1.7134302654626425
512.75,29.999999994686007,1.7134302209405945,1.7134301951548525
513.0,29.99999999705795,1.713430220939583,1.7134302066548501
513.25,30.000000005202153,1.7134302209360988,1.7134302461388529
513.5,30.00000000095443,1.7134302209379226,1.7134302255465514
513.75,30.000000009606506,1.7134302209342207,1.7134302674927107
514.0,29.999999990055898,1.7134302209425982,1.7134301727117311
514.25,29.999999998571145,1.713430220938955,1.71343021399452
514.5,30.00000000028981,1.7134302209382226,1.7134302223273439
514.75,30.00000000089242,1.7134302209379677,1.7134302252495068
515.0,30.00000000868245,1.7134302209346344,1.713430263016385
515.25,29.999999987600884,1.7134302209436671,1.7134301608132858
515.5,29.99999999936753,1.7134302209386303,1.7134302178588485
515.75,29.99999999579693,1.7134302209401635,1.713430200549174
516.0,30.00000000055385,1.7134302209381285,1.713430223611448
516.25,30.000000006862557,1.7134302209354288,1.7134302541967856
516.5,29.999999988038603,1.7134302209434942,1.713430162938529
516.75,29.999999999502055,1.7134302209385863,1.71343021851417
517.0,29.99999999246576,1.7134302209416015,1.7134301844026718
517.25,30.000000001432454,1.713430220937763,1.713430227873937
517.5,30.00000000469847,1.7134302209363659,1.7134302437082156
517.75,29.999999990969343,1.713430220942249,1.713430177149735
518.0,29.999999999257838,1.7134302209387002,1.7134302173330513
518.25,29.999999990676592,1.7134302209423773,1.7134301757315955
518.5,30.000000005983832,1.7134302209358225,1.7134302499418992
518.75,30.000000002711786,1.7134302209372252,1.713430234079473
519.0,29.999999995440284,1.7134302209403416,1.7134301988276286
519.25,29.99999999903601,1.7134302209388022,1.7134302162602577
519.5,29.999999990447836,1.7134302209424817,1.713430174625125
519.75,30.000000010432615,1.7134302209339225,1.7134302715121648
520.0,30.000000001284878,1.7134302209378414,1.7134302271642308
520.25,30.000000000350887,1.7134302209382422,1.7134302226366445
520.5,29.999999999147825,1.713430220938758,1.7134302168046227
520.75,29.9999999915212,1.7134302209420251,1.713430179831042
521.0,30.000000012509442,1.713430220933036,1.7134302815828424
521.25,30.000000000583874,1.7134302209381442,1.7134302237678833
521.5,30.00000000472092,1.713430220936373,1.713430243824772
521.75,29.999999999482043,1.7134302209386167,1.7134302184269705
522.0,29.99999999341648,1.7134302209412149,1.7134301890213965
522.25,30.000000011703275,1.7134302209333823,1.7134302776764612
522.5,30.000000000518348,1.7134302209381729,1.7134302234520797
522.75,30.00000000786183,1.7134302209350274,1.7134302590537367
523.0,29.999999998105718,1.7134302209392058,1.713430211756264
523.25,29.99999999558368,1.7134302209402856,1.7134301995297025
523.5,30.000000008508845,1.7134302209347492,1.713430262191439
523.75,30.00000000078243,1.713430220938058,1.7134302247339215
524.0,30.000000009441777,1.7134302209343486,1.7134302667148824
524.25,29.999999993353565,1.7134302209412386,1.7134301887192307
524.5,29.999999997514614,1.7134302209394559,1.71343020889233
524.75,30.000000003916167,1.7134302209367134,1.7134302399274572
525.0,30.000000000971973,1.7134302209379735,1.7134302256541722
525.25,30.000000009475997,1.7134302209343306,1.7134302668820691
525.5,29.999999989135162,1.7134302209430425,1.7134301682695652
525.75,29.99999999884893,1.7134302209388808,1.7134302153622958
526.0,29.999999999025633,1.7134302209388048,1.7134302162191695
526.25,30.00000000081021,1.7134302209380392,1.7134302248710191
526.5,30.000000008265452,1.7134302209348449,1.7134302610143561
526.75,29.999999987431707,1.7134302209437666,1.7134301600121644
527.0,29.999999999455518,1.7134302209386156,1.7134302183039685
527.25,29.999999994781962,1.7134302209406167,1.713430195646675
527.5,30.0000000004948,1.7134302209381684,1.7134302233427636
527.75,30.000000006299913,1.7134302209356806,1.7134302514862023
528.0,29.99999998859851,1.7134302209432608,1.7134301656696236
528.25,29.999999999455763,1.7134302209386094,1.7134302183058983
528.5,29.999999991835516,1.7134302209418717,1.7134301813628885
528.75,30.000000002422688,1.7134302209373355,1.7134302326897823
529.0,30.000000004136638,1.7134302209366001,1.713430240999151
529.25,29.999999992039676,1.713430220941781,1.7134301823529898
529.5,29.999999999177955,1.7134302209387218,1.7134302169595619
529.75,29.999999990468847,1.7134302209424512,1.71343017473776
530.0,30.00000000729446,1.7134302209352434,1.7134302563087078
530.25,30.000000002267726,1.7134302209373948,1.7134302319390686
530.5,29.999999996734484,1.7134302209397627,1.7134302051138497
530.75,29.999999999024755,1.7134302209387804,1.713430216217186
531.0,29.99999999062028,1.7134302209423788,1.7134301754722017
531.25,30.00000001125312,1.7134302209335404,1.7134302755006021
531.5,30.00000000102675,1.7134302209379189,1.7134302259230145
531.75,30.000000001589434,1.7134302209376757,1.7134302286509502
532.0,29.99999999923332,1.7134302209386834,1.7134302172285025
532.25,29.999999991961676,1.7134302209417966,1.7134301819754567
532.5,30.00000001256914,1.7134302209329684,1.7134302818807965
532.75,30.000000000512447,1.713430220938131,1.7134302234297472
533.0,30.000000005688108,1.7134302209359122,1.7134302485214454
533.25,29.999999999509484,1.7134302209385572,1.7134302185673633
533.5,29.999999993983263,1.7134302209409225,1.7134301917761394
533.75,30.000000011055477,1.7134302209336085,1.71343027454251
534.0,30.000000000571205,1.7134302209380976,1.7134302237145713
534.25,30.00000000843654,1.7134302209347272,1.713430261845795
534.5,29.999999996992123,1.7134302209396275,1.713430206363043
534.75,29.999999996134974,1.7134302209399932,1.7134302022075407
535.0,30.000000007382738,1.7134302209351737,1.7134302567368485
535.25,30.00000000085487,1.7134302209379684,1.7134302250896027
535.5,30.000000009592146,1.7134302209342251,1.7134302674480442
535.75,29.999999992066982,1.7134302209417305,1.7134301824857308
536.0,29.999999997934815,1.7134302209392154,1.7134302109330246
536.25,30.00000000260649,1.7134302209372132,1.7134302335813343
536.5,30.00000000096651,1.713430220937914,1.7134302256306235
536.75,30.000000009257974,1.7134302209343608,1.7134302658277283
537.0,29.99999998840219,1.7134302209432914,1.7134301647184615
537.25,29.99999999907935,1.713430220938717,1.7134302164814477
537.5,29.999999997807333,1.7134302209392611,1.7134302103146064
537.75,30.000000000715584,1.713430220938014,1.7134302244137802
538.0,30.000000007796537,1.7134302209349797,1.713430258742303
538.25,29.99999998747254,1.7134302209436838,1.7134301602111524
538.5,29.999999999503938,1.713430220938529,1.7134302185395098
538.75,29.999999993859056,1.7134302209409447,1.7134301911729246
539.0,30.00000000050381,1.7134302209380974,1.7134302233867338
539.25,30.000000005724825,1.7134302209358598,1.7134302486982194
539.5,29.999999989325236,1.713430220942883,1.7134301691926823
539.75,29.999999999392752,1.7134302209385697,1.7134302180000645
540.0,29.999999991316272,1.713430220942028,1.713430178845065
540.25,30.000000003623224,1.7134302209367556,1.7134302385092819
540.5,30.000000003596085,1.713430220936766,1.7134302383776387
540.75,29.999999993206327,1.7134302209412144,1.7134301880078384
541.0,29.999999999110347,1.7134302209386847,1.7134302166305337
541.25,29.99999999036817,1.7134302209424277,1.7134301742482054
541.5,30.000000008539338,1.7134302209346433,1.7134302623422457
541.75,30.000000001869704,1.713430220937499,1.7134302300076594
542.0,29.999999998044775,1.713430220939137,1.71343021146423
542.25,29.99999999904422,1.7134302209387076,1.7134302163094755
542.5,29.999999990878027,1.7134302209422043,1.7134301767195372
542.75,30.0000000118873,1.7134302209332046,1.7134302785727462
543.0,30.000000000822713,1.7134302209379428,1.713430224931352
543.25,30.00000000277766,1.7134302209371046,1.7134302344088943
543.5,29.999999999331656,1.7134302209385797,1.7134302177025178
543.75,29.99999999245297,1.713430220941525,1.713430184354432
544.0,30.00000001242883,1.713430220932968,1.7134302811976276
544.25,30.00000000048448,1.713430220938083,1.7134302232911254
544.5,30.00000000656386,1.7134302209354775,1.713430252763917
544.75,29.999999999377206,1.7134302209385548,1.7134302179228065
545.0,29.999999994562614,1.7134302209406163,1.7134301945814872
545.25,30.000000010254652,1.7134302209338956,1.7134302706566922
545.5,30.000000000642057,1.7134302209380115,1.7134302240545738
545.75,30.000000008899296,1.7134302209344743,1.713430264085695
546.0,29.999999995727862,1.713430220940115,1.7134302002302564
546.25,29.99999999666212,1.7134302209397143,1.7134302047594638
546.5,30.000000006182447,1.7134302209356356,1.7134302509141195
546.75,30.000000000915936,1.7134302209378909,1.713430225381887
547.0,30.00000000963953,1.7134302209341539,1.713430267673906
547.25,29.999999990882955,1.7134302209421872,1.7134301767416233
547.5,29.99999999830897,1.7134302209390058,1.7134302127429875
547.75,30.000000001301338,1.713430220937723,1.713430227249936
548.0,30.000000000934023,1.7134302209378798,1.713430225469108
548.25,30.000000008961884,1.7134302209344408,1.7134302643882169
548.5,29.999999987872453,1.7134302209434733,1.7134301621462
548.75,29.99999999925867,1.7134302209385959,1.7134302173467038
549.0,29.999999996653624,1.7134302209397108,1.7134302047173104
549.25,30.00000000061886,1.713430220938012,1.7134302239407764
549.5,30.000000007286054,1.7134302209351557,1.71343025626336
549.75,29.999999987714048,1.7134302209435386,1.7134301613778307
550.0,29.999999999514856,1.7134302209384835,1.713430218588282
550.25,29.999999993038557,1.713430220941257,1.7134301871909887
550.5,30.00000000085647,1.7134302209379082,1.713430225092295
550.75,30.000000005148376,1.7134302209360694,1.7134302458994508
551.0,29.99999999019411,1.7134302209424737,1.7134301734008064
551.25,29.999999999318437,1.7134302209385655,1.713430217635638
551.5,29.999999990911803,1.7134302209421655,1.7134301768800715
551.75,30.00000000493132,1.7134302209361603,1.7134302448468481
552.0,30.000000003086885,1.7134302209369499,1.7134302359049232
552.25,29.999999994436884,1.7134302209406538,1.71343019396952
552.5,29.999999999060076,1.7134302209386736,1.7134302163827537
552.75,29.999999990376153,1.7134302209423928,1.7134301742828661
553.0,30.000000009654233,1.7134302209341354,1.7134302677432605
553.25,30.00000000152295,1.713430220937618,1.713430228322592
553.5,29.99999999934379,1.713430220938551,1.7134302177579097
553.75,29.99999999909211,1.7134302209386587,1.7134302165377022
554.0,29.99999999121175,1.713430220942034,1.7134301783335124
554.25,30.000000012316974,1.7134302209329941,1.7134302806519222
554.5,30.00000000067016,1.7134302209379824,1.7134302241879107
554.75,30.00000000389647,1.7134302209366012,1.7134302398290921
555.0,29.999999999425324,1.713430220938516,1.7134302181528334
555.25,29.99999999298229,1.7134302209412757,1.713430186916834
555.5,30.0000000120933,1.7134302209330905,1.7134302795672958
555.75,30.0000000004922,1.7134302209380592,1.71343022332492
556.0,30.000000007334343,1.7134302209351282,1.7134302564956885
556.25,29.999999998803762,1.713430220938782,1.7134302151392327
556.5,29.999999995138914,1.7134302209403516,1.713430197371948
556.75,30.00000000932248,1.7134302209342762,1.7134302661340577
557.0,30.000000000721034,1.7134302209379604,1.7134302244340622
557.25,30.000000009248158,1.713430220934308,1.713430265773669
557.5,29.999999994397648,1.7134302209406687,1.7134301937780916
557.75,29.99999999715567,1.7134302209394874,1.713430207148986
558.0,30.00000000492778,1.7134302209361585,1.713430244828304
558.25,30.00000000095744,1.7134302209378591,1.7134302255799574
558.5,30.000000009585566,1.7134302209341639,1.7134302674092412
558.75,29.999999989839978,1.713430220942622,1.713430171682263
559.0,29.999999998632404,1.7134302209388557,1.7134302143080524
559.25,30.000000000015135,1.713430220938264,1.7134302210115562
559.5,30.000000000874458,1.7134302209378958,1.7134302251775266
559.75,30.000000008596587,1.7134302209345882,1.7134302626145186
560.0,29.99999998754595,1.7134302209436043,1.7134301605606503
560.25,29.999999999388173,1.7134302209385324,1.7134302179719048
560.5,29.999999995573408,1.7134302209401666,1.7134301994778494
560.75,30.00000000053611,1.713430220938041,1.7134302235370942
561.0,30.000000006743846,1.713430220935382,1.71343025363227
561.25,29.99999998814105,1.7134302209433496,1.713430163445564
561.5,29.999999999492918,1.7134302209384877,1.7134302184795833
561.75,29.999999992321552,1.713430220941559,1.713430183712668
562.0,30.000000001619508,1.7134302209375767,1.7134302287892966
562.25,30.0000000045766,1.7134302209363101,1.7134302431253061
562.5,29.99999999118762,1.7134302209420456,1.7134301782153074
562.75,29.99999999923963,1.7134302209385965,1.7134302172515652
563.0,29.999999990621813,1.713430220942288,1.7134301754722048
563.25,30.000000006266504,1.7134302209355874,1.7134302513179156
563.5,30.000000002613238,1.7134302209371521,1.7134302336068032
563.75,29.999999995713345,1.713430220940107,1.713430200155944
564.0,29.999999999031083,1.7134302209386865,1.7134302162403903
564.25,29.999999990477694,1.71343022094235,1.7134301747734064
564.5,30.000000010621136,1.7134302209337224,1.7134302724291428
564.75,30.0000000012255,1.7134302209377468,1.7134302268789356
565.0,30.000000000619064,1.713430220938007,1.7134302239389345
565.25,29.999999999164693,1.71343022093863,1.7134302168880842
565.5,29.9999999916105,1.7134302209418657,1.7134301802652263
565.75,30.00000001254094,1.7134302209329009,1.713430281736312
566.0,30.00000000056508,1.7134302209380305,1.7134302236771364
566.25,30.000000004937757,1.713430220936157,1.7134302448759247
566.5,29.99999999949325,1.7134302209384893,1.7134302184808672
566.75,29.999999993537926,1.7134302209410401,1.7134301896093445
567.0,30.0000000115779,1.713430220933313,1.7134302770674743
567.25,30.00000000052863,1.713430220938046,1.7134302235003969
567.5,30.00000000799716,1.713430220934847,1.7134302597079563
567.75,29.99999999788258,1.7134302209391794,1.713430210672302
568.0,29.999999995705558,1.713430220940112,1.713430200118064
568.25,30.000000008273354,1.7134302209347283,1.7134302610469234
568.5,30.000000000799705,1.71343022093793,1.7134302248145385
568.75,30.000000009483895,1.7134302209342107,1.713430266915653
569.0,29.999999993070176,1.7134302209412413,1.713430187341665
569.25,29.99999999761037,1.7134302209392969,1.7134302093525855
569.5,30.000000003634426,1.713430220936717,1.713430238557273
569.75,30.000000000974165,1.7134302209378565,1.7134302256603011
570.0,30.000000009436366,1.7134302209342318,1.7134302666851824
570.25,29.99999998896156,1.7134302209430012,1.7134301674229446
570.5,29.999999998904475,1.7134302209387429,1.7134302156263836
570.75,29.99999999875609,1.7134302209388068,1.7134302149070109
571.0,30.00000000079173,1.713430220937935,1.7134302247758235
571.25,30.000000008167813,1.713430220934776,1.7134302605352192
571.5,29.9999999874256,1.7134302209436614,1.7134301599766697
571.75,29.99999999947086,1.713430220938502,1.7134302183722767
572.0,29.999999994573862,1.7134302209405992,1.713430194631559
572.25,30.00000000049101,1.713430220938065,1.7134302233179957
572.5,30.000000006176304,1.71343022093563,1.713430250880404
572.75,29.999999988745813,1.713430220943097,1.7134301663771114
573.0,29.999999999444828,1.7134302209385142,1.7134302182461043
573.25,29.999999991713196,1.7134302209418255,1.7134301807630492
573.5,30.000000002672486,1.7134302209371317,1.7134302338938858
573.75,30.00000000401778,1.7134302209365555,1.7134302404159032
574.0,29.99999999228876,1.7134302209415795,1.7134301835534278
574.25,29.999999999163634,1.713430220938635,1.7134302168829352
574.5,29.999999990439246,1.713430220942372,1.7134301745869465
574.75,30.000000007575007,1.7134302209350325,1.7134302576614127
575.0,30.000000002178666,1.713430220937344,1.7134302314998613
575.25,29.99999999702088,1.7134302209395538,1.7134302064948534
575.5,29.999999999028095,1.713430220938694,1.713430216225869
575.75,29.99999999067237,1.7134302209422732,1.7134301757171635
576.0,30.0000000114071,1.7134302209333923,1.7134302762394755
576.25,30.000000000979618,1.7134302209378587,1.7134302256868732
576.5,30.000000001854985,1.7134302209374839,1.7134302299306534
576.75,29.9999999992558,1.7134302209385972,1.7134302173297642
577.0,29.999999992067377,1.7134302209416763,1.7134301824802025
577.25,30.00000001255543,1.7134302209329015,1.7134302818066867
577.5,30.000000000504496,1.713430220938063,1.7134302233835457
577.75,30.000000005889273,1.7134302209357564,1.7134302494890599
578.0,29.999999999508084,1.7134302209384897,1.7134302185529593
578.25,29.999999994110514,1.7134302209408017,1.713430192385454
578.5,30.000000010894976,1.7134302209336123,1.7134302737567868
578.75,30.000000000586894,1.7134302209380277,1.713430223783059
579.0,30.000000008547623,1.7134302209346177,1.713430262376811
579.25,29.999999996729326,1.7134302209396797,1.7134302050815096
579.5,29.999999996253454,1.7134302209398837,1.7134302027744954
579.75,30.00000000712904,1.713430220935226,1.7134302554995486
580.0,30.00000000087088,1.7134302209379064,1.7134302251598825
580.25,30.00000000961444,1.7134302209341612,1.7134302675487985
580.5,29.999999991798664,1.713430220941792,1.7134301811776063
580.75,29.99999999802195,1.7134302209391266,1.713430211348214
581.0,30.000000002323695,1.7134302209372843,1.7134302322031634
581.25,30.000000000963155,1.7134302209378671,1.7134302256072451
581.5,30.000000009201866,1.7134302209343384,1.7134302655486655
581.75,29.999999988270652,1.7134302209433039,1.7134301640737934
582.0,29.99999999912391,1.7134302209386554,1.7134302166905884
582.25,29.999999997552077,1.713430220939329,1.7134302090702909
582.5,30.000000000695515,1.7134302209379826,1.7134302243097403
582.75,30.00000000769021,1.7134302209349868,1.7134302582201724
583.0,29.999999987509113,1.713430220943631,1.7134301603818998
583.25,29.999999999510553,1.7134302209384906,1.7134302185650896
583.5,29.999999993672382,1.713430220940991,1.7134301902615454
583.75,30.00000000054013,1.7134302209380496,1.7134302235564969
584.0,30.00000000560047,1.7134302209358823,1.71343024808913
584.25,29.99999998950379,1.7134302209427767,1.7134301700521442
584.5,29.99999999937823,1.7134302209385475,1.7134302179236083
584.75,29.999999991218704,1.7134302209420427,1.7134301783661168
585.0,30.00000000390421,1.7134302209366095,1.7134302398656778
585.25,30.000000003482874,1.71343022093679,1.713430237823052
585.5,29.999999993470965,1.7134302209410783,1.7134301892851436
585.75,29.99999999909885,1.7134302209386678,1.7134302165692519
586.0,29.999999990363168,1.7134302209424093,1.7134301742185059
586.25,30.000000008793034,1.7134302209345154,1.7134302635668104
586.5,30.00000000179116,1.7134302209375145,1.7134302296216195
586.75,29.999999998329475,1.7134302209389978,1.7134302128393013
587.0,29.999999999053177,1.7134302209386878,1.713430216347826
587.25,29.999999990945597,1.7134302209421606,1.7134301770421487
587.5,30.000000011998598,1.7134302209331438,1.7134302791074878
587.75,30.0000000007861,1.7134302209379462,1.7134302247490985
588.0,30.0000000030267,1.7134302209369858,1.7134302356115854
588.25,29.999999999353747,1.7134302209385592,1.7134302178050527
588.5,29.999999992564902,1.7134302209414671,1.713430184892624
588.75,30.00000001237413,1.7134302209329824,1.713430280928132
589.0,30.000000000484086,1.7134302209380752,1.713430223284994
589.25,30.00000000674129,1.713430220935396,1.7134302536200314
589.5,29.999999999289066,1.713430220938588,1.7134302174915417
589.75,29.999999994689347,1.713430220940558,1.713430195192022
590.0,30.000000010062966,1.7134302209339727,1.7134302697235932
590.25,30.00000000065926,1.7134302209380008,1.713430224134283
590.5,30.00000000898457,1.7134302209344356,1.713430264495553
590.75,29.999999995443755,1.7134302209402354,1.7134301988494438
591.0,29.999999996772093,1.7134302209396666,1.7134302052892683
591.25,30.000000005915645,1.7134302209357495,1.7134302496173393
591.5,30.000000000927198,1.7134302209378864,1.7134302254332787
591.75,30.000000009634547,1.7134302209341568,1.7134302676466713
592.0,29.999999990647808,1.713430220942289,1.7134301755986527
592.25,29.99999999838343,1.7134302209389758,1.7134302131010855
592.5,30.000000001021576,1.7134302209378462,1.7134302258908476
592.75,30.000000000923773,1.713430220937888,1.7134302254167204
593.0,30.00000000888933,1.7134302209344758,1.7134302640338983
593.25,29.999999987783777,1.7134302209435153,1.7134301617138383
593.5,29.999999999291248,1.7134302209385865,1.7134302175022411
593.75,29.999999996414424,1.7134302209398184,1.7134302035553441
594.0,30.000000000599414,1.7134302209380259,1.7134302238442625
594.25,30.000000007171533,1.7134302209352112,1.7134302557060208
594.5,29.99999998779153,1.7134302209435128,1.7134301617514414
594.75,29.999999999512937,1.713430220938492,1.713430218577022
595.0,29.999999992874233,1.7134302209413355,1.7134301863924866
595.25,30.000000000991733,1.7134302209378587,1.7134302257462735
595.5,30.000000005024265,1.7134302209361312,1.7134302452960555
595.75,29.999999990399136,1.7134302209423944,1.7134301743931895
596.0,29.999999999301675,1.7134302209385817,1.7134302175528469
596.25,29.999999990839957,1.713430220942206,1.7134301765303102
596.5,30.00000000521976,1.713430220936047,1.7134302462438655
596.75,30.000000002981423,1.7134302209370058,1.713430235392354
597.0,29.999999994709494,1.7134302209405492,1.7134301952899027
597.25,29.999999999051944,1.7134302209386891,1.7134302163421915
597.5,29.99999999038993,1.713430220942399,1.7134301743485851
597.75,30.000000009877372,1.713430220934052,1.7134302688240421
598.0,30.00000000145454,1.7134302209376597,1.713430227990018
598.25,29.9999999996218,1.7134302209384458,1.7134302191048858
598.5,29.99999999910587,1.7134302209386665,1.7134302166036424
598.75,29.999999991292352,1.713430220942013,1.7134301787235702
599.0,30.000000012382852,1.7134302209329788,1.7134302809706752
599.25,30.000000000643656,1.7134302209380072,1.7134302240588477
599.5,30.000000004125738,1.7134302209365162,1.713430240940065
599.75,29.999999999442846,1.713430220938522,1.7134302182373105
600.0,29.999999993099152,1.713430220941239,1.7134301874829694
600.25,30.000000011997727,1.7134302209331447,1.7134302791035863
600.5,30.000000000497757,1.71343022093807,1.7134302233515353
600.75,30.00000000748471,1.7134302209350771,1.7134302572243851
601.0,29.999999998632646,1.7134302209388688,1.7134302143094142
601.25,29.99999999526091,1.713430220940313,1.713430197963197
601.5,30.000000009107954,1.713430220934382,1.7134302650939253
601.75,30.000000000737927,1.7134302209379668,1.7134302245158821
602.0,30.00000000930751,1.7134302209342966,1.7134302660613596
602.25,29.99999999411347,1.7134302209408045,1.7134301924003978
602.5,29.999999997255667,1.7134302209394587,1.7134302076338332
602.75,30.000000004655707,1.7134302209362902,1.7134302435093456
603.0,30.00000000096311,1.7134302209378713,1.7134302256075626
603.25,30.00000000956183,1.7134302209341883,1.7134302672943156
603.5,29.999999989638066,1.7134302209427221,1.7134301707035464
603.75,29.99999999869448,1.713430220938843,1.7134302146092149
604.0,29.99999999974388,1.7134302209383936,1.7134302196967677
604.25,30.00000000085844,1.7134302209379162,1.7134302251001594
604.5,30.000000008510114,1.7134302209346386,1.7134302621955864
604.75,29.999999987502964,1.713430220943636,1.713430160352508
605.0,29.99999999940943,1.7134302209385364,1.7134302180752945
605.25,29.999999995353782,1.7134302209402732,1.7134301984134186
605.5,30.000000000522324,1.7134302209380594,1.713430223470608
605.75,30.000000006624592,1.7134302209354457,1.7134302530545031
606.0,29.999999988255666,1.713430220943313,1.7134301640016103
606.25,29.999999999484608,1.7134302209385035,1.7134302184397332
606.5,29.999999992184378,1.7134302209416301,1.7134301830480938
606.75,30.000000001821103,1.7134302209375025,1.7134302297671038
607.0,30.000000004457206,1.7134302209363734,1.7134302425469832
607.25,29.99999999141176,1.7134302209419612,1.7134301793024251
607.5,29.99999999922283,1.7134302209386154,1.7134302171706204
607.75,29.99999999057319,1.7134302209423204,1.7134301752370213
608.0,30.000000006548476,1.713430220935478,1.713430252685484
608.25,30.00000000251736,1.7134302209372045,1.7134302331425677
608.5,29.999999995987693,1.7134302209400019,1.7134302014867178
608.75,29.99999999902795,1.7134302209386993,1.7134302162259045
609.0,29.999999990509995,1.7134302209423475,1.7134301749307181
609.25,30.000000010804175,1.7134302209336547,1.7134302733172406
609.5,30.00000000116904,1.7134302209377819,1.7134302266059487
609.75,30.000000000883144,1.7134302209379044,1.713430225219888
610.0,29.999999999182467,1.7134302209386327,1.7134302169749784
610.25,29.99999999170225,1.7134302209418368,1.7134301807107628
610.5,30.00000001256042,1.7134302209329035,1.7134302818315583
610.75,30.000000000548635,1.713430220938048,1.7134302235981982
611.0,30.000000005144585,1.7134302209360792,1.713430245879421
611.25,29.999999999501632,1.7134302209384964,1.7134302185222843
611.5,29.999999993656324,1.713430220941,1.713430190184141
611.75,30.00000001144856,1.713430220933379,1.7134302764412324
612.0,30.00000000053904,1.7134302209380519,1.7134302235516887
612.25,30.000000008120324,1.7134302209348051,1.713430260305899
612.5,29.999999997658538,1.7134302209392862,1.7134302095869678
612.75,29.999999995821586,1.713430220940073,1.7134302006813973
613.0,30.000000008041724,1.713430220934839,1.7134302599248363
613.25,30.000000000815177,1.7134302209379342,1.7134302248904238
613.5,30.000000009520516,1.7134302209342054,1.7134302670940451
613.75,29.999999992797495,1.713430220941368,1.7134301860205348
614.0,29.999999997699632,1.7134302209392682,1.7134302097861829
614.25,30.000000003361738,1.7134302209368424,1.713430237236143
614.5,30.00000000097403,1.7134302209378653,1.7134302256605074
614.75,30.00000000939357,1.7134302209342591,1.7134302664785963
615.0,29.99999998880288,1.7134302209430787,1.7134301666545724
615.25,29.99999999895412,1.7134302209387307,1.713430215867952
615.5,29.999999998502084,1.7134302209389247,1.7134302136765
615.75,30.00000000077239,1.7134302209379522,1.7134302246829614
616.0,30.000000008072778,1.713430220934825,1.7134302600753837
616.25,29.99999998742593,1.7134302209436678,1.7134301599790611
616.5,29.99999999948229,1.7134302209385042,1.713430218428524
616.75,29.999999994379685,1.7134302209406895,1.71343019369105
617.0,30.000000000488953,1.713430220938073,1.7134302233088765
617.25,30.00000000605846,1.713430220935687,1.7134302503099386
617.5,29.99999998888874,1.7134302209430405,1.713430167070806
617.75,29.999999999432116,1.713430220938525,1.7134302181852927
618.0,29.999999991602074,1.7134302209418784,1.7134301802251153
618.25,30.00000000291458,1.713430220937033,1.7134302350683308
618.5,30.000000003905,1.7134302209366088,1.713430239869907
618.75,29.999999992526405,1.7134302209414827,1.7134301847062776
619.0,29.99999999914901,1.713430220938646,1.7134302168127897
619.25,29.9999999904144,1.7134302209423875,1.7134301744672538
619.5,30.00000000783467,1.7134302209349261,1.7134302589210413
619.75,30.00000000209483,1.7134302209373846,1.7134302310941876
620.0,29.9999999972897,1.7134302209394419,1.7134302077987653
620.25,29.999999999030777,1.7134302209386965,1.7134302162395738
620.5,29.99999999072167,1.7134302209422552,1.7134301759568575
620.75,30.00000001154457,1.7134302209333356,1.7134302769066492
621.0,30.00000000093566,1.71343022093788,1.7134302254744576
621.25,30.000000002099114,1.7134302209373822,1.7134302311149079
621.5,29.99999999927551,1.7134302209385914,1.713430217426015
621.75,29.999999992165606,1.713430220941637,1.7134301829570968
622.0,30.000000012533874,1.7134302209329138,1.713430281702841
622.25,30.000000000497156,1.713430220938069,1.7134302233486114
622.5,30.00000000607123,1.7134302209356809,1.7134302503717926
622.75,29.99999999950117,1.7134302209384948,1.713430218520038
623.0,29.999999994228475,1.7134302209407533,1.713430192957915
623.25,30.000000010736347,1.7134302209336818,1.7134302729883624
623.5,30.00000000060057,1.7134302209380234,1.713430223849922
623.75,30.000000008645454,1.713430220934578,1.7134302628517206
624.0,29.999999996475918,1.7134302209397905,1.713430203853601
624.25,29.999999996361048,1.7134302209398398,1.7134302032967057
624.5,30.00000000688784,1.713430220935332,1.713430254330787
624.75,30.00000000088354,1.7134302209379033,1.713430225221819
625.0,30.000000009625644,1.7134302209341585,1.7134302676036777
625.25,29.999999991556308,1.7134302209418977,1.7134301800032223
625.5,29.999999998098897,1.7134302209390955,1.7134302117218023
625.75,30.00000000205851,1.7134302209373988,1.7134302309180505
626.0,30.000000000957307,1.7134302209378707,1.7134302255793956
626.25,30.000000009143662,1.7134302209343644,1.7134302652670002
626.5,29.999999988156176,1.7134302209433536,1.7134301635193128
626.75,29.99999999916181,1.7134302209386396,1.7134302168747984
627.0,29.99999999731518,1.7134302209394296,1.713430207922297
627.25,30.000000000675378,1.7134302209379906,1.7134302242126027
627.5,30.000000007587325,1.71343022093503,1.7134302577218208
627.75,29.99999998755159,1.7134302209436123,1.7134301605882452
628.0,29.99999999951377,1.7134302209384884,1.7134302185810804
628.25,29.999999993502122,1.7134302209410637,1.713430189436553
628.5,30.000000000594568,1.7134302209380259,1.7134302238208408
628.75,30.000000005483024,1.713430220935932,1.71343024752016
629.0,29.999999989675313,1.7134302209427033,1.713430170884127
629.25,29.999999999363187,1.7134302209385537,1.7134302178510799
629.5,29.999999991131585,1.7134302209420795,1.7134301779441679
629.75,30.000000004167948,1.7134302209364958,1.7134302411446831
630.0,30.000000003378098,1.713430220936834,1.7134302373154706
630.25,29.999999993718465,1.7134302209409717,1.7134301904853941
630.5,29.99999999908773,1.7134302209386718,1.713430216515682
630.75,29.999999990362003,1.7134302209424095,1.713430174213201
631.0,30.000000009023143,1.7134302209344168,1.7134302646827455
631.25,30.000000001718984,1.7134302209375452,1.7134302292720434
631.5,29.99999999859462,1.7134302209388825,1.7134302141250533
631.75,29.99999999906178,1.7134302209386827,1.7134302163898674
632.0,29.999999991012213,1.7134302209421304,1.713430177365414
632.25,30.000000012091064,1.7134302209331014,1.7134302795560532
632.5,30.00000000075321,1.713430220937958,1.7134302245899373
632.75,30.000000003256215,1.7134302209368866,1.71343023672455
633.0,29.999999999373138,1.7134302209385495,1.7134302178993244
633.25,29.999999992671327,1.71343022094142,1.7134301854088174
633.5,30.000000012311876,1.713430220933008,1.713430280626546
633.75,30.000000000484263,1.7134302209380738,1.7134302232860648
634.0,30.000000006899818,1.713430220935325,1.713430254388767
634.25,29.999999999187743,1.7134302209386283,1.7134302170004903
634.5,29.99999999480527,1.7134302209405052,1.713430195754182
634.75,30.000000009879805,1.7134302209340482,1.7134302688358043
635.0,30.000000000674937,1.713430220937991,1.7134302242104305
635.25,30.00000000905887,1.7134302209343995,1.7134302648558564
635.5,29.999999995176285,1.7134302209403456,1.7134301975528412
635.75,29.999999996873157,1.7134302209396188,1.7134302057793127
636.0,30.000000005663765,1.7134302209358534,1.7134302483963308
636.25,30.000000000936332,1.7134302209378784,1.7134302254776521
636.5,30.000000009628927,1.7134302209341554,1.7134302676194868
636.75,29.999999990428375,1.7134302209423795,1.71343017453487
637.0,29.999999998450882,1.7134302209389431,1.7134302134281187
637.25,30.000000000759805,1.713430220937954,1.7134302246218358
637.5,30.000000000912515,1.7134302209378887,1.713430225362163
637.75,30.000000008817814,1.7134302209345027,1.7134302636871852
638.0,29.999999987709465,1.7134302209435446,1.7134301613535219
638.25,29.999999999319165,1.7134302209385717,1.7134302176375635
638.5,29.999999996191523,1.7134302209399117,1.7134302024746904
638.75,30.000000000581483,1.7134302209380312,1.7134302237572931
639.0,30.000000007062596,1.713430220935255,1.7134302551778275
639.25,29.999999987870826,1.7134302209434746,1.7134301621357821
639.5,29.999999999509484,1.7134302209384897,1.7134302185601928
639.75,29.99999999272591,1.7134302209413952,1.713430185673322
640.0,30.000000001133376,1.713430220937794,1.7134302264328471
640.25,30.000000004908077,1.7134302209361774,1.7134302447326697
640.5,29.999999990596116,1.7134302209423071,1.713430175347984
640.75,29.999999999285652,1.7134302209385854,1.7134302174750085
641.0,29.999999990776526,1.7134302209422299,1.7134301762226218
641.25,30.000000005491238,1.7134302209359271,1.7134302475597853
641.5,30.000000002884054,1.7134302209370438,1.713430234920117
641.75,29.999999994966707,1.7134302209404342,1.7134301965366925
642.0,29.999999999045134,1.7134302209386876,1.7134302163089572
642.25,29.999999990407538,1.7134302209423873,1.7134301744337554
642.5,30.000000010078274,1.7134302209339618,1.7134302697978163
642.75,30.00000000139251,1.7134302209376822,1.7134302276890716
643.0,29.99999999988022,1.7134302209383296,1.7134302203574725
643.25,29.9999999991197,1.7134302209386554,1.713430216670457
643.5,29.999999991370654,1.7134302209419747,1.7134301791029256
643.75,30.00000001243571,1.7134302209329524,1.7134302812266713
644.0,30.000000000620695,1.713430220938013,1.7134302239472687
644.25,30.00000000434012,1.71343022093642,1.7134302419790768
644.5,29.99999999945815,1.7134302209385113,1.7134302183112131
644.75,29.999999993210547,1.7134302209411871,1.713430188022712
645.0,30.00000001190066,1.7134302209331818,1.713430278632692
645.25,30.00000000050424,1.7134302209380632,1.7134302233826548
645.5,30.000000007623104,1.7134302209350145,1.7134302578950402
645.75,29.999999998456712,1.7134302209389407,1.7134302134562047
646.0,29.99999999537666,1.71343022094026,1.713430198524053
646.25,30.000000008899022,1.7134302209344683,1.7134302640807033
646.5,30.00000000075397,1.7134302209379568,1.7134302245933564
646.75,30.000000009360175,1.7134302209342709,1.7134302663163723
647.0,29.999999993842415,1.7134302209409176,1.7134301910860024
647.25,29.999999997349125,1.7134302209394157,1.713430208086602
647.5,30.00000000439484,1.7134302209363979,1.713430242244346
647.75,30.00000000096752,1.713430220937866,1.713430225628657
648.0,30.00000000953423,1.713430220934197,1.7134302671602135
648.25,29.999999989455105,1.7134302209427976,1.713430169816288
648.5,29.999999998751292,1.7134302209388157,1.7134302148843565
648.75,29.999999999489013,1.7134302209385,1.7134302184608343
649.0,30.0000000008425,1.7134302209379202,1.713430225022581
649.25,30.000000008425886,1.7134302209346721,1.7134302617869652
649.5,29.999999987471234,1.7134302209436478,1.7134301601984896
649.75,29.999999999427782,1.7134302209385264,1.7134302181640206
650.0,29.999999995150013,1.7134302209403587,1.7134301974253319
650.25,30.000000000511154,1.7134302209380625,1.7134302234162442
650.5,30.00000000651168,1.7134302209354924,1.7134302525068914
650.75,29.999999988370163,1.7134302209432628,1.7134301645564887
651.0,29.99999999947574,1.7134302209385062,1.7134302183965424
651.25,29.999999992057717,1.7134302209416838,1.7134301824338574
651.5,30.000000002024525,1.713430220937415,1.713430230753101
651.75,30.00000000434398,1.7134302209364214,1.7134302419978686
652.0,29.99999999162974,1.7134302209418675,1.7134301803589933
652.25,29.999999999207297,1.7134302209386216,1.7134302170951452
652.5,29.999999990532327,1.7134302209423375,1.7134301750387533
652.75,30.00000000681377,1.7134302209353638,1.7134302539714887
653.0,30.000000002428703,1.713430220937242,1.7134302327126116
653.25,29.999999996249016,1.7134302209398893,1.71343020275339
653.5,29.999999999026425,1.7134302209386996,1.7134302162183175
653.75,29.999999990547316,1.7134302209423315,1.7134301751114538
654.0,30.00000001096581,1.7134302209335859,1.7134302741006535
654.25,30.000000001118185,1.7134302209378038,1.7134302263592067
654.5,30.000000001131255,1.713430220937798,1.7134302264225565
654.75,29.999999999200195,1.7134302209386252,1.7134302170607454
655.0,29.999999991791494,1.7134302209417986,1.713430181143256
655.25,30.00000001257123,1.7134302209328987,1.7134302818837939
655.5,30.00000000053496,1.7134302209380539,1.7134302235317411
655.75,30.000000005338514,1.7134302209359966,1.7134302468194649
656.0,29.99999999950741,1.7134302209384942,1.7134302185501842
656.25,29.99999999377037,1.7134302209409515,1.7134301907369156
656.5,30.000000011318164,1.713430220933436,1.713430275808918
656.75,30.000000000550113,1.713430220938048,1.7134302236052292
657.0,30.00000000823535,1.7134302209347558,1.7134302608634144
657.25,29.99999999743343,1.7134302209393824,1.7134302084955304
657.5,29.999999995932253,1.7134302209400254,1.7134302012177969
657.75,30.0000000078157,1.713430220934935,1.7134302588289714
658.0,30.000000000829896,1.7134302209379273,1.7134302249616644
658.25,30.000000009549527,1.7134302209341925,1.713430267234599
658.5,29.99999999254123,1.7134302209414773,1.7134301847780962
658.75,29.99999999778357,1.7134302209392318,1.713430210193042
659.0,30.00000000310029,1.7134302209369543,1.7134302359685831
659.25,30.000000000972914,1.7134302209378656,1.713430225655033
659.5,30.000000009349424,1.7134302209342778,1.7134302662645076
659.75,29.999999988658075,1.7134302209431402,1.7134301659525009
660.0,29.9999999989999,1.7134302209387104,1.7134302160898371
660.25,29.999999998258982,1.713430220939028,1.713430212497864
660.5,30.00000000075341,1.7134302209379595,1.7134302245909059
660.75,30.00000000797874,1.7134302209348646,1.7134302596194215
661.0,29.999999987435466,1.7134302209436634,1.7134301600252633
661.25,29.99999999949176,1.7134302209384997,1.7134302184743955
661.5,29.999999994196497,1.7134302209407675,1.7134301928028206
661.75,30.000000000490243,1.7134302209380718,1.7134302233150194
662.0,30.000000005943676,1.713430220935736,1.7134302497533613
662.25,29.999999989034688,1.7134302209429777,1.7134301677782695
662.5,29.999999999419423,1.71343022093853,1.7134302181236571
662.75,29.99999999149893,1.7134302209419223,1.7134301797250127
663.0,30.000000003155716,1.7134302209369294,1.7134302362373008
663.25,30.000000003797172,1.7134302209366548,1.7134302393470997
663.5,29.999999992759776,1.7134302209413814,1.7134301858376024
663.75,29.999999999135493,1.713430220938651,1.713430216747191
664.0,29.99999999039506,1.7134302209423946,1.7134301743734253
664.25,30.000000008083003,1.7134302209348187,1.713430260124885
664.5,30.000000002015344,1.7134302209374175,1.71343023070875
664.75,29.999999997552298,1.7134302209393284,1.713430209071796
665.0,29.999999999034667,1.7134302209386936,1.7134302162583595
665.25,29.999999990772682,1.7134302209422323,1.7134301762041044
665.5,30.000000011672913,1.7134302209332803,1.7134302775287795
665.75,30.000000000894705,1.7134302209378969,1.71343022527584
666.0,30.00000000233782,1.7134302209372783,1.7134302322720696
666.25,29.99999999929529,1.7134302209385817,1.7134302175218328
666.5,29.99999999226408,1.7134302209415933,1.7134301834343875
666.75,30.00000001250534,1.7134302209329233,1.713430281564354
667.0,30.000000000491603,1.7134302209380692,1.7134302233215557
667.25,30.000000006245315,1.713430220935605,1.7134302512156563
667.5,29.999999999478487,1.7134302209385033,1.7134302184099568
667.75,29.999999994343934,1.7134302209407026,1.7134301935175411
668.0,30.000000010575757,1.7134302209337506,1.7134302722096981
668.25,30.000000000614857,1.713430220938017,1.7134302239190933
668.5,30.00000000873781,1.713430220934538,1.7134302632993155
668.75,29.999999996220268,1.7134302209398995,1.7134302026140396
669.0,29.999999996466926,1.7134302209397938,1.7134302038098455
669.25,30.00000000664555,1.713430220935434,1.7134302531560321
669.5,30.000000000895767,1.7134302209378969,1.7134302252809714
669.75,30.0000000096353,1.7134302209341536,1.7134302676503814
670.0,29.99999999131697,1.713430220942,1.7134301788427886
670.25,29.99999999817416,1.7134302209390628,1.7134302120865763
670.5,30.000000001796003,1.7134302209375114,1.7134302296452844
670.75,30.00000000095055,1.7134302209378736,1.7134302255465113
671.0,30.00000000908443,1.7134302209343897,1.7134302649797146
671.25,29.99999998804921,1.7134302209433996,1.7134301630005895
671.5,29.999999999197527,1.7134302209386245,1.7134302170478348
671.75,29.99999999708292,1.71343022093953,1.7134302067961809
672.0,30.00000000065567,1.713430220938,1.7134302241169448
672.25,30.000000007484438,1.713430220935075,1.7134302572229203
672.5,29.999999987600685,1.7134302209435914,1.7134301608261278
672.75,29.999999999515616,1.7134302209384882,1.7134302185899144
673.0,29.999999993338307,1.713430220941134,1.7134301886422285
673.25,30.000000000667974,1.7134302209379946,1.7134302241765849
673.5,30.000000005367625,1.7134302209359817,1.7134302469605738
673.75,29.999999989849236,1.7134302209426289,1.7134301717271492
674.0,29.99999999934829,1.7134302209385601,1.7134302177787297
674.25,29.999999991053453,1.713430220942113,1.7134301775652363
674.5,30.00000000442619,1.7134302209363854,1.7134302423964953
674.75,30.00000000327745,1.7134302209368772,1.7134302368273708
675.0,29.999999993962188,1.7134302209408665,1.7134301916667851
675.25,29.999999999077616,1.7134302209386758,1.7134302164664796
675.5,29.99999999036311,1.7134302209424082,1.7134301742183982
675.75,30.000000009244502,1.7134302209343206,1.71343026575571
676.0,30.000000001650044,1.7134302209375736,1.7134302289376435
676.25,29.999999998851354,1.713430220938772,1.7134302153695378
676.5,29.999999999071136,1.713430220938678,1.7134302164350492
676.75,29.999999991076304,1.7134302209421022,1.7134301776759682
677.0,30.000000012178813,1.713430220933063,1.7134302799813106
677.25,30.000000000722874,1.7134302209379701,1.713430224442705
677.5,30.000000003477517,1.7134302209367895,1.7134302377972492
677.75,29.999999999391683,1.71343022093854,1.7134302179890564
678.0,29.99999999277561,1.7134302209413739,1.713430185914207
678.25,30.000000012245618,1.7134302209330352,1.713430280305135
678.5,30.000000000485844,1.7134302209380718,1.713430223293562
678.75,30.000000007051618,1.7134302209352599,1.7134302551245335
679.0,29.999999999071775,1.7134302209386778,1.7134302164381254
679.25,29.99999999491942,1.7134302209404564,1.713430196307443
679.5,30.00000000969434,1.713430220934128,1.7134302679364963
679.75,30.0000000006905,1.7134302209379846,1.7134302242857131
680.0,30.000000009126996,1.7134302209343708,1.7134302651859887
680.25,29.99999999491224,1.713430220940459,1.713430196272598
680.5,29.999999996970477,1.7134302209395775,1.7134302062509659
680.75,30.000000005414588,1.7134302209359606,1.7134302471881224
681.0,30.00000000094444,1.7134302209378753,1.7134302255167757
681.25,30.000000009616837,1.7134302209341608,1.7134302675607083
681.5,29.999999990222868,1.7134302209424674,1.7134301735384119
681.75,29.99999999851468,1.713430220938916,1.7134302137372714
682.0,30.000000000504908,1.7134302209380636,1.7134302233858991
682.25,30.000000000900517,1.7134302209378942,1.7134302253038274
682.5,30.000000008745243,1.7134302209345345,1.7134302633352074
682.75,29.99999998764521,1.7134302209435728,1.7134301610418916
683.0,29.9999999993445,1.7134302209385615,1.7134302177602405
683.25,29.999999995978236,1.7134302209400034,1.7134302014405443
683.5,30.00000000056497,1.7134302209380388,1.7134302236771106
683.75,30.00000000695434,1.713430220935302,1.7134302546528961
684.0,29.999999987957583,1.7134302209434393,1.7134301625562838
684.25,29.99999999950496,1.713430220938493,1.713430218538184
684.5,29.99999999258469,1.7134302209414576,1.713430184988594
684.75,30.00000000128617,1.7134302209377308,1.7134302271735156
685.0,30.000000004795528,1.7134302209362278,1.713430244186947
685.25,29.999999990792126,1.7134302209422256,1.7134301762982205
685.5,29.999999999269885,1.7134302209385945,1.7134302173985472
685.75,29.999999990719783,1.713430220942256,1.7134301759475004
686.0,30.000000005754824,1.7134302209358159,1.7134302488376472
686.25,30.00000000279052,1.7134302209370857,1.7134302344666612
686.5,29.999999995218378,1.7134302209403294,1.713430197756763
686.75,29.999999999039428,1.7134302209386927,1.7134302162812747
687.0,29.999999990427668,1.7134302209423815,1.7134301745313163
687.25,30.000000010268494,1.7134302209338832,1.7134302707199804
687.5,30.000000001333998,1.7134302209377101,1.7134302274054112
687.75,30.00000000013186,1.7134302209382244,1.7134302215774009
688.0,29.999999999134086,1.713430220938652,1.7134302167401954
688.25,29.99999999144955,1.7134302209419436,1.7134301794854332
688.5,30.000000012479255,1.713430220932937,1.7134302814378553
688.75,30.000000000600053,1.7134302209380248,1.7134302238472652
689.0,30.000000004545267,1.7134302209363355,1.7134302429737418
689.25,29.999999999471587,1.7134302209385086,1.7134302183764663
689.5,29.999999993319985,1.7134302209411434,1.713430188553403
689.75,30.000000011798733,1.713430220933229,1.7134302781387012
690.0,30.000000000511484,1.7134302209380634,1.7134302234179273
690.25,30.00000000775329,1.7134302209349614,1.7134302585263035
690.5,29.99999999827343,1.713430220939022,1.7134302125677914
690.75,29.99999999548812,1.7134302209402148,1.713430199064566
691.0,30.00000000869212,1.7134302209345589,1.71343026307776
691.25,30.00000000076939,1.7134302209379526,1.7134302246682382
691.5,30.000000009404882,1.7134302209342536,1.7134302665332726
691.75,29.999999993582264,1.7134302209410306,1.7134301898249533
692.0,29.999999997438216,1.713430220939379,1.7134302085186717
692.25,30.00000000413999,1.713430220936508,1.713430241009011
692.5,30.000000000970736,1.7134302209378656,1.713430225644407
692.75,30.000000009504568,1.71343022093421,1.7134302670165713
693.0,29.999999989281815,1.7134302209428713,1.7134301689763003
693.25,29.999999998804807,1.7134302209387928,1.713430215143939
693.5,29.999999999240377,1.713430220938606,1.7134302172555933
693.75,30.00000000082601,1.7134302209379269,1.7134302249427649
694.0,30.00000000834114,1.713430220934708,1.713430261376246
694.25,29.99999998744762,1.713430220943657,1.713430160084124
694.5,29.999999999443933,1.7134302209385188,1.7134302182424472
694.75,29.999999994952713,1.7134302209404422,1.7134301964689254
695.0,30.00000000050208,1.7134302209380652,1.713430223372356
695.25,30.000000006399752,1.713430220935539,1.7134302519643625
695.5,29.99999998848951,1.7134302209432095,1.713430165135161
695.75,29.999999999466112,1.7134302209385084,1.7134302183499386
696.0,29.999999991938314,1.7134302209417325,1.7134301818550277
696.25,30.000000002232987,1.7134302209373231,1.7134302317637817
696.5,30.000000004233776,1.7134302209364662,1.7134302414636362
696.75,29.999999991847016,1.7134302209417722,1.7134301814123913
697.0,29.999999999192323,1.7134302209386258,1.713430217022575
697.25,29.999999990496853,1.7134302209423506,1.7134301748667768
697.5,30.000000007071336,1.7134302209352514,1.7134302552201384
697.75,30.00000000234314,1.7134302209372767,1.713430232297752
698.0,29.99999999650683,1.7134302209397758,1.713430204003155
698.25,29.999999999025817,1.7134302209386973,1.713430216215278
698.5,29.999999990584875,1.713430220942313,1.7134301752934595
698.75,30.000000011122594,1.7134302209335166,1.7134302748606982
699.0,30.000000001069605,1.7134302209378225,1.7134302261236265
699.25,30.00000000137583,1.713430220937691,1.7134302276082383
699.5,29.999999999218304,1.7134302209386152,1.713430217148517
699.75,29.999999991881726,1.7134302209417576,1.7134301815806634
700.0,30.00000001257409,1.7134302209328949,1.7134302818976241
700.25,30.000000000523126,1.7134302209380565,1.7134302234743288
700.5,30.000000005525855,1.7134302209359147,1.713430247727669
700.75,29.99999999951051,1.713430220938491,1.7134302185651569
701.0,29.999999993884114,1.7134302209409011,1.7134301912882974
701.25,30.00000001118175,1.7134302209334926,1.7134302751475299
701.5,30.000000000561652,1.7134302209380412,1.71343022366111
701.75,30.0000000083445,1.7134302209347076,1.7134302613924695
702.0,29.999999997204476,1.7134302209394792,1.713430207385436
702.25,29.999999996040373,1.7134302209399777,1.7134302017418517
702.5,30.00000000758975,1.7134302209350303,1.7134302577334333
702.75,30.000000000844057,1.71343022093792,1.7134302250301983
703.0,30.000000009575537,1.7134302209341803,1.7134302673605668
703.25,29.999999992289634,1.7134302209415844,1.7134301835582169
703.5,29.999999997864894,1.7134302209391963,1.7134302105871722
703.75,30.000000002841496,1.7134302209370642,1.7134302347138428
704.0,30.00000000097078,1.7134302209378656,1.7134302256445664
704.25,30.000000009303527,1.7134302209342969,1.7134302660418985
704.5,29.999999988521143,1.7134302209431989,1.7134301652885728
704.75,29.99999999904324,1.7134302209386918,1.7134302162998716
705.0,29.999999998021618,1.7134302209391286,1.7134302113470552
705.25,30.00000000073437,1.7134302209379668,1.7134302244985204
705.5,30.000000007884868,1.7134302209349042,1.7134302591642592
705.75,29.999999987451535,1.7134302209436567,1.71343016010311
706.0,29.999999999499536,1.7134302209384962,1.7134302185120305
706.25,29.999999994018612,1.7134302209408436,1.7134301919403896
706.5,30.00000000049478,1.7134302209380696,1.7134302233369585
706.75,30.000000005829655,1.7134302209357848,1.7134302492005247
707.0,29.99999998918516,1.713430220942914,1.7134301685076991
707.25,29.99999999940623,1.7134302209385361,1.7134302180596455
707.5,29.99999999140068,1.713430220941965,1.7134301792486064
707.75,30.00000000340034,1.7134302209368255,1.713430237423173
708.0,30.00000000369149,1.7134302209367007,1.71343023883468
708.25,29.999999992993285,1.7134302209412835,1.7134301869696167
708.5,29.99999999912277,1.7134302209386578,1.7134302166854656
708.75,29.999999990381056,1.7134302209424022,1.7134301743054674
709.0,30.000000008322182,1.7134302209347176,1.7134302612843537
709.25,30.00000000193936,1.7134302209374517,1.7134302303403253
709.5,29.99999999781037,1.7134302209392205,1.7134302103229442
709.75,29.99999999903977,1.7134302209386938,1.7134302162830775
710.0,29.999999990828563,1.7134302209422105,1.713430176475017
710.25,30.00000001178634,1.7134302209332335,1.7134302780786665
710.5,30.000000000856883,1.713430220937915,1.7134302250924702
710.75,30.00000000256882,1.7134302209371826,1.713430233392001
711.0,29.99999999931475,1.713430220938576,1.7134302176161993
711.25,29.999999992362955,1.7134302209415537,1.7134301839137902
711.5,30.00000001246816,1.7134302209329424,1.713430281384217
711.75,30.000000000487667,1.7134302209380738,1.7134302233025598
712.0,30.000000006413117,1.7134302209355368,1.7134302520292723
712.25,29.999999999435254,1.7134302209385255,1.713430218200467
712.5,29.999999994457767,1.7134302209406573,1.713430194069535
712.75,30.00000001041212,1.7134302209338232,1.7134302714164948
713.0,30.000000000629115,1.7134302209380137,1.7134302239883326
713.25,30.00000000882283,1.713430220934504,1.7134302637115781
713.5,29.999999995968018,1.7134302209400099,1.7134302013912195
713.75,29.999999996568437,1.7134302209397527,1.7134302043020724
714.0,30.000000006407756,1.713430220935538,1.7134302520032803
714.25,30.000000000906745,1.7134302209378944,1.7134302253342735
714.5,30.000000009637585,1.7134302209341543,1.7134302676615267
714.75,29.99999999109323,1.713430220942097,1.713430177758172
715.0,29.999999998244714,1.713430220939034,1.7134302124286973
715.25,30.000000001539934,1.7134302209376227,1.7134302284040084
715.5,30.00000000094278,1.7134302209378784,1.7134302255089793
715.75,30.000000009022813,1.7134302209344177,1.7134302646811321
716.0,29.99999998795329,1.713430220943442,1.7134301625357367
716.25,29.999999999230432,1.7134302209386119,1.7134302172075078
716.5,29.999999996859813,1.7134302209396282,1.7134302057147752
716.75,30.000000000636636,1.7134302209380103,1.713430224024858
717.0,30.00000000738275,1.7134302209351209,1.7134302567301323
717.25,29.999999987655833,1.713430220943571,1.7134301610937064
717.5,29.999999999516,1.7134302209384908,1.7134302185919972
717.75,29.999999993181092,1.7134302209412033,1.7134301878802545
718.0,30.000000000758163,1.713430220937958,1.7134302246140247
718.25,30.00000000525404,1.7134302209360321,1.7134302464101174
718.5,29.999999990025852,1.7134302209425545,1.7134301725835879
718.75,29.99999999933304,1.7134302209385681,1.7134302177049914
719.0,29.99999999097825,1.713430220942146,1.7134301772008138
719.25,30.00000000468737,1.713430220936274,1.7134302436628572
719.5,30.000000003178158,1.7134302209369203,1.7134302363461786
719.75,29.99999999420753,1.7134302209407635,1.7134301928564346
720.0,29.99999999906828,1.7134302209386811,1.7134302164214252
720.25,29.999999990368867,1.7134302209424077,1.7134301742465319
720.5,30.000000009458894,1.7134302209342316,1.7134302667953156
720.75,30.000000001583302,1.7134302209376044,1.713430228614305
721.0,29.999999999107605,1.7134302209386651,1.7134302166121025
721.25,29.99999999908156,1.7134302209386763,1.713430216485846
721.5,29.99999999114469,1.7134302209420758,1.713430178007759
721.75,30.000000012256073,1.7134302209330332,1.713430280356101
722.0,30.000000000694552,1.7134302209379852,1.71343022430564
722.25,30.000000003696936,1.7134302209366996,1.7134302388612448
722.5,29.999999999409557,1.713430220938536,1.713430218075972
722.75,29.999999992882824,1.7134302209413315,1.713430186434257
723.0,30.000000012169153,1.71343022093307,1.7134302799347023
723.25,30.000000000488548,1.7134302209380734,1.7134302233069334
723.5,30.00000000719919,1.7134302209351995,1.7134302558402765
723.75,29.999999998940023,1.713430220938737,1.7134302157996848
724.0,29.9999999950325,1.7134302209404106,1.713430196855935
724.25,30.00000000950497,1.7134302209342112,1.7134302670187063
724.5,30.000000000706265,1.71343022093798,1.7134302243624384
724.75,30.000000009190664,1.7134302209343462,1.7134302654949438
725.0,29.99999999464738,1.7134302209405754,1.7134301949888382
725.25,29.999999997066787,1.713430220939539,1.7134302067181704
725.5,30.00000000516363,1.7134302209360706,1.7134302459717954
725.75,30.000000000951587,1.7134302209378747,1.7134302255517329
726.0,30.00000000960292,1.713430220934169,1.7134302674935296
726.25,29.999999990020683,1.7134302209425563,1.7134301725584915
726.5,29.999999998576634,1.7134302209388916,1.7134302140378885
726.75,30.000000000250314,1.7134302209381742,1.7134302221519255
727.0,30.000000000887386,1.7134302209379015,1.7134302252404663
727.25,30.000000008669293,1.7134302209345684,1.7134302629672575
727.5,29.99999998758982,1.7134302209435972,1.7134301607735827
727.75,29.99999999936796,1.7134302209385524,1.713430217874233
728.0,29.999999995766633,1.7134302209400945,1.7134302004149484
728.25,30.000000000549342,1.713430220938046,1.7134302236015997
728.5,30.000000006845664,1.7134302209353491,1.713430254126267
728.75,29.99999998804917,1.7134302209433998,1.7134301630005186
729.0,29.999999999499146,1.7134302209384955,1.7134302185102015
729.25,29.99999999244616,1.7134302209415162,1.7134301843172022
729.5,30.000000001453248,1.7134302209376582,1.7134302279837095
729.75,30.000000004681535,1.7134302209362755,1.7134302436344981
730.0,29.99999999099542,1.7134302209421368,1.7134301772839382
730.25,29.999999999254065,1.7134302209385996,1.713430217322005
730.5,29.999999990666097,1.713430220942278,1.7134301756873866
730.75,30.000000006021466,1.7134302209357009,1.7134302501304652
731.0,30.000000002697746,1.7134302209371246,1.7134302340170176
731.25,29.999999995474138,1.7134302209402177,1.713430198996802
731.5,29.999999999034614,1.713430220938693,1.7134302162580664
731.75,29.999999990452505,1.7134302209423686,1.7134301746518552
732.0,30.00000001045229,1.7134302209338022,1.7134302716111536
732.25,30.0000000012771,1.7134302209377321,1.7134302271296813
732.5,30.000000000382858,1.7134302209381156,1.713430222794342
732.75,29.999999999149356,1.7134302209386438,1.7134302168143003
733.0,29.99999999153078,1.713430220941907,1.7134301798792995
733.25,30.00000001251523,1.7134302209329184,1.7134302816122768
733.5,30.000000000581167,1.7134302209380303,1.7134302237557348
733.75,30.00000000474785,1.713430220936246,1.7134302439558973
734.0,29.999999999483485,1.7134302209385008,1.7134302184341583
734.25,29.999999993431555,1.713430220941093,1.713430189094292
734.5,30.000000011688044,1.7134302209332732,1.713430277602076
734.75,30.000000000519734,1.713430220938057,1.7134302234579073
735.0,30.00000000788018,1.7134302209349042,1.7134302591414603
735.25,29.999999998078312,1.7134302209391026,1.7134302116218365
735.5,29.999999995599616,1.7134302209401644,1.713430199605073
735.75,30.00000000848003,1.7134302209346475,1.7134302620495738
736.0,30.00000000078484,1.7134302209379435,1.7134302247431337
736.25,30.00000000944691,1.7134302209342338,1.7134302667370331
736.5,29.999999993320817,1.7134302209411414,1.7134301885574539
736.75,29.999999997526455,1.71343022093934,1.7134302089464604
737.0,30.00000000388328,1.7134302209366172,1.713430239764411
737.25,30.00000000097289,1.7134302209378638,1.7134302256548088
737.5,30.000000009470916,1.7134302209342245,1.7134302668534096
737.75,29.999999989116702,1.7134302209429435,1.7134301681758517
738.0,29.999999998856246,1.7134302209387715,1.7134302153933223
738.25,29.999999998994284,1.7134302209387127,1.7134302160625132
738.5,30.000000000808893,1.7134302209379353,1.7134302248597788
738.75,30.000000008254762,1.7134302209347463,1.7134302609574885
739.0,29.99999998743159,1.7134302209436656,1.713430160006365
739.25,29.99999999945839,1.7134302209385142,1.7134302183125127
739.5,29.999999994759236,1.7134302209405272,1.7134301955309488
739.75,30.000000000495188,1.7134302209380705,1.713430223338947
740.0,30.00000000628704,1.7134302209355898,1.71343025141793
740.25,29.999999988615762,1.713430220943159,1.7134301657472601
740.5,29.999999999455557,1.7134302209385162,1.7134302182987877
740.75,29.999999991821138,1.713430220941786,1.7134301812870094
741.0,30.00000000245274,1.7134302209372323,1.7134302328292093
741.25,30.00000000412321,1.7134302209365166,1.713430240927676
741.5,29.99999999206996,1.7134302209416794,1.7134301824933325
741.75,29.999999999177472,1.7134302209386352,1.7134302169506717
742.0,29.9999999904644,1.7134302209423673,1.7134301747095597
742.25,30.000000007329536,1.7134302209351435,1.7134302564720203
742.5,30.000000002258723,1.7134302209373156,1.7134302318886392
742.75,29.999999996766803,1.7134302209396692,1.7134302052637411
743.0,29.99999999902635,1.713430220938701,1.7134302162180686
743.25,29.999999990627654,1.7134302209422978,1.713430175501032
743.5,30.00000001126872,1.7134302209334564,1.7134302755692674
743.75,30.000000001023185,1.713430220937845,1.713430225898734
744.0,30.000000001615863,1.7134302209375918,1.713430228772046
744.25,29.99999999923672,1.7134302209386107,1.7134302172379403
744.5,29.999999991972075,1.7134302209417223,1.7134301820188051
744.75,30.000000012571224,1.713430220932899,1.7134302818838152
745.0,30.000000000512866,1.7134302209380639,1.7134302234247027
745.25,30.000000005709566,1.7134302209358387,1.7134302486184356
745.5,29.999999999510788,1.7134302209384937,1.713430218566643
745.75,29.99999999399707,1.7134302209408554,1.7134301918360442
746.0,30.000000011041323,1.713430220933555,1.7134302744669008
746.25,30.000000000573863,1.7134302209380385,1.7134302237204748
746.5,30.000000008447394,1.7134302209346663,1.71343026189152
746.75,29.999999996970327,1.7134302209395824,1.7134302062505073
747.0,29.99999999614693,1.713430220939935,1.7134302022586525
747.25,30.000000007361233,1.713430220935131,1.7134302566258337
747.5,30.00000000085763,1.7134302209379169,1.7134302250962412
747.75,30.00000000959612,1.7134302209341739,1.7134302674605864
748.0,29.99999999204347,1.7134302209416918,1.7134301823650264
748.25,29.999999997944023,1.7134302209391645,1.7134302109710273
748.5,30.000000002583242,1.7134302209371775,1.7134302334620624
748.75,30.000000000967407,1.7134302209378696,1.7134302256284581
749.0,30.000000009253743,1.7134302209343204,1.7134302658007732
749.25,29.99999998839306,1.713430220943256,1.7134301646678158
749.5,29.999999999084306,1.7134302209386765,1.7134302164991682
749.75,29.99999999778531,1.713430220939232,1.713430210201641
750.0,30.00000000071492,1.7134302209379775,1.7134302244044424
750.25,30.00000000778768,1.7134302209349481,1.713430258693313
750.5,29.99999998747754,1.7134302209436478,1.7134301602294073
750.75,29.999999999505693,1.7134302209384955,1.7134302185421093
751.0,29.999999993844703,1.7134302209409198,1.713430191097523
751.25,30.000000000506905,1.7134302209380663,1.7134302233959862
751.5,30.00000000571567,1.7134302209358352,1.7134302486481707
751.75,29.99999998934072,1.7134302209428478,1.7134301692621394
752.0,29.999999999392514,1.7134302209385428,1.7134302179934175
752.25,29.999999991308346,1.7134302209420054,1.7134301788012332
752.5,30.000000003648132,1.71343022093672,1.7134302386247267
752.75,30.00000000358727,1.713430220936746,1.713430238329652
753.0,29.999999993229366,1.7134302209411827,1.7134301881143394
753.25,29.999999999110393,1.7134302209386636,1.7134302166256685
753.5,29.999999990369048,1.7134302209424073,1.7134301742474445
753.75,30.000000008560292,1.7134302209346153,1.7134302624388968
754.0,30.000000001864215,1.7134302209374832,1.7134302299762096
754.25,29.99999999806886,1.713430220939108,1.7134302115762152
754.5,29.999999999045755,1.7134302209386898,1.7134302163122348
754.75,29.999999990883936,1.7134302209421859,1.7134301767435927
755.0,30.000000011898358,1.7134302209331853,1.7134302786218938
755.25,30.00000000082043,1.71343022093793,1.713430224915908
755.5,30.000000002799286,1.713430220937081,1.7134302345093588
755.75,29.9999999993343,1.7134302209385655,1.7134302177110583
756.0,29.99999999246405,1.7134302209415082,1.7134301844039723
756.25,30.00000001242321,1.713430220932959,1.7134302811663118
756.5,30.00000000048518,1.7134302209380725,1.7134302232905199
756.75,30.000000006579945,1.7134302209354613,1.7134302528380199
757.0,29.999999999371415,1.713430220938549,1.7134302178909255
757.25,29.99999999457406,1.7134302209406036,1.7134301946332646
757.5,30.00000001023955,1.713430220933893,1.7134302705797775
757.75,30.000000000644036,1.7134302209380032,1.7134302240605799
758.0,30.000000008907023,1.7134302209344647,1.7134302641196735
758.25,29.999999995706368,1.713430220940119,1.7134302001226516
758.5,29.999999996671317,1.7134302209397057,1.7134302048007515
758.75,30.00000000616272,1.7134302209356405,1.7134302508152177
759.0,30.00000000091734,1.713430220937887,1.7134302253855347
759.25,30.000000009638743,1.7134302209341512,1.7134302676670592
759.5,29.999999990867046,1.7134302209421912,1.7134301766615585
759.75,29.999999998314994,1.7134302209390013,1.7134302127693197
760.0,30.000000001280192,1.713430220937731,1.71343022714466
760.25,30.000000000933756,1.7134302209378796,1.7134302254651392
760.5,30.000000008956317,1.7134302209344436,1.7134302643586479
760.75,29.999999987866442,1.7134302209434777,1.7134301621145624
761.0,29.99999999926169,1.7134302209385965,1.7134302173589158
761.25,29.999999996635285,1.713430220939721,1.713430204626073
761.5,30.000000000617757,1.7134302209380152,1.7134302239331505
761.75,30.00000000727728,1.7134302209351628,1.71343025621862
762.0,29.999999987720777,1.7134302209435388,1.7134301614083367
762.25,29.999999999515143,1.7134302209384873,1.7134302185876304
762.5,29.999999993025686,1.713430220941266,1.7134301871265987
762.75,30.00000000086681,1.7134302209379075,1.7134302251404838
763.0,30.000000005139395,1.7134302209360774,1.7134302458540533
763.25,29.99999999020946,1.7134302209424723,1.7134301734734185
763.5,29.999999999317545,1.7134302209385712,1.7134302176295884
763.75,29.999999990907806,1.7134302209421737,1.7134301768590305
764.0,30.00000000495127,1.7134302209361587,1.7134302449419934
764.25,30.000000003079506,1.7134302209369603,1.7134302358676354
764.5,29.999999994456605,1.7134302209406536,1.713430194063663
764.75,29.999999999059764,1.713430220938682,1.713430216379854
765.0,29.99999999037726,1.7134302209424008,1.7134301742869227
765.25,30.00000000967106,1.7134302209341368,1.7134302678235922
765.5,30.000000001518178,1.7134302209376289,1.7134302282982834
765.75,29.999999999365237,1.7134302209385506,1.7134302178607794
766.0,29.999999999093312,1.7134302209386671,1.7134302165424902
766.25,29.999999991218093,1.7134302209420407,1.7134301783633112
766.5,30.000000012322054,1.7134302209330023,1.7134302806757176
766.75,30.00000000066829,1.7134302209379935,1.7134302241780546
767.0,30.00000000391251,1.7134302209366032,1.713430239906053
767.25,29.99999999942673,1.7134302209385248,1.7134302181589238
767.5,29.99999999298979,1.713430220941282,1.7134301869525161
767.75,30.00000001208825,1.7134302209331018,1.713430279542225
768.0,30.000000000492633,1.7134302209380685,1.7134302233264598
768.25,30.000000007343566,1.713430220935134,1.7134302565398947
768.5,29.99999999879385,1.713430220938796,1.7134302150907201
768.75,29.99999999514683,1.713430220940358,1.7134301974098922
769.0,30.00000000930915,1.7134302209342922,1.7134302660690734
769.25,30.000000000721982,1.7134302209379701,1.7134302244383282
769.5,30.00000000925027,1.7134302209343175,1.713430265783621
769.75,29.999999994382147,1.713430220940686,1.7134301937026923
770.0,29.99999999716122,1.7134302209394958,1.7134302071756837
770.25,30.000000004911247,1.7134302209361767,1.7134302447479608
770.5,30.000000000957808,1.7134302209378698,1.7134302255816078
770.75,30.000000009582354,1.7134302209341759,1.713430267393576
771.0,29.999999989829192,1.7134302209426364,1.713430171629894
771.25,29.99999999863627,1.7134302209388643,1.7134302143267637
771.5,29.99999999999691,1.7134302209382817,1.7134302209232
771.75,30.000000000873428,1.7134302209379062,1.7134302251725637
772.0,30.000000008591126,1.7134302209346004,1.713430262588087
772.25,29.99999998754201,1.7134302209436156,1.7134301605416076
772.5,29.99999999938967,1.7134302209385415,1.7134302179792589
772.75,29.999999995558795,1.7134302209401833,1.7134301994071661
773.0,30.000000000535127,1.7134302209380516,1.7134302235325056
773.25,30.000000006735647,1.7134302209353958,1.7134302535927275
773.5,29.999999988149035,1.713430220943356,1.713430163484478
773.75,29.99999999949242,1.713430220938498,1.7134302184774108
774.0,29.999999992313075,1.7134302209415735,1.7134301836718535
774.25,30.000000001631594,1.7134302209375822,1.7134302288481957
774.5,30.000000004569177,1.713430220936324,1.71343024308965
774.75,29.999999991201364,1.7134302209420502,1.7134301782822532
775.0,29.99999999923843,1.7134302209386074,1.7134302172460991
775.25,29.999999990617727,1.7134302209422996,1.713430175452788
775.5,30.000000006284928,1.713430220935589,1.7134302514076363
775.75,30.00000000260702,1.7134302209371643,1.713430233577086
776.0,29.999999995729627,1.7134302209401107,1.7134302002353485
776.25,29.999999999030823,1.7134302209386965,1.713430216239612
776.5,29.999999990479647,1.7134302209423586,1.7134301747833673
776.75,30.000000010630682,1.7134302209337269,1.713430272475945
777.0,30.000000001222357,1.713430220937757,1.713430226864225
777.25,30.00000000063263,1.7134302209380106,1.7134302240052637
777.5,29.999999999165475,1.7134302209386387,1.713430216892461
777.75,29.99999999161521,1.7134302209418726,1.7134301802886343
778.0,30.000000012541168,1.713430220932909,1.7134302817380382
778.25,30.00000000056413,1.7134302209380394,1.7134302236731425
778.5,30.00000000494527,1.7134302209361625,1.7134302449129655
778.75,29.999999999493564,1.7134302209384975,1.7134302184830135
779.0,29.9999999935424,1.7134302209410466,1.7134301896316495
779.25,30.000000011572826,1.7134302209333234,1.7134302770434515
779.5,30.000000000529006,1.7134302209380539,1.7134302235028303
779.75,30.00000000800376,1.7134302209348526,1.713430259740551
780.0,29.999999997872177,1.7134302209391923,1.713430210622466
780.25,29.999999995711015,1.713430220940118,1.7134302001451225
780.5,30.00000000826301,1.7134302209347414,1.7134302609974823
780.75,30.000000000800128,1.713430220937938,1.7134302248172533
781.0,30.000000009485174,1.7134302209342185,1.7134302669225274
781.25,29.999999993059653,1.7134302209412542,1.7134301872913293
781.5,29.999999997613575,1.7134302209393035,1.7134302093688214
781.75,30.00000000362406,1.7134302209367285,1.7134302385077904
782.0,30.000000000974048,1.7134302209378638,1.7134302256604839
782.25,30.00000000943471,1.71343022093424,1.7134302666779127
782.5,29.999999988955913,1.7134302209430115,1.7134301673963408
782.75,29.99999999890606,1.7134302209387497,1.7134302156348178
783.0,29.99999999874858,1.7134302209388172,1.7134302148713914
783.25,30.000000000791022,1.7134302209379424,1.7134302247731776
783.5,30.000000008164992,1.7134302209347838,1.7134302605223122
783.75,29.999999987425497,1.713430220943667,1.7134301599768678
784.0,29.999999999471093,1.7134302209385077,1.7134302183741295
784.25,29.99999999456898,1.7134302209406074,1.713430194608639
784.5,30.000000000490733,1.713430220938071,1.7134302233173877
784.75,30.00000000617399,1.7134302209356367,1.713430250869923
785.0,29.999999988747774,1.7134302209431012,1.7134301663873113
785.25,29.99999999944432,1.7134302209385195,1.7134302182443624
785.5,29.999999991710933,1.7134302209418317,1.7134301807527643
785.75,30.00000000267746,1.7134302209371344,1.713430233918666
786.0,30.000000004014808,1.7134302209365615,1.7134302404021602
786.25,29.999999992294196,1.7134302209415815,1.7134301835804238
786.5,29.999999999163236,1.7134302209386394,1.7134302168816555
786.75,29.99999999043854,1.7134302209423764,1.7134301745841467
787.0,30.000000007580454,1.7134302209350343,1.7134302576884426
787.25,30.00000000217684,1.7134302209373486,1.7134302314916254
787.5,29.99999999702645,1.7134302209395547,1.7134302065224676
787.75,29.999999999028038,1.7134302209386973,1.713430216226187
788.0,29.99999999067367,1.7134302209422758,1.7134301757240467
788.25,30.000000011408922,1.7134302209333945,1.7134302762489027
788.5,30.00000000097862,1.713430220937862,1.7134302256826295
788.75,30.0000000018585,1.7134302209374852,1.7134302299482804
789.0,29.999999999255945,1.7134302209386,1.713430217331051
789.25,29.999999992067217,1.713430220941679,1.7134301824799694
789.5,30.00000001255798,1.713430220932902,1.713430281819564
789.75,30.000000000504212,1.713430220938065,1.7134302233826855
790.0,30.00000000589191,1.7134302209357577,1.7134302495023346
790.25,29.999999999507935,1.713430220938492,1.7134302185527088
790.5,29.999999994112525,1.713430220940803,1.7134301923956698
790.75,30.000000010891924,1.7134302209336154,1.713430273742474
791.0,30.000000000586954,1.7134302209380297,1.713430223783819
791.25,30.00000000854921,1.7134302209346188,1.7134302623849584
791.5,29.999999996725602,1.713430220939683,1.7134302050638854
791.75,29.99999999625476,1.7134302209398848,1.71343020278125
792.0,30.00000000712597,1.7134302209352283,1.7134302554851004
792.25,30.000000000870905,1.7134302209379078,1.7134302251604212
792.5,30.000000009613668,1.713430220934163,1.713430267545462
792.75,29.99999999179703,1.7134302209417944,1.713430181170083
793.0,29.999999998022492,1.713430220939128,1.7134302113512336
793.25,30.000000002320903,1.7134302209372865,1.7134302321899797
793.5,30.000000000962945,1.7134302209378682,1.7134302256065967
793.75,30.00000000919997,1.7134302209343404,1.7134302655398403
794.0,29.999999988271263,1.7134302209433052,1.7134301640771614
794.25,29.999999999124046,1.7134302209386565,1.7134302166916284
794.5,29.999999997548624,1.7134302209393308,1.7134302090539733
794.75,30.00000000069516,1.7134302209379833,1.713430224308436
795.0,30.00000000768792,1.713430220934988,1.7134302582094556
795.25,29.999999987511217,1.7134302209436303,1.713430160392435
795.5,29.99999999951051,1.7134302209384908,1.7134302185652341
795.75,29.999999993671338,1.713430220940992,1.7134301902568283
796.0,30.000000000540325,1.7134302209380496,1.7134302235577887
796.25,30.000000005599944,1.7134302209358827,1.713430248086905
796.5,29.999999989504218,1.7134302209427772,1.7134301700545786
796.75,29.999999999378126,1.713430220938548,1.7134302179234386
797.0,29.999999991219177,1.7134302209420422,1.7134301783687336
797.25,30.000000003903867,1.713430220936609,1.7134302398643262
797.5,30.00000000348283,1.7134302209367893,1.7134302378231079
797.75,29.999999993470844,1.7134302209410774,1.7134301892848003
798.0,29.99999999909887,1.7134302209386671,1.7134302165695756
798.25,29.99999999036398,1.7134302209424084,1.7134301742226785
798.5,30.0000000087916,1.7134302209345156,1.7134302635600855
798.75,30.000000001791378,1.7134302209375138,1.7134302296228952
799.0,29.999999998329272,1.713430220938996,1.7134302128385472
799.25,29.999999999053134,1.7134302209386862,1.7134302163478328
799.5,29.999999990945742,1.7134302209421586,1.71343017704306
799.75,30.00000001199818,1.7134302209331411,1.71343027910562
800.0,30.000000000098712,1.7134302209382382,1.7134302214168116
