t,x,y,z
0.0,0.8,0.3,
0.2,0.7877908256241133,0.3112769239314645,
0.4,0.7752253061358626,0.32257967017614253,
0.6000000000000001,0.7623129257713318,0.33386353149003273,
0.8,0.7490686794011531,0.3450804012101183,
1.0,0.7355131232959556,0.35617905371350495,
1.2000000000000002,0.7216723404051297,0.36710553115379185,
1.4000000000000001,0.7075777982455151,0.37780364469652317,
1.6,0.6932660819819105,0.38821559451383014,
1.8,0.6787784838138013,0.39828270844577035,
2.0,0.6641604456413178,0.4079462952362229,
2.2,0.6494608575717862,0.4171485984239989,
2.4000000000000004,0.6347312181844573,0.4258338306307906,
2.6,0.6200246841204257,0.43394926296047476,
2.8000000000000003,0.6053950402983743,0.4414463321278635,
3.0,0.5908956288071188,0.4482817193778336,
3.2,0.5765782890821967,0.4544183652331072,
3.4000000000000004,0.5624923529659648,0.4598263627193091,
3.6,0.5486837427561915,0.46448368785399347,
3.8000000000000003,0.5351942097734453,0.46837672803638175,
4.0,0.5220607475178758,0.4715005776515079,
4.2,0.5093151880156199,0.473859082553161,
4.4,0.49698399202715376,0.4754646320049746,
4.6000000000000005,0.4850882203966949,0.4763377071539343,
4.800000000000001,0.4736436661867265,0.4765062101021882,
5.0,0.46266112832054596,0.4760046175997462,
5.2,0.4521467837718516,0.4748729896249452,
5.4,0.4421026378825475,0.47315589549604137,
5.6000000000000005,0.43252701635187696,0.47090129936543224,
5.800000000000001,0.42341507315854926,0.46815945216250726,
6.0,0.41475929420633073,0.4649818343833672,
6.2,0.4065499767292292,0.4614201781308883,
6.4,0.3987756740721703,0.45752559538964094,
6.6000000000000005,0.3914235978365543,0.45334782851108213,
6.800000000000001,0.3844799741355989,0.4489346314834265,
7.0,0.3779303504160962,0.444331276952031,
7.2,0.3717598587048742,0.43958019356827577,
7.4,0.3659534337248368,0.434720714717911,
7.6000000000000005,0.36049599258922765,0.4297889324879946,
7.800000000000001,0.35537257936681255,0.4248176408466486,
8.0,0.35056847767996524,0.4198363503478535,
8.200000000000001,0.3460692990641188,0.4148713682108396,
8.4,0.3418610470733899,0.40994592081629105,
8.6,0.33793016340571846,0.4050803122726776,
8.8,0.33426355987954237,0.4002921103419604,
9.0,0.3308486361101376,0.39559634288458734,
9.200000000000001,0.3276732861687757,0.39100569833448906,
9.4,0.3247259016775369,0.3865307397067443,
9.600000000000001,0.3219953644060075,0.38218010326037943,
9.8,0.31947103608190647,0.3779606951018074,
10.0,0.3171427443771939,0.37387787784225746,
10.200000000000001,0.3150007663991614,0.36993564553179564,
10.4,0.3130358105482841,0.3661367850013413,
10.600000000000001,0.3112389972326967,0.36248302665117665,
10.8,0.3096018391249014,0.35897518030285325,
11.0,0.30811622143134815,0.3556132590525691,
11.200000000000001,0.30677438204005536,0.35239659060967193,
11.4,0.30556889220652717,0.3493239170151115,
11.600000000000001,0.3044926385139386,0.34639348375218737,
11.8,0.3035388046399363,0.3436031183442463,
12.0,0.3027008544630042,0.34095029983441066,
12.200000000000001,0.30197251628817123,0.3384322199623551,
12.4,0.3013477677211525,0.3360458365064489,
12.600000000000001,0.3008208214675013,0.33378791966926546,
12.8,0.3003861126076115,0.33165509263758564,
13.0,0.30003828666327526,0.3296438665606999,
13.200000000000001,0.29977218810349593,0.3277506702810978,
13.4,0.2995828505199004,0.3259718762703568,
13.600000000000001,0.2994654874167263,0.3243038226186351,
13.8,0.29941548369956544,0.3227428316126733,
14.0,0.2994283880268964,0.321285225444481,
14.200000000000001,0.29949990631580137,0.31992733967655224,
14.4,0.29962589569516335,0.3186655343831856,
14.600000000000001,0.2998023587453463,0.3174962031368123,
14.8,0.30002543897482103,0.3164157808024183,
15.0,0.3002914166559409,0.31542074980838286,
15.200000000000001,0.3005967050892827,0.3145076452148482,
15.4,0.3009378472674793,0.31367305874303236,
15.600000000000001,0.301311513046965,0.31291364200891875,
15.8,0.3017144969360545,0.3122261092047526,
16.0,0.3021437161490053,0.31160723919508493,
16.2,0.3025962082072141,0.31105387667181567,
16.400000000000002,0.3030691297101973,0.310562933510052,
16.6,0.3035597548837169,0.310131389506046,
16.8,0.3040654743594767,0.3097562929220224,
17.0,0.3045837940095657,0.30943476083902405,
17.2,0.305112333837783,0.30916397935233514,
17.400000000000002,0.30564882693266193,0.3089412036454384,
17.6,0.30619111848701397,0.308763757978463,
17.8,0.3067371648888119,0.30862903562708016,
18.0,0.3072850328138257,0.308534498813006,
18.2,0.307832897713039,0.30847767851678215,
18.400000000000002,0.3083790428189128,0.30845617435950173,
18.6,0.3089218579151203,0.3084676545614758,
18.8,0.3094598378779584,0.3085098556593983,
19.0,0.3099915811401122,0.30858058232624114,
19.200000000000003,0.3105157880428754,0.30867770727267935,
19.400000000000002,0.31103125906178286,0.3087991711874122,
19.6,0.311536892890612,0.3089429826737444,
19.8,0.3120316843687065,0.3091072181397929,
20.0,0.31251472223657994,0.3092900215996835,
20.200000000000003,0.31298518670475356,0.30948960434310296,
20.400000000000002,0.3134423468207847,0.3097042444305705,
20.6,0.31388555797045314,0.3099322868725055,
20.8,0.31431425938105495,0.31017214398729986,
21.0,0.31472797080739584,0.31042229430725804,
21.200000000000003,0.31512628968578876,0.3106812825444192,
21.400000000000002,0.31550888807762734,0.31094771914081326,
21.6,0.3158755094981043,0.3112202798136284,
21.8,0.31622596565224964,0.31149770507565505,
22.0,0.31656013310038034,0.3117787997111237,
22.200000000000003,0.31687794987504997,0.3120624321870531,
22.400000000000002,0.3171794120715919,0.31234753398022597,
22.6,0.3174645704343442,0.312633098799909,
22.8,0.3177335269606483,0.3129181816864342,
23.0,0.3179864315447126,0.3132018979657579,
23.200000000000003,0.31822347868342976,0.3134834220401154,
23.400000000000002,0.3184449040743039,0.31376198634855085,
23.6,0.3186509809235707,0.3140368810650782,
23.8,0.3188420170153469,0.31430745190531095,
24.0,0.3190183513961952,0.3145730990019412,
24.200000000000003,0.31918035133575046,0.3148332756166239,
24.400000000000002,0.31932840930304773,0.3150874866939055,
24.6,0.3194629399777916,0.3153352873035302,
24.8,0.31958437732978023,0.3155762809996516,
25.0,0.31969317179969836,0.31581011812548,
25.200000000000003,0.31978978761449384,0.31603649409189416,
25.400000000000002,0.3198747002705509,0.3162551476585474,
25.6,0.3199483942178745,0.31646585924599585,
25.8,0.3200113607784998,0.3166684493073797,
26.0,0.3200640962003722,0.31686277667530394,
26.200000000000003,0.32010709853167246,0.31704873583786675,
26.400000000000002,0.32014086632307576,0.3172262556130548,
26.6,0.32016589687688485,0.31739529724300475,
26.8,0.32018268451535864,0.31755585255086016,
27.0,0.3201917190566104,0.31770794213811804,
27.200000000000003,0.3201934843732112,0.31785161352247643,
27.400000000000002,0.3201884570462995,0.317986939250181,
27.6,0.3201771051279949,0.3181140150168698,
27.8,0.3201598870249173,0.31823295783091327,
28.0,0.320137250515609,0.3183439042532487,
28.200000000000003,0.32010963191466035,0.3184470087477072,
28.400000000000002,0.3200774553963389,0.3185424421758309,
28.6,0.3200411324905197,0.3186303904701795,
28.8,0.32000106140080203,0.31871105286066065,
29.0,0.31995762592724997,0.3187846393202877,
29.200000000000003,0.31991119573803994,0.3188513702448357,
29.400000000000002,0.3198621258633831,0.3189114747105827,
29.6,0.31981075643956935,0.31896518915348737,
29.8,0.3197574125361036,0.31901275608449015,
30.0,0.31970240405255695,0.3190544228406199,
30.200000000000003,0.3196460256793655,0.3190904403861597,
30.400000000000002,0.31958855691681337,0.3191210621781236,
30.6,0.3195302621464324,0.3191465431102984,
30.8,0.3194713907490537,0.319167138550103,
31.0,0.3194121772637457,0.31918310348251827,
31.200000000000003,0.3193528415818726,0.31919469177534077,
31.400000000000002,0.3192935891933303,0.31920215538372987,
31.6,0.3192346115049819,0.31920574312436506,
31.8,0.3191760861185804,0.319205700463883,
32.0,0.3191181771799072,0.31920226879938335,
32.2,0.3190610357167483,0.319195684890837,
32.4,0.3190048000148123,0.31918618035631424,
32.6,0.318949596024312,0.3191739812161248,
32.800000000000004,0.3188955377874916,0.3191593074860244,
33.0,0.3188427278773768,0.3191423728196409,
33.2,0.31879125783802936,0.31912338420027436,
33.4,0.318741208616585,0.31910254168222313,
33.6,0.3186926509773542,0.31908003818179154,
33.800000000000004,0.3186456458884215,0.3190560593180998,
34.0,0.31860024507579743,0.3190307832459898,
34.2,0.3185564915568323,0.3190043805077623,
34.4,0.31851441996991325,0.3189770140316053,
34.6,0.3184740570640216,0.3189488390703227,
34.800000000000004,0.31843542211932657,0.3189200031803141,
35.0,0.3183985273820758,0.3188906462371214,
35.2,0.3183633785062864,0.31886090048266297,
35.4,0.31832997499474047,0.3188308905992785,
35.6,0.31829831063178854,0.31880073380570306,
35.800000000000004,0.3182683739004656,0.31877053997009447,
36.0,0.3182401483764228,0.318740411735233,
36.2,0.3182136130911789,0.318710444651016,
36.4,0.31818874285719567,0.31868072730936803,
36.6,0.31816550854942294,0.3186513414778034,
36.800000000000004,0.31814387765931024,0.3186223623768793,
37.0,0.3181238146619584,0.31859385886232916,
37.2,0.3181052811889777,0.31856589359153886,
37.4,0.31808823640601686,0.31853852325342585,
37.6,0.31807263729106794,0.3185117987559951,
37.800000000000004,0.31805843891354,0.31848576543522256,
38.0,0.31804559471055555,0.31846046328006355,
38.2,0.31803405675692403,0.31843592716838337,
38.400000000000006,0.31802377602524906,0.31841218710860747,
38.6,0.31801470263262155,0.3183892684818885,
38.800000000000004,0.31800678607035543,0.31836719227958704,
39.0,0.3179999754132202,0.31834597533086473,
39.2,0.3179942195046244,0.31832563051518487,
39.400000000000006,0.317989467114206,0.3183061669545201,
39.6,0.317985667064283,0.318287590180063,
39.800000000000004,0.3179827683229666,0.31826990226997737,
40.0,0.31798072037636715,0.3182531023368294,
40.2,0.31797947340093413,0.3182371867448317,
40.400000000000006,0.31797897817142384,0.31822214910043495,
40.6,0.3179791862668155,0.31820798055824523,
40.800000000000004,0.3179800501716185,0.31819466999024637,
41.0,0.31798152336948143,0.3181822041625367,
41.2,0.31798356042897136,0.3181705679166008,
41.400000000000006,0.31798611708139574,0.318159744352136,
41.6,0.31798915029053554,0.3181497150084539,
41.800000000000004,0.3179926183141612,0.31814046004147656,
42.0,0.3179964807572009,0.318131958393348,
42.2,0.3180006986164323,0.3181241879516805,
42.400000000000006,0.3180052343165674,0.31811712569545575,
42.6,0.31801005173760094,0.3181107478246015,
42.800000000000004,0.3180151162332936,0.31810502987026296,
43.0,0.3180203946406589,0.31809994678278924,
43.2,0.31802585528032545,0.3180954729944554,
43.400000000000006,0.3180314679514359,0.31809158247794944,
43.6,0.31803720400469704,0.31808824927601365,
43.800000000000004,0.3180430362998178,0.31808544734801325,
44.0,0.31804893916348254,0.3180831505650091,
44.2,0.3180548883939664,0.3180813328742347,
44.400000000000006,0.3180608612478757,0.31807996837567765,
44.6,0.3180668364202289,0.3180790313954715,
44.800000000000004,0.3180727940189427,0.3180784965555757,
45.0,0.31807871553478567,0.3180783388392203,
45.2,0.31808458380786664,0.3180785336515926,
45.400000000000006,0.3180903829917189,0.318079056875242,
45.6,0.318096098516047,0.31807988491968175,
45.800000000000004,0.31810171704919893,0.3180809947646622,
46.0,0.31810722646142886,0.31808236399659484,
46.2,0.31811261579001354,0.31808397083760276,
46.400000000000006,0.3181178752072881,0.3180857941666747,
46.6,0.31812299599266447,0.3180878135324004,
46.800000000000004,0.3181279704825237,0.3180900091783908,
47.0,0.3181327919429979,0.3180923621411175,
47.2,0.3181374546189957,0.318094854181503,
47.400000000000006,0.31814195365768067,0.3180974678073079,
47.6,0.31814628506781517,0.31810018628782283,
47.800000000000004,0.3181504456808538,0.3181029936603688,
48.0,0.3181544331089148,0.3181058747327189,
48.2,0.3181582457005461,0.31810881508191524,
48.400000000000006,0.31816188249520344,0.3181118010499573,
48.6,0.31816534317735534,0.31811481973683414,
48.800000000000004,0.31816862803113466,0.31811785899137746,
49.0,0.3181717378964507,0.3181209074004081,
49.2,0.31817467412748046,0.3181239542766521,
49.400000000000006,0.31817743855445474,0.31812698964589975,
49.6,0.3181800334496568,0.31813000423388355,
49.800000000000004,0.3181824614985491,0.3181329894533484,
50.0,0.3181847257769463,0.31813593739178964,
50.2,0.31818682973515,0.31813884080033294,
50.400000000000006,0.3181887771357522,0.3181416930612696,
50.6,0.3181905719159163,0.31814448813627966,
50.800000000000004,0.3181922183003409,0.31814722059824097,
51.0,0.3181937207183622,0.318149885576962,
51.2,0.3181950837778163,0.31815247874492286,
51.400000000000006,0.31819631224191175,0.31815499630131466,
51.6,0.31819741100540516,0.31815743495291426,
51.800000000000004,0.31819838507044557,0.3181597918924107,
52.0,0.3181992395224499,0.31816206477480174,
52.2,0.3181999795063747,0.31816425169247714,
52.400000000000006,0.31820061020374857,0.3181663511496064,
52.6,0.31820113681082823,0.31816836203644816,
52.800000000000004,0.3182015645182434,0.3181702836041989,
53.0,0.31820189849249425,0.3181721154409977,
53.2,0.3182021438596659,0.31817385744970544,
53.400000000000006,0.3182023056917229,0.3181755098280747,
53.6,0.3182023889957498,0.31817707305192827,
53.800000000000004,0.31820239870650024,0.318178547861964,
54.0,0.3182023396826193,0.3181799352548024,
54.2,0.3182022167069036,0.31818123647889557,
54.400000000000006,0.31820203449096246,0.3181824530359133,
54.6,0.318201797619084,0.31818358658938845,
54.800000000000004,0.31820151046170303,0.3181846388465089,
55.0,0.3182011773125795,0.31818561174261745,
55.2,0.3182008023352168,0.31818650734063464,
55.400000000000006,0.31820038955528945,0.31818732781850334,
55.6,0.3181999428556009,0.31818807545774896,
55.800000000000004,0.3181994659721578,0.3181887526312389,
56.0,0.3181989624912664,0.3181893617903722,
56.2,0.3181984358475547,0.3181899054519271,
56.400000000000006,0.3181978893228265,0.3181903861847977,
56.6,0.3181973260456507,0.31819080659684834,
56.800000000000004,0.31819674899159156,0.318191169322115,
57.0,0.31819616098398446,0.3181914770085844,
57.2,0.31819556469516136,0.31819173230677894,
57.400000000000006,0.31819496264803165,0.31819193785937794,
57.6,0.31819435721792233,0.31819209629210427,
57.800000000000004,0.31819375063458266,0.3181922102061061,
58.0,0.318193144984258,0.3181922821720634,
58.2,0.31819254221173726,0.31819231472624815,
58.400000000000006,0.31819194412227964,0.31819231036876827,
58.6,0.3181913523833239,0.31819227156422514,
58.800000000000004,0.31819076852588635,0.31819220074501314,
59.0,0.3181901939455516,0.3181921003174918,
59.2,0.318189629910154,0.31819197264480925,
59.400000000000006,0.31818907759536286,0.31819181991143086,
59.6,0.3181885380470103,0.31819164427802415,
59.800000000000004,0.3181880121994595,0.3181914478497248,
60.0,0.31818750088130027,0.3181912326607861,
60.2,0.31818700481805284,0.31819100067215317,
60.400000000000006,0.31818652463560854,0.31819075376958667,
60.6,0.3181860608642772,0.31819049376228914,
60.800000000000004,0.3181856139433159,0.3181902223819863,
61.0,0.31818518422580994,0.3181899412824165,
61.2,0.3181847719837795,0.3181896520391809,
61.400000000000006,0.31818437741338423,0.3181893561499072,
61.6,0.31818400064009794,0.3181890550346789,
61.800000000000004,0.318183641723726,0.31818875003668473,
62.0,0.3181833006631379,0.3181884424230384,
62.2,0.31818297740058804,0.3181881333857237,
62.400000000000006,0.31818267182549587,0.3181878240426165,
62.6,0.31818238377755914,0.3181875154385362,
62.800000000000004,0.3181821130490721,0.3181872085462808,
63.0,0.31818185938632143,0.31818690426759655,
63.2,0.3181816224899315,0.3181866034340357,
63.400000000000006,0.318181402014033,0.31818630680765597,
63.6,0.31818119757001706,0.3181860150835167,
63.800000000000004,0.31818100878197403,0.3181857289052382,
64.0,0.3181808352363436,0.3181854488470638,
64.2,0.31818067649166304,0.31818517542630365,
64.4,0.3181805320886122,0.31818490910681985,
64.60000000000001,0.31818040155170535,0.3181846502993329,
64.8,0.3181802843911868,0.31818439936232545,
65.0,0.3181801801050903,0.31818415660346433,
65.2,0.31818008818142185,0.31818392228146475,
65.4,0.31818000810042474,0.3181836966083192,
65.60000000000001,0.31817993933688793,0.31818347975181405,
65.8,0.3181798813624557,0.3181832718382563,
66.0,0.3181798336478993,0.3181830729553335,
66.2,0.31817979566531013,0.31818288315502996,
66.4,0.3181797668901732,0.31818270245652186,
66.60000000000001,0.3181797468032815,0.3181825308489736,
66.8,0.31817973489245055,0.318182368294159,
67.0,0.3181797306539924,0.31818221472883035,
67.2,0.31817973359390916,0.3181820700667565,
67.4,0.31817974322876497,0.3181819342003549,
67.60000000000001,0.31817975908619744,0.3181818070018393,
67.8,0.3181797807050262,0.318181688323806,
68.0,0.3181798076349201,0.3181815779991814,
68.2,0.318179839435581,0.31818147584045464,
68.4,0.31817987567540507,0.3181813816381163,
68.60000000000001,0.31817991592958056,0.3181812951582284,
68.8,0.3181799597775932,0.3181812161390681,
69.0,0.31818000683248154,0.31818114434395545,
69.2,0.31818005674286803,0.3181810795558759,
69.4,0.31818010915553313,0.3181810215214685,
69.60000000000001,0.31818016373081853,0.318180969983155,
69.8,0.31818022014352004,0.3181809246797414,
70.0,0.3181802780835455,0.3181808853470952,
70.2,0.3181803372563569,0.3181808517188853,
70.4,0.31818039738321796,0.318180823527372,
70.60000000000001,0.3181804582012672,0.31818080050423414,
70.8,0.31818051946343784,0.3181807823814211,
71.0,0.318180580938244,0.31818076889201613,
71.2,0.3181806424094549,0.31818075977109894,
71.4,0.31818070367567663,0.3181807547565949,
71.60000000000001,0.31818076454986316,0.31818075359009756,
71.8,0.31818082485877525,0.3181807560176521,
72.0,0.3181808844424103,0.31818076179048693,
72.2,0.31818094315342177,0.3181807706656808,
72.4,0.31818100085654916,0.3181807824067526,
72.60000000000001,0.3181810574280801,0.31818079678416106,
72.8,0.3181811127553636,0.31818081357570144,
73.0,0.31818116673639585,0.31818083256678725,
73.2,0.3181812192794994,0.31818085355060344,
73.4,0.3181812703031153,0.3181808763281184,
73.60000000000001,0.31818131973573005,0.3181809007079427,
73.8,0.31818136751595627,0.31818092650602103,
74.0,0.31818141359278945,0.3181809535451454,
74.2,0.31818145792605995,0.318180981654276,
74.4,0.31818150048710137,0.31818101066765764,
74.60000000000001,0.31818154125965586,0.3181810404237188,
74.8,0.31818158024103693,0.31818107076374097,
75.0,0.3181816174341006,0.31818110153761014,
75.2,0.31818165281687555,0.31818113262938025,
75.4,0.3181816863914845,0.3181811639183748,
75.60000000000001,0.3181817181675556,0.3181811952883755,
75.8,0.31818174815942596,0.3181812266299772,
76.0,0.3181817763860791,0.3181812578408153,
76.2,0.3181818028710068,0.31818128882568625,
76.4,0.3181818276420055,0.318181319496573,
76.60000000000001,0.31818185073091576,0.3181813497725858,
76.80000000000001,0.3181818721733147,0.318181379579828,
77.0,0.3181818920081699,0.31818140885120055,
77.2,0.31818191027746506,0.3181814375261522,
77.4,0.31818192702580617,0.31818146555038895,
77.60000000000001,0.3181819423000171,0.31818149287555286,
77.80000000000001,0.3181819561487352,0.31818151945887996,
78.0,0.31818196862201426,0.3181815452628494,
78.2,0.3181819797709463,0.318181570254834,
78.4,0.31818198964730987,0.3181815944067625,
78.60000000000001,0.3181819983032546,0.3181816176948054,
78.80000000000001,0.318182005791032,0.3181816400990943,
79.0,0.31818201216278047,0.31818166160348527,
79.2,0.3181820174703752,0.3181816821953785,
79.4,0.3181820217653513,0.3181817018656031,
79.60000000000001,0.31818202509890986,0.31818172060837874,
79.80000000000001,0.3181820275220163,0.3181817384213659,
80.0,0.31818202908559984,0.3181817553058129,
80.2,0.3181820298408642,0.3181817712668134,
80.4,0.31818202983971794,0.3181817863136832,
80.60000000000001,0.31818202913533433,0.31818180046046746,
80.80000000000001,0.31818202778285004,0.31818181372658993,
81.0,0.3181820258380469,0.318181826135002,
81.2,0.3181820233399322,0.31818183769315905,
81.4,0.31818202033001075,0.31818184841766195,
81.60000000000001,0.31818201685151987,0.3181818583290268,
81.80000000000001,0.31818201294691734,0.3181818674486279,
82.0,0.31818200865762797,0.31818187579872115,
82.2,0.3181820040238333,0.31818188340244136,
82.4,0.31818199908430106,0.31818189028377625,
82.60000000000001,0.3181819938762525,0.31818189646751943,
82.80000000000001,0.3181819884352632,0.3181819019792043,
83.0,0.3181819827951956,0.31818190684502234,
83.2,0.31818197698816025,0.31818191109172633,
83.4,0.3181819710445019,0.31818191474652296,
83.60000000000001,0.31818196499280876,0.31818191783695554,
83.80000000000001,0.31818195885994116,0.31818192039078,
84.0,0.31818195267107674,0.31818192243583626,
84.2,0.31818194644976994,0.3181819239999174,
84.4,0.3181819402180217,0.3181819251106393,
84.60000000000001,0.3181819339963581,0.3181819257953122,
84.80000000000001,0.3181819278039125,0.3181819260808176,
85.0,0.3181819216585118,0.31818192599349254,
85.2,0.3181819155767598,0.31818192555902297,
85.4,0.31818190957411835,0.31818192480234947,
85.60000000000001,0.31818190366498117,0.31818192374758725,
85.80000000000001,0.3181818978627381,0.3181819224179628,
86.0,0.31818189217982706,0.31818192083576946,
86.2,0.3181818866277703,0.3181819190223449,
86.4,0.3181818812171924,0.31818191699807147,
86.60000000000001,0.31818187595781705,0.3181819147824038,
86.80000000000001,0.31818187085843974,0.3181819123939241,
87.0,0.31818186592687275,0.3181819098504285,
87.2,0.3181818611698608,0.31818190716904665,
87.4,0.3181818565929631,0.3181819043663973,
87.60000000000001,0.31818185220039996,0.31818190145878106,
87.80000000000001,0.3181818479948604,0.318181898462414,
88.0,0.3181818439772677,0.3181818953937038,
88.2,0.3181818401465007,0.3181818922695709,
88.4,0.31818183649906745,0.31818188910781703,
88.60000000000001,0.318181833028728,0.31818188592754376,
88.80000000000001,0.3181818297288845,0.3181818827469384,
89.0,0.31818182660855204,0.31818187956736843,
89.2,0.31818182366801956,0.3181818763964978,
89.4,0.3181818209048745,0.31818187324389885,
89.60000000000001,0.3181818183164308,0.3181818701187115,
89.80000000000001,0.31818181589970634,0.31818186702955886,
90.0,0.31818181365141096,0.31818186398448195,
90.2,0.318181811567942,0.318181860990892,
90.4,0.3181818096453883,0.3181818580555389,
90.60000000000001,0.3181818078795406,0.3181818551844937,
90.80000000000001,0.31818180626590925,0.31818185238314556,
91.0,0.31818180479974595,0.31818184965620916,
91.2,0.31818180347607106,0.3181818470077436,
91.4,0.31818180228970444,0.3181818444411797,
91.60000000000001,0.3181818012352993,0.31818184195935517,
91.80000000000001,0.3181818003073782,0.3181818395645558,
92.0,0.31818179950037045,0.3181818372585615,
92.2,0.3181817988086506,0.3181818350426954,
92.4,0.3181817982265759,0.3181818329178755,
92.60000000000001,0.31818179774852345,0.318181830884666,
92.80000000000001,0.31818179736892543,0.3181818289433283,
93.0,0.31818179708230165,0.31818182709386944,
93.2,0.3181817968832887,0.31818182533608685,
93.4,0.31818179676666497,0.3181818236696078,
93.60000000000001,0.318181796727371,0.31818182209392243,
93.80000000000001,0.3181817967605234,0.3181818206084087,
94.0,0.3181817968614228,0.31818181921234795,
94.2,0.31818179702555416,0.31818181790492933,
94.4,0.31818179724857915,0.31818181668524265,
94.60000000000001,0.318181797526319,0.3181818155522568,
94.80000000000001,0.3181817978547282,0.3181818145047834,
95.0,0.3181817982298577,0.3181818135414242,
95.2,0.3181817986478057,0.3181818126605001,
95.4,0.3181817991046578,0.3181818118599611,
95.60000000000001,0.3181817995964131,0.3181818111372752,
95.80000000000001,0.3181818001188966,0.31818181048929567,
96.0,0.31818180066765783,0.31818180991210415,
96.2,0.31818180123785333,0.3181818094008291,
96.4,0.3181818018241132,0.3181818089494375,
96.60000000000001,0.31818180242150773,0.3181818085525535,
96.80000000000001,0.3181818030299488,0.31818180821260733,
97.0,0.31818180364778775,0.31818180792801093,
97.2,0.3181818042728492,0.3181818076963217,
97.4,0.3181818049028355,0.3181818075149583,
97.60000000000001,0.3181818055353932,0.3181818073812433,
97.80000000000001,0.3181818061681706,0.3181818072924414,
98.0,0.31818180679886704,0.3181818072457925,
98.2,0.31818180742527374,0.31818180723854095,
98.4,0.318181808045308,0.31818180726796075,
98.60000000000001,0.3181818086570395,0.31818180733137635,
98.80000000000001,0.31818180925871087,0.31818180742618046,
99.0,0.3181818098487518,0.3181818075498482,
99.2,0.31818181042578736,0.3181818076999481,
99.4,0.318181810988642,0.31818180787415035,
99.60000000000001,0.318181811536338,0.3181818080702323,
99.80000000000001,0.3181818120680903,0.3181818082860812,
100.0,0.31818181258329764,0.31818180851969574,
100.2,0.31818181308153026,0.3181818087691842,
100.4,0.3181818135625149,0.31818180903276216,
100.60000000000001,0.3181818140261177,0.31818180930874784,
100.80000000000001,0.31818181447232524,0.3181818095955568,
101.0,0.3181818149012239,0.31818180989169514,
101.2,0.3181818153129789,0.3181818101957522,
101.4,0.3181818157078128,0.3181818105063926,
101.60000000000001,0.31818181608598367,0.318181810822348,
101.80000000000001,0.3181818164477645,0.31818181114240873,
102.0,0.31818181679342294,0.31818181146541574,
102.2,0.31818181712320315,0.31818181179025246,
102.4,0.3181818174373093,0.318181812115838,
102.60000000000001,0.31818181773589144,0.3181818124411207,
102.80000000000001,0.3181818180190345,0.3181818127650727,
103.0,0.3181818182867508,0.31818181308668625,
103.2,0.3181818185389758,0.3181818134049715,
103.4,0.318181818775569,0.3181818137189554,
103.60000000000001,0.3181818189963189,0.31818181402768386,
103.80000000000001,0.31818181920095395,0.31818181433022497,
104.0,0.31818181938915857,0.31818181462567563,
104.2,0.31818181956059577,0.3181818149131701,
104.4,0.31818181971493653,0.3181818151918924,
104.60000000000001,0.3181818198518961,0.3181818154610912,
104.80000000000001,0.3181818199712779,0.3181818157200984,
105.0,0.318181820073026,0.31818181596835166,
105.2,0.3181818201572854,0.31818181620542013,
105.4,0.3181818202244723,0.31818181643103516,
105.60000000000001,0.3181818202753529,0.318181816645125,
105.80000000000001,0.3181818203111331,0.31818181684785374,
106.0,0.318181820333558,0.3181818170396659,
106.2,0.31818182034502274,0.31818181722133543,
106.4,0.31818182034869447,0.3181818173940203,
106.60000000000001,0.31818182034864634,0.3181818175593227,
106.80000000000001,0.3181818203499762,0.31818181771934245,
107.0,0.31818182034956377,0.3181818178725708,
107.2,0.31818182034219894,0.31818181801666356,
107.4,0.3181818203282193,0.31818181815175905,
107.60000000000001,0.3181818203080158,0.3181818182780084,
107.80000000000001,0.31818182028201847,0.3181818183955761,
108.0,0.318181820250684,0.3181818185046396,
108.2,0.31818182021448427,0.31818181860539,
108.4,0.31818182017389673,0.3181818186980312,
108.60000000000001,0.31818182012939605,0.3181818187827796,
108.80000000000001,0.31818182008144674,0.3181818188598639,
109.0,0.3181818200304972,0.31818181892952396,
109.2,0.3181818199769752,0.31818181899201026,
109.4,0.3181818199212836,0.3181818190475827,
109.60000000000001,0.3181818198637977,0.31818181909650994,
109.80000000000001,0.3181818198048635,0.3181818191390679,
110.0,0.31818181974479637,0.3181818191755389,
110.2,0.31818181968388093,0.31818181920621,
110.4,0.3181818196223712,0.31818181923137223,
110.60000000000001,0.3181818195604917,0.3181818192513187,
110.80000000000001,0.3181818194984391,0.3181818192663436,
111.0,0.31818181943638385,0.31818181927674066,
111.2,0.31818181937447304,0.31818181928280187,
111.4,0.3181818193128328,0.31818181928481615,
111.60000000000001,0.31818181925157146,0.31818181928306793,
111.80000000000001,0.3181818191907826,0.318181819277836,
112.0,0.31818181913054844,0.3181818192693921,
112.2,0.3181818190709432,0.31818181925799993,
112.4,0.3181818190120362,0.3181818192439142,
112.60000000000001,0.31818181895389536,0.3181818192273793,
112.80000000000001,0.3181818188965899,0.31818181920862876,
113.0,0.3181818188401935,0.3181818191878844,
113.2,0.31818181878478624,0.31818181916535565,
113.4,0.31818181873045714,0.31818181914123916,
113.60000000000001,0.31818181867730555,0.3181818191157186,
113.80000000000001,0.31818181862544226,0.31818181908896426,
114.0,0.31818181857498984,0.3181818190611334,
114.2,0.31818181852608274,0.31818181903237047,
114.4,0.31818181847886595,0.3181818190028074,
114.60000000000001,0.31818181843349347,0.3181818189725643,
114.80000000000001,0.3181818183901254,0.3181818189417508,
115.0,0.3181818183489245,0.31818181891046665,
115.2,0.3181818183100515,0.3181818188788037,
115.4,0.318181818273659,0.31818181884684726,
115.60000000000001,0.3181818182398849,0.3181818188146783,
115.80000000000001,0.3181818182088438,0.31818181878237567,
116.0,0.31818181818061764,0.318181818750019,
116.2,0.31818181815524466,0.31818181871769136,
116.4,0.31818181813270696,0.31818181868548273,
116.60000000000001,0.31818181811291657,0.3181818186534936,
116.80000000000001,0.3181818180956998,0.3181818186218391,
117.0,0.31818181808077983,0.31818181859065336,
117.2,0.318181818067758,0.3181818185600944,
117.4,0.3181818180560926,0.3181818185303492,
117.60000000000001,0.3181818180450762,0.3181818185016395,
117.80000000000001,0.318181818033811,0.3181818184742279,
118.0,0.31818181802195067,0.318181818448208,
118.2,0.3181818180111197,0.3181818184231166,
118.4,0.31818181800148954,0.3181818183989072,
118.60000000000001,0.318181817993079,0.31818181837557674,
118.80000000000001,0.31818181798588246,0.3181818183531293,
119.0,0.31818181797987405,0.3181818183315738,
119.2,0.3181818179750115,0.31818181831092224,
119.4,0.3181818179712394,0.3181818182911887,
119.60000000000001,0.3181818179684928,0.3181818182723875,
119.80000000000001,0.31818181796669964,0.31818181825453246,
120.0,0.3181818179657834,0.3181818182376355,
120.2,0.3181818179656653,0.31818181822170627,
120.4,0.3181818179662665,0.318181818206751,
120.60000000000001,0.31818181796750944,0.3181818181927722,
120.80000000000001,0.3181818179693194,0.31818181817976826,
121.0,0.31818181797162576,0.318181818167733,
121.2,0.3181818179743629,0.3181818181566555,
121.4,0.318181817977471,0.3181818181465203,
121.60000000000001,0.31818181798089656,0.31818181813730684,
121.80000000000001,0.3181818179845926,0.31818181812899016,
122.0,0.3181818179885192,0.3181818181215406,
122.2,0.31818181799264317,0.31818181811492463,
122.4,0.3181818179969381,0.31818181810910456,
122.60000000000001,0.3181818180013842,0.3181818181040393,
122.80000000000001,0.3181818180059676,0.3181818180996848,
123.0,0.3181818180106803,0.3181818180959945,
123.2,0.31818181801551915,0.3181818180929197,
123.4,0.31818181802048545,0.3181818180904104,
123.60000000000001,0.3181818180255842,0.31818181808841584,
123.80000000000001,0.31818181803082324,0.3181818180868848,
124.0,0.3181818180362124,0.31818181808576657,
124.2,0.3181818180417628,0.3181818180850114,
124.4,0.3181818180474858,0.31818181808457124,
124.60000000000001,0.3181818180533922,0.31818181808440005,
124.80000000000001,0.3181818180594912,0.31818181808445467,
125.0,0.31818181806579005,0.31818181808469514,
125.2,0.31818181807229273,0.31818181808508533,
125.4,0.3181818180789993,0.31818181808559337,
125.60000000000001,0.3181818180859055,0.31818181808619206,
125.80000000000001,0.31818181809300183,0.3181818180868591,
126.0,0.3181818181002732,0.3181818180875775,
126.2,0.31818181810769824,0.31818181808833584,
126.4,0.31818181811524954,0.3181818180891281,
126.60000000000001,0.3181818181228929,0.318181818089954,
126.80000000000001,0.31818181813058766,0.31818181809081864,
127.0,0.3181818181382867,0.31818181809173274,
127.2,0.31818181814593677,0.3181818180927118,
127.4,0.31818181815347896,0.31818181809377616,
127.60000000000001,0.3181818181608494,0.3181818180949502,
127.80000000000001,0.31818181816798013,0.3181818180962617,
128.0,0.3181818181748002,0.31818181809774115,
128.20000000000002,0.318181818181237,0.31818181809942053,
128.4,0.318181818187218,0.3181818181013325,
128.6,0.31818181819267255,0.3181818181035088,
128.8,0.3181818181975337,0.318181818105979,
129.0,0.31818181820174124,0.31818181810876867,
129.20000000000002,0.31818181820524377,0.3181818181118976,
129.4,0.31818181820800234,0.318181818115378,
129.6,0.3181818182099934,0.3181818181192117,
129.8,0.3181818182112126,0.31818181812338836,
130.0,0.31818181821167907,0.31818181812788227,
130.20000000000002,0.3181818182114396,0.3181818181326497,
130.4,0.3181818182105735,0.3181818181376257,
130.6,0.31818181820919816,0.3181818181427207,
130.8,0.3181818182074741,0.318181818147817,
131.0,0.3181818182056114,0.31818181815276464,
131.20000000000002,0.31818181820387614,0.31818181815737756,
131.4,0.31818181820259733,0.31818181816142893,
131.6,0.31818181820217406,0.3181818181646465,
131.8,0.3181818182027965,0.3181818181669158,
132.0,0.31818181820355057,0.3181818181689202,
132.20000000000002,0.3181818182042757,0.3181818181707869,
132.4,0.31818181820493685,0.3181818181725495,
132.6,0.318181818205508,0.3181818181742334,
132.8,0.318181818205971,0.3181818181758566,
133.0,0.3181818182063145,0.31818181817743096,
133.20000000000002,0.31818181820653324,0.3181818181789628,
133.4,0.31818181820662683,0.31818181818045405,
133.6,0.31818181820659935,0.3181818181819028,
133.8,0.3181818182064583,0.3181818181833042,
134.0,0.31818181820621416,0.3181818181846511,
134.20000000000002,0.31818181820587943,0.31818181818593455,
134.4,0.31818181820546837,0.31818181818714436,
134.6,0.31818181820499636,0.3181818181882699,
134.8,0.3181818182044794,0.3181818181893001,
135.0,0.3181818182039335,0.3181818181902242,
135.20000000000002,0.31818181820337466,0.31818181819103186,
135.4,0.3181818182028183,0.3181818181917138,
135.6,0.31818181820227903,0.31818181819226177,
135.8,0.3181818182017702,0.31818181819266883,
136.0,0.31818181820130403,0.31818181819292957,
136.20000000000002,0.31818181820089114,0.31818181819304037,
136.4,0.31818181820054053,0.3181818181929993,
136.6,0.3181818182002594,0.3181818181928064,
136.8,0.31818181820005326,0.3181818181924635,
137.0,0.3181818181999255,0.3181818181919746,
137.20000000000002,0.31818181819987784,0.31818181819134533,
137.4,0.3181818181999099,0.3181818181905834,
137.6,0.3181818182000196,0.31818181818969826,
137.8,0.31818181820020297,0.3181818181887011,
138.0,0.31818181820045427,0.31818181818760466,
138.20000000000002,0.3181818182007663,0.31818181818642327,
138.4,0.3181818182011301,0.3181818181851725,
138.6,0.3181818182015356,0.31818181818386904,
138.8,0.31818181820197133,0.3181818181825306,
139.0,0.31818181820242475,0.31818181818117586,
139.20000000000002,0.31818181820288255,0.31818181817982377,
139.4,0.3181818182033307,0.31818181817849384,
139.6,0.31818181820375446,0.31818181817720576,
139.8,0.3181818182041391,0.318181818175979,
140.0,0.3181818182044695,0.31818181817483293,
140.20000000000002,0.3181818182047309,0.31818181817378627,
140.4,0.31818181820490865,0.318181818172857,
140.6,0.3181818182049887,0.3181818181720622,
140.8,0.3181818182049578,0.31818181817141766,
141.0,0.3181818182048035,0.3181818181709378,
141.20000000000002,0.3181818182045146,0.3181818181706355,
141.4,0.31818181820408115,0.31818181817052177,
141.6,0.3181818182034948,0.31818181817060553,
141.8,0.3181818182027487,0.31818181817089375,
142.0,0.31818181820183805,0.3181818181713908,
142.20000000000002,0.3181818182007599,0.3181818181720989,
142.4,0.31818181819951347,0.3181818181730174,
142.6,0.31818181819810015,0.31818181817414315,
142.8,0.3181818181965237,0.31818181817547014,
143.0,0.31818181819479024,0.31818181817698965,
143.20000000000002,0.3181818181929083,0.31818181817869007,
143.4,0.318181818190889,0.31818181818055685,
143.6,0.3181818181887457,0.31818181818257285,
143.8,0.3181818181864943,0.31818181818471797,
144.0,0.3181818181841532,0.31818181818696967,
144.20000000000002,0.3181818181817429,0.3181818181893027,
144.4,0.3181818181792861,0.3181818181916896,
144.6,0.3181818181768075,0.3181818181941008,
144.8,0.3181818181743337,0.31818181819650476,
145.0,0.3181818181718928,0.3181818181988684,
145.20000000000002,0.31818181816951413,0.3181818182011575,
145.4,0.31818181816722807,0.3181818182033367,
145.6,0.31818181816506563,0.31818181820537045,
145.8,0.3181818181630581,0.3181818182072232,
146.0,0.31818181816123653,0.31818181820885993,
146.20000000000002,0.3181818181596311,0.31818181821024694,
146.4,0.3181818181582709,0.3181818182113522,
146.6,0.31818181815718305,0.3181818182121463,
146.8,0.31818181815639224,0.31818181821260305,
147.0,0.3181818181559199,0.3181818182127005,
147.20000000000002,0.31818181815578334,0.31818181821242153,
147.4,0.3181818181559952,0.31818181821175506,
147.6,0.31818181815656243,0.3181818182106971,
147.8,0.3181818181574852,0.31818181820925145,
148.0,0.31818181815875607,0.3181818182074314,
148.20000000000002,0.3181818181603589,0.31818181820526054,
148.4,0.31818181816226765,0.3181818182027742,
148.6,0.31818181816444513,0.31818181820002095,
148.8,0.3181818181668418,0.31818181819706376,
149.0,0.31818181816939445,0.31818181819398195,
149.20000000000002,0.3181818181720245,0.3181818181908725,
149.4,0.318181818174637,0.3181818181878517,
149.6,0.31818181817711844,0.3181818181850573,
149.8,0.3181818181793355,0.31818181818265007,
150.0,0.31818181818113317,0.3181818181808158,
150.20000000000002,0.31818181818233304,0.3181818181797675,
150.4,0.31818181818217545,0.3181818181792403,
150.6,0.318181818173483,0.31818181817284424,
150.8,0.31818181815634206,0.3181818181601726,
151.0,0.3181818181333097,0.31818181814306296,
151.20000000000002,0.3181818181065926,0.31818181812310614,
151.4,0.31818181807807244,0.3181818181016638,
151.6,0.3181818180493303,0.3181818180798854,
151.8,0.31818181802167006,0.3181818180587245,
152.0,0.3181818179961406,0.3181818180389545,
152.20000000000002,0.3181818179735578,0.3181818180211837,
152.4,0.31818181795452494,0.31818181800586964,
152.6,0.3181818179394522,0.3181818179933328,
152.8,0.3181818179285761,0.31818181798377,
153.0,0.3181818179219769,0.3181818179772667,
153.20000000000002,0.3181818179195962,0.31818181797380934,
153.4,0.31818181792125305,0.3181818179732964,
153.60000000000002,0.3181818179266595,0.3181818179755495,
153.8,0.3181818179354353,0.31818181798032363,
154.0,0.3181818179471219,0.3181818179873168,
154.20000000000002,0.3181818179611957,0.3181818179961795,
154.4,0.3181818179770802,0.3181818180065233,
154.60000000000002,0.31818181799415796,0.3181818180179289,
154.8,0.3181818180117814,0.31818181802995416,
155.0,0.3181818180292833,0.318181818042141,
155.20000000000002,0.3181818180459861,0.31818181805402246,
155.4,0.318181818061211,0.3181818180651286,
155.60000000000002,0.3181818180742862,0.3181818180749927,
155.8,0.3181818180845544,0.31818181808315643,
156.0,0.31818181809138024,0.3181818180891749,
156.20000000000002,0.31818181809415597,0.3181818180926211,
156.4,0.318181818092308,0.3181818180930901,
156.60000000000002,0.3181818180853016,0.31818181809020274,
156.8,0.31818181807264606,0.3181818180836091,
157.0,0.31818181805389834,0.3181818180729913,
157.20000000000002,0.3181818180286671,0.31818181805806606,
157.4,0.3181818179966155,0.3181818180385872,
157.60000000000002,0.31818181795746403,0.3181818180143473,
157.8,0.31818181791099265,0.31818181798517936,
158.0,0.31818181785704225,0.31818181795095807,
158.20000000000002,0.3181818177955162,0.3181818179116007,
158.4,0.3181818177263808,0.31818181786706795,
158.60000000000002,0.318181817649666,0.3181818178173639,
158.8,0.3181818175654652,0.31818181776253635,
159.0,0.31818181747393487,0.31818181770267673,
159.20000000000002,0.31818181737529394,0.3181818176379195,
159.4,0.31818181726982253,0.3181818175684413,
159.60000000000002,0.31818181715786065,0.31818181749446056,
159.8,0.3181818170398063,0.31818181741623575,
160.0,0.3181818169161136,0.3181818173340644,
160.20000000000002,0.3181818167872903,0.3181818172482815,
160.4,0.3181818166538953,0.3181818171592576,
160.60000000000002,0.3181818165165356,0.3181818170673971,
160.8,0.3181818163758635,0.3181818169731361,
161.0,0.318181816232573,0.31818181687693997,
161.20000000000002,0.3181818160873965,0.3181818167793014,
161.4,0.31818181594110073,0.3181818166807375,
161.60000000000002,0.31818181579448346,0.3181818165817872,
161.8,0.3181818156483689,0.31818181648300864,
162.0,0.31818181550360375,0.31818181638497633,
162.20000000000002,0.31818181536105294,0.3181818162882782,
162.4,0.3181818152215951,0.3181818161935123,
162.60000000000002,0.31818181508611815,0.3181818161012842,
162.8,0.31818181495551456,0.3181818160122035,
163.0,0.318181814830677,0.3181818159268808,
163.20000000000002,0.3181818147124931,0.3181818158459242,
163.4,0.3181818146018416,0.3181818157699366,
163.60000000000002,0.3181818144995866,0.318181815699512,
163.8,0.3181818144065736,0.31818181563523235,
164.0,0.3181818143236244,0.3181818155776644,
164.20000000000002,0.3181818142515326,0.31818181552735636,
164.4,0.3181818141910588,0.31818181548483476,
164.60000000000002,0.31818181414292623,0.31818181545060137,
164.8,0.31818181410781626,0.3181818154251299,
165.0,0.3181818140863637,0.3181818154088633,
165.20000000000002,0.318181814079153,0.31818181540221047,
165.4,0.3181818140867138,0.3181818154055436,
165.60000000000002,0.31818181410951707,0.3181818154191953,
165.8,0.31818181414797125,0.31818181544345614,
166.0,0.31818181420241853,0.31818181547857166,
166.20000000000002,0.31818181427313164,0.3181818155247406,
166.4,0.31818181436031034,0.31818181558211217,
166.60000000000002,0.3181818144640785,0.31818181565078396,
166.8,0.3181818145844814,0.31818181573080023,
167.0,0.31818181472148316,0.31818181582215,
167.20000000000002,0.3181818148749645,0.3181818159247655,
167.4,0.3181818150447208,0.31818181603852075,
167.60000000000002,0.31818181523046046,0.3181818161632304,
167.8,0.3181818154318037,0.31818181629864867,
168.0,0.3181818156482812,0.31818181644446897,
168.20000000000002,0.31818181587933403,0.31818181660032296,
168.4,0.318181816124313,0.3181818167657806,
168.60000000000002,0.31818181638247894,0.31818181694035014,
168.8,0.31818181665300316,0.31818181712347837,
169.0,0.3181818169349685,0.3181818173145512,
169.20000000000002,0.3181818172273707,0.31818181751289465,
169.4,0.31818181752912017,0.318181817717776,
169.60000000000002,0.3181818178390444,0.31818181792840516,
169.8,0.3181818181558907,0.3181818181439368,
170.0,0.31818181847832944,0.31818181836347237,
170.20000000000002,0.31818181880495794,0.3181818185860625,
170.4,0.31818181913430477,0.31818181881071017,
170.60000000000002,0.3181818194648347,0.3181818190363739,
170.8,0.3181818197949539,0.3181818192619713,
171.0,0.31818182012301643,0.3181818194863832,
171.20000000000002,0.3181818204473303,0.31818181970845816,
171.4,0.31818182076616514,0.31818181992701733,
171.60000000000002,0.3181818210777598,0.31818182014085966,
171.8,0.31818182138033096,0.3181818203487678,
172.0,0.31818182167208237,0.3181818205495142,
172.20000000000002,0.31818182195121447,0.3181818207418679,
172.4,0.318181822215935,0.3181818209246014,
172.60000000000002,0.31818182246447035,0.31818182109649856,
172.8,0.31818182269507733,0.3181818212563627,
173.0,0.318181822906056,0.318181821403025,
173.20000000000002,0.318181823095763,0.3181818215353538,
173.4,0.31818182326262595,0.31818182165226433,
173.60000000000002,0.31818182340515816,0.3181818217527288,
173.8,0.3181818235219747,0.3181818218357872,
174.0,0.318181823611809,0.31818182190055866,
174.20000000000002,0.3181818236735301,0.3181818219462532,
174.4,0.31818182370616116,0.3181818219721845,
174.60000000000002,0.31818182370889864,0.3181818219777826,
174.8,0.3181818236811322,0.31818182196260786,
175.0,0.3181818236224657,0.31818182192636507,
175.20000000000002,0.3181818235327393,0.3181818218689187,
175.4,0.31818182341205203,0.3181818217903079,
175.60000000000002,0.3181818232607855,0.31818182169076326,
175.8,0.3181818230796288,0.31818182157072333,
176.0,0.318181822869604,0.31818182143085244,
176.20000000000002,0.3181818226320931,0.3181818212720586,
176.4,0.31818182236886544,0.31818182109551263,
176.60000000000002,0.3181818220821065,0.3181818209026679,
176.8,0.31818182177444787,0.3181818206952804,
177.0,0.3181818214489978,0.3181818204754298,
177.20000000000002,0.3181818211093732,0.3181818202455417,
177.4,0.3181818207597327,0.3181818200084096,
177.60000000000002,0.31818182040481063,0.31818181976721865,
177.8,0.3181818200499523,0.3181818195255694,
178.0,0.31818181970115045,0.31818181928750294,
178.20000000000002,0.3181818193650825,0.31818181905752657,
178.4,0.3181818190491495,0.31818181884063995,
178.60000000000002,0.31818181876151586,0.3181818186423627,
178.8,0.31818181851115046,0.31818181846876237,
179.0,0.31818181830786896,0.3181818183264834,
179.20000000000002,0.3181818181623772,0.31818181822277697,
179.4,0.3181818180863161,0.3181818181655315,
179.60000000000002,0.31818181807908585,0.3181818181546912,
179.8,0.31818181808004936,0.3181818181507461,
180.0,0.318181818080275,0.3181818181473937,
180.20000000000002,0.31818181808018364,0.31818181814448776,
180.4,0.31818181808010715,0.31818181814191276,
180.60000000000002,0.3181818180802976,0.31818181813958063,
180.8,0.31818181808093665,0.31818181813742735,
181.0,0.31818181808214385,0.3181818181354101,
181.20000000000002,0.31818181808398466,0.318181818133504,
181.4,0.318181818086478,0.3181818181316998,
181.60000000000002,0.318181818089603,0.3181818181300012,
181.8,0.3181818180933059,0.31818181812842233,
182.0,0.3181818180975059,0.318181818126986,
182.20000000000002,0.3181818181021006,0.3181818181257213,
182.4,0.3181818181069716,0.3181818181246622,
182.60000000000002,0.3181818181119889,0.3181818181238453,
182.8,0.3181818181170154,0.3181818181233089,
183.0,0.3181818181219107,0.31818181812309126,
183.20000000000002,0.31818181812653495,0.3181818181232296,
183.4,0.31818181813075175,0.31818181812375873,
183.60000000000002,0.3181818181344312,0.31818181812471047,
183.8,0.3181818181374522,0.3181818181261125,
184.0,0.31818181813970486,0.3181818181279878,
184.20000000000002,0.3181818181410921,0.3181818181303541,
184.4,0.31818181814153124,0.31818181813322327,
184.60000000000002,0.3181818181409555,0.3181818181366012,
184.8,0.3181818181393145,0.3181818181404872,
185.0,0.3181818181365755,0.3181818181448741,
185.20000000000002,0.31818181813272334,0.31818181814974816,
185.4,0.31818181812776103,0.31818181815508895,
185.60000000000002,0.3181818181217096,0.3181818181608696,
185.8,0.3181818181146078,0.31818181816705676,
186.0,0.3181818181065116,0.3181818181736112,
186.20000000000002,0.3181818180974939,0.3181818181804878,
186.4,0.3181818180876434,0.3181818181876361,
186.60000000000002,0.3181818180770638,0.31818181819500063,
186.8,0.3181818180658726,0.3181818182025215,
187.0,0.31818181805419987,0.318181818210135,
187.20000000000002,0.318181818042187,0.318181818217774,
187.4,0.31818181802998513,0.3181818182253687,
187.60000000000002,0.31818181801775347,0.318181818232847,
187.8,0.3181818180056578,0.31818181824013586,
188.0,0.31818181799386874,0.3181818182471611,
188.20000000000002,0.31818181798255984,0.3181818182538488,
188.4,0.3181818179719058,0.3181818182601258,
188.60000000000002,0.3181818179620806,0.31818181826592035,
188.8,0.31818181795325573,0.318181818271163,
189.0,0.3181818179455979,0.3181818182757872,
189.20000000000002,0.31818181793926786,0.31818181827973,
189.4,0.3181818179344177,0.3181818182829332,
189.60000000000002,0.3181818179311897,0.3181818182853432,
189.8,0.3181818179297142,0.3181818182869126,
190.0,0.3181818179301078,0.31818181828760017,
190.20000000000002,0.3181818179324721,0.31818181828737174,
190.4,0.3181818179368916,0.3181818182862008,
190.60000000000002,0.31818181794343264,0.3181818182840689,
190.8,0.31818181795214195,0.3181818182809662,
191.0,0.3181818179630452,0.31818181827689196,
191.20000000000002,0.318181817976146,0.31818181827185466,
191.4,0.3181818179914252,0.31818181826587266,
191.60000000000002,0.3181818180088397,0.3181818182589741,
191.8,0.3181818180283221,0.31818181825119746,
192.0,0.3181818180497802,0.318181818242591,
192.20000000000002,0.3181818180730967,0.3181818182332135,
192.4,0.31818181809812923,0.31818181822313374,
192.60000000000002,0.31818181812471075,0.3181818182124303,
192.8,0.3181818181526497,0.3181818182011914,
193.0,0.3181818181817308,0.31818181818951463,
193.20000000000002,0.3181818182117163,0.3181818181775062,
193.4,0.31818181824234687,0.31818181816528035,
193.60000000000002,0.31818181827334335,0.318181818152959,
193.8,0.3181818183044085,0.31818181814067026,
194.0,0.31818181833522935,0.31818181812854807,
194.20000000000002,0.31818181836547943,0.31818181811673074,
194.4,0.3181818183948219,0.3181818181053596,
194.60000000000002,0.31818181842291265,0.3181818180945781,
194.8,0.3181818184494038,0.31818181808452956,
195.0,0.3181818184739477,0.31818181807535606,
195.20000000000002,0.31818181849620153,0.31818181806719625,
195.4,0.3181818185158316,0.3181818180601834,
195.60000000000002,0.3181818185325189,0.3181818180544434,
195.8,0.3181818185459648,0.31818181805009194,
196.0,0.3181818185558966,0.31818181804723233,
196.20000000000002,0.31818181856207484,0.31818181804595275,
196.4,0.3181818185642996,0.31818181804632306,
196.60000000000002,0.3181818185624184,0.31818181804839196,
196.8,0.31818181855633415,0.3181818180521835,
197.0,0.3181818185460136,0.3181818180576935,
197.20000000000002,0.3181818185314963,0.31818181806488627,
197.4,0.31818181851290445,0.31818181807368984,
197.60000000000002,0.3181818184904527,0.3181818180839926,
197.8,0.3181818184644592,0.31818181809563834,
198.0,0.31818181843535653,0.31818181810842194,
198.20000000000002,0.31818181840370385,0.3181818181220844,
198.4,0.3181818183701992,0.31818181813630775,
198.60000000000002,0.3181818183356927,0.31818181815070967,
198.8,0.3181818183012002,0.3181818181648378,
199.0,0.3181818182679177,0.3181818181781642,
199.20000000000002,0.31818181823723635,0.31818181819007896,
199.4,0.31818181821075814,0.3181818181998838,
199.60000000000002,0.3181818181903123,0.3181818182067856,
199.8,0.31818181817797236,0.31818181820988933,
200.0,0.31818181817497604,0.3181818182087625,
200.20000000000002,0.3181818181739939,0.31818181820728675,
200.4,0.3181818181731494,0.3181818182062307,
200.60000000000002,0.3181818181724132,0.31818181820541747,
200.8,0.3181818181717621,0.318181818204707,
201.0,0.31818181817117835,0.3181818182039923,
201.20000000000002,0.31818181817064883,0.3181818182031956,
201.4,0.3181818181701647,0.3181818182022648,
201.60000000000002,0.3181818181697207,0.3181818182011703,
201.8,0.31818181816931446,0.3181818181999016,
202.0,0.3181818181689463,0.3181818181984646,
202.20000000000002,0.31818181816861857,0.3181818181968787,
202.4,0.3181818181683353,0.31818181819517455,
202.60000000000002,0.31818181816810165,0.3181818181933914,
202.8,0.3181818181679238,0.31818181819157526,
203.0,0.31818181816780844,0.31818181818977664,
203.20000000000002,0.31818181816776253,0.31818181818804897,
203.4,0.31818181816779295,0.3181818181864467,
203.60000000000002,0.3181818181679064,0.31818181818502417,
203.8,0.31818181816810914,0.31818181818383395,
204.0,0.3181818181684067,0.318181818182926,
204.20000000000002,0.31818181816880375,0.3181818181823464,
204.4,0.3181818181693042,0.3181818181821364,
204.60000000000002,0.31818181816991065,0.31818181818233204,
204.8,0.3181818181706247,0.31818181818296304,
205.0,0.31818181817144664,0.3181818181840526,
205.20000000000002,0.3181818181723755,0.31818181818561714,
205.4,0.3181818181734091,0.3181818181876655,
205.60000000000002,0.3181818181745438,0.31818181819019936,
205.8,0.3181818181757747,0.31818181819321284,
206.0,0.3181818181770956,0.31818181819669245,
206.20000000000002,0.3181818181784991,0.3181818182006176,
206.4,0.31818181817997654,0.3181818182049603,
206.60000000000002,0.31818181818151814,0.31818181820968583,
206.8,0.3181818181831131,0.3181818182147529,
207.0,0.31818181818474955,0.31818181822011404,
207.20000000000002,0.318181818186415,0.3181818182257163,
207.4,0.31818181818809593,0.31818181823150143,
207.60000000000002,0.3181818181897783,0.3181818182374069,
207.8,0.31818181819144764,0.31818181824336605,
208.0,0.318181818193089,0.3181818182493092,
208.20000000000002,0.31818181819468716,0.318181818255164,
208.4,0.31818181819622693,0.31818181826085656,
208.60000000000002,0.3181818181976931,0.3181818182663118,
208.8,0.31818181819907054,0.3181818182714544,
209.0,0.31818181820034475,0.3181818182762097,
209.20000000000002,0.31818181820150143,0.31818181828050446,
209.4,0.31818181820252706,0.3181818182842673,
209.60000000000002,0.31818181820340885,0.3181818182874301,
209.8,0.31818181820413505,0.31818181828992825,
210.0,0.3181818182046948,0.3181818182917019,
210.20000000000002,0.3181818182050786,0.31818181829269615,
210.4,0.31818181820527824,0.31818181829286235,
210.60000000000002,0.3181818182052869,0.3181818182921584,
210.8,0.31818181820509933,0.31818181829054953,
211.0,0.31818181820471203,0.3181818182880089,
211.20000000000002,0.3181818182041233,0.3181818182845183,
211.4,0.3181818182033331,0.3181818182800685,
211.60000000000002,0.3181818182023434,0.3181818182746595,
211.8,0.3181818182011584,0.31818181826830166,
212.0,0.3181818181997839,0.3181818182610152,
212.20000000000002,0.3181818181982281,0.3181818182528308,
212.4,0.31818181819650104,0.3181818182437899,
212.60000000000002,0.31818181819461505,0.3181818182339444,
212.8,0.31818181819258434,0.31818181822335717,
213.0,0.3181818181904252,0.3181818182121014,
213.20000000000002,0.3181818181881558,0.3181818182002608,
213.4,0.3181818181857962,0.31818181818792896,
213.60000000000002,0.31818181818336844,0.3181818181752093,
213.8,0.3181818181808959,0.31818181816221397,
214.0,0.3181818181784036,0.3181818181490639,
214.20000000000002,0.3181818181759178,0.31818181813588714,
214.4,0.3181818181734659,0.3181818181228188,
214.60000000000002,0.3181818181710763,0.31818181810999924,
214.8,0.3181818181687779,0.31818181809757323,
215.0,0.3181818181665999,0.3181818180856885,
215.20000000000002,0.3181818181645717,0.3181818180744942,
215.4,0.3181818181627221,0.31818181806413903,
215.60000000000002,0.3181818181610796,0.3181818180547697,
215.8,0.31818181815967117,0.3181818180465286,
216.0,0.3181818181585224,0.3181818180395517,
216.20000000000002,0.318181818157657,0.31818181803396617,
216.4,0.3181818181570958,0.3181818180298876,
216.60000000000002,0.31818181815685664,0.31818181802741746,
216.8,0.3181818181569538,0.31818181802664003,
217.0,0.31818181815739693,0.31818181802761897,
217.20000000000002,0.31818181815819085,0.3181818180303943,
217.4,0.3181818181593346,0.3181818180349784,
217.60000000000002,0.31818181816082075,0.3181818180413525,
217.8,0.3181818181626344,0.3181818180494621,
218.0,0.31818181816475277,0.31818181805921336,
218.20000000000002,0.3181818181671438,0.3181818180704678,
218.4,0.3181818181697656,0.3181818180830381,
218.60000000000002,0.3181818181725653,0.31818181809668256,
218.8,0.318181818175478,0.3181818181111002,
219.0,0.3181818181784257,0.318181818125925,
219.20000000000002,0.3181818181813163,0.31818181814072005,
219.4,0.3181818181840421,0.3181818181549714,
219.60000000000002,0.31818181818647906,0.3181818181680817,
219.8,0.3181818181884849,0.31818181817936386,
220.0,0.31818181818989827,0.3181818181880334,
220.20000000000002,0.3181818181905371,0.3181818181932019,
220.4,0.31818181819069996,0.3181818181943131,
220.60000000000002,0.3181818181966971,0.31818181819666586,
220.8,0.31818181820874,0.31818181820144764,
221.0,0.31818181822483826,0.31818181820790997,
221.20000000000002,0.318181818243298,0.31818181821541114,
221.4,0.3181818182626979,0.3181818182234079,
221.60000000000002,0.3181818182818675,0.318181818231448,
221.8,0.3181818182998655,0.31818181823916214,
222.0,0.31818181831595954,0.3181818182462573,
222.20000000000002,0.3181818183296065,0.31818181825250935,
222.4,0.31818181834043413,0.31818181825775693,
222.60000000000002,0.31818181834822307,0.3181818182618948,
222.8,0.3181818183528904,0.3181818182648681,
223.0,0.3181818183544732,0.31818181826666664,
223.20000000000002,0.3181818183531137,0.3181818182673195,
223.4,0.31818181834904485,0.3181818182668899,
223.60000000000002,0.3181818183425768,0.3181818182654705,
223.8,0.31818181833408404,0.31818181826317865,
224.0,0.31818181832399345,0.3181818182601523,
224.20000000000002,0.31818181831277303,0.318181818256546,
224.4,0.31818181830092157,0.3181818182525269,
224.60000000000002,0.3181818182889585,0.3181818182482714,
224.8,0.31818181827741493,0.318181818243962,
225.0,0.3181818182668253,0.318181818239784,
225.20000000000002,0.3181818182577194,0.31818181823592273,
225.4,0.3181818182506154,0.31818181823256114,
225.60000000000002,0.31818181824601327,0.3181818182298773,
225.8,0.31818181824438874,0.3181818182280423,
226.0,0.3181818182461881,0.31818181822721814,
226.20000000000002,0.31818181825182357,0.3181818182275563,
226.4,0.31818181826166875,0.31818181822919583,
226.60000000000002,0.3181818182760554,0.31818181823226216,
226.8,0.31818181829526987,0.31818181823686603,
227.0,0.3181818183195508,0.31818181824310215,
227.20000000000002,0.3181818183490867,0.3181818182510487,
227.4,0.31818181838401455,0.31818181826076636,
227.60000000000002,0.3181818184244183,0.31818181827229813,
227.8,0.31818181847032817,0.31818181828566866,
228.0,0.3181818185217204,0.3181818183008841,
228.20000000000002,0.3181818185785169,0.31818181831793213,
228.4,0.31818181864058614,0.31818181833678194,
228.60000000000002,0.3181818187077434,0.31818181835738446,
228.8,0.3181818187797523,0.3181818183796726,
229.0,0.318181818856326,0.3181818184035615,
229.20000000000002,0.31818181893712894,0.31818181842894966,
229.4,0.31818181902177883,0.31818181845571886,
229.60000000000002,0.3181818191098493,0.31818181848373533,
229.8,0.318181819200872,0.3181818185128505,
230.0,0.3181818192943398,0.3181818185429017,
230.20000000000002,0.3181818193897096,0.31818181857371347,
230.4,0.31818181948640556,0.3181818186050985,
230.60000000000002,0.3181818195838228,0.3181818186368587,
230.8,0.31818181968133064,0.3181818186687864,
231.0,0.3181818197782767,0.31818181870066586,
231.20000000000002,0.3181818198739906,0.31818181873227414,
231.4,0.3181818199677879,0.31818181876338275,
231.60000000000002,0.31818182005897444,0.31818181879375906,
231.8,0.3181818201468506,0.31818181882316765,
232.0,0.31818182023071523,0.31818181885137153,
232.20000000000002,0.31818182030987013,0.3181818188781342,
232.4,0.3181818203836247,0.3181818189032203,
232.60000000000002,0.31818182045129983,0.318181818926398,
232.8,0.3181818205122327,0.3181818189474398,
233.0,0.3181818205657807,0.31818181896612435,
233.20000000000002,0.3181818206113262,0.3181818189822379,
233.4,0.31818182064828066,0.31818181899557574,
233.60000000000002,0.31818182067608847,0.31818181900594356,
233.8,0.31818182069423157,0.31818181901315895,
234.0,0.3181818207022333,0.318181819017053,
234.20000000000002,0.31818182069966194,0.31818181901747117,
234.4,0.31818182068613493,0.31818181901427495,
234.60000000000002,0.31818182066132217,0.3181818190073431,
234.8,0.3181818206249495,0.31818181899657266,
235.0,0.3181818205768017,0.31818181898188025,
235.20000000000002,0.318181820516726,0.3181818189632031,
235.4,0.31818182044463417,0.3181818189404998,
235.60000000000002,0.31818182036050563,0.31818181891375164,
235.8,0.31818182026438935,0.31818181888296315,
236.0,0.3181818201564061,0.31818181884816277,
236.20000000000002,0.31818182003674983,0.3181818188094037,
236.4,0.31818181990568933,0.31818181876676427,
236.60000000000002,0.3181818197635691,0.31818181872034834,
236.8,0.31818181961081,0.31818181867028567,
237.0,0.3181818194479098,0.3181818186167321,
237.20000000000002,0.3181818192754429,0.31818181855986954,
237.4,0.31818181909406,0.31818181849990584,
237.60000000000002,0.3181818189044871,0.3181818184370746,
237.8,0.3181818187075242,0.31818181837163495,
238.0,0.3181818185040438,0.31818181830387077,
238.20000000000002,0.31818181829498815,0.31818181823409,
238.4,0.318181818081367,0.31818181816262403,
238.60000000000002,0.318181817864254,0.31818181808982643,
238.8,0.3181818176447832,0.318181818016072,
239.0,0.3181818174241448,0.318181817941755,
239.20000000000002,0.31818181720357985,0.318181817867288,
239.4,0.3181818169843753,0.31818181779309973,
239.60000000000002,0.31818181676785784,0.3181818177196335,
239.8,0.318181816555387,0.3181818176473447,
240.0,0.31818181634834836,0.3181818175766985,
240.20000000000002,0.31818181614814517,0.3181818175081673,
240.4,0.31818181595619,0.318181817442228,
240.60000000000002,0.3181818157738957,0.31818181737935863,
240.8,0.31818181560266495,0.31818181732003525,
241.0,0.3181818154438801,0.3181818172647285,
241.20000000000002,0.31818181529889145,0.31818181721389965,
241.4,0.3181818151690052,0.3181818171679966,
241.60000000000002,0.31818181505547066,0.31818181712744953,
241.8,0.31818181495946635,0.31818181709266646,
242.0,0.31818181488208563,0.3181818170640283,
242.20000000000002,0.31818181482432145,0.31818181704188375,
242.4,0.31818181478705,0.318181817026544,
242.60000000000002,0.3181818147710139,0.31818181701827675,
242.8,0.31818181477680424,0.31818181701730053,
243.0,0.31818181480484187,0.3181818170237783,
243.20000000000002,0.3181818148553576,0.31818181703781073,
243.4,0.3181818149283718,0.3181818170594295,
243.60000000000002,0.31818181502367265,0.31818181708858984,
243.8,0.31818181514079397,0.31818181712516314,
244.0,0.31818181527899136,0.3181818171689289,
244.20000000000002,0.3181818154372181,0.3181818172195668,
244.4,0.3181818156140994,0.3181818172766476,
244.60000000000002,0.31818181580790617,0.3181818173396248,
244.8,0.3181818160165273,0.3181818174078249,
245.0,0.318181816237441,0.318181817480438,
245.20000000000002,0.31818181646768545,0.3181818175565077,
245.4,0.31818181670382767,0.31818181763492076,
245.60000000000002,0.3181818169419317,0.31818181771439624,
245.8,0.3181818171775258,0.3181818177934745,
246.0,0.31818181740556806,0.31818181787050553,
246.20000000000002,0.31818181762041103,0.318181817943637,
246.4,0.3181818178157655,0.3181818180108019,
246.60000000000002,0.31818181798466233,0.31818181806970613,
246.8,0.318181818119414,0.3181818181178147,
247.0,0.3181818182115739,0.31818181815233865,
247.20000000000002,0.31818181825189545,0.3181818181702208,
247.4,0.31818181825315445,0.31818181817439956,
247.60000000000002,0.3181818182540249,0.31818181817582303,
247.8,0.31818181825523983,0.31818181817563645,
248.0,0.318181818256579,0.31818181817455793,
248.20000000000002,0.31818181825786485,0.31818181817315966,
248.4,0.31818181825895847,0.31818181817188307,
248.60000000000002,0.3181818182597553,0.31818181817105307,
248.8,0.31818181826018144,0.3181818181708915,
249.0,0.31818181826019026,0.31818181817152985,
249.20000000000002,0.3181818182597587,0.3181818181730212,
249.4,0.31818181825888464,0.31818181817535157,
249.60000000000002,0.31818181825758335,0.3181818181784499,
249.8,0.318181818255885,0.3181818181821986,
250.0,0.3181818182538321,0.31818181818644187,
250.20000000000002,0.3181818182514771,0.3181818181909946,
250.4,0.31818181824888003,0.31818181819565,
250.60000000000002,0.3181818182461065,0.3181818182001868,
250.8,0.3181818182432258,0.3181818182043757,
251.0,0.3181818182403092,0.31818181820798536,
251.20000000000002,0.3181818182374284,0.3181818182107879,
251.4,0.31818181823465397,0.3181818182125635,
251.60000000000002,0.31818181823205416,0.31818181821310487,
251.8,0.31818181822969377,0.318181818212221,
252.0,0.3181818182276331,0.31818181820974034,
252.20000000000002,0.318181818225927,0.3181818182055137,
252.4,0.3181818182246245,0.31818181819941666,
252.60000000000002,0.31818181822376757,0.31818181819135116,
252.8,0.3181818182233912,0.3181818181812474,
253.0,0.31818181822352265,0.31818181816906466,
253.20000000000002,0.3181818182241812,0.318181818154792,
253.4,0.31818181822537805,0.3181818181384487,
253.60000000000002,0.3181818182271162,0.3181818181200842,
253.8,0.3181818182293906,0.31818181809977764,
254.0,0.3181818182321878,0.3181818180776374,
254.20000000000002,0.31818181823548647,0.31818181805379997,
254.4,0.3181818182392578,0.3181818180284289,
254.60000000000002,0.3181818182434652,0.31818181800171313,
254.8,0.31818181824806535,0.3181818179738656,
255.0,0.31818181825300834,0.3181818179451208,
255.20000000000002,0.31818181825823805,0.3181818179157333,
255.4,0.31818181826369296,0.31818181788597505,
255.60000000000002,0.3181818182693066,0.31818181785613286,
255.8,0.31818181827500824,0.3181818178265062,
256.0,0.3181818182807235,0.31818181779740395,
256.2,0.3181818182863753,0.3181818177691422,
256.40000000000003,0.31818181829188424,0.3181818177420407,
256.6,0.3181818182971697,0.3181818177164204,
256.8,0.31818181830215025,0.3181818176926002,
257.0,0.3181818183067449,0.31818181767089376,
257.2,0.3181818183108736,0.31818181765160697,
257.40000000000003,0.3181818183144581,0.3181818176350343,
257.6,0.3181818183174227,0.3181818176214561,
257.8,0.3181818183196951,0.3181818176111355,
258.0,0.31818181832120734,0.3181818176043158,
258.2,0.3181818183218963,0.3181818176012172,
258.40000000000003,0.31818181832170456,0.3181818176020344,
258.6,0.3181818183205811,0.3181818176069339,
258.8,0.318181818318482,0.3181818176160516,
259.0,0.31818181831537123,0.3181818176294903,
259.2,0.31818181831122094,0.318181817647318,
259.40000000000003,0.31818181830601217,0.3181818176695655,
259.6,0.3181818182997355,0.31818181769622506,
259.8,0.31818181829239134,0.31818181772724863,
260.0,0.3181818182839904,0.31818181776254695,
260.2,0.31818181827455383,0.31818181780198834,
260.40000000000003,0.31818181826411374,0.31818181784539823,
260.6,0.31818181825271324,0.31818181789255856,
260.8,0.31818181824040653,0.31818181794320805,
261.0,0.31818181822725894,0.3181818179970424,
261.2,0.31818181821334673,0.3181818180537151,
261.40000000000003,0.31818181819875707,0.318181818112838,
261.6,0.3181818181835878,0.3181818181739836,
261.8,0.31818181816794683,0.3181818182366864,
262.0,0.3181818181519517,0.3181818183004453,
262.2,0.31818181813572916,0.3181818183647265,
262.40000000000003,0.3181818181194142,0.3181818184289668,
262.6,0.3181818181031493,0.3181818184925774,
262.8,0.31818181808708357,0.31818181855494787,
263.0,0.3181818180713712,0.3181818186154516,
263.2,0.3181818180561707,0.3181818186734504,
263.40000000000003,0.31818181804164314,0.3181818187283012,
263.6,0.31818181802795076,0.318181818779362,
263.8,0.31818181801525525,0.31818181882599944,
264.0,0.3181818180037157,0.3181818188675963,
264.2,0.3181818179934867,0.31818181890355995,
264.40000000000003,0.31818181798471623,0.3181818189333317,
264.6,0.31818181797754297,0.3181818189563962,
264.8,0.318181817972094,0.31818181897229225,
265.0,0.3181818179684819,0.3181818189806237,
265.2,0.3181818179668019,0.3181818189810717,
265.40000000000003,0.31818181796712863,0.31818181897340697,
265.6,0.3181818179695129,0.3181818189575038,
265.8,0.31818181797397804,0.3181818189333539,
266.0,0.31818181798051626,0.31818181890108166,
266.2,0.31818181798908457,0.31818181886096003,
266.40000000000003,0.31818181799960066,0.3181818188134274,
266.6,0.3181818180119385,0.31818181875910495,
266.8,0.3181818180259237,0.31818181869881557,
267.0,0.31818181804132845,0.318181818633603,
267.2,0.31818181805786666,0.31818181856475236,
267.40000000000003,0.3181818180751885,0.3181818184938115,
267.6,0.3181818180928748,0.31818181842261295,
267.8,0.3181818181104311,0.31818181835329773,
268.0,0.3181818181272816,0.31818181828833914,
268.2,0.31818181814276275,0.31818181823056824,
268.40000000000003,0.3181818181561166,0.31818181818320024,
268.6,0.318181818166484,0.31818181814986174,
268.8,0.3181818181728971,0.31818181813461943,
269.0,0.3181818181752501,0.3181818181354207,
269.2,0.31818181817607116,0.31818181813572977,
269.40000000000003,0.3181818181759961,0.31818181813496377,
269.6,0.3181818181754144,0.3181818181336266,
269.8,0.31818181817463764,0.31818181813212254,
270.0,0.3181818181739073,0.3181818181307661,
270.2,0.3181818181734027,0.3181818181297922,
270.40000000000003,0.3181818181732477,0.31818181812936425,
270.6,0.31818181817351787,0.3181818181295837,
270.8,0.31818181817424657,0.3181818181304974,
271.0,0.31818181817543084,0.3181818181321054,
271.2,0.3181818181770373,0.31818181813436797,
271.40000000000003,0.31818181817900676,0.3181818181372121,
271.6,0.3181818181812598,0.3181818181405378,
271.8,0.3181818181837006,0.31818181814422375,
272.0,0.3181818181862215,0.31818181814813246,
272.2,0.3181818181887065,0.31818181815211527,
272.40000000000003,0.3181818181910351,0.3181818181560167,
272.6,0.31818181819308505,0.31818181815967855,
272.8,0.3181818181947357,0.3181818181629437,
273.0,0.31818181819587,0.3181818181656591,
273.2,0.3181818181963774,0.318181818167679,
273.40000000000003,0.31818181819615565,0.31818181816886754,
273.6,0.3181818181951122,0.3181818181691009,
273.8,0.3181818181931664,0.31818181816826935,
274.0,0.31818181819025004,0.31818181816627894,
274.2,0.31818181818630914,0.31818181816305274,
274.40000000000003,0.31818181818130403,0.31818181815853214,
274.6,0.3181818181752105,0.3181818181526773,
274.8,0.3181818181680199,0.31818181814546825,
275.0,0.31818181815973934,0.3181818181369045,
275.2,0.318181818150392,0.3181818181270058,
275.40000000000003,0.3181818181400166,0.3181818181158116,
275.6,0.31818181812866736,0.31818181810338075,
275.8,0.31818181811641333,0.3181818180897911,
276.0,0.3181818181033379,0.3181818180751386,
276.2,0.318181818089538,0.31818181805953655,
276.40000000000003,0.3181818180751232,0.31818181804311435,
276.6,0.31818181806021484,0.31818181802601664,
276.8,0.3181818180449447,0.3181818180084015,
277.0,0.3181818180294541,0.3181818179904395,
277.2,0.3181818180138924,0.31818181797231154,
277.40000000000003,0.31818181799841555,0.31818181795420786,
277.6,0.3181818179831851,0.3181818179363257,
277.8,0.3181818179683664,0.3181818179188679,
278.0,0.31818181795412703,0.31818181790204064,
278.2,0.3181818179406355,0.3181818178860519,
278.40000000000003,0.31818181792805933,0.31818181787110916,
278.6,0.3181818179165639,0.31818181785741767,
278.8,0.3181818179063104,0.3181818178451783,
279.0,0.3181818178974545,0.31818181783458555,
279.2,0.31818181789014466,0.31818181782582555,
279.40000000000003,0.31818181788452055,0.3181818178190743,
279.6,0.31818181788071165,0.3181818178144954,
279.8,0.31818181787883565,0.3181818178122385,
280.0,0.31818181787899685,0.31818181781243726,
280.2,0.31818181788128524,0.3181818178152078,
280.40000000000003,0.31818181788577465,0.318181817820647,
280.6,0.3181818178925221,0.31818181782883076,
280.8,0.31818181790156597,0.3181818178398129,
281.0,0.3181818179129258,0.31818181785362365,
281.2,0.31818181792660066,0.31818181787026834,
281.40000000000003,0.3181818179425688,0.3181818178897268,
281.6,0.3181818179607867,0.31818181791195205,
281.8,0.31818181798118883,0.31818181793686984,
282.0,0.31818181800368706,0.31818181796437817,
282.2,0.3181818180281705,0.31818181799434675,
282.40000000000003,0.3181818180545056,0.31818181802661727,
282.6,0.31818181808253615,0.31818181806100315,
282.8,0.31818181811208346,0.3181818180972902,
283.0,0.3181818181429473,0.318181818135237,
283.2,0.31818181817490643,0.31818181817457586,
283.40000000000003,0.3181818182077194,0.3181818182150141,
283.6,0.318181818241126,0.31818181825623526,
283.8,0.31818181827484865,0.31818181829790076,
284.0,0.31818181830859393,0.31818181833965226,
284.2,0.31818181834205467,0.31818181838111376,
284.40000000000003,0.31818181837491216,0.31818181842189425,
284.6,0.31818181840683846,0.3181818184615909,
284.8,0.31818181843749943,0.3181818184997923,
285.0,0.31818181846655774,0.31818181853608235,
285.2,0.31818181849367616,0.3181818185700443,
285.40000000000003,0.3181818185185212,0.3181818186012652,
285.6,0.31818181854076744,0.3181818186293411,
285.8,0.3181818185601017,0.3181818186538822,
286.0,0.31818181857622774,0.3181818186745186,
286.2,0.3181818185888714,0.3181818186909068,
286.40000000000003,0.318181818597786,0.318181818702736,
286.6,0.3181818186027583,0.3181818187097356,
286.8,0.31818181860361455,0.31818181871168266,
287.0,0.31818181860022715,0.31818181870841017,
287.2,0.31818181859252176,0.31818181869981543,
287.40000000000003,0.3181818185804845,0.3181818186858694,
287.6,0.31818181856417005,0.31818181866662654,
287.8,0.3181818185437099,0.3181818186422346,
288.0,0.31818181851932104,0.31818181861294575,
288.2,0.3181818184913151,0.3181818185791278,
288.40000000000003,0.3181818184601081,0.3181818185412762,
288.6,0.3181818184262307,0.31818181850002636,
288.8,0.3181818183903386,0.31818181845616705,
289.0,0.31818181835322373,0.318181818410654,
289.2,0.3181818183158261,0.3181818183646241,
289.40000000000003,0.3181818182792455,0.31818181831941084,
289.6,0.3181818182447547,0.31818181827655934,
289.8,0.31818181821381236,0.3181818182378433,
290.0,0.3181818181880766,0.31818181820528163,
290.2,0.3181818181694198,0.31818181818115626,
290.40000000000003,0.318181818159943,0.3181818181680305,
290.6,0.3181818181577676,0.3181818181671759,
290.8,0.318181818146347,0.31818181817231583,
291.0,0.318181818126571,0.31818181818103847,
291.2,0.31818181810133633,0.3181818181919436,
291.40000000000003,0.3181818180730972,0.31818181820385977,
291.6,0.3181818180439007,0.3181818182158251,
291.8,0.3181818180154212,0.31818181822706915,
292.0,0.3181818179889924,0.3181818182369955,
292.2,0.318181817965639,0.31818181824516517,
292.40000000000003,0.31818181794610595,0.3181818182512808,
292.6,0.31818181793088696,0.31818181825517167,
292.8,0.3181818179202514,0.3181818182567793,
293.0,0.3181818179142697,0.3181818182561442,
293.2,0.31818181791283767,0.3181818182533926,
293.40000000000003,0.3181818179156994,0.3181818182487246,
293.6,0.31818181792246875,0.3181818182424028,
293.8,0.3181818179326502,0.31818181823474134,
294.0,0.31818181794565753,0.3181818182260959,
294.2,0.31818181796083206,0.31818181821685443,
294.40000000000003,0.31818181797745954,0.3181818182074279,
294.6,0.3181818179947858,0.31818181819824254,
294.8,0.31818181801203144,0.3181818181897319,
295.0,0.3181818180284053,0.31818181818233005,
295.2,0.31818181804311685,0.31818181817646496,
295.40000000000003,0.318181818055388,0.3181818181725527,
295.6,0.3181818180644633,0.31818181817099206,
295.8,0.3181818180696194,0.3181818181721596,
296.0,0.31818181807017415,0.3181818181764054,
296.2,0.31818181806549345,0.31818181818404917,
296.40000000000003,0.3181818180549989,0.31818181819537694,
296.6,0.3181818180381731,0.31818181821063807,
296.8,0.3181818180145652,0.31818181823004266,
297.0,0.3181818179837949,0.3181818182537599,
297.2,0.31818181794555633,0.318181818281916,
297.40000000000003,0.3181818178996205,0.31818181831459313,
297.6,0.3181818178458378,0.31818181835182874,
297.8,0.3181818177841391,0.31818181839361476,
298.0,0.3181818177145366,0.3181818184398978,
298.2,0.31818181763712394,0.318181818490579,
298.40000000000003,0.31818181755207586,0.318181818545515,
298.6,0.31818181745964697,0.31818181860451844,
298.8,0.31818181736017037,0.3181818186673591,
299.0,0.31818181725405514,0.31818181873376555,
299.2,0.31818181714178423,0.31818181880342655,
299.40000000000003,0.31818181702391096,0.31818181887599317,
299.6,0.31818181690105585,0.31818181895108083,
299.8,0.3181818167739024,0.3181818190282716,
300.0,0.31818181664319306,0.31818181910711685,
300.2,0.31818181650972444,0.31818181918713995,
300.40000000000003,0.31818181637434234,0.3181818192678393,
300.6,0.3181818162379365,0.31818181934869105,
300.8,0.31818181610143503,0.31818181942915275,
301.0,0.3181818159657988,0.3181818195086663,
301.2,0.31818181583201516,0.31818181958666153,
301.40000000000003,0.31818181570109194,0.3181818196625598,
301.6,0.3181818155740512,0.3181818197357774,
301.8,0.31818181545192237,0.31818181980572935,
302.0,0.3181818153357363,0.318181819871833,
302.2,0.31818181522651806,0.31818181993351197,
302.40000000000003,0.31818181512528043,0.3181818199901995,
302.6,0.31818181503301723,0.31818182004134266,
302.8,0.31818181495069675,0.31818182008640566,
303.0,0.31818181487925473,0.31818182012487395,
303.2,0.31818181481958807,0.3181818201562575,
303.40000000000003,0.31818181477254814,0.3181818201800946,
303.6,0.3181818147389345,0.3181818201959553,
303.8,0.3181818147194886,0.318181820203445,
304.0,0.31818181471488766,0.31818182020220726,
304.2,0.31818181472573903,0.31818182019192776,
304.40000000000003,0.3181818147525742,0.31818182017233665,
304.6,0.3181818147958437,0.3181818201432118,
304.8,0.3181818148559119,0.3181818201043814,
305.0,0.31818181493305225,0.3181818200557266,
305.2,0.31818181502744297,0.31818181999718387,
305.40000000000003,0.31818181513916266,0.3181818199287468,
305.6,0.31818181526818706,0.3181818198504685,
305.8,0.31818181541438534,0.31818181976246285,
306.0,0.31818181557751773,0.318181819664906,
306.2,0.3181818157572331,0.31818181955803765,
306.40000000000003,0.3181818159530668,0.3181818194421615,
306.6,0.3181818161644401,0.3181818193176461,
306.8,0.31818181639065873,0.318181819184925,
307.0,0.3181818166309134,0.3181818190444962,
307.20000000000005,0.31818181688427977,0.3181818188969223,
307.40000000000003,0.3181818171497201,0.3181818187428291,
307.6,0.3181818174260848,0.3181818185829044,
307.8,0.31818181771211496,0.31818181841789667,
308.0,0.31818181800644574,0.3181818182486125,
308.20000000000005,0.3181818183076104,0.3181818180759147,
308.40000000000003,0.31818181861404493,0.31818181790071864,
308.6,0.3181818189240938,0.3181818177239893,
308.8,0.3181818192360167,0.31818181754673736,
309.0,0.3181818195479951,0.31818181737001466,
309.20000000000005,0.3181818198581416,0.31818181719490934,
309.40000000000003,0.31818182016450797,0.3181818170225405,
309.6,0.318181820465096,0.31818181685405217,
309.8,0.31818182075786844,0.31818181669060697,
310.0,0.3181818210407608,0.31818181653337874,
310.20000000000005,0.318181821311695,0.31818181638354526,
310.40000000000003,0.318181821568593,0.31818181624227954,
310.6,0.3181818218093926,0.3181818161107414,
310.8,0.3181818220320635,0.31818181599006773,
311.0,0.3181818222346252,0.31818181588136235,
311.20000000000005,0.31818182241516535,0.3181818157856853,
311.40000000000003,0.3181818225718599,0.3181818157040411,
311.6,0.3181818227029942,0.31818181563736697,
311.8,0.3181818228069857,0.3181818155865197,
312.0,0.31818182288240715,0.31818181555226205,
312.20000000000005,0.31818182292801206,0.3181818155352485,
312.40000000000003,0.31818182294276093,0.31818181553600994,
312.6,0.3181818229258489,0.3181818155549382,
312.8,0.3181818228767351,0.31818181559226894,
313.0,0.31818182279517293,0.31818181564806464,
313.20000000000005,0.3181818226812423,0.318181815722196,
313.40000000000003,0.318181822535383,0.31818181581432303,
313.6,0.3181818223584299,0.31818181592387496,
313.8,0.3181818221516492,0.3181818160500297,
314.0,0.31818182191677663,0.31818181619169195,
314.20000000000005,0.3181818216560573,0.31818181634747067,
314.40000000000003,0.3181818213722869,0.31818181651565564,
314.6,0.31818182106885456,0.31818181669419315,
314.8,0.3181818207497878,0.31818181688066044,
315.0,0.31818182041979837,0.31818181707223975,
315.20000000000005,0.31818182008433077,0.31818181726569067,
315.40000000000003,0.318181819749612,0.3181818174573223,
315.6,0.318181819422703,0.3181818176429638,
315.8,0.3181818191115522,0.31818181781793414,
316.0,0.3181818188250506,0.31818181797701084,
316.20000000000005,0.3181818185730893,0.3181818181143978,
316.40000000000003,0.3181818183666182,0.3181818182236916,
316.6,0.31818181821770714,0.3181818182978475,
316.8,0.3181818181396086,0.31818181832914333,
317.0,0.3181818181274987,0.31818181832115683,
317.20000000000005,0.3181818181213892,0.318181818311264,
317.40000000000003,0.31818181811566904,0.3181818183024678,
317.6,0.3181818181103948,0.31818181829432673,
317.8,0.31818181810560847,0.31818181828650255,
318.0,0.3181818181013392,0.31818181827874803,
318.20000000000005,0.3181818180976047,0.31818181827089553,
318.40000000000003,0.31818181809441237,0.31818181826284647,
318.6,0.3181818180917608,0.3181818182545612,
318.8,0.318181818089641,0.3181818182460499,
319.0,0.3181818180880371,0.3181818182373636,
319.20000000000005,0.3181818180869278,0.3181818182285866,
319.40000000000003,0.31818181808628715,0.318181818219829,
319.6,0.3181818180860855,0.31818181821121977,
319.8,0.31818181808629015,0.3181818182029008,
320.0,0.3181818180868664,0.3181818181950212,
320.20000000000005,0.31818181808777807,0.31818181818773245,
320.40000000000003,0.31818181808898816,0.31818181818118335,
320.6,0.3181818180904594,0.3181818181755169,
320.8,0.3181818180921549,0.3181818181708659,
321.0,0.3181818180940385,0.3181818181673504,
321.20000000000005,0.3181818180960752,0.3181818181650753,
321.40000000000003,0.31818181809823154,0.31818181816412755,
321.6,0.318181818100476,0.3181818181645749,
321.8,0.31818181810277907,0.3181818181664646,
322.0,0.31818181810511376,0.31818181816982216,
322.20000000000005,0.3181818181074555,0.3181818181746508,
322.40000000000003,0.3181818181097824,0.3181818181809314,
322.6,0.3181818181120754,0.31818181818862223,
322.8,0.3181818181143184,0.31818181819765967,
323.0,0.3181818181164979,0.3181818182079585,
323.20000000000005,0.3181818181186036,0.3181818182194129,
323.40000000000003,0.3181818181206278,0.3181818182318976,
323.6,0.31818181812256574,0.3181818182452694,
323.8,0.3181818181244153,0.31818181825936837,
324.0,0.31818181812617696,0.3181818182740198,
324.20000000000005,0.31818181812785357,0.31818181828903624,
324.40000000000003,0.31818181812945034,0.31818181830421916,
324.6,0.31818181813097457,0.3181818183193616,
324.8,0.3181818181324355,0.31818181833424997,
325.0,0.318181818133844,0.3181818183486669,
325.20000000000005,0.31818181813521246,0.31818181836239323,
325.40000000000003,0.31818181813655444,0.3181818183752108,
325.6,0.31818181813788465,0.3181818183869049,
325.8,0.3181818181392184,0.3181818183972668,
326.0,0.31818181814057156,0.31818181840609605,
326.20000000000005,0.31818181814196017,0.3181818184132034,
326.40000000000003,0.3181818181434002,0.3181818184184129,
326.6,0.3181818181449074,0.3181818184215644,
326.8,0.31818181814649704,0.3181818184225158,
327.0,0.31818181814818325,0.31818181842114535,
327.20000000000005,0.3181818181499794,0.31818181841735355,
327.40000000000003,0.31818181815189744,0.31818181841106524,
327.6,0.3181818181539478,0.31818181840223125,
327.8,0.31818181815613905,0.31818181839082993,
328.0,0.31818181815847796,0.31818181837686876,
328.20000000000005,0.31818181816096897,0.3181818183603852,
328.40000000000003,0.3181818181636143,0.31818181834144793,
328.6,0.3181818181664137,0.3181818183201572,
328.8,0.3181818181693643,0.3181818182966454,
329.0,0.31818181817246044,0.318181818271077,
329.20000000000005,0.3181818181756938,0.3181818182436487,
329.40000000000003,0.31818181817905317,0.3181818182145883,
329.6,0.3181818181825244,0.3181818181841542,
329.8,0.31818181818609065,0.3181818181526339,
330.0,0.3181818181897321,0.31818181812034246,
330.20000000000005,0.3181818181934264,0.3181818180876202,
330.40000000000003,0.31818181819714847,0.3181818180548305,
330.6,0.3181818182008707,0.3181818180223563,
330.8,0.3181818182045635,0.3181818179905973,
331.0,0.31818181820819497,0.31818181795996536,
331.20000000000005,0.31818181821173175,0.31818181793088063,
331.40000000000003,0.318181818215139,0.3181818179037661,
331.6,0.3181818182183809,0.3181818178790424,
331.8,0.31818181822142094,0.3181818178571215,
332.0,0.3181818182242228,0.3181818178384003,
332.20000000000005,0.3181818182267505,0.31818181782325305,
332.40000000000003,0.31818181822896924,0.3181818178120236,
332.6,0.3181818182308458,0.3181818178050167,
332.8,0.31818181823234953,0.31818181780248916,
333.0,0.3181818182334532,0.31818181780463956,
333.20000000000005,0.3181818182341335,0.3181818178115978,
333.40000000000003,0.3181818182343722,0.318181817823414,
333.6,0.31818181823415714,0.3181818178400459,
333.8,0.31818181823348324,0.3181818178613468,
334.0,0.3181818182323537,0.3181818178870513,
334.20000000000005,0.31818181823078107,0.31818181791676137,
334.40000000000003,0.31818181822878866,0.3181818179499308,
334.6,0.31818181822641184,0.3181818179858495,
334.8,0.3181818182236996,0.31818181802362633,
335.0,0.31818181822071595,0.3181818180621716,
335.20000000000005,0.3181818182175415,0.31818181810017815,
335.40000000000003,0.3181818182142754,0.318181818136102,
335.6,0.31818181821103675,0.3181818181681417,
335.8,0.3181818182079669,0.3181818181942168,
336.0,0.3181818182052313,0.3181818182119459,
336.20000000000005,0.3181818182030211,0.3181818182186227,
336.40000000000003,0.318181818201314,0.31818181821783936,
336.6,0.3181818181998239,0.3181818182172121,
336.8,0.31818181819847857,0.3181818182166819,
337.0,0.31818181819722224,0.31818181821616826,
337.20000000000005,0.3181818181960127,0.3181818182156102,
337.40000000000003,0.31818181819481967,0.3181818182149644,
337.6,0.31818181819362296,0.3181818182142026,
337.8,0.31818181819241154,0.3181818182133099,
338.0,0.31818181819118174,0.31818181821228264,
338.20000000000005,0.3181818181899365,0.31818181821112657,
338.40000000000003,0.3181818181886838,0.3181818182098555,
338.6,0.3181818181874358,0.31818181820848934,
338.8,0.31818181818620783,0.31818181820705305,
339.0,0.3181818181850177,0.3181818182055751,
339.20000000000005,0.3181818181838844,0.3181818182040865,
339.40000000000003,0.318181818182828,0.3181818182026193,
339.6,0.3181818181818683,0.3181818182012064,
339.8,0.3181818181810249,0.31818181819987973,
340.0,0.3181818181803164,0.3181818181986703,
340.20000000000005,0.31818181817975955,0.31818181819760705,
340.40000000000003,0.3181818181793697,0.31818181819671637,
340.6,0.31818181817915964,0.3181818181960216,
340.8,0.3181818181791399,0.31818181819554275,
341.0,0.3181818181793183,0.318181818195296,
341.20000000000005,0.3181818181796997,0.3181818181952935,
341.40000000000003,0.31818181818028607,0.3181818181955432,
341.6,0.31818181818107644,0.3181818181960486,
341.8,0.31818181818206664,0.318181818196809,
342.0,0.3181818181832495,0.31818181819781916,
342.20000000000005,0.3181818181846149,0.3181818181990696,
342.40000000000003,0.3181818181861499,0.31818181820054664,
342.6,0.3181818181878387,0.31818181820223246,
342.8,0.31818181818966307,0.3181818182041056,
343.0,0.3181818181916023,0.318181818206141,
343.20000000000005,0.31818181819363356,0.31818181820831015,
343.40000000000003,0.31818181819573205,0.31818181821058183,
343.6,0.31818181819787145,0.3181818182129222,
343.8,0.31818181820002395,0.3181818182152952,
344.0,0.3181818182021607,0.31818181821766306,
344.20000000000005,0.3181818182042522,0.31818181821998665,
344.40000000000003,0.31818181820626834,0.318181818222226,
344.6,0.31818181820817915,0.3181818182243408,
344.8,0.3181818182099547,0.3181818182262906,
345.0,0.31818181821156594,0.3181818182280359,
345.20000000000005,0.31818181821298447,0.31818181822953784,
345.40000000000003,0.3181818182141833,0.3181818182307593,
345.6,0.318181818215137,0.31818181823166514,
345.8,0.31818181821582237,0.31818181823222264,
346.0,0.318181818216218,0.3181818182324021,
346.20000000000005,0.3181818182163055,0.3181818182321771,
346.40000000000003,0.3181818182160691,0.3181818182315251,
346.6,0.31818181821549624,0.3181818182304276,
346.8,0.31818181821457786,0.3181818182288708,
347.0,0.3181818182133084,0.31818181822684577,
347.20000000000005,0.3181818182116862,0.31818181822434866,
347.40000000000003,0.3181818182097136,0.31818181822138114,
347.6,0.3181818182073971,0.31818181821795066,
347.8,0.31818181820474756,0.3181818182140704,
348.0,0.31818181820178004,0.3181818182097595,
348.20000000000005,0.3181818181985141,0.31818181820504327,
348.40000000000003,0.3181818181949737,0.3181818181999531,
348.6,0.31818181819118707,0.3181818181945263,
348.8,0.31818181818718677,0.3181818181888061,
349.0,0.31818181818300945,0.3181818181828416,
349.20000000000005,0.31818181817869556,0.3181818181766873,
349.40000000000003,0.31818181817428937,0.31818181817040286,
349.6,0.3181818181698384,0.3181818181640528,
349.8,0.3181818181653933,0.31818181815770585,
350.0,0.31818181816100716,0.3181818181514345,
350.20000000000005,0.3181818181567351,0.3181818181453142,
350.40000000000003,0.3181818181526339,0.31818181813942287,
350.6,0.31818181814876123,0.3181818181338397,
350.8,0.3181818181451747,0.3181818181286445,
351.0,0.3181818181419317,0.3181818181239164,
351.20000000000005,0.31818181813908775,0.3181818181197329,
351.40000000000003,0.3181818181366964,0.3181818181161684,
351.6,0.3181818181348074,0.31818181811329294,
351.8,0.31818181813346624,0.3181818181111707,
352.0,0.3181818181327127,0.31818181810985807,
352.20000000000005,0.31818181813257945,0.3181818181094024,
352.40000000000003,0.31818181813309077,0.3181818181098396,
352.6,0.3181818181342613,0.31818181811119245,
352.8,0.318181818136094,0.3181818181134682,
353.0,0.3181818181385789,0.3181818181166564,
353.20000000000005,0.3181818181416911,0.3181818181207265,
353.40000000000003,0.31818181814538904,0.31818181812562507,
353.6,0.3181818181496122,0.3181818181312731,
353.8,0.31818181815427937,0.3181818181375632,
354.0,0.3181818181592862,0.3181818181443563,
354.20000000000005,0.31818181816450286,0.3181818181514787,
354.40000000000003,0.31818181816977176,0.3181818181587185,
354.6,0.3181818181749047,0.31818181816582186,
354.8,0.3181818181796805,0.3181818181724897,
355.0,0.3181818181838417,0.31818181817837315,
355.20000000000005,0.3181818181870922,0.3181818181830702,
355.40000000000003,0.3181818181890935,0.3181818181861205,
355.6,0.3181818181896556,0.31818181818690827,
355.8,0.31818181819425223,0.3181818181824441,
356.0,0.3181818182042642,0.318181818172839,
356.20000000000005,0.31818181821813174,0.3181818181596948,
356.40000000000003,0.31818181823450403,0.3181818181443882,
356.6,0.31818181825222464,0.3181818181280872,
356.8,0.31818181827031655,0.3181818181117676,
357.0,0.3181818182879688,0.31818181809622775,
357.20000000000005,0.3181818183045228,0.31818181808210333,
357.40000000000003,0.3181818183194596,0.3181818180698816,
357.6,0.31818181833238773,0.31818181805991474,
357.8,0.3181818183430316,0.31818181805243273,
358.0,0.31818181835122006,0.31818181804755563,
358.20000000000005,0.31818181835687587,0.3181818180453052,
358.40000000000003,0.31818181836000553,0.31818181804561635,
358.6,0.3181818183606896,0.3181818180483473,
358.8,0.3181818183590734,0.31818181805329,
359.0,0.3181818183553583,0.3181818180601796,
359.20000000000005,0.31818181834979364,0.3181818180687033,
359.40000000000003,0.3181818183426686,0.3181818180785091,
359.6,0.31818181833430526,0.3181818180892136,
359.8,0.31818181832505105,0.31818181810040963,
360.0,0.31818181831527287,0.3181818181116734,
360.20000000000005,0.31818181830535064,0.31818181812257085,
360.40000000000003,0.31818181829567155,0.31818181813266416,
360.6,0.3181818182866251,0.31818181814151697,
360.8,0.3181818182785979,0.31818181814870017,
361.0,0.3181818182719693,0.31818181815379626,
361.20000000000005,0.3181818182671069,0.3181818181564042,
361.40000000000003,0.3181818182643633,0.3181818181561431,
361.6,0.31818181826407227,0.3181818181526562,
361.8,0.31818181826654557,0.31818181814561397,
362.0,0.31818181827207054,0.31818181813471696,
362.20000000000005,0.31818181828090714,0.3181818181196985,
362.40000000000003,0.3181818182932861,0.3181818181003267,
362.6,0.3181818183094073,0.31818181807640666,
362.8,0.3181818183294374,0.3181818180477818,
363.0,0.3181818183535095,0.3181818180143349,
363.20000000000005,0.3181818183817215,0.31818181797598966,
363.40000000000003,0.3181818184141356,0.3181818179327106,
363.6,0.3181818184507777,0.318181817884504,
363.8,0.31818181849163735,0.3181818178314176,
364.0,0.3181818185366673,0.3181818177735407,
364.20000000000005,0.3181818185857844,0.3181818177110038,
364.40000000000003,0.31818181863886924,0.31818181764397757,
364.6,0.31818181869576745,0.3181818175726724,
364.8,0.31818181875629,0.3181818174973371,
365.0,0.31818181882021457,0.31818181741825763,
365.20000000000005,0.3181818188872866,0.3181818173357556,
365.40000000000003,0.3181818189572207,0.3181818172501868,
365.6,0.31818181902970205,0.31818181716193894,
365.8,0.31818181910438825,0.31818181707143,
366.0,0.3181818191809109,0.31818181697910614,
366.20000000000005,0.3181818192588777,0.318181816885439,
366.40000000000003,0.31818181933787437,0.3181818167909236,
366.6,0.3181818194174671,0.31818181669607576,
366.8,0.3181818194972044,0.31818181660142936,
367.0,0.3181818195766198,0.3181818165075336,
367.20000000000005,0.31818181965523396,0.31818181641495025,
367.40000000000003,0.31818181973255766,0.3181818163242508,
367.6,0.3181818198080938,0.3181818162360131,
367.8,0.31818181988134053,0.3181818161508189,
368.0,0.3181818199517935,0.3181818160692504,
368.20000000000005,0.3181818200189489,0.31818181599188716,
368.40000000000003,0.31818182008230605,0.31818181591930317,
368.6,0.3181818201413701,0.31818181585206357,
368.8,0.3181818201956548,0.3181818157907216,
369.0,0.3181818202446853,0.3181818157358152,
369.20000000000005,0.3181818202880009,0.3181818156878646,
369.40000000000003,0.3181818203251577,0.31818181564736825,
369.6,0.3181818203557312,0.3181818156148008,
369.8,0.3181818203793192,0.3181818155906093,
370.0,0.31818182039554405,0.31818181557521086,
370.20000000000005,0.3181818204040555,0.3181818155689896,
370.40000000000003,0.3181818204045328,0.31818181557229386,
370.6,0.31818182039668746,0.31818181558543357,
370.8,0.3181818203802652,0.31818181560867786,
371.0,0.3181818203550484,0.31818181564225245,
371.20000000000005,0.31818182032085784,0.31818181568633747,
371.40000000000003,0.31818182027755515,0.3181818157410652,
371.6,0.3181818202250442,0.3181818158065182,
371.8,0.3181818201632729,0.3181818158827274,
372.0,0.318181820092235,0.3181818159696705,
372.20000000000005,0.3181818200119711,0.31818181606727025,
372.40000000000003,0.3181818199225701,0.3181818161753935,
372.6,0.3181818198241704,0.3181818162938499,
372.8,0.3181818197169602,0.3181818164223911,
373.0,0.31818181960117886,0.31818181656071004,
373.20000000000005,0.318181819477117,0.3181818167084406,
373.40000000000003,0.31818181934511675,0.3181818168651575,
373.6,0.31818181920557187,0.3181818170303763,
373.8,0.3181818190589275,0.3181818172035537,
374.0,0.3181818189056798,0.31818181738408846,
374.20000000000005,0.31818181874637513,0.3181818175713221,
374.40000000000003,0.31818181858160915,0.3181818177645402,
374.6,0.3181818184120257,0.31818181796297396,
374.8,0.31818181823831515,0.31818181816580215,
375.0,0.3181818180612126,0.31818181837215326,
375.20000000000005,0.31818181788149597,0.31818181858110806,
375.40000000000003,0.3181818176999834,0.31818181879170243,
375.6,0.3181818175175305,0.3181818190029308,
375.8,0.31818181733502765,0.3181818192137498,
376.0,0.3181818171533962,0.31818181942308205,
376.20000000000005,0.31818181697358494,0.31818181962982106,
376.40000000000003,0.31818181679656604,0.31818181983283556,
376.6,0.3181818166233304,0.3181818200309752,
376.8,0.31818181645488314,0.318181820223076,
377.0,0.31818181629223813,0.31818182040796666,
377.20000000000005,0.3181818161364125,0.318181820584475,
377.40000000000003,0.3181818159884205,0.3181818207514351,
377.6,0.31818181584926736,0.3181818209076949,
377.8,0.318181815719942,0.3181818210521243,
378.0,0.31818181560141023,0.3181818211836232,
378.20000000000005,0.3181818154946068,0.31818182130113115,
378.40000000000003,0.318181815400427,0.31818182140363654,
378.6,0.3181818153197186,0.31818182149018676,
378.8,0.31818181525327216,0.3181818215598987,
379.0,0.3181818152018118,0.31818182161197006,
379.20000000000005,0.3181818151659851,0.3181818216456911,
379.40000000000003,0.31818181514635224,0.3181818216604566,
379.6,0.31818181514337535,0.3181818216557793,
379.8,0.3181818151574066,0.3181818216313027,
380.0,0.3181818151886762,0.31818182158681574,
380.20000000000005,0.31818181523727973,0.31818182152226704,
380.40000000000003,0.3181818153031649,0.3181818214377804,
380.6,0.31818181538611784,0.3181818213336708,
380.8,0.31818181548574864,0.31818182121046085,
381.0,0.3181818156014766,0.3181818210688981,
381.20000000000005,0.31818181573251475,0.318181820909973,
381.40000000000003,0.3181818158778535,0.31818182073493734,
381.6,0.31818181603624435,0.31818182054532385,
381.8,0.31818181620618224,0.3181818203429657,
382.0,0.3181818163858879,0.3181818201300178,
382.20000000000005,0.31818181657328903,0.3181818199089776,
382.40000000000003,0.3181818167660014,0.3181818196827077,
382.6,0.31818181696130865,0.31818181945445856,
382.8,0.3181818171561421,0.31818181922789224,
383.0,0.31818181734705947,0.3181818190071066,
383.20000000000005,0.31818181753022284,0.31818181879666074,
383.40000000000003,0.3181818177013765,0.3181818186016009,
383.6,0.3181818178558231,0.3181818184274871,
383.8,0.31818181798840045,0.31818181828042097,
384.0,0.31818181809345614,0.31818181816707397,
384.20000000000005,0.3181818181648226,0.3181818180947166,
384.40000000000003,0.3181818181957907,0.3181818180712486,
384.6,0.318181818201088,0.3181818180782014,
384.8,0.31818181820599756,0.3181818180845479,
385.0,0.31818181821059544,0.3181818180904368,
385.20000000000005,0.31818181821486513,0.31818181809607693,
385.40000000000003,0.318181818218795,0.31818181810162344,
385.6,0.31818181822237795,0.3181818181071841,
385.8,0.318181818225611,0.3181818181128258,
386.0,0.3181818182284947,0.31818181811858043,
386.20000000000005,0.31818181823103286,0.31818181812445023,
386.40000000000003,0.31818181823323227,0.31818181813041296,
386.6,0.3181818182351019,0.31818181813642654,
386.8,0.3181818182366529,0.31818181814243335,
387.0,0.31818181823789843,0.3181818181483641,
387.20000000000005,0.3181818182388527,0.31818181815414165,
387.40000000000003,0.31818181823953157,0.3181818181596841,
387.6,0.3181818182399514,0.31818181816490787,
387.8,0.3181818182401295,0.31818181816973007,
388.0,0.3181818182400835,0.31818181817407126,
388.20000000000005,0.31818181823983144,0.318181818177857,
388.40000000000003,0.3181818182393912,0.31818181818102015,
388.6,0.3181818182387807,0.31818181818350183,
388.8,0.31818181823801756,0.31818181818525304,
389.0,0.318181818237119,0.3181818181862356,
389.20000000000005,0.31818181823610164,0.31818181818642266,
389.40000000000003,0.3181818182349816,0.3181818181857997,
389.6,0.3181818182337741,0.3181818181843644,
389.8,0.3181818182324937,0.31818181818212726,
390.0,0.31818181823115393,0.318181818179111,
390.20000000000005,0.3181818182297675,0.31818181817535085,
390.40000000000003,0.3181818182283461,0.31818181817089386,
390.6,0.31818181822690045,0.3181818181657986,
390.8,0.31818181822544017,0.3181818181601343,
391.0,0.3181818182239739,0.3181818181539801,
391.20000000000005,0.31818181822250924,0.31818181814742413,
391.40000000000003,0.31818181822105274,0.3181818181405627,
391.6,0.3181818182196099,0.3181818181334988,
391.8,0.31818181821818536,0.31818181812634116,
392.0,0.31818181821678265,0.31818181811920315,
392.20000000000005,0.31818181821540453,0.31818181811220103,
392.40000000000003,0.31818181821405284,0.3181818181054529,
392.6,0.3181818182127286,0.3181818180990772,
392.8,0.3181818182114321,0.31818181809319135,
393.0,0.3181818182101629,0.31818181808791013,
393.20000000000005,0.31818181820892,0.31818181808334456,
393.40000000000003,0.3181818182077018,0.3181818180796,
393.6,0.31818181820650626,0.3181818180767753,
393.8,0.31818181820533087,0.31818181807496104,
394.0,0.3181818182041729,0.3181818180742383,
394.20000000000005,0.31818181820302927,0.31818181807467727,
394.40000000000003,0.3181818182018968,0.3181818180763365,
394.6,0.3181818182007721,0.3181818180792612,
394.8,0.3181818181996521,0.31818181808348256,
395.0,0.31818181819853325,0.3181818180890168,
395.20000000000005,0.3181818181974127,0.3181818180958641,
395.40000000000003,0.31818181819628755,0.31818181810400836,
395.6,0.31818181819515506,0.3181818181134163,
395.8,0.3181818181940132,0.31818181812403706,
396.0,0.31818181819286,0.3181818181358022,
396.20000000000005,0.3181818181916943,0.31818181814862556,
396.40000000000003,0.3181818181905151,0.31818181816240315,
396.6,0.3181818181893224,0.3181818181770138,
396.8,0.3181818181881165,0.3181818181923194,
397.0,0.3181818181868985,0.3181818182081659,
397.20000000000005,0.3181818181856702,0.318181818224384,
397.40000000000003,0.31818181818443414,0.3181818182407908,
397.6,0.31818181818319335,0.31818181825719055,
397.8,0.31818181818195196,0.3181818182733772,
398.0,0.31818181818071445,0.3181818182891359,
398.20000000000005,0.3181818181794863,0.3181818183042453,
398.40000000000003,0.31818181817827346,0.31818181831848047,
398.6,0.3181818181770827,0.3181818183316154,
398.8,0.3181818181759211,0.3181818183434267,
399.0,0.31818181817479657,0.3181818183536966,
399.20000000000005,0.31818181817371727,0.3181818183622174,
399.40000000000003,0.31818181817269175,0.3181818183687954,
399.6,0.31818181817172886,0.3181818183732556,
399.8,0.3181818181708375,0.3181818183754469,
400.0,0.3181818181700267,0.3181818183752472,
400.20000000000005,0.31818181816930524,0.3181818183725695,
400.40000000000003,0.3181818181686815,0.3181818183673679,
400.6,0.31818181816816354,0.31818181835964443,
400.8,0.3181818181677586,0.3181818183494561,
401.0,0.318181818167473,0.3181818183369223,
401.20000000000005,0.31818181816731184,0.318181818322233,
401.40000000000003,0.31818181816727903,0.3181818183056572,
401.6,0.31818181816737645,0.31818181828755177,
401.8,0.3181818181676043,0.3181818182683709,
402.0,0.3181818181679602,0.31818181824867625,
402.20000000000005,0.3181818181684393,0.3181818182291473,
402.40000000000003,0.3181818181690336,0.31818181821059244,
402.6,0.3181818181697318,0.3181818181939603,
402.8,0.31818181817051866,0.3181818181803522,
403.0,0.31818181817137475,0.3181818181710346,
403.20000000000005,0.31818181817227603,0.31818181816745233,
403.40000000000003,0.31818181817314545,0.31818181816769014,
403.6,0.31818181817393076,0.3181818181678829,
403.8,0.3181818181746605,0.31818181816805496,
404.0,0.31818181817535685,0.3181818181682375,
404.20000000000005,0.31818181817603625,0.3181818181684533,
404.40000000000003,0.3181818181767102,0.31818181816871827,
404.6,0.31818181817738583,0.318181818169042,
404.8,0.3181818181780666,0.31818181816942886,
405.0,0.3181818181787528,0.3181818181698786,
405.20000000000005,0.31818181817944213,0.3181818181703874,
405.40000000000003,0.31818181818013025,0.31818181817094815,
405.6,0.3181818181808111,0.3181818181715515,
405.8,0.31818181818147745,0.31818181817218616,
406.0,0.31818181818212127,0.31818181817283964,
406.20000000000005,0.31818181818273406,0.3181818181734985,
406.40000000000003,0.3181818181833071,0.31818181817414903,
406.6,0.31818181818383173,0.3181818181747776,
406.8,0.31818181818429975,0.3181818181753708,
407.0,0.31818181818470354,0.318181818175916,
407.20000000000005,0.3181818181850361,0.31818181817640157,
407.40000000000003,0.31818181818529157,0.318181818176817,
407.6,0.31818181818546487,0.31818181817715313,
407.8,0.31818181818555236,0.3181818181774024,
408.0,0.3181818181855514,0.3181818181775588,
408.20000000000005,0.3181818181854608,0.31818181817761826,
408.40000000000003,0.3181818181852807,0.31818181817757835,
408.6,0.31818181818501234,0.3181818181774385,
408.8,0.31818181818465857,0.3181818181772,
409.0,0.3181818181842235,0.31818181817686597,
409.20000000000005,0.3181818181837124,0.3181818181764413,
409.40000000000003,0.3181818181831318,0.31818181817593255,
409.6,0.3181818181824894,0.3181818181753479,
409.8,0.31818181818179403,0.31818181817469715,
410.0,0.3181818181810553,0.3181818181739912,
410.20000000000005,0.31818181818028374,0.31818181817324254,
410.40000000000003,0.3181818181794906,0.3181818181724645,
410.6,0.31818181817868774,0.3181818181716714,
410.8,0.31818181817788754,0.3181818181708783,
411.0,0.3181818181771025,0.3181818181701008,
411.20000000000005,0.31818181817634555,0.3181818181693549,
411.40000000000003,0.31818181817562946,0.3181818181686567,
411.6,0.31818181817496693,0.31818181816802227,
411.8,0.3181818181743703,0.3181818181674675,
412.0,0.31818181817385166,0.31818181816700764,
412.20000000000005,0.3181818181734223,0.3181818181666575,
412.40000000000003,0.3181818181730928,0.31818181816643093,
412.6,0.318181818172873,0.3181818181663406,
412.8,0.3181818181727716,0.31818181816639807,
413.0,0.318181818172796,0.31818181816661345,
413.20000000000005,0.3181818181729526,0.3181818181669951,
413.40000000000003,0.31818181817324614,0.31818181816754976,
413.6,0.3181818181736799,0.3181818181682821,
413.8,0.31818181817425567,0.3181818181691948,
414.0,0.31818181817497326,0.3181818181702883,
414.20000000000005,0.31818181817583097,0.31818181817156077,
414.40000000000003,0.3181818181768251,0.31818181817300795,
414.6,0.31818181817795016,0.31818181817462315,
414.8,0.3181818181791986,0.31818181817639724,
415.0,0.3181818181805612,0.3181818181783185,
415.20000000000005,0.31818181818202657,0.3181818181803728,
415.40000000000003,0.31818181818358166,0.31818181818254343,
415.6,0.31818181818521163,0.3181818181848114,
415.8,0.3181818181868997,0.31818181818715535,
416.0,0.31818181818862773,0.3181818181895519,
416.20000000000005,0.31818181819037594,0.3181818181919754,
416.40000000000003,0.31818181819212327,0.31818181819439856,
416.6,0.31818181819384744,0.3181818181967926,
416.8,0.31818181819552543,0.3181818181991273,
417.0,0.31818181819713337,0.3181818182013715,
417.20000000000005,0.31818181819864705,0.31818181820349345,
417.40000000000003,0.3181818182000422,0.31818181820546126,
417.6,0.3181818182012949,0.3181818182072432,
417.8,0.3181818182023816,0.31818181820880836,
418.0,0.31818181820328023,0.318181818210127,
418.20000000000005,0.31818181820396985,0.31818181821117125,
418.40000000000003,0.31818181820443187,0.31818181821191605,
418.6,0.3181818182046501,0.3181818182123394,
418.8,0.31818181820461144,0.31818181821242314,
419.0,0.3181818182043068,0.31818181821215424,
419.20000000000005,0.31818181820373137,0.31818181821152525,
419.40000000000003,0.3181818182028855,0.31818181821053537,
419.6,0.31818181820177555,0.3181818182091914,
419.8,0.3181818182004145,0.3181818182075089,
420.0,0.31818181819882313,0.31818181820551333,
420.20000000000005,0.31818181819703056,0.3181818182032411,
420.40000000000003,0.31818181819507535,0.318181818200741,
420.6,0.31818181819300667,0.3181818181980754,
420.8,0.31818181819088515,0.31818181819532176,
421.0,0.3181818181887842,0.31818181819257424,
421.20000000000005,0.3181818181867911,0.31818181818994495,
421.40000000000003,0.318181818185008,0.3181818181875658,
421.6,0.31818181818355384,0.31818181818559016,
421.8,0.318181818182565,0.3181818181841947,
422.0,0.31818181818219726,0.3181818181835813,
422.20000000000005,0.31818181818018165,0.31818181818726005,
422.40000000000003,0.3181818181741494,0.31818181819817604,
422.6,0.31818181816510915,0.3181818182143692,
422.8,0.3181818181539574,0.3181818182341142,
423.0,0.3181818181414746,0.31818181825592096,
423.20000000000005,0.318181818128333,0.31818181827851844,
423.40000000000003,0.31818181811510415,0.31818181830083825,
423.6,0.3181818181022664,0.31818181832199965,
423.8,0.31818181809021207,0.3181818183412949,
424.0,0.3181818180792539,0.3181818183581748,
424.20000000000005,0.318181818069632,0.31818181837223547,
424.40000000000003,0.31818181806152,0.3181818183832052,
424.6,0.31818181805503093,0.31818181839093196,
424.8,0.31818181805022305,0.3181818183953716,
425.0,0.3181818180471054,0.3181818183965763,
425.20000000000005,0.31818181804564305,0.3181818183946839,
425.40000000000003,0.31818181804576207,0.31818181838990767,
425.6,0.3181818180473544,0.31818181838252596,
425.8,0.3181818180502822,0.31818181837287346,
426.0,0.31818181805438234,0.318181818361332,
426.20000000000005,0.31818181805947043,0.3181818183483222,
426.40000000000003,0.31818181806534473,0.31818181833429565,
426.6,0.3181818180717896,0.3181818183197274,
426.8,0.31818181807857926,0.3181818183051089,
427.0,0.31818181808548074,0.3181818182909415,
427.20000000000005,0.31818181809225704,0.3181818182777303,
427.40000000000003,0.3181818180986699,0.3181818182659783,
427.6,0.31818181810448254,0.3181818182561812,
427.8,0.318181818109462,0.31818181824882236,
428.0,0.31818181811338136,0.3181818182443685,
428.20000000000005,0.318181818116022,0.3181818182432652,
428.40000000000003,0.31818181811717533,0.3181818182459333,
428.6,0.31818181811664453,0.3181818182527655,
428.8,0.3181818181142463,0.31818181826412323,
429.0,0.318181818109812,0.31818181828033393,
429.20000000000005,0.3181818181031891,0.3181818183016885,
429.40000000000003,0.3181818180942422,0.3181818183284395,
429.6,0.3181818180828539,0.3181818183607991,
429.8,0.31818181806892576,0.31818181839893783,
430.0,0.3181818180523787,0.3181818184429832,
430.20000000000005,0.31818181803315393,0.31818181849301896,
430.40000000000003,0.31818181801121276,0.3181818185490844,
430.6,0.3181818179865375,0.31818181861117406,
430.8,0.31818181795913103,0.3181818186792376,
431.0,0.3181818179290173,0.31818181875317986,
431.20000000000005,0.31818181789624084,0.3181818188328614,
431.40000000000003,0.31818181786086686,0.31818181891809894,
431.6,0.31818181782298083,0.3181818190086664,
431.8,0.3181818177826879,0.31818181910429566,
432.0,0.31818181774011284,0.31818181920467803,
432.20000000000005,0.3181818176953989,0.3181818193094655,
432.40000000000003,0.3181818176487076,0.31818181941827245,
432.6,0.31818181760021774,0.31818181953067726,
432.8,0.3181818175501246,0.31818181964622444,
433.0,0.318181817498639,0.31818181976442655,
433.20000000000005,0.3181818174459864,0.31818181988476646,
433.40000000000003,0.31818181739240575,0.31818182000669964,
433.6,0.3181818173381486,0.3181818201296568,
433.8,0.3181818172834776,0.3181818202530462,
434.0,0.3181818172286656,0.3181818203762565,
434.20000000000005,0.3181818171739943,0.31818182049865945,
434.40000000000003,0.31818181711975285,0.3181818206196129,
434.6,0.31818181706623666,0.3181818207384635,
434.8,0.3181818170137459,0.3181818208545498,
435.0,0.3181818169625844,0.3181818209672053,
435.20000000000005,0.31818181691305775,0.3181818210757615,
435.40000000000003,0.3181818168654722,0.318181821179551,
435.6,0.31818181682013325,0.31818182127791084,
435.8,0.3181818167773439,0.31818182137018525,
436.0,0.3181818167374035,0.31818182145572926,
436.20000000000005,0.318181816700606,0.3181818215339116,
436.40000000000003,0.3181818166672387,0.31818182160411795,
436.6,0.3181818166375807,0.31818182166575404,
436.8,0.31818181661190137,0.31818182171824866,
437.0,0.31818181659045913,0.3181818217610569,
437.20000000000005,0.31818181657349986,0.31818182179366306,
437.40000000000003,0.3181818165612555,0.3181818218155835,
437.6,0.31818181655394284,0.31818182182636967,
437.8,0.31818181655176214,0.3181818218256107,
438.0,0.31818181655489575,0.3181818218129364,
438.20000000000005,0.318181816563507,0.3181818217880195,
438.40000000000003,0.31818181657773903,0.3181818217505785,
438.6,0.3181818165977135,0.31818182170037984,
438.8,0.3181818166235295,0.31818182163724,
439.0,0.3181818166552629,0.31818182156102803,
439.20000000000005,0.3181818166929648,0.3181818214716672,
439.40000000000003,0.3181818167366612,0.3181818213691367,
439.6,0.31818181678635177,0.3181818212534737,
439.8,0.3181818168420095,0.31818182112477456,
440.0,0.3181818169035798,0.31818182098319586,
440.20000000000005,0.31818181697097975,0.3181818208289561,
440.40000000000003,0.3181818170440982,0.31818182066233586,
440.6,0.318181817122795,0.3181818204836791,
440.8,0.31818181720690064,0.3181818202933932,
441.0,0.31818181729621653,0.31818182009194934,
441.20000000000005,0.3181818173905145,0.3181818198798824,
441.40000000000003,0.3181818174895371,0.31818181965779074,
441.6,0.3181818175929977,0.31818181942633555,
441.8,0.3181818177005808,0.31818181918624006,
442.0,0.31818181781194255,0.3181818189382885,
442.20000000000005,0.3181818179267113,0.31818181868332474,
442.40000000000003,0.31818181804448814,0.31818181842225035,
442.6,0.318181818164848,0.318181818156023,
442.8,0.3181818182873403,0.31818181788565375,
443.0,0.3181818184114907,0.3181818176122046,
443.20000000000005,0.31818181853680155,0.3181818173367855,
443.40000000000003,0.3181818186627541,0.31818181706055104,
443.6,0.3181818187888098,0.31818181678469654,
443.8,0.31818181891441205,0.31818181651045424,
444.0,0.3181818190389883,0.31818181623908875,
444.20000000000005,0.31818181916195204,0.31818181597189227,
444.40000000000003,0.3181818192827054,0.3181818157101793,
444.6,0.31818181940064133,0.31818181545528107,
444.8,0.31818181951514646,0.31818181520853955,
445.0,0.31818181962560405,0.3181818149713008,
445.20000000000005,0.3181818197313971,0.31818181474490836,
445.40000000000003,0.31818181983191135,0.3181818145306955,
445.6,0.31818181992653927,0.3181818143299779,
445.8,0.3181818200146834,0.318181814144045,
446.0,0.3181818200957606,0.3181818139741515,
446.20000000000005,0.3181818201692058,0.3181818138215081,
446.40000000000003,0.3181818202344769,0.3181818136872716,
446.6,0.31818182029105896,0.3181818135725351,
446.8,0.31818182033846926,0.3181818134783168,
447.0,0.3181818203762625,0.31818181340554924,
447.20000000000005,0.3181818204040359,0.318181813355067,
447.40000000000003,0.31818182042143506,0.31818181332759504,
447.6,0.31818182042815946,0.31818181332373524,
447.8,0.3181818204239689,0.31818181334395335,
448.0,0.3181818204086898,0.3181818133885648,
448.20000000000005,0.3181818203822217,0.3181818134577205,
448.40000000000003,0.3181818203445442,0.3181818135513911,
448.6,0.3181818202957243,0.3181818136693517,
448.8,0.3181818202359237,0.31818181381116556,
449.0,0.3181818201654065,0.3181818139761667,
449.20000000000005,0.31818182008454765,0.31818181416344277,
449.40000000000003,0.31818181999384065,0.3181818143718164,
449.6,0.3181818198939067,0.31818181459982675,
449.8,0.3181818197855033,0.31818181484570973,
450.0,0.31818181966953385,0.31818181510737775,
450.20000000000005,0.3181818195470568,0.31818181538239915,
450.40000000000003,0.31818181941929574,0.31818181566797626,
450.6,0.3181818192876497,0.3181818159609236,
450.8,0.31818181915370336,0.3181818162576446,
451.0,0.31818181901923814,0.318181816554108,
451.20000000000005,0.3181818188862433,0.31818181684582364,
451.40000000000003,0.3181818187569276,0.3181818171278173,
451.6,0.3181818186337307,0.3181818173946047,
451.8,0.3181818185193361,0.3181818176401651,
452.0,0.31818181841668297,0.31818181785791383,
452.20000000000005,0.3181818183289796,0.3181818180406742,
452.40000000000003,0.3181818182597166,0.31818181818064867,
452.6,0.31818181821268005,0.31818181826938896,
452.8,0.3181818181919662,0.3181818182977659,
453.0,0.3181818181865707,0.3181818182917433,
453.20000000000005,0.31818181818147107,0.3181818182862012,
453.40000000000003,0.318181818176669,0.3181818182809509,
453.6,0.3181818181721698,0.31818181827583925,
453.8,0.3181818181679767,0.31818181827075526,
454.0,0.3181818181640913,0.31818181826562475,
454.20000000000005,0.3181818181605135,0.31818181826040526,
454.40000000000003,0.31818181815724167,0.31818181825508124,
454.6,0.31818181815427277,0.3181818182496597,
454.8,0.3181818181516023,0.31818181824416614,
455.0,0.31818181814922475,0.31818181823864067,
455.20000000000005,0.3181818181471333,0.31818181823313485,
455.40000000000003,0.3181818181453203,0.31818181822770814,
455.6,0.31818181814377694,0.31818181822242536,
455.8,0.3181818181424938,0.3181818182173541,
456.0,0.3181818181414606,0.31818181821256203,
456.20000000000005,0.3181818181406665,0.3181818182081154,
456.40000000000003,0.3181818181401,0.3181818182040768,
456.6,0.3181818181397492,0.31818181820050384,
456.8,0.31818181813960184,0.3181818181974477,
457.0,0.3181818181396452,0.31818181819495195,
457.20000000000005,0.31818181813986657,0.31818181819305186,
457.40000000000003,0.31818181814025287,0.3181818181917735,
457.6,0.31818181814079105,0.31818181819113334,
457.8,0.318181818141468,0.3181818181911378,
458.0,0.3181818181422707,0.31818181819178304,
458.20000000000005,0.3181818181431862,0.3181818181930553,
458.40000000000003,0.3181818181442017,0.31818181819493063,
458.6,0.3181818181453048,0.31818181819737523,
458.8,0.3181818181464831,0.3181818182003461,
459.0,0.31818181814772484,0.3181818182037913,
459.20000000000005,0.3181818181490184,0.31818181820765085,
459.40000000000003,0.31818181815035285,0.3181818182118572,
459.6,0.3181818181517174,0.31818181821633623,
459.8,0.31818181815310215,0.318181818221008,
460.0,0.3181818181544975,0.3181818182257879,
460.20000000000005,0.31818181815589436,0.3181818182305877,
460.40000000000003,0.3181818181572845,0.3181818182353164,
460.6,0.31818181815866026,0.3181818182398815,
460.8,0.31818181816001445,0.31818181824419034,
461.0,0.3181818181613408,0.31818181824815084,
461.20000000000005,0.3181818181626335,0.31818181825167313,
461.40000000000003,0.31818181816388763,0.31818181825467046,
461.6,0.31818181816509894,0.31818181825706043,
461.8,0.3181818181662638,0.3181818182587662,
462.0,0.31818181816737934,0.3181818182597176,
462.20000000000005,0.31818181816844343,0.3181818182598522,
462.40000000000003,0.3181818181694546,0.31818181825911623,
462.6,0.3181818181704122,0.3181818182574659,
462.8,0.318181818171316,0.3181818182548678,
463.0,0.3181818181721667,0.31818181825130026,
463.20000000000005,0.31818181817296537,0.3181818182467536,
463.40000000000003,0.318181818173714,0.3181818182412312,
463.6,0.3181818181744148,0.31818181823474967,
463.8,0.31818181817507085,0.31818181822733943,
464.0,0.31818181817568547,0.318181818219045,
464.20000000000005,0.31818181817626257,0.3181818182099251,
464.40000000000003,0.31818181817680646,0.3181818182000526,
464.6,0.31818181817732183,0.3181818181895144,
464.8,0.3181818181778135,0.31818181817841124,
465.0,0.3181818181782868,0.31818181816685676,
465.20000000000005,0.31818181817874697,0.31818181815497715,
465.40000000000003,0.3181818181791995,0.3181818181429103,
465.6,0.31818181817964997,0.31818181813080426,
465.8,0.31818181818010366,0.31818181811881635,
466.0,0.31818181818056596,0.3181818181071114,
466.20000000000005,0.31818181818104196,0.3181818180958598,
466.40000000000003,0.3181818181815364,0.31818181808523593,
466.6,0.31818181818205366,0.3181818180754151,
466.8,0.3181818181825975,0.3181818180665718,
467.0,0.3181818181831712,0.3181818180588761,
467.20000000000005,0.31818181818377717,0.3181818180524909,
467.40000000000003,0.3181818181844171,0.3181818180475686,
467.6,0.3181818181850916,0.318181818044247,
467.8,0.31818181818580016,0.3181818180426453,
468.0,0.3181818181865412,0.3181818180428599,
468.20000000000005,0.31818181818731156,0.3181818180449594,
468.40000000000003,0.3181818181881067,0.3181818180489797,
468.6,0.31818181818892033,0.3181818180549185,
468.8,0.3181818181897445,0.31818181806272944,
469.0,0.31818181819056907,0.3181818180723158,
469.20000000000005,0.3181818181913819,0.31818181808352425,
469.40000000000003,0.31818181819216856,0.3181818180961373,
469.6,0.3181818181929121,0.31818181810986657,
469.8,0.3181818181935928,0.3181818181243445,
470.0,0.3181818181941883,0.3181818181391162,
470.20000000000005,0.3181818181946731,0.31818181815363095,
470.40000000000003,0.31818181819501845,0.31818181816723284,
470.6,0.3181818181951922,0.31818181817915137,
470.8,0.31818181819515856,0.31818181818849123,
471.0,0.3181818181948779,0.3181818181942219,
471.20000000000005,0.3181818181943253,0.3181818181954472,
471.40000000000003,0.3181818181937423,0.3181818181954174,
471.6,0.3181818181932002,0.3181818181953993,
471.8,0.31818181819268254,0.3181818181953728,
472.0,0.31818181819217695,0.31818181819532265,
472.20000000000005,0.3181818181916748,0.3181818181952382,
472.40000000000003,0.3181818181911704,0.31818181819511276,
472.6,0.3181818181906609,0.3181818181949429,
472.8,0.31818181819014546,0.31818181819472796,
473.0,0.3181818181896253,0.3181818181944699,
473.20000000000005,0.3181818181891031,0.31818181819417235,
473.40000000000003,0.3181818181885828,0.31818181819384084,
473.6,0.3181818181880692,0.3181818181934818,
473.8,0.3181818181875675,0.31818181819310265,
474.0,0.31818181818708374,0.31818181819271135,
474.20000000000005,0.3181818181866237,0.31818181819231617,
474.40000000000003,0.31818181818619334,0.3181818181919254,
474.6,0.3181818181857984,0.31818181819154717,
474.8,0.31818181818544405,0.31818181819118924,
475.0,0.31818181818513525,0.3181818181908588,
475.20000000000005,0.31818181818487623,0.31818181819056235,
475.40000000000003,0.3181818181846704,0.31818181819030567,
475.6,0.3181818181845205,0.31818181819009356,
475.8,0.3181818181844286,0.31818181818993,
476.0,0.3181818181843955,0.3181818181898178,
476.20000000000005,0.3181818181844215,0.3181818181897586,
476.40000000000003,0.31818181818450575,0.31818181818975333,
476.6,0.3181818181846466,0.31818181818980146,
476.8,0.31818181818484137,0.3181818181899016,
477.0,0.31818181818508684,0.3181818181900512,
477.20000000000005,0.3181818181853786,0.31818181819024677,
477.40000000000003,0.31818181818571173,0.3181818181904839,
477.6,0.31818181818608055,0.3181818181907572,
477.8,0.31818181818647856,0.3181818181910605,
478.0,0.31818181818689906,0.31818181819138697,
478.20000000000005,0.3181818181873345,0.3181818181917291,
478.40000000000003,0.3181818181877772,0.3181818181920788,
478.6,0.318181818188219,0.3181818181924277,
478.8,0.31818181818865177,0.31818181819276703,
479.0,0.3181818181890671,0.3181818181930878,
479.20000000000005,0.3181818181894566,0.318181818193381,
479.40000000000003,0.31818181818981217,0.3181818181936377,
479.6,0.31818181819012575,0.3181818181938491,
479.8,0.3181818181903896,0.3181818181940067,
480.0,0.31818181819059654,0.3181818181941024,
480.20000000000005,0.3181818181907398,0.3181818181941288,
480.40000000000003,0.3181818181908135,0.31818181819407887,
480.6,0.31818181819081204,0.31818181819394664,
480.8,0.318181818190731,0.3181818181937269,
481.0,0.31818181819056685,0.3181818181934153,
481.20000000000005,0.31818181819031677,0.3181818181930089,
481.40000000000003,0.3181818181899793,0.31818181819250557,
481.6,0.318181818189554,0.31818181819190466,
481.8,0.31818181818904145,0.31818181819120667,
482.0,0.31818181818844365,0.31818181819041363,
482.20000000000005,0.31818181818776375,0.3181818181895289,
482.40000000000003,0.31818181818700614,0.3181818181885572,
482.6,0.31818181818617647,0.31818181818750474,
482.8,0.31818181818528185,0.3181818181863793,
483.0,0.31818181818433033,0.31818181818519,
483.20000000000005,0.3181818181833314,0.31818181818394725,
483.40000000000003,0.3181818181822957,0.318181818182663,
483.6,0.3181818181812347,0.31818181818135033,
483.8,0.3181818181801613,0.3181818181800236,
484.0,0.31818181817908886,0.3181818181786981,
484.20000000000005,0.31818181817803176,0.3181818181773902,
484.40000000000003,0.31818181817700497,0.31818181817611685,
484.6,0.31818181817602387,0.31818181817489566,
484.8,0.3181818181751041,0.3181818181737445,
485.0,0.3181818181742614,0.3181818181726816,
485.20000000000005,0.31818181817351116,0.31818181817172464,
485.40000000000003,0.31818181817286845,0.31818181817089114,
485.6,0.3181818181723476,0.3181818181701977,
485.8,0.31818181817196173,0.3181818181696598,
486.0,0.31818181817172264,0.3181818181692913,
486.20000000000005,0.31818181817164043,0.31818181816910424,
486.40000000000003,0.31818181817172286,0.318181818169108,
486.6,0.31818181817197505,0.31818181816930924,
486.8,0.3181818181723991,0.3181818181697111,
487.0,0.31818181817299357,0.3181818181703125,
487.20000000000005,0.31818181817375274,0.3181818181711079,
487.40000000000003,0.3181818181746663,0.31818181817208646,
487.6,0.31818181817571856,0.31818181817323127,
487.8,0.31818181817688806,0.3181818181745186,
488.0,0.31818181817814667,0.31818181817591756,
488.20000000000005,0.3181818181794588,0.3181818181773886,
488.40000000000003,0.31818181818078095,0.3181818181788831,
488.6,0.3181818181820607,0.31818181818034236,
488.8,0.3181818181832361,0.31818181818169666,
489.0,0.31818181818423436,0.31818181818286423,
489.20000000000005,0.31818181818497143,0.3181818181837501,
489.40000000000003,0.31818181818535085,0.31818181818424507,
489.6,0.31818181818537106,0.3181818181843445,
489.8,0.31818181818535624,0.31818181818440383,
490.0,0.31818181818533875,0.31818181818445873,
490.20000000000005,0.31818181818531893,0.31818181818450936,
490.40000000000003,0.3181818181852969,0.3181818181845559,
490.6,0.31818181818527286,0.31818181818459834,
490.8,0.3181818181852471,0.3181818181846369,
491.0,0.31818181818521984,0.3181818181846717,
491.20000000000005,0.3181818181851912,0.31818181818470287,
491.40000000000003,0.3181818181851614,0.31818181818473046,
491.6,0.31818181818513064,0.31818181818475466,
491.8,0.31818181818509916,0.3181818181847756,
492.0,0.318181818185067,0.31818181818479335,
492.20000000000005,0.3181818181850345,0.3181818181848082,
492.40000000000003,0.31818181818500163,0.3181818181848201,
492.6,0.3181818181849686,0.3181818181848293,
492.8,0.31818181818493546,0.318181818184836,
493.0,0.31818181818490243,0.3181818181848402,
493.20000000000005,0.31818181818486957,0.3181818181848422,
493.40000000000003,0.3181818181848369,0.3181818181848421,
493.6,0.31818181818480457,0.31818181818484,
493.8,0.3181818181847726,0.3181818181848361,
494.0,0.31818181818474106,0.3181818181848306,
494.20000000000005,0.31818181818471003,0.31818181818482355,
494.40000000000003,0.31818181818467955,0.31818181818481517,
494.6,0.31818181818464963,0.31818181818480556,
494.8,0.3181818181846204,0.31818181818479485,
495.0,0.31818181818459174,0.3181818181847832,
495.20000000000005,0.3181818181845638,0.31818181818477076,
495.40000000000003,0.3181818181845366,0.31818181818475755,
495.6,0.31818181818451013,0.3181818181847437,
495.8,0.3181818181844845,0.3181818181847294,
496.0,0.3181818181844597,0.31818181818471464,
496.20000000000005,0.3181818181844357,0.3181818181846995,
496.40000000000003,0.31818181818441266,0.3181818181846841,
496.6,0.31818181818439056,0.31818181818466845,
496.8,0.31818181818436947,0.31818181818465263,
497.0,0.3181818181843494,0.31818181818463664,
497.20000000000005,0.3181818181843304,0.3181818181846206,
497.40000000000003,0.3181818181843125,0.31818181818460445,
497.6,0.3181818181842958,0.31818181818458824,
497.8,0.31818181818428026,0.318181818184572,
498.0,0.31818181818426594,0.31818181818455565,
498.20000000000005,0.31818181818425284,0.3181818181845394,
498.40000000000003,0.3181818181842409,0.3181818181845231,
498.6,0.3181818181842302,0.31818181818450686,
498.8,0.31818181818422064,0.31818181818449076,
499.0,0.31818181818421215,0.3181818181844747,
499.20000000000005,0.31818181818420466,0.31818181818445895,
499.40000000000003,0.31818181818419794,0.31818181818444347,
499.6,0.3181818181841919,0.3181818181844284,
499.8,0.3181818181841862,0.318181818184414,
500.0,0.3181818181841807,0.31818181818440033,
