k_fear,alpha_mem,stable_theory,A1,A2,A3,rh_margin
0.0,0.01,False,-0.10250000000000005,0.025125000000000005,0.00026250000000000004,-0.002837812500000002
0.2,0.01,True,0.08499999999999994,0.008250000000000002,0.00016875000000000006,0.0005324999999999996
0.4,0.01,True,0.11062657036167244,0.005943608667449475,0.00014137217334898953,0.000516148869102856
0.6000000000000001,0.01,True,0.12249999999999991,0.004874999999999999,0.0001275,0.0004696874999999995
0.8,0.01,True,0.12955983656912876,0.004239614708778412,0.00011889528600402465,0.00043038850278138085
1.0,0.01,True,0.13429854668592575,0.0038131307982666807,0.00011297052876648918,0.00039912739576407
1.2000000000000002,0.01,True,0.13772087521093415,0.003505121231015928,0.00010861714963438082,0.0003741112140215597
1.4000000000000001,0.01,True,0.14031790586342752,0.003271388472291517,0.00010527190557893232,0.00035376247411877075
1.6,0.01,True,0.14236068149574904,0.0030875386653825905,0.00010261532441983296,0.00033692878412850807
1.8,0.01,True,0.1440119965796156,0.002938920307834594,0.00010045156144621751,0.00032278821987342086
2.0,0.01,True,0.14537594221700342,0.002816165200469684,9.865337938675398e-05,0.00031074929007026265
2.2,0.01,True,0.14652237061502862,0.0027129866446474237,9.713429048872352e-05,0.00030037894413192923
2.4000000000000004,0.01,True,0.14749999999999996,0.0026249999999999997,9.583333333333335e-05,0.00029135416666666654
2.6,0.01,True,0.14834389697033826,0.002549049272669552,9.470623827395814e-05,0.00028342966440324957
2.8000000000000003,0.01,True,0.1490799742299717,0.0024828023193025567,9.372004417719148e-05,0.0002764160616025477
3.0,0.01,True,0.1497278115386074,0.0024244969615253367,9.2849682897186e-05,0.00027016494123400587
3.2,0.01,True,0.15030248929218687,0.002372775963703181,9.207573708712995e-05,0.00026455839679012585
3.4000000000000004,0.01,True,0.15081581717737366,0.002326576454036368,9.138292471402504e-05,0.0002595016044271061
3.6,0.01,True,0.15127717941903718,0.0022850538522866557,9.07590485496475e-05,0.000254917453044883
3.8000000000000003,0.01,True,0.151694129773619,0.002247528320374285,9.019425170302002e-05,0.00025074260099772075
4.0,0.01,True,0.15207281892321795,0.002213446296910381,8.968047964129724e-05,0.0002469245382650224
4.2,0.01,True,0.15241830704759593,0.0021823523657163615,8.921108461863354e-05,0.00024341936834517024
4.4,0.01,True,0.15273479612599217,0.0021538683486607146,8.878053025739531e-05,0.00024019011285752635
4.6000000000000005,0.01,True,0.15302580509826477,0.0021276775411561703,8.838416781035624e-05,0.00023720540091456312
4.800000000000001,0.01,True,0.1532943036810544,0.0021035126687050996,8.801806454486533e-05,0.0002344384452885594
5.0,0.01,True,0.15354281582252644,0.002081146575972612,8.76788705751247e-05,0.00023186623483911956
5.2,0.01,True,0.15377350055915281,0.002060384949676241,8.736371442975433e-05,0.00022946889178135517
5.4,0.01,True,0.15398821584443206,0.002041060574001117,8.707012035450675e-05,0.00022722915586633765
5.6000000000000005,0.01,True,0.1541885694006538,0.002023028753941159,8.67959422374553e-05,0.00022513196718911932
5.800000000000001,0.01,True,0.1543759595774009,0.00200616363803391,8.653931037650522e-05,0.00022316412631426925
6.0,0.01,True,0.154551608439929,0.0019903552404063754,8.629858826252095e-05,0.0002213140155091259
6.2,0.01,True,0.15471658876173755,0.001975507011443607,8.607233724206701e-05,0.00021957136864338267
6.4,0.01,True,0.1548718461949255,0.001961533842456685,8.585928742990807e-05,0.00021792708012518484
6.6000000000000005,0.01,True,0.15501821759613035,0.0019483604163482693,8.565831361629885e-05,0.00021637304536086427
6.800000000000001,0.01,True,0.15515644626527214,0.0019359198361255242,8.5468415194536e-05,0.00021490202683314838
7.0,0.01,True,0.15528719468827815,0.00192415247805495,8.528869934599388e-05,0.00021350754112365797
7.2,0.01,True,0.15541105524883692,0.00191300502760468,8.511836688115039e-05,0.00021218376315522333
7.4,0.01,True,0.15552855927762732,0.0019024296650135219,8.495670025896502e-05,0.0002109254446676072
7.6000000000000005,0.01,True,0.15564018473291893,0.001892383374037309,8.480305340281209e-05,0.0002097278445178591
7.800000000000001,0.01,True,0.15574636274842604,0.0018828273526416582,8.465684300588893e-05,0.00020858666885129742
8.0,0.01,True,0.1558474832389166,0.0018737265084975124,8.451754107764726e-05,0.00020749801954973252
8.200000000000001,0.01,True,0.15594389971825465,0.0018650490253570838,8.438466852912195e-05,0.00020645834965079169
8.4,0.01,True,0.15603593345618316,0.0018567659889435005,8.425778963183988e-05,0.00020546442466265228
8.6,0.01,True,0.15612387707748582,0.0018488510630262798,8.413650721442538e-05,0.00020451328888406855
8.8,0.01,True,0.1562079976889901,0.0018412802079908963,8.402045848467602e-05,0.0002036022359899491
9.0,0.01,True,0.1562885396052152,0.0018340314355306424,8.390931138399999e-05,0.00020272878326514052
9.200000000000001,0.01,True,0.1563657267315664,0.0018270845941590176,8.380276139663455e-05,0.00020189064896908933
9.4,0.01,True,0.15643976465430098,0.0018204211811129313,8.370052874873412e-05,0.00020108573239627746
9.600000000000001,0.01,True,0.15651084247854902,0.001814024176930588,8.360235594280602e-05,0.0002003120962650568
9.8,0.01,True,0.15657913444916813,0.0018078778995748751,8.35080055815197e-05,0.00019956795112369434
10.0,0.01,True,0.15664480138380796,0.0018019678754572926,8.341725844199136e-05,0.00019885164150901865
10.200000000000001,0.01,True,0.15670799194311824,0.0017962807251193497,8.332991176751013e-05,0.00019816163363207154
10.4,0.01,True,0.15676884375930647,0.0017908040616623957,8.324577774856596e-05,0.0001974965043977176
10.600000000000001,0.01,True,0.15682748444115438,0.0017855264002961115,8.31646821691276e-05,0.00019685493159258123
10.8,0.01,True,0.15688403247100102,0.001780437077609914,8.308646319755388e-05,0.00019623568509877405
11.0,0.01,True,0.15693859800701707,0.0017755261793684514,8.301097030440892e-05,0.00019563761901043137
11.200000000000001,0.01,True,0.1569912836022402,0.0017707844757983966,8.293806329189814e-05,0.00019505966454661221
11.4,0.01,True,0.1570421848502835,0.0017662033634744903,8.28676114217101e-05,0.00019450082366824327
11.600000000000001,0.01,True,0.15709139096630773,0.0017617748130323073,8.279949262980688e-05,0.000193960163318845
11.8,0.01,True,0.15713898531070242,0.001757491322036779,8.273359281821025e-05,0.00019343681021901418
12.0,0.01,True,0.15718504586197107,0.0017533458724226063,8.266980521510932e-05,0.00019292994615353572
12.200000000000001,0.01,True,0.1572296456444776,0.0017493318919969947,8.260802979571736e-05,0.00019243880369755373
12.4,0.01,True,0.1572728531160093,0.0017454432195591664,8.254817275724872e-05,0.00019196266233481444
12.600000000000001,0.01,True,0.15731473251948863,0.0017416740732459977,8.24901460422039e-05,0.00019150084492661852
12.8,0.01,True,0.15735534420265718,0.001738019021760856,8.243386690484952e-05,0.0001910527144950955
13.0,0.01,True,0.15739474490907218,0.0017344729581834826,8.237925751639522e-05,0.00019061767128857783
13.200000000000001,0.01,True,0.15743298804339123,0.0017310310760947848,8.232624460489123e-05,0.0001901951501006777
13.4,0.01,True,0.15747012391354476,0.0017276888477809804,8.22747591263366e-05,0.00018978461781778375
13.600000000000001,0.01,True,0.1575061999521239,0.0017244420043088444,8.222473596388303e-05,0.00018938557117262708
13.8,0.01,True,0.15754126091903184,0.0017212865172871435,8.217611365237344e-05,0.00018899753468397206
14.0,0.01,True,0.1575753490872228,0.0017182185821499859,8.212883412575828e-05,0.00018862005876467874
14.200000000000001,0.01,True,0.15760850441315644,0.0017152346028159139,8.208284248520254e-05,0.00018825271798230805
14.4,0.01,True,0.15764076469341798,0.0017123311775923905,8.203808678593005e-05,0.0001878951094581153
14.600000000000001,0.01,True,0.15767216570878756,0.0017095050862091286,8.19945178410646e-05,0.0001875468513917163
14.8,0.01,True,0.15770274135693021,0.0017067532778762815,8.195208904090261e-05,0.00018720758170011342
15.0,0.01,True,0.1577325237747324,0.0017040728602740615,8.191075618622198e-05,0.00018687695676083266
15.200000000000001,0.01,True,0.15776154345122048,0.001701461089390132,8.1870477334369e-05,0.00018655465025001327
15.4,0.01,True,0.15778982933189442,0.0016989153601295204,8.18312126569956e-05,0.00018624035206717539
15.600000000000001,0.01,True,0.15781740891522902,0.0016964331976293632,8.17929243084302e-05,0.0001859337673392125
15.8,0.01,True,0.15784430834202684,0.001694012249217578,8.175557630376432e-05,0.00018563461549690548
16.0,0.01,True,0.15787055247821935,0.0016916502769602497,8.171913440583142e-05,0.000185342629417816
16.2,0.01,True,0.15789616499168624,0.0016893451507482234,8.168356602032653e-05,0.00018505755463012002
16.400000000000002,0.01,True,0.15792116842358,0.0016870948418777798,8.164884009839278e-05,0.00018477914857234116
16.6,0.01,True,0.15794558425461408,0.0016848974170847243,8.161492704606048e-05,0.00018450717990447648
16.8,0.01,True,0.1579694329667232,0.0016827510329949277,8.158179863998333e-05,0.00018424142786639309
17.0,0.01,True,0.15799273410046888,0.0016806539309577814,8.154942794896622e-05,0.0001839816816797543
17.2,0.01,True,0.15801550630853212,0.001678604432232122,8.151778926082456e-05,0.00018372773999008032
17.400000000000002,0.01,True,0.1580377674055915,0.0016766009334967605,8.148685801415967e-05,0.00018347941034579894
17.6,0.01,True,0.15805953441488305,0.0016746419026605292,8.145661073466503e-05,0.00018323650871151208
17.8,0.01,True,0.1580808236116823,0.0016727258749486109,8.14270249756197e-05,0.00018299885901282861
18.0,0.01,True,0.15810165056395276,0.0016708514492442274,8.139807926224897e-05,0.00018276629271043595
18.2,0.01,True,0.15812203017037313,0.0016690172846664463,8.136975303966196e-05,0.00018253864840124008
18.400000000000002,0.01,True,0.15814197669592875,0.0016672220973663917,8.134202662410359e-05,0.00018231577144454977
18.6,0.01,True,0.15816150380526697,0.001665464657525994,8.131488115727167e-05,0.00018209751361156348
18.8,0.01,True,0.15818062459395343,0.0016637437865441923,8.128829856348353e-05,0.00018188373275638596
19.0,0.01,True,0.15819935161780707,0.0016620583543973699,8.126226150948004e-05,0.00018167429250714323
19.200000000000003,0.01,True,0.1582176969204297,0.0016604072771613106,8.123675336668504e-05,0.00018146906197569912
19.400000000000002,0.01,True,0.15823567205907274,0.0016587895146834308,8.121175817574287e-05,0.00018126791548473293
19.6,0.01,True,0.15825328812894832,0.0016572040683946513,8.118726061317776e-05,0.00018107073231094634
19.8,0.01,True,0.15827055578609653,0.0016556499792512766,8.116324596002711e-05,0.00018087739644331158
20.0,0.01,True,0.15828748526891115,0.0016541263257979892,8.11397000723131e-05,0.00018068779635535423
0.0,0.011019741482726822,False,-0.10148025851727323,0.025010279083193237,0.00028926821392157915,-0.00282731780087318
0.2,0.011019741482726822,True,0.08601974148272676,0.008326480611204513,0.00018595813752101515,0.0005302835721157338
0.4,0.011019741482726822,True,0.11164631184439926,0.006046221755511802,0.0001557884803157107,0.000519249879280551
0.6000000000000001,0.011019741482726822,True,0.12351974148272674,0.004989720916806766,0.00014050170390476698,0.00047582733381015905
0.8,0.011019741482726822,True,0.13057957805185558,0.0043615348337959926,0.000131019531527922,0.0004385078467276288
1.0,0.011019741482726822,True,0.13531828816865257,0.003939883182564975,0.00012449060221736644,0.00040864764563178886
1.2000000000000002,0.011019741482726822,True,0.13874061669366097,0.0036353635056786933,0.00011969329095615328,0.0003846792837273379
1.4000000000000001,0.011019741482726822,True,0.14133764734615434,0.003404279046842543,0.00011600691848738616,0.0003651458729031476
1.6,0.011019741482726822,True,0.14338042297847586,0.003222512342985798,0.0001130794347272704,0.0003489657480633926
1.8,0.011019741482726822,True,0.14503173806234243,0.0030755778999298727,0.00011069502386735655,0.00033536138450560195
2.0,0.011019741482726822,True,0.14639568369973024,0.0029542136645115914,0.00010871347372394,0.00032377065548731994
2.2,0.011019741482726822,True,0.14754211209775545,0.0028522041692837737,0.00010703947702938239,0.0003137807502407696
2.4000000000000004,0.011019741482726822,True,0.14851974148272679,0.002765214453874938,0.00010560585587613205,0.00030508307995767323
2.6,0.011019741482726822,True,0.14936363845306508,0.002690124283292291,0.00010436382625805471,0.0002974429245854259
2.8000000000000003,0.011019741482726822,True,0.15009971571269853,0.0026246279384414357,0.00010327706585823872,0.0002906788415534268
3.0,0.011019741482726822,True,0.15074755302133422,0.00256698320724189,0.00010231795022801516,0.00028464848691055623
3.2,0.011019741482726822,True,0.1513222307749137,0.00251584823216426,0.00010146508195316943,0.00027923868482904933
3.4000000000000004,0.011019741482726822,True,0.15183555866010048,0.002470172184236212,0.00010070162062840438,0.0002743583529517415
3.6,0.011019741482726822,True,0.152296920901764,0.002429120052702888,0.00010001412522353682,0.0002699333793038437
3.8000000000000003,0.011019741482726822,True,0.15271387125634583,0.002392019702363322,9.939173369952741e-05,0.00026590285516982763
4.0,0.011019741482726822,True,0.15309256040594477,0.0023583238439343224,9.882557016940414e-05,0.000262216265364891
4.2,0.011019741482726822,True,0.15343804853032275,0.0023275822213125207,9.830830898910085e-05,0.0002588313648429661
4.4,0.011019741482726822,True,0.153754537608719,0.002299420941298945,9.783384921359029e-05,0.00025571255438363433
4.6000000000000005,0.011019741482726822,True,0.1540455465809916,0.0022735268877152725,9.739706804360711e-05,0.0002528296240410727
4.800000000000001,0.011019741482726822,True,0.15431404516378122,0.0022496358144071258,9.699363170943793e-05,0.000250156770957043
5.0,0.011019741482726822,True,0.15456255730525326,0.0022275231398142577,9.661984872353377e-05,0.0002476718242227851
5.2,0.011019741482726822,True,0.15479324204187964,0.0022069967523132574,9.627255479866635e-05,0.000245355627667802
5.4,0.011019741482726822,True,0.15500795732715889,0.002187891330721508,9.59490217176575e-05,0.00024319154431128284
5.6000000000000005,0.011019741482726822,True,0.15520831088338063,0.002170063819494041,9.564688452064472e-05,0.0002411650554121628
5.800000000000001,0.011019741482726822,True,0.15539570106012773,0.0021533897931234765,9.536408284425463e-05,0.00023926343371389144
6.0,0.011019741482726822,True,0.1555713499226558,0.002137760511927455,9.509881329772641e-05,0.00023747547535417552
6.2,0.011019741482726822,True,0.15573633024446437,0.002123080520242669,9.484949052216584e-05,0.00023579127851393572
6.4,0.011019741482726822,True,0.15589158767765232,0.00210926567370087,9.461471513687234e-05,0.00023420205957032928
6.6000000000000005,0.011019741482726822,True,0.15603795907885717,0.002096241508582148,9.439324718979522e-05,0.00023269999954574782
6.800000000000001,0.011019741482726822,True,0.15617618774799896,0.002083941885867429,9.418398403821477e-05,0.00023127811518493588
7.0,0.011019741482726822,True,0.15630693617100497,0.0020723078573875947,9.398594181908647e-05,0.00022993015017226838
7.2,0.011019741482726822,True,0.15643079673156374,0.002061286712689001,9.379823984621738e-05,0.00022865048291190895
7.4,0.011019741482726822,True,0.15654830076035414,0.002050831173830388,9.362008740793055e-05,0.00022743404800157916
7.6000000000000005,0.011019741482726822,True,0.15665992621564576,0.002040898711961464,9.345077254448664e-05,0.0002262762690850028
7.800000000000001,0.011019741482726822,True,0.15676610423115286,0.0020314509646927794,9.328965246686861e-05,0.00022517300120463568
8.0,0.011019741482726822,True,0.1568672247216434,0.0020224532373075404,9.313614534314178e-05,0.0002241204811225954
8.200000000000001,0.011019741482726822,True,0.15696364120098147,0.0020138740740507114,9.298972322965177e-05,0.00022311528435360291
8.4,0.011019741482726822,True,0.15705567493890998,0.0020056848882575038,9.28499059648856e-05,0.0002221542878751689
8.6,0.011019741482726822,True,0.15714361856021264,0.001997859642099067,9.271625587625478e-05,0.00022123463765860393
8.8,0.011019741482726822,True,0.15722773917171692,0.001990374568340787,9.258837317613111e-05,0.0002203537203089728
9.0,0.011019741482726822,True,0.157308281087942,0.001983207927813606,9.246589194453068e-05,0.00021950913821980708
9.200000000000001,0.011019741482726822,True,0.15738546821429322,0.001976339797356654,9.234847661295516e-05,0.0002186986877445632
9.4,0.011019741482726822,True,0.1574595061370278,0.001969751883851675,9.223581887785943e-05,0.0002179203399659055
9.600000000000001,0.011019741482726822,True,0.15753058396127584,0.001963427360675219,9.212763498366329e-05,0.0002171722237090505
9.8,0.011019741482726822,True,0.15759887593189495,0.001957350723474884,9.202366332464556e-05,0.00021645261049947745
10.0,0.011019741482726822,True,0.15766454286653478,0.001951507662654597,9.192366232285564e-05,0.00021575990121012117
10.200000000000001,0.011019741482726822,True,0.15772773342584506,0.0019458849503512998,9.182740854563973e-05,0.0002150926141807338
10.4,0.011019741482726822,True,0.1577885852420333,0.0019404703400156121,9.173469503177295e-05,0.00021444937462341776
10.600000000000001,0.011019741482726822,True,0.1578472259238812,0.0019352524769851835,9.16453297996927e-05,0.00021382890515473827
10.8,0.011019741482726822,True,0.15790377395372784,0.0019302208186707873,9.155913451511398e-05,0.0002132300173170575
11.0,0.011019741482726822,True,0.1579583394897439,0.0019253655631699274,9.147594329848993e-05,0.00021265160397056741
11.200000000000001,0.011019741482726822,True,0.15801102508496703,0.0019206775852868639,9.139560165547527e-05,0.00021209263245342133
11.4,0.011019741482726822,True,0.15806192633301033,0.0019161483790771099,9.131796551583057e-05,0.0002115521384209727
11.600000000000001,0.011019741482726822,True,0.15811113244903455,0.0019117700061526406,9.124290036814165e-05,0.0002110292202867501
11.8,0.011019741482726822,True,0.15815872679342924,0.0019075350490844346,9.117028047938615e-05,0.0002105230341976496
12.0,0.011019741482726822,True,0.1582047873446979,0.001903436569325108,9.109998818978863e-05,0.00021003278948441138
12.200000000000001,0.011019741482726822,True,0.15824938712720443,0.001899468069147839,9.103191327461998e-05,0.0002095577445357199
12.4,0.011019741482726822,True,0.15829259459873612,0.0018956234571610951,9.096595236563538e-05,0.00020909720305062047
12.600000000000001,0.011019741482726822,True,0.15833447400221545,0.0018918970170129262,9.090200842574681e-05,0.00020865051062935532
12.8,0.011019741482726822,True,0.158375085685384,0.0018882833789457948,9.083999027129518e-05,0.0002082170516675315
13.0,0.011019741482726822,True,0.158414486391799,0.0018847774939032013,9.077981213696558e-05,0.00020779624652253215
13.200000000000001,0.011019741482726822,True,0.15845272952611805,0.0018813746099249982,9.07213932789635e-05,0.0002073875489247881
13.4,0.011019741482726822,True,0.15848986539627158,0.0018780702505984868,9.066465761258485e-05,0.00020699044360951137
13.600000000000001,0.011019741482726822,True,0.15852594143485071,0.0018748601953594221,9.060953338074619e-05,0.00020660444414733432
13.8,0.011019741482726822,True,0.15856100240175866,0.001871740461460102,9.055595285043335e-05,0.00020622909095461075
14.0,0.011019741482726822,True,0.1585950905699496,0.0018687072874421186,9.050385203436086e-05,0.0002058639494662468
14.200000000000001,0.011019741482726822,True,0.15862824589588326,0.0018657571179692745,9.04531704354318e-05,0.00020550860845579275
14.4,0.011019741482726822,True,0.1586605061761448,0.0018628865898917782,9.040385081184564e-05,0.00020516267848913618
14.600000000000001,0.011019741482726822,True,0.15869190719151438,0.0018600925194264886,9.035583896093639e-05,0.00020482579049952207
14.8,0.011019741482726822,True,0.15872248283965704,0.0018573718903504136,9.030908352001567e-05,0.00020449759447298922
15.0,0.011019741482726822,True,0.15875226525745922,0.0018547218431150825,9.026353578268329e-05,0.00020417775823432596
15.200000000000001,0.011019741482726822,True,0.1587812849339473,0.0018521396647990832,9.02191495292192e-05,0.00020386596632470972
15.4,0.011019741482726822,True,0.15880957081462124,0.0018496227798243704,9.017588086981346e-05,0.0002035619189630415
15.600000000000001,0.011019741482726822,True,0.15883715039795585,0.0018471687413694157,9.013368809951432e-05,0.00020326533108378235
15.8,0.011019741482726822,True,0.15886404982475366,0.0018447752234189978,9.009253156388296e-05,0.00020297593144482376
16.0,0.011019741482726822,True,0.15889029396094617,0.0018424400133960233,9.00523735344469e-05,0.00020269346179945685
16.2,0.011019741482726822,True,0.15891590647441306,0.0018401610053264562,9.001317809312474e-05,0.00020241767612719631
16.400000000000002,0.011019741482726822,True,0.15894090990630683,0.0018379361934927252,8.997491102487879e-05,0.00020214833991858897
16.6,0.011019741482726822,True,0.1589653257373409,0.0018357636665354104,8.993753971791958e-05,0.0002018852295096572
16.8,0.011019741482726822,True,0.15898917444945002,0.001833641601966661,8.990103307084908e-05,0.00020162813146199735
17.0,0.011019741482726822,True,0.1590124755831957,0.0018315682610621899,8.98653614061865e-05,0.00020137684198492115
17.2,0.011019741482726822,True,0.15903524779125894,0.0018295419841017457,8.983049638976915e-05,0.0002011311663963635
17.400000000000002,0.011019741482726822,True,0.15905750888831832,0.0018275611859305066,8.979641095557059e-05,0.00020089091861951656
17.6,0.011019741482726822,True,0.15907927589760987,0.0018256243518166048,8.976307923551191e-05,0.00020065592071251697
17.8,0.011019741482726822,True,0.15910056509440912,0.0018237300335817968,8.973047649388693e-05,0.00020042600242862265
18.0,0.011019741482726822,True,0.15912139204667958,0.0018218768459846019,8.969857906604907e-05,0.00020020100080463484
18.2,0.011019741482726822,True,0.15914177165309995,0.0018200634633368895,8.966736430103997e-05,0.00019998075977546956
18.400000000000002,0.011019741482726822,True,0.15916171817865557,0.0018182886163363803,8.963681050787038e-05,0.00019976512981291814
18.6,0.011019741482726822,True,0.1591812452879938,0.0018165510890994123,8.960689690517881e-05,0.00019955396758692702
18.8,0.011019741482726822,True,0.15920036607668026,0.0018148497163790168,8.957760357403025e-05,0.00019934713564766855
19.0,0.011019741482726822,True,0.1592190931005339,0.0018131833809552661,8.954891141362123e-05,0.00019914450212703608
19.200000000000003,0.011019741482726822,True,0.15923743840315652,0.0018115510111853042,8.952080209969069e-05,0.00019894594045810507
19.400000000000002,0.011019741482726822,True,0.15925541354179956,0.0018099515787019565,8.949325804544128e-05,0.0001987513291113718
19.6,0.011019741482726822,True,0.15927302961167514,0.0018083840962503917,8.946626236479883e-05,0.00019856055134657215
19.8,0.011019741482726822,True,0.15929029726882335,0.0018068476156533205,8.943979883784708e-05,0.00019837349497903503
20.0,0.011019741482726822,True,0.15930722675163797,0.0018053412258959402,8.941385187828812e-05,0.00019819005215959652
0.0,0.012143470234613032,False,-0.10035652976538702,0.02488385959860604,0.00031876609365859217,-0.0028160238901438106
0.2,0.012143470234613032,True,0.08714347023461297,0.00841076026759598,0.00020492106020909495,0.0005280217768206208
0.4,0.012143470234613032,True,0.11277004059628547,0.006159298725830913,0.0001716748779066008,0.0005229094894500007
0.6000000000000001,0.012143470234613032,True,0.12464347023461295,0.005116140401393965,0.00015482924549131618,0.0004828642483459332
0.8,0.012143470234613032,True,0.1317033068037418,0.004495887659719538,0.00014438013666256768,0.00044774313514063134
1.0,0.012143470234613032,True,0.13644201692053878,0.00407956103329362,0.00013718542534643565,0.0004194381101865831
1.2000000000000002,0.012143470234613032,True,0.13986434544554718,0.0037788871253692908,0.00013189891235536132,0.0003966326619470199
1.4000000000000001,0.012143470234613032,True,0.14246137609804055,0.0035507210245468773,0.00012783662519387582,0.0003780039781033167
1.6,0.012143470234613032,True,0.14450415173036207,0.0033712498464018243,0.00012461061377074014,0.0003625489855546689
1.8,0.012143470234613032,True,0.14615546681422864,0.0032261710335840634,0.00012198305464425445,0.00034953947879176687
2.0,0.012143470234613032,True,0.14751941245161646,0.003106339503094525,0.00011979943761270338,0.00033844594075904715
2.2,0.012143470234613032,True,0.14866584084964166,0.0030056182824195468,0.00011795473653100699,0.00032887803269795063
2.4000000000000004,0.012143470234613032,True,0.149643470234613,0.0029197271572592915,0.00011637492308170823,0.0003205431808688138
2.6,0.012143470234613032,True,0.1504873672049513,0.002845585297965844,0.00011500623855119802,0.0003132184010967987
2.8000000000000003,0.012143470234613032,True,0.15122344446458474,0.0027809161042952482,0.00011380865668523431,0.00030673105537332753
3.0,0.012143470234613032,True,0.15187128177322043,0.002723999366505961,0.00011275173605552369,0.00030094553928517706
3.2,0.012143470234613032,True,0.1524459595267999,0.0026735101733430973,0.00011181189726476179,0.0002957539264151878
3.4000000000000004,0.012143470234613032,True,0.1529592874119867,0.0026284109667187787,0.00011097058262166466,0.00029106928587349076
3.6,0.012143470234613032,True,0.1534206496536502,0.002587877281201447,0.00011021298045844434,0.00028682083324740366
3.8000000000000003,0.012143470234613032,True,0.15383760000823204,0.0025512454699634338,0.00010952712108888193,0.0002829503590421668
4.0,0.012143470234613032,True,0.15421628915783098,0.0025179751554198658,0.0001089032235149913,0.00027940956114547307
4.2,0.012143470234613032,True,0.15456177728220896,0.002487621767736863,0.00010833321506639207,0.0002761580265609279
4.4,0.012143470234613032,True,0.1548782663606052,0.0024598161356003383,0.00010781037265938417,0.0002731616859882396
4.6000000000000005,0.012143470234613032,True,0.1551692753328778,0.002434249097165866,0.00010732905110161043,0.000270391617285329
4.800000000000001,0.012143470234613032,True,0.15543777391566743,0.0024106597434350404,0.00010688447469088206,0.00026782310949677464
5.0,0.012143470234613032,True,0.15568628605713947,0.0023888263290807376,0.00010647257550335151,0.0002654349237067386
5.2,0.012143470234613032,True,0.15591697079376585,0.0023685591686509054,0.00010608986657629546,0.0002632087041455541
5.4,0.012143470234613032,True,0.1561316860790451,0.0023496950287986936,0.00010573334148491269,0.0002611285051329778
5.6000000000000005,0.012143470234613032,True,0.15633203963526685,0.002332092660622896,0.00010540039410457305,0.0002591804081490404
5.800000000000001,0.012143470234613032,True,0.15651942981201394,0.0023156292099817634,0.00010508875396810298,0.0002573522096342869
6.0,0.012143470234613032,True,0.15669507867454202,0.002300197310462801,0.00010479643378550488,0.0002556331647444336
6.2,0.012143470234613032,True,0.15686005899635058,0.0022857027119091264,0.00010452168653226153,0.00025401377570592255
6.4,0.012143470234613032,True,0.15701531642953853,0.0022720623326089448,0.00010426297012701735,0.00025248561597521153
6.6000000000000005,0.012143470234613032,True,0.15716168783074339,0.002259202649242211,0.00010401891817466731,0.00025104118333192546
6.800000000000001,0.012143470234613032,True,0.15729991649988517,0.0022470583580573413,0.0001037883155914396,0.0002496737765013493
7.0,0.012143470234613032,True,0.15743066492289118,0.0022355712553397025,0.00010357007818569366,0.00024837739102493827
7.2,0.012143470234613032,True,0.15755452548344995,0.0022246892963142333,0.00010336323546401213,0.00024714663096488706
7.4,0.012143470234613032,True,0.15767202951224035,0.0022143658001112345,0.00010316691608256829,0.000245976633703466
7.6000000000000005,0.012143470234613032,True,0.15778365496753197,0.0022045587749758644,0.00010298033548013481,0.00024486300562630195
7.800000000000001,0.012143470234613032,True,0.15788983298303907,0.0021952303429960233,0.00010280278531983208,0.00024380176689510962
8.0,0.012143470234613032,True,0.15799095347352962,0.002186346247613353,0.00010263362443790938,0.00024278930384579795
8.200000000000001,0.012143470234613032,True,0.15808736995286768,0.002177875430326512,0.00010247227105410796,0.0002418223278111802
8.4,0.012143470234613032,True,0.1581794036907962,0.0021697896654907585,0.00010231819604285342,0.00024089783937892691
8.6,0.012143470234613032,True,0.15826734731209885,0.0021620632441081244,0.00010217091710026793,0.0002400130972657158
8.8,0.012143470234613032,True,0.15835146792360313,0.0021546726990996174,0.00010202999367072031,0.00023916559112661614
9.0,0.012143470234613032,True,0.15843200983982822,0.002147596565839431,0.00010189502251984805,0.000238353017731206
9.200000000000001,0.012143470234613032,True,0.15850919696617943,0.0021408151727756353,0.00010176563385984096,0.0002375732600298377
9.4,0.012143470234613032,True,0.15858323488891402,0.002134310457813163,0.0001016414879481625,0.00023682436870908798
9.600000000000001,0.012143470234613032,True,0.15865431271316205,0.0021280658068314365,0.00010152227209349889,0.00023610454589772335
9.8,0.012143470234613032,True,0.15872260468378116,0.0021220659112820084,0.00010140769801310835,0.0002354121307362337
10.0,0.012143470234613032,True,0.158788271618421,0.002116296642284225,0.00010129749949433447,0.0002347455865658454
10.200000000000001,0.012143470234613032,True,0.15885146217773127,0.002110744939029272,0.00010119143032016896,0.00023410348952887717
10.4,0.012143470234613032,True,0.1589123139939195,0.0021053987096290396,0.00010108926242469224,0.00023348451840227066
10.600000000000001,0.012143470234613032,True,0.1589709546757674,0.002100246742818834,0.00010099078424918542,0.00023288744551139555
10.8,0.012143470234613032,True,0.15902750270561405,0.002095278629151439,0.00010089579927387666,0.00023231112859251914
11.0,0.012143470234613032,True,0.1590820682416301,0.002090484690512262,0.00010080412470379359,0.00023175450349036103
11.200000000000001,0.012143470234613032,True,0.15913475383685324,0.002085855916947361,0.0001007155902901617,0.00023121657759240044
11.4,0.012143470234613032,True,0.15918565508489654,0.0020813839099335404,0.00010063003727130155,0.00023069642391463242
11.600000000000001,0.012143470234613032,True,0.15923486120092076,0.002077060831336416,0.00010054731741911208,0.00023019317576461115
11.8,0.012143470234613032,True,0.15928245554531545,0.0020728793574014337,0.00010046729217905307,0.00022970602191704287
12.0,0.012143470234613032,True,0.1593285160965841,0.0020688326372078954,0.00010038983189309372,0.00022923420224542297
12.200000000000001,0.012143470234613032,True,0.15937311587909064,0.0020649142550885568,0.00010031481509643202,0.00022877700376018264
12.4,0.012143470234613032,True,0.15941632335062234,0.0020611181965798694,0.0001002421278799344,0.00022833375700989362
12.600000000000001,0.012143470234613032,True,0.15945820275410166,0.002057438817521502,0.00010017166331123851,0.00022790383280726432
12.8,0.012143470234613032,True,0.1594988144372702,0.0020538708159704095,0.00010010332090830924,0.00022748663924627982
13.0,0.012143470234613032,True,0.1595382151436852,0.0020504092066344595,0.00010003700615998674,0.00022708161898065462
13.200000000000001,0.012143470234613032,True,0.15957645827800426,0.002047049297565853,9.997263008869683e-05,0.00022668824673733844
13.4,0.012143470234613032,True,0.1596135941481578,0.002043786668884359,9.991010885106253e-05,0.00022630602704166091
13.600000000000001,0.012143470234613032,True,0.15964967018673693,0.0020406171533271,9.984936337263295e-05,0.00022593449213343652
13.8,0.012143470234613032,True,0.15968473115364487,0.002037536818444363,9.979031901337745e-05,0.0002255732000555636
14.0,0.012143470234613032,True,0.15971881932183582,0.0020345419502810756,9.973290526096166e-05,0.00022522173289867692
14.200000000000001,0.012143470234613032,True,0.15975197464776947,0.002031629038401261,9.967705544914869e-05,0.0002248796951872018
14.4,0.012143470234613032,True,0.159784234928031,0.0020287947621282386,9.962270649895422e-05,0.000224546712393703
14.600000000000001,0.012143470234613032,True,0.1598156359434006,0.002026035977886758,9.956979868044152e-05,0.00022422242956974018
14.8,0.012143470234613032,True,0.15984621159154325,0.0020233497075456083,9.951827539325577e-05,0.00022390651008276667
15.0,0.012143470234613032,True,0.15987599400934543,0.002020733127669462,9.946808296420317e-05,0.00022359863444956562
15.200000000000001,0.012143470234613032,True,0.1599050136858335,0.0020181835595983032,9.941917046034708e-05,0.0002232984992577438
15.4,0.012143470234613032,True,0.15993329956650745,0.002015698460280976,9.937148951625153e-05,0.0002230058161676136
15.600000000000001,0.012143470234613032,True,0.15996087914984206,0.0020132754137967795,9.93249941741379e-05,0.00022272031098755703
15.8,0.012143470234613032,True,0.15998777857663987,0.0020109121235056637,9.927964073583965e-05,0.00022244172281666514
16.0,0.012143470234613032,True,0.16001402271283238,0.0020086064047730974,9.923538762555556e-05,0.00022216980324894748
16.2,0.012143470234613032,True,0.16003963522629927,0.002006356178221321,9.919219526248837e-05,0.00022190431563408374
16.400000000000002,0.012143470234613032,True,0.16006463865819304,0.002004159463462905,9.915002594255116e-05,0.00022164503439003674
16.6,0.012143470234613032,True,0.1600890544892271,0.002002014373276924,9.910884372839494e-05,0.00022139174436335043
16.8,0.012143470234613032,True,0.16011290320133623,0.001999919108191667,9.906861434708314e-05,0.00022114424023331192
17.0,0.012143470234613032,True,0.1601362043350819,0.0019978719514411373,9.902930509479915e-05,0.0002209023259565077
17.2,0.012143470234613032,True,0.16015897654314515,0.0019958712642656378,9.899088474802808e-05,0.00022066581424862966
17.400000000000002,0.012143470234613032,True,0.16018123764020453,0.001993915481529213,9.895332348070862e-05,0.00022043452610060507
17.6,0.012143470234613032,True,0.16020300464949608,0.0019920031076294947,9.891659278688653e-05,0.00022020829032649207
17.8,0.012143470234613032,True,0.16022429384629533,0.0019901327126772344,9.888066540845298e-05,0.00021998694314066906
18.0,0.012143470234613032,True,0.1602451207985658,0.0019883029289251204,9.884551526757926e-05,0.0002197703277621688
18.2,0.012143470234613032,True,0.16026550040498616,0.0019865124474270947,9.881111740349482e-05,0.00021955829404414224
18.400000000000002,0.012143470234613032,True,0.16028544693054178,0.0019847600149108524,9.877744791329027e-05,0.00021935069812656447
18.6,0.012143470234613032,True,0.16030497403988,0.001983044430848089,9.874448389644246e-05,0.00021914740211058912
18.8,0.012143470234613032,True,0.16032409482856647,0.001981364544707699,9.871220340279995e-05,0.0002189482737528766
19.0,0.012143470234613032,True,0.1603428218524201,0.00197971925337909,9.868058538377112e-05,0.00021875318617859844
19.200000000000003,0.012143470234613032,True,0.16036116715504273,0.001978107498753147,9.864960964649398e-05,0.00021856201761170292
19.400000000000002,0.012143470234613032,True,0.16037914229368577,0.001976528265449912,9.86192568107725e-05,0.00021837465112131086
19.6,0.012143470234613032,True,0.16039675836356135,0.0019749805786825614,9.85895082685895e-05,0.00021819097438308387
19.8,0.012143470234613032,True,0.16041402602070956,0.0019734635022483054,9.856034614601656e-05,0.00021801087945456373
20.0,0.012143470234613032,True,0.16043095550352418,0.0019719761366375184,9.853175326735631e-05,0.0002178342625635489
0.0,0.013381790268862364,False,-0.09911820973113768,0.024744548594752988,0.0003512719945576371,-0.0028039073518746917
0.2,0.013381790268862364,True,0.08838179026886231,0.008503634270164678,0.00022581771078705244,0.0005257487098017522
0.4,0.013381790268862364,True,0.11400836063053481,0.006283906623887572,0.00018918127736094312,0.0005272366151838377
0.6000000000000001,0.013381790268862364,True,0.1258817902688623,0.005255451405247014,0.00017061782592799515,0.0004909478056355071
0.8,0.013381790268862364,True,0.1329416268379911,0.004643941000634666,0.00015910317812622648,0.0004582698934377943
1.0,0.013381790268862364,True,0.1376803369547881,0.004233482413882878,0.00015117479225156406,0.0004316924929840002
1.2000000000000002,0.013381790268862364,True,0.1411026654797965,0.003937046443934849,0.00014534919160089245,0.000410178555756069
1.4000000000000001,0.013381790268862364,True,0.14369969613228986,0.003712096298198978,0.00014087265616607542,0.0003925544538989157
1.6,0.013381790268862364,True,0.1457424717646114,0.003535154730044905,0.00013731767497574752,0.0003779045134513545
1.8,0.013381790268862364,True,0.14739378684847795,0.003392120773778354,0.0001344221727453023,0.0003655553535492785
2.0,0.013381790268862364,True,0.14875773248586577,0.0032739782444972197,0.00013201588322680512,0.00035501369663265667
2.2,0.013381790268862364,True,0.14990416088389097,0.0031746766690753485,0.00012998307032348506,0.00034591417183192104
2.4000000000000004,0.013381790268862364,True,0.1508817902688623,0.0030899961619685746,0.00012824215674326435,0.0003379819960984676
2.6,0.013381790268862364,True,0.1517256872392006,0.0030168993172003393,0.00012673390177350132,0.0003310072204601952
2.8000000000000003,0.013381790268862364,True,0.15246176449883406,0.0029531416227471033,0.00012541419751676918,0.00032482698510220436
3.0,0.013381790268862364,True,0.15310960180746974,0.002897027114876033,0.000124249498306052,0.00031931316967806034
3.2,0.013381790268862364,True,0.15368427956104921,0.0028472495566886644,0.00012321382025508852,0.00031436367659512564
3.4000000000000004,0.013381790268862364,True,0.154197607446236,0.002802786014268712,0.00012228671326783224,0.000309896184316175
3.6,0.013381790268862364,True,0.15465896968789952,0.002762823642858278,0.00012145185526928798,0.0003058436027645426
3.8000000000000003,0.013381790268862364,True,0.15507592004248136,0.0027267081495976307,0.0001206960559746796,0.0003021507190115049
4.0,0.013381790268862364,True,0.1554546091920803,0.002693906773414764,0.00012000853697708207,0.0002987716876840081
4.2,0.013381790268862364,True,0.15580009731645827,0.0026639812105977738,0.00011938040240242869,0.0002956681294579208
4.4,0.013381790268862364,True,0.1561165863948545,0.0026365674932276486,0.00011880424358628533,0.00029280767325605384
4.6000000000000005,0.013381790268862364,True,0.15640759536712712,0.0026113608170336873,0.00011827383967261234,0.00029016282635556314
4.800000000000001,0.013381790268862364,True,0.15667609394991674,0.002588103950477098,0.00011778392796105781,0.0002877100897360427
5.0,0.013381790268862364,True,0.15692460609138878,0.002566578273686334,0.00011733002570470463,0.00028542925889623997
5.2,0.013381790268862364,True,0.15715529082801516,0.002546596774787462,0.00011690829036077569,0.00028330286640263337
5.4,0.013381790268862364,True,0.1573700061132944,0.002527998521174671,0.00011651540892686132,0.0002813157338047959
5.6000000000000005,0.013381790268862364,True,0.15757035966951616,0.002510644254821476,0.00011614850952099191,0.0002794546087134324
5.800000000000001,0.013381790268862364,True,0.15775774984626326,0.0024944128531904303,0.00011580509014703772,0.00027770786875988193
6.0,0.013381790268862364,True,0.15793339870879133,0.0024791984631769297,0.00011548296086279626,0.0002760652785003485
6.2,0.013381790268862364,True,0.1580983790305999,0.0024649081630610074,0.00011518019649241318,0.00027451778854682566
6.4,0.013381790268862364,True,0.15825363646378784,0.002451460042150809,0.00011489509770210005,0.0002730573686139361
6.6000000000000005,0.013381790268862364,True,0.1584000078649927,0.002438781613422628,0.00011462615875977484,0.000271676867987369
6.800000000000001,0.013381790268862364,True,0.15853823653413449,0.0024268084935680644,0.00011437204067453298,0.0002703698983018074
7.0,0.013381790268862364,True,0.1586689849571405,0.0024154832992420803,0.00011413154869521487,0.00026913073457645085
7.2,0.013381790268862364,True,0.15879284551769926,0.0024047547192302043,0.00011390361336316345,0.0002679542312755167
7.4,0.013381790268862364,True,0.15891034954648967,0.0023945767306201614,0.00011368727448000747,0.0002668357507987328
7.6000000000000005,0.013381790268862364,True,0.15902197500178128,0.0023849079335224116,0.00011348166747955662,0.00026577110230659417
7.800000000000001,0.013381790268862364,True,0.1591281530172884,0.0023757109839063696,0.00011328601179288133,0.0002647564891790242
8.0,0.013381790268862364,True,0.15922927350777893,0.002366952108052947,0.00011309960087410353,0.0002637884637188731
8.200000000000001,0.013381790268862364,True,0.159325689987117,0.002358600685224102,0.00011292179361641802,0.000262863887960999
8.4,0.013381790268862364,True,0.1594177237250455,0.0023506288876098524,0.00011275200693712071,0.00026197989964797777
8.6,0.013381790268862364,True,0.15950566734634816,0.0023430113685753615,0.00011258970934980656,0.000261133882594887
8.8,0.013381790268862364,True,0.15958978795785245,0.002335724991805374,0.00011243441537355919,0.0002603234407965171
9.0,0.013381790268862364,True,0.15967032987407753,0.002328748595213646,0.00011228568065453531,0.00025954637573702216
9.200000000000001,0.013381790268862364,True,0.15974751700042875,0.002322062784514797,0.00011214309769612788,0.0002588006664492126
9.4,0.013381790268862364,True,0.15982155492316333,0.0023156497521953415,0.00011200629211084446,0.00025808445194245287
9.600000000000001,0.013381790268862364,True,0.15989263274741136,0.002309493118307372,0.00011187491932094094,0.00025739601567725356
9.8,0.013381790268862364,True,0.15996092471803047,0.00230357779007334,0.00011174866164628843,0.0002567337718137601
10.0,0.013381790268862364,True,0.1600265916526703,0.0022978898377563088,0.00011162722572742168,0.00025609625300202795
10.200000000000001,0.013381790268862364,True,0.16008978221198059,0.002292416384636925,0.00011151034023956265,0.00025548209951613857
10.4,0.013381790268862364,True,0.16015063402816881,0.002287145509259799,0.00011139775385996389,0.00025489004956267197
10.600000000000001,0.013381790268862364,True,0.16020927471001672,0.0022820661583807474,0.00011128923345638631,0.0002543189306180674
10.8,0.013381790268862364,True,0.16026582273986337,0.0022771680692716093,0.00011118456246912175,0.0002537676516696389
11.0,0.013381790268862364,True,0.1603203882758794,0.0022724417002288606,0.00011108353946283618,0.00025323519625215427
11.200000000000001,0.013381790268862364,True,0.16037307387110256,0.0022678781682920405,0.00011098597682778134,0.00025272061618637884
11.4,0.013381790268862364,True,0.16042397511914586,0.00226346919331344,0.00011089169961269078,0.0002522230259383776
11.600000000000001,0.013381790268862364,True,0.16047318123517007,0.002259207047635596,0.00011080054447402906,0.00025174159752897144
11.8,0.013381790268862364,True,0.16052077557956476,0.0022550845107307945,0.00011071235872827471,0.0002512755559316958
12.0,0.013381790268862364,True,0.16056683613083342,0.002251094828240681,0.00011062699949562969,0.00025082417490545836
12.200000000000001,0.013381790268862364,True,0.16061143591333996,0.002247231674925543,0.00011054433292502227,0.00025038677321470923
12.4,0.013381790268862364,True,0.16065464338487165,0.0022434891210944825,0.00011046423349153201,0.00024996271119574125
12.600000000000001,0.013381790268862364,True,0.16069652278835098,0.002239861602140466,0.00011038658335845994,0.00024955138763265783
12.8,0.013381790268862364,True,0.16073713447151952,0.002236343890850266,0.00011031127179720103,0.0002491522369109593
13.0,0.013381790268862364,True,0.16077653517793453,0.002232931072198433,0.00011023819465890045,0.000248764726420314
13.200000000000001,0.013381790268862364,True,0.16081477831225358,0.0022296185203692265,0.0001101672538925716,0.00024838835418150037
13.4,0.013381790268862364,True,0.1608519141824071,0.002226401877779733,0.0001100983571049806,0.000248022646675195
13.600000000000001,0.013381790268862364,True,0.16088799022098624,0.0022232770359038026,0.00011003141715812673,0.00024766715685290753
13.8,0.013381790268862364,True,0.16092305118789418,0.002220240117718808,0.00010996635180062585,0.00024732146231245405
14.0,0.013381790268862364,True,0.16095713935608513,0.002217287461617122,0.00010990308332970832,0.0002469851636222991
14.200000000000001,0.013381790268862364,True,0.16099029468201878,0.0022144156066416535,0.00010984153828090454,0.0002466578827807966
14.4,0.013381790268862364,True,0.16102255496228032,0.0022116212789199895,0.00010978164714280447,0.0002463392617978382
14.600000000000001,0.013381790268862364,True,0.1610539559776499,0.002208901379184937,0.00010972334409456197,0.000246028961387659
14.8,0.013381790268862364,True,0.16108453162579256,0.0022062529712814426,0.00010966656676404926,0.0002457266597628351
15.0,0.013381790268862364,True,0.16111431404359475,0.002203673271569929,0.00010961125600479429,0.00024543205152039913
15.200000000000001,0.013381790268862364,True,0.16114333372008283,0.0022011596391455527,0.00010955735569001757,0.0002451448466119913
15.4,0.013381790268862364,True,0.16117161960075677,0.0021987095668009504,0.00010950481252225904,0.00024486476939072845
15.600000000000001,0.013381790268862364,True,0.16119919918409137,0.0021963206726673336,0.00010945357585723471,0.00024459155772820434
15.8,0.013381790268862364,True,0.16122609861088918,0.0021939906924753312,0.00010940359754069478,0.00024432496219570606
16.0,0.013381790268862364,True,0.1612523427470817,0.0021917174723823938,0.00010935483175718104,0.00024406474530419225
16.2,0.013381790268862364,True,0.16127795526054858,0.0021894989623191703,0.00010930723488967821,0.0002438106807982505
16.400000000000002,0.013381790268862364,True,0.16130295869244235,0.0021873332098113936,0.00010926076538925716,0.0002435625529995574
16.6,0.013381790268862364,True,0.16132737452347642,0.002185218354238135,0.00010921538365388838,0.00024332015619586198
16.8,0.013381790268862364,True,0.16135122323558554,0.002183152621490874,0.00010917105191568177,0.000243083294071846
17.0,0.013381790268862364,True,0.16137452436933122,0.002181134319001082,0.00010912773413587686,0.0002428517791785479
17.2,0.013381790268862364,True,0.16139729657739446,0.0021791618311070514,0.00010908539590696749,0.00024262543243835525
17.400000000000002,0.013381790268862364,True,0.16141955767445385,0.0021772336147330997,0.00010904400436140508,0.0002424040826827641
17.6,0.013381790268862364,True,0.1614413246837454,0.002175348195357073,0.000109003528086365,0.00024218756622047582
17.8,0.013381790268862364,True,0.16146261388054464,0.002173504163243722,0.00010896393704411603,0.00024197572643346136
18.0,0.013381790268862364,True,0.1614834408328151,0.002171700169923857,0.00010892520249756505,0.0002417684133989486
18.2,0.013381790268862364,True,0.16150382043923547,0.0021699349249007516,0.00010888729694058821,0.00024156548353540866
18.400000000000002,0.013381790268862364,True,0.1615237669647911,0.0021682071925667188,0.00010885019403279727,0.00024136679927073333
18.6,0.013381790268862364,True,0.16154329407412932,0.0021665157893146596,0.00010881386853840777,0.00024117222873109467
18.8,0.013381790268862364,True,0.16156241486281578,0.002164859580829971,0.00010877829626892023,0.00024098164544887298
19.0,0.013381790268862364,True,0.16158114188666942,0.002163237479550182,0.00010874345402933085,0.00024079492808842822
19.200000000000003,0.013381790268862364,True,0.16159948718929204,0.0021616484422800107,0.00010870931956762776,0.00024061196018835396
19.400000000000002,0.013381790268862364,True,0.16161746232793509,0.0021600914679510757,0.00010867587152733592,0.00024043262991914108
19.6,0.013381790268862364,True,0.16163507839781066,0.0021585655955159767,0.00010864308940290146,0.0002402568298551403
19.8,0.013381790268862364,True,0.16165234605495887,0.002157069901967512,0.00010861095349771732,0.00024008445675987114
20.0,0.013381790268862364,True,0.1616692755377735,0.002155603500474464,0.00010857944488460903,0.0002399154113837861
0.0,0.01474638693389327,False,-0.09775361306610678,0.024591031469937012,0.00038709265701469846,-0.002790954832223376
0.2,0.01474638693389327,True,0.08974638693389321,0.008605979020041997,0.000248845279509449,0.0005235102435682073
0.4,0.01474638693389327,True,0.11537295729556571,0.006421221306216609,0.00020847287698896335,0.0005323624145585421
0.6000000000000001,0.01474638693389327,True,0.1272463869338932,0.005408968530062992,0.00018801643340713922,0.0005002552690825078
0.8,0.01474638693389327,True,0.13430622350302202,0.004807091954888539,0.00017532758920312525,0.00047029477728971394
1.0,0.01474638693389327,True,0.139044933619819,0.004403099796158681,0.00016659071293171696,0.0004456380059466055
1.2000000000000002,0.01474638693389327,True,0.1424672621448274,0.004111333924302518,0.00016017105161651634,0.0004255594363420125
1.4000000000000001,0.01474638693389327,True,0.14506429279732078,0.0038899276779340228,0.00015523802529352135,0.0004090515823387019
1.6,0.01474638693389327,True,0.1471070684296423,0.0037157736745952225,0.00015132052792418436,0.00039529604429355846
1.8,0.01474638693389327,True,0.14875838351350887,0.003574993097385031,0.00014812975931996787,0.00038368043491898143
2.0,0.01474638693389327,True,0.15012232915089668,0.0034587118037719593,0.00014547809047732444,0.0003737517813666212
2.2,0.01474638693389327,True,0.15126875754892188,0.00336097464071873,0.0001432379832095906,0.0003651724748453658
2.4000000000000004,0.01474638693389327,True,0.15224638693389322,0.003277628203410324,0.00014131954144981052,0.0003576875102320389
2.6,0.01474638693389327,True,0.15309028390423152,0.003205682937633442,0.0001396574834641279,0.0003511014275651266
2.8000000000000003,0.01474638693389327,True,0.15382636116386497,0.003142929691753907,0.00013820320348984365,0.0003452622343865276
3.0,0.01474638693389327,True,0.15447419847250066,0.003087699220513684,0.00013691973506911972,0.00034005012714389665
3.2,0.01474638693389327,True,0.15504887622608013,0.003038705865672317,0.00013577844463102452,0.0003353694850230662
3.4000000000000004,0.01474638693389327,True,0.15556220411126692,0.002994942808772558,0.00013475679669838512,0.0003311431078214626
3.6,0.01474638693389327,True,0.15602356635293044,0.002955610010738469,0.00013383680476651067,0.00032730800985732834
3.8000000000000003,0.01474638693389327,True,0.15644051670751227,0.0029200634865411677,0.00013300393348256954,0.00032381230717067055
4.0,0.01474638693389327,True,0.1568192058571112,0.002887778868308927,0.0001322463053207707,0.00032061288349838254
4.2,0.01474638693389327,True,0.1571646939814892,0.002858324757434271,0.00013155411725786643,0.00031767361854400506
4.4,0.01474638693389327,True,0.15748118305988543,0.0028313429200050436,0.00013091920513717703,0.00031496402755344774
4.6000000000000005,0.01474638693389327,True,0.15777219203215803,0.0028065333536841396,0.00013033471373616673,0.00031245820548594385
4.800000000000001,0.01474638693389327,True,0.15804069061494766,0.002783642879398191,0.00012979484369509767,0.0003101339993903738
5.0,0.01474638693389327,True,0.1582892027564197,0.0027624563214468994,0.00012929465514275378,0.00030797235362850777
5.2,0.01474638693389327,True,0.15851988749304607,0.002742789614170301,0.00012882991369633122,0.00030595678735904013
5.4,0.01474638693389327,True,0.15873460277832532,0.0027244843603197334,0.00012839696851282126,0.00030407297419829133
5.6000000000000005,0.01474638693389327,True,0.15893495633454707,0.0027074034957611853,0.00012799265485253657,0.0003023084015262675
5.800000000000001,0.01474638693389327,True,0.15912234651129417,0.0026914278061403885,0.00012761421558042308,0.00030065209239838007
6.0,0.01474638693389327,True,0.15929799537382225,0.00267645310597891,0.0001272592374367874,0.0002990943770576932
6.2,0.01474638693389327,True,0.1594629756956308,0.002662387937459924,0.00012692559892760717,0.0002976267040359053
6.4,0.01474638693389327,True,0.15961823312881876,0.002649151680325274,0.0001266114274309783,0.00029624148307278326
6.6000000000000005,0.01474638693389327,True,0.1597646045300236,0.002636672989523034,0.00012631506366907213,0.00029493195377707046
6.800000000000001,0.01474638693389327,True,0.1599028331991654,0.0026248884960493927,0.00012603503210852705,0.0002936920752416671
7.0,0.01474638693389327,True,0.1600335816221714,0.002613741720585401,0.00012577001616445154,0.00029251643281612695
7.2,0.01474638693389327,True,0.16015744218273018,0.002603182160281392,0.00012551883732105296,0.0002914001590053287
7.4,0.01474638693389327,True,0.16027494621152058,0.0025931645172771645,0.00012528043746454887,0.0002903388660596724
7.6000000000000005,0.01474638693389327,True,0.1603865716668122,0.0025836480439034373,0.00012505386386534815,0.00028932858828998963
7.800000000000001,0.01474638693389327,True,0.1604927496823193,0.0025745959844532566,0.00012483825635666943,0.00028836573250929157
8.0,0.01474638693389327,True,0.16059387017280985,0.002565975097283924,0.00012463283634322054,0.00028744703529665706
8.200000000000001,0.01474638693389327,True,0.1606902866521479,0.0025577552440612375,0.00012443689734187587,0.00028656952601235886
8.4,0.01474638693389327,True,0.16078232039007642,0.0025499090353788352,0.00012424979681056915,0.00028573049468126144
8.6,0.01474638693389327,True,0.16087026401137908,0.002542411523916685,0.0001240709490650219,0.0002849274640130278
8.8,0.01474638693389327,True,0.16095438462288336,0.002535239937852616,0.00012389981911781482,0.0002841581649506101
9.0,0.01474638693389327,True,0.16103492653910845,0.0025283734484911643,0.00012373591730249992,0.000283420515238707
9.200000000000001,0.01474638693389327,True,0.16111211366545966,0.0025217929670875174,0.0001235787945683507,0.0002827126005858102
9.4,0.01474638693389327,True,0.16118615158819424,0.002515480966670511,0.00012342803835002907,0.00028203265806094134
9.600000000000001,0.01474638693389327,True,0.16125722941244228,0.0025094213253444683,0.00012328326893176894,0.0002813790614217789
9.8,0.01474638693389327,True,0.1613255213830614,0.002503599188105792,0.00012314413623828083,0.00028075030811709517
10.0,0.01474638693389327,True,0.16139118831770122,0.0024980008446687726,0.00012301031699501797,0.00028014500774469663
10.200000000000001,0.01474638693389327,True,0.1614543788770115,0.002492613621175885,0.00012288151220908906,0.00027956187177824183
10.4,0.01474638693389327,True,0.16151523069319973,0.0024874257839841906,0.0001227574449293236,0.0002789997044030961
10.600000000000001,0.01474638693389327,True,0.16157387137504764,0.002482426453984024,0.00012263785825002098,0.0002784573943240093
10.8,0.01474638693389327,True,0.16163041940489428,0.0024776055301278283,0.00012252251352798125,0.0002779339074264651
11.0,0.01474638693389327,True,0.16168498494091033,0.002472953621033553,0.00012241118878667377,0.0002774282801897059
11.200000000000001,0.01474638693389327,True,0.16173767053613347,0.00246846198368427,0.00012230367728500598,0.00027693961376309094
11.4,0.01474638693389327,True,0.16178857178417677,0.002464122468378995,0.00012219978623120503,0.00027646706862913283
11.600000000000001,0.01474638693389327,True,0.16183777790020099,0.002459927469202977,0.0001220993356249176,0.0002760098597865573
11.8,0.01474638693389327,True,0.16188537224459568,0.0024558698793818107,0.00012200215721285018,0.00027556725239516456
12.0,0.01474638693389327,True,0.16193143279586433,0.0024519430509663477,0.00012190809354515896,0.00027513855783168473
12.200000000000001,0.01474638693389327,True,0.16197603257837087,0.0024481407583656794,0.00012181699712142323,0.00027472313011205366
12.4,0.01474638693389327,True,0.16201924004990256,0.0024444571653061756,0.00012172872961642566,0.00027432036264101996
12.600000000000001,0.01474638693389327,True,0.1620611194533819,0.002440886794846481,0.00012164316117717034,0.00027392968525462763
12.8,0.01474638693389327,True,0.16210173113655044,0.002437424502123694,0.00012156016978359697,0.0002735505615252984
13.0,0.01474638693389327,True,0.16214113184296544,0.0024340654495444342,0.00012147964066635995,0.0002731824863026311
13.200000000000001,0.01474638693389327,True,0.1621793749772845,0.00243080508416878,0.00012140146577580693,0.0002728249834662912
13.4,0.01474638693389327,True,0.16221651084743802,0.002427639117063851,0.0001213255432969826,0.00027247760386987037
13.600000000000001,0.01474638693389327,True,0.16225258688601715,0.002424563504429853,0.0001212517772060629,0.00027213992345710805
13.8,0.01474638693389327,True,0.1622876478529251,0.002421574430323374,0.00012118007686414881,0.0002718115415338186
14.0,0.01474638693389327,True,0.16232173602111605,0.002418668290822318,0.00012111035664479693,0.0002714920791807073
14.200000000000001,0.01474638693389327,True,0.1623548913470497,0.0024158416794940463,0.00012104253559206101,0.00027118117779386893
14.4,0.01474638693389327,True,0.16238715162731124,0.0024130913740432404,0.0001209765371061641,0.0002708784977411524
14.600000000000001,0.01474638693389327,True,0.16241855264268082,0.0024104143240290398,0.00012091228865423536,0.0002705837171237471
14.8,0.01474638693389327,True,0.16244912829082347,0.002407807639553032,0.00012084972150380242,0.00027029653063357295
15.0,0.01474638693389327,True,0.16247891070862566,0.002405268580829528,0.0001207887704769821,0.0002700166484978815
15.200000000000001,0.01474638693389327,True,0.16250793038511374,0.0024027945485589077,0.0001207293737235144,0.00026974379550342737
15.4,0.01474638693389327,True,0.16253621626578768,0.0024003830750327403,0.00012067147251097614,0.0002694777100932818
15.600000000000001,0.01474638693389327,True,0.16256379584912228,0.0023980318159065647,0.00012061501103067564,0.00026921814353005915
15.8,0.01474638693389327,True,0.1625906952759201,0.0023957385425826616,0.00012055993621787445,0.00026896485911996
16.0,0.01474638693389327,True,0.1626169394121126,0.002393501135150449,0.00012050619758512204,0.0002687176314924613
16.2,0.01474638693389327,True,0.1626425519255795,0.002391317575837686,0.00012045374706759514,0.0002684762459311366
16.400000000000002,0.01474638693389327,True,0.16266755535747326,0.002389185942929686,0.000120402538879448,0.00026824049775136367
16.6,0.01474638693389327,True,0.16269197118850734,0.0023871044051180304,0.00012035252938026787,0.00026801019172115366
16.8,0.01474638693389327,True,0.16271581990061645,0.0023850712162437784,0.0001203036769508162,0.0002677851415216507
17.0,0.01474638693389327,True,0.16273912103436214,0.0023830847104033877,0.00012025594187731062,0.00026756516924416414
17.2,0.01474638693389327,True,0.16276189324242538,0.0023811432973885353,0.00012020928624356885,0.00026735010492090066
17.400000000000002,0.01474638693389327,True,0.16278415433948476,0.0023792454584333905,0.00012016367383040202,0.0002671397860867372
17.6,0.01474638693389327,True,0.1628059213487763,0.002377389742245651,0.00012011907002168946,0.00026693405736974353
17.8,0.01474638693389327,True,0.16282721054557556,0.0023755747612992538,0.00012007544171662792,0.00026673277010820105
18.0,0.01474638693389327,True,0.16284803749784602,0.0023737991883689994,0.00012003275724768367,0.00026653578199218757
18.2,0.01474638693389327,True,0.1628684171042664,0.00237206175328885,0.00011999098630381932,0.00026634295672790657
18.400000000000002,0.01474638693389327,True,0.162888363629822,0.0023703612399170694,0.00011995009985860796,0.0002661541637230394
18.6,0.01474638693389327,True,0.16290789073916023,0.002368696483293291,0.0001199100701028675,0.000265969277791709
18.8,0.01474638693389327,True,0.1629270115278467,0.0023670663669730766,0.00011987087038149685,0.0002657881788775038
19.0,0.01474638693389327,True,0.16294573855170033,0.0023654698205275836,0.00011983247513420145,0.0002656107517934237
19.200000000000003,0.01474638693389327,True,0.16296408385432296,0.002363905817196191,0.00011979485983983945,0.0002654368859774424
19.400000000000002,0.01474638693389327,True,0.162982058992966,0.0023623733716815016,0.00011975800096412745,0.00026526647526267904
19.6,0.01474638693389327,True,0.16299967506284158,0.002360871538076606,0.0001197218759104752,0.00026509941766112257
19.8,0.01474638693389327,True,0.1630169427199898,0.0023593994079154986,0.00011968646297373095,0.00026493561516000773
20.0,0.01474638693389327,True,0.1630338722028044,0.0023579561083382394,0.00011965174129663768,0.0002647749735300009
0.0,0.016250137181576446,False,-0.0962498628184236,0.024421859567072657,0.0004265661010163818,-0.0027771667341179307
0.2,0.016250137181576446,True,0.09125013718157639,0.008718760288618234,0.0002742210649391026,0.0005213670074505918
0.4,0.016250137181576446,True,0.11687670754324889,0.006572538536321482,0.00022973172105786855,0.0005384449432685104
0.6000000000000001,0.016250137181576446,True,0.12875013718157635,0.005578140432927349,0.0002071892490650997,0.0005109970968923942
0.8,0.016250137181576446,True,0.1358099737507052,0.004986880088742327,0.00019320647078081667,0.0004840615831691931
1.0,0.016250137181576446,True,0.1405486838675022,0.004590013766524301,0.0001835786589930677,0.00046154173482563935
1.2000000000000002,0.016250137181576446,True,0.1439710123925106,0.004303394222035272,0.00017650435818305043,0.0004430596646874482
1.4000000000000001,0.016250137181576446,True,0.14656804304500395,0.004085893261153705,0.0001710682907023613,0.0004277930886757065
1.6,0.016250137181576446,True,0.14861081867732548,0.003914811082177969,0.0001667513098754257,0.0004150319700141088
1.8,0.016250137181576446,True,0.15026213376119205,0.0037765136704341444,0.00016323516536045901,0.00040423183693728674
2.0,0.016250137181576446,True,0.15162607939857986,0.0036622834104111214,0.0001603130948460858,0.00039498458032101273
2.2,0.016250137181576446,True,0.15277250779660506,0.0035662701893453734,0.00015784455454768536,0.0003869834857588809
2.4000000000000004,0.016250137181576446,True,0.1537501371815764,0.003484393862466761,0.00015573048132344096,0.0003799955530254664
2.6,0.016250137181576446,True,0.1545940341519147,0.0034137176069680437,0.00015389893639028855,0.0003738414399263217
2.8000000000000003,0.016250137181576446,True,0.15533011141154815,0.0033520712374499966,0.00015229635745427663,0.00036838124131827746
3.0,0.016250137181576446,True,0.15597794872018383,0.003297814951723093,0.0001508820084345145,0.0003635044029940057
3.2,0.016250137181576446,True,0.1565526264737633,0.003249685768696009,0.00014962433587606278,0.00035912250642770795
3.4000000000000004,0.016250137181576446,True,0.1570659543589501,0.0032066946287307423,0.00014849850626565795,0.00035516404593365525
3.6,0.016250137181576446,True,0.15752731660061361,0.0031680556042818268,0.00014748469894011284,0.0003515705992439388
3.8000000000000003,0.016250137181576446,True,0.15794426695519545,0.0031331360692834994,0.00014656689631637105,0.00034829398341749377
4.0,0.016250137181576446,True,0.15832295610479438,0.0031014209049537635,0.00014573200966806537,0.00034529411612942097
4.2,0.016250137181576446,True,0.15866844422917237,0.003072486321931712,0.00014496923631700194,0.0003425373882993148
4.4,0.016250137181576446,True,0.1589849333075686,0.003045980405032512,0.0001442695795735772,0.00033999541197667754
4.6000000000000005,0.016250137181576446,True,0.1592759422798412,0.003021608443525741,0.00014362548515977619,0.00033764404688351065
4.800000000000001,0.016250137181576446,True,0.15954444086263084,0.0029991217240501644,0.00014303056233109113,0.0003354626362114618
5.0,0.016250137181576446,True,0.15979295300410287,0.002978308866293164,0.00014247936747714628,0.00033343340122614026
5.2,0.016250137181576446,True,0.16002363774072925,0.0029589890512464042,0.00014196723441755774,0.000331540957597881
5.4,0.016250137181576446,True,0.1602383530260085,0.0029410066755592565,0.00014149014001771062,0.0003297719259124012
5.6000000000000005,0.016250137181576446,True,0.16043870658223025,0.0029242270927105013,0.00014104459681628338,0.00032811461569090495
5.800000000000001,0.016250137181576446,True,0.16062609675897735,0.0029085331911144017,0.0001406275665217232,0.00032655876726091584
6.0,0.016250137181576446,True,0.16080174562150543,0.002893822622973455,0.00014023638978423483,0.00032509533950890023
6.2,0.016250137181576446,True,0.160966725943314,0.002880005543654251,0.00013986872877225,0.00032371633428836884
6.4,0.016250137181576446,True,0.16112198337650194,0.002867002754923213,0.00013952251990484083,0.0003224146503142824
6.6000000000000005,0.016250137181576446,True,0.1612683547777068,0.0028547441701517874,0.00013919593470073537,0.00032118396093089324
6.800000000000001,0.016250137181576446,True,0.16140658344684858,0.0028431675380736054,0.00013888734716031425,0.0003200186113271342
7.0,0.016250137181576446,True,0.16153733186985458,0.002832217375583093,0.000138595306441063,0.0003189135316860717
7.2,0.016250137181576446,True,0.16166119243041335,0.0028218440706277025,0.00013831851384904468,0.00031786416346132125
7.4,0.016250137181576446,True,0.16177869645920376,0.0028120031243358723,0.0001380558033702253,0.00031686639652404045
7.6000000000000005,0.016250137181576446,True,0.16189032191449537,0.0028026545077681876,0.00013780612512122496,0.0003159165153564785
7.800000000000001,0.016250137181576446,True,0.16199649993000248,0.002793762113535124,0.00013756853122048757,0.0003150111528092487
8.0,0.016250137181576446,True,0.16209762042049303,0.0027852932863284123,0.00013734216367612903,0.0003141472502108815
8.200000000000001,0.016250137181576446,True,0.16219403689983108,0.0027772184194104115,0.00013712624396200883,0.000313322022834734
8.4,0.016250137181576446,True,0.1622860706377596,0.002769510606484214,0.00013692006401338076,0.00031253292990254084
8.6,0.016250137181576446,True,0.16237401425906225,0.00276214534026438,0.00013672297842131086,0.00031177764844437996
8.8,0.016250137181576446,True,0.16245813487056654,0.002755100250590696,0.00013653439764349341,0.0003110540504489015
9.0,0.016250137181576446,True,0.16253867678679162,0.0027483548761557167,0.0001363537820801614,0.0003103601828307154
9.200000000000001,0.016250137181576446,True,0.16261586391314284,0.0027418904649124387,0.00013618063688902303,0.00030969424981792205
9.4,0.016250137181576446,True,0.16268990183587742,0.0027356897990400823,0.00013601450743374124,0.00030905459742550096
9.600000000000001,0.016250137181576446,True,0.16276097966012545,0.002729737041009857,0.00013585497527735806,0.0003084396997319383
9.8,0.016250137181576446,True,0.16282927163074457,0.002724017597838914,0.0001357016546459547,0.0003078481467194861
10.0,0.016250137181576446,True,0.1628949385653844,0.0027185180010711237,0.00013555418929933757,0.0003072786334740347
10.200000000000001,0.016250137181576446,True,0.16295812912469468,0.0027132258003974507,0.0001354122497550701,0.00030672995057055076
10.4,0.016250137181576446,True,0.1630189809408829,0.002708129469139421,0.00013527553082012206,0.0003062009754949606
10.600000000000001,0.016250137181576446,True,0.16307762162273082,0.0027032183200791076,0.00013514374939105282,0.0003056906649744419
10.8,0.016250137181576446,True,0.16313416965257746,0.0026984824303368,0.00013501664248922532,0.0003051980481058377
11.0,0.016250137181576446,True,0.1631887351885935,0.0026939125741808232,0.00013489396550224136,0.0003047222201869752
11.200000000000001,0.016250137181576446,True,0.16324142078381665,0.002689500162808406,0.00013477549060676147,0.00030426233716838893
11.4,0.016250137181576446,True,0.16329232203185995,0.002685237190267484,0.00013466100535123603,0.00030381761065384873
11.600000000000001,0.016250137181576446,True,0.16334152814788416,0.0026811161848006248,0.00013455031137992894,0.0003033873033874301
11.8,0.016250137181576446,True,0.16338912249227885,0.0026771301649866305,0.00013444322328206044,0.0003029707251727148
12.0,0.016250137181576446,True,0.1634351830435475,0.0026732726001365463,0.00013433956755197303,0.0003025672291766436
12.200000000000001,0.016250137181576446,True,0.16347978282605405,0.0026695373744698688,0.00013423918164801613,0.0003021762085763525
12.4,0.016250137181576446,True,0.16352299029758574,0.0026659187546563823,0.00013414191313937632,0.00030179709351245117
12.600000000000001,0.016250137181576446,True,0.16356486970106507,0.002662411360360042,0.00013404761893140888,0.00030142934831651683
12.8,0.016250137181576446,True,0.16360548138423361,0.002659010137465879,0.00013395616456116191,0.00030107246898450037
13.0,0.016250137181576446,True,0.16364488209064862,0.00265571033370865,0.0001338674235557835,0.00030072598087088566
13.200000000000001,0.016250137181576446,True,0.16368312522496767,0.0026525074764557,0.00013378127684735003,0.0003003894365815113
13.4,0.016250137181576446,True,0.1637202610951212,0.002649397352424712,0.00013369761223841283,0.00030006241404528387
13.600000000000001,0.016250137181576446,True,0.16375633713370033,0.0026463759891426635,0.0001336163239132002,0.0002997445147473755
13.8,0.016250137181576446,True,0.16379139810060828,0.002643439637973856,0.00013353731198998854,0.00029943536210831514
14.0,0.016250137181576446,True,0.16382548626879923,0.0026405847585641608,0.0001334604821106509,0.00029913459999510254
14.200000000000001,0.016250137181576446,True,0.16385864159473287,0.0026378080045654736,0.00013338574506382726,0.0002988418913519842
14.4,0.016250137181576446,True,0.16389090187499442,0.002635106210519101,0.00013331301643854373,0.00029855691693983066
14.600000000000001,0.016250137181576446,True,0.163922302890364,0.00263247637978954,0.0001332422163054517,0.0002982793741741381
14.8,0.016250137181576446,True,0.16395287853850665,0.002629915673452,0.0001331732689231435,0.00029800897605284716
15.0,0.016250137181576446,True,0.16398266095630884,0.0026274214000466425,0.00013310610246727685,0.000297745450165922
15.200000000000001,0.016250137181576446,True,0.16401168063279692,0.0026249910061217287,0.00013304064878046413,0.0002974885377795371
15.4,0.016250137181576446,True,0.16403996651347086,0.002622622067495631,0.00013297684314109333,0.0002972379929883797
15.600000000000001,0.016250137181576446,True,0.16406754609680546,0.0026203122811747255,0.00013291462404942895,0.00029699358193023084
15.8,0.016250137181576446,True,0.16409444552360328,0.0026180594578705326,0.00013285393302950107,0.00029675508205758935
16.0,0.016250137181576446,True,0.1641206896597958,0.0026158615150646196,0.0001327947144454444,0.00029652228146147925
16.2,0.016250137181576446,True,0.16414630217326268,0.002613716470575326,0.00013273691533106626,0.0002962949782432248
16.400000000000002,0.016250137181576446,True,0.16417130560515644,0.002611622436584229,0.0001326804852315482,0.00029607297993020456
16.6,0.016250137181576446,True,0.16419572143619052,0.0026095776140845385,0.00013262537605628365,0.0002958561029320599
16.8,0.016250137181576446,True,0.16421957014829963,0.0026075802877170277,0.00013257154194194756,0.00029564417203412215
17.0,0.016250137181576446,True,0.16424287128204532,0.0026056288209622782,0.00013251893912497856,0.0002954370199251164
17.2,0.016250137181576446,True,0.16426564349010855,0.002603721651660941,0.00013246752582272384,0.0002952344867564889
17.400000000000002,0.016250137181576446,True,0.16428790458716794,0.0026018572878360132,0.00013241726212257366,0.00029503641973085683
17.6,0.016250137181576446,True,0.16430967159645948,0.0026000343037938874,0.00013236810987845793,0.0002948426727174449
17.8,0.016250137181576446,True,0.16433096079325873,0.0025982513364824497,0.00013232003261414715,0.0002946531058923824
18.0,0.016250137181576446,True,0.1643517877455292,0.0025965070820868305,0.00013227299543283784,0.00029446758540206024
18.2,0.016250137181576446,True,0.16437216735194957,0.0025948002928448837,0.00013222696493255036,0.00029428598304783663
18.400000000000002,0.016250137181576446,True,0.16439211387750519,0.0025931297740658475,0.0001321819091269127,0.00029410817599046933
18.6,0.016250137181576446,True,0.1644116409868434,0.002591494381337573,0.00013213779737092504,0.0002939340464729699
18.8,0.016250137181576446,True,0.16443076177552987,0.0025898930179080815,0.0001320946002913551,0.00029376348156039676
19.0,0.016250137181576446,True,0.1644494887993835,0.0025883246322293474,0.00013205228972141902,0.0002935963728955495
19.200000000000003,0.016250137181576446,True,0.16446783410200613,0.002586788215651317,0.0001320108386394524,0.0002934326164693129
19.400000000000002,0.016250137181576446,True,0.16448580924064918,0.0025852828002558143,0.00013197022111128342,0.00029327211240472574
19.6,0.016250137181576446,True,0.16450342531052475,0.0025838074568203567,0.00013193041223605366,0.0002931147647537708
19.8,0.016250137181576446,True,0.16452069296767297,0.002582361292902963,0.00013189138809524705,0.0002929604813060444
20.0,0.016250137181576446,True,0.1645376224504876,0.00258094345103968,0.00013185312570470562,0.00029280917340851974
0.0,0.017907231079981947,False,-0.0945927689200181,0.024235436503502038,0.00047006481584952625,-0.002762561860701066
0.2,0.017907231079981947,True,0.09290723107998189,0.008843042330998648,0.00030218452447469544,0.0005193980528214576
0.4,0.017907231079981947,True,0.11853380144165439,0.006739286212085281,0.0002531584176439621,0.0005456747960778338
0.6000000000000001,0.017907231079981947,True,0.13040723107998187,0.005764563496497968,0.00022831719626976982,0.000523423567693269
0.8,0.017907231079981947,True,0.1374670676491107,0.005185001964415389,0.0002129085360794613,0.0004998584797236008
1.0,0.017907231079981947,True,0.1422057777659077,0.00479598812981822,0.00020229893638492693,0.0004797182857719342
1.2000000000000002,0.017907231079981947,True,0.1456281062909161,0.004515039705046322,0.00019450323977518338,0.0004630134422990089
1.4000000000000001,0.017907231079981947,True,0.14822513694340944,0.0043018422678129725,0.0001885128339431982,0.0004491283253123267
1.6,0.017907231079981947,True,0.15026791257573097,0.0041341451598733685,0.00018375563267332632,0.00043747373078590636
1.8,0.017907231079981947,True,0.15191922765959753,0.003998584132279365,0.00017988093231624224,0.0004275808807915609
2.0,0.017907231079981947,True,0.15328317329698538,0.003886614058249814,0.00017666088614997312,0.00041909165007923276
2.2,0.017907231079981947,True,0.15442960169501058,0.003792500576687392,0.00017394061855716648,0.0004117337349287655
2.4000000000000004,0.017907231079981947,True,0.1554072310799819,0.003712244273497517,0.00017161096451649368,0.0004052986391202744
2.6,0.017907231079981947,True,0.1562511280503202,0.0036429664345192306,0.0001695926493487599,0.00039962496549432285
2.8000000000000003,0.017907231079981947,True,0.15698720530995364,0.0035825398141368773,0.00016782664879070843,0.00039458626454228065
3.0,0.017907231079981947,True,0.15763504261858935,0.0035293570556612732,0.00016626807273429573,0.00039008227715108814
3.2,0.017907231079981947,True,0.1582097203721688,0.003482180167633195,0.00016488215008789,0.0003860326005188697
3.4000000000000004,0.017907231079981947,True,0.15872304825735561,0.0034400396601743525,0.00016364151496186396,0.00038237206602720694
3.6,0.017907231079981947,True,0.1591844104990191,0.0034021651562810523,0.00016252432549778383,0.0003790473293251187
3.8000000000000003,0.017907231079981947,True,0.15960136085360094,0.003367936547171241,0.00016151293073320347,0.00037601432546390456
4.0,0.017907231079981947,True,0.15998005000319987,0.003336848906320697,0.00016059290723003262,0.0003732363476562753
4.2,0.017907231079981947,True,0.16032553812757788,0.003308486829561524,0.0001597523507161694,0.00037068258062128597
4.4,0.017907231079981947,True,0.1606420272059741,0.003282505364783047,0.0001589813470722507,0.0003683269690409834
4.6000000000000005,0.017907231079981947,True,0.16093303617824672,0.00325861563246861,0.00015827157167919512,0.00036614733579187607
4.800000000000001,0.017907231079981947,True,0.16120153476103632,0.003236573840356305,0.00015761598210176694,0.00036412468833109076
5.0,0.017907231079981947,True,0.16145004690250836,0.003216172790552617,0.00015700857962205875,0.0003622426682592325
5.2,0.017907231079981947,True,0.16168073163913477,0.003197235241775376,0.00015644422222991638,0.00036048711088275235
5.4,0.017907231079981947,True,0.161895446924414,0.003179608669477359,0.00015591847653499919,0.00035884569005477916
5.6000000000000005,0.017907231079981947,True,0.16209580048063577,0.003163161091284143,0.00015542749944508775,0.00035730762969581677
5.800000000000001,0.017907231079981947,True,0.16228319065738284,0.0031477777128065517,0.00015496794284143586,0.0003558634678730102
6.0,0.017907231079981947,True,0.1624588395199109,0.0031333582113239624,0.00015453687618931805,0.00035450486262255667
6.2,0.017907231079981947,True,0.16262381984171947,0.0031198145198893844,0.00015413172325878297,0.00035322443116328874
6.4,0.017907231079981947,True,0.16277907727490742,0.0031070690073035636,0.00015375021003699533,0.0003520156160013414
6.6000000000000005,0.017907231079981947,True,0.1629254486761123,0.003095052973687976,0.00015339032158486274,0.00035087257282958646
6.800000000000001,0.017907231079981947,True,0.16306367734525407,0.0030837053994940138,0.0001530502660928396,0.00034979007619807004
7.0,0.017907231079981947,True,0.1631944257682601,0.003072971899417491,0.00015272844476998175,0.00034876343975745515
7.2,0.017907231079981947,True,0.16331828632881884,0.003062803843041255,0.0001524234264891442,0.0003477884485176742
7.4,0.017907231079981947,True,0.16343579035760925,0.003053157611958572,0.0001521339263330049,0.00034686130106379505
7.6000000000000005,0.017907231079981947,True,0.1635474158129009,0.003043993969251758,0.00015185878735722054,0.0003459785600639594
7.800000000000001,0.017907231079981947,True,0.163653593828408,0.0030352775219603355,0.00015159696502082065,0.00034513710971457285
8.0,0.017907231079981947,True,0.16375471431889854,0.0030269762609014196,0.0001513475138389296,0.00034433411901507006
8.200000000000001,0.017907231079981947,True,0.1638511307982366,0.0030190611651430355,0.0001511095758958667,0.0003435670099618614
8.4,0.017907231079981947,True,0.1639431645361651,0.0030115058607624074,0.00015088237092258637,0.00034283342991001044
8.6,0.017907231079981947,True,0.16403110815746774,0.0030042863253808374,0.00015066518769512834,0.0003421312274794171
8.8,0.017907231079981947,True,0.16411522876897205,0.0029973806314592074,0.00015045737655311234,0.00034145843148650136
9.0,0.017907231079981947,True,0.16419577068519714,0.00299076872254217,0.00015025834287154478,0.0003408132324674494
9.200000000000001,0.017907231079981947,True,0.16427295781154833,0.002984432217615004,0.00015006754134701253,0.00034019396642868266
9.4,0.017907231079981947,True,0.1643469957342829,0.002978354239532662,0.0001498844709820254,0.0003395991005176324
9.600000000000001,0.017907231079981947,True,0.16441807355853094,0.00297251926413131,0.00014970867066987296,0.000339027220354219
9.8,0.017907231079981947,True,0.16448636552915008,0.00296691298716819,0.00014953971529766956,0.0003384770188028599
10.0,0.017907231079981947,True,0.1645520324637899,0.0029615222066771184,0.0001493772122979314,0.00033794728599743657
10.200000000000001,0.017907231079981947,True,0.16461522302310017,0.002956334718693715,0.00014922079858953108,0.0003374369004591689
10.4,0.017907231079981947,True,0.16467607483928842,0.0029513392246089984,0.00014907013785763897,0.0003369448211701999
10.600000000000001,0.017907231079981947,True,0.16473471552113633,0.002946525248664773,0.00014892491812958222,0.00033647008048505467
10.8,0.017907231079981947,True,0.16479126355098295,0.002941883064317691,0.0001487848496097013,0.0003360117777784486
11.0,0.017907231079981947,True,0.16484582908699902,0.00293740362837851,0.000148649662741457,0.0003355690737417577
11.200000000000001,0.017907231079981947,True,0.16489851468222216,0.0029330785219844713,0.00014851910646941882,0.000335141185252148
11.4,0.017907231079981947,True,0.16494941593026546,0.0029288998975911026,0.0001483929466774714,0.0003347273807483953
11.600000000000001,0.017907231079981947,True,0.16499862204628968,0.0029248604312788716,0.00014827096478272137,0.000334326976056009
11.8,0.017907231079981947,True,0.16504621639068434,0.002920953279762572,0.0001481529564672826,0.00033393933061149
12.0,0.017907231079981947,True,0.165092276941953,0.0029171720415709524,0.0001480387305324059,0.0003335638440419482
12.200000000000001,0.017907231079981947,True,0.16513687672445954,0.0029135107219317364,0.00014792810786139446,0.0003331999530616378
12.4,0.017907231079981947,True,0.16518008419599123,0.0029099637009556913,0.0001478209204794323,0.00033284712865170706
12.600000000000001,0.017907231079981947,True,0.16522196359947056,0.002906525704763326,0.00014771701069992037,0.00033250487349341135
12.8,0.017907231079981947,True,0.1652625752826391,0.002903191779241545,0.00014761623034816162,0.0003321727196286832
13.0,0.017907231079981947,True,0.1653019759890541,0.002899957266154509,0.0001475184400543429,0.0003318502263248127
13.200000000000001,0.017907231079981947,True,0.16534021912337316,0.002896817781366095,0.00014742350860869044,0.0003315369781228634
13.4,0.017907231079981947,True,0.16537735499352668,0.0028937691949589505,0.0001473313123725163,0.000331232583051542
13.600000000000001,0.017907231079981947,True,0.16541343103210582,0.0028908076130603096,0.0001472417347395756,0.00033093667099046235
13.8,0.017907231079981947,True,0.1654484919990138,0.0028879293612058374,0.00014715466564279103,0.00033064889216838996
14.0,0.017907231079981947,True,0.16548258016720474,0.0028851309690916594,0.00014707000110194605,0.0003303689157836496
14.200000000000001,0.017907231079981947,True,0.16551573549313836,0.0028824091565812764,0.00014698764280842816,0.0003300964287352784
14.4,0.017907231079981947,True,0.1655479957733999,0.0028797608208484863,0.00014690749774352627,0.00032983113445470154
14.600000000000001,0.017907231079981947,True,0.16557939678876948,0.002877183024549898,0.00014682947782716462,0.0003295727518286948
14.8,0.017907231079981947,True,0.16560997243691217,0.002874672984932335,0.0001467534995942699,0.0003293210142055101
15.0,0.017907231079981947,True,0.16563975485471433,0.0028722280637897973,0.00014667948389627375,0.0003290756684766991
15.200000000000001,0.017907231079981947,True,0.16566877453120243,0.0028698457581937255,0.000146607355625497,0.00032883647422802696
15.4,0.017907231079981947,True,0.16569706041187637,0.0028675236919279033,0.00014653704346039636,0.00032860320295346817
15.600000000000001,0.017907231079981947,True,0.16572463999521098,0.0028652596075662627,0.00014646847962985322,0.00032837563732688517
15.8,0.017907231079981947,True,0.16575153942200876,0.0028630513591380866,0.0001464015996948604,0.0003281535705265519
16.0,0.017907231079981947,True,0.16577778355820127,0.002860896905330127,0.00014633634234613265,0.00032793680560801305
16.2,0.017907231079981947,True,0.16580339607166816,0.0028587943031806225,0.00014627264921629487,0.00032772515492139045
16.400000000000002,0.017907231079981947,True,0.16582839950356193,0.002856741702223956,0.00014621046470544152,0.0003275184395694382
16.6,0.017907231079981947,True,0.165852815334596,0.0028547373390488966,0.00014614973581896732,0.0003273164889030853
16.8,0.017907231079981947,True,0.16587666404670515,0.0028527795322367063,0.00014609041201667382,0.0003271191400514709
17.0,0.017907231079981947,True,0.1658999651804508,0.002850866677648513,0.00014603244507224763,0.0003269262374837481
17.2,0.017907231079981947,True,0.16592273738851404,0.0028489972440342106,0.00014597578894228562,0.0003267376326002029
17.400000000000002,0.017907231079981947,True,0.16594499848557343,0.0028471697689373917,0.0001459203996441236,0.0003265531833503623
17.6,0.017907231079981947,True,0.165966765494865,0.002845382854873549,0.00014586623514177847,0.00032637275387612934
17.8,0.017907231079981947,True,0.16598805469166422,0.0028436351657602295,0.00014581325523938834,0.0003261962141779603
18.0,0.017907231079981947,True,0.16600888164393468,0.0028419254235801405,0.00014576142148157786,0.0003260234398024266
18.2,0.017907231079981947,True,0.16602926125035505,0.0028402524052596446,0.000145710697060229,0.00032585431154957383
18.400000000000002,0.017907231079981947,True,0.1660492077759107,0.002838614939746401,0.00014566104672718668,0.0003256887151985677
18.6,0.017907231079981947,True,0.16606873488524893,0.002837011905271864,0.00014561243671245335,0.00032552654125043474
18.8,0.017907231079981947,True,0.16608785567393536,0.002835442226784638,0.00014556483464748642,0.00032536768468650244
19.0,0.017907231079981947,True,0.166106582697789,0.002833904873542867,0.00014551820949321818,0.0003252120447415973
19.200000000000003,0.017907231079981947,True,0.16612492800041162,0.0028323988568538768,0.00014547253147247305,0.00032505952469082545
19.400000000000002,0.017907231079981947,True,0.16614290313905467,0.002830923227950942,0.00014542777200646407,0.00032491003164908925
19.6,0.017907231079981947,True,0.16616051920893027,0.0028294770759973898,0.00014538390365508909,0.00032476347638240303
19.8,0.017907231079981947,True,0.16617778686607848,0.002828059526209296,0.00014534090006076164,0.00032461977313022965
20.0,0.017907231079981947,True,0.1661947163488931,0.0028266697380886882,0.00014529873589553386,0.0003244788394381156
0.0,0.01973330571728521,False,-0.09276669428271483,0.02403000310680542,0.0005179992750787369,-0.002747183226900443
0.2,0.01973330571728521,True,0.09473330571728515,0.008979997928796392,0.000332999533979188,0.000517705355150068
0.4,0.01973330571728521,True,0.12035987607895765,0.006923037840061544,0.00027897403166126506,0.0005542819448584769
0.6000000000000001,0.01973330571728521,True,0.13223330571728514,0.005969996893194584,0.00025159964789538646,0.0005378327764136555
0.8,0.01973330571728521,True,0.13929314228641396,0.005403327149614398,0.00023461970270614797,0.000518026714765134
1.0,0.01973330571728521,True,0.14403185240321095,0.005022966553375044,0.00022292819811924942,0.0005005389791227302
1.2000000000000002,0.01973330571728521,True,0.14745418092821935,0.004748267555923185,0.00021433754198753503,0.00048581436129915617
1.4000000000000001,0.01973330571728521,True,0.15005121158071272,0.004539812490496652,0.0002077362696230254,0.00047346809492525006
1.6,0.01973330571728521,True,0.15209398721303424,0.0043758456433289315,0.00020249395680549664,0.0004630458545171855
1.8,0.01973330571728521,True,0.1537453022969008,0.004243300040327773,0.00019822413717968706,0.00045416331025695765
2.0,0.01973330571728521,True,0.15510924793428862,0.004133820632833315,0.00019467572954821392,0.0004465180799058067
2.2,0.01973330571728521,True,0.15625567633231383,0.004041800615092012,0.00019167806498455702,0.00043987622372700726
2.4000000000000004,0.01973330571728521,True,0.15723330571728517,0.003963329536126716,0.00018911084645731663,0.0004340565581548413
2.6,0.01973330571728521,True,0.15807720268762346,0.003895592716002461,0.00018688671531940734,0.00042891768403654324
2.8000000000000003,0.01973330571728521,True,0.1588132799472569,0.0038365102276350198,0.00018494062835859953,0.00042434814444331523
3.0,0.01973330571728521,True,0.1594611172558926,0.003784510468437814,0.00018322311783631594,0.0004202591497273994
3.2,0.01973330571728521,True,0.16003579500947207,0.0037383829848801706,0.00018169586690847112,0.0004165792261267102
3.4000000000000004,0.01973330571728521,True,0.16054912289465886,0.0036971798524530874,0.0001803287190721514,0.00041325026342299597
3.6,0.01973330571728521,True,0.16101048513632238,0.0036601478304478987,0.0001790976051640125,0.0004102245726870615
3.8000000000000003,0.01973330571728521,True,0.16142743549090421,0.003626680603805604,0.00017798307427974665,0.000407462674937196
4.0,0.01973330571728521,True,0.16180612464050315,0.0035962844776065645,0.00017696923216344908,0.00040493162226286545
4.2,0.01973330571728521,True,0.16215161276488113,0.0035685532879488075,0.00017604296061500958,0.00040260371026330885
4.4,0.01973330571728521,True,0.16246810184327737,0.0035431497558493733,0.00017519333453118715,0.0004004554808481321
4.6000000000000005,0.01973330571728521,True,0.16275911081554997,0.003519791427638431,0.00017441118039695982,0.0003984669426216665
4.800000000000001,0.01973330571728521,True,0.1630276093983396,0.00349823993397831,0.00017368873763075695,0.0003966209559075323
5.0,0.01973330571728521,True,0.16327612153981164,0.0034782926858932263,0.00017301939580052178,0.0003949027435324185
5.2,0.01973330571728521,True,0.16350680627643802,0.0034597763846627516,0.00017239748854399435,0.0003932994985428533
5.4,0.01973330571728521,True,0.16372152156171726,0.0034425418985014242,0.0001718181303796299,0.0003918000672829861
5.6000000000000005,0.01973330571728521,True,0.16392187511793901,0.0034264601808557177,0.00017127708631915336,0.0003903946915436683
5.800000000000001,0.01973330571728521,True,0.1641092652946861,0.0034114189908271645,0.00017077066682226095,0.0003890747973747246
6.0,0.01973330571728521,True,0.1642849141572142,0.003397320237277509,0.0001702956425154447,0.0003878328210302574
6.2,0.01973330571728521,True,0.16444989447902275,0.0033840778122242398,0.00016984917445989815,0.00038666206466918024
6.4,0.01973330571728521,True,0.1646051519122107,0.0033716158112994162,0.0001694287567522639,0.00038555657605628796
6.6000000000000005,0.01973330571728521,True,0.16475152331341555,0.003359867062787196,0.00016903216898175196,0.0003845110477430098
6.800000000000001,0.01973330571728521,True,0.16488975198255734,0.003348771904460101,0.0001686574366205643,0.00038352073215201793
7.0,0.01973330571728521,True,0.16502050040556335,0.0033382771607626967,0.00016830279784241204,0.0003825813697191114
7.2,0.01973330571728521,True,0.16514436096612212,0.00332833528301466,0.00016796667558217847,0.0003816891278122747
7.4,0.01973330571728521,True,0.16526186499491252,0.0033189036230587316,0.00016764765389419204,0.00038084054859086606
7.6000000000000005,0.01973330571728521,True,0.16537349045020414,0.003309943816764703,0.00016734445785569548,0.00038003250431675436
7.800000000000001,0.01973330571728521,True,0.16547966846571124,0.0033014212584544377,0.00016705593640954246,0.0003792621589051491
8.0,0.01973330571728521,True,0.1655807889562018,0.003293304650958518,0.00016678104765584245,0.0003785269347229977
8.200000000000001,0.01973330571728521,True,0.16567720543553985,0.0032855656188876714,0.00016651884619369397,0.0003778244838187054
8.4,0.01973330571728521,True,0.16576923917346836,0.0032781783749816504,0.00016626847218678006,0.00037715266290884507
8.6,0.01973330571728521,True,0.16585718279477102,0.0032711194312164535,0.00016602914188468287,0.0003765095115621118
8.8,0.01973330571728521,True,0.1659413034062753,0.0032643673478099664,0.0001658001393784582,0.00037589323311401363
9.0,0.01973330571728521,True,0.1660218453225004,0.0032579025144433876,0.0001655808094067352,0.00037530217792197
9.200000000000001,0.01973330571728521,True,0.1660990324488516,0.0032517069589699777,0.0001653705510592497,0.0003747348286328612
9.4,0.01973330571728521,True,0.16617307037158618,0.00324576417966054,0.00016516881224971897,0.00037418978718658564
9.600000000000001,0.01973330571728521,True,0.16624414819583422,0.003240058997671322,0.00016497508485046873,0.00037366576332164864
9.8,0.01973330571728521,True,0.16631244016645333,0.0032345774269436807,0.0001647889003980888,0.0003731615643842427
10.0,0.01973330571728521,True,0.16637810710109316,0.003229306559176464,0.0001646098262933606,0.00037267608627156385
10.200000000000001,0.01973330571728521,True,0.16644129766040344,0.0032242344618707347,0.00016443746243026799,0.00037220830536488964
10.4,0.01973330571728521,True,0.16650214947659167,0.003219350087744193,0.00016427143819856303,0.00037175727132849907
10.600000000000001,0.01973330571728521,True,0.16656079015843958,0.0032146431940618045,0.0001641114098124253,0.0003713221006679589
10.8,0.01973330571728521,True,0.16661733818828622,0.0032101042706378148,0.00016395705792452973,0.000370901970955993
11.0,0.01973330571728521,True,0.16667190372430227,0.003205724475440024,0.00016380808549053852,0.00037049611564664054
11.200000000000001,0.01973330571728521,True,0.1667245893195254,0.003201495576875173,0.00016366421585385763,0.0003701038194089327
11.4,0.01973330571728521,True,0.1667754905675687,0.0031974099019598636,0.0001635251910245801,0.0003697244139203779
11.600000000000001,0.01973330571728521,True,0.16682469668359293,0.003193460289688104,0.00016339077013000826,0.0003693572740683085
11.8,0.01973330571728521,True,0.16687229102798762,0.003189640048996983,0.0001632607280171135,0.0003690018145136358
12.0,0.01973330571728521,True,0.16691835157925627,0.0031859429208098153,0.00016313485398981712,0.00036865748657735826
12.200000000000001,0.01973330571728521,True,0.1669629513617628,0.003182363043702264,0.00016301295066614962,0.00036832377541498297
12.4,0.01973330571728521,True,0.1670061588332945,0.0031788949227941244,0.00016289483294220633,0.00036800019744830266
12.600000000000001,0.01973330571728521,True,0.16704803823677383,0.003175533401518278,0.0001627803270514314,0.00036768629802754637
12.8,0.01973330571728521,True,0.16708864991994238,0.003172273635961109,0.0001626692697091395,0.000367381649300229
13.0,0.01973330571728521,True,0.16712805062635738,0.0031691110715047497,0.00016256150733339925,0.0003670858482655963
13.200000000000001,0.01973330571728521,True,0.16716629376067643,0.0031660414215339667,0.00016245689533443206,0.0003667985149961846
13.4,0.01973330571728521,True,0.16720342963082996,0.003163060647997444,0.00016235529746560015,0.00036651929100988784
13.600000000000001,0.01973330571728521,True,0.1672395056694091,0.0031601649436378667,0.000162256585229836,0.0003662478377779569
13.8,0.01973330571728521,True,0.16727456663631704,0.0031573507157258247,0.00016216063733606598,0.0003659838353558368
14.0,0.01973330571728521,True,0.167308654804508,0.0031546145711510124,0.00016206733920077942,0.0003657269811251963
14.200000000000001,0.01973330571728521,True,0.16734181013044164,0.003151953302740408,0.00016197658249042683,0.00036547698863677693
14.4,0.01973330571728521,True,0.16737407041070318,0.003149363876687196,0.00016188826470079335,0.00036523358654477447
14.600000000000001,0.01973330571728521,True,0.16740547142607276,0.0031468434209863594,0.00016180228876991242,0.00036499651762434456
14.8,0.01973330571728521,True,0.16743604707421542,0.0031443892147843887,0.00016171856272143102,0.0003647655378648632
15.0,0.01973330571728521,True,0.1674658294920176,0.0031419986785596373,0.00016163699933567288,0.00036454041563214004
15.200000000000001,0.01973330571728521,True,0.16749484916850568,0.0031396693650587834,0.00016155751584591728,0.00036432093089358163
15.4,0.01973330571728521,True,0.16752313504917962,0.0031373989509222537,0.00016148003365766732,0.0003641068745008358
15.600000000000001,0.01973330571728521,True,0.16755071463251422,0.0031351852289382477,0.0001614044780889022,0.0003638980475250039
15.8,0.01973330571728521,True,0.16757761405931204,0.003133026100871105,0.00016133077812950197,0.0003636942606400273
16.0,0.01973330571728521,True,0.16760385819550455,0.003130919570814625,0.00016125886621821915,0.00036349533355012516
16.2,0.01973330571728521,True,0.16762947070897144,0.0031288637390263596,0.00016118867803571534,0.00036330109445776665
16.400000000000002,0.01973330571728521,True,0.1676544741408652,0.0031268567962025196,0.000161120152312332,0.00036311137956879203
16.6,0.01973330571728521,True,0.16767888997189928,0.00312489701815726,0.00016105323064938404,0.00036292603263172335
16.8,0.01973330571728521,True,0.1677027386840084,0.003122982760873385,0.0001609878573528794,0.000362744904508533
17.0,0.01973330571728521,True,0.16772603981775408,0.003121112455894545,0.00016092397927866734,0.00036256785277438924
17.2,0.01973330571728521,True,0.16774881202581732,0.0031192846060318223,0.00016086154568810803,0.0003623947413441498
17.400000000000002,0.01973330571728521,True,0.1677710731228767,0.003117497781359742,0.00016080050811344252,0.0003622254401234687
17.6,0.01973330571728521,True,0.16779284013216825,0.003115750615479497,0.00016074082023210414,0.00036205982468275185
17.8,0.01973330571728521,True,0.1678141293289675,0.003114041802028501,0.00016068243774929218,0.0003618977759521296
18.0,0.01973330571728521,True,0.16783495628123796,0.003112370091417725,0.0001606253182881772,0.00036173917993594925
18.2,0.01973330571728521,True,0.16785533588765833,0.0031107342877796313,0.00016056942128716466,0.0003615839274453409
18.400000000000002,0.01973330571728521,True,0.16787528241321395,0.0031091332461108076,0.0001605147079036989,0.00036143191384746553
18.6,0.01973330571728521,True,0.16789480952255217,0.003107565869595373,0.00016046114092411565,0.0003612830388303837
18.8,0.01973330571728521,True,0.16791393031123863,0.0031060311070954124,0.00016040868467911767,0.00036113720618224075
19.0,0.01973330571728521,True,0.16793265733509227,0.0031045279507969327,0.00016035730496445484,0.00036099432358394263
19.200000000000003,0.01973330571728521,True,0.1679510026377149,0.0031030554339997753,0.00016030696896644946,0.00036085430241422243
19.400000000000002,0.01973330571728521,True,0.16796897777635794,0.0031016126290416193,0.00016025764519201705,0.0003607170575663459
19.6,0.01973330571728521,True,0.16798659384623352,0.0031001986453464752,0.0001602093034028745,0.00036058250727558723
19.8,0.01973330571728521,True,0.16800386150338173,0.0030988126275891454,0.00016016191455364283,0.00036045057295677437
20.0,0.01973330571728521,True,0.16802079098619635,0.003097453753967728,0.00016011545073357834,0.0003603211790512425
0.0,0.02174559276040982,False,-0.09075440723959022,0.0238036208144539,0.0005708218099607579,-0.002731105307132493
0.2,0.02174559276040982,True,0.09674559276040975,0.009130919457030737,0.00036695687783191576,0.0005164193374860817
0.4,0.02174559276040982,True,0.12237216312208227,0.007125527383794404,0.00030742217093011887,0.0005645440284104341
0.6000000000000001,0.02174559276040982,True,0.13424559276040973,0.006196379185546103,0.00027725630769522523,0.0005545802890366763
0.8,0.02174559276040982,True,0.14130542932953857,0.005643915859620552,0.00025854484705759733,0.0005389711065858765
1.0,0.02174559276040982,True,0.14604413944633557,0.005273090908350352,0.0002456611112484236,0.0005244429126838996
1.2000000000000002,0.02174559276040982,True,0.14946646797134397,0.0050052786182466814,0.00023619443027457417,0.0005119268860072463
1.4000000000000001,0.02174559276040982,True,0.15206349862383733,0.00480204952395276,0.00022891999878317767,0.0005012964523940116
1.6,0.02174559276040982,True,0.15410627425615886,0.00464219332772197,0.00022314310558110246,0.0004922480125309303
1.8,0.02174559276040982,True,0.15575758934002543,0.004512970644668192,0.00021843787473567298,0.00048449155364014505
2.0,0.02174559276040982,True,0.15712153497741324,0.004406235887307377,0.00021452762125825608,0.0004777869248280435
2.2,0.02174559276040982,True,0.15826796337543844,0.00431652281257729,0.00021122427240391307,0.0004719430020063139
2.4000000000000004,0.02174559276040982,True,0.15924559276040978,0.0042400190045563495,0.00020839526395392748,0.000466809075742051
2.6,0.02174559276040982,True,0.16008948973074807,0.004173980347371238,0.00020594432893758312,0.00046226605501924905
2.8000000000000003,0.02174559276040982,True,0.16082556699038153,0.004116379057736097,0.00020379979141648235,0.00045821920449125796
3.0,0.02174559276040982,True,0.16147340429901721,0.004065682933161111,0.00020190713922153955,0.0004545925247963987
3.2,0.02174559276040982,True,0.1620480820525967,0.0040207118662009675,0.0002002241481811291,0.0004513244982228545
3.4000000000000004,0.02174559276040982,True,0.16256140993778348,0.003980541696826121,0.00019871758660863783,0.0004483648839435535
3.6,0.02174559276040982,True,0.163022772179447,0.003944438068082018,0.0001973609309082898,0.00044567229764058306
3.8000000000000003,0.02174559276040982,True,0.16343972253402883,0.003911809865235874,0.00019613274668637735,0.00044321237229365056
4.0,0.02174559276040982,True,0.16381841168362776,0.0038821757703059448,0.00019501551888378735,0.0004409563496843966
4.2,0.02174559276040982,True,0.16416389980800575,0.003855139801924427,0.0001939947915831265,0.00043887999260585025
4.4,0.02174559276040982,True,0.16448038888640198,0.00383037313669674,0.00019305852560305603,0.00043696273750085113
4.6000000000000005,0.02174559276040982,True,0.1647713978586746,0.003807600402070135,0.0001921966119671729,0.00043518702876917467
4.800000000000001,0.02174559276040982,True,0.16503989644146422,0.0037865892046292583,0.00019140049871521075,0.0004335377914831684
5.0,0.02174559276040982,True,0.16528840858293625,0.0037671420343065184,0.0001906629013219341,0.0004320020104344754
5.2,0.02174559276040982,True,0.16551909331956263,0.0037490899369826036,0.00018997757560261765,0.00043056839154023913
5.4,0.02174559276040982,True,0.16573380860484188,0.0037322875196078046,0.00018933913788289733,0.0004292270875500226
5.6000000000000005,0.02174559276040982,True,0.16593416216106363,0.003716608970827327,0.00018874292131517567,0.0004279694743393498
5.800000000000001,0.02174559276040982,True,0.16612155233781073,0.003701944863623451,0.00018818486012141903,0.0004267879672926936
6.0,0.02174559276040982,True,0.1662972012003388,0.003688199566004,0.00018766139561550633,0.00042567586967926305
6.2,0.02174559276040982,True,0.16646218152214737,0.0036752891287146765,0.00018716939936026447,0.0004246272467302128
6.4,0.02174559276040982,True,0.16661743895533532,0.003663139550311006,0.00018670610991497548,0.00042363682049384303
6.6000000000000005,0.02174559276040982,True,0.16676381035654017,0.0036516853430729143,0.00018626908044435018,0.0004226998815896187
6.800000000000001,0.02174559276040982,True,0.16690203902568196,0.003640868340505722,0.00018585613506980024,0.0004218122147846557
7.0,0.02174559276040982,True,0.16703278744868796,0.0036306367001658416,0.00018546533230430143,0.0004209700359379055
7.2,0.02174559276040982,True,0.16715664800924673,0.003620944065418971,0.00018509493426286506,0.0004201699383415448
7.4,0.02174559276040982,True,0.16727415203803714,0.0036117488572976926,0.00018474338060996568,0.00041940884686885544
7.6000000000000005,0.02174559276040982,True,0.16738577749332875,0.0036030136734610304,0.0001844092664136838,0.0004186839786376853
7.800000000000001,0.02174559276040982,True,0.16749195550883586,0.0035947047757956345,0.0001840913232388009,0.00041799280913616134
8.0,0.02174559276040982,True,0.1675930759993264,0.0035867916517525232,0.00018378840293857259,0.00041733304294733756
8.200000000000001,0.02174559276040982,True,0.16768949247866446,0.0035792466373137924,0.00018349946370564566,0.00041670258836147057
8.4,0.02174559276040982,True,0.16778152621659298,0.0035720445917061354,0.0001832235580226271,0.000416099535287555
8.6,0.02174559276040982,True,0.16786946983789564,0.0035651626157506113,0.0001829598222168177,0.0004155221359751227
8.8,0.02174559276040982,True,0.16795359044939992,0.003558579807160714,0.00018270746737506847,0.0004149687881383066
9.0,0.02174559276040982,True,0.168034132365625,0.0035522770472485835,0.00018246577141628836,0.0004144380201404517
9.200000000000001,0.02174559276040982,True,0.16811131949197622,0.003546236814429426,0.00018223407215290076,0.00041392847795185245
9.4,0.02174559276040982,True,0.1681853574147108,0.0035404430206726067,0.00018201176120009465,0.00041343891363814606
9.600000000000001,0.02174559276040982,True,0.16825643523895883,0.0035348808676681767,0.00018179827861430876,0.00041296817517393644
9.8,0.02174559276040982,True,0.16832472720957795,0.0035295367199881618,0.00018159310816097575,0.0004125151974072201
10.0,0.02174559276040982,True,0.16839039414421778,0.0035243979929426832,0.00018139577312694023,0.0004120789940257683
10.200000000000001,0.02174559276040982,True,0.16845358470352806,0.0035194530531807012,0.00018120583260571575,0.00041165865039834995
10.4,0.02174559276040982,True,0.1685144365197163,0.0035146911303754256,0.00018102287819439004,0.0004112533171816695
10.600000000000001,0.02174559276040982,True,0.1685730772015642,0.0035101022385773195,0.0001808465310498765,0.0004108622045992013
10.8,0.02174559276040982,True,0.16862962523141084,0.0035056771060211047,0.00018067643925967847,0.0004104845773109973
11.0,0.02174559276040982,True,0.16868419076742688,0.00350140711234444,0.0001805122754886149,0.00041011974980451987
11.200000000000001,0.02174559276040982,True,0.16873687636265003,0.003497284232320216,0.00018035373486827117,0.00040976708224579054
11.4,0.02174559276040982,True,0.16878777761069333,0.0034933009853268227,0.00018020053310043932,0.0004094259767381203
11.600000000000001,0.02174559276040982,True,0.16883698372671754,0.0034894503898847814,0.00018005240474963346,0.00040909587394253157
11.8,0.02174559276040982,True,0.16888457807111223,0.0034857259226762118,0.0001799091017030367,0.00040877625001967376
12.0,0.02174559276040982,True,0.1689306386223809,0.0034821214815395607,0.00017977039177901707,0.000408466613858172
12.200000000000001,0.02174559276040982,True,0.16897523840488743,0.003478631351996474,0.000179636057467747,0.00040816650455857304
12.4,0.02174559276040982,True,0.16901844587641912,0.0034752501769234638,0.00017950589478950868,0.0004078754891458457
12.600000000000001,0.02174559276040982,True,0.16906032527989845,0.003471972929028612,0.0001793797122580498,0.0004075931604865291
12.8,0.02174559276040982,True,0.169100936963067,0.0034687948858352835,0.00017925732993786823,0.0004073191353895732
13.0,0.02174559276040982,True,0.169140337669482,0.0034657116069099327,0.00017913857858564605,0.000407053052872143
13.200000000000001,0.02174559276040982,True,0.16917858080380105,0.003462718913102828,0.00017902329886718507,0.00040679457257403184
13.4,0.02174559276040982,True,0.16921571667395457,0.003459812867596651,0.00017891134064221267,0.00040654337330592446
13.600000000000001,0.02174559276040982,True,0.1692517927125337,0.0034569897585820736,0.0001788025623102824,0.0004062991517186027
13.8,0.02174559276040982,True,0.16928685367944166,0.00345424608339946,0.00017869683021176663,0.0004060616210814622
14.0,0.02174559276040982,True,0.1693209418476326,0.003451578534003822,0.0001785940180785988,0.0004058305101599993
14.200000000000001,0.02174559276040982,True,0.16935409717356625,0.0034489839836260045,0.00017849400653000797,0.00040560556218306406
14.4,0.02174559276040982,True,0.1693863574538278,0.0034464594745167703,0.00017839668260899926,0.00040538653389162995
14.600000000000001,0.02174559276040982,True,0.16941775846919738,0.003444002206672303,0.00017830193935579482,0.0004051731946615962
14.8,0.02174559276040982,True,0.16944833411734003,0.003441609527450925,0.00017820967541483127,0.00040496532569409373
15.0,0.02174559276040982,True,0.16947811653514222,0.00343927892199963,0.00017811979467228023,0.0004047627192672313
15.200000000000001,0.02174559276040982,True,0.1695071362116303,0.0034370080044177683,0.00017803220592135506,0.00040456517804395123
15.4,0.02174559276040982,True,0.16953542209230424,0.003434794509592422,0.000177946822552952,0.0004043725144311285
15.600000000000001,0.02174559276040982,True,0.16956300167563884,0.003432636285646615,0.0001778635622694148,0.00040418454998554087
15.8,0.02174559276040982,True,0.16958990110243666,0.0034305312869474854,0.000177782346819427,0.0004040011148628118
16.0,0.02174559276040982,True,0.16961614523862917,0.0034284775676262235,0.00017770310175224048,0.00040382204730563106
16.2,0.02174559276040982,True,0.16964175775209606,0.0034264732755669492,0.00017762575618960702,0.00040364719316815246
16.400000000000002,0.02174559276040982,True,0.16966676118398982,0.0034245166468251428,0.0001775502426139469,0.0004034764054735322
16.6,0.02174559276040982,True,0.1696911770150239,0.0034226060004403204,0.00017747649667141882,0.0004033095440019826
16.8,0.02174559276040982,True,0.169715025727133,0.0034207397336108174,0.00017740445698868332,0.00040314647490690265
17.0,0.02174559276040982,True,0.1697383268608787,0.003418916317201504,0.00017733406500226021,0.0004029870703568803
17.2,0.02174559276040982,True,0.16976109906894193,0.0034171342915580104,0.00017726526479947997,0.00040283120820157814
17.400000000000002,0.02174559276040982,True,0.16978336016600132,0.0034153922626031083,0.00017719800297012533,0.00040267877165959235
17.6,0.02174559276040982,True,0.16980512717529286,0.003413688898193628,0.00017713222846792525,0.00040252964902672916
17.8,0.02174559276040982,True,0.16982641637209211,0.00341202292471751,0.0001770678924811545,0.0004023837334030448
18.0,0.02174559276040982,True,0.16984724332436257,0.0034103931239129357,0.00017700494831164257,0.00040224092243733084
18.2,0.02174559276040982,True,0.16986762293078295,0.0034087983298927856,0.0001769433512615608,0.0004021011180877495
18.400000000000002,0.02174559276040982,True,0.16988756945633857,0.0034072374263588927,0.00017688305852741696,0.0004019642263973657
18.6,0.02174559276040982,True,0.1699070965656768,0.003405709343992569,0.00017682402910071515,0.00040183015728365804
18.8,0.02174559276040982,True,0.16992621735436325,0.0034042130580079367,0.00017676622367481193,0.00040169882434080637
19.0,0.02174559276040982,True,0.1699449443782169,0.003402747585856914,0.00017670960455750786,0.00040157014465405725
19.200000000000003,0.02174559276040982,True,0.1699632896808395,0.0034013119850745265,0.00017665413558897843,0.00040144403862515455
19.400000000000002,0.02174559276040982,True,0.16998126481948256,0.00339990535125496,0.0001765997820646587,0.00040132042980818653
19.6,0.02174559276040982,True,0.16999888088935813,0.0033985268161489776,0.00017654651066274234,0.00040119924475505724
19.8,0.02174559276040982,True,0.17001614854650635,0.0033971755458743922,0.0001764942893759727,0.00040108041286996673
20.0,0.02174559276040982,True,0.17003307802932097,0.0033958507392318894,0.0001764430874474316,0.0004009638662723116
0.0,0.02396308106083721,False,-0.08853691893916284,0.023554153380655817,0.000629030877846977,-0.0027144430463907094
0.2,0.02396308106083721,True,0.09896308106083715,0.009297231079562792,0.000404376992901628,0.000515705640066479
0.4,0.02396308106083721,True,0.12458965142250965,0.007348665626283547,0.0003387712849708566,0.000576796403828389
0.6000000000000001,0.02396308106083721,True,0.13646308106083713,0.006445846619344184,0.0003055292835256745,0.0005740908061956139
0.8,0.02396308106083721,True,0.14352291762996597,0.005909038398413606,0.0002849097376265867,0.0005631726937012354
1.0,0.02396308106083721,True,0.14826162774676296,0.0055487214813865204,0.0002707121938317022,0.0005519502849120932
1.2000000000000002,0.02396308106083721,True,0.15168395627177136,0.005288498164747276,0.00026028015612857523,0.0005419001682362936
1.4000000000000001,0.02396308106083721,True,0.15428098692426473,0.005091027955541108,0.0002522639206816756,0.0005331848967582282
1.6,0.02396308106083721,True,0.15632376255658625,0.00493570159037539,0.0002458979337156565,0.000525669509748351
1.8,0.02396308106083721,True,0.15797507764045282,0.004810140679200405,0.00024071289096233803,0.0005191694562958465
2.0,0.02396308106083721,True,0.15933902327784064,0.0047064304553329165,0.00023640389271703123,0.0005135141391607985
2.2,0.02396308106083721,True,0.16048545167586584,0.004619259572162728,0.0002327636876768191,0.0005085602711697832
2.4000000000000004,0.02396308106083721,True,0.16146308106083718,0.004544923645865116,0.00022964619349968997,0.0005041911815479448
2.6,0.02396308106083721,True,0.16230697803117547,0.004480756320338496,0.00022694532647258225,0.0005003126911756487
2.8000000000000003,0.02396308106083721,True,0.16304305529080892,0.004424787273414802,0.00022458210156432837,0.0004968487345051089
3.0,0.02396308106083721,True,0.1636908925994446,0.004375527720492297,0.00022249644777382987,0.0004937375903871673
3.2,0.02396308106083721,True,0.16426557035302408,0.004331830994727231,0.00022064183515552302,0.0004909288538662533
3.4000000000000004,0.02396308106083721,True,0.16477889823821087,0.004292799123932069,0.0002189816432498566,0.0004883810667496266
3.6,0.02396308106083721,True,0.1652402604798744,0.004257718560561115,0.0002174866437399663,0.00048605988025714815
3.8000000000000003,0.02396308106083721,True,0.16565721083445623,0.004226014940248115,0.00021613321647810237,0.0004839366314681416
4.0,0.02396308106083721,True,0.16603589998405516,0.00419722058407692,0.00021490206032191667,0.0004819872367868965
4.2,0.02396308106083721,True,0.16638138810843314,0.004170950731569147,0.0002137772452241523,0.00048019132722620705
4.4,0.02396308106083721,True,0.16669787718682938,0.004146885877170017,0.00021274550431820747,0.0004785315683420772
4.6000000000000005,0.02396308106083721,True,0.16698888615910198,0.004124758451534745,0.00021179569777342053,0.0004769931217237089
4.800000000000001,0.02396308106083721,True,0.1672573847418916,0.004104342646559886,0.00021091840155066096,0.0004755632155975596
5.0,0.02396308106083721,True,0.16750589688336365,0.004085446549003374,0.00021010558829143676,0.0004742308000684163
5.2,0.02396308106083721,True,0.16773658161999003,0.004067905992384016,0.00020935037706560364,0.00047298626844836445
5.4,0.02396308106083721,True,0.16795129690526928,0.0040515797036422465,0.0002086468352031897,0.00047182123053859216
5.6000000000000005,0.02396308106083721,True,0.16815165046149103,0.00403634543652864,0.00020798981995878856,0.0004707283270262096
5.800000000000001,0.02396308106083721,True,0.16833904063823812,0.004022096864849316,0.00020737485095011451,0.00046970107663268457
6.0,0.02396308106083721,True,0.1685146895007662,0.004008741066527504,0.00020679800659706042,0.0004687337495177922
6.2,0.02396308106083721,True,0.16867966982257476,0.003996196471171592,0.00020625583944273692,0.0004678212618606256
6.4,0.02396308106083721,True,0.1688349272557627,0.003984391174309571,0.00020574530645086085,0.0004669590876221985
6.6000000000000005,0.02396308106083721,True,0.16898129865696757,0.003973261543941167,0.00020526371127219852,0.00046614318432676785
6.800000000000001,0.02396308106083721,True,0.16911952732610935,0.00396275106183058,0.00020480865614479565,0.00046536993034303003
7.0,0.02396308106083721,True,0.16925027574911536,0.003952809354589015,0.0002043780016001425,0.000464636071647731
7.2,0.02396308106083721,True,0.16937413630967413,0.003943391379186068,0.0002039698325339088,0.00046393867644674617
7.4,0.02396308106083721,True,0.16949164033846453,0.003934456734873885,0.00020358242949668285,0.00046327509633781124
7.6000000000000005,0.02396308106083721,True,0.16960326579375615,0.003925969079178362,0.0002032142442898093,0.00046264293294414656
7.800000000000001,0.02396308106083721,True,0.16970944380926326,0.003917895630020115,0.00020286387913046863,0.0004620400091429882
8.0,0.02396308106083721,True,0.1698105642997538,0.003910206739481601,0.00020253006879063,0.0004614643441694411
8.200000000000001,0.02396308106083721,True,0.16990698077909186,0.0039028755274577707,0.0002022116652255228,0.00046091413200143266
8.4,0.02396308106083721,True,0.16999901451702037,0.0038958775655872145,0.00020190762429547483,0.00046038772253332005
8.6,0.02396308106083721,True,0.17008695813832303,0.0038891906035830267,0.000201616994255499,0.0004598836051280865
8.8,0.02396308106083721,True,0.17017107874982731,0.0038827943314649646,0.00020133890574369992,0.0004594003942054077
9.0,0.02396308106083721,True,0.1702516206660524,0.003876670172309757,0.00020107256304538227,0.0004589368165780985
9.200000000000001,0.02396308106083721,True,0.1703288077924036,0.003870801101040227,0.00020081723644695528,0.0004584917002947498
9.4,0.02396308106083721,True,0.1704028457151382,0.00386517148551086,0.0002005722555240851,0.0004580639647839735
9.600000000000001,0.02396308106083721,True,0.17047392353938623,0.0038597669467501194,0.00020033700323344265,0.00045765261212668746
9.8,0.02396308106083721,True,0.17054221551000534,0.0038545742357159658,0.0002001109106978803,0.0004572567193089061
10.0,0.02396308106083721,True,0.17060788244464517,0.003849581124329776,0.00019989345259182462,0.0004568754313289548
10.200000000000001,0.02396308106083721,True,0.17067107300395545,0.003844776308893762,0.00019968414304772579,0.0004565079550513598
10.4,0.02396308106083721,True,0.17073192482014368,0.0038401493242789433,0.00019948253201613244,0.0004561535537147857
10.600000000000001,0.02396308106083721,True,0.1707905655019916,0.0038356904675067643,0.00019928820202175674,0.000455811542014322
10.8,0.02396308106083721,True,0.17084711353183824,0.0038313907295451466,0.00019910076526612511,0.00045548128168930706
11.0,0.02396308106083721,True,0.17090167906785428,0.003827241734306204,0.00019891986103433014,0.00045516217755716667
11.200000000000001,0.02396308106083721,True,0.17095436466307742,0.003823235683972988,0.00019874515336926023,0.0004548536739415482
11.4,0.02396308106083721,True,0.17100526591112072,0.003819365309901608,0.00019857632898163987,0.0004545552514497946
11.600000000000001,0.02396308106083721,True,0.17105447202714494,0.0038156238284461604,0.00019841309536842554,0.00045426642406062585
11.8,0.02396308106083721,True,0.17110206637153963,0.0038120049011394525,0.00019825517911570715,0.0004539867364876898
12.0,0.02396308106083721,True,0.17114812692280829,0.003808502598736351,0.00019810232436532873,0.00045371576178904546
12.200000000000001,0.02396308106083721,True,0.17119272670531482,0.0038051113686891737,0.00019795429142708304,0.0004534530991962091
12.4,0.02396308106083721,True,0.17123593417684652,0.003801826005678776,0.00019781085552059445,0.0004531983721396398
12.600000000000001,0.02396308106083721,True,0.17127781358032584,0.003798641624871169,0.00019767180563296319,0.0004529512264501869
12.8,0.02396308106083721,True,0.1713184252634944,0.0037955536376101263,0.00019753694347991748,0.00045271132871857727
13.0,0.02396308106083721,True,0.1713578259699094,0.00379255772929028,0.0001974060825596962,0.0004524783647968623
13.200000000000001,0.02396308106083721,True,0.17139606910422844,0.0037896498391861,0.00019727904729013204,0.00045225203842783697
13.4,0.02396308106083721,True,0.17143320497438197,0.0037868261420375138,0.000197155672220526,0.0004520320699897392
13.600000000000001,0.02396308106083721,True,0.1714692810129611,0.003784083031216412,0.00019703580131084662,0.00045181819534517807
13.8,0.02396308106083721,True,0.17150434197986905,0.003781417103317718,0.00019691928727163963,0.0004516101647842881
14.0,0.02396308106083721,True,0.17153843014806,0.0037788251440362265,0.00019680599095875986,0.0004514077420532311
14.200000000000001,0.02396308106083721,True,0.17157158547399365,0.003776304115205764,0.00019669578081768407,0.0004512107034601357
14.4,0.02396308106083721,True,0.1716038457542552,0.0037738511428905782,0.00019658853237272396,0.0004510188370513905
14.600000000000001,0.02396308106083721,True,0.17163524676962477,0.0037714635064303144,0.0001964841277569694,0.00045083194185183194
14.8,0.02396308106083721,True,0.17166582241776743,0.0037691386283509706,0.0001963824552792098,0.0004506498271632355
15.0,0.02396308106083721,True,0.17169560483556962,0.0037668740650627103,0.00019628340902449104,0.00045047231191587187
15.200000000000001,0.02396308106083721,True,0.1717246245120577,0.003764667498273943,0.00019618688848529195,0.0004502992240685486
15.4,0.02396308106083721,True,0.17175291039273163,0.0037625167270580588,0.00019609279822061933,0.00045013040005293737
15.600000000000001,0.02396308106083721,True,0.17178048997606624,0.003760419660515627,0.00019600104754058354,0.00044996568425842356
15.8,0.02396308106083721,True,0.17180738940286405,0.0037583743109807096,0.00019591155021425662,0.00044980492855412697
16.0,0.02396308106083721,True,0.17183363353905656,0.0037563787877244095,0.0001958242241988389,0.00044964799184488277
16.2,0.02396308106083721,True,0.17185924605252345,0.0037544312911140924,0.00019573899138833329,0.00044949473965853683
16.400000000000002,0.02396308106083721,True,0.17188424948441722,0.0037525301071899813,0.00019565577738011217,0.00044934504376191746
16.6,0.02396308106083721,True,0.1719086653154513,0.003750673602624822,0.00019557451125790624,0.00044919878180322225
16.8,0.02396308106083721,True,0.1719325140275604,0.003748860220035401,0.00019549512538988192,0.00044905583697871785
17.0,0.02396308106083721,True,0.1719558151613061,0.0037470884736175553,0.0001954175552405981,0.0004489160977218428
17.2,0.02396308106083721,True,0.17197858736936933,0.0037453569450790172,0.0001953417391957384,0.0004487794574130076
17.400000000000002,0.02396308106083721,True,0.1720008484664287,0.003743664279846399,0.00019526761839862403,0.0004486458141084184
17.6,0.02396308106083721,True,0.17202261547572026,0.003742009183525358,0.00019519513659758405,0.0004485150702866125
17.8,0.02396308106083721,True,0.1720439046725195,0.0037403904185940675,0.0001951242400033591,0.000448387132611244
18.0,0.02396308106083721,True,0.17206473162478997,0.0037388068013124868,0.0001950548771557724,0.00044826191170900005
18.2,0.02396308106083721,True,0.17208511123121034,0.003737257198831141,0.00019498699879897242,0.0004481393219615261
18.400000000000002,0.02396308106083721,True,0.17210505775676596,0.003735740526484302,0.0001949205577646173,0.00044801928131025473
18.6,0.02396308106083721,True,0.17212458486610419,0.003734255745254477,0.00019485550886240451,0.0004479017110733868
18.8,0.02396308106083721,True,0.17214370565479065,0.0037328018593950517,0.00019479180877742926,0.00044778653577392765
19.0,0.02396308106083721,True,0.17216243267864428,0.0037313779142003262,0.0001947294159738622,0.0004476736829782316
19.200000000000003,0.02396308106083721,True,0.1721807779812669,0.0037299829939118723,0.0001946682906045114,0.0004475630831441299
19.400000000000002,0.02396308106083721,True,0.17219875311990995,0.0037286162197519446,0.00019460839442584353,0.0004474546694781135
19.6,0.02396308106083721,True,0.17221636918978553,0.0037272767480748116,0.00019454969071808947,0.0004473483778008655
19.8,0.02396308106083721,True,0.17223363684693374,0.0037259637686279283,0.00019449214421007977,0.0004472441464206155
20.0,0.02396308106083721,True,0.17225056632974836,0.003724676502915499,0.0001944357210084858,0.0004471419160138155
0.0,0.026406695842005327,False,-0.08609330415799471,0.023279246717774406,0.00069317576585264,-0.002697363034094992
0.2,0.026406695842005327,True,0.10140669584200526,0.0094805021881504,0.00044561299233383995,0.000515773409489393
0.4,0.026406695842005327,True,0.12703326620367777,0.007594558200997583,0.0003733171982150018,0.0005914443354316483
0.6000000000000001,0.026406695842005327,True,0.13890669584200524,0.0067207532822255965,0.000336685371985568,0.0005968722600177014
0.8,0.026406695842005327,True,0.14596653241113408,0.006201196582287974,0.0003139631654556512,0.0005912039964607002
1.0,0.026406695842005327,True,0.15070524252793108,0.005852459247345964,0.00029831783922471927,0.0005836784510313872
1.2000000000000002,0.026406695842005327,True,0.15412757105293948,0.005600598783276442,0.00028682200336206746,0.0005763846835463787
1.4000000000000001,0.026406695842005327,True,0.15672460170543284,0.005409474716559855,0.00027798831913311697,0.0005698094512553355
1.6,0.026406695842005327,True,0.15876737733775437,0.005259140108123887,0.0002709731660683231,0.0005640067159503005
1.8,0.026406695842005327,True,0.16041869242162093,0.005137614374896205,0.0002652593829964774,0.0005589099971908952
2.0,0.026406695842005327,True,0.16178263805900875,0.005037237108748947,0.00026051097832519704,0.0005544265296569416
2.2,0.026406695842005327,True,0.16292906645703395,0.004952867654957724,0.00025649956647647135,0.0005504665368310296
2.4000000000000004,0.026406695842005327,True,0.1639066958420053,0.004880920678275731,0.0002530641684858844,0.00054695141255721
2.6,0.026406695842005327,True,0.16475059281234358,0.0048188155118596135,0.00025008788284408963,0.0005438148293880987
2.8000000000000003,0.026406695842005327,True,0.16548667007197704,0.004764645154207641,0.0002474836700886398,0.0005410015905557643
3.0,0.026406695842005327,True,0.16613450738061272,0.004716968666108311,0.0002451853335292635,0.0005384659321444267
3.2,0.026406695842005327,True,0.1667091851341922,0.0046746762313963006,0.00024314159836882904,0.0005361698669334248
3.4000000000000004,0.026406695842005327,True,0.167222513019379,0.004636898736208967,0.00024131210980761307,0.0005340817494776328
3.6,0.026406695842005327,True,0.1676838752610425,0.004602945564431213,0.00023966465899603363,0.0005321750908634189
3.8000000000000003,0.026406695842005327,True,0.16810082561562434,0.004572260810167683,0.00023817321714189208,0.0005304275999772588
4.0,0.026406695842005327,True,0.16847951476522327,0.0045443918243999164,0.00023681651488528872,0.0005288204145926569
4.2,0.026406695842005327,True,0.16882500288960126,0.004518966211779592,0.00023557699772596552,0.0005273374860357346
4.4,0.026406695842005327,True,0.1691414919679975,0.004495674734770508,0.00023444004591989886,0.0005259650861220163
4.6000000000000005,0.026406695842005327,True,0.1694325009402701,0.004474258422961335,0.00023339338366168354,0.0005246914107937243
4.800000000000001,0.026406695842005327,True,0.16970099952305973,0.004454498725092104,0.00023242662590382515,0.0005235062601185001
5.0,0.026406695842005327,True,0.16994951166453176,0.004436209895477793,0.00023153092670478686,0.0005224007786730274
5.2,0.026406695842005327,True,0.17018019640115814,0.004419233043490644,0.00023069870345743344,0.0005213672438262922
5.4,0.026406695842005327,True,0.1703949116864374,0.004403431436193726,0.00022992341851282565,0.0005203988921746865
5.6000000000000005,0.026406695842005327,True,0.17059526524265914,0.004388686755991562,0.00022919940469847452,0.0005194897765068513
5.800000000000001,0.026406695842005327,True,0.17078265541940624,0.004374896093717983,0.00022852172474892686,0.0005186346473202177
6.0,0.026406695842005327,True,0.17095830428193431,0.00436196951355294,0.00022788605718428417,0.0005178288541822203
6.2,0.026406695842005327,True,0.17112328460374288,0.004349828066550001,0.0002272886029961771,0.0005170682632134073
6.4,0.026406695842005327,True,0.17127854203693083,0.004338402159046604,0.00022672600883728936,0.0005163491877340858
6.6000000000000005,0.026406695842005327,True,0.17142491343813568,0.004327630203997725,0.0002261953034004707,0.0005156683297121007
6.800000000000001,0.026406695842005327,True,0.17156314210727747,0.004317457499506234,0.00022569384441403385,0.0005150227301158851
7.0,0.026406695842005327,True,0.17169389053028347,0.004307835291043741,0.00022521927423898991,0.0005144097266439659
7.2,0.026406695842005327,True,0.17181775109084224,0.00429871998313738,0.00022476948247987576,0.0005138269175920523
7.4,0.026406695842005327,True,0.17193525511963265,0.004290072473406795,0.00022434257434789044,0.0005132721308490204
7.6000000000000005,0.026406695842005327,True,0.17204688057492426,0.004281857587323778,0.0002239368437681394,0.0005127433971969879
7.800000000000001,0.026406695842005327,True,0.17215305859043137,0.0042740435963336595,0.00022355075042009053,0.000512238927237596
8.0,0.026406695842005327,True,0.17225417908092192,0.004266601805320387,0.00022318290005516228,0.0005117570913854804
8.200000000000001,0.026406695842005327,True,0.17235059556025997,0.004259506198030615,0.00022283202755769626,0.0005112964024654989
8.4,0.026406695842005327,True,0.1724426292981885,0.004252733131162427,0.00022249698231276662,0.0005108555005284002
8.6,0.026406695842005327,True,0.17253057291949114,0.004246261069491164,0.0002221767155220018,0.0005104331395630399
8.8,0.026406695842005327,True,0.17261469353099543,0.004240070355742775,0.00022187026917106753,0.0005100281758353303
9.0,0.026406695842005327,True,0.1726952354472205,0.004234143010004558,0.0002215767664029403,0.0005096395576269998
9.200000000000001,0.026406695842005327,True,0.17277242257357173,0.0042284625543378964,0.00022129540309210742,0.000509266316182484
9.4,0.026406695842005327,True,0.1728464604963063,0.0042230138589708895,0.00022102544044828444,0.0005089075577016815
9.600000000000001,0.026406695842005327,True,0.17291753832055434,0.0042177830070320955,0.00022076619850567455,0.0005085624562405807
9.8,0.026406695842005327,True,0.17298583029117345,0.004212757175266781,0.0002205170503763674,0.0005082302474022553
10.0,0.026406695842005327,True,0.17305149722581328,0.004207924528572712,0.00022027741716516171,0.0005079102227175705
10.200000000000001,0.026406695842005327,True,0.17311468778512357,0.004203274126521459,0.00022004676345857807,0.0005076017246294723
10.4,0.026406695842005327,True,0.1731755396013118,0.004198795840304139,0.0002198245933137556,0.000507304142006657
10.600000000000001,0.026406695842005327,True,0.1732341802831597,0.004194480278768901,0.00021961044668371963,0.0005070169061226901
10.8,0.026406695842005327,True,0.17329072831300635,0.004190318722408862,0.00021940389622457747,0.0005067394870452805
11.0,0.026406695842005327,True,0.1733452938490224,0.00418630306432027,0.00021920454443782625,0.0005064713903878338
11.200000000000001,0.026406695842005327,True,0.17339797944424554,0.004182425757286297,0.00021901202110741414,0.0005062121543815982
11.4,0.026406695842005327,True,0.17344888069228884,0.0041786797662570156,0.00021882598099665852,0.0005059613472321359
11.600000000000001,0.026406695842005327,True,0.17349808680831305,0.004175058525594008,0.00021864610177476718,0.0005057185647285295
11.8,0.026406695842005327,True,0.17354568115270774,0.004171555900530763,0.00021847208214667945,0.000505483428077529
12.0,0.026406695842005327,True,0.1735917417039764,0.00416816615237157,0.00021830364016332175,0.000505255581938421
12.200000000000001,0.026406695842005327,True,0.17363634148648294,0.004164883907012164,0.00021814051169228218,0.000505034692637239
12.4,0.026406695842005327,True,0.17367954895801463,0.0041617041264178575,0.0002179824490313977,0.000504820446541564
12.600000000000001,0.026406695842005327,True,0.17372142836149396,0.004158622082739619,0.0002178292196499078,0.0005046125485792697
12.8,0.026406695842005327,True,0.1737620400446625,0.004155633334787855,0.00021768060504367102,0.0005044107208866706
13.0,0.026406695842005327,True,0.1738014407510775,0.004152733706616593,0.000217536399692568,0.0005042147015729584
13.200000000000001,0.026406695842005327,True,0.17383968388539656,0.004149919268000713,0.00021739641010958945,0.0005040242435895708
13.4,0.026406695842005327,True,0.17387681975555008,0.0041471863166133455,0.00021726045397234224,0.0005038391136941202
13.600000000000001,0.026406695842005327,True,0.17391289579412922,0.004144531361733362,0.00021712835932874563,0.000503659091499889
13.8,0.026406695842005327,True,0.17394795676103716,0.004141951109331646,0.0002169999638696287,0.0005034839686027223
14.0,0.026406695842005327,True,0.1739820449292281,0.004139442448401809,0.0002168751142617406,0.0005033135477780569
14.200000000000001,0.026406695842005327,True,0.17401520025516176,0.004137002438415872,0.0002167536655353976,0.0005031476422416329
14.4,0.026406695842005327,True,0.1740474605354233,0.0041346282977983775,0.0002166354805216091,0.0005029860749680984
14.600000000000001,0.026406695842005327,True,0.17407886155079288,0.004132317393323415,0.00021652042933408724,0.0005028286780621927
14.8,0.026406695842005327,True,0.17410943719893554,0.004130067230349816,0.00021640838889200534,0.0005026752921779675
15.0,0.026406695842005327,True,0.17413921961673773,0.004127875443817916,0.00021629924247982198,0.0005025257659817247
15.200000000000001,0.026406695842005327,True,0.1741682392932258,0.004125739789939561,0.00021619287934084732,0.0005023799556549292
15.4,0.026406695842005327,True,0.17419652517389975,0.00412365813851979,0.00021608919430157392,0.0005022377244336452
15.600000000000001,0.026406695842005327,True,0.17422410475723435,0.004121628465854852,0.00021598808742408804,0.0005020989421814068
15.8,0.026406695842005327,True,0.17425100418403217,0.004119648848156863,0.00021588946368413626,0.0005019634849927887
16.0,0.026406695842005327,True,0.17427724832022468,0.004117717455459681,0.00021579323267267427,0.0005018312348249963
16.2,0.026406695842005327,True,0.17430286083369156,0.004115832545965856,0.00021569930831891244,0.0005017020791553525
16.400000000000002,0.026406695842005327,True,0.17432786426558533,0.0041139924607974995,0.0002156076086330786,0.0005015759106624692
16.6,0.026406695842005327,True,0.1743522800966194,0.00411219561911795,0.00021551805546727733,0.0005014526269292669
16.8,0.026406695842005327,True,0.17437612880872852,0.004110440513593951,0.00021543057429297636,0.0005013321301660988
17.0,0.026406695842005327,True,0.1743994299424742,0.0041087257061709435,0.0002153450939937879,0.0005012143269524144
17.2,0.026406695842005327,True,0.17442220215053744,0.0041070498241366285,0.00021526154667232827,0.00050109912799556
17.400000000000002,0.026406695842005327,True,0.17444446324759683,0.00410541155644983,0.00021517986747005886,0.0005009864479053128
17.6,0.026406695842005327,True,0.17446623025688837,0.004103809650314435,0.00021509999439909256,0.0005008762049831063
17.8,0.026406695842005327,True,0.17448751945368762,0.004102242907979122,0.00021502186818505607,0.0005007683210247031
18.0,0.026406695842005327,True,0.17450834640595808,0.004100710183745956,0.00021494543212016498,0.0005006627211354144
18.2,0.026406695842005327,True,0.17452872601237845,0.004099210381172095,0.00021487063192574416,0.0005005593335569377
18.400000000000002,0.026406695842005327,True,0.17454867253793407,0.004097742450449936,0.0002147974156235003,0.0005004580895048771
18.6,0.026406695842005327,True,0.1745681996472723,0.004096305385953123,0.00021472573341488834,0.0005003589230163733
18.8,0.026406695842005327,True,0.17458732043595876,0.00409489822393556,0.00021465553756800282,0.0005002617708068732
19.0,0.026406695842005327,True,0.1746060474598124,0.004093520040373131,0.0002145867823114336,0.0005001665721356504
19.200000000000003,0.026406695842005327,True,0.17462439276243502,0.00409216994893733,0.0002145194237346054,0.0005000732686792607
19.400000000000002,0.026406695842005327,True,0.17464236790107807,0.004090847099091885,0.0002144534196941331,0.0004999818044125299
19.6,0.026406695842005327,True,0.17465998397095364,0.004089550674303485,0.00021438872972578038,0.0004998921254964691
19.8,0.026406695842005327,True,0.17467725162810185,0.004088279890358845,0.00021432531496163034,0.0004998041801726903
20.0,0.026406695842005327,True,0.17469418111091647,0.004087033993780859,0.000214263138052111,0.0004997179186639147
0.0,0.029099496159189598,False,-0.08340050384081045,0.022976306682091174,0.0007638617741787271,-0.0026800973278661108
0.2,0.029099496159189598,True,0.10409949615918954,0.00968246221193922,0.0004910539976863246,0.0005168854401569401
0.4,0.029099496159189598,True,0.12972606652086205,0.00786552546158466,0.00041138590153852065,0.0006089777777125449
0.6000000000000001,0.029099496159189598,True,0.14159949615918951,0.007023693317908827,0.0003710185760296674,0.0006235328589628887
0.8,0.029099496159189598,True,0.14865933272831836,0.006523147348123823,0.0003459792918419864,0.0006237474402186005
1.0,0.029099496159189598,True,0.15339804284511535,0.006187170413287368,0.00032873854679420694,0.0006203612853532788
1.2000000000000002,0.029099496159189598,True,0.15682037137012375,0.0059445255965554986,0.00031607043286077863,0.0006161522788102611
1.4000000000000001,0.029099496159189598,True,0.15941740202261712,0.005760394814803682,0.00030633594120647113,0.0006119712347940865
1.6,0.029099496159189598,True,0.16146017765493864,0.005615560993238367,0.0002986054238828924,0.000608084051717518
1.8,0.029099496159189598,True,0.1631114927388052,0.005498481921792291,0.00029230898264888047,0.0006045566114119945
2.0,0.029099496159189598,True,0.16447543837619302,0.0054017774888900135,0.00028707636345559216,0.000601383357040244
2.2,0.029099496159189598,True,0.16562186677421822,0.005320495137852621,0.0002826558913002217,0.000598534445594081
2.4000000000000004,0.029099496159189598,True,0.16659949615918956,0.005251180721888568,0.000278870171525567,0.0005959738909819179
2.6,0.029099496159189598,True,0.16744339312952786,0.005191348001501849,0.00027559038169043396,0.0005936665425972289
2.8000000000000003,0.029099496159189598,True,0.1681794703891613,0.00513915975292809,0.0002727206065573263,0.0005915805589354129
3.0,0.029099496159189598,True,0.168827307697797,0.005093227761338936,0.0002701878990848636,0.0005896880313536667
3.2,0.029099496159189598,True,0.16940198545137647,0.005052482819064044,0.0002679357557721489,0.0005879648652362678
3.4000000000000004,0.029099496159189598,True,0.16991531333656326,0.005016087613368761,0.00026591970667312837,0.0005863903918760785
3.6,0.029099496159189598,True,0.17037667557822678,0.004983376797981696,0.00026410425846821697,0.0005849469135255729
3.8000000000000003,0.029099496159189598,True,0.1707936259328086,0.004953814807765234,0.0002624607281013011,0.0005836192651165624
4.0,0.029099496159189598,True,0.17117231508240754,0.004926965556259621,0.000260965677287621,0.0005823944233086202
4.2,0.029099496159189598,True,0.17151780320678553,0.0049024702741702056,0.00025959976142170645,0.0005812611702905347
4.4,0.029099496159189598,True,0.17183429228518177,0.004880031039051812,0.00025834686992358907,0.0005802098100015994
4.6000000000000005,0.029099496159189598,True,0.17212530125745437,0.004859398356295478,0.000257193475173063,0.0005792319308342748
4.800000000000001,0.029099496159189598,True,0.172393799840244,0.0048403616714951464,0.00025612813311626107,0.0005783202080338621
5.0,0.029099496159189598,True,0.17264231198171603,0.004822742035454215,0.0002551410957542923,0.0005774682393379304
5.2,0.029099496159189598,True,0.17287299671834241,0.004806386371399024,0.0002542240072501173,0.0005766704081598319
5.4,0.029099496159189598,True,0.17308771200362166,0.00479116294949041,0.0002533696632836145,0.0005759217694802041
5.6000000000000005,0.029099496159189598,True,0.1732880655598434,0.004776957781407989,0.00025257181877720727,0.0005752179544240245
5.800000000000001,0.029099496159189598,True,0.1734754557365905,0.004763671723461791,0.000251825032992003,0.0005745550902150408
6.0,0.029099496159189598,True,0.1736511045991186,0.004751218130609478,0.00025112454376887127,0.0005739297328028238
6.2,0.029099496159189598,True,0.17381608492092715,0.0047395209426694335,0.00025046616469880003,0.0005733388099567429
6.4,0.029099496159189598,True,0.1739713423541151,0.004728513112431371,0.00024984620047973656,0.0005727795730289839
6.6000000000000005,0.029099496159189598,True,0.17411771375531995,0.004718135306338082,0.0002492613768080146,0.0005722495559198283
6.800000000000001,0.029099496159189598,True,0.17425594242446174,0.004708334824050701,0.00024870878196854216,0.000571746540046325
7.0,0.029099496159189598,True,0.17438669084746775,0.004699064694983149,0.0002481858179041025,0.0005712685243321742
7.2,0.029099496159189598,True,0.17451055140802652,0.004690282918833547,0.00024769015901345264,0.0005708136994118377
7.4,0.029099496159189598,True,0.17462805543681692,0.0046819518239889606,0.00024721971728831747,0.0005703804253837329
7.6000000000000005,0.029099496159189598,True,0.17473968089210853,0.004674037522967358,0.00024677261267826807,0.0005699672125627894
7.800000000000001,0.029099496159189598,True,0.17484585890761564,0.004666509448171076,0.00024634714778989816,0.0005695727047760771
8.0,0.029099496159189598,True,0.1749469793981062,0.004659339954446669,0.00024594178619731456,0.0005691956648220397
8.200000000000001,0.029099496159189598,True,0.17504339587744425,0.0046525039774830395,0.00024555513377576716,0.0005688349617761804
8.4,0.029099496159189598,True,0.17513542961537276,0.004645978739093538,0.000245185922577353,0.0005684895598776817
8.6,0.029099496159189598,True,0.17522337323667542,0.004639743492033613,0.0002448329968533799,0.0005681585087736615
8.8,0.029099496159189598,True,0.1753074938481797,0.004633779298294565,0.0002444953008968179,0.000567840934932779
9.0,0.029099496159189598,True,0.1753880357644048,0.004628068835853905,0.00024417186843389517,0.0005675360340689768
9.200000000000001,0.029099496159189598,True,0.175465222890756,0.004622596229705564,0.00024386181333908494,0.0005672430644401701
9.4,0.029099496159189598,True,0.17553926081349058,0.004617346903680382,0.00024356432148459265,0.000566961340906921
9.600000000000001,0.029099496159189598,True,0.17561033863773862,0.004612307450129267,0.0002432786435656886,0.0005666902296528767
9.8,0.029099496159189598,True,0.17567863060835773,0.004607465515004097,0.0002430040887681016,0.0005664291434830499
10.0,0.029099496159189598,True,0.17574429754299756,0.0046028096962524535,0.00024274001916428536,0.0005661775376277
10.200000000000001,0.029099496159189598,True,0.17580748810230784,0.004598329453759355,0.0002424858447424269,0.0005659349059898626
10.4,0.029099496159189598,True,0.17586833991849607,0.004594015029331968,0.00024224101898631458,0.0005657007777829197
10.600000000000001,0.029099496159189598,True,0.17592698060034398,0.00458985737544341,0.00024200503493607522,0.0005654747145119034
10.8,0.029099496159189598,True,0.17598352863019062,0.004585848091636078,0.0002417774216697867,0.000565256307258356
11.0,0.029099496159189598,True,0.17603809416620667,0.004581979367640178,0.0002415577411543749,0.0005650451742338829
11.200000000000001,0.029099496159189598,True,0.1760907797614298,0.004578243932393733,0.00024134558542132138,0.0005648409585719258
11.4,0.029099496159189598,True,0.1761416810094731,0.004574635008261326,0.0002411405740287269,0.0005646433263312079
11.600000000000001,0.029099496159189598,True,0.17619088712549733,0.004571146269843156,0.00024094235177639123,0.0005644519646876825
11.8,0.029099496159189598,True,0.17623848146989202,0.004567771806845594,0.00024075058664494654,0.0005642665802945058
12.0,0.029099496159189598,True,0.17628454202116067,0.004564506090553468,0.00024056496793380255,0.000564086897792214
12.200000000000001,0.029099496159189598,True,0.1763291418036672,0.00456134394350254,0.0002403852045758697,0.0005639126584532883
12.4,0.029099496159189598,True,0.1763723492751989,0.0045582805120012795,0.0002402110236097678,0.0005637436189472544
12.600000000000001,0.029099496159189598,True,0.17641422867867823,0.004555311241194014,0.00024004216879261014,0.0005635795502139441
12.8,0.029099496159189598,True,0.17645484036184678,0.004552431852395567,0.00023987839933848148,0.0005634202364341648
13.0,0.029099496159189598,True,0.17649424106826178,0.004549638322459038,0.00023971948876952336,0.0005632654740879642
13.200000000000001,0.029099496159189598,True,0.17653248420258083,0.004546926864967381,0.00023956522386805356,0.0005631150710920911
13.4,0.029099496159189598,True,0.17656962007273436,0.0045442939130629426,0.0002394154037195081,0.0005629688460088549
13.600000000000001,0.029099496159189598,True,0.1766056961113135,0.004541736103751088,0.00023926983883713936,0.0005628266273197063
13.8,0.029099496159189598,True,0.17664075707822144,0.004539250263532182,0.00023912835036043686,0.000562688252757404
14.0,0.029099496159189598,True,0.1766748452464124,0.004536833395232461,0.00023899076932012222,0.0005625535686913285
14.200000000000001,0.029099496159189598,True,0.17670800057234604,0.004534482665918716,0.0002388569359633516,0.0005624224295611061
14.4,0.029099496159189598,True,0.17674026085260758,0.004532195395794142,0.00023872669913344342,0.0005622946973542004
14.600000000000001,0.029099496159189598,True,0.17677166186797716,0.004529969047983326,0.00023859991569906623,0.0005621702411234446
14.8,0.029099496159189598,True,0.17680223751611981,0.004527801219124744,0.00023847645002833095,0.0005620489365411389
15.0,0.029099496159189598,True,0.176832019933922,0.004525689630696948,0.0002383561735037282,0.0005619306654864187
15.200000000000001,0.029099496159189598,True,0.17686103961041008,0.004523632121012644,0.00023823896407424897,0.0005618153156630916
15.4,0.029099496159189598,True,0.17688932549108402,0.004521626637821324,0.00023812470584140706,0.000561702780245325
15.600000000000001,0.029099496159189598,True,0.17691690507441862,0.004519671231467138,0.000238013288676205,0.0005615929575488474
15.8,0.029099496159189598,True,0.17694380450121644,0.004517764048554162,0.0002379046078643722,0.0005614857507256196
16.0,0.029099496159189598,True,0.17697004863740895,0.004515903326075244,0.000237798563777479,0.0005613810674798938
16.2,0.029099496159189598,True,0.17699566115087584,0.004514087385965806,0.0002376950615677402,0.0005612788198041066
16.400000000000002,0.029099496159189598,True,0.1770206645827696,0.004512314630046784,0.0002375940108845466,0.0005611789237328893
16.6,0.029099496159189598,True,0.17704508041380368,0.004510583535324787,0.0002374953256109376,0.0005610812991138183
16.8,0.029099496159189598,True,0.1770689291259128,0.00450889264962032,0.0002373989236183974,0.0005609858693935722
17.0,0.029099496159189598,True,0.17709223025965848,0.004507240587497654,0.00023730472653850514,0.0005608925614183077
17.2,0.029099496159189598,True,0.17711500246772172,0.004505626026472434,0.00023721265955009912,0.0005608013052471973
17.400000000000002,0.029099496159189598,True,0.1771372635647811,0.004504047703474858,0.00023712265118074673,0.0005607120339780262
17.6,0.029099496159189598,True,0.17715903057407265,0.004502504411548988,0.00023703463312139874,0.0005606246835841054
17.8,0.029099496159189598,True,0.1771803197708719,0.004500994996769568,0.00023694854005322808,0.0005605391927614985
18.0,0.029099496159189598,True,0.17720114672314236,0.004499518355360083,0.00023686430948572238,0.0005604555027859118
18.2,0.029099496159189598,True,0.17722152632956273,0.004498073430996854,0.00023678188160518491,0.0005603735573785306
18.400000000000002,0.029099496159189598,True,0.17724147285511835,0.004496659212285038,0.00023670119913288002,0.0005602933025800564
18.6,0.029099496159189598,True,0.17726099996445657,0.004495274730394445,0.00023662220719209857,0.0005602146866325737
18.8,0.029099496159189598,True,0.17728012075314303,0.0044939190568427205,0.0002365448531835146,0.0005601376598684135
19.0,0.029099496159189598,True,0.17729884777699667,0.004492591301416065,0.00023646908666821753,0.0005600621746058087
19.200000000000003,0.029099496159189598,True,0.1773171930796193,0.004491290610216986,0.00023639485925788838,0.000559988185050638
19.400000000000002,0.029099496159189598,True,0.17733516821826234,0.00449001616383058,0.00023632212451160637,0.0005599156472040064
19.6,0.029099496159189598,True,0.17735278428813792,0.004488767175600729,0.0002362508378388291,0.000559844518775161
19.8,0.029099496159189598,True,0.17737005194528613,0.004487542890008734,0.00023618095640811693,0.0005597747590994316
20.0,0.029099496159189598,True,0.17738698142810075,0.004486342581147441,0.00023611243906120712,0.0005597063290608916
0.0,0.03206689249518715,False,-0.08043310750481289,0.022642474594291452,0.0008417559279986627,-0.0026629605212163017
0.2,0.03206689249518715,True,0.10706689249518708,0.009905016937139036,0.0005411288108562833,0.0005193705727153891
0.4,0.03206689249518715,True,0.1326934628568596,0.008164124377779886,0.0004533366284593009,0.0006299893064224163
0.6000000000000001,0.03206689249518715,True,0.14456689249518706,0.007357525405708552,0.0004088528793136362,0.0006548017050440396
0.8,0.03206689249518715,True,0.1516267290643159,0.0068779287690915215,0.00038126023544755877,0.0006616176065471452
1.0,0.03206689249518715,True,0.1563654391811129,0.006556013465293005,0.0003622613801079455,0.000662872544669885
1.2000000000000002,0.03206689249518715,True,0.1597877677061213,0.006323524053686825,0.0003483014460459346,0.0006621203465286463
1.4000000000000001,0.03206689249518715,True,0.16238479835861466,0.006147099691177691,0.0003375742878963115,0.0006606212559458804
1.6,0.03206689249518715,True,0.1644275739909362,0.006008327594538991,0.0003290554576529536,0.0006588792724598901
1.8,0.03206689249518715,True,0.16607888907480275,0.005896148629422358,0.0003221169421869543,0.000657108872007432
2.0,0.03206689249518715,True,0.16744283471219057,0.0058034915638069656,0.00031635073110819516,0.0006554023475639269
2.2,0.03206689249518715,True,0.16858926311021577,0.005725611120197357,0.0003114794850698177,0.0006537970745399117
2.4000000000000004,0.03206689249518715,True,0.1695668924951871,0.005659197718088232,0.00030730771974554354,0.0006523048513265319
2.6,0.03206689249518715,True,0.1704107894655254,0.005601869174479253,0.0003036934761354594,0.0006509254723701412
2.8000000000000003,0.03206689249518715,True,0.17114686672515886,0.005551865158868741,0.00030053105812741893,0.0006496532682935424
3.0,0.03206689249518715,True,0.17179470403379454,0.005507855557335556,0.000297740079967628,0.0006484803353657243
3.2,0.03206689249518715,True,0.17236938178737402,0.005468815911721015,0.00029525827625881125,0.0006473981415534943
3.4000000000000004,0.03206689249518715,True,0.1728827096725608,0.0054339439533114,0.00029303664227004215,0.00064639831258726
3.6,0.03206689249518715,True,0.17334407191422432,0.005402602182549815,0.00029103606528070174,0.0006454729959751587
3.8000000000000003,0.03206689249518715,True,0.17376102226880616,0.005374277449287832,0.00028922493730445934,0.0006446150062399864
4.0,0.03206689249518715,True,0.1741397114184051,0.005348551918577222,0.00028757742995742986,0.0006438178576499644
4.2,0.03206689249518715,True,0.17448519954278308,0.0053250818366822154,0.0002860722259844765,0.0006430757408706696
4.4,0.03206689249518715,True,0.1748016886211793,0.005303581750095439,0.00028469157194296055,0.0006423834737141916
4.6000000000000005,0.03206689249518715,True,0.17509269759345192,0.005283812606297168,0.0002834205607451274,0.0006417364420697317
4.800000000000001,0.03206689249518715,True,0.17536119617624155,0.005265572663207627,0.000282246581339464,0.0006411305394335434
5.0,0.03206689249518715,True,0.17560970831771358,0.00524869046118475,0.00028115889168319516,0.0006405621092554245
5.2,0.03206689249518715,True,0.17584039305433996,0.0052330193301717955,0.0002801482838599162,0.0006400278920184511
5.4,0.03206689249518715,True,0.1760551083396192,0.005218433053614002,0.0002792068188950974,0.0006395249777219656
5.6000000000000005,0.03206689249518715,True,0.17625546189584096,0.005204822413940218,0.0002783276148746952,0.0006390507637801638
5.800000000000001,0.03206689249518715,True,0.17644285207258806,0.005192092416917901,0.00027750467624510264,0.0006386029180203488
6.0,0.03206689249518715,True,0.17661850093511614,0.005180160043856675,0.00027673275523006785,0.0006381793463198835
6.2,0.03206689249518715,True,0.1767834812569247,0.005168952417919078,0.00027600723851508555,0.0006377781643760474
6.4,0.03206689249518715,True,0.17693873869011265,0.005158405298019393,0.0002753240539728235,0.0006373976731111224
6.6000000000000005,0.03206689249518715,True,0.1770851100913175,0.005148461833885735,0.0002746795934052881,0.0006370363372493137
6.800000000000001,0.03206689249518715,True,0.1772233387604593,0.005139071530844694,0.0002740706481777205,0.0006366927666474008
7.0,0.03206689249518715,True,0.1773540871834653,0.005130189384168508,0.0002734943552982324,0.0006363657000092774
7.2,0.03206689249518715,True,0.17747794774402406,0.005121775151392483,0.00027294815201437474,0.0006360539906611013
7.4,0.03206689249518715,True,0.17759545177281447,0.0051137927375723945,0.00027242973739500696,0.0006357565941067
7.6000000000000005,0.03206689249518715,True,0.17770707722810608,0.005106209673517828,0.000271937039673159,0.0006354725571215761
7.800000000000001,0.03206689249518715,True,0.1778132552436132,0.005098996670975724,0.00027146818836517765,0.0006352010081773628
8.0,0.03206689249518715,True,0.17791437573410374,0.005092127241824294,0.0002710214903694479,0.000634941149018345
8.200000000000001,0.03206689249518715,True,0.1780107922134418,0.005085577370768183,0.0002705954093965356,0.0006346922472366609
8.4,0.03206689249518715,True,0.1781028259513703,0.005079325232955398,0.00027018854820063043,0.0006344536297148283
8.6,0.03206689249518715,True,0.17819076957267296,0.005073350949475101,0.00026979963317655165,0.0006342246768226676
8.8,0.03206689249518715,True,0.17827489018417725,0.005067636374930412,0.0002694275009624441,0.0006340048172716171
9.0,0.03206689249518715,True,0.17835543210040233,0.005062164912276853,0.0002690710867495911,0.0006337935235430424
9.200000000000001,0.03206689249518715,True,0.17843261922675355,0.005056921350924433,0.00026872941405057,0.0006335903078185696
9.4,0.03206689249518715,True,0.17850665714948813,0.005051891724759898,0.00026840158571759783,0.0006333947183504536
9.600000000000001,0.03206689249518715,True,0.17857773497373616,0.005047063187284028,0.0002680867760362331,0.000633206336218274
9.8,0.03206689249518715,True,0.17864602694435527,0.005042423901502251,0.00026778422374700803,0.0006330247724256242
10.0,0.03206689249518715,True,0.1787116938789951,0.005037962942571854,0.00026749322587025793,0.0006328496652963647
10.200000000000001,0.03206689249518715,True,0.1787748844383054,0.005033670211512921,0.00026721313222821783,0.0006326806781355449
10.4,0.03206689249518715,True,0.17883573625449362,0.005029536358541931,0.0002669433405741507,0.0006325174971244403
10.600000000000001,0.03206689249518715,True,0.17889437693634153,0.0050255527147978285,0.0002666832922513822,0.0006323598294231149
10.8,0.03206689249518715,True,0.17895092496618817,0.005021711231407071,0.0002664324683161284,0.0006322074014572629
11.0,0.03206689249518715,True,0.1790054905022042,0.0050180044249828176,0.0002661903860672653,0.0006320599573690151
11.200000000000001,0.03206689249518715,True,0.17905817609742736,0.005014425328778597,0.00026595659593403256,0.0006319172576138056
11.4,0.03206689249518715,True,0.17910907734547066,0.005010967448823132,0.000265730678679292,0.0006317790776876062
11.600000000000001,0.03206689249518715,True,0.17915828346149487,0.0050076247244533615,0.0002655122428816057,0.0006316452069707998
11.8,0.03206689249518715,True,0.17920587780588956,0.00500439149273897,0.00026530092266421353,0.0006315154476763997
12.0,0.03206689249518715,True,0.17925193835715822,0.005001262456357913,0.00026509637564309723,0.000631389613891941
12.200000000000001,0.03206689249518715,True,0.17929653813966476,0.004998232654538181,0.0002648982810698485,0.0006312675307054742
12.4,0.03206689249518715,True,0.17933974561119645,0.004995297436729631,0.00026470633814808307,0.0006311490334072707
12.600000000000001,0.03206689249518715,True,0.17938162501467578,0.0049924524387108035,0.00026452026450476403,0.0006310339667596609
12.8,0.03206689249518715,True,0.17942223669784432,0.004989693560872191,0.0002643397948000375,0.0006309221843284823
13.0,0.03206689249518715,True,0.17946163740425933,0.004987016948447512,0.00026416467946115834,0.0006308135478700249
13.200000000000001,0.03206689249518715,True,0.17949988053857838,0.0049844189734925114,0.00026399468352775277,0.0006307079267683764
13.4,0.03206689249518715,True,0.1795370164087319,0.0049818962184331,0.0002638295855971653,0.0006306051975182576
13.600000000000001,0.03206689249518715,True,0.17957309244731104,0.004979445461025942,0.0002636691768598986,0.0006305052432492563
13.8,0.03206689249518715,True,0.17960815341421899,0.004977063660591775,0.000263513260216294,0.0006304079532876079
14.0,0.03206689249518715,True,0.17964224158240993,0.004974747945397445,0.0002633616494665748,0.0006303132227521106
14.200000000000001,0.03206689249518715,True,0.17967539690834358,0.004972495601076395,0.000263214168567237,0.0006302209521811568
14.4,0.03206689249518715,True,0.17970765718860512,0.004970304059989267,0.0002630706509475252,0.0006301310471881582
14.600000000000001,0.03206689249518715,True,0.1797390582039747,0.004968170891436405,0.0002629309388804123,0.0006300434181427685
14.8,0.03206689249518715,True,0.17976963385211736,0.004966093792644093,0.0002627948829030629,0.0006299579798758387
15.0,0.03206689249518715,True,0.17979941626991955,0.00496407058045376,0.00026266234128230655,0.0006298746514059602
15.200000000000001,0.03206689249518715,True,0.17982843594640763,0.004962099183651139,0.00026253317952108665,0.0006297933556858436
15.4,0.03206689249518715,True,0.17985672182708157,0.004960177635878491,0.00026240726990226757,0.0006297140193668412
15.600000000000001,0.03206689249518715,True,0.17988430141041617,0.00495830406907884,0.0002622844910665411,0.0006296365725801298
15.8,0.03206689249518715,True,0.17991120083721399,0.004956476707426384,0.000262164727621488,0.0006295609487332733
16.0,0.03206689249518715,True,0.1799374449734065,0.004954693861701045,0.0002620478697791545,0.0006294870843207522
16.2,0.03206689249518715,True,0.17996305748687338,0.004952953924070224,0.0002619338130197333,0.0006294149187475516
16.400000000000002,0.03206689249518715,True,0.17998806091876715,0.004951255363243392,0.0002618224577791887,0.0006293443941646355
16.6,0.03206689249518715,True,0.18001247674980123,0.004949596719968946,0.0002617137091588563,0.000629275455315446
16.8,0.03206689249518715,True,0.18003632546191034,0.004947976602845409,0.00026160747665523505,0.0006292080493925584
17.0,0.03206689249518715,True,0.18005962659565602,0.004946393684421645,0.000261503673908351,0.0006291421259037215
17.2,0.03206689249518715,True,0.18008239880371926,0.004944846697563195,0.00026140221846721826,0.0006290776365466111
17.400000000000002,0.03206689249518715,True,0.18010465990077865,0.004943334432063467,0.00026130303157106374,0.0006290145350915358
17.6,0.03206689249518715,True,0.1801264269100702,0.004941855731481214,0.0002612060379450811,0.0006289527772716814
17.8,0.03206689249518715,True,0.18014771610686944,0.004940409490186374,0.0002611111656096116,0.0006288923206801669
18.0,0.03206689249518715,True,0.1801685430591399,0.004938994650598745,0.000261018345701726,0.0006288331246735357
18.2,0.03206689249518715,True,0.18018892266556027,0.0049376102006049374,0.00026092751230827674,0.0006287751502812079
18.400000000000002,0.03206689249518715,True,0.1802088691911159,0.004936255171139971,0.000260838602309578,0.0006287183601203544
18.6,0.03206689249518715,True,0.18022839630045412,0.004934928633922081,0.00026075155523291497,0.0006286627183160526
18.8,0.03206689249518715,True,0.18024751708914058,0.004933629699328646,0.0002606663131151902,0.0006286081904260416
19.0,0.03206689249518715,True,0.18026624411299422,0.004932357514403958,0.00026058282037402813,0.0006285547433700771
19.200000000000003,0.03206689249518715,True,0.18028458941561684,0.004931111260988664,0.00026050102368675216,0.0006285023453633137
19.400000000000002,0.03206689249518715,True,0.1803025645542599,0.004929890153962806,0.0002604208718766682,0.0006284509658536208
19.6,0.03206689249518715,True,0.18032018062413546,0.004928693439594159,0.00026034231580615124,0.000628400575462459
19.8,0.03206689249518715,True,0.18033744828128367,0.004927520393984717,0.00026026530827606215,0.0006283511459291272
20.0,0.03206689249518715,True,0.1803543777640983,0.004926370321608699,0.0002601898039310593,0.0006283026500581984
0.0,0.03533688654513552,False,-0.07716311345486453,0.02227460026367226,0.0009275932718098075,-0.0026463707791173053
0.2,0.03533688654513552,True,0.11033688654513546,0.010150266490885164,0.000596309960449162,0.0005236388417585245
0.4,0.03533688654513552,True,0.13596345690680794,0.008493172664129266,0.0004995652450272474,0.0006551958704941712
0.6000000000000001,0.03533688654513552,True,0.14783688654513544,0.007725399736327743,0.0004505453034504779,0.0006915537408848258
0.8,0.03533688654513552,True,0.15489672311426428,0.007268888723285372,0.0004201389232275658,0.0007057881206915665
1.0,0.03533688654513552,True,0.15963543323106127,0.006962468973373211,0.0003992026757965396,0.0007122540751257154
1.2000000000000002,0.03533688654513552,True,0.16305776175606967,0.006741170555680778,0.0003838191893486123,0.0007153809930766159
1.4000000000000001,0.03533688654513552,True,0.165654792408563,0.006573238467952831,0.000371998138383295,0.0007168903154774122
1.6,0.03533688654513552,True,0.16769756804088454,0.006441146235477202,0.00036261060768159116,0.0007175539514036342
1.8,0.03533688654513552,True,0.1693488831247511,0.006334367060859403,0.0003549645430106697,0.0007177534440480824
2.0,0.03533688654513552,True,0.17071282876213895,0.006246170089362721,0.00034861032746839367,0.0007176910374161788
2.2,0.03533688654513552,True,0.17185925716016415,0.006172038459793347,0.0003432423402642259,0.0007174796045998223
2.4000000000000004,0.03533688654513552,True,0.17283688654513546,0.006108821899956133,0.0003386451627242154,0.0007171845949229415
2.6,0.03533688654513552,True,0.17368078351547378,0.00605425289441893,0.0003346623597003429,0.0007168450266031618
2.8000000000000003,0.03533688654513552,True,0.1744168607751072,0.006006655847067721,0.0003311774568094504,0.000716484599792544
3.0,0.03533688654513552,True,0.17506469808374292,0.00596476466967911,0.00032810187102896713,0.0007161178550089827
3.2,0.03533688654513552,True,0.17563937583732236,0.00592760421689941,0.0003253669875007638,0.0007157537173661287
3.4000000000000004,0.03533688654513552,True,0.17615270372250919,0.00589441083762003,0.00032291880427821635,0.000715397601619812
3.6,0.03533688654513552,True,0.17661406596417267,0.005864577718643555,0.000320714220154334,0.0007150526958981961
3.8000000000000003,0.03533688654513552,True,0.1770310163187545,0.005837616410560178,0.0003187184039453014,0.0007147207620952067
4.0,0.03533688654513552,True,0.17740970546835344,0.005813129191115537,0.0003169028934397856,0.0007144026442055093
4.2,0.03533688654513552,True,0.17775519359273145,0.005790788853331574,0.00031524419757371374,0.0007140985961048714
4.4,0.03533688654513552,True,0.17807168267112766,0.005770323684148027,0.00031372275251225493,0.0007138084954810449
4.6000000000000005,0.03533688654513552,True,0.1783626916434003,0.00575150613795757,0.0003123221310300777,0.0007135319847395725
4.800000000000001,0.03533688654513552,True,0.1786311902261899,0.00573414418363617,0.00031102843607443213,0.0007132685643770809
5.0,0.03533688654513552,True,0.17887970236766193,0.005718074614837247,0.0003098298301918802,0.0007130176550262895
5.2,0.03533688654513552,True,0.17911038710428834,0.005703157821540474,0.00030871616649658475,0.0007127786386363794
5.4,0.03533688654513552,True,0.17932510238956756,0.0056892736626879764,0.00030767869644384994,0.0007125508856399415
5.6000000000000005,0.03533688654513552,True,0.17952545594578934,0.005676318177950923,0.0003067098363423093,0.0007123337726477022
5.800000000000001,0.03533688654513552,True,0.1797128461225364,0.005664200945691589,0.0003058029792468833,0.0007121266937133143
6.0,0.03533688654513552,True,0.17988849498506448,0.00565284294336571,0.00030495234224380664,0.0007119290672251931
6.2,0.03533688654513552,True,0.18005347530687305,0.005642174802098785,0.0003041528415797564,0.0007117403398269983
6.4,0.03533688654513552,True,0.180208732740061,0.0056321353730818344,0.0003033999898756842,0.0007115599883278638
6.6000000000000005,0.03533688654513552,True,0.18035510414126588,0.005622670542559199,0.0003026898109906789,0.0007113875202646134
6.800000000000001,0.03533688654513552,True,0.18049333281040764,0.005613732246443784,0.0003020187690921855,0.0007112224735737097
7.0,0.03533688654513552,True,0.18062408123341367,0.005605277646332868,0.00030138370923715594,0.0007110644156899098
7.2,0.03533688654513552,True,0.1807479417939724,0.005597268436852894,0.0003007818073386431,0.0007109129422908827
7.4,0.03533688654513552,True,0.18086544582276282,0.005589670260507794,0.00030021052783001323,0.0007107676758389676
7.6000000000000005,0.03533688654513552,True,0.18097707127805446,0.005582452211027854,0.00029966758767762395,0.0007106282640238965
7.800000000000001,0.03533688654513552,True,0.18108324929356157,0.005575586409964695,0.00029915092565684467,0.0007104943781765862
8.0,0.03533688654513552,True,0.1811843697840521,0.005569047644215496,0.0002986586760134652,0.0007103657117010794
8.200000000000001,0.03533688654513552,True,0.18128078626339017,0.005562813054473137,0.000298189145796245,0.0007102419785548963
8.4,0.03533688654513552,True,0.18137282000131866,0.005556861866435774,0.0002977407952764222,0.0007101229117968251
8.6,0.03533688654513552,True,0.1814607636226213,0.005551175158073867,0.0002973122209740125,0.0007100082622129969
8.8,0.03533688654513552,True,0.18154488423412563,0.005545735657428275,0.0002969021408943265,0.0007098977970265521
9.0,0.03533688654513552,True,0.1816254261503507,0.0055405275663615436,0.00029650938164568557,0.0007097912986924953
9.200000000000001,0.03533688654513552,True,0.1817026132767019,0.005535536406453025,0.00029613286716419375,0.0007096885637766443
9.4,0.03533688654513552,True,0.18177665119943648,0.005530748883855302,0.00029577160881618715,0.0007095894019160506
9.600000000000001,0.03533688654513552,True,0.1818477290236845,0.005526152770441805,0.0002954246966856973,0.0007094936348570875
9.8,0.03533688654513552,True,0.18191602099430365,0.005521736798997613,0.00029509129188447057,0.0007094010955669982
10.0,0.03533688654513552,True,0.18198168792894348,0.005517490570552766,0.00029477061974708966,0.0007093116274141323
10.200000000000001,0.03533688654513552,True,0.18204487848825374,0.0055134044722467915,0.0002944619637944658,0.0007092250834122959
10.4,0.03533688654513552,True,0.182105730304442,0.005509469604352665,0.0002941646603662642,0.0007091413255245029
10.600000000000001,0.03533688654513552,True,0.1821643709862899,0.00550567771528929,0.0002938780938372717,0.0007090602240216355
10.8,0.03533688654513552,True,0.18222091901613652,0.005502021143619668,0.00029360169234485386,0.0007089816568917366
11.0,0.03533688654513552,True,0.1822754845521526,0.0054984927661735185,0.0002933349239648511,0.0007089055092959328
11.200000000000001,0.03533688654513552,True,0.18232817014737573,0.005495085951552196,0.00029307729328190737,0.0007088316730671554
11.4,0.03533688654513552,True,0.18237907139541903,0.0054917945183749674,0.0002928283383075346,0.0007087600462481444
11.600000000000001,0.03533688654513552,True,0.18242827751144325,0.005488612697711817,0.000292587627705427,0.0007086905326655755
11.8,0.03533688654513552,True,0.1824758718558379,0.005485535099220408,0.0002923547582888534,0.0007086230415371908
12.0,0.03533688654513552,True,0.18252193240710657,0.005482556680567936,0.00029212935275947703,0.0007085574871092743
12.200000000000001,0.03533688654513552,True,0.1825665321896131,0.005479672719771629,0.0002919110576608439,0.000708493788321888
12.4,0.03533688654513552,True,0.1826097396611448,0.005476878790137901,0.0002916995415231144,0.0007084318684996134
12.600000000000001,0.03533688654513552,True,0.18265161906462413,0.005474170737519267,0.0002914944931785019,0.0007083716550655796
12.8,0.03533688654513552,True,0.18269223074779267,0.005471544659642973,0.0002912956202293469,0.000708313079277
13.0,0.03533688654513552,True,0.18273163145420768,0.005468996887293836,0.00029110264765293606,0.0007082560759802502
13.200000000000001,0.03533688654513552,True,0.18276987458852673,0.00546652396716051,0.0002909153165290116,0.0007082005833840904
13.4,0.03533688654513552,True,0.18280701045868025,0.00546412264617554,0.0002907333828775709,0.0007081465428493527
13.600000000000001,0.03533688654513552,True,0.1828430864972594,0.005461789857199881,0.00029055661659594593,0.0007080938986939059
13.8,0.03533688654513552,True,0.18287814746416736,0.00545952270591889,0.0002903848004854082,0.0007080425980115966
14.0,0.03533688654513552,True,0.1829122356323583,0.0054573184588317175,0.0002902177293586174,0.0007079925905040281
14.200000000000001,0.03533688654513552,True,0.18294539095829193,0.005455174532229194,0.00029005520922018317,0.000707943828324204
14.4,0.03533688654513552,True,0.18297765123855347,0.005453088482066572,0.0002898970565134391,0.000707896265931111
14.600000000000001,0.03533688654513552,True,0.18300905225392305,0.00545105799464713,0.000289743097427279,0.0007078498599542627
14.8,0.03533688654513552,True,0.18303962790206574,0.005449080878042318,0.00028959316725752195,0.0007078045690676056
15.0,0.03533688654513552,True,0.1830694103198679,0.005447155054180991,0.00028944710981787834,0.0007077603538719237
15.200000000000001,0.03533688654513552,True,0.183098429996356,0.005445278551547817,0.00028930477689606863,0.0007077171767851683
15.4,0.03533688654513552,True,0.18312671587702994,0.005443449498436671,0.00028916602775111113,0.0007076750019400623
15.600000000000001,0.03533688654513552,True,0.18315429546036455,0.005441666116710424,0.00028903072864818553,0.0007076337950884501
15.8,0.03533688654513552,True,0.18318119488716234,0.005439926716023545,0.00028889875242782897,0.0007075935235119611
16.0,0.03533688654513552,True,0.18320743902335485,0.005438229688467401,0.0002887699781065545,0.0007075541559383349
16.2,0.03533688654513552,True,0.18323305153682173,0.005436573503603221,0.00028864429050623654,0.000707515662463212
16.400000000000002,0.03533688654513552,True,0.1832580549687155,0.005434956703849909,0.0002885215799098817,0.0007074780144768337
16.6,0.03533688654513552,True,0.18328247079974958,0.0054333779001976695,0.0002884017417416151,0.0007074411845953688
16.8,0.03533688654513552,True,0.18330631951185872,0.005431835768220828,0.0002882846762689182,0.0007074051465965115
17.0,0.03533688654513552,True,0.18332962064560437,0.005430329044365769,0.0002881702883253323,0.0007073698753590515
17.2,0.03533688654513552,True,0.1833523928536676,0.00542885652249219,0.0002880584870520024,0.0007073353468061816
17.400000000000002,0.03533688654513552,True,0.183374653950727,0.005427417050647393,0.0002879491856565927,0.0007073015378521483
17.6,0.03533688654513552,True,0.18339642096001857,0.005426009528056008,0.0002878423011882126,0.0007072684263522188
17.8,0.03533688654513552,True,0.1834177101568178,0.005424632902308029,0.000287737754327139,0.0007072359910555323
18.0,0.03533688654513552,True,0.18343853710908825,0.005423286166730403,0.000287635469188204,0.000707204211560776
18.2,0.03533688654513552,True,0.18345891671550862,0.00542196835792833,0.00028753537313682304,0.0007071730682744735
18.400000000000002,0.03533688654513552,True,0.18347886324106427,0.005420678553483248,0.0002874373966167341,0.0007071425423715887
18.6,0.03533688654513552,True,0.1834983903504025,0.005419415869796707,0.0002873414729885687,0.0007071126157585535
18.8,0.03533688654513552,True,0.18351751113908893,0.005418179460068507,0.000287247538378492,0.0007070832710382132
19.0,0.03533688654513552,True,0.18353623816294257,0.005416968512400393,0.00028715553153616294,0.0007070544914769163
19.200000000000003,0.03533688654513552,True,0.1835545834655652,0.00541578224801552,0.00028706539370137047,0.0007070262609733203
19.400000000000002,0.03533688654513552,True,0.18357255860420824,0.005414619919586072,0.00028697706847872074,0.0007069985640290067
19.6,0.03533688654513552,True,0.18359017467408384,0.005413480809661101,0.00028689050171982116,0.0007069713857206612
19.8,0.03533688654513552,True,0.18360744233123205,0.0054123642291877905,0.00028680564141244063,0.0007069447116737798
20.0,0.03533688654513552,True,0.18362437181404667,0.005411269516119845,0.00028672243757616524,0.0007069185280378415
0.0,0.038940335453184115,False,-0.07355966454681592,0.021869212261516793,0.0010221838056460833,-0.0026308757235063724
0.2,0.038940335453184115,True,0.11394033545318405,0.010420525158988808,0.0006571181607724821,0.0005301999714410468
0.4,0.038940335453184115,True,0.13956690581485656,0.00885577536921971,0.0005505079853955347,0.0006854651814778793
0.6000000000000001,0.038940335453184115,True,0.15144033545318403,0.008130787738483209,0.0004964892770280975,0.0007348399455864352
0.8,0.038940335453184115,True,0.15850017202231287,0.007699716485816867,0.0004629822320798986,0.0007574241554451131
1.0,0.038940335453184115,True,0.16323888213910986,0.007410372435700639,0.00043991102864906735,0.0007697498839891778
1.2000000000000002,0.038940335453184115,True,0.16666121066411826,0.00720140620399463,0.0004229588242731483,0.000777236252168689
1.4000000000000001,0.038940335453184115,True,0.16925824131661163,0.007042832383535579,0.0004099323317039549,0.0007821250914209572
1.6,0.038940335453184115,True,0.17130101694893315,0.006918101188681627,0.0003995875155545611,0.0007854902534222248
1.8,0.038940335453184115,True,0.17295233203279972,0.006817272443599631,0.0003911617499511846,0.0007879014172723147
2.0,0.038940335453184115,True,0.17431627767018754,0.006733990380520633,0.00038415956869104393,0.0007896845683081626
2.2,0.038940335453184115,True,0.17546270606821274,0.006663989847110277,0.00037824418556379254,0.0007910375062212719
2.4000000000000004,0.038940335453184115,True,0.17644033545318408,0.0066042961248128145,0.0003731782147596811,0.0007920860089344555
2.6,0.038940335453184115,True,0.17728423242352237,0.006552768058891882,0.00036878926878971147,0.0007929131867803105
2.8000000000000003,0.038940335453184115,True,0.17802030968315583,0.0065078234283381395,0.0003649489958947071,0.0007935757461813454
3.0,0.038940335453184115,True,0.1786681469917915,0.006468266699591925,0.0003615597798738195,0.0007941134455909806
3.2,0.038940335453184115,True,0.17924282474537098,0.006433177068735842,0.00035854600892720257,0.0007945548209601553
3.4000000000000004,0.038940335453184115,True,0.17975615263055778,0.006401833440263807,0.0003558481743057204,0.0007949207746977493
3.6,0.038940335453184115,True,0.1802175148722213,0.006373662816553271,0.0003534187795935097,0.0007952268938392032
3.8000000000000003,0.038940335453184115,True,0.18063446522680313,0.006348203967769822,0.00035121944172645224,0.0007954849871423193
4.0,0.038940335453184115,True,0.18101315437640206,0.006325081335327792,0.00034921879608345636,0.0007957041281115326
4.2,0.038940335453184115,True,0.18135864250078004,0.006303985946348363,0.00034739095611919835,0.0007958913774545361
4.4,0.038940335453184115,True,0.18167513157917628,0.006284661229388772,0.00034571436299345355,0.0007960522927862994
4.6000000000000005,0.038940335453184115,True,0.18196614055144888,0.006266892319161684,0.0003441709143285789,0.0007961912942407914
4.800000000000001,0.038940335453184115,True,0.1822346391342385,0.006250497885765249,0.0003427452959317067,0.0007963119306900444
5.0,0.038940335453184115,True,0.18248315127571055,0.00623532381777115,0.00034142446323516697,0.0007964170762562069
5.2,0.038940335453184115,True,0.18271383601233693,0.006221238285136678,0.00034019723463308145,0.0007965090771910538
5.4,0.038940335453184115,True,0.18292855129761618,0.00620812784184446,0.0003390539694553607,0.0007965898629236429
5.6000000000000005,0.038940335453184115,True,0.18312890485383793,0.006195894320910798,0.00033798631067017006,0.0007966610309083383
5.800000000000001,0.038940335453184115,True,0.18331629503058502,0.006184452339579242,0.00033698697759483305,0.0007967239120900672
6.0,0.038940335453184115,True,0.1834919438931131,0.0061737272789552395,0.0003360495976078783,0.0007967796218735584
6.2,0.038940335453184115,True,0.18365692421492166,0.006163653635848786,0.0003351685685445681,0.0007968291001415387
6.4,0.038940335453184115,True,0.1838121816481096,0.0061541736690599235,0.0003343389454291975,0.0007968731429220584
6.6000000000000005,0.038940335453184115,True,0.18395855304931447,0.006145236280403129,0.00033355634665727254,0.0007969124276318382
6.800000000000001,0.038940335453184115,True,0.18409678171845625,0.006136796084234594,0.0003328168758327249,0.0007969475333372882
7.0,0.038940335453184115,True,0.18422753014146226,0.006128812629385788,0.0003321170562898766,0.0007969789571216682
7.2,0.038940335453184115,True,0.18435139070202103,0.006121249745107509,0.0003314537759579193,0.0007970071273870419
7.4,0.038940335453184115,True,0.18446889473081143,0.006114074988526645,0.00033082424070797115,0.0007970324147268378
7.6000000000000005,0.038940335453184115,True,0.18458052018610305,0.006107259175671687,0.00033022593469597894,0.0007970551408608519
7.800000000000001,0.038940335453184115,True,0.18468669820161016,0.006100775981662565,0.00032965658650568587,0.0007970755860152601
8.0,0.038940335453184115,True,0.1847878186921007,0.006094601598434406,0.00032911414012418524,0.0007970939950478989
8.200000000000001,0.038940335453184115,True,0.18488423517143876,0.006088714440549235,0.00032859672996297576,0.0007971105825552644
8.4,0.038940335453184115,True,0.18497626890936728,0.006083094891384314,0.00032810265928076636,0.0007971255371491369
8.6,0.038940335453184115,True,0.18506421253066993,0.00607772508336856,0.00032763038147889695,0.0007971390250526058
8.8,0.038940335453184115,True,0.18514833314217422,0.006072588707048638,0.00032717848383236135,0.0007971511931356848
9.0,0.038940335453184115,True,0.1852288750583993,0.00606767084466198,0.00032674567329386405,0.000797162171487522
9.200000000000001,0.038940335453184115,True,0.18530606218475051,0.006062957824619627,0.00032633076406880974,0.0007971720756036745
9.4,0.038940335453184115,True,0.1853801001074851,0.006058437093893736,0.0003259326667084587,0.0007971810082524633
9.600000000000001,0.038940335453184115,True,0.18545117793173313,0.006054097105788413,0.00032555037850893673,0.0007971890610726208
9.8,0.038940335453184115,True,0.18551946990235224,0.006049927220971176,0.0003251829750370749,0.0007971963159453089
10.0,0.038940335453184115,True,0.18558513683699207,0.006045917619970253,0.00032482960263160976,0.0007972028461757511
10.200000000000001,0.038940335453184115,True,0.18564832739630235,0.006042059225616223,0.00032448947175110787,0.0007972087175139419
10.4,0.038940335453184115,True,0.18570917921249058,0.006038343634132693,0.0003241618510590368,0.0007972139890387133
10.600000000000001,0.038940335453184115,True,0.1857678198943385,0.006034763053770291,0.0003238460621523268,0.0007972187139254806
10.8,0.038940335453184115,True,0.18582436792418514,0.006031310250037072,0.0003235414748531384,0.0007972229401146593
11.0,0.038940335453184115,True,0.18587893346020118,0.006027978496712096,0.00032324750299479884,0.0007972267108950722
11.200000000000001,0.038940335453184115,True,0.18593161905542432,0.0060247615319413495,0.0003229636006423929,0.0007972300654143008
11.4,0.038940335453184115,True,0.18598252030346762,0.006021653518810802,0.0003226892586965502,0.0007972330391261269
11.600000000000001,0.038940335453184115,True,0.18603172641949184,0.006018649009872708,0.0003224240018358125,0.0007972356641837725
11.8,0.038940335453184115,True,0.18607932076388653,0.006015742915169636,0.0003221673857588251,0.0007972379697861034
12.0,0.038940335453184115,True,0.1861253813151552,0.006012930473360338,0.0003219189946925746,0.0007972399824831347
12.200000000000001,0.038940335453184115,True,0.18616998109766172,0.006010207225601604,0.00032167843913718624,0.0007972417264460944
12.4,0.038940335453184115,True,0.18621318856919342,0.006007568991883987,0.00032144535382146584,0.000797243223706666
12.600000000000001,0.038940335453184115,True,0.18625506797267274,0.006005011849556089,0.0003212193958465568,0.0007972444943692179
12.8,0.038940335453184115,True,0.1862956796558413,0.006002532113805164,0.0003210002429977972,0.0007972455567995496
13.0,0.038940335453184115,True,0.1863350803622563,0.006000126319888533,0.0003207875922072669,0.0007972464277928521
13.200000000000001,0.038940335453184115,True,0.18637332349657534,0.005997791206935809,0.0003205811581515353,0.0007972471227236274
13.4,0.038940335453184115,True,0.18641045936672887,0.005995523703161594,0.00032038067197094687,0.0007972476556795173
13.600000000000001,0.038940335453184115,True,0.186446535405308,0.005993320912347761,0.0003201858800983098,0.0007972480395811098
13.8,0.038940335453184115,True,0.18648159637221595,0.005991180101469688,0.0003199965431862404,0.0007972482862892817
14.0,0.038940335453184115,True,0.1865156845404069,0.005989098689354961,0.0003198124351235942,0.0007972484067015002
14.200000000000001,0.038940335453184115,True,0.18654883986634055,0.005987074236275469,0.0003196333421324659,0.0007972484108383796
14.4,0.038940335453184115,True,0.1865811001466021,0.005985104434384528,0.0003194590619381547,0.0007972483079216172
14.600000000000001,0.038940335453184115,True,0.18661250116197167,0.005983187098919632,0.0003192894030053145,0.0007972481064441192
14.8,0.038940335453184115,True,0.18664307681011433,0.005981320160100732,0.00031912418383419613,0.00079724781423337
15.0,0.038940335453184115,True,0.18667285922791652,0.005979501655660314,0.00031896323231154594,0.0007972474385086257
15.200000000000001,0.038940335453184115,True,0.1867018789044046,0.005977729723948693,0.00031880638511126355,0.0007972469859326652
15.4,0.038940335453184115,True,0.18673016478507853,0.005976002597563374,0.00031865348714042545,0.0007972464626586408
15.600000000000001,0.038940335453184115,True,0.18675774436841314,0.005974318597456579,0.00031850439102671697,0.0007972458743725353
15.8,0.038940335453184115,True,0.18678464379521095,0.005972676127479821,0.0003183589566436973,0.0007972452263317808
16.0,0.038940335453184115,True,0.18681088793140346,0.005971073669327583,0.0003182170506706915,0.0007972445234002176
16.2,0.038940335453184115,True,0.18683650044487035,0.005969509777847088,0.0003180785461843826,0.0007972437700800029
16.400000000000002,0.038940335453184115,True,0.18686150387676412,0.005967983076683131,0.00031794332227948045,0.000797242970540607
16.6,0.038940335453184115,True,0.1868859197077982,0.00596649225423057,0.00031781126371607435,0.0007972421286452598
16.8,0.038940335453184115,True,0.1869097684199073,0.005965036059869337,0.000317682260591507,0.0007972412479750671
17.0,0.038940335453184115,True,0.186933069553653,0.00596361330045923,0.0003175562080348013,0.0007972403318510341
17.2,0.038940335453184115,True,0.18695584176171623,0.005962222837073931,0.00031743300592184775,0.0007972393833542369
17.400000000000002,0.038940335453184115,True,0.1869781028587756,0.0059608635819550235,0.0003173125586097362,0.0007972384053441798
17.6,0.038940335453184115,True,0.18699986986806716,0.005959534495669502,0.0003171947746887294,0.0007972374004757248
17.8,0.038940335453184115,True,0.1870211590648664,0.005958234584454483,0.0003170795667505432,0.0007972363712145068
18.0,0.038940335453184115,True,0.18704198601713687,0.005956962897735274,0.00031696685117168436,0.0007972353198511197
18.2,0.038940335453184115,True,0.18706236562355724,0.005955718525803702,0.0003168565479107184,0.0007972342485141671
18.400000000000002,0.038940335453184115,True,0.18708231214911286,0.005954500597644353,0.0003167485803184427,0.0007972331591821371
18.6,0.038940335453184115,True,0.18710183925845109,0.005953308278898634,0.0003166428749599959,0.0007972320536945023
18.8,0.038940335453184115,True,0.18712096004713755,0.005952140769955548,0.0003165393614480633,0.0007972309337617273
19.0,0.038940335453184115,True,0.18713968707099118,0.00595099730416109,0.00031643797228635243,0.0007972298009746659
19.200000000000003,0.038940335453184115,True,0.1871580323736138,0.0059498771461369195,0.00031633864272262994,0.0007972286568130886
19.400000000000002,0.038940335453184115,True,0.18717600751225685,0.005948779590201188,0.00031624131061062943,0.0007972275026536284
19.6,0.038940335453184115,True,0.18719362358213243,0.005947703958883974,0.00031614591628022237,0.0007972263397770631
19.8,0.038940335453184115,True,0.18721089123928064,0.005946649601530959,0.00031605240241527454,0.0007972251693750493
20.0,0.038940335453184115,True,0.18722782072209526,0.005945615892989375,0.00031596071393866194,0.0007972239925563931
0.0,0.042911242994475095,False,-0.06958875700552494,0.021422485163121556,0.0011264201286049714,-0.002617184243075901
0.2,0.042911242994475095,True,0.11791124299447503,0.010718343224585631,0.0007241272255317673,0.0005396859469205342
0.4,0.042911242994475095,True,0.14353781335614754,0.009255354176323123,0.0006066455683235545,0.0007218477319825547
0.6000000000000001,0.042911242994475095,True,0.155411242994475,0.008577514836878445,0.0005471183481795575,0.0007859238944232731
0.8,0.042911242994475095,True,0.16247107956360385,0.008174477542484737,0.0005101944508616316,0.0008179217403342991
1.0,0.042911242994475095,True,0.16720978968040084,0.007903950472107289,0.0004847705811113155,0.0008368473149740492
1.2000000000000002,0.042911242994475095,True,0.17063211820540924,0.0077085739905500125,0.0004660896901328177,0.0008492406182178552
1.4000000000000001,0.042911242994475095,True,0.1732291488579026,0.007560312738693911,0.0004517348320789003,0.0008579317087446045
1.6,0.042911242994475095,True,0.17527192449022413,0.00744369321700351,0.00044033511211363465,0.0008643353233453981
1.8,0.042911242994475095,True,0.1769232395740907,0.007349421691441088,0.00043105013623930856,0.0008692333584065419
2.0,0.042911242994475095,True,0.17828718521147852,0.007271555730379502,0.000423333913509114,0.0008730912897686443
2.2,0.042911242994475095,True,0.17943361360950372,0.0072061075581404165,0.00041681531422575464,0.0008762026049901372
2.4000000000000004,0.042911242994475095,True,0.18041124299447506,0.007150295911740324,0.00041123274536371973,0.0008787610278516653
2.6,0.042911242994475095,True,0.18125513996481335,0.007102118882662981,0.00040639624036664754,0.000880899311757175
2.8000000000000003,0.042911242994475095,True,0.1819912172244468,0.00706009714685049,0.00040216435891404046,0.0008827113145641241
3.0,0.042911242994475095,True,0.1826390545330825,0.007023112920158665,0.00039842953047611063,0.0008842651731407441
3.2,0.042911242994475095,True,0.18321373228666196,0.0069903052815280834,0.00039510843280412357,0.0008856114876478018
3.4000000000000004,0.042911242994475095,True,0.18372706017184876,0.006961000030626493,0.0003921354887949352,0.0008867885826882196
3.6,0.042911242994475095,True,0.18418842241351227,0.0069346614337206436,0.00038945835862612866,0.000887825990822702
3.8000000000000003,0.042911242994475095,True,0.1846053727680941,0.006910858256244549,0.0003870347451533142,0.0008887468193881716
4.0,0.042911242994475095,True,0.18498406191769304,0.006889239363402466,0.0003848300853748783,0.0008895693955905718
4.2,0.042911242994475095,True,0.18532955004207102,0.006869515875821556,0.0003828158529870863,0.0008903084332857862
4.4,0.042911242994475095,True,0.18564603912046726,0.006851447907730106,0.0003809682907053439,0.0008909758756049629
4.6000000000000005,0.042911242994475095,True,0.18593704809273987,0.006834834567225597,0.000379267450177466,0.0008915815134546807
4.800000000000001,0.042911242994475095,True,0.1862055466755295,0.006819506316876388,0.0003776964555588109,0.0008921334462323836
5.0,0.042911242994475095,True,0.18645405881700153,0.006805319067618963,0.0003762409320730308,0.0008926384296292574
5.2,0.042911242994475095,True,0.1866847435536279,0.00679214956274482,0.0003748885578795118,0.000893102141419391
5.4,0.042911242994475095,True,0.18689945883890716,0.006779891733998149,0.0003736287092090431,0.0008935293868615908
5.6000000000000005,0.042911242994475095,True,0.1870998123951289,0.006768453798511812,0.0003724521768285869,0.0008939242590780708
5.800000000000001,0.042911242994475095,True,0.187287202571876,0.006757755926246265,0.00037135093761405156,0.0008942902654761283
6.0,0.042911242994475095,True,0.18746285143440408,0.006747728351015095,0.00037031796910131926,0.00089463042828474
6.2,0.042911242994475095,True,0.18762783175621264,0.006738309829512674,0.0003693470978496745,0.0008949473651633634
6.4,0.042911242994475095,True,0.1877830891894006,0.0067294463756360995,0.00036843287462372666,0.0008952433543276356
6.6000000000000005,0.042911242994475095,True,0.18792946059060545,0.0067210902142801785,0.0003675704710085954,0.0008955203875418752
6.800000000000001,0.042911242994475095,True,0.18806768925974723,0.006713198911376362,0.00036675559327654206,0.0008957802135270609
7.0,0.042911242994475095,True,0.18819843768275324,0.006705734646426482,0.00036598441023186727,0.0008960243737407064
7.2,0.042911242994475095,True,0.188322298243312,0.006698663600982195,0.0003652534924529925,0.0008962542320427949
7.4,0.042911242994475095,True,0.1884398022721024,0.006691955442035387,0.00036455976088212334,0.0008964709994287447
7.6000000000000005,0.042911242994475095,True,0.18855142772739403,0.006685582883542646,0.00036390044312415175,0.0008966757547576421
7.800000000000001,0.042911242994475095,True,0.18865760574290114,0.006679521312616021,0.0003632730361370829,0.0008968694622097359
8.0,0.042911242994475095,True,0.18875872623339168,0.0066737484695061295,0.0003626752742478452,0.0008970529860581791
8.200000000000001,0.042911242994475095,True,0.18885514271272974,0.006668244172545868,0.00036210510162613875,0.0008972271032233395
8.4,0.042911242994475095,True,0.18894717645065826,0.006662990080844939,0.00036156064850692457,0.0008973925139874699
8.6,0.042911242994475095,True,0.1890351200719609,0.006657969488818224,0.00036104021057846143,0.0008975498511757438
8.8,0.042911242994475095,True,0.1891192406834652,0.006653167147668903,0.0003605422310543139,0.000897699688053005
9.0,0.042911242994475095,True,0.18919978259969028,0.006648569109784773,0.0003600652850297899,0.0008978425451405057
9.200000000000001,0.042911242994475095,True,0.1892769697260415,0.006644162592684538,0.0003596080657899002,0.0008979788961205484
9.4,0.042911242994475095,True,0.18935100764877608,0.006639935859704376,0.0003591693727902978,0.0008981091729679679
9.600000000000001,0.042911242994475095,True,0.1894220854730241,0.006635878115067378,0.00035874810107723484,0.0008982337704236281
9.8,0.042911242994475095,True,0.18949037744364322,0.0066319794113512825,0.00035834323194925744,0.0008983530499061679
10.0,0.042911242994475095,True,0.18955604437828305,0.006628230567676334,0.000357953824693722,0.0008984673429422254
10.200000000000001,0.042911242994475095,True,0.18961923493759333,0.006624623097190808,0.0003575790092563797,0.0008985769541828513
10.4,0.042911242994475095,True,0.18968008675378156,0.00662114914264308,0.00035721797972327815,0.0008986821640629876
10.600000000000001,0.042911242994475095,True,0.18973872743562947,0.006617801419006454,0.0003568699885117725,0.000898783231152215
10.8,0.042911242994475095,True,0.18979527546547612,0.006614573162271398,0.0003565343411821746,0.0008988803942376708
11.0,0.042911242994475095,True,0.18984984100149216,0.006611458083644883,0.00035621039179396476,0.0008989738741740465
11.200000000000001,0.042911242994475095,True,0.1899025265967153,0.006608450328501526,0.00035589753874097965,0.0008990638755303535
11.4,0.042911242994475095,True,0.1899534278447586,0.006605544439520695,0.0003555952210088742,0.0008991505880589666
11.600000000000001,0.042911242994475095,True,0.19000263396078282,0.006602735323519799,0.00035530291480568926,0.000899234188008974
11.8,0.042911242994475095,True,0.1900502283051775,0.006600018221557808,0.000355020130522818,0.0008993148393025749
12.0,0.042911242994475095,True,0.19009628885644617,0.006597388681938898,0.000354746409989148,0.0008993926945909572
12.200000000000001,0.042911242994475095,True,0.1901408886389527,0.006594842535792859,0.00035448132398588664,0.0008994678962037317
12.4,0.042911242994475095,True,0.1901840961104844,0.006592375874949786,0.00035422446999362083,0.000899540577004268
12.600000000000001,0.042911242994475095,True,0.19022597551396372,0.00658998503186099,0.000353975470146675,0.0008996108611615012
12.8,0.042911242994475095,True,0.19026658719713227,0.006587666561349023,0.00035373396937282155,0.0008996788648477248
13.0,0.042911242994475095,True,0.19030598790354727,0.006585417223994628,0.0003534996336990474,0.0008997446968702862
13.200000000000001,0.042911242994475095,True,0.19034423103786632,0.006583233970992375,0.00035327214870630813,0.0008998084592445948
13.4,0.042911242994475095,True,0.19038136690801985,0.006581113930325004,0.0003530512181182137,0.0008998702477144714
13.600000000000001,0.042911242994475095,True,0.19041744294659899,0.006579054394124824,0.0003528365625102741,0.0008999301522255609
13.8,0.042911242994475095,True,0.19045250391350693,0.006577052807104651,0.0003526279181278599,0.0008999882573565805
14.0,0.042911242994475095,True,0.19048659208169788,0.006575106755954063,0.0003524250358023351,0.0009000446427127024
14.200000000000001,0.042911242994475095,True,0.19051974740763153,0.006573213959608354,0.000352227679955975,0.0009000993832849262
14.4,0.042911242994475095,True,0.19055200768789307,0.006571372260307589,0.00035203562768728805,0.0009001525497788509
14.600000000000001,0.042911242994475095,True,0.19058340870326265,0.006569579615371428,0.00035184866792927464,0.0009002042089156813
14.8,0.042911242994475095,True,0.1906139843514053,0.006567834089624317,0.00035166660067390313,0.0009002544237083728
15.0,0.042911242994475095,True,0.1906437667692075,0.006566133848411348,0.00035148923625681746,0.0009003032537151145
15.200000000000001,0.042911242994475095,True,0.19067278644569557,0.006564477151151939,0.00035131639469687735,0.0009003507552723645
15.4,0.042911242994475095,True,0.19070107232636951,0.0065628623453835005,0.0003511479050856904,0.0009003969817092956
15.600000000000001,0.042911242994475095,True,0.19072865190970412,0.0065612878612521545,0.0003509836050227757,0.0009004419835453534
15.8,0.042911242994475095,True,0.19075555133650193,0.006559752206412125,0.00035082334009241804,0.0009004858086725618
16.0,0.042911242994475095,True,0.19078179547269444,0.006558253961298208,0.00035066696337868024,0.0009005285025237025
16.2,0.042911242994475095,True,0.19080740798616133,0.00655679177474059,0.00035051433501534805,0.0009005701082278863
16.400000000000002,0.042911242994475095,True,0.1908324114180551,0.006555364359892898,0.0003503653217679174,0.0009006106667544194
16.6,0.042911242994475095,True,0.19085682724908917,0.006553970490447917,0.00035021979664498585,0.0009006502170460604
16.8,0.042911242994475095,True,0.1908806759611983,0.006552608997117448,0.00035007763853666627,0.0009006887961425418
17.0,0.042911242994475095,True,0.19090397709494397,0.006551278764355053,0.00034993873187785286,0.0009007264392951771
17.2,0.042911242994475095,True,0.1909267493030072,0.006549978727302484,0.00034980296633436547,0.000900763180073346
17.400000000000002,0.042911242994475095,True,0.1909490104000666,0.006548707868941767,0.0003496702365101896,0.0009007990504633699
17.6,0.042911242994475095,True,0.19097077740935814,0.006547465217437593,0.000349540441674158,0.0009008340809606313
17.8,0.042911242994475095,True,0.1909920666061574,0.006546249843654692,0.0003494134855046009,0.0009008683006552433
18.0,0.042911242994475095,True,0.19101289355842785,0.006545060858837316,0.0003492892758505909,0.0009009017373119337
18.2,0.042911242994475095,True,0.19103327316484822,0.006543897412438568,0.0003491677245085362,0.0009009344174445842
18.400000000000002,0.042911242994475095,True,0.19105321969040384,0.006542758690087969,0.00034904874701299716,0.0009009663663856784
18.6,0.042911242994475095,True,0.19107274679974207,0.006541643911687981,0.0003489322624406549,0.000900997608351377
18.8,0.042911242994475095,True,0.19109186758842853,0.006540552329628886,0.00034881819322650823,0.0009010281665021225
19.0,0.042911242994475095,True,0.19111059461228216,0.006539483227114674,0.00034870646499138785,0.0009010580629995432
19.200000000000003,0.042911242994475095,True,0.1911289399149048,0.006538435916591035,0.00034859700638000646,0.0009010873190595768
19.400000000000002,0.042911242994475095,True,0.19114691505354783,0.006537409738268896,0.00034848974890878514,0.0009011159550023359
19.6,0.042911242994475095,True,0.1911645311234234,0.006536404058736399,0.0003483846268227848,0.0009011439902988007
19.8,0.042911242994475095,True,0.19118179878057162,0.006535418269653374,0.0003482815769611072,0.0009011714436146358
20.0,0.042911242994475095,True,0.19119872826338624,0.00653445178652277,0.0003481805386301856,0.0009011983328513801
0.0,0.04728708045015879,False,-0.06521291954984126,0.02093020344935714,0.0012412858618166686,-0.0026062055355214058
0.2,0.04728708045015879,True,0.12228708045015874,0.011046531033761908,0.0007979694825964298,0.0005528785466243878
0.4,0.04728708045015879,True,0.14791365081183122,0.00969567969194872,0.0006685077334567461,0.00076561564688152
0.6000000000000001,0.04728708045015879,True,0.1597870804501587,0.00906979655064286,0.0006029102757395245,0.0008463260353646179
0.8,0.04728708045015879,True,0.16684691701928753,0.008697651953539352,0.0005622210954416951,0.0008889553183131293
1.0,0.04728708045015879,True,0.17158562713608452,0.008447860708382611,0.000534204648227795,0.0009153268293783226
1.2000000000000002,0.04728708045015879,True,0.17500795566109292,0.008267459780170721,0.0005136187893027901,0.0009332524453351964
1.4000000000000001,0.04728708045015879,True,0.1776049863135863,0.008130562712317359,0.0004978001068252492,0.0009462283724176303
1.6,0.04728708045015879,True,0.1796477619459078,0.008022882044752428,0.0004852379101259785,0.0009560548935698038
1.8,0.04728708045015879,True,0.18129907702977438,0.007935836405585124,0.00047500610674513566,0.0009637537090467296
2.0,0.04728708045015879,True,0.1826630226671622,0.007863938848931138,0.00046650302877414724,0.0009699478114413387
2.2,0.04728708045015879,True,0.1838094510651874,0.007803507261016389,0.00045931970088093627,0.0009750386851496901
2.4000000000000004,0.04728708045015879,True,0.18478708045015874,0.007751973561896832,0.00045316785431402174,0.0009792967079157115
2.6,0.04728708045015879,True,0.18563097742049703,0.007707489288791033,0.0004478381508392566,0.0009829106192970345
2.8000000000000003,0.04728708045015879,True,0.18636705468013048,0.007668688507421522,0.00044317472687992887,0.0009860161635075863
3.0,0.04728708045015879,True,0.18701489198876617,0.007634539111490015,0.0004390590424930967,0.0009887134648262192
3.2,0.04728708045015879,True,0.18758956974234564,0.007604246169298495,0.00043539927871467834,0.0009910779883989065
3.4000000000000004,0.04728708045015879,True,0.18810289762753243,0.007577187157783951,0.00043212317127229054,0.0009931676889729975
3.6,0.04728708045015879,True,0.18856425986919595,0.007552867407055812,0.00042917304303470485,0.0009950278094669476
3.8000000000000003,0.04728708045015879,True,0.18898121022377778,0.007530888736558457,0.00042650228364225795,0.0009966941838531762
4.0,0.04728708045015879,True,0.18935989937337672,0.00751092692588125,0.00042407280556068505,0.0009981955613249742
4.2,0.04728708045015879,True,0.1897053874977547,0.007492715238175488,0.0004218531735407247,0.0009995552741276876
4.4,0.04728708045015879,True,0.19002187657615094,0.007476032174847597,0.00041981720766892086,0.0010007924555393024
4.6000000000000005,0.04728708045015879,True,0.19031288554842354,0.0074606922423039,0.00041794292537686496,0.0010019229434447285
4.800000000000001,0.04728708045015879,True,0.19058138413121317,0.007446538898110059,0.0004162117299200315,0.0010029599602687025
5.0,0.04728708045015879,True,0.1908298962726852,0.00743343909758948,0.00041460778066649813,0.0010039146312758249
5.2,0.04728708045015879,True,0.1910605810093116,0.007421279031626322,0.0004131174992664491,0.0010047963843482972
5.4,0.04728708045015879,True,0.19127529629459084,0.007409960762067284,0.00041172917860085687,0.0010056132616948548
5.6000000000000005,0.04728708045015879,True,0.19147564985081258,0.007399399541176641,0.00041043267033298835,0.0010063721653196134
5.800000000000001,0.04728708045015879,True,0.19166304002755968,0.00738952165786533,0.0004092191331875063,0.0010070790521084557
6.0,0.04728708045015879,True,0.19183868889008776,0.007380262693505859,0.00040808082859049565,0.001007739090196096
6.2,0.04728708045015879,True,0.19200366921189632,0.007371566099075059,0.00040701095356988204,0.0010083567852905546
6.4,0.04728708045015879,True,0.19215892664508427,0.007363382026489902,0.000406003503209137,0.0010089360834788681
6.6000000000000005,0.04728708045015879,True,0.19230529804628912,0.007355666362593814,0.00040505315671988555,0.0010094804554677812
6.800000000000001,0.04728708045015879,True,0.1924435267154309,0.007348379925877877,0.0004041551825251597,0.0010099929660556557
7.0,0.04728708045015879,True,0.19257427513843692,0.007341487794774659,0.00040330535874634173,0.00101047633177007
7.2,0.04728708045015879,True,0.1926981356989957,0.007334958743010546,0.000402499906249509,0.001010932968957672
7.4,0.04728708045015879,True,0.1928156397277861,0.007328764762594113,0.00040173543199257053,0.0010113650341214697
7.6000000000000005,0.04728708045015879,True,0.1929272651830777,0.007322880658949645,0.0004010088808677887,0.0010117744579254205
7.800000000000001,0.04728708045015879,True,0.19303344319858481,0.007317283705760246,0.00040031749458759323,0.0010121629739962075
8.0,0.04728708045015879,True,0.19313456368907536,0.00731195334948018,0.00039965877643883066,0.0010125321434278972
8.200000000000001,0.04728708045015879,True,0.19323098016841342,0.00730687095536155,0.00039903046094965717,0.0010128833757189666
8.4,0.04728708045015879,True,0.19332301390634193,0.0073020195883382365,0.0003984304876873368,0.0010132179467333571
8.6,0.04728708045015879,True,0.1934109575276446,0.007297383823303607,0.0003978569785443898,0.0010135370141675047
8.8,0.04728708045015879,True,0.19349507813914887,0.0072929495802769,0.00039730821798241014,0.0010138416309181417
9.0,0.04728708045015879,True,0.19357562005537396,0.007288703980726541,0.00039678263579326324,0.0010141327566759494
9.200000000000001,0.04728708045015879,True,0.19365280718172517,0.007284635221944891,0.0003962787920108119,0.001014411268013686
9.4,0.04728708045015879,True,0.19372684510445976,0.0072807324668801715,0.0003957953636662218,0.0010146779671920845
9.600000000000001,0.04728708045015879,True,0.1937979229287078,0.007276985747248786,0.00039533113312902794,0.0010149335898695972
9.8,0.04728708045015879,True,0.1938662148993269,0.0072733858780956485,0.0003948849778165631,0.0010151788118720575
10.0,0.04728708045015879,True,0.19393188183396673,0.007269924382252896,0.0003944558610878133,0.0010154142551531287
10.200000000000001,0.04728708045015879,True,0.193995072393277,0.007266593423383646,0.0003940428241654885,0.0010156404930563325
10.4,0.04728708045015879,True,0.19405592420946524,0.0072633857464924415,0.00039364497895324764,0.0010158580549721997
10.600000000000001,0.04728708045015879,True,0.19411456489131315,0.007260294624947872,0.0003932615016343423,0.0010160674304701533
10.8,0.04728708045015879,True,0.1941711129211598,0.007257313813199865,0.00039289162695418874,0.001016269072972935
11.0,0.04728708045015879,True,0.19422567845717584,0.007254437504489638,0.0003925346431030326,0.001016463403031649
11.200000000000001,0.04728708045015879,True,0.19427836405239898,0.007251660292947233,0.00039218988712643485,0.001016650811251094
11.4,0.04728708045015879,True,0.19432926530044228,0.007248977139554131,0.0003918567408010902,0.0010168316609081656
11.600000000000001,0.04728708045015879,True,0.1943784714164665,0.007246383341518782,0.0003915346269218007,0.0010170062903003668
11.8,0.04728708045015879,True,0.1944260657608612,0.007243874504671672,0.0003912230059525387,0.0010171750148561813
12.0,0.04728708045015879,True,0.19447212631212984,0.007241446518538233,0.0003909213730005831,0.001017338129035117
12.200000000000001,0.04728708045015879,True,0.19451672609463638,0.007239095533791001,0.00039062925507792,0.0010174959080414096
12.4,0.04728708045015879,True,0.19455993356616808,0.007236817941820223,0.0003903462086185626,0.001017648609372433
12.600000000000001,0.04728708045015879,True,0.1946018129696474,0.007234610356193793,0.00039007181722430437,0.0010177964742199943
12.8,0.04728708045015879,True,0.19464242465281595,0.007232469595806173,0.0003898056896147301,0.001017939728740755
13.0,0.04728708045015879,True,0.19468182535923095,0.00723039266953869,0.0003895474577602129,0.0010180785852095821
13.200000000000001,0.04728708045015879,True,0.19472006849355,0.007228376762276012,0.00038929677517909417,0.0010182132430684762
13.4,0.04728708045015879,True,0.19475720436370353,0.0072264192221402086,0.00038905331538245143,0.0010183438898817047
13.600000000000001,0.04728708045015879,True,0.19479328040228266,0.0072245175488208965,0.0003888167704517202,0.0010184707022069606
13.8,0.04728708045015879,True,0.1948283413691906,0.007222669382892952,0.0003885868497361174,0.0010185938463909518
14.0,0.04728708045015879,True,0.19486242953738156,0.0072208724960255285,0.0003883632786582478,0.0010187134792969431
14.200000000000001,0.04728708045015879,True,0.1948955848633152,0.007219124781996896,0.0003881457976175484,0.0010188297489709896
14.4,0.04728708045015879,True,0.19492784514357675,0.0072174242484388295,0.00038793416098233823,0.0010189427952528418
14.600000000000001,0.04728708045015879,True,0.19495924615894633,0.00721576900924187,0.00038772813616224017,0.0010190527503366417
14.8,0.04728708045015879,True,0.194989821807089,0.0072141572775611335,0.0003875275027535738,0.001019159739286386
15.0,0.04728708045015879,True,0.19501960422489117,0.007212587359367503,0.000387332051751122,0.0010192638805101813
15.200000000000001,0.04728708045015879,True,0.19504862390137925,0.0072110576474954235,0.00038714158482032083,0.0010193652861971787
15.4,0.04728708045015879,True,0.1950769097820532,0.007209566616143105,0.0003869559136245403,0.0010194640627205105
15.600000000000001,0.04728708045015879,True,0.1951044893653878,0.007208112815785526,0.00038677485920264875,0.001019560311009294
15.8,0.04728708045015879,True,0.1951313887921856,0.007206694868464814,0.0003865982513925199,0.0010196541268925369
16.0,0.04728708045015879,True,0.19515763292837812,0.007205311463425041,0.0003864259282965889,0.0010197456014171503
16.2,0.04728708045015879,True,0.195183245441845,0.0072039613530631855,0.00038625773578590376,0.0010198348211425939
16.400000000000002,0.04728708045015879,True,0.19520824887373878,0.007202643349169295,0.000386093527039485,0.001019921868413934
16.6,0.04728708045015879,True,0.19523266470477285,0.007201356319432264,0.00038593316211609017,0.0010200068216152263
16.8,0.04728708045015879,True,0.19525651341688197,0.007200099184189512,0.00038577650755575464,0.0010200897554048258
17.0,0.04728708045015879,True,0.19527981455062765,0.007198870913400921,0.00038562343600871934,0.00102017074093412
17.2,0.04728708045015879,True,0.1953025867586909,0.007197670523829344,0.0003854738258895701,0.0010202498460510825
17.400000000000002,0.04728708045015879,True,0.19532484785575027,0.007196497076410944,0.0003853275610546234,0.001020327135489696
17.6,0.04728708045015879,True,0.19534661486504182,0.0071953496738013266,0.0003851845305007373,0.0010204026710466346
17.8,0.04728708045015879,True,0.19536790406184107,0.007194227458083181,0.00038504462808392175,0.0010204765117459358
18.0,0.04728708045015879,True,0.19538873101411153,0.007193129608623637,0.00038490775225623683,0.0010205487139927684
18.2,0.04728708045015879,True,0.1954091106205319,0.007192055340069996,0.0003847738058196047,0.0010206193317171203
18.400000000000002,0.04728708045015879,True,0.19542905714608752,0.007191003900473034,0.00038464269569529443,0.0010206884165079883
18.6,0.04728708045015879,True,0.19544858425542574,0.00718997456952949,0.0003845143327079006,0.0010207560177391524
18.8,0.04728708045015879,True,0.1954677050441122,0.007188966656933711,0.0003843886313827973,0.0010208221826866787
19.0,0.04728708045015879,True,0.19548643206796584,0.007187979500831911,0.00038426550975606246,0.001020886956639246
19.200000000000003,0.04728708045015879,True,0.19550477737058847,0.007187012466370625,0.00038414488919601435,0.0010209503830014184
19.400000000000002,0.04728708045015879,True,0.1955227525092315,0.007186064944333431,0.00038402669423551937,0.0010210125033906505
19.6,0.04728708045015879,True,0.1955403685791071,0.007185136349859318,0.00038391085241433443,0.0010210733577282966
19.8,0.04728708045015879,True,0.1955576362362553,0.007184226121237214,0.0003837972941307827,0.0010211329843251278
20.0,0.04728708045015879,True,0.19557456571906992,0.007183333718771614,0.00038368595250212246,0.0010211914199617876
0.0,0.05210914020336553,False,-0.06039085979663451,0.02038772172712138,0.0013678649303383455,-0.002599096974733732
0.2,0.05210914020336553,True,0.12710914020336547,0.011408185515252415,0.0008793417409317935,0.0005707429111924289
0.4,0.05210914020336553,True,0.15273571056503799,0.010180907026992966,0.0007366782401896991,0.00081830982877466
0.6000000000000001,0.05210914020336553,True,0.16460914020336545,0.009612278272878617,0.0006643915375929106,0.0009178773243011292
0.8,0.05210914020336553,True,0.17166897677249426,0.009274176629559323,0.0006195531127902964,0.0009725352996135323
1.0,0.05210914020336553,True,0.17640768688929126,0.009047235727738903,0.0005886797122341323,0.0010073222152384412
1.2000000000000002,0.05210914020336553,True,0.17983001541429966,0.008883337472169708,0.0005659946278787882,0.001031496086671916
1.4000000000000001,0.05210914020336553,True,0.18242704606679305,0.008758963441303577,0.0005485628487288043,0.0010493089784752395
1.6,0.05210914020336553,True,0.18446982169911458,0.008661133159900096,0.0005347196327206914,0.0010629980569983682
1.8,0.05210914020336553,True,0.18612113678298114,0.008582050260738569,0.0005234444499047935,0.0010738565005525488
2.0,0.05210914020336553,True,0.18748508242036893,0.008516729731448191,0.0005140742778000174,0.0010826854978525534
2.2,0.05210914020336553,True,0.18863151081839413,0.008461826289771494,0.0005061584361631329,0.0010900086411592706
2.4000000000000004,0.05210914020336553,True,0.1896091402033655,0.00841500677796276,0.0004993792602822531,0.0010961829396927587
2.6,0.05210914020336553,True,0.19045303717370377,0.00837459182647348,0.0004935060648351028,0.0011014603836068467
2.8000000000000003,0.05210914020336553,True,0.19118911443333725,0.0083393404536329,0.0004883670921894882,0.0011060240240986906
3.0,0.05210914020336553,True,0.1918369517419729,0.008308314967913991,0.0004838317143927496,0.0011100101031640778
3.2,0.05210914020336553,True,0.1924116294955524,0.008280793156189068,0.00047979874932014784,0.0011135221553778092
3.4000000000000004,0.05210914020336553,True,0.19292495738073917,0.008256209442409883,0.0004761885636116728,0.0011166402911917104
3.6,0.05210914020336553,True,0.1933863196224027,0.00823411440797892,0.0004729375985597641,0.0011194274821490786
3.8000000000000003,0.05210914020336553,True,0.19380326997698455,0.008214146297005478,0.00046999449075303104,0.0011219339216759694
4.0,0.05210914020336553,True,0.19418195912658348,0.008196010548035529,0.00046731726871334267,0.0011242001165263395
4.2,0.05210914020336553,True,0.19452744725096144,0.00817946482470954,0.00046487129160866804,0.0011262591206211113
4.4,0.05210914020336553,True,0.1948439363293577,0.008164307890628913,0.00046262770985117476,0.0011281381769637979
4.6000000000000005,0.05210914020336553,True,0.19513494530163028,0.008150371220738235,0.000460562299218764,0.001129859943127973
4.800000000000001,0.05210914020336553,True,0.19540344388441994,0.008137512592754257,0.00045865456657972635,0.0011314434186972906
5.0,0.05210914020336553,True,0.19565195602589197,0.008125611132629253,0.00045688705596719134,0.0011329046560374853
5.2,0.05210914020336553,True,0.19588264076251832,0.008114563442250259,0.0004552448043906856,0.001134257311312286
5.4,0.05210914020336553,True,0.1960973560477976,0.008104280542626765,0.00045371491090769023,0.0011355130761710288
5.6000000000000005,0.05210914020336553,True,0.19629770960401932,0.008094685438555991,0.00045228619231347736,0.0011366820192400704
5.800000000000001,0.05210914020336553,True,0.19648509978076645,0.008085711161874119,0.00045094890575118755,0.0011377728586881059
6.0,0.05210914020336553,True,0.19666074864329453,0.008077299186825341,0.0004496945235124219,0.0011387931815845238
6.2,0.05210914020336553,True,0.1968257289651031,0.008069398137364407,0.00044851554889782294,0.0011397496217985716
6.4,0.05210914020336553,True,0.19698098639829104,0.00806196272539921,0.00044740536464461393,0.0011406480053107772
6.6000000000000005,0.05210914020336553,True,0.19712735779949586,0.008054952873145893,0.0004463581073815571,0.0011414934697011507
6.800000000000001,0.05210914020336553,True,0.19726558646863768,0.008048332983332164,0.0004453685630331532,0.0011422905630187464
7.0,0.05210914020336553,True,0.19739633489164365,0.008042071328937318,0.0004444320791983085,0.001143043326071088
7.2,0.05210914020336553,True,0.19752019545220245,0.008036139540197284,0.000443544491369137,0.0011437553612918029
7.4,0.05210914020336553,True,0.19763769948099286,0.008030512171228922,0.00044270206050097094,0.0011444298906748262
7.6000000000000005,0.05210914020336553,True,0.19774932493628444,0.008025166332199848,0.00044190141994406295,0.0011450698047498547
7.800000000000001,0.05210914020336553,True,0.19785550295179155,0.008020081375745702,0.00044113953013681705,0.0011456777041756452
8.0,0.05210914020336553,True,0.1979566234422821,0.008015238628513055,0.00044041363976588275,0.0011462559352187097
8.200000000000001,0.05210914020336553,True,0.19805303992162016,0.008010621160418988,0.00043972125233985427,0.0011468066201415828
8.4,0.05210914020336553,True,0.1981450736595487,0.008006213585579276,0.00043906009731512234,0.0011473316833335628
8.6,0.05210914020336553,True,0.19823301728085135,0.008002001889941482,0.00043842810506579676,0.001147832873864378
8.8,0.05210914020336553,True,0.1983171378923556,0.007997973281529923,0.00043782338511290353,0.0011483117850196421
9.0,0.05210914020336553,True,0.1983976798085807,0.007994116059912239,0.00043724420712767107,0.0011487698712794301
9.200000000000001,0.05210914020336553,True,0.19847486693493194,0.007990419502066033,0.0004366889843046418,0.001149208463122199
9.4,0.05210914020336553,True,0.19854890485766652,0.007986873762288743,0.0004361562587663613,0.0011496287799724993
9.600000000000001,0.05210914020336553,True,0.19861998268191455,0.00798346978417301,0.0004356446887155349,0.0011500319415584962
9.8,0.05210914020336553,True,0.19868827465253364,0.007980199222982862,0.00043515303709508414,0.0011504189779028703
10.0,0.05210914020336553,True,0.19875394158717347,0.007977054377022754,0.00043468016155341047,0.0011507908381350764
10.200000000000001,0.05210914020336553,True,0.19881713214648378,0.007974028126806336,0.0004342250055427265,0.0011511483982843073
10.4,0.05210914020336553,True,0.19887798396267198,0.007971113881008882,0.00043378659040382297,0.0011514924681880934
10.600000000000001,0.05210914020336553,True,0.1989366246445199,0.007968305528336151,0.0004333640083119403,0.0011518237976315213
10.8,0.05210914020336553,True,0.19899317267436656,0.007965597394566992,0.00043295641597631055,0.001152143081815243
11.0,0.05210914020336553,True,0.19904773821038257,0.0079629842041319,0.00043256302900098565,0.0011524509662364725
11.200000000000001,0.05210914020336553,True,0.19910042380560572,0.007960461045677795,0.00043218311682731246,0.001152748051055152
11.4,0.05210914020336553,True,0.19915132505364902,0.007958023341144269,0.00043181599818919064,0.0011530348950075577
11.600000000000001,0.05210914020336553,True,0.19920053116967323,0.007955666817940613,0.0004314610370214137,0.0011533120189213004
11.8,0.05210914020336553,True,0.19924812551406795,0.007953387483866089,0.00043111763876922736,0.0011535799088781401
12.0,0.05210914020336553,True,0.1992941860653366,0.007951181604463132,0.000430785247053905,0.001153839019065252
12.200000000000001,0.05210914020336553,True,0.19933878584784315,0.007949045682532128,0.0004304633406548833,0.0011540897743501108
12.4,0.05210914020336553,True,0.19938199331937484,0.00794697643957086,0.00043015143077391115,0.0011543325726098355
12.600000000000001,0.05210914020336553,True,0.19942387272285417,0.007944970798930437,0.0004298490585509301,0.0011545677868417662
12.8,0.05210914020336553,True,0.1994644844060227,0.007943025870505733,0.0004295557928050377,0.001154795767079088
13.0,0.05210914020336553,True,0.19950388511243772,0.007941138936798901,0.0004292712279770993,0.0011550168421319345
13.200000000000001,0.05210914020336553,True,0.19954212824675677,0.00793930744021506,0.00042899498225328417,0.0011552313211725396
13.4,0.05210914020336553,True,0.1995792641169103,0.007937528971464124,0.00042872669585124017,0.0011554394951802257
13.600000000000001,0.05210914020336553,True,0.19961534015548943,0.007935801258958498,0.0004284660294526693,0.0011556416382606923
13.8,0.05210914020336553,True,0.19965040112239735,0.00793412215910799,0.00042821266276792276,0.001155838008852089
14.0,0.05210914020336553,True,0.1996844892905883,0.007932489647424462,0.0004279662932198089,0.0011560288508290235
14.200000000000001,0.05210914020336553,True,0.19971764461652197,0.007930901810358618,0.0004277266347352187,0.0011562143945145144
14.4,0.05210914020336553,True,0.19974990489678351,0.007929356837799627,0.0004274934166343898,0.0011563948576087456
14.600000000000001,0.05210914020336553,True,0.1997813059121531,0.007927853016175091,0.00042726638260873916,0.0011565704460423224
14.8,0.05210914020336553,True,0.19981188156029572,0.007926388722096691,0.000427045289779109,0.0011567413547613388
15.0,0.05210914020336553,True,0.19984166397809794,0.0079249624165013,0.0004268299078271531,0.0011569077684503546
15.200000000000001,0.05210914020336553,True,0.199870683654586,0.007923572639243263,0.0004266200181933094,0.0011570698621990137
15.4,0.05210914020336553,True,0.19989896953525993,0.007922218004097726,0.00042641541333548035,0.0011572278021173387
15.600000000000001,0.05210914020336553,True,0.19992654911859453,0.007920897194138955,0.0004262158960431254,0.001157381745904234
15.8,0.05210914020336553,True,0.19995344854539238,0.00791960895746159,0.0004260212788019803,0.0011575318433734445
16.0,0.05210914020336553,True,0.1999796926815849,0.007918352103214708,0.0004258313832051141,0.0011576782369403444
16.2,0.05210914020336553,True,0.20000530519505177,0.007917125497923219,0.00042564603940640594,0.0011578210620732537
16.400000000000002,0.05210914020336553,True,0.20003030862694554,0.007915928062071956,0.00042546508561293225,0.00115796044771202
16.6,0.05210914020336553,True,0.20005472445797962,0.007914758766931096,0.0004252883676130615,0.0011580965166567174
16.8,0.05210914020336553,True,0.2000785731700887,0.007913616631603173,0.00042511573833736266,0.0011582293859288837
17.0,0.05210914020336553,True,0.20010187430383441,0.007912500720273821,0.00042494705744969367,0.0011583591671075377
17.2,0.05210914020336553,True,0.20012464651189765,0.007911410139650236,0.0004247821909660712,0.0011584859666420753
17.400000000000002,0.05210914020336553,True,0.20014690760895704,0.007910344036572028,0.00042462101089915866,0.0011586098861436872
17.6,0.05210914020336553,True,0.20016867461824855,0.007909301595781864,0.000424463394926363,0.0011587310226572908
17.8,0.05210914020336553,True,0.20018996381504783,0.007908282037842782,0.0004243092260797513,0.001158849468915188
18.0,0.05210914020336553,True,0.2002107907673183,0.007907284617191564,0.0004241583924561191,0.0011589653135740557
18.2,0.05210914020336553,True,0.20023117037373867,0.007906308620317827,0.00042401078694569725,0.0011590786414365202
18.400000000000002,0.05210914020336553,True,0.20025111689929426,0.007905353364058964,0.00042386630697813053,0.00115918953365827
18.6,0.05210914020336553,True,0.20027064400863248,0.007904418194003456,0.00042372485428442754,0.0011592980679421962
18.8,0.05210914020336553,True,0.20028976479731897,0.007903502482993251,0.00042358633467376,0.0011594043187199848
19.0,0.05210914020336553,True,0.2003084918211726,0.007902605629719473,0.0004234506578240049,0.0011595083573226108
19.200000000000003,0.05210914020336553,True,0.20032683712379523,0.007901727057403623,0.00042331773708508176,0.0011596102521400993
19.400000000000002,0.05210914020336553,True,0.20034481226243828,0.00790086621255904,0.00042318748929416015,0.0011597100687716223
19.6,0.05210914020336553,True,0.20036242833231382,0.007900022563826482,0.0004230598346019256,0.00115980787016642
19.8,0.05210914020336553,True,0.20037969598946204,0.007899195600878945,0.0004229346963091293,0.0011599037167562896
20.0,0.05210914020336553,True,0.20039662547227666,0.00789838483339107,0.00042281200071271917,0.0011599976665802611
0.0,0.05742292539282551,False,-0.055077074607174537,0.019789920893307132,0.0015073517915616698,-0.002597322741072429
0.2,0.05742292539282551,True,0.13242292539282546,0.011806719404461912,0.0009690118660039308,0.0005944684568271537
0.4,0.05742292539282551,True,0.15804949575449795,0.010715615006246973,0.000811800376284062,0.0008817971721526035
0.6000000000000001,0.05742292539282551,True,0.16992292539282544,0.010210079106692865,0.0007321422987585253,0.0010027842115428922
0.8,0.05742292539282551,True,0.17698276196195425,0.009909491918374615,0.0006827315137767759,0.001071077735576828
1.0,0.05742292539282551,True,0.18172147207875125,0.009707731504189975,0.0006487098244946155,0.001115393434992057
1.2000000000000002,0.05742292539282551,True,0.18514380060375965,0.009562018767250435,0.0006237114479836414,0.0011466370480295808
1.4000000000000001,0.05742292539282551,True,0.18774083125625302,0.009451444799402098,0.0006045020780019603,0.001169920025210379
1.6,0.05742292539282551,True,0.18978360688857454,0.009364469388899037,0.0005892472118320653,0.0011879755653908394
1.8,0.05742292539282551,True,0.1914349219724411,0.009294161223373293,0.0005768222518518976,0.0012024047767438565
2.0,0.05742292539282551,True,0.19279886760982892,0.009236088408210094,0.0005664965644275684,0.001214210821819605
2.2,0.05742292539282551,True,0.19394529600785412,0.0091872768407756,0.0005577735115819012,0.0012240556148084255
2.4000000000000004,0.05742292539282551,True,0.19492292539282546,0.009145652241513504,0.0005503030350145779,0.001232394254526686
2.6,0.05742292539282551,True,0.19576682236316376,0.00910972157724664,0.0005438309254640653,0.0012395503203266576
2.8000000000000003,0.05742292539282551,True,0.1965028996227972,0.009078381560846598,0.0005381679104599176,0.0012457603901285747
3.0,0.05742292539282551,True,0.1971507369314329,0.009050798543423498,0.0005331700413752619,0.0012512015612786201
3.2,0.05742292539282551,True,0.19772541468501237,0.00902633044583426,0.0005287258181243679,0.0012560091123621636
3.4000000000000004,0.05742292539282551,True,0.19823874257019916,0.009004474446168715,0.0005247474868031649,0.0012602882049108117
3.6,0.05742292539282551,True,0.19870010481186268,0.00898483099158448,0.0005211650073590236,0.0012641218523856846
3.8000000000000003,0.05742292539282551,True,0.1991170551664445,0.008967078465229955,0.0005179217786404245,0.001267576478802605
4.0,0.05742292539282551,True,0.19949574431604344,0.008950954989054552,0.0005149715491635019,0.0012707058787173385
4.2,0.05742292539282551,True,0.19984123244042143,0.008936245115407018,0.0005122761456268837,0.0012735540916257507
4.4,0.05742292539282551,True,0.20015772151881767,0.0089227699363038,0.0005098037765305898,0.0012761575235565848
4.6000000000000005,0.05742292539282551,True,0.20044873049109027,0.008910379625579983,0.0005075277474081056,0.0012785465367330783
4.800000000000001,0.05742292539282551,True,0.2007172290738799,0.008898947741388623,0.0005054254753580702,0.0012807466569667164
5.0,0.05742292539282551,True,0.20096574121535193,0.008888366821400375,0.0005034777243562589,0.001282779502100409
5.2,0.05742292539282551,True,0.2011964259519783,0.0088785449401583,0.0005016680055739895,0.0012846635040398816
5.4,0.05742292539282551,True,0.20141114123725756,0.008869402991437673,0.0004999821025061178,0.0012864144760924901
5.6000000000000005,0.05742292539282551,True,0.2016114947934793,0.008860872523126607,0.0004984076915501387,0.0012880460630118851
5.800000000000001,0.05742292539282551,True,0.2017988849702264,0.008852893997590585,0.0004969340363296629,0.0012895701011437276
6.0,0.05742292539282551,True,0.2019745338327545,0.008845415382866054,0.0004955517395304907,0.001290996908980956
6.2,0.05742292539282551,True,0.20213951415456305,0.008838391003395698,0.000494252539983733,0.0012923355233507344
6.4,0.05742292539282551,True,0.202294771587751,0.008831780596079527,0.0004930291456368772,0.001293593892760162
6.6000000000000005,0.05742292539282551,True,0.20244114298895585,0.008825548530010094,0.0004918750952063978,0.0012947790367133448
6.800000000000001,0.05742292539282551,True,0.20257937165809764,0.00881966315765121,0.0004907846429158874,0.0012958971777971681
7.0,0.05742292539282551,True,0.20271012008110365,0.008814096272290078,0.0004897526619396132,0.0012969538518227165
7.2,0.05742292539282551,True,0.20283398064166241,0.008808822651962301,0.0004887745630975448,0.0012979540001664138
7.4,0.05742292539282551,True,0.20295148467045282,0.008803819674161826,0.00048784622605911875,0.001298902047582966
7.6000000000000005,0.05742292539282551,True,0.20306311012574443,0.008799066988823849,0.0004869639408633476,0.0012998019680919922
7.800000000000001,0.05742292539282551,True,0.20316928814125154,0.008794546239535949,0.0004861243579919302,0.0013006573410199091
8.0,0.05742292539282551,True,0.2032704086317421,0.008790240824868022,0.00048532444556868045,0.001301471398873664
8.200000000000001,0.05742292539282551,True,0.20336682511108015,0.008786135693233882,0.000484561452524608,0.0013022470684035058
8.4,0.05742292539282551,True,0.20345885884900866,0.008782217165907704,0.0004838328767793529,0.0013029870059604036
8.6,0.05742292539282551,True,0.20354680247031132,0.008778472783782295,0.00048313643765868734,0.0013036936280528513
8.8,0.05742292539282551,True,0.2036309230818156,0.008774891174230278,0.00048247005190365437,0.001304369137847334
9.0,0.05742292539282551,True,0.2037114649980407,0.008771461935054162,0.0004818318127366796,0.0013050155482277526
9.200000000000001,0.05742292539282551,True,0.2037886521243919,0.008768175533016776,0.0004812199715391703,0.00130563470192439
9.4,0.05742292539282551,True,0.20386269004712648,0.008765023214856773,0.00048063292176786054,0.0013062282891383539
9.600000000000001,0.05742292539282551,True,0.20393376787137452,0.008761996929030827,0.00048006918479681925,0.0013067978630178498
9.8,0.05742292539282551,True,0.20400205984199363,0.008759089256702714,0.0004795273974211262,0.0013073448532861043
10.0,0.05742292539282551,True,0.20406772677663346,0.008756293350727331,0.0004790063007988514,0.0013078705782734257
10.200000000000001,0.05742292539282551,True,0.20413091733594374,0.008753602881569091,0.0004785047306416466,0.0013083762555676124
10.4,0.05742292539282551,True,0.20419176915213197,0.00875101198925125,0.0004780216084923636,0.0013088630114643667
10.600000000000001,0.05742292539282551,True,0.20425040983397988,0.008748515240565222,0.000477555933951586,0.0013093318893726798
10.8,0.05742292539282551,True,0.20430695786382652,0.008746107590879555,0.0004771067777346879,0.0013097838573076347
11.0,0.05742292539282551,True,0.20436152339984257,0.0087437843499816,0.0004766732754576127,0.0013102198145843293
11.200000000000001,0.05742292539282551,True,0.2044142089950657,0.00874154115146309,0.0004762546220636107,0.001310640597810533
11.4,0.05742292539282551,True,0.204465110243109,0.008739373925227542,0.00047585006681505137,0.0013110469862623504
11.600000000000001,0.05742292539282551,True,0.20451431635913322,0.008737278872754446,0.00047545890878452056,0.0013114397067159533
11.8,0.05742292539282551,True,0.20456191070352792,0.008735252444802267,0.00047508049278804915,0.001311819437798366
12.0,0.05742292539282551,True,0.20460797125479657,0.00873329132127446,0.0004747142057106639,0.0013121868139124252
12.200000000000001,0.05742292539282551,True,0.2046525710373031,0.008731392393007194,0.0004743594731807784,0.0013125424287836944
12.4,0.05742292539282551,True,0.2046957785088348,0.008729552745268225,0.0004740157565553564,0.0013128868386712593
12.600000000000001,0.05742292539282551,True,0.20473765791231413,0.008727769642781753,0.0004736825501824755,0.0013132205652788551
12.8,0.05742292539282551,True,0.20477826959548268,0.00872604051611759,0.0004733593789119281,0.0013135440983987046
13.0,0.05742292539282551,True,0.20481767030189768,0.008724362949300958,0.0004730457958280323,0.001313857898315983
13.200000000000001,0.05742292539282551,True,0.20485591343621673,0.008722734668517862,0.0004727413801818172,0.0013141623979991645
13.4,0.05742292539282551,True,0.20489304930637026,0.008721153531803746,0.00047244573550243163,0.0013144580050978582
13.600000000000001,0.05742292539282551,True,0.2049291253449494,0.008719617519617615,0.0004721584878698832,0.0013147451037678517
13.8,0.05742292539282551,True,0.20496418631185734,0.008718124726213793,0.00047187928433325895,0.0013150240563404353
14.0,0.05742292539282551,True,0.2049982744800483,0.008716673351733532,0.0004716077914603159,0.0013152952048512772
14.200000000000001,0.05742292539282551,True,0.20503142980598194,0.008715261694947586,0.0004713436940058833,0.0013155588724425259
14.4,0.05742292539282551,True,0.20506369008624348,0.008713888146588057,0.00047108669368786047,0.0013158153646502635
14.600000000000001,0.05742292539282551,True,0.20509509110161306,0.008712551183213926,0.0004708365080608153,0.0013160649705879115
14.8,0.05742292539282551,True,0.20512566674975571,0.008711249361561785,0.00047059286947819434,0.0013163079640355507
15.0,0.05742292539282551,True,0.2051554491675579,0.008709981313337016,0.0004703555241351345,0.001316544604443557
15.200000000000001,0.05742292539282551,True,0.20518446884404598,0.008708745740406105,0.00047012423118464823,0.0013167751378584263
15.4,0.05742292539282551,True,0.20521275472471992,0.008707541410354364,0.0004698987619207097,0.0013169997977776821
15.600000000000001,0.05742292539282551,True,0.20524033430805452,0.008706367152377048,0.0004696788990224012,0.0013172188059401286
15.8,0.05742292539282551,True,0.20526723373485234,0.008705221853475408,0.0004694644358538511,0.00131743237305723
16.0,0.05742292539282551,True,0.20529347787104485,0.008704104454930734,0.0004692551758152337,0.0013176406994903518
16.2,0.05742292539282551,True,0.20531909038451174,0.00870301394903397,0.0004690509317405147,0.0013178439758788575
16.400000000000002,0.05742292539282551,True,0.2053440938164055,0.00870194937604879,0.00046885152533807475,0.0013180423837228991
16.6,0.05742292539282551,True,0.20536850964743958,0.008700909821389269,0.0004686567866706827,0.001318236095924801
16.8,0.05742292539282551,True,0.2053923583595487,0.008699894412994538,0.00046846655367162754,0.001318425277292382
17.0,0.05742292539282551,True,0.20541565949329438,0.00869890231888458,0.00046828067169410865,0.001318610085007315
17.2,0.05742292539282551,True,0.20543843170135762,0.008697932744882933,0.0004680989930912401,0.0013187906690613942
17.400000000000002,0.05742292539282551,True,0.205460692798417,0.008696984932492583,0.0004679213768242856,0.0013189671726630344
17.6,0.05742292539282551,True,0.20548245980770855,0.008696058156914007,0.00046774768809691,0.0013191397326166687
17.8,0.05742292539282551,True,0.2055037490045078,0.008695151725193574,0.0004675777980134749,0.0013193084796768182
18.0,0.05742292539282551,True,0.20552457595677825,0.008694264974492872,0.0004674115832595419,0.0013194735388789751
18.2,0.05742292539282551,True,0.20554495556319863,0.0086933972704699,0.00046724892580291444,0.0013196350298490533
18.400000000000002,0.05742292539282551,True,0.20556490208875425,0.008692548005763115,0.0004670897126137127,0.001319793067092778
18.6,0.05742292539282551,True,0.20558442919809247,0.008691716598572003,0.00046693383540204837,0.0013199477602669626
18.8,0.05742292539282551,True,0.20560354998677893,0.008690902491325531,0.00046678119037206397,0.0013200992144334065
19.0,0.05742292539282551,True,0.20562227701063257,0.008690105149433748,0.0004666316779911148,0.001320247530297276
19.200000000000003,0.05742292539282551,True,0.2056406223132552,0.00868932406011527,0.0004664852027730522,0.0013203928044305932
19.400000000000002,0.05742292539282551,True,0.20565859745189824,0.008688558731296186,0.0004663416730745869,0.0013205351294822312
19.6,0.05742292539282551,True,0.20567621352177382,0.00868780869057483,0.0004662010009038387,0.0013206745943751522
19.8,0.05742292539282551,True,0.20569348117892203,0.008687073484248103,0.00046606310174021826,0.0013208112844918815
20.0,0.05742292539282551,True,0.20571041066173665,0.008686352676395273,0.0004659278943648674,0.0013209452818490795
0.0,0.06327857930108466,False,-0.049221420698915386,0.01913115982862798,0.0016610627066534728,-0.0026027255730365607
0.2,0.06327857930108466,True,0.13827857930108461,0.012245893447581348,0.0010678260257058038,0.000625518722498206
0.4,0.06327857930108466,True,0.1639051496627571,0.011304849376260015,0.0008945830282230721,0.0009583400007077518
0.6000000000000001,0.06327857930108466,True,0.1757785793010846,0.010868840171372018,0.0008068018860888295,0.0011037073978855008
0.8,0.06327857930108466,True,0.1828384158702134,0.01060959294265146,0.0007523524783930815,0.001187488688269107
1.0,0.06327857930108466,True,0.1875771259870104,0.010435580774882349,0.0007148614563235751,0.0012426147934341551
1.2000000000000002,0.06327857930108466,True,0.1909994545120188,0.010309908009345621,0.0006873138916596945,0.0012818729141944128
1.4000000000000001,0.06327857930108466,True,0.19359648516451217,0.010214541354187425,0.0006661456625352766,0.0013113536412029652
1.6,0.06327857930108466,True,0.1956392607968337,0.010139527730799463,0.0006493351943806929,0.0013343545157019107
1.8,0.06327857930108466,True,0.19729057588070026,0.01007888909489833,0.0006356432096892254,0.001352826624080976
2.0,0.06327857930108466,True,0.19865452151808807,0.010028803073337355,0.0006242645690844702,0.001368002506848493
2.2,0.06327857930108466,True,0.19980094991611327,0.009986704593832297,0.0006146519903545285,0.0013807010740247763
2.4000000000000004,0.06327857930108466,True,0.20077857930108461,0.009950804653899137,0.0006064197183020614,0.0013914887030104283
2.6,0.06327857930108466,True,0.2016224762714229,0.009919815558224803,0.0005992876208926079,0.0014007701561124643
2.8000000000000003,0.06327857930108466,True,0.20235855353105636,0.009892785755506915,0.0005930471247567569,0.0014088426911202613
3.0,0.06327857930108466,True,0.20300639083969205,0.009868996249152042,0.0005875396022290148,0.0014159297075217996
3.2,0.06327857930108466,True,0.20358106859327152,0.00984789326559654,0.0005826421830973775,0.0014222024513052484
3.4000000000000004,0.06327857930108466,True,0.2040943964784583,0.009829043136368109,0.0005782581648281482,0.001427794462049634
3.6,0.06327857930108466,True,0.20455575872012183,0.009812101259397394,0.0005743103650939862,0.001432811452660711
3.8000000000000003,0.06327857930108466,True,0.20497270907470366,0.009796790250016226,0.0005707364108891543,0.0014373382268933147
4.0,0.06327857930108466,True,0.2053513982243026,0.009782884246439688,0.0005674853342741137,0.0014414436243987794
4.2,0.06327857930108466,True,0.20569688634868058,0.009770197431677926,0.0005645150692575976,0.0014451841214504274
4.4,0.06327857930108466,True,0.20601337542707682,0.009758575503083539,0.0005617905824284935,0.0014486064963217305
4.6000000000000005,0.06327857930108466,True,0.20630438439934942,0.009747889240185548,0.0005592824571748001,0.0014517498317147214
4.800000000000001,0.06327857930108466,True,0.20657288298213905,0.009738029590769862,0.0005569658077230248,0.0014546470394076853
5.0,0.06327857930108466,True,0.20682139512361108,0.009728903871874075,0.0005548194364717565,0.0014573260353327412
5.2,0.06327857930108466,True,0.20705207986023746,0.009720432800611602,0.0005528251731580523,0.001459810655350253
5.4,0.06327857930108466,True,0.2072667951455167,0.009712548150290384,0.000550967351560764,0.0014621213762464405
5.6000000000000005,0.06327857930108466,True,0.20746714870173846,0.009705190883063841,0.0005492323913885178,0.0014642758887268448
5.800000000000001,0.06327857930108466,True,0.20765453887848556,0.009698309649548657,0.0005476084614320863,0.0014662895567457068
6.0,0.06327857930108466,True,0.20783018774101364,0.009691859573772471,0.0005460852060941585,0.0014681757886825146
6.2,0.06327857930108466,True,0.2079951680628222,0.009685801261968299,0.0005446535217801838,0.0014699463395260078
6.4,0.06327857930108466,True,0.20815042549601015,0.009680099988447561,0.0005433053728368059,0.0014716115586024768
6.6000000000000005,0.06327857930108466,True,0.208296796897215,0.00967472502264565,0.0005420336390966146,0.00147318059398181
6.800000000000001,0.06327857930108466,True,0.2084350255663568,0.00966964906953346,0.0005408319888625474,0.0014746615621633575
7.0,0.06327857930108466,True,0.2085657739893628,0.009664847801686503,0.000539694772505184,0.001476061689742953
7.2,0.06327857930108466,True,0.20868963454992157,0.00966029946593424,0.0005386169328667693,0.0014773874323218497
7.4,0.06327857930108466,True,0.20880713857871197,0.009655984551059189,0.0005375939294495397,0.001478644574817378
7.6000000000000005,0.06327857930108466,True,0.20891876403400358,0.00965188550575475,0.0005366216739723962,0.0014798383164875994
7.800000000000001,0.06327857930108466,True,0.2090249420495107,0.009647986498178326,0.0005356964753527617,0.0014809733433234246
8.0,0.06327857930108466,True,0.20912606254000124,0.009644273210105745,0.0005348149925414583,0.0014820538899479741
8.200000000000001,0.06327857930108466,True,0.2092224790193393,0.00964073266000566,0.0005339741939315786,0.0014830837927575146
8.4,0.06327857930108466,True,0.2093145127572678,0.009637353050396676,0.0005331713222952489,0.0014840665357183
8.6,0.06327857930108466,True,0.20940245637857047,0.009634123635681054,0.0005324038643884297,0.001485005289978027
8.8,0.06327857930108466,True,0.20948657699007475,0.009631034607316558,0.0005316695245136063,0.0014859029482460883
9.0,0.06327857930108466,True,0.20956711890629984,0.009628076993726963,0.000530966201451185,0.0014867621547322032
9.200000000000001,0.06327857930108466,True,0.20964430603265105,0.009625242572787665,0.0005302919682686815,0.0014875853312993174
9.4,0.06327857930108466,True,0.20971834395538563,0.009622523795079281,0.0005296450545969487,0.0014883747003783707
9.600000000000001,0.06327857930108466,True,0.20978942177963367,0.009619913716392684,0.0005290238310284357,0.001489132305103552
9.8,0.06327857930108466,True,0.20985771375025278,0.009617405938209228,0.0005284267953465614,0.001489860027054132
10.0,0.06327857930108466,True,0.2099233806848926,0.009614994555076313,0.0005278525603400624,0.0014905596019283921
10.200000000000001,0.06327857930108466,True,0.2099865712442029,0.009612674107963664,0.0005272998429932777,0.0014912326334259388
10.4,0.06327857930108466,True,0.21004742306039112,0.00961043954282111,0.0005267674548743099,0.0014918806055729476
10.600000000000001,0.06327857930108466,True,0.21010606374223903,0.009608286173672927,0.0005262542935688642,0.0014925048936905337
10.8,0.06327857930108466,True,0.21016261177208567,0.009606209649679237,0.0005257593350293065,0.001493106774177494
11.0,0.06327857930108466,True,0.21021717730810172,0.00960420592567551,0.0005252816267267524,0.0014936874332544974
11.200000000000001,0.06327857930108466,True,0.21026986290332486,0.009602271235768577,0.0005248202815094756,0.001494247974796123
11.4,0.06327857930108466,True,0.21032076415136816,0.009600402069625069,0.0005243744720840151,0.0014947894273599058
11.600000000000001,0.06327857930108466,True,0.21036997026739238,0.009598595151137581,0.0005239434260464809,0.0014953127505070688
11.8,0.06327857930108466,True,0.21041756461178707,0.009596847419194168,0.0005235264214010765,0.0014958188404966739
12.0,0.06327857930108466,True,0.21046362516305572,0.009595156010313414,0.0005231227825109516,0.0014963085354246918
12.200000000000001,0.06327857930108466,True,0.21050822494556226,0.009593518242936888,0.0005227318764334665,0.001496782619870047
12.4,0.06327857930108466,True,0.21055143241709395,0.00959193160319746,0.0005223531095979199,0.001497241829102098
12.600000000000001,0.06327857930108466,True,0.21059331182057328,0.009590393732003648,0.0005219859247889654,0.0014976868528969504
12.8,0.06327857930108466,True,0.21063392350374183,0.009588902413300753,0.0005216297984033578,0.0014981183390046786
13.0,0.06327857930108466,True,0.21067332421015683,0.009587455563384629,0.0005212842379515689,0.0014985368963038328
13.200000000000001,0.06327857930108466,True,0.21071156734447588,0.00958605122116047,0.0005209487797791102,0.0014989430976760393
13.4,0.06327857930108466,True,0.2107487032146294,0.009584687539249556,0.0005206229869853529,0.0014993374826289085
13.600000000000001,0.06327857930108466,True,0.21078477925320854,0.009583362775859725,0.0005203064475201321,0.0014997205596928762
13.8,0.06327857930108466,True,0.2108198402201165,0.009582075287343804,0.0005199987724406658,0.0015000928086142816
14.0,0.06327857930108466,True,0.21085392838830744,0.009580823521378836,0.0005196995943132423,0.0015004546823645822
14.200000000000001,0.06327857930108466,True,0.21088708371424109,0.009579606010706773,0.000519408565745833,0.0015008066089835337
14.4,0.06327857930108466,True,0.21091934399450263,0.00957842136738344,0.000519125358039274,0.001501148993272168
14.600000000000001,0.06327857930108466,True,0.2109507450098722,0.00957726827748768,0.0005188496599460007,0.0015014822183494411
14.8,0.06327857930108466,True,0.21098132065801486,0.009576145496249083,0.0005185811765264307,0.001501806647085502
15.0,0.06327857930108466,True,0.21101110307581705,0.009575051843555516,0.0005183196280941658,0.0015021226234226193
15.200000000000001,0.06327857930108466,True,0.21104012275230513,0.00957398619980665,0.0005180647492420522,0.0015024304735940183
15.4,0.06327857930108466,True,0.21106840863297907,0.009572947502082626,0.0005178162879419619,0.00150273050724967
15.600000000000001,0.06327857930108466,True,0.21109598821631367,0.00957193474060025,0.0005175740047118616,0.0015030230184972123
15.8,0.06327857930108466,True,0.2111228876431115,0.009570946955432267,0.0005173376718443628,0.0015033082868655435
16.0,0.06327857930108466,True,0.211149131779304,0.00956998323346626,0.0005171070726915399,0.001503586578197357
16.2,0.06327857930108466,True,0.2111747442927709,0.009569042705584079,0.0005168820010012617,0.0015038581454770608
16.400000000000002,0.06327857930108466,True,0.21119974772466465,0.009568124544042586,0.0005166622603007728,0.0015041232295991934
16.6,0.06327857930108466,True,0.21122416355569873,0.009567227960039483,0.0005164476633236376,0.001504382060082396
16.8,0.06327857930108466,True,0.21124801226780784,0.00956635220144902,0.0005162380314765306,0.0015046348557333426
17.0,0.06327857930108466,True,0.21127131340155353,0.009565496550713948,0.0005160331943426749,0.001504881825264691
17.2,0.06327857930108466,True,0.21129408560961677,0.009564660322881446,0.0005158329892190194,0.0015051231678707977
17.400000000000002,0.06327857930108466,True,0.21131634670667615,0.009563842863771092,0.0005156372606845228,0.0015053590737642997
17.6,0.06327857930108466,True,0.2113381137159677,0.009563043548265548,0.0005154458601971085,0.0015055897246769867
17.8,0.06327857930108466,True,0.21135940291276695,0.009562261778713554,0.0005152586457171152,0.0015058152943273546
18.0,0.06327857930108466,True,0.2113802298650374,0.009561496983437313,0.0005150754813552195,0.0015060359488576216
18.2,0.06327857930108466,True,0.21140060947145778,0.009560748615336324,0.0005148962370429924,0.0015062518472425028
18.400000000000002,0.06327857930108466,True,0.2114205559970134,0.009560016150579867,0.0005147207882244278,0.0015064631416715954
18.6,0.06327857930108466,True,0.21144008310635162,0.009559299087382867,0.000514549015566869,0.0015066699779078354
18.8,0.06327857930108466,True,0.21145920389503808,0.009558596944857396,0.0005143808046899639,0.0015068724956231244
19.0,0.06327857930108466,True,0.21147793091889172,0.009557909261936032,0.0005142160459113112,0.0015070708287134322
19.200000000000003,0.06327857930108466,True,0.21149627622151435,0.009557235596360555,0.0005140546340076435,0.0015072651055943178
19.400000000000002,0.06327857930108466,True,0.2115142513601574,0.009556575523732317,0.0005138964679904255,0.0015074554494786195
19.6,0.06327857930108466,True,0.21153186743003297,0.009555928636619375,0.0005137414508948796,0.0015076419786373457
19.8,0.06327857930108466,True,0.21154913508718118,0.009555294543716716,0.0005135894895815014,0.0015078248066450316
20.0,0.06327857930108466,True,0.2115660645699958,0.009554672869056095,0.000513440494549209,0.0015080040426107
0.0,0.06973135852921815,False,-0.042768641470781896,0.01840522216546296,0.0018304481613919768,-0.0026176145093767503
0.2,0.06973135852921815,True,0.1447313585292181,0.01272985188969136,0.0011767166751805566,0.0006656920826902078
0.4,0.06973135852921815,True,0.17035792889089058,0.011954170419288129,0.0009858073705853168,0.001050680343653358
0.6000000000000001,0.06973135852921815,True,0.18223135852921807,0.011594777834537036,0.0008890748212475315,0.0012238572953846179
0.8,0.06973135852921815,True,0.1892911950983469,0.011381086172583769,0.0008290729815780576,0.0013252664215475949
1.0,0.06973135852921815,True,0.1940299052151439,0.011237651855024471,0.0007877588444651409,0.0013926816798060433
1.2000000000000002,0.06973135852921815,True,0.1974522337401523,0.011134062619905766,0.0007574021403576745,0.0014410433945454514
1.4000000000000001,0.06973135852921815,True,0.20004926439264564,0.011055454030196806,0.000734075299097853,0.0014775601471697275
1.6,0.06973135852921815,True,0.20209204002496717,0.010993621986976825,0.0007155505977711407,0.0015061728968403388
1.8,0.06973135852921815,True,0.20374335510883373,0.01094363892274797,0.000700462384602598,0.0015292313266176965
2.0,0.06973135852921815,True,0.20510730074622158,0.010902354141264234,0.0006879234168136721,0.0015482290128804254
2.2,0.06973135852921815,True,0.20625372914424678,0.010867653311112495,0.0006773306035550405,0.0015641634189087327
2.4000000000000004,0.06973135852921815,True,0.2072313585292181,0.010838061797767494,0.0006682588525716741,0.0015777274176033036
2.6,0.06973135852921815,True,0.2080752554995564,0.010812518182934041,0.0006603994656034938,0.0015894180179041064
2.8000000000000003,0.06973135852921815,True,0.20881133275918984,0.010790238124267416,0.0006535226001893902,0.0015996014033279097
3.0,0.06973135852921815,True,0.20945917006782555,0.01077062896904092,0.0006474534527427891,0.0016085535522210015
3.2,0.06973135852921815,True,0.210033847821405,0.010753234254156585,0.0006420566234664687,0.0016164865434589747
3.4000000000000004,0.06973135852921815,True,0.21054717570659182,0.010737696516442909,0.000637225548668223,0.0016235661264633412
3.6,0.06973135852921815,True,0.2110085379482553,0.010723731708161845,0.0006328751754186186,0.001629923773669959
3.8000000000000003,0.06973135852921815,True,0.21142548830283714,0.010711111187367886,0.0006289367702777835,0.0016356651427774536
4.0,0.06973135852921815,True,0.21180417745243607,0.0106996487812698,0.0006253541678939547,0.0016408761412528552
4.2,0.06973135852921815,True,0.21214966557681408,0.01068919132510059,0.0006220810126322352,0.0016456273522744373
4.4,0.06973135852921815,True,0.2124661546552103,0.01067961163065721,0.0006190786985792532,0.0016499773177975445
4.6000000000000005,0.06973135852921815,True,0.21275716362748293,0.0106708031844107,0.0006163148093890533,0.0016539750097532796
4.800000000000001,0.06973135852921815,True,0.21302566221027253,0.010662676097072823,0.0006137619215825868,0.0016576617149299954
5.0,0.06973135852921815,True,0.21327417435174456,0.010655153972161465,0.0006113966759510935,0.0016610724900523546
5.2,0.06973135852921815,True,0.21350485908837097,0.010648171458575743,0.0006091990493345428,0.0016642372974774848
5.4,0.06973135852921815,True,0.2137195743736502,0.010641672318587337,0.0006071517779622284,0.0016671819005901127
5.6000000000000005,0.06973135852921815,True,0.21391992792987197,0.010635607888626664,0.0006052398967041305,0.0016699285763212633
5.800000000000001,0.06973135852921815,True,0.21410731810661904,0.01062993584255155,0.0006034503678735374,0.0016724966870205987
6.0,0.06973135852921815,True,0.21428296696914712,0.01062461919010693,0.0006017717798699225,0.0016749031431035274
6.2,0.06973135852921815,True,0.21444794729095568,0.010619625459896375,0.0006001941007674349,0.001677162780106114
6.4,0.06973135852921815,True,0.21460320472414363,0.010614926028315527,0.0005987084754838113,0.0016792886681024266
6.6000000000000005,0.06973135852921815,True,0.2147495761253485,0.010610495564850903,0.0005973070577786344,0.0016812923672529876
6.800000000000001,0.06973135852921815,True,0.21488780479449027,0.010606311570823684,0.0005959828702854265,0.0016831841401352768
7.0,0.06973135852921815,True,0.2150185532174963,0.01060235399368481,0.0005947296872586193,0.0016849731291632324
7.2,0.06973135852921815,True,0.21514241377805504,0.010598604902784905,0.0005935419358411025,0.0016866675056239704
7.4,0.06973135852921815,True,0.21525991780684545,0.010595048215466056,0.000592414612521721,0.0016882745954990663
7.6000000000000005,0.06973135852921815,True,0.2153715432621371,0.010591669464580853,0.0005913432121203924,0.0016898009861888393
7.800000000000001,0.06973135852921815,True,0.2154777212776442,0.010588455600297378,0.0005903236671595375,0.0016912526174420518
8.0,0.06973135852921815,True,0.21557884176813474,0.010585394820425373,0.0005893522958893344,0.0016926348591563803
8.200000000000001,0.06973135852921815,True,0.2156752582474728,0.010582476424580411,0.0005884257575573434,0.0016939525782118294
8.4,0.06973135852921815,True,0.2157672919854013,0.01057969068836382,0.0005875410137697267,0.0016952101961017008
8.6,0.06973135852921815,True,0.21585523560670394,0.010577028754420986,0.0005866952949965245,0.0016964117388079
8.8,0.06973135852921815,True,0.21593935621820826,0.010574482537791063,0.0005858860714384232,0.001697560880112864
9.0,0.06973135852921815,True,0.21601989813443334,0.010572044643405479,0.0005851110276057509,0.0016986609793353824
9.200000000000001,0.06973135852921815,True,0.21609708526078453,0.010569708293951778,0.0005843680400687246,0.0016997151143109941
9.4,0.06973135852921815,True,0.2161711231835191,0.01056746726661331,0.0005836551579263109,0.0017007261103025608
9.600000000000001,0.06973135852921815,True,0.21624220100776714,0.010565315837434603,0.0005829705856135119,0.0017016965654155672
9.8,0.06973135852921815,True,0.21631049297838628,0.010563248732260605,0.0005823126677264901,0.0017026288730021153
10.0,0.06973135852921815,True,0.2163761599130261,0.010561261083359511,0.0005816798755942949,0.001703525241461922
10.200000000000001,0.06973135852921815,True,0.21643935047233637,0.010559348390975392,0.0005810707953668363,0.0017043877117869876
10.4,0.06973135852921815,True,0.21650020228852462,0.010557506489168332,0.0005804841174228862,0.0017052181731444693
10.600000000000001,0.06973135852921815,True,0.21655884297037253,0.010555731515393902,0.0005799186269303912,0.0017060183767492092
10.8,0.06973135852921815,True,0.21661539100021915,0.010554019883352597,0.0005793731954153318,0.0017067899482411785
11.0,0.06973135852921815,True,0.21666995653623522,0.010552368258706247,0.000578846773215502,0.0017075343987527285
11.200000000000001,0.06973135852921815,True,0.21672264213145837,0.010550773537313792,0.0005783383827126336,0.0017082531348246843
11.4,0.06973135852921815,True,0.21677354337950167,0.010549232825686344,0.0005778471122507199,0.001708947467308662
11.600000000000001,0.06973135852921815,True,0.21682274949552588,0.010547743423402233,0.0005773721106606418,0.0017096186193747815
11.8,0.06973135852921815,True,0.21687034383992054,0.010546302807255707,0.0005769125823216967,0.001710267733727768
12.0,0.06973135852921815,True,0.2169164043911892,0.010544908616943417,0.0005764677826995416,0.0017108958791214922
12.200000000000001,0.06973135852921815,True,0.21696100417369574,0.010543558642117028,0.0005760370143077502,0.0017115040562502078
12.4,0.06973135852921815,True,0.21700421164522743,0.0105422508106524,0.0005756196230467548,0.0017120932030851295
12.600000000000001,0.06973135852921815,True,0.21704609104870676,0.010540983178003446,0.0005752149948796486,0.0017126641997161735
12.8,0.06973135852921815,True,0.2170867027318753,0.010539753917526118,0.0005748225528091912,0.0017132178727519193
13.0,0.06973135852921815,True,0.2171261034382903,0.010538561311669923,0.0005744417541246544,0.0017137549993237536
13.200000000000001,0.06973135852921815,True,0.21716434657260936,0.010537403743948518,0.0005740720878907781,0.0017142763107355695
13.4,0.06973135852921815,True,0.21720148244276288,0.01053627969160915,0.000573713072654364,0.0017147824957947197
13.600000000000001,0.06973135852921815,True,0.21723755848134202,0.010535187718931697,0.0005733642543467826,0.001715274203856558
13.8,0.06973135852921815,True,0.21727261944825,0.010534126471094757,0.0005730252043631431,0.0017157520476107644
14.0,0.06973135852921815,True,0.21730670761644094,0.010533094668553417,0.0005726955178009936,0.0017162166056346366
14.200000000000001,0.06973135852921815,True,0.21733986294237456,0.01053209110187984,0.0005723748118432998,0.0017166684247358673
14.4,0.06973135852921815,True,0.2173721232226361,0.010531114627022872,0.0005720627242720802,0.0017171080221048411
14.600000000000001,0.06973135852921815,True,0.21740352423800569,0.010530164160946832,0.0005717589121005649,0.0017175358872940185
14.8,0.06973135852921815,True,0.21743409988614837,0.010529238677615457,0.0005714630503129589,0.001717952484040777
15.0,0.06973135852921815,True,0.21746388230395053,0.010528337204288847,0.0005711748307020818,0.0017183582519476914
15.200000000000001,0.06973135852921815,True,0.21749290198043864,0.010527458818105628,0.0005708939607961112,0.0017187536080332405
15.4,0.06973135852921815,True,0.21752118786111257,0.010526602642924867,0.0005706201628665654,0.0017191389481643789
15.600000000000001,0.06973135852921815,True,0.21754876744444718,0.010525767846404955,0.0005703531730104349,0.001719514648381356
15.8,0.06973135852921815,True,0.21757566687124497,0.010524953637299462,0.0005700927403000641,0.0017198810661243013
16.0,0.06973135852921815,True,0.21760191100743748,0.010524159262950335,0.0005698386259950397,0.0017202385413695779
16.2,0.06973135852921815,True,0.21762752352090436,0.010523384006963035,0.000569590602810845,0.0017205873976840116
16.400000000000002,0.06973135852921815,True,0.21765252695279813,0.010522627187047499,0.0005693484542395829,0.0017209279432035193
16.6,0.06973135852921815,True,0.2176769427838322,0.010521888153011728,0.0005691119739184826,0.0017212604715425334
16.8,0.06973135852921815,True,0.21770079149594135,0.010521166284895382,0.0005688809650423158,0.0017215852626398212
17.0,0.06973135852921815,True,0.217724092629687,0.010520460991232137,0.0005686552398162006,0.001721902583545834
17.2,0.06973135852921815,True,0.21774686483775024,0.010519771707430804,0.0005684346189455806,0.0017222126891563438
17.400000000000002,0.06973135852921815,True,0.21776912593480963,0.010519097894265151,0.0005682189311604861,0.0017225158228963322
17.6,0.06973135852921815,True,0.2177908929441012,0.010518439036465021,0.0005680080127713887,0.0017228122173584197
17.8,0.06973135852921815,True,0.21781218214090042,0.010517794641399918,0.0005678017072542538,0.0017231020948989316
18.0,0.06973135852921815,True,0.21783300909317088,0.010517164237848672,0.0005675998648625598,0.0017233856681951017
18.2,0.06973135852921815,True,0.21785338869959125,0.01051654737484867,0.0005674023422642606,0.001723663140766313
18.400000000000002,0.06973135852921815,True,0.2178733352251469,0.010515943620617993,0.0005672090022018576,0.0017239347074617913
18.6,0.06973135852921815,True,0.21789286233448513,0.010515352561546515,0.0005670197131738475,0.0017242005549177827
18.8,0.06973135852921815,True,0.21791198312317156,0.010514773801249105,0.0005668343491360398,0.0017244608619857217
19.0,0.06973135852921815,True,0.2179307101470252,0.010514206959678269,0.0005666527892212636,0.0017247158001342164
19.200000000000003,0.06973135852921815,True,0.21794905544964782,0.01051365167229049,0.0005664749174761984,0.0017249655338261241
19.400000000000002,0.06973135852921815,True,0.21796703058829087,0.01051310758926351,0.0005663006226140888,0.0017252102208729038
19.6,0.06973135852921815,True,0.21798464665816647,0.010512574374760343,0.0005661297977822569,0.001725450012767572
19.8,0.06973135852921815,True,0.21800191431531468,0.010512051706237048,0.0005659623403433767,0.0017256850549978696
20.0,0.06973135852921815,True,0.2180188437981293,0.010511539273791474,0.0005657981516695693,0.0017259154873410757
0.0,0.0768421544231322,False,-0.03565784557686784,0.01760525762739763,0.002017106553607221,-0.0026448721114259405
0.2,0.0768421544231322,True,0.15184215442313215,0.013263161581734913,0.0012967113558903561,0.0007171956731423903
0.4,0.0768421544231322,True,0.17746872478480463,0.012669705422634563,0.0010863342375616867,0.0011621422271923933
0.6000000000000001,0.0768421544231322,True,0.18934215442313213,0.012394742372602368,0.0009797374688949357,0.001367109755453281
0.8,0.0768421544231322,True,0.19640199099226097,0.012231251767536564,0.0009136169927303732,0.001488625206741419
1.0,0.0768421544231322,True,0.20114070110905796,0.012121513450418238,0.0008680898816737459,0.0015700398322462546
1.2000000000000002,0.0768421544231322,True,0.20456302963406636,0.012042259694922786,0.000834637578520555,0.0016287635483130578
1.4000000000000001,0.0768421544231322,True,0.2071600602865597,0.011982118060113945,0.000808932002491371,0.0016732842972025097
1.6,0.0768421544231322,True,0.20920283591888122,0.011934811777472465,0.0007885182605248613,0.0017082782094804418
1.8,0.0768421544231322,True,0.2108541510027478,0.011896570877761525,0.0007718914396694999,0.0017365499126049209
2.0,0.0768421544231322,True,0.21221809664013563,0.011864984835315649,0.0007580738213200796,0.0017598906770946805
2.2,0.0768421544231322,True,0.21336452503816083,0.011838436023509254,0.0007464008149515875,0.0017795014643991179
2.4000000000000004,0.0768421544231322,True,0.21434215442313215,0.011815796233180676,0.0007364039798883503,0.0017962192409563256
2.6,0.0768421544231322,True,0.21518605139347047,0.011796253397458793,0.0007277431386281445,0.001810646051207824
2.8000000000000003,0.0768421544231322,True,0.2159221286531039,0.011779207433947572,0.000720165010720652,0.0018232265322637737
3.0,0.0768421544231322,True,0.2165699659617396,0.011764204917595245,0.0007134769671324424,0.0018342964914380895
3.2,0.0768421544231322,True,0.21714464371531905,0.011750896618921388,0.0007075298007872961,0.001844114458863936
3.4000000000000004,0.0768421544231322,True,0.21765797160050587,0.01173900905102593,0.0007022060812512576,0.0018528828173950257
3.6,0.0768421544231322,True,0.21811933384216936,0.011728324895478493,0.0006974120823948567,0.001860762330891443
3.8000000000000003,0.0768421544231322,True,0.2185362841967512,0.011718669223553862,0.000693072061744232,0.0018678823661020566
4.0,0.0768421544231322,True,0.21891497334635013,0.011709899598705813,0.0006891241265337126,0.0018743482320054067
4.2,0.0768421544231322,True,0.21926046147072814,0.011701898838072827,0.0006855171940520151,0.0018802465452676105
4.4,0.0768421544231322,True,0.21957695054912435,0.011694569632868575,0.0006822087215806331,0.0018856492163890413
4.6000000000000005,0.0768421544231322,True,0.21986795952139698,0.011687830492027193,0.0006791629871443425,0.0018906164543696416
4.800000000000001,0.0768421544231322,True,0.22013645810418658,0.011681612643309339,0.0006763497707781758,0.0018951990614650268
5.0,0.0768421544231322,True,0.22038497024565862,0.011675857637513148,0.0006737433312379553,0.0018994402067979259
5.2,0.0768421544231322,True,0.22061565498228503,0.011670515476005417,0.0006713216035189605,0.0019033768122008687
5.4,0.0768421544231322,True,0.22083037026756425,0.011665543132585936,0.0006690655633921714,0.0019070406459490222
5.6000000000000005,0.0768421544231322,True,0.22103072382378602,0.011660903375870176,0.0006669587196711802,0.0019104591939366347
5.800000000000001,0.0768421544231322,True,0.2212181140005331,0.011656563823094435,0.0006649867051622781,0.0019136563595095165
6.0,0.0768421544231322,True,0.22139376286306117,0.01165249617386025,0.0006631369445766939,0.0019166530301016496
6.2,0.0768421544231322,True,0.22155874318486973,0.011648675585044586,0.0006613983829914826,0.001919467539399273
6.4,0.0768421544231322,True,0.22171400061805768,0.011645080157382151,0.000659761262334909,0.0019221160468762483
6.6000000000000005,0.0768421544231322,True,0.22186037201926256,0.011641690511076202,0.0006582169362528723,0.001924612851467613
6.800000000000001,0.0768421544231322,True,0.22199860068840432,0.011638489432901937,0.0006567577158678913,0.001926970652363119
7.0,0.0768421544231322,True,0.22212934911141036,0.01163546158111251,0.0006553767405692956,0.0019292007670540477
7.2,0.0768421544231322,True,0.2222532096719691,0.011632593237378044,0.0006540678692126179,0.001931313314603094
7.4,0.0768421544231322,True,0.2223707137007595,0.011629872097224636,0.0006528255880579146,0.0019333173704504767
7.6000000000000005,0.0768421544231322,True,0.22248233915605115,0.011627287092168578,0.0006516449325132014,0.0019352210977914238
7.800000000000001,0.0768421544231322,True,0.22258851717155825,0.011624828238081794,0.0006505214203233377,0.001937031859565347
8.0,0.0768421544231322,True,0.2226896376620488,0.01162248650537836,0.0006494509942951991,0.0019387563143195596
8.200000000000001,0.0768421544231322,True,0.22278605414138686,0.011620253707438782,0.0006484299730059613,0.0019404004985961467
8.4,0.0768421544231322,True,0.22287808787931535,0.011618122404347954,0.0006474550082241628,0.0019419698980047433
8.6,0.0768421544231322,True,0.222966031500618,0.011616085819546375,0.0006465230479993852,0.0019434695087554737
8.8,0.0768421544231322,True,0.2230501521121223,0.01161413776741533,0.0006456313045581843,0.0019449038911149494
9.0,0.0768421544231322,True,0.2231306940283474,0.011612272590156927,0.0006447772262908013,0.0019462772159972693
9.200000000000001,0.0768421544231322,True,0.22320788115469858,0.011610485102604349,0.0006439584732325094,0.0019475933056980006
9.4,0.0768421544231322,True,0.22328191907743317,0.011608770543822854,0.0006431728955408043,0.0019488556696135402
9.600000000000001,0.0768421544231322,True,0.2233529969016812,0.011607124534544959,0.0006424185145494766,0.0019500675356521717
9.8,0.0768421544231322,True,0.22342128887230034,0.011605543039635227,0.0006416935060462923,0.0019512318779319644
10.0,0.0768421544231322,True,0.22348695580694017,0.011604022334903335,0.0006409961854753829,0.0019523514412679052
10.200000000000001,0.0768421544231322,True,0.22355014636625042,0.011602558977688894,0.0006403249948104994,0.0019534287628749057
10.4,0.0768421544231322,True,0.22361099818243868,0.011601149780726521,0.0006396784908829048,0.001954466191649332
10.600000000000001,0.0768421544231322,True,0.2236696388642866,0.011599791788871792,0.0006390553349790813,0.0019554659053387896
10.8,0.0768421544231322,True,0.2237261868941332,0.01159848225832893,0.0006384542835498326,0.0019564299258653535
11.0,0.0768421544231322,True,0.22378075243014928,0.011597218638072032,0.0006378741798945431,0.0019573601330301676
11.200000000000001,0.0768421544231322,True,0.22383343802537242,0.011595998553193758,0.000637313946703155,0.001958258276795448
11.4,0.0768421544231322,True,0.22388433927341572,0.011594819789951891,0.0006367725793543161,0.001959125988313388
11.600000000000001,0.0768421544231322,True,0.22393354538943994,0.011593680282315562,0.0006362491398816617,0.0019599647898489053
11.8,0.0768421544231322,True,0.2239811397338346,0.011592578099837731,0.0006357427515317454,0.0019607761037234005
12.0,0.0768421544231322,True,0.22402720028510326,0.011591511436704272,0.000635252593846969,0.0019615612603906436
12.200000000000001,0.0768421544231322,True,0.2240718000676098,0.011590478601828201,0.0006347778982153219,0.001962321505741436
12.4,0.0768421544231322,True,0.2241150075391415,0.011589478009874728,0.0006343179438359901,0.001963058007721799
12.600000000000001,0.0768421544231322,True,0.22415688694262081,0.011588508173116073,0.000633872054056176,0.001963771862338641
12.8,0.0768421544231322,True,0.22419749862578936,0.011587567694028666,0.0006334395930398373,0.0019644640991183957
13.0,0.0768421544231322,True,0.22423689933220436,0.011586655258553864,0.0006330199627337817,0.0019651356860755174
13.200000000000001,0.0768421544231322,True,0.22427514246652341,0.011585769629954945,0.0006326126001005606,0.0019657875342419047
13.4,0.0768421544231322,True,0.22431227833667694,0.01158490964320858,0.0006322169745911963,0.0019664205018014597
13.600000000000001,0.0768421544231322,True,0.22434835437525608,0.011584074199878124,0.0006318325858337973,0.001967035397869721
13.8,0.0768421544231322,True,0.22438341534216405,0.011583262263420711,0.0006314589615168542,0.0019676329859534907
14.0,0.0768421544231322,True,0.224417503510355,0.011582472854885773,0.0006310956554483328,0.0019682139871215866
14.200000000000001,0.0768421544231322,True,0.22445065883628862,0.011581705048967708,0.000630742245773757,0.0019687790829146156
14.4,0.0768421544231322,True,0.22448291911655016,0.01158095797037916,0.0006303983333382758,0.001969328918018516
14.600000000000001,0.0768421544231322,True,0.22451432013191974,0.011580230790514274,0.0006300635401793354,0.0019698641027237
14.8,0.0768421544231322,True,0.22454489578006243,0.011579522724376165,0.0006297375081379319,0.0019703852151899785
15.0,0.0768421544231322,True,0.22457467819786459,0.011578833027743774,0.00062941989757772,0.0019708928035346443
15.200000000000001,0.0768421544231322,True,0.2246036978743527,0.011578160994556969,0.0006291103862023128,0.0019713873877597755
15.4,0.0768421544231322,True,0.22463198375502663,0.01157750595450036,0.0006288086679621026,0.0019718694615329466
15.600000000000001,0.0768421544231322,True,0.22465956333836123,0.01157686727076838,0.0006285144520427957,0.001972339493834194
15.8,0.0768421544231322,True,0.22468646276515902,0.011576244337996509,0.0006282274619286025,0.001972797930481033
16.0,0.0768421544231322,True,0.22471270690135153,0.011575636580343262,0.0006279474345337594,0.001973245195541479
16.2,0.0768421544231322,True,0.22473831941481842,0.011575043449711553,0.0006276741193966046,0.001973681692645072
16.400000000000002,0.0768421544231322,True,0.2247633228467122,0.011574464424096861,0.0006274072779310326,0.001974107806200035
16.6,0.0768421544231322,True,0.22478773867774626,0.011573899006052156,0.0006271466827306048,0.001974523902524474
16.8,0.0768421544231322,True,0.2248115873898554,0.01157334672125995,0.0006268921169210476,0.00197493033089858
17.0,0.0768421544231322,True,0.22483488852360106,0.011572807117202866,0.0006266433735572555,0.001975327424544188
17.2,0.0768421544231322,True,0.2248576607316643,0.011572279761925125,0.0006264002550612628,0.0019757155015376017
17.400000000000002,0.0768421544231322,True,0.22487992182872368,0.011571764242877034,0.0006261625726979905,0.001976094865660617
17.6,0.0768421544231322,True,0.22490168883801526,0.011571260165837198,0.0006259301460858099,0.0019764658071950284
17.8,0.0768421544231322,True,0.22492297803481448,0.01157076715390528,0.0006257028027392812,0.001976828603664509
18.0,0.0768421544231322,True,0.22494380498708494,0.011570284846560721,0.0006254803776416089,0.00197718352052817
18.2,0.0768421544231322,True,0.2249641845935053,0.011569812898782374,0.0006252627128445834,0.0019775308118294135
18.400000000000002,0.0768421544231322,True,0.22498413111906096,0.011569350980223714,0.0006250496570939898,0.0019778707208030987
18.6,0.0768421544231322,True,0.22500365822839918,0.011568898774441139,0.0006248410654785714,0.0019782034804447287
18.8,0.0768421544231322,True,0.22502277901708562,0.01156845597816941,0.0006246367991008876,0.0019785293140436107
19.0,0.0768421544231322,True,0.22504150604093925,0.011568022300642897,0.0006244367247684418,0.0019788484356834065
19.200000000000003,0.0768421544231322,True,0.22505985134356188,0.011567597462957678,0.0006242407147036717,0.001979161050711747
19.400000000000002,0.0768421544231322,True,0.22507782648220492,0.011567181197472754,0.0006240486462714503,0.0019794673561815456
19.6,0.0768421544231322,True,0.22509544255208053,0.011566773247246927,0.0006238604017228884,0.001979767541265724
19.8,0.0768421544231322,True,0.22511271020922874,0.011566373365509178,0.0006236758679543064,0.0019800617876473033
20.0,0.0768421544231322,True,0.22512963969204336,0.01156598131516049,0.0006234949362803315,0.001980350269886655
0.0,0.08467806767186903,False,-0.027821932328131016,0.016723717386914735,0.002222799276386562,-0.002688085409800092
0.2,0.08467806767186903,True,0.15967806767186898,0.013850855075390175,0.0014289423919627902,0.0007827353820786124
0.4,0.08467806767186903,True,0.18530463803354147,0.01345820649850654,0.0011971122461764932,0.0012967558376099167
0.6000000000000001,0.08467806767186903,True,0.19717806767186896,0.013276282613085258,0.0010796453628163303,0.0015381463886974518
0.8,0.08467806767186903,True,0.20423790424099778,0.01316811227492541,0.0010067823074115022,0.001682645346429421
1.0,0.08467806767186903,True,0.20897661435779477,0.013095506079193216,0.0009566126079815595,0.001780041915750158
1.2000000000000002,0.08467806767186903,True,0.21239894288280317,0.013043069393128407,0.0009197490347065623,0.0018505851163409565
1.4000000000000001,0.08467806767186903,True,0.21499597353529654,0.013003277865216814,0.0008914221544559437,0.0019042302293263175
1.6,0.08467806767186903,True,0.21703874916761806,0.01297197859521684,0.000868926738539341,0.0019464952699956369
1.8,0.08467806767186903,True,0.21869006425148463,0.01294667725724941,0.0008506044117887716,0.0019807052694423366
2.0,0.08467806767186903,True,0.22005400988887244,0.012925778974494097,0.0008353777535770122,0.0020089917406976915
2.2,0.08467806767186903,True,0.22120043828689764,0.012908213476160516,0.0008225144023263115,0.002032788076101233
2.4000000000000004,0.08467806767186903,True,0.22217806767186898,0.012893234304881988,0.0008114981485220782,0.0020530957353772548
2.6,0.08467806767186903,True,0.22302196464220728,0.012880304172610548,0.0008019541253510379,0.0020706366164137866
2.8000000000000003,0.08467806767186903,True,0.22375804190184073,0.012869026046650184,0.0007936032243046775,0.002085944845077554
3.0,0.08467806767186903,True,0.22440587921047642,0.012859099927247621,0.0007862331731679497,0.002099424451861426
3.2,0.08467806767186903,True,0.2249805569640559,0.01285029475359679,0.000779679549600121,0.0021113869212163704
3.4000000000000004,0.08467806767186903,True,0.22549388484924268,0.012842429578477813,0.0007738129482987524,0.002122076388255032
3.6,0.08467806767186903,True,0.2259552470909062,0.012835360617432297,0.0007685300854921496,0.0021316869943206512
3.8000000000000003,0.08467806767186903,True,0.22637219744548803,0.012828972132315198,0.0007637474949321919,0.0021403751176269276
4.0,0.08467806767186903,True,0.22675088659508696,0.012823169882791644,0.0007593969723911441,0.0021482681674912787
4.2,0.08467806767186903,True,0.22709637471946495,0.012817876337129752,0.0007554222260417484,0.0021554710217228327
4.4,0.08467806767186903,True,0.2274128637978612,0.012813027112887987,0.0007517763749080136,0.0021620708147534846
4.6000000000000005,0.08467806767186903,True,0.2277038727701338,0.012808568293107937,0.0007484200542967174,0.002168140550684702
4.800000000000001,0.08467806767186903,True,0.22797237135292342,0.01280445437599223,0.0007453199625877041,0.002173741865387562
5.0,0.08467806767186903,True,0.22822088349439545,0.012800646689777873,0.0007424477335953454,0.0021789271632453693
5.2,0.08467806767186903,True,0.22845156823102183,0.012797112153854153,0.0007397790522548578,0.002183741288121393
5.4,0.08467806767186903,True,0.22866628351630108,0.012793822300783297,0.0007372929543576703,0.002188222843130419
5.6000000000000005,0.08467806767186903,True,0.22886663707252283,0.012790752497153168,0.0007349712670426875,0.0021924052426077318
5.800000000000001,0.08467806767186903,True,0.22905402724926993,0.012787881317546082,0.0007327981580338586,0.0021963175577357713
6.0,0.08467806767186903,True,0.229229676111798,0.012785190037560906,0.000730759769688051,0.0021999852016498216
6.2,0.08467806767186903,True,0.22939465643360657,0.012782662220234685,0.0007288439197659682,0.00220343048855161
6.4,0.08467806767186903,True,0.22954991386679452,0.012780283376349932,0.000727039855124821,0.002206673093109532
6.6000000000000005,0.08467806767186903,True,0.22969628526799937,0.012778040683645919,0.0007253380477059134,0.0022097304303309215
6.800000000000001,0.08467806767186903,True,0.22983451393714116,0.012775922753331538,0.0007237300245650318,0.002212617971545384
7.0,0.08467806767186903,True,0.22996526236014717,0.012773919434842195,0.0007222082254865761,0.0022153495087142917
7.2,0.08467806767186903,True,0.23008912292070594,0.012772021651715208,0.0007207658830881028,0.002217937376679315
7.4,0.08467806767186903,True,0.23020662694949634,0.012770221262937777,0.0007193969213707334,0.0022203926409689097
7.6000000000000005,0.08467806767186903,True,0.23031825240478795,0.012768510945265736,0.0007180958694824446,0.0022227252572425667
7.800000000000001,0.08467806767186903,True,0.23042443042029506,0.012766884092897389,0.0007168577880939456,0.0022249442072538607
8.0,0.08467806767186903,True,0.2305255509107856,0.012765334731585108,0.0007156782062832986,0.002227057615275944
8.200000000000001,0.08467806767186903,True,0.23062196739012367,0.012763857444813372,0.0007145530672177225,0.0022290728481922143
8.4,0.08467806767186903,True,0.23071400112805218,0.012762447310108909,0.0007134786812327043,0.002230996601868469
8.6,0.08467806767186903,True,0.23080194474935484,0.012761099843894636,0.0007124516851577809,0.0022328349759537895
8.8,0.08467806767186903,True,0.23088606536085912,0.012759810953577769,0.0007114690069386859,0.002234593538881277
9.0,0.08467806767186903,True,0.2309666072770842,0.012758576895787794,0.0007105278347674281,0.0022362773845364713
9.200000000000001,0.08467806767186903,True,0.23104379440343542,0.012757394239861223,0.0007096255900633713,0.0022378911818146966
9.4,0.08467806767186903,True,0.23111783232617,0.012756259835819394,0.0007087599037556526,0.002239439218088311
9.600000000000001,0.08467806767186903,True,0.23118891015041804,0.012755170786206214,0.000707928595405261,0.0022409254374402042
9.8,0.08467806767186903,True,0.23125720212103715,0.01275412442125384,0.0007071296547774742,0.002242353474385281
10.0,0.08467806767186903,True,0.23132286905567698,0.012753118276925095,0.0007063612255352733,0.002243726683689431
10.200000000000001,0.08467806767186903,True,0.23138605961498726,0.01275215007545155,0.0007056215907740099,0.0022450481668036867
10.4,0.08467806767186903,True,0.2314469114311755,0.012751217708041857,0.0007049091601590436,0.0022463207953537564
10.600000000000001,0.08467806767186903,True,0.2315055521130234,0.012750319219482933,0.0007042224584626867,0.002247547232061003
10.8,0.08467806767186903,True,0.23156210014287004,0.012749452794396337,0.0007035601153258723,0.0022487299494169262
11.0,0.08467806767186903,True,0.23161666567888609,0.012748616744946031,0.0007029208560944248,0.0022498712463879886
11.200000000000001,0.08467806767186903,True,0.23166935127410923,0.012747809499821383,0.0007023034936005108,0.0022509732633890357
11.4,0.08467806767186903,True,0.23172025252215253,0.012747029594343437,0.0007017069207773714,0.0022520379957312415
11.600000000000001,0.08467806767186903,True,0.23176945863817675,0.01274627566156358,0.0007011301040103207,0.0022530673057232385
11.8,0.08467806767186903,True,0.23181705298257144,0.012745546424239557,0.0007005720771397265,0.0022540629335800386
12.0,0.08467806767186903,True,0.2318631135338401,0.012744840687590029,0.0007000319360425258,0.0022550265072748656
12.200000000000001,0.08467806767186903,True,0.23190771331634663,0.012744157332740591,0.0006995088337281528,0.002255959551451469
12.4,0.08467806767186903,True,0.23195092078787832,0.012743495310785736,0.0006990019758927441,0.002256863495500017
12.600000000000001,0.08467806767186903,True,0.23199280019135765,0.012742853637399654,0.0006985106168824101,0.002257739680886563
12.8,0.08467806767186903,True,0.2320334118745262,0.012742231387938441,0.0006980340560222691,0.002258589367815767
13.0,0.08467806767186903,True,0.2320728125809412,0.012741627692981046,0.000697571634273164,0.0022594137412961564
13.200000000000001,0.08467806767186903,True,0.23211105571526025,0.012741041734265011,0.0006971227311823821,0.0022602139166700602
13.4,0.08467806767186903,True,0.23214819158541378,0.012740472740975586,0.0006966867620986654,0.002260990944662077
13.600000000000001,0.08467806767186903,True,0.2321842676239929,0.012739919986353794,0.0006962631756251251,0.0022617458159947005
13.8,0.08467806767186903,True,0.23221932859090086,0.012739382784591488,0.0006958514512866878,0.0022624794656136288
14.0,0.08467806767186903,True,0.2322534167590918,0.012738860487985304,0.0006954510973912664,0.0022631927765607122
14.200000000000001,0.08467806767186903,True,0.23228657208502546,0.012738352484324988,0.0006950616490661346,0.0022638865835284848
14.4,0.08467806767186903,True,0.232318832365287,0.01273785819449395,0.0006946826664529649,0.0022645616761264725
14.600000000000001,0.08467806767186903,True,0.23235023338065658,0.012737377070261421,0.0006943137330467941,0.002265218801885871
14.8,0.08467806767186903,True,0.23238080902879923,0.012736908592249683,0.0006939544541656587,0.002265858669027187
15.0,0.08467806767186903,True,0.23241059144660142,0.012736452268059528,0.0006936044555390869,0.002266481949012036
15.200000000000001,0.08467806767186903,True,0.2324396111230895,0.01273600763054019,0.0006932633820047917,0.0022670892788986706
15.4,0.08467806767186903,True,0.23246789700376344,0.012735574236190705,0.0006929308963040179,0.002267681263518546
15.600000000000001,0.08467806767186903,True,0.23249547658709804,0.012735151663681171,0.0006926066779669314,0.002268258477489597
15.8,0.08467806767186903,True,0.23252237601389586,0.01273473951248413,0.0006922904222802806,0.002268821467080571
16.0,0.08467806767186903,True,0.23254862015008837,0.012734337401605374,0.0006919818393303554,0.002269370751938636
16.2,0.08467806767186903,True,0.23257423266355526,0.012733944968407275,0.0006916806531148791,0.0022699068266923833
16.400000000000002,0.08467806767186903,True,0.23259923609544902,0.012733561867515822,0.0006913866007181316,0.002270430162440188
16.6,0.08467806767186903,True,0.2326236519264831,0.012733187769804996,0.0006910994315440963,0.0022709412081335727
16.8,0.08467806767186903,True,0.23264750063859221,0.01273282236145197,0.00069081890660293,0.0022714403918640486
17.0,0.08467806767186903,True,0.2326708017723379,0.012732465343057515,0.0006905447978464769,0.0022719281220612204
17.2,0.08467806767186903,True,0.23269357398040114,0.01273211642882664,0.000690276887548926,0.0022724047886093267
17.400000000000002,0.08467806767186903,True,0.23271583507746052,0.01273177534580393,0.0006900149677290995,0.0022728707638882857
17.6,0.08467806767186903,True,0.23273760208675207,0.012731441833160585,0.0006897588396111059,0.002273326403745652
17.8,0.08467806767186903,True,0.23275889128355132,0.012731115641527922,0.0006895083131204494,0.002273772048404268
18.0,0.08467806767186903,True,0.23277971823582178,0.01273079653237459,0.0006892632064128876,0.0022742080233108465
18.2,0.08467806767186903,True,0.23280009784224215,0.012730484277424197,0.0006890233454335766,0.002274634639929902
18.400000000000002,0.08467806767186903,True,0.23282004436779777,0.012730178658109404,0.0006887885635042816,0.0022750521964867423
18.6,0.08467806767186903,True,0.232839571477136,0.012729879465061602,0.0006885587009365438,0.0022754609786639927
18.8,0.08467806767186903,True,0.23285869226582245,0.012729586497631267,0.0006883336046689752,0.0022758612602541126
19.0,0.08467806767186903,True,0.2328774192896761,0.012729299563439078,0.0006881131279268868,0.002276253303772006
19.200000000000003,0.08467806767186903,True,0.23289576459229872,0.012729018477953732,0.000687897129902709,0.002276637361029824
19.400000000000002,0.08467806767186903,True,0.23291373973094176,0.012728743064095849,0.0006876854754557017,0.0022770136736771493
19.6,0.08467806767186903,True,0.23293135580081734,0.012728473151865349,0.0006874780348296333,0.0022773824737086653
19.8,0.08467806767186903,True,0.23294862345796555,0.012728208577991024,0.0006872746833871726,0.0022777439839417055
20.0,0.08467806767186903,True,0.23296555294078017,0.012727949185601016,0.0006870753013598485,0.0022780984184658445
0.0,0.0933130415000844,False,-0.01918695849991564,0.015752282831240506,0.0024494673393772163,-0.0027517057363391616
0.2,0.0933130415000844,True,0.16831304150008436,0.014498478112506328,0.0015746575753139247,0.0008656253729244176
0.4,0.0933130415000844,True,0.19393961186175684,0.014327114300002655,0.0013191867478671384,0.0014594082385744026
0.6000000000000001,0.0933130415000844,True,0.20581304150008434,0.014247717168759487,0.0011897412791260762,0.0017426247258092841
0.8,0.0933130415000844,True,0.21287287806921315,0.014200508334605545,0.0011094480757057957,0.0019134550035275356
1.0,0.0933130415000844,True,0.21761158818601015,0.014168820776711392,0.0010541623639073881,0.0020291372280357156
1.2000000000000002,0.0933130415000844,True,0.22103391671101855,0.014145935807891585,0.0010135396591453856,0.002113191938015538
1.4000000000000001,0.0933130415000844,True,0.2236309473635119,0.014128569571695346,0.0009823241694079878,0.00217726122880153
1.6,0.0933130415000844,True,0.22567372299583344,0.014114909615817383,0.0009575348026132497,0.002227829400137948
1.8,0.0933130415000844,True,0.2273250380797,0.014103867340381278,0.0009373440721979174,0.0022688181080252937
2.0,0.0933130415000844,True,0.22868898371708782,0.014094746692507919,0.0009205646884839745,0.0023027486083754467
2.2,0.0933130415000844,True,0.22983541211511302,0.014087080573387208,0.0009063896079455513,0.0023313203611377005
2.4000000000000004,0.0933130415000844,True,0.23081304150008436,0.014080543206261602,0.0008942499810424756,0.0023557230223681144
2.6,0.0933130415000844,True,0.23165693847042265,0.014074900102242743,0.0008837327142374738,0.0023768155527251187
2.8000000000000003,0.0933130415000844,True,0.2323930157300561,0.01406997798415486,0.0008745302371696011,0.0023952343778236426
3.0,0.0933130415000844,True,0.2330408530386918,0.014065645922957306,0.0008664086313454795,0.0024114614930806884
3.2,0.0933130415000844,True,0.23361553079227126,0.014061803076668293,0.0008591867075962217,0.002425868882056035
3.4000000000000004,0.0933130415000844,True,0.23412885867745806,0.014058370474403196,0.0008527218646238907,0.0024387483694130042
3.6,0.0933130415000844,True,0.23459022091912157,0.014055285364239771,0.0008469002863821433,0.002450332212296161
3.8000000000000003,0.0933130415000844,True,0.2350071712737034,0.01405249723452215,0.0008416299952232966,0.002460807629193294
4.0,0.0933130415000844,True,0.23538586042330234,0.014049964955894414,0.0008368358318515844,0.0024703272582088675
4.2,0.0933130415000844,True,0.23573134854768032,0.014047654691144483,0.0008324557641286092,0.0024790168201470277
4.4,0.0933130415000844,True,0.23604783762607656,0.014045538341811586,0.0008284381304307827,0.002486980823447991
4.6000000000000005,0.0933130415000844,True,0.23633884659834917,0.014043592376890885,0.0008247395518838196,0.002494306872567941
4.800000000000001,0.0933130415000844,True,0.2366073451811388,0.01404179693801048,0.0008213233309632126,0.002501068964112091
5.0,0.0933130415000844,True,0.23685585732261083,0.014040135147633727,0.0008181582088657139,0.0025073300384523935
5.2,0.0933130415000844,True,0.2370865420592372,0.014038592568373347,0.0008152173910185188,0.002513143976395624
5.4,0.0933130415000844,True,0.23730125734451646,0.014037156776171395,0.0008124777754057431,0.002518557177121828
5.6000000000000005,0.0933130415000844,True,0.2375016109007382,0.01403581702025563,0.0008099193360042594,0.002523609816614452
5.800000000000001,0.0933130415000844,True,0.2376890010774853,0.01403456394992042,0.0008075246260551515,0.0025283368597595196
6.0,0.0933130415000844,True,0.23786464994001338,0.01403338939326613,0.0008052783747939313,0.0025327688807072132
6.2,0.0933130415000844,True,0.23802963026182195,0.014032286176700895,0.0008031671577078258,0.0025369327326603634
6.4,0.0933130415000844,True,0.2381848876950099,0.014031247976688357,0.0008011791251114688,0.0025408520984368825
6.6000000000000005,0.0933130415000844,True,0.23833125909621475,0.014030269197202946,0.0007993037773304938,0.0025445479458977224
6.800000000000001,0.0933130415000844,True,0.23846948776535654,0.014029344867828914,0.0007975317773994181,0.0025480389069152767
7.0,0.0933130415000844,True,0.23860023618836254,0.014028470558550308,0.0007958547941560948,0.0025513415944754987
7.2,0.0933130415000844,True,0.2387240967489213,0.014027642308122095,0.0007942653701200195,0.0025544708694033814
7.4,0.0933130415000844,True,0.23884160077771172,0.01402685656355798,0.0007927568096975034,0.002557440065822037
7.6000000000000005,0.0933130415000844,True,0.23895322623300333,0.014026110128770943,0.0007913230841510478,0.002560261182618175
7.800000000000001,0.0933130415000844,True,0.23905940424851044,0.014025400120787632,0.0007899587504674643,0.0025629450467550136
8.0,0.0933130415000844,True,0.23916052473900098,0.014024723932264234,0.0007886588818063588,0.002565501453153581
8.200000000000001,0.0933130415000844,True,0.23925694121833904,0.014024079199268189,0.0007874190076428822,0.0025679392849777584
8.4,0.0933130415000844,True,0.23934897495626756,0.014023463773482053,0.0007862350620621257,0.0025702666174571556
8.6,0.0933130415000844,True,0.2394369185775702,0.014022875698136088,0.0007851033389371826,0.0025724908078208156
8.8,0.0933130415000844,True,0.2395210391890745,0.014022313187097972,0.0007840204529436692,0.0025746185734647
9.0,0.0933130415000844,True,0.23960158110529958,0.014021774606646676,0.0007829833055418696,0.002576656060112814
9.200000000000001,0.0933130415000844,True,0.2396787682316508,0.014021258459536022,0.000781989055202583,0.0025786089014366246
9.4,0.0933130415000844,True,0.23975280615438538,0.014020763371019302,0.0007810350912709634,0.0025804822713575344
9.600000000000001,0.0933130415000844,True,0.2398238839786334,0.01402028807655827,0.0007801190109595886,0.00258228093005994
9.8,0.0933130415000844,True,0.23989217594925252,0.01401983141098487,0.0007792385990417628,0.0025840092645810766
10.0,0.0933130415000844,True,0.23995784288389235,0.014019392298918118,0.0007783918098820806,0.002585671324709364
10.200000000000001,0.0933130415000844,True,0.24002103344320264,0.014018969746270407,0.0007775767514960045,0.002587270854812811
10.4,0.0933130415000844,True,0.24008188525939086,0.0140185628327009,0.0007767916713758737,0.002588811322126185
10.600000000000001,0.0933130415000844,True,0.24014052594123877,0.014018170704895002,0.0007760349438589133,0.0025902959419486383
10.8,0.0933130415000844,True,0.24019707397108542,0.014017792570566167,0.0007753050588448581,0.002591727700138755
11.0,0.0933130415000844,True,0.24025163950710146,0.014017427693091283,0.0007746006116977583,0.0025931093732396693
11.200000000000001,0.0933130415000844,True,0.2403043251023246,0.014017075386702512,0.0007739202941893518,0.0025944435465206014
11.4,0.0933130415000844,True,0.2403552263503679,0.014016735012169242,0.0007732628863606903,0.0025957326301823745
11.600000000000001,0.0933130415000844,True,0.24040443246639212,0.014016405972913443,0.0007726272491951101,0.0025969788739416953
11.8,0.0933130415000844,True,0.2404520268107868,0.014016087711507638,0.0007720123180096739,0.0025981843801801
12.0,0.0933130415000844,True,0.24049808736205547,0.014015779706512828,0.0007714170964841389,0.0025993511158201076
12.200000000000001,0.0933130415000844,True,0.240542687144562,0.014015481469618079,0.0007708406512567982,0.0026004809230699495
12.4,0.0933130415000844,True,0.2405858946160937,0.014015192543049084,0.0007702821070253285,0.002601575529160941
12.600000000000001,0.0933130415000844,True,0.24062777401957303,0.014014912497215988,0.0007697406420984196,0.002602636555185759
12.8,0.0933130415000844,True,0.24066838570274157,0.014014640928576055,0.0007692154843504656,0.0026036655241335046
13.0,0.0933130415000844,True,0.24070778640915658,0.014014377457687367,0.0007687059075373527,0.002604663868204957
13.200000000000001,0.0933130415000844,True,0.24074602954347563,0.014014121727435285,0.0007682112279362314,0.0026056329354827673
13.4,0.0933130415000844,True,0.24078316541362915,0.014013873401412724,0.0007677308012765295,0.0026065739960214884
13.600000000000001,0.0933130415000844,True,0.2408192414522083,0.01401363216243989,0.0007672640199331302,0.002607488247415913
13.8,0.0933130415000844,True,0.24085430241911623,0.014013397711209224,0.0007668103103559576,0.00260837681989898
14.0,0.0933130415000844,True,0.24088839058730718,0.01401316976504322,0.000766369130713043,0.0026092407810149316
14.200000000000001,0.0933130415000844,True,0.24092154591324083,0.014012948056754607,0.0007659399687266594,0.0026100811399086044
14.4,0.0933130415000844,True,0.24095380619350237,0.014012732333599318,0.0007655223396843017,0.0026108988512672125
14.600000000000001,0.0933130415000844,True,0.24098520720887195,0.014012522356312687,0.0007651157846082673,0.0026116948189466964
14.8,0.0933130415000844,True,0.2410157828570146,0.014012317898222439,0.0007647198685692358,0.002612469899312203
15.0,0.0933130415000844,True,0.2410455652748168,0.014012118744430547,0.0007643341791308227,0.0026132249043182947
15.200000000000001,0.0933130415000844,True,0.24107458495130488,0.014011924691058188,0.0007639583249133693,0.0026139606043524242
15.4,0.0933130415000844,True,0.24110287083197882,0.01401173554454803,0.0007635919342664462,0.002614677730862564
15.600000000000001,0.0933130415000844,True,0.24113045041531342,0.014011551121018784,0.0007632346540405809,0.002615376978787868
15.8,0.0933130415000844,True,0.24115734984211123,0.014011371245668135,0.0007628861484496477,0.002616059008809641
16.0,0.0933130415000844,True,0.24118359397830375,0.014011195752218545,0.0007625460980162323,0.0026167244494373796
16.2,0.0933130415000844,True,0.24120920649177063,0.014011024482403907,0.0007622141985929615,0.0026173738989444563
16.400000000000002,0.0933130415000844,True,0.2412342099236644,0.014010857285492475,0.000761890160453508,0.0026180079271654866
16.6,0.0933130415000844,True,0.24125862575469847,0.014010694017843621,0.0007615737074475402,0.0026186270771669864
16.8,0.0933130415000844,True,0.2412824744668076,0.014010534542495495,0.0007612645762144294,0.0026192318668015655
17.0,0.0933130415000844,True,0.24130577560055327,0.014010378728781102,0.0007609625154510029,0.0026198227901550143
17.2,0.0933130415000844,True,0.2413285478086165,0.014010226451970862,0.0007606672852290457,0.0026204003188949484
17.400000000000002,0.0933130415000844,True,0.2413508089056759,0.014010077592938647,0.0007603786563586766,0.0026209649035283506
17.6,0.0933130415000844,True,0.24137257591496744,0.014009932037850854,0.0007600964097940019,0.0026215169745756875
17.8,0.0933130415000844,True,0.2413938651117667,0.014009789677875376,0.000759820336077841,0.0026220569436674287
18.0,0.0933130415000844,True,0.24141469206403715,0.014009650408909821,0.0007595502348225397,0.0026225852045692367
18.2,0.0933130415000844,True,0.24143507167045752,0.014009514131327496,0.0007592859142241594,0.002623102134141182
18.400000000000002,0.0933130415000844,True,0.24145501819601314,0.01400938074973884,0.0007590271906075948,0.0026236080932354735
18.6,0.0933130415000844,True,0.24147454530535137,0.014009250172769114,0.0007587738880002922,0.002624103427538045
18.8,0.0933130415000844,True,0.24149366609403783,0.014009122312848662,0.000758525837732559,0.002624588468357051
19.0,0.0933130415000844,True,0.24151239311789147,0.01400899708601733,0.0007582828780624823,0.002625063533363131
19.200000000000003,0.0933130415000844,True,0.2415307384205141,0.01400887441174,0.0007580448538237602,0.002625528927284047
19.400000000000002,0.0933130415000844,True,0.24154871355915714,0.01400875421273386,0.0007578116160947912,0.0026259849425574956
19.6,0.0933130415000844,True,0.2415663296290327,0.014008636414805691,0.0007575830218875623,0.00262643185994466
19.8,0.0933130415000844,True,0.24158359728618092,0.014008520946698915,0.0007573589338549567,0.0026268699491073843
20.0,0.0933130415000844,True,0.24160052676899554,0.014008407739949937,0.0007571392200152155,0.0026272994691515636
0.0,0.10282855942978895,False,-0.00967144057021109,0.014681787064148744,0.0026992496850319608,-0.0028412437160873693
0.2,0.10282855942978895,True,0.1778285594297889,0.015212141957234169,0.001735231940377689,0.0009699213497187124
0.4,0.10282855942978895,True,0.2034551297914614,0.015284628234483824,0.0014537096928934996,0.0016560263283676427
0.6000000000000001,0.10282855942978895,True,0.21532855942978887,0.015318212935851248,0.0013110641327298094,0.0019873845917857966
0.8,0.10282855942978895,True,0.2223883959989177,0.015338182103151635,0.0012225830982786606,0.0021884506171805373
1.0,0.10282855942978895,True,0.22712710611571468,0.015351585826337536,0.0011616596731079613,0.002325101589915106
1.2000000000000002,0.10282855942978895,True,0.23054943464072308,0.015361266085958787,0.0011168945026273208,0.0024246367088561907
1.4000000000000001,0.10282855942978895,True,0.23314646529321648,0.01536861194150034,0.0010824958399110374,0.002500641710712884
1.6,0.10282855942978895,True,0.235189240925538,0.015374390053778096,0.0010551785985511868,0.0025607125278900252
1.8,0.10282855942978895,True,0.23684055600940457,0.015379060896630116,0.0010329289355987476,0.002609456398061621
2.0,0.10282855942978895,True,0.23820450164679235,0.015382918897924461,0.0010144384885220348,0.002649842041431086
2.2,0.10282855942978895,True,0.23935093004481756,0.015386161638780281,0.0009988179162190092,0.0026838741818429454
2.4000000000000004,0.10282855942978895,True,0.24032855942978892,0.015388926921595977,0.0009854403612021443,0.002712958277035313
2.6,0.10282855942978895,True,0.2411724564001272,0.015391313934329196,0.0009738506050725457,0.0027381103836951323
2.8000000000000003,0.10282855942978895,True,0.24190853365976067,0.015393395972603,0.0009637097132436781,0.0027600841345327793
3.0,0.10282855942978895,True,0.24255637096839633,0.015395228418931303,0.000954759913583035,0.002779450821942464
3.2,0.10282855942978895,True,0.24313104872197583,0.015396853929110277,0.0009468015403105564,0.002796651702493099
3.4000000000000004,0.10282855942978895,True,0.2436443766071626,0.015398305907540493,0.0009396774504824054,0.002812033193166687
3.6,0.10282855942978895,True,0.24410573884882614,0.015399610898059706,0.0009332622217578529,0.0028258711744974466
3.8000000000000003,0.10282855942978895,True,0.24452268920340797,0.015400790266916906,0.0009274544971469338,0.0028383881547772594
4.0,0.10282855942978895,True,0.2449013783530069,0.01540186141168196,0.0009221714530487112,0.0028497656358741894
4.2,0.10282855942978895,True,0.24524686647738486,0.015402838645374051,0.0009173447316503089,0.0028601531809844447
4.4,0.10282855942978895,True,0.24556335555578113,0.015403733853541188,0.0009129174031780751,0.002869675169985682
4.6000000000000005,0.10282855942978895,True,0.2458543645280537,0.015404556989713852,0.0009088416652339656,0.0028784359043083213
4.800000000000001,0.10282855942978895,True,0.24612286311084336,0.015405316453912082,0.0009050770780946683,0.0028865235146707576
5.0,0.10282855942978895,True,0.2463713752523154,0.015406019385273256,0.0009015891953670983,0.0028940129877465044
5.2,0.10282855942978895,True,0.24660205998894175,0.015406671890760353,0.0008983484901247103,0.002900968535710517
5.4,0.10282855942978895,True,0.24681677527422102,0.015407279225705258,0.0008953295045432273,0.0029074454696948414
5.6000000000000005,0.10282855942978895,True,0.24701712883044274,0.015407845937645999,0.0008925101704628701,0.0029134916945162456
5.800000000000001,0.10282855942978895,True,0.24720451900718987,0.015408375981897478,0.0008898712620063418,0.0029191489112805613
6.0,0.10282855942978895,True,0.24738016786971795,0.015408872815143906,0.0008873959511859522,0.0029244535925074806
6.2,0.10282855942978895,True,0.2475451481915265,0.015409339471788889,0.0008850694445356723,0.002929437778541847
6.4,0.10282855942978895,True,0.24770040562471446,0.015409778626665569,0.0008828786840085634,0.0029341297324035533
6.6000000000000005,0.10282855942978895,True,0.24784677702591928,0.015410192646872722,0.0008808120992349086,0.0029385544816410156
6.800000000000001,0.10282855942978895,True,0.2479850056950611,0.015410583634878306,0.000878859401120122,0.0029427342693393904
7.0,0.10282855942978895,True,0.24811575411806708,0.015410953464563094,0.0008770114089388934,0.002946688931599617
7.2,0.10282855942978895,True,0.24823961467862588,0.015411303811519662,0.0008752599047404952,0.0029504362151263836
7.4,0.10282855942978895,True,0.24835711870741628,0.015411636178648314,0.0008735975101537752,0.0029539920457422953
7.6000000000000005,0.10282855942978895,True,0.24846874416270787,0.015411951917882515,0.0008720175816658629,0.0029573707564664424
7.800000000000001,0.10282855942978895,True,0.24857492217821497,0.015412252248709502,0.0008705141212169363,0.0029605852820970466
8.0,0.10282855942978895,True,0.24867604266870552,0.015412538274026428,0.0008690816995562482,0.0029636473259086046
8.200000000000001,0.10282855942978895,True,0.24877245914804358,0.015412810993768244,0.0008677153902809859,0.0029665675030227413
8.4,0.10282855942978895,True,0.24886449288597212,0.015413071316665503,0.0008664107128580304,0.002969355464179253
8.6,0.10282855942978895,True,0.24895243650727478,0.015413320070424848,0.0008651635832313408,0.002972020002967405
8.8,0.10282855942978895,True,0.24903655711877903,0.01541355801057376,0.0008639702708609624,0.0029745691490429037
9.0,0.10282855942978895,True,0.24911709903500412,0.015413785828170394,0.0008628273612362311,0.002977010249424436
9.200000000000001,0.10282855942978895,True,0.24919428616135536,0.015414004156544479,0.0008617317230654258,0.00297935003961284
9.4,0.10282855942978895,True,0.24926832408408994,0.015414213577209018,0.0008606804794743964,0.0029815947059907205
9.600000000000001,0.10282855942978895,True,0.24933940190833798,0.015414414625059023,0.00085967098265352,0.0029837499407258344
9.8,0.10282855942978895,True,0.24940769387895706,0.015414607792956503,0.0008587007914802446,0.0029858209902096366
10.0,0.10282855942978895,True,0.2494733608135969,0.015414793535783707,0.0008577676517172373,0.0029878126979024323
10.200000000000001,0.10282855942978895,True,0.2495365513729072,0.0154149722740361,0.0008568694784464486,0.0029897295423255005
10.4,0.10282855942978895,True,0.2495974031890954,0.015415144397014585,0.0008560043404497417,0.0029915756708300324
10.600000000000001,0.10282855942978895,True,0.2496560438709433,0.015415310265668222,0.0008551704462887647,0.0029933549296811035
10.8,0.10282855942978895,True,0.24971259190078998,0.015415470215131283,0.0008543661318720642,0.0029950708909177973
11.0,0.10282855942978895,True,0.249767157436806,0.015415624556992703,0.0008535898493271358,0.0029967268763859533
11.200000000000001,0.10282855942978895,True,0.24981984303202914,0.015415773581329915,0.0008528401570202547,0.0029983259792848867
11.4,0.10282855942978895,True,0.24987074428007244,0.015415917558535046,0.0008521157105881975,0.0029998710835231913
11.600000000000001,0.10282855942978895,True,0.24991995039609666,0.015416056740958526,0.0008514152548640468,0.0030013648811397196
11.8,0.10282855942978895,True,0.24996754474049138,0.015416191364390161,0.0008507376165947293,0.003002809888011445
12.0,0.10282855942978895,True,0.25001360529176003,0.0154163216493968,0.0008500816978610945,0.0030042084580420123
12.200000000000001,0.10282855942978895,True,0.25005820507426657,0.015416447802532153,0.0008494464701226699,0.003005562795999642
12.4,0.10282855942978895,True,0.25010141254579826,0.015416570017433216,0.0008488309688189234,0.0030068749691523258
12.600000000000001,0.10282855942978895,True,0.2501432919492776,0.01541668847581481,0.0008482342884672734,0.0030081469178295343
12.8,0.10282855942978895,True,0.25018390363244614,0.015416803348374225,0.0008476555782052631,0.003009380465024767
13.0,0.10282855942978895,True,0.25022330433886114,0.015416914795613872,0.0008470940377306534,0.0030105773251385276
13.200000000000001,0.10282855942978895,True,0.2502615474731802,0.015417022968592091,0.00084654891359854,0.003011739111950879
13.4,0.10282855942978895,True,0.2502986833433337,0.01541712800960781,0.0008460194958394073,0.003012867345901059
13.600000000000001,0.10282855942978895,True,0.25033475938191285,0.015417230052826908,0.0008455051148660854,0.0030139634607439345
13.8,0.10282855942978895,True,0.25036982034882077,0.015417329224855489,0.0008450051386412172,0.0030150288096444755
14.0,0.10282855942978895,True,0.2504039085170117,0.015417425645265097,0.0008445189700799813,0.00301606467076481
14.200000000000001,0.10282855942978895,True,0.2504370638429454,0.015417519427074871,0.0008440460446655654,0.003017072252392635
14.4,0.10282855942978895,True,0.25046932412320694,0.015417610677194828,0.0008435858282573191,0.0030180526976544084
14.600000000000001,0.10282855942978895,True,0.2505007251385765,0.015417699496832957,0.0008431378150736802,0.0030190070888516415
14.8,0.10282855942978895,True,0.25053130078671915,0.015417785981870822,0.000842701525833781,0.00301993645145556
15.0,0.10282855942978895,True,0.25056108320452136,0.015417870223209517,0.000842276506043388,0.003020841757790724
15.200000000000001,0.10282855942978895,True,0.2505901028810094,0.015417952307089096,0.0008418623244122351,0.003021723930435718
15.4,0.10282855942978895,True,0.25061838876168335,0.015418032315383648,0.0008414585713911569,0.003022583845365859
15.600000000000001,0.10282855942978895,True,0.25064596834501796,0.015418110325874115,0.0008410648578185644,0.0030234223348604736
15.8,0.10282855942978895,True,0.2506728677718158,0.015418186412501459,0.0008406808136668275,0.003024240190195358
16.0,0.10282855942978895,True,0.2506991119080083,0.01541826064560036,0.0008403060868800948,0.00302503816413811
16.2,0.10282855942978895,True,0.2507247244214752,0.015418333092116841,0.0008399403422958237,0.003025816973263683
16.400000000000002,0.10282855942978895,True,0.25074972785336896,0.015418403815809898,0.0008395832606430916,0.003026577300104586
16.6,0.10282855942978895,True,0.25077414368440304,0.015418472877439016,0.000839234537611372,0.0030273197951495912
16.8,0.10282855942978895,True,0.2507979923965121,0.015418540334938564,0.0008388938829840601,0.0030280450787031777
17.0,0.10282855942978895,True,0.25082129353025784,0.01541860624358011,0.0008385610198315566,0.0030287537426169162
17.2,0.10282855942978895,True,0.2508440657383211,0.015418670656123998,0.0008382356837591709,0.0030294463519031194
17.400000000000002,0.10282855942978895,True,0.25086632683538046,0.015418733622959984,0.0008379176222055791,0.00303012344623957
17.6,0.10282855942978895,True,0.250888093844672,0.015418795192239381,0.0008376065937878689,0.003030785541374462
17.8,0.10282855942978895,True,0.25090938304147126,0.015418855409997755,0.0008373023676896419,0.003031433130438546
18.0,0.10282855942978895,True,0.2509302099937417,0.015418914320269952,0.0008370047230888839,0.0030320666851719664
18.2,0.10282855942978895,True,0.2509505896001621,0.01541897196519792,0.0008367134486226128,0.003032686657072175
18.400000000000002,0.10282855942978895,True,0.2509705361257177,0.015419028385130824,0.0008364283418856111,0.0030332934784683308
18.6,0.10282855942978895,True,0.2509900632350559,0.01541908361872012,0.0008361492089606736,0.003033887563528504
18.8,0.10282855942978895,True,0.2510091840237424,0.015419137703007246,0.0008358758639781593,0.0030344693092034113
19.0,0.10282855942978895,True,0.25102791104759603,0.015419190673507163,0.0008356081287026619,0.0030350390961124164
19.200000000000003,0.10282855942978895,True,0.25104625635021866,0.015419242564285864,0.000835345832144928,0.0030355972893749837
19.400000000000002,0.10282855942978895,True,0.2510642314888617,0.01541929340803377,0.0008350888101972024,0.003036144239392067
19.6,0.10282855942978895,True,0.25108184755873725,0.015419343236134354,0.0008348369052903912,0.003036680282580541
19.8,0.10282855942978895,True,0.25109911521588546,0.015419392078728776,0.0008345899660715225,0.003037205742064106
20.0,0.10282855942978895,True,0.2511160446987001,0.01541943996477706,0.0008343478471001099,0.0030377209283237684
0.0,0.11331441419574857,False,0.0008144141957485279,0.013502128402978287,0.002974503372638401,-0.002963507047594196
0.2,0.11331441419574857,True,0.18831441419574851,0.01599858106468114,0.0019121807395532575,0.001100582681605366
0.4,0.11331441419574857,True,0.213940984557421,0.01633978383689294,0.0016019505006620567,0.001893798940858253
0.6000000000000001,0.11331441419574857,True,0.2258144141957485,0.016497871597021707,0.0014447587809957945,0.00228069842916234
0.8,0.11331441419574857,True,0.23287425076487733,0.016591869185257388,0.0013472549684182037,0.0025165641368874664
1.0,0.11331441419574857,True,0.23761296088167433,0.016654962334506,0.0012801189288558683,0.0026773159848188658
1.2000000000000002,0.11331441419574857,True,0.24103528940668273,0.016700528634001892,0.0012307888682431829,0.002794627884298055
1.4000000000000001,0.11331441419574857,True,0.24363232005917607,0.016735106575788236,0.0011928824311946873,0.0028843304103021747
1.6,0.11331441419574857,True,0.2456750956914976,0.01676230493666596,0.0011627795374140064,0.002955301331911465
1.8,0.11331441419574857,True,0.24732641077536416,0.016784291229660242,0.0011382609840326378,0.003012937523207653
2.0,0.11331441419574857,True,0.248690356412752,0.0168024513668169,0.0011178849893640965,0.00306072262965753
2.2,0.11331441419574857,True,0.2498367848107772,0.016817715389353984,0.0011006715225049379,0.0031010124182339893
2.4000000000000004,0.11331441419574857,True,0.2508144141957485,0.016830731951915423,0.0010859298027092574,0.003135460372296076
2.6,0.11331441419574857,True,0.25165831116608683,0.016841967945717046,0.001073158191069655,0.003165263018862865
2.8000000000000003,0.11331441419574857,True,0.25239438842572026,0.01685176838323189,0.0010619831904338129,0.0031913085845438893
3.0,0.11331441419574857,True,0.253042225734356,0.016860393957490515,0.0010521207425755648,0.003214270871185922
3.2,0.11331441419574857,True,0.2536169034879354,0.016868045455130754,0.0010433508209669892,0.0032346706352570148
3.4000000000000004,0.11331441419574857,True,0.25413023137312224,0.016874880115212355,0.001035500258146394,0.0032529169299262218
3.6,0.11331441419574857,True,0.2545915936147857,0.016881022883192147,0.001028430841936681,0.003269335675742872
3.8000000000000003,0.11331441419574857,True,0.25500854396936756,0.016886574332912106,0.0010220308795551613,0.003284189853711249
4.0,0.11331441419574857,True,0.2553872331189665,0.016891616357101305,0.0010162091015347352,0.003297694062812443
4.2,0.11331441419574857,True,0.2557327212433445,0.016896216329088984,0.0010108901793327814,0.0033100252012213767
4.4,0.11331441419574857,True,0.2560492103217407,0.0169004301957672,0.001006011377810468,0.003321330427913425
4.6000000000000005,0.11331441419574857,True,0.25634021929401335,0.016904304809758706,0.0010015200199609256,0.0033317331819854657
4.800000000000001,0.11331441419574857,True,0.25660871787680295,0.016907879711100932,0.0009973715422545001,0.0033413377924263197
5.0,0.11331441419574857,True,0.256857230018275,0.01691118850468516,0.0009935279856565112,0.0033502330499738126
5.2,0.11331441419574857,True,0.2570879147549014,0.016914259936817243,0.0009899568122572278,0.0033584950045214878
5.4,0.11331441419574857,True,0.2573026300401806,0.01691711874505962,0.0009866299681924257,0.0033661891776134547
5.6000000000000005,0.11331441419574857,True,0.2575029835964024,0.016919786335292748,0.0009835231349205277,0.003373372328230994
5.800000000000001,0.11331441419574857,True,0.25769037377314946,0.01692228132572216,0.0009806151260217755,0.0033800938738979547
6.0,0.11331441419574857,True,0.25786602263567754,0.01692461998743086,0.0009778873974887665,0.0033863970432903207
6.2,0.11331441419574857,True,0.2580310029574861,0.016926816603769573,0.0009753236473043735,0.0033923198178437185
6.4,0.11331441419574857,True,0.25818626039067405,0.016928883765542,0.0009729094858384433,0.003397895706175238
6.6000000000000005,0.11331441419574857,True,0.25833263179187893,0.016930832615004072,0.0009706321628426616,0.0034031543850191197
6.800000000000001,0.11331441419574857,True,0.2584708604610207,0.01693267304875877,0.0009684803400007862,0.0034081222328170282
7.0,0.11331441419574857,True,0.2586016088840267,0.01693441388741808,0.000966443900390862,0.0034128227764034587
7.2,0.11331441419574857,True,0.25872546944458547,0.016936063018223896,0.0009645137880436362,0.003417277066889424
7.4,0.11331441419574857,True,0.25884297347337587,0.016937627515532856,0.0009626818721848422,0.0034215039975201505
7.6000000000000005,0.11331441419574857,True,0.2589545989286675,0.016939113743079433,0.0009609408318350435,0.0034255205737111715
7.800000000000001,0.11331441419574857,True,0.2590607769441746,0.016940527441156365,0.0009592840572873759,0.003429342143462703
8.0,0.11331441419574857,True,0.25916189743466517,0.016941873801250437,0.0009577055656478717,0.0034329825947828343
8.200000000000001,0.11331441419574857,True,0.2592583139140032,0.016943157530191637,0.0009561999281479874,0.0034364545255088437
8.4,0.11331441419574857,True,0.2593503476519317,0.016944382905498382,0.0009547622073560556,0.0034397693899323985
8.6,0.11331441419574857,True,0.25943829127323437,0.0169455538232983,0.0009533879027478986,0.0034429376258472357
8.8,0.11331441419574857,True,0.2595224118847387,0.01694667383996227,0.0009520729033649276,0.0034459687650060865
9.0,0.11331441419574857,True,0.25960295380096376,0.016947746208395013,0.0009508134465046616,0.003448871529463768
9.200000000000001,0.11331441419574857,True,0.25968014092731495,0.01694877390976582,0.0009496060815645735,0.003451653915868613
9.4,0.11331441419574857,True,0.25975417885004953,0.016949759681335323,0.0009484476383037219,0.0034543232694272123
9.600000000000001,0.11331441419574857,True,0.25982525667429757,0.016950706040927476,0.0009473351989043524,0.003456886348990196
9.8,0.11331441419574857,True,0.2598935486449167,0.016951615308510547,0.0009462660733125207,0.0034593493844797796
10.0,0.11331441419574857,True,0.25995921557955654,0.01695248962527731,0.0009452377774169612,0.003461718127690698
10.200000000000001,0.11331441419574857,True,0.2600224061388668,0.01695333097055721,0.0009442480136918827,0.003463997897340973
10.4,0.11331441419574857,True,0.26008325795505505,0.01695414117684249,0.0009432946539848232,0.0034661936191183232
10.600000000000001,0.11331441419574857,True,0.26014189863690296,0.016954921943169363,0.0009423757241770311,0.003468309861359535
10.8,0.11331441419574857,True,0.26019844666674957,0.016955674847060693,0.000941489390482744,0.003470350866908925
11.0,0.11331441419574857,True,0.26025301220276564,0.016956401355208005,0.0009406339471864777,0.003472320581625463
11.200000000000001,0.11331441419574857,True,0.2603056977979888,0.016957102833044985,0.0009398078056451356,0.003474222679942892
11.4,0.11331441419574857,True,0.2603565990460321,0.016957780553344504,0.0009390094844052003,0.003476060587832515
11.600000000000001,0.11331441419574857,True,0.2604058051620563,0.016958435703954212,0.0009382376003051767,0.003477837503471983
11.8,0.11331441419574857,True,0.26045339950645097,0.016959069394768853,0.0009374908604505085,0.003479556415882849
12.0,0.11331441419574857,True,0.2604994600577196,0.016959682664026532,0.0009367680549626752,0.003481220121766504
12.200000000000001,0.11331441419574857,True,0.26054405984022616,0.016960276484003844,0.0009360680504166655,0.0034828312407384123
12.4,0.11331441419574857,True,0.26058726731175785,0.01696085176617619,0.0009353897838917089,0.003484392229135946
12.600000000000001,0.11331441419574857,True,0.2606291467152372,0.01696140936590036,0.0009347322575694084,0.0034859053925530344
12.8,0.11331441419574857,True,0.2606697583984057,0.016961950086671274,0.0009340945338213327,0.0034873728972370857
13.0,0.11331441419574857,True,0.26070915910482073,0.01696247468399607,0.0009334757307351043,0.003488796780466321
13.200000000000001,0.11331441419574857,True,0.2607474022391398,0.01696298386892655,0.0009328750180339155,0.0034901789600131146
13.4,0.11331441419574857,True,0.2607845381092933,0.01696347831128331,0.000932291613349715,0.003491521242785318
13.600000000000001,0.11331441419574857,True,0.26082061414787244,0.01696395864260348,0.0009317247788147506,0.003492825332728197
13.8,0.11331441419574857,True,0.2608556751147804,0.01696442545883901,0.0009311738179401953,0.0034940928380596233
14.0,0.11331441419574857,True,0.26088976328297137,0.016964879322829505,0.0009306380727540102,0.003495325277903155
14.200000000000001,0.11331441419574857,True,0.260922918608905,0.01696532076657174,0.0009301169211732627,0.0034965240883769004
14.4,0.11331441419574857,True,0.26095517888916653,0.016965750293305226,0.0009296097745887645,0.00349769062818963
14.600000000000001,0.11331441419574857,True,0.2609865799045361,0.016966168379430026,0.0009291160756423089,0.003498826183789619
14.8,0.11331441419574857,True,0.2610171555526788,0.01696657547627369,0.0009286352961787706,0.0034999319741080247
15.0,0.11331441419574857,True,0.26104693797048095,0.01696697201172004,0.000928166935357253,0.0035010091549331143
15.200000000000001,0.11331441419574857,True,0.26107595764696906,0.016967358391712623,0.0009277105179070333,0.003502058822948677
15.4,0.11331441419574857,True,0.261104243527643,0.01696773500164385,0.0009272655925155182,0.0035030820194662093
15.600000000000001,0.11331441419574857,True,0.2611318231109776,0.01696810220763967,0.0009268317303366973,0.0035040797338776537
15.8,0.11331441419574857,True,0.2611587225377754,0.016968460357749703,0.0009264085236096877,0.003505052906853108
16.0,0.11331441419574857,True,0.2611849666739679,0.01696880978304918,0.0009259955843780429,0.0035060024333045574
16.2,0.11331441419574857,True,0.2612105791874348,0.016969150798662062,0.0009255925433013055,0.0035069291651361337
16.400000000000002,0.11331441419574857,True,0.26123558261932855,0.016969483704710606,0.0009251990485511723,0.003507833913798105
16.6,0.11331441419574857,True,0.26125999845036263,0.01696980878719794,0.0009248147647853099,0.0035087174526609744
16.8,0.11331441419574857,True,0.26128384716247177,0.01697012631882902,0.0009244393721925228,0.0035095805192242387
17.0,0.11331441419574857,True,0.26130714829621743,0.016970436559774905,0.0009240725656035514,0.0035104238171730995
17.2,0.11331441419574857,True,0.26132992050428067,0.016970739758385242,0.0009237140536622818,0.0035112480182953685
17.400000000000002,0.11331441419574857,True,0.26135218160134005,0.01697103615185193,0.0009233635580526643,0.003512053764269048
17.6,0.11331441419574857,True,0.2613739486106316,0.016971325966829445,0.0009230208127769694,0.003512841668331388
17.8,0.11331441419574857,True,0.26139523780743085,0.01697160942001354,0.0009226855634814935,0.0035136123168377793
18.0,0.11331441419574857,True,0.2614160647597013,0.016971886718682463,0.000922357566826085,0.003514366270719324
18.2,0.11331441419574857,True,0.2614364443661217,0.01697215806120354,0.0009220365898942025,0.003515104066846661
18.400000000000002,0.11331441419574857,True,0.2614563908916773,0.016972423637506506,0.0009217224096405282,0.0035158262193065166
18.6,0.11331441419574857,True,0.26147591800101555,0.01697268362952832,0.0009214148123733154,0.0035165332205984103
18.8,0.11331441419574857,True,0.261495038789702,0.016972938211628624,0.0009211135932690246,0.0035172255427560178
19.0,0.11331441419574857,True,0.2615137658135556,0.01697318755098087,0.0009208185559168459,0.0035179036383999225
19.200000000000003,0.11331441419574857,True,0.26153211111617825,0.01697343180793851,0.000920529511891042,0.003518567941725606
19.400000000000002,0.11331441419574857,True,0.2615500862548213,0.016973671136379622,0.0009202462803491096,0.003519218869431951
19.6,0.11331441419574857,True,0.2615677023246969,0.016973905684030472,0.0009199686876539808,0.003519856821593982
19.8,0.11331441419574857,True,0.2615849699818451,0.0169741355927699,0.0009196965670185928,0.00352048218248389
20.0,0.11331441419574857,True,0.2616018994646597,0.016974360998916242,0.0009194297581712897,0.0035210953213440383
0.0,0.12486955507037796,False,0.012369555070377916,0.01220217505458248,0.003277825820597422,-0.0031268903442813723
0.2,0.12486955507037796,True,0.1998695550703779,0.016865216630278342,0.0021071737418126286,0.0012636696022466417
0.4,0.12486955507037796,True,0.2254961254320504,0.01750253803315287,0.0017653080385420666,0.002181446473161006
0.6000000000000001,0.12486955507037796,True,0.23736955507037788,0.017797824945417512,0.001592086827147319,0.0026325749613669083
0.8,0.12486955507037796,True,0.24442939163950672,0.017973399939761336,0.0014846401463287895,0.0029085870666406203
1.0,0.12486955507037796,True,0.24916810175630372,0.018091249551973575,0.0014106579663136836,0.0030971043429511517
1.2000000000000002,0.12486955507037796,True,0.2525904302813121,0.018176361339695198,0.0013562975147857798,0.0032348774169564365
1.4000000000000001,0.12486955507037796,True,0.25518746093380545,0.018240948336526834,0.0013145256011052118,0.003340335689917793
1.6,0.12486955507037796,True,0.257230236566127,0.018291751257611292,0.0012813529903707033,0.0034238385128334
1.8,0.12486955507037796,True,0.25888155164999355,0.01833281872902805,0.0012543341783913915,0.0034916943802974533
2.0,0.12486955507037796,True,0.2602454972873814,0.018366739450170064,0.0012318803590213164,0.003547980882735958
2.2,0.12486955507037796,True,0.2613919256854066,0.018395250614349,0.0012129115635403753,0.003595458418009969
2.4000000000000004,0.12486955507037796,True,0.2623695550703779,0.018419563822176965,0.0011966665694244556,0.0036360661951905446
2.6,0.12486955507037796,True,0.2632134520407162,0.018440551164354516,0.0011825925835658353,0.003671208545937366
2.8000000000000003,0.12486955507037796,True,0.26394952930034965,0.01845885707829904,0.0011702780217582066,0.003701928615481252
3.0,0.12486955507037796,True,0.26459736660898536,0.01847496850392279,0.0011594098591797299,0.003729018155142186
3.2,0.12486955507037796,True,0.2651720443625648,0.018489260483963155,0.0011497456322847016,0.003753089368999792
3.4000000000000004,0.12486955507037796,True,0.2656853722477516,0.018502026720072964,0.0011410945150070152,0.003774623341453418
3.6,0.12486955507037796,True,0.2661467344894151,0.018513500593749413,0.0011333042011005315,0.003794003525893723
3.8000000000000003,0.12486955507037796,True,0.26656368484399695,0.018523869963554294,0.001126251608006179,0.0038115394270498886
4.0,0.12486955507037796,True,0.2669423739935959,0.0185332877942148,0.0011198361591306877,0.003827483682563545
4.2,0.12486955507037796,True,0.2672878621179739,0.018541879930150176,0.001113974844367461,0.003842044601810547
4.4,0.12486955507037796,True,0.2676043511963701,0.018549750872714543,0.001108598531215318,0.0038553955159317576
4.6000000000000005,0.12486955507037796,True,0.26789536016864274,0.01855698813637644,0.0011036491709744806,0.0038676818494653166
4.800000000000001,0.12486955507037796,True,0.26816385875143234,0.018563665576667443,0.0010990776557873142,0.003879026537822961
5.0,0.12486955507037796,True,0.2684123708929044,0.018569845963055432,0.0010948421557789075,0.00388953422628083
5.2,0.12486955507037796,True,0.2686430556295308,0.01857558298981686,0.0010909068150138982,0.003899294559470438
5.4,0.12486955507037796,True,0.26885777091481,0.018580922863428575,0.0010872407188591516,0.003908384783742284
5.6000000000000005,0.12486955507037796,True,0.2690581244710318,0.018585905567228576,0.001083817068910527,0.003916871824603702
5.800000000000001,0.12486955507037796,True,0.26924551464777885,0.018590565877548825,0.0010806125182811549,0.003924813959012915
6.0,0.12486955507037796,True,0.2694211635103069,0.018594934186608507,0.0010776066319542732,0.003932262171999374
6.2,0.12486955507037796,True,0.2695861438321155,0.01859903717380726,0.0010747814455284428,0.0039392612651484235
6.4,0.12486955507037796,True,0.26974140126530344,0.018602898357092005,0.0010721211020032315,0.003945850768434777
6.6000000000000005,0.12486955507037796,True,0.2698877726665083,0.018606538548715017,0.0010696115509346135,0.003952065695011608
6.800000000000001,0.12486955507037796,True,0.2700260013356501,0.01860997623421456,0.001067240297791204,0.003957937169685234
7.0,0.12486955507037796,True,0.2701567497586561,0.018613227889320842,0.0010649961939865492,0.00396349295510954
7.2,0.12486955507037796,True,0.27028061031921485,0.018616308246352724,0.0010628692600766442,0.003968757894638203
7.4,0.12486955507037796,True,0.27039811434800526,0.018619230519267695,0.0010608505361584426,0.003973754286862373
7.6000000000000005,0.12486955507037796,True,0.2705097398032969,0.01862200659467536,0.0010589319547018648,0.003978502203839046
7.800000000000001,0.12486955507037796,True,0.270615917818804,0.018624647194679263,0.0010571062319808188,0.0039830197626587235
8.0,0.12486955507037796,True,0.27071703830929456,0.018627162016286267,0.0010553667750008208,0.003987323358155585
8.200000000000001,0.12486955507037796,True,0.2708134547886326,0.01862955985122885,0.0010537076013992783,0.003991427863103612
8.4,0.12486955507037796,True,0.2709054885265611,0.018631848689342582,0.0010521232702541351,0.003995346801085184
8.6,0.12486955507037796,True,0.27099343214786376,0.018634035808075676,0.0010506088221040942,0.003999092496292525
8.8,0.12486955507037796,True,0.27107755275936807,0.018636127850256038,0.0010491597267790656,0.004002676203779044
9.0,0.12486955507037796,True,0.27115809467559315,0.018638130891877075,0.001047771837878188,0.0040061082230775135
9.200000000000001,0.12486955507037796,True,0.27123528180194434,0.018640050501366575,0.00104644135292668,0.004009397997613956
9.4,0.12486955507037796,True,0.2713093197246789,0.018641891791563343,0.0010451647784009807,0.004012554201949146
9.600000000000001,0.12486955507037796,True,0.27138039754892695,0.018643659465427745,0.001043938898941356,0.004015584818553241
9.8,0.12486955507037796,True,0.2714486895195461,0.018645357856351928,0.0010427607501779005,0.004018497205551804
10.0,0.12486955507037796,True,0.2715143564541859,0.018646990963799258,0.001041627594684219,0.004021298156658757
10.200000000000001,0.12486955507037796,True,0.2715775470134962,0.018648562484893935,0.0010405369006462844,0.004023993954329119
10.4,0.12486955507037796,True,0.27163839882968444,0.018650075842487745,0.0010394863228951,0.004026590417010449
10.600000000000001,0.12486955507037796,True,0.27169703951153235,0.018651534210154357,0.001038473686002836,0.004029092941244169
10.8,0.12486955507037796,True,0.27175358754137896,0.01865294053449675,0.0010374969691849885,0.00403150653926051
11.0,0.12486955507037796,True,0.27180815307739503,0.018654297555099626,0.00103655429278719,0.0040338358726206055
11.200000000000001,0.12486955507037796,True,0.2718608386726182,0.01865560782241147,0.0010356439061658168,0.004036085282382421
11.4,0.12486955507037796,True,0.2719117399206615,0.018656873713802827,0.001034764176797391,0.004038258816202789
11.600000000000001,0.12486955507037796,True,0.2719609460366857,0.01865809744801509,0.0010339135804737023,0.004040360252733153
11.8,0.12486955507037796,True,0.27200854038108035,0.018659281098184044,0.0010330906924583732,0.004042393123618951
12.0,0.12486955507037796,True,0.272054600932349,0.018660426603600396,0.001032294179496551,0.004044360733373344
12.200000000000001,0.12486955507037796,True,0.27209920071485555,0.018661535780347547,0.001031522792583175,0.00404626617736107
12.4,0.12486955507037796,True,0.27214240818638724,0.018662610330940282,0.0010307753604070341,0.0040481123580992035
12.600000000000001,0.12486955507037796,True,0.27218428758986657,0.018663651853071395,0.0010300507833980502,0.004049902000055481
12.8,0.12486955507037796,True,0.2722248992730351,0.01866466184756248,0.0010293480283139313,0.004051637663104027
13.0,0.12486955507037796,True,0.2722642999794501,0.018665641725600462,0.0010286661233100361,0.004053321754777789
13.200000000000001,0.12486955507037796,True,0.27230254311376917,0.018666592815335486,0.001028004153442787,0.004054956541442278
13.4,0.12486955507037796,True,0.2723396789839227,0.01866751636790337,0.0010273612565628169,0.004056544158499109
13.600000000000001,0.12486955507037796,True,0.27237575502250183,0.018668413562931523,0.001026736619558938,0.004058086619716849
13.8,0.12486955507037796,True,0.2724108159894098,0.01866928551357887,0.0010261294749184682,0.00405958582577482
14.0,0.12486955507037796,True,0.27244490415760075,0.018670133271154972,0.001025539097573231,0.004061043572096218
14.200000000000001,0.12486955507037796,True,0.2724780594835344,0.018670957829359115,0.0010249648020039157,0.004062461556038758
14.4,0.12486955507037796,True,0.2725103197637959,0.01867176012817568,0.0010244059395784137,0.004063841383503635
14.600000000000001,0.12486955507037796,True,0.2725417207791655,0.01867254105745668,0.0010238618961023905,0.004065184575016471
14.8,0.12486955507037796,True,0.2725722964273082,0.018673301460221968,0.0010233320895625508,0.004066492571329558
15.0,0.12486955507037796,True,0.27260207884511034,0.018674042135701605,0.0010228159680451747,0.004067766738588267
15.200000000000001,0.12486955507037796,True,0.27263109852159845,0.018674763842144147,0.0010223130078142121,0.004069008373100973
15.4,0.12486955507037796,True,0.2726593844022724,0.018675467299411323,0.0010218227115348522,0.004070218705747407
15.600000000000001,0.12486955507037796,True,0.272686963985607,0.01867615319137784,0.0010213446066298783,0.004071398906057051
15.8,0.12486955507037796,True,0.2727138634124048,0.01867682216815397,0.0010208782437573386,0.004072550085986377
16.0,0.12486955507037796,True,0.2727401075485973,0.01867747484814428,0.0010204231953992585,0.004073673303419833
16.2,0.12486955507037796,True,0.2727657200620642,0.018678111819958428,0.0010199790545520017,0.004074769565418711
16.400000000000002,0.12486955507037796,True,0.27279072349395794,0.018678733644184854,0.001019545433509874,0.004075839831238246
16.6,0.12486955507037796,True,0.272815139324992,0.018679340855039358,0.001019121962734293,0.004076885015132285
16.8,0.12486955507037796,True,0.27283898803710116,0.018679933961898536,0.0010187082898015884,0.004077905988962686
17.0,0.12486955507037796,True,0.2728622891708468,0.018680513450727392,0.0010183040784231257,0.0040789035846291455
17.2,0.12486955507037796,True,0.27288506137891005,0.018681079785409928,0.0010179090075319998,0.0040798785963339045
17.400000000000002,0.12486955507037796,True,0.27290732247596944,0.018681633408989155,0.001017522770431118,0.004080831782693729
17.6,0.12486955507037796,True,0.272929089485261,0.018682174744825458,0.0010171450739978596,0.004081763868711891
17.8,0.12486955507037796,True,0.27295037868206024,0.018682704197677674,0.0010167756379410185,0.004082675547620019
18.0,0.12486955507037796,True,0.2729712056343307,0.01868322215471407,0.0010164141941060385,0.004083567482600299
18.2,0.12486955507037796,True,0.27299158524075107,0.018683728986458308,0.0010160604858249123,0.004084440308396912
18.400000000000002,0.12486955507037796,True,0.2730115317663067,0.018684225047674027,0.0010157142673074655,0.004085294632824416
18.6,0.12486955507037796,True,0.27303105887564494,0.018684710678195122,0.0010153753030709173,0.004086131038181767
18.8,0.12486955507037796,True,0.27305017966433137,0.01868518620370233,0.001015043367405023,0.004086950082577383
19.0,0.12486955507037796,True,0.273068906688185,0.018685651936453367,0.0010147182438701473,0.00408775230117314
19.200000000000003,0.12486955507037796,True,0.27308725199080763,0.018686108175967196,0.001014399724825999,0.004088538207351846
19.400000000000002,0.12486955507037796,True,0.2731052271294507,0.018686555209667572,0.0010140876109888141,0.004089308293814467
19.6,0.12486955507037796,True,0.2731228431993263,0.018686993313487492,0.0010137817110150327,0.00409006303361147
19.8,0.12486955507037796,True,0.2731401108564745,0.01868742275243784,0.0010134818411096237,0.004090802881113052
20.0,0.12486955507037796,True,0.2731570403392891,0.018687843781143038,0.0010131878246573652,0.004091528272922656
0.0,0.13760302159386853,False,0.025103021593868485,0.01076966007068979,0.0036120793168390496,-0.0033417283075259006
0.2,0.13760302159386853,True,0.21260302159386846,0.017820226619540133,0.002322050989396532,0.0014665830354051884
0.4,0.13760302159386853,True,0.23822959195554097,0.018783863098226897,0.001945323822211313,0.002529548219028024
0.6000000000000001,0.13760302159386853,True,0.25010302159386844,0.019230339929310197,0.001754438525321824,0.003055127597275875
0.8,0.13760302159386853,True,0.2571628581629973,0.01949581111626834,0.0016360350607420979,0.003377563448123403
1.0,0.13760302159386853,True,0.2619015682797943,0.019674000935117338,0.0015545086109325955,0.0035981430883127745
1.2000000000000002,0.13760302159386853,True,0.2653238968048027,0.019802690828544547,0.0014946047986604154,0.0037595222991897497
1.4000000000000001,0.13760302159386853,True,0.267920927457296,0.019900347028250186,0.0014485732296605513,0.003883146202870283
1.6,0.13760302159386853,True,0.2699637030896176,0.01997716156446381,0.00141201787020041,0.003981090642961819
1.8,0.13760302159386853,True,0.2716150181734841,0.020039256001220716,0.001382243837882168,0.004060719045072497
2.0,0.13760302159386853,True,0.27297896381087194,0.02009054447847627,0.0013575003094063612,0.004126795704724326
2.2,0.13760302159386853,True,0.27412539220889715,0.02013365365028304,0.0013365971871624922,0.00418254851631944
2.4000000000000004,0.13760302159386853,True,0.27510302159386846,0.02017041546915692,0.0013186956236079068,0.004230246618760867
2.6,0.13760302159386853,True,0.2759469185642068,0.02020214854515555,0.001303186455028552,0.004271534184383495
2.8000000000000003,0.13760302159386853,True,0.27668299582384026,0.020229827274244314,0.0012896161262692391,0.0043076330889675095
3.0,0.13760302159386853,True,0.2773308331324759,0.020254187914550248,0.001277639692068533,0.004339471116695412
3.2,0.13760302159386853,True,0.2779055108860554,0.020275797534527608,0.0012669899638671704,0.004367765908587947
3.4000000000000004,0.13760302159386853,True,0.2784188387712422,0.020295100214079022,0.0012574566562734849,0.004393081578076385
3.6,0.13760302159386853,True,0.27888020101290567,0.020312448828414893,0.0012488719317416109,0.004415867880591095
3.8000000000000003,0.13760302159386853,True,0.27929715136748756,0.0203281274216018,0.001241100156473348,0.004436487925015345
4.0,0.13760302159386853,True,0.2796758405170865,0.02034236727787153,0.0012340304976629912,0.004455238168883006
4.2,0.13760302159386853,True,0.28002132864146445,0.020355358675272942,0.0012275714803190263,0.004472363100904463
4.4,0.13760302159386853,True,0.28033781771986066,0.020367259620922114,0.0012216469222123467,0.004488066192850795
4.6000000000000005,0.13760302159386853,True,0.2806288266921333,0.020378202437590483,0.0012161928551764549,0.004502518184979333
4.800000000000001,0.13760302159386853,True,0.28089732527492295,0.02038829879559704,0.0012111551636217618,0.00451586343496738
5.0,0.13760302159386853,True,0.281145837416395,0.020397643603019145,0.0012064877521074887,0.004528224839984501
5.2,0.13760302159386853,True,0.28137652215302134,0.020406318046151884,0.0012021511083198048,0.0045397076934548496
5.4,0.13760302159386853,True,0.2815912374383006,0.020414391989660784,0.0011981111651321924,0.004550402736786919
5.6000000000000005,0.13760302159386853,True,0.28179159099452233,0.0204219258887618,0.0011943383913960725,0.00456038859597034
5.800000000000001,0.13760302159386853,True,0.2819789811712694,0.020428972325624486,0.0011908070594456738,0.004569733743309977
6.0,0.13760302159386853,True,0.2821546300337975,0.02043557725359506,0.001187494650420804,0.004578498089094398
6.2,0.13760302159386853,True,0.28231961035560604,0.020441781012198595,0.001184381368015488,0.0045867342823230454
6.4,0.13760302159386853,True,0.28247486778879405,0.020447619160811364,0.0011814497382251806,0.004594488780820622
6.6000000000000005,0.13760302159386853,True,0.2826212391899989,0.020453123167771616,0.0011786842778237932,0.004601802737157497
6.800000000000001,0.13760302159386853,True,0.28275946785914063,0.02045832098340226,0.0011760712181607456,0.004608712736397569
7.0,0.13760302159386853,True,0.28289021628214667,0.02046323751917589,0.0011735982737819757,0.00461525141385063
7.2,0.13760302159386853,True,0.2830140768427054,0.02046789505050923,0.001171254447598176,0.0046214479750350725
7.4,0.13760302159386853,True,0.2831315808714958,0.020472313557041176,0.001169029866027818,0.004627328635474205
7.6000000000000005,0.13760302159386853,True,0.28324320632678746,0.020476511011446964,0.0011669156388613138,0.004632916994406694
7.800000000000001,0.13760302159386853,True,0.28334938434229456,0.02048050362565686,0.0011649037396208072,0.004638234353729196
8.0,0.13760302159386853,True,0.2834505048327851,0.020484306061644364,0.0011629869029968168,0.004643299991325558
8.200000000000001,0.13760302159386853,True,0.28354692131212317,0.020487931612598913,0.0011611585365804207,0.004648131396225324
8.4,0.13760302159386853,True,0.28363895505005166,0.020491392359233588,0.0011594126446161695,0.004652744471677458
8.6,0.13760302159386853,True,0.28372689867135437,0.020494699305124493,0.001157743761905925,0.0046571537111390095
8.8,0.13760302159386853,True,0.2838110192828586,0.02049786249429538,0.0011561468963193608,0.0046613723513064895
9.0,0.13760302159386853,True,0.2838915611990837,0.020500891113710406,0.001154617478629919,0.00466541250561375
9.200000000000001,0.13760302159386853,True,0.28396874832543495,0.020503793582889344,0.0011531513186086916,0.004669285281047481
9.4,0.13760302159386853,True,0.2840427862481695,0.020506577632496723,0.0011517445664830275,0.004673000880665732
9.600000000000001,0.13760302159386853,True,0.28411386407241757,0.020509250373456748,0.0011503936790096222,0.004676568693821847
9.8,0.13760302159386853,True,0.28418215604303665,0.020511818357902632,0.001149095389529475,0.004679997375782435
10.0,0.13760302159386853,True,0.2842478229776765,0.0205142876330639,0.001147846681469465,0.00468329491816682
10.200000000000001,0.13760302159386853,True,0.28431101353698673,0.020516663789030155,0.0011466447648359856,0.004686468711420772
10.4,0.13760302159386853,True,0.284371865353175,0.020518952001188293,0.0011454870553134302,0.004689525600356747
10.600000000000001,0.13760302159386853,True,0.2844305060350229,0.02052115706801413,0.0011443711556365678,0.004692471933642878
10.8,0.13760302159386853,True,0.2844870540648695,0.020523283444801543,0.0011432948389531168,0.004695313607996781
11.0,0.13760302159386853,True,0.2845416196008856,0.020525335273830617,0.001142256033932556,0.004698056107734394
11.200000000000001,0.13760302159386853,True,0.28459430519610873,0.020527316411405507,0.0011412528114108694,0.0047007045402337605
11.4,0.13760302159386853,True,0.28464520644415203,0.02052923045213482,0.0011402833723893882,0.004703263667798101
11.600000000000001,0.13760302159386853,True,0.28469441256017625,0.020531080750778228,0.0011393460372300674,0.004705737936338283
11.8,0.13760302159386853,True,0.28474200690457097,0.020532870441938245,0.0011384392359102512,0.004708131501238789
12.0,0.13760302159386853,True,0.2847880674558396,0.02053460245784223,0.001137561499217559,0.004710448250725263
12.200000000000001,0.13760302159386853,True,0.2848326672383461,0.02053627954442688,0.001136711450780703,0.004712691827010692
12.4,0.13760302159386853,True,0.28487587470987785,0.020537904275911928,0.0011358877998450083,0.0047148656454631425
12.600000000000001,0.13760302159386853,True,0.2849177541133572,0.020539479068025272,0.0011350893347126753,0.0047169729120073965
12.8,0.13760302159386853,True,0.28495836579652567,0.020541006190024448,0.0011343149167774092,0.004719016638948276
13.0,0.13760302159386853,True,0.28499776650294073,0.020542487775638565,0.0011335634750915388,0.004720999659379416
13.200000000000001,0.13760302159386853,True,0.2850360096372597,0.020543925833044194,0.001132834001410895,0.004722924640323839
13.4,0.13760302159386853,True,0.28507314550741325,0.020545322253971498,0.0011321255456691625,0.004724794094733949
13.600000000000001,0.13760302159386853,True,0.2851092215459924,0.020546678822029197,0.0011314372118388337,0.004726610392465439
13.8,0.13760302159386853,True,0.28514428251290036,0.02054799722032495,0.0011307681541407736,0.004728375770325855
14.0,0.13760302159386853,True,0.2851783706810913,0.02054927903844956,0.0011301175735685962,0.004730092341287552
14.200000000000001,0.13760302159386853,True,0.28521152600702493,0.020550525778886553,0.0011294847146977433,0.0047317621029451945
14.4,0.13760302159386853,True,0.2852437862872865,0.020551738862901864,0.0011288688627523991,0.004733386945289302
14.600000000000001,0.13760302159386853,True,0.2852751873026561,0.020552919635960877,0.001128269340906285,0.004734968657858892
14.8,0.13760302159386853,True,0.28530576295079874,0.020554069372718226,0.0011276855077957959,0.004736508936331223
15.0,0.13760302159386853,True,0.28533554536860095,0.020555189281617935,0.0011271167552262802,0.004738009388598995
15.200000000000001,0.13760302159386853,True,0.285364565045089,0.02055628050913956,0.0011265625060541502,0.004739471540381301
15.4,0.13760302159386853,True,0.28539285092576294,0.020557344143721387,0.0011260222122293014,0.004740896840409382
15.600000000000001,0.13760302159386853,True,0.28542043050909754,0.020558381219389025,0.0011254953529838574,0.004742286665224304
15.8,0.13760302159386853,True,0.2854473299358954,0.020559392719115784,0.0011249814331546048,0.004743642323620484
16.0,0.13760302159386853,True,0.28547357407208784,0.02056037957793574,0.0011244799816277865,0.004744965060764295
16.2,0.13760302159386853,True,0.28549918658555473,0.020561342685832703,0.0011239905498959177,0.004746256062016164
16.400000000000002,0.13760302159386853,True,0.28552419001744855,0.02056228289042212,0.001123512710717346,0.00474751645648007
16.6,0.13760302159386853,True,0.28554860584848263,0.02056320099944374,0.0011230460568701062,0.004748747320303177
16.8,0.13760302159386853,True,0.2855724545605917,0.020564097783080187,0.001122590199992426,0.0047499496797458055
17.0,0.13760302159386853,True,0.28559575569433737,0.020564973976115553,0.0011221447695029224,0.004751124514040181
17.2,0.13760302159386853,True,0.2856185279024006,0.020565830279947128,0.0011217094115941665,0.004752272758054947
17.400000000000002,0.13760302159386853,True,0.28564078899946,0.02056666736446054,0.0011212837882938911,0.004753395304780062
17.6,0.13760302159386853,True,0.28566255600875157,0.02056748586978097,0.0011208675765885456,0.0047544930076469675
17.8,0.13760302159386853,True,0.2856838452055508,0.020568286407907945,0.001120460467604467,0.004755566682695741
18.0,0.13760302159386853,True,0.28570467215782125,0.020569069564243862,0.0011200621658422666,0.004756617110601445
18.2,0.13760302159386853,True,0.2857250517642417,0.020569835899024214,0.0011196723884604352,0.004757645038570215
18.400000000000002,0.13760302159386853,True,0.28574499828979727,0.020570585948655355,0.0011192908646045553,0.004758651182114097
18.6,0.13760302159386853,True,0.2857645253991355,0.020571320226969506,0.0011189173347786905,0.004759636226714887
18.8,0.13760302159386853,True,0.2857836461878219,0.020572039226399358,0.0011185515502559857,0.004760600829383323
19.0,0.13760302159386853,True,0.28580237321167556,0.02057274341908172,0.0011181932725255574,0.004761545620122879
19.200000000000003,0.13760302159386853,True,0.28582071851429824,0.02057343325789236,0.0011178422727731734,0.00476247120330358
19.400000000000002,0.13760302159386853,True,0.28583869365294123,0.020574109177418903,0.0011174983313932774,0.0047633781589531314
19.6,0.13760302159386853,True,0.28585630972281684,0.020574771594874856,0.0011171612375302131,0.0047642670439705485
19.8,0.13760302159386853,True,0.28587357737996505,0.02057542091095944,0.0011168307886466073,0.004765138393267907
20.0,0.13760302159386853,True,0.28589050686277967,0.02057605751066732,0.0011165067901170516,0.004765992720845333
0.0,0.15163497252065075,False,0.03913497252065071,0.009191065591426791,0.003980418028667083,-0.0036207259293110972
0.2,0.15163497252065075,True,0.22663497252065068,0.0188726229390488,0.002558840161285982,0.001718356219897944
0.4,0.15163497252065075,True,0.25226154288232316,0.02019585019547228,0.0021436965620958703,0.002950939768034235
0.6000000000000001,0.15163497252065075,True,0.26413497252065066,0.020808934408573197,0.0019333458996382972,0.0035630214185542056
0.8,0.15163497252065075,True,0.2711948090897795,0.02117346887582046,0.0018028683426055188,0.003939266506940999
1.0,0.15163497252065075,True,0.2759335192065765,0.021418152042484595,0.0017130283025149971,0.004196957765469302
1.2000000000000002,0.15163497252065075,True,0.2793558477315849,0.02159486388183005,0.0016470158500080747,0.004385635656348743
1.4000000000000001,0.15163497252065075,True,0.28195287838407823,0.021728961488206824,0.0015962902509657946,0.0045302529849309036
1.6,0.15163497252065075,True,0.2839956540163998,0.021834440151847614,0.0015560071898599033,0.004644878921146
1.8,0.15163497252065075,True,0.2856469691002663,0.02191970576082599,0.0015231969759553652,0.0047381005381942265
2.0,0.15163497252065075,True,0.28701091473765417,0.021990133056332167,0.0014959302472379772,0.004815477956462645
2.2,0.15163497252065075,True,0.28815734313567937,0.022049328855161098,0.00147289554690705,0.0048807804739210425
2.4000000000000004,0.15163497252065075,True,0.2891349725206507,0.022099808721589474,0.0014531684866562365,0.004936659100772172
2.6,0.15163497252065075,True,0.289978869490989,0.02214338331846315,0.0014360777838205844,0.004985035477572985
2.8000000000000003,0.15163497252065075,True,0.2907149467506225,0.022181390647537415,0.0014211236323442603,0.005027338168609335
3.0,0.15163497252065075,True,0.29136278405925814,0.022214841709166662,0.0014079259114665934,0.005064652216351934
3.2,0.15163497252065075,True,0.29193746181283764,0.022244515179180965,0.0013961901863025613,0.005097817114364669
3.4000000000000004,0.15163497252065075,True,0.2924507896980244,0.022271020850426666,0.0013856847277867882,0.005127492907301657
3.6,0.15163497252065075,True,0.2929121519396879,0.02229484327709703,0.0013762245832826204,0.005154205938169954
3.8000000000000003,0.15163497252065075,True,0.2933291022942698,0.022316372497198332,0.00136766028785081,0.005178381223216909
4.0,0.15163497252065075,True,0.2937077914438687,0.022335926101031744,0.0013598697066046887,0.005200365818382807
4.2,0.15163497252065075,True,0.2940532795682467,0.02235376537084021,0.0013527520364683945,0.005220445981526273
4.4,0.15163497252065075,True,0.2943697686466429,0.0223701072757063,0.001346223326594894,0.005238859976755353
4.6000000000000005,0.15163497252065075,True,0.2946607776189155,0.02238513351599285,0.0013402130857183953,0.005255807763207306
4.800000000000001,0.15163497252065075,True,0.29492927620170517,0.022398997432937023,0.0013346616798581518,0.005271458420681817
5.0,0.15163497252065075,True,0.2951777883431772,0.022411829350532975,0.0013295183130300728,0.005285955907384957
5.2,0.15163497252065075,True,0.29540847307980356,0.022423740750569614,0.0013247394436857777,0.00529942357217736
5.4,0.15163497252065075,True,0.29562318836508283,0.02243482756842478,0.0013202875307325383,0.0053119677254660535
5.6000000000000005,0.15163497252065075,True,0.29582354192130456,0.022445172818794705,0.0013161300316080523,0.005323680490683588
5.800000000000001,0.15163497252065075,True,0.2960109320980516,0.02245484870542167,0.0013122385950897434,0.005334642100322853
6.0,0.15163497252065075,True,0.2961865809605797,0.022463918329611584,0.0013085884059758316,0.0053449227590495205
6.2,0.15163497252065075,True,0.29635156128238827,0.022472437083994618,0.0013051576492489013,0.0053545841664131445
6.4,0.15163497252065075,True,0.29650681871557627,0.0224804537972909,0.0013019270690076766,0.005363680769709544
6.6000000000000005,0.15163497252065075,True,0.2966531901167811,0.022488011680569943,0.0012988796031372758,0.005372260801287234
6.800000000000001,0.15163497252065075,True,0.29679141878592286,0.02249514911410266,0.0012960000789407032,0.005380367142434721
7.0,0.15163497252065075,True,0.2969221672089289,0.02250190030533166,0.0012932749581651825,0.0053880380468131536
7.2,0.15163497252065075,True,0.29704602776948763,0.022508295841972524,0.0012906921223025905,0.005395307749415823
7.4,0.15163497252065075,True,0.29716353179827804,0.02251436315927016,0.0012882406909213323,0.005402206981676426
7.6000000000000005,0.15163497252065075,True,0.2972751572535697,0.022520126936586782,0.0012859108672402689,0.005408763409203917
7.800000000000001,0.15163497252065075,True,0.2973813352690768,0.022525609435499777,0.0012836938062883013,0.005415002005390337
8.0,0.15163497252065075,True,0.29748245575956733,0.02253083078924753,0.0012815815018822015,0.005420945371606424
8.200000000000001,0.15163497252065075,True,0.2975788722389054,0.022535809251508686,0.001279566689357763,0.005426614012697282
8.4,0.15163497252065075,True,0.2976709059768339,0.022540561411037583,0.0012776427615474814,0.005432026574902537
8.6,0.15163497252065075,True,0.2977588495981366,0.022545102377506933,0.0012758036959442925,0.005437200052054386
8.8,0.15163497252065075,True,0.29784297020964084,0.022549445942970377,0.0012740439913496327,0.0054421499648864
9.0,0.15163497252065075,True,0.29792351212586593,0.02255360472260142,0.0012723586125939566,0.0054468905174619745
9.200000000000001,0.15163497252065075,True,0.29800069925221717,0.0225575902777495,0.001270742942153333,0.005451434734061034
9.4,0.15163497252065075,True,0.2980747371749517,0.022561413223855412,0.0012691927376778235,0.005455794579318359
9.600000000000001,0.15163497252065075,True,0.2981458149991998,0.02256508332535727,0.0012677040946049054,0.005459981063958591
9.8,0.15163497252065075,True,0.29821410696981887,0.022568609579383572,0.0012662734131608088,0.005464004338105563
10.0,0.15163497252065075,True,0.2982797739044587,0.02257200028974922,0.0012648973691599381,0.005467873773837836
10.200000000000001,0.15163497252065075,True,0.29834296446376896,0.022575263132542753,0.0012635728881014651,0.005471598038410971
10.4,0.15163497252065075,True,0.2984038162799572,0.02257840521439945,0.0012622971221363999,0.005475185159355681
10.600000000000001,0.15163497252065075,True,0.2984624569618051,0.022581433124395287,0.0012610674295404317,0.005478642582485278
10.8,0.15163497252065075,True,0.29851900499165174,0.022584352980362515,0.0012598813563799143,0.005481977223698148
11.0,0.15163497252065075,True,0.2985735705276678,0.022587170470315263,0.00125873662010216,0.005485195515336969
11.200000000000001,0.15163497252065075,True,0.29862625612289095,0.02258989088957687,0.0012576310948182968,0.005488303447760646
11.4,0.15163497252065075,True,0.29867715737093425,0.02259251917412084,0.0012565627980782976,0.005491306606696443
11.600000000000001,0.15163497252065075,True,0.29872636348695847,0.022595059930569598,0.001255529878964459,0.005494210206864485
11.8,0.15163497252065075,True,0.2987739578313532,0.022597517463234552,0.0012545306073524019,0.005497019122301305
12.0,0.15163497252065075,True,0.29882001838262184,0.0225998957985336,0.001253563364208065,0.005499737913755083
12.200000000000001,0.15163497252065075,True,0.2988646181651283,0.022602198707077727,0.0012526266328058702,0.005502370853477272
12.4,0.15163497252065075,True,0.2989078256366601,0.022604429723682977,0.0012517189907675337,0.005504921947695233
12.600000000000001,0.15163497252065075,True,0.2989497050401394,0.022606592165530785,0.0012508391028334058,0.005507394957014748
12.8,0.15163497252065075,True,0.2989903167233079,0.022608689148675237,0.0012499857142887836,0.005509793414972439
13.0,0.15163497252065075,True,0.29902971742972295,0.022610723603068247,0.0012491576449770202,0.005512120644930045
13.200000000000001,0.15163497252065075,True,0.29906796056404195,0.02261269828625793,0.0012483537838391052,0.00551437977548206
13.4,0.15163497252065075,True,0.29910509643419547,0.022614615795892853,0.001247573083926521,0.005516573754526291
13.600000000000001,0.15163497252065075,True,0.2991411724727746,0.022616478581153523,0.001246814557840117,0.005518705362131542
13.8,0.15163497252065075,True,0.2991762334396826,0.022618288953216378,0.0012460772735531519,0.005520777222320505
14.0,0.15163497252065075,True,0.29921032160787353,0.022620049094844226,0.0012453603505812438,0.0055227918138729855
14.200000000000001,0.15163497252065075,True,0.29924347693380715,0.02262176106918768,0.001244662956466059,0.005524751480243502
14.4,0.15163497252065075,True,0.29927573721406875,0.02262342682787251,0.0012439843035431262,0.00552665843867696
14.600000000000001,0.15163497252065075,True,0.29930713822943833,0.022625048218438238,0.001243323645967384,0.005528514788596417
14.8,0.15163497252065075,True,0.29933771387758096,0.022626626991189877,0.001242680276972719,0.005530322519330827
15.0,0.15163497252065075,True,0.2993674962953832,0.022628164805514668,0.0012420535263443493,0.005532083517241883
15.200000000000001,0.15163497252065075,True,0.2993965159718712,0.022629663235712683,0.0012414427580849602,0.00553379957230416
15.4,0.15163497252065075,True,0.29942480185254516,0.022631123776384047,0.0012408473682575054,0.005535472384186712
15.600000000000001,0.15163497252065075,True,0.29945238143587977,0.02263254784741162,0.001240266782989248,0.005537103567879656
15.8,0.15163497252065075,True,0.2994792808626776,0.022633936798575165,0.0012397004566231267,0.00553869465890546
16.0,0.15163497252065075,True,0.29950552499887007,0.02263529191382629,0.0012391478700039611,0.005540247118149261
16.2,0.15163497252065075,True,0.29953113751233695,0.022636614415255333,0.0012386085288880976,0.005541762336341496
16.400000000000002,0.15163497252065075,True,0.2995561409442308,0.02263790546677408,0.0012380819624662795,0.005543241638220869
16.6,0.15163497252065075,True,0.29958055677526485,0.022639166177538608,0.0012375677219904294,0.005544686286404331
16.8,0.15163497252065075,True,0.29960440548737394,0.022640397605133037,0.0012370653794959135,0.005546097484987735
17.0,0.15163497252065075,True,0.2996277066211196,0.02264160075853366,0.0012365745266116283,0.005547476382898814
17.2,0.15163497252065075,True,0.29965047882918283,0.022642776600871273,0.0012360947734509332,0.00554882407702236
17.400000000000002,0.15163497252065075,True,0.2996727399262422,0.0226439260520062,0.0012356257475771271,0.005550141615114787
17.6,0.15163497252065075,True,0.2996945069355338,0.022645049990932833,0.0012351670930376279,0.005551429998525502
17.8,0.15163497252065075,True,0.299715796132333,0.022646149258024564,0.0012347184694616435,0.005552690184738832
18.0,0.15163497252065075,True,0.29973662308460347,0.022647224657132696,0.0012342795512164872,0.005553923089750834
18.2,0.15163497252065075,True,0.2997570026910239,0.022648276957550246,0.0012338500266181277,0.005555129590293316
18.400000000000002,0.15163497252065075,True,0.2997769492165795,0.022649306895849142,0.0012334295971919988,0.005556310525915693
18.6,0.15163497252065075,True,0.2997964763259177,0.02265031517760327,0.0012330179769802871,0.005557466700936626
18.8,0.15163497252065075,True,0.29981559711460415,0.022651302479001652,0.0012326148918924277,0.005558598886272966
19.0,0.15163497252065075,True,0.2998343241384578,0.022652269448363734,0.0012322200790955942,0.005559707821156782
19.200000000000003,0.15163497252065075,True,0.29985266944108047,0.02265321670756051,0.0012318332864424168,0.005560794214746886
19.400000000000002,0.15163497252065075,True,0.29987064457972346,0.02265414485335039,0.00123145427193325,0.005561858747643356
19.6,0.15163497252065075,True,0.29988826064959906,0.022655054458634364,0.0012310828032106118,0.005562902073311192
19.8,0.15163497252065075,True,0.29990552830674727,0.022655946073636673,0.0012307186570835527,0.00556392481941963
20.0,0.15163497252065075,True,0.2999224577895619,0.022656820227016622,0.0012303616190799042,0.00556492758910318
0.0,0.16709781969179568,False,0.05459781969179564,0.0074514952846729855,0.004386317766909638,-0.003979482370922797
0.2,0.16709781969179568,True,0.2420978196917956,0.02003233647688467,0.0028197757072990527,0.002030009277087152
0.4,0.16709781969179568,True,0.26772439005346815,0.021751823474331283,0.0023622981931706736,0.003461195479045379
0.6000000000000001,0.16709781969179568,True,0.2795978196917956,0.022548504715327,0.002130497201070395,0.004174015554645206
0.8,0.16709781969179568,True,0.28665765626092443,0.02302220435649596,0.001986714306290499,0.004612776836502677
1.0,0.16709781969179568,True,0.2913963663777214,0.02334016147348449,0.0018877129046309625,0.004913525339411702
1.2000000000000002,0.16709781969179568,True,0.2948186949027298,0.023569792255781596,0.0018149688885042558,0.005133846503473743
1.4000000000000001,0.16709781969179568,True,0.2974157255552232,0.023744047350236656,0.0017590705897040173,0.005302782480584194
1.6,0.16709781969179568,True,0.2994585011875447,0.023881113141284972,0.001714679697752037,0.005436722650227338
1.8,0.16709781969179568,True,0.3011098162714113,0.023991912783036584,0.0016785236902299389,0.005545676759869932
2.0,0.16709781969179568,True,0.3024737619087991,0.02408343056148344,0.001648476460075413,0.005636129381525825
2.2,0.16709781969179568,True,0.3036201903068243,0.024160353407423694,0.0016230928157975229,0.0057124782836445905
2.4000000000000004,0.16709781969179568,True,0.30459781969179567,0.024225950207621902,0.0016013541053797088,0.005777817507823927
2.6,0.16709781969179568,True,0.30544171666213393,0.02428257385437611,0.0015825205926790096,0.00583439045037668
2.8000000000000003,0.16709781969179568,True,0.30617779392176736,0.024331963033622242,0.0015660415043427468,0.005883865259077705
3.0,0.16709781969179568,True,0.3068256312304031,0.02437543150454669,0.001551497957119439,0.005927509200776553
3.2,0.16709781969179568,True,0.3074003089839825,0.024413991128837246,0.0015385654913774426,0.005966302925159335
3.4000000000000004,0.16709781969179568,True,0.30791363686916934,0.024448434310720277,0.0015269887476773096,0.006001017576693554
3.6,0.16709781969179568,True,0.3083749991108329,0.024479390711224024,0.001516563912994793,0.006032268175812646
3.8000000000000003,0.16709781969179568,True,0.30879194946541466,0.02450736717093618,0.0015071262808307676,0.00606055140414732
4.0,0.16709781969179568,True,0.3091706386150136,0.02453277638721521,0.001498541261697524,0.006086272880937129
4.2,0.16709781969179568,True,0.3095161267393916,0.02455595788709038,0.0014906977732113951,0.006109767200376434
4.4,0.16709781969179568,True,0.30983261581778787,0.024577193614207047,0.0014835033037092253,0.006131312883240776
4.6000000000000005,0.16709781969179568,True,0.31012362479006045,0.024596719681757282,0.0014768801736384318,0.006151143692013159
4.800000000000001,0.16709781969179568,True,0.31039212337285005,0.0246147353512528,0.001470762667893874,0.006169457304042239
5.0,0.16709781969179568,True,0.3106406355143221,0.024631409974112506,0.0014650948106142477,0.0061864220373578725
5.2,0.16709781969179568,True,0.3108713202509485,0.024646888416976313,0.0014598286201388617,0.0062021821221243745
5.4,0.16709781969179568,True,0.3110860355362277,0.024661295344473064,0.0014549227271540319,0.0062168618727461225
5.6000000000000005,0.16709781969179568,True,0.3112863890924495,0.02467473863126304,0.0014503412705973817,0.00623056901972846
5.800000000000001,0.16709781969179568,True,0.3114737792691966,0.024687312103554418,0.001446053008154561,0.006243397392737713
6.0,0.16709781969179568,True,0.3116494281317247,0.02469909775926139,0.0014420305941147242,0.006255429097928651
6.2,0.16709781969179568,True,0.31181440845353325,0.024710167579146798,0.001438249988892634,0.0062667362975867
6.4,0.16709781969179568,True,0.31196966588672115,0.024720585014404647,0.001434689972982884,0.00627738267448522
6.6000000000000005,0.16709781969179568,True,0.31211603728792603,0.024730406216290746,0.001431331744375959,0.006287424644373402
6.800000000000001,0.16709781969179568,True,0.31225426595706784,0.024739681058609075,0.0014281585831520103,0.006296912365815942
7.0,0.16709781969179568,True,0.3123850143800738,0.024748453992720885,0.0014251555705064656,0.0063058905858942435
7.2,0.16709781969179568,True,0.3125088749406326,0.024756764766280203,0.0014223093521566579,0.0063143993521234615
7.4,0.16709781969179568,True,0.312626378969423,0.024764649030417016,0.0014196079381482468,0.006322474614679658
7.6000000000000005,0.16709781969179568,True,0.3127380044247146,0.02477213885508922,0.0014170405326816816,0.006330148738190856
7.800000000000001,0.16709781969179568,True,0.3128441824402217,0.024779263168428937,0.0014145973888274683,0.00633745093857078
8.0,0.16709781969179568,True,0.31294530293071227,0.02478604813286702,0.001412269683978664,0.006344407657416621
8.200000000000001,0.16709781969179568,True,0.3130417194100503,0.02479251746841296,0.0014100494126631166,0.006351042884152585
8.4,0.16709781969179568,True,0.31313375314797887,0.024798692731566034,0.0014079292939530434,0.0063573784342457335
8.6,0.16709781969179568,True,0.31322169676928147,0.024804593556811264,0.001405902691201352,0.006363434190335459
8.8,0.16709781969179568,True,0.3133058173807858,0.024810237866434343,0.0014039635422294398,0.006369228311925495
9.0,0.16709781969179568,True,0.31338635929701086,0.024815642053406847,0.0014021062984106369,0.006374777418324334
9.200000000000001,0.16709781969179568,True,0.31346354642336205,0.024820821141293276,0.0014003258713529414,0.0063800967487368096
9.4,0.16709781969179568,True,0.3135375843460967,0.0248257889244833,0.0013986175860963934,0.006385200302772183
9.600000000000001,0.16709781969179568,True,0.31360866217034467,0.02483055809151876,0.0013969771399140326,0.006390100964110193
9.8,0.16709781969179568,True,0.3136769541409638,0.024835140333849766,0.0013954005659482247,0.006394810609637169
10.0,0.16709781969179568,True,0.31374262107560363,0.024839546441989945,0.0013938842010323793,0.006399340206006731
10.200000000000001,0.16709781969179568,True,0.31380581163491394,0.024843786390744752,0.0013924246571460652,0.006403699895286021
10.4,0.16709781969179568,True,0.31386666345110215,0.024847869414935254,0.0013910187960333171,0.006407899071101101
10.600000000000001,0.16709781969179568,True,0.31392530413295006,0.024851804076832518,0.001389663706582238,0.006411946446489898
10.8,0.16709781969179568,True,0.3139818521627967,0.024855598326343094,0.0013883566846213877,0.006415850114498327
11.0,0.16709781969179568,True,0.31403641769881274,0.024859259554840064,0.0013870952148367125,0.006419617602410244
11.200000000000001,0.16709781969179568,True,0.3140891032940359,0.02486279464340873,0.0013858769545536335,0.0064232559203783735
11.4,0.16709781969179568,True,0.3141400045420792,0.024866210006172017,0.0013846997191634702,0.006426771605119702
11.600000000000001,0.16709781969179568,True,0.3141892106581034,0.024869511629272742,0.0013835614690027634,0.006430170759250961
11.8,0.16709781969179568,True,0.31423680500249807,0.02487270510601128,0.001382460297519174,0.00643345908676313
12.0,0.16709781969179568,True,0.3142828655537667,0.024875795668575215,0.0013813944205790206,0.006436641925070777
12.200000000000001,0.16709781969179568,True,0.3143274653362733,0.024878788216740107,0.0013803621667899263,0.006439724274015935
12.4,0.16709781969179568,True,0.31437067280780495,0.024881687343874307,0.0013793619687277946,0.006442710822159416
12.600000000000001,0.16709781969179568,True,0.3144125522112843,0.024884497360537734,0.001378392354971008,0.006445605970650628
12.8,0.16709781969179568,True,0.3144531638944529,0.02488722231593238,0.0013774519428564026,0.006448413854933168
13.0,0.16709781969179568,True,0.31449256460086783,0.024889866017427122,0.0013765394318818614,0.006451138364510783
13.200000000000001,0.16709781969179568,True,0.31453080773518693,0.024892432048358126,0.001375653597689078,0.006453783160974258
13.4,0.16709781969179568,True,0.31456794360534046,0.024894923784277802,0.0013747932865678513,0.006456351694464097
13.600000000000001,0.16709781969179568,True,0.3146040196439196,0.024897344407809562,0.0013739574104298436,0.006458847218726109
13.8,0.16709781969179568,True,0.3146390806108275,0.024899696922245387,0.0013731449422056806,0.00646127280489786
14.0,0.16709781969179568,True,0.31467316877901846,0.024901984164008312,0.001372354911624335,0.006463631354149097
14.200000000000001,0.16709781969179568,True,0.31470632410495214,0.02490420881408959,0.0013715864013382438,0.00646592560928604
14.4,0.16709781969179568,True,0.3147385843852136,0.0249063734085578,0.0013708385433615225,0.006468158165417488
14.600000000000001,0.16709781969179568,True,0.3147699854005832,0.02490848034822521,0.0013701105157921936,0.0064703314797693685
14.8,0.16709781969179568,True,0.3148005610487259,0.02491053190755124,0.0013694015397922729,0.006472447880727046
15.0,0.16709781969179568,True,0.31483034346652805,0.02491253024285089,0.0013687108768023956,0.006474509576174617
15.200000000000001,0.16709781969179568,True,0.31485936314301616,0.024914477399871397,0.0013680378259699635,0.0064765186611946135
15.4,0.16709781969179568,True,0.3148876490236901,0.024916375320792723,0.001367381721771964,0.006478477125184349
15.600000000000001,0.16709781969179568,True,0.3149152286070247,0.02491822585070244,0.0013667419318154762,0.006480386858439956
15.8,0.16709781969179568,True,0.3149421280338225,0.024920030743591552,0.0013661178548005253,0.006482249658254478
16.0,0.16709781969179568,True,0.31496837217001505,0.024921791667909764,0.0013655089186315236,0.0064840672345702595
16.2,0.16709781969179568,True,0.31499398468348194,0.02492351021172021,0.0013649145786647412,0.006485841215224461
16.400000000000002,0.16709781969179568,True,0.31501898811537565,0.02492518788748509,0.0013643343160805491,0.006487573150820622
16.6,0.16709781969179568,True,0.31504340394640973,0.024926826136513452,0.0013637676363701672,0.006489264519257364
16.8,0.16709781969179568,True,0.31506725265851887,0.024928426333098455,0.0013632140679276316,0.006490916729941974
17.0,0.16709781969179568,True,0.3150905537922646,0.024929989788369102,0.0013626731607385442,0.006492531127714177
17.2,0.16709781969179568,True,0.3151133260003278,0.024931517753879744,0.001362144485157906,0.006494108996503363
17.400000000000002,0.16709781969179568,True,0.3151355870973872,0.02493301142495636,0.0013616276307701009,0.006495651562739384
17.6,0.16709781969179568,True,0.3151573541066787,0.024934471943821042,0.0013611222053245846,0.006497159998537269
17.8,0.16709781969179568,True,0.315178643303478,0.024935900402509276,0.0013606278337415444,0.006498635424671981
18.0,0.16709781969179568,True,0.31519947025574846,0.02493729784559741,0.001360144157182177,0.0065000789133599435
18.2,0.16709781969179568,True,0.3152198498621688,0.024938665272754443,0.0013596708321787377,0.006501491490861801
18.400000000000002,0.16709781969179568,True,0.3152397963877244,0.024940003641129603,0.0013592075298199705,0.006502874139918832
18.6,0.16709781969179568,True,0.31525932349706265,0.024941313867591124,0.0013587539349877577,0.006504227802036926
18.8,0.16709781969179568,True,0.31527844428574914,0.024942596830822752,0.0013583097456413824,0.006505553379627072
19.0,0.16709781969179568,True,0.3152971713096028,0.024943853373292652,0.0013578746721458646,0.006506851738014802
19.200000000000003,0.16709781969179568,True,0.31531551661222534,0.024945084303100194,0.0013574484366413212,0.00650812370732623
19.400000000000002,0.16709781969179568,True,0.31533349175086844,0.024946290395711793,0.0013570307724503996,0.006509370084260554
19.6,0.16709781969179568,True,0.315351107820744,0.02494747239559201,0.0013566214235211601,0.00651059163375621
19.8,0.16709781969179568,True,0.3153683754778922,0.024948631017737803,0.0013562201439029473,0.006511789090558377
20.0,0.16709781969179568,True,0.3153853049607068,0.024949766949123202,0.0013558266972529757,0.006512963160694809
0.0,0.18413747753308876,False,0.07163747753308872,0.005534533777527512,0.004833608785243581,-0.004437128746099833
0.2,0.18413747753308876,True,0.2591374775330887,0.021310310814981647,0.0031073199333708735,0.00241498025666957
0.4,0.18413747753308876,True,0.2847640478947612,0.023466465803036986,0.002603191539385349,0.004079214252471451
0.6000000000000001,0.18413747753308876,True,0.29663747753308867,0.02446546622247247,0.002347752838546882,0.004909621348358335
0.8,0.18413747753308876,True,0.3036973141022175,0.025059463063194832,0.0021893078055356253,0.005421183819600373
1.0,0.18413747753308876,True,0.3084360242190145,0.02545816617918266,0.0020802108202640558,0.005772004739950024
1.2000000000000002,0.18413747753308876,True,0.3118583527440229,0.025746112268566407,0.002000048795050894,0.0060290913665869035
1.4000000000000001,0.18413747753308876,True,0.31445538339651624,0.0259646198767433,0.0019384503148406093,0.006226264183245511
1.6,0.18413747753308876,True,0.3164981590288378,0.026136493865612908,0.0018895326994907606,0.006382619492444238
1.8,0.18413747753308876,True,0.31814947411270433,0.026275431351381773,0.001849689713896656,0.006509824952629919
2.0,0.18413747753308876,True,0.3195134197500922,0.02639019029680384,0.0018165784430391693,0.0066154415065483255
2.2,0.18413747753308876,True,0.3206598481481174,0.026486647890385986,0.0017886063232559846,0.00670459816722784
2.4000000000000004,0.18413747753308876,True,0.3216374775330887,0.026568903160799698,0.0017646508263587674,0.006780904167101755
2.6,0.18413747753308876,True,0.322481374503427,0.026639906523181777,0.0017438967822414318,0.006846976889997039
2.8000000000000003,0.18413747753308876,True,0.3232174517630605,0.02670183820707682,0.0017257372529077683,0.0069047628497731295
3.0,0.18413747753308876,True,0.32386528907169615,0.02675634560407724,0.0017097106398435004,0.006955740963723181
3.2,0.18413747753308876,True,0.32443996682527565,0.0268046975406578,0.0016954593969223978,0.007001055783930166
3.4000000000000004,0.18413747753308876,True,0.3249532947104624,0.026847887654064807,0.0016827021246436727,0.007041607424561035
3.6,0.18413747753308876,True,0.3254146569521259,0.026886705509307388,0.001671214226323523,0.007078113823560574
3.8000000000000003,0.18413747753308876,True,0.3258316073067078,0.026921786660398427,0.0016608141996578602,0.007111154819468045
4.0,0.18413747753308876,True,0.3262102964563067,0.02695364861021483,0.0016513537305105994,0.0071412039732067
4.2,0.18413747753308876,True,0.3265557845806847,0.02698271710951763,0.0016427104089666111,0.007168651946850584
4.4,0.18413747753308876,True,0.3268722736590809,0.02700934570224068,0.0016347822895646836,0.007193823950170853
4.6000000000000005,0.18413747753308876,True,0.3271632826313535,0.027033830463107183,0.0016274837714460217,0.007216992944963608
4.800000000000001,0.18413747753308876,True,0.3274317812141432,0.027056421256584307,0.0016207424382636095,0.007238389767059997
5.0,0.18413747753308876,True,0.3276802933556152,0.027077330441304105,0.0016144966060653622,0.007258210976228097
5.2,0.18413747753308876,True,0.32791097809224157,0.027096739673149236,0.0016086934003016068,0.007276625009031606
5.4,0.18413747753308876,True,0.32812569337752084,0.02711480527564044,0.001603287233058132,0.007293777048807848
5.6000000000000005,0.18413747753308876,True,0.32832604693374257,0.02713166251847572,0.0015982385863712696,0.007309792915060254
5.800000000000001,0.18413747753308876,True,0.32851343711048964,0.02714742905526169,0.0015935130320182723,0.0073247821956389176
6.0,0.18413747753308876,True,0.3286890859730177,0.02716220770748635,0.0015890804357327228,0.007338840788650223
6.2,0.18413747753308876,True,0.3288540662948263,0.027176088735605924,0.0015849143065131551,0.007352052980179878
6.4,0.18413747753308876,True,0.3290093237280143,0.027189151704402614,0.0015809912610131708,0.00736449315399072
6.6000000000000005,0.18413747753308876,True,0.3291556951292191,0.027201467024882995,0.0015772905799043499,0.007376227207205544
6.800000000000001,0.18413747753308876,True,0.32929392379836087,0.027213097236427355,0.0015737938382672572,0.0073873137294222365
7.0,0.18413747753308876,True,0.3294246722213669,0.02722409807893048,0.0015704845959649309,0.0073978049902090875
7.2,0.18413747753308876,True,0.32954853278192564,0.027234519394061747,0.0015673481369231034,0.007407747770410843
7.4,0.18413747753308876,True,0.32966603681071605,0.027244405886644122,0.0015643712485220527,0.007417184065390456
7.6000000000000005,0.18413747753308876,True,0.3297776622660077,0.027253797770880876,0.001561542034069764,0.007426151682681863
7.800000000000001,0.18413747753308876,True,0.3298838402815148,0.027262731321275102,0.0015588497527019097,0.007434684752123457
8.0,0.18413747753308876,True,0.32998496077200534,0.02727123934427189,0.001556284682133718,0.007442814163089811
8.200000000000001,0.18413747753308876,True,0.3300813772513434,0.027279351583636008,0.0015538380005418336,0.007450567940708355
8.4,0.18413747753308876,True,0.3301734109892719,0.02728709507019324,0.0015515016845320637,0.007457971570782184
8.6,0.18413747753308876,True,0.3302613546105746,0.02729449442465479,0.0015492684206908813,0.007465048281406386
8.8,0.18413747753308876,True,0.33034547522207885,0.027301572120715302,0.0015471315286541846,0.00747181928787337
9.0,0.18413747753308876,True,0.33042601713830394,0.027308348714382164,0.0015450848939788247,0.0074783040063383975
9.200000000000001,0.18413747753308876,True,0.3305032042646552,0.02731484304449137,0.0015431229093883592,0.007484520240802168
9.4,0.18413747753308876,True,0.3305772421873897,0.027321072408552072,0.0015412404231977678,0.0074904843472233616
9.600000000000001,0.18413747753308876,True,0.3306483200116378,0.027327052717392823,0.0015394326939131735,0.007496211377962225
9.8,0.18413747753308876,True,0.3307166119822569,0.027332798631536485,0.0015376953501600133,0.007501715209255
10.0,0.18413747753308876,True,0.3307822789168967,0.027338323681774412,0.0015360243552234043,0.007507008654001702
10.200000000000001,0.18413747753308876,True,0.33084546947620697,0.027343640376038668,0.0015344159755924167,0.007512103561806665
10.4,0.18413747753308876,True,0.3309063212923952,0.02734876029435604,0.0015328667529901064,0.0075170109079227745
10.600000000000001,0.18413747753308876,True,0.33096496197424313,0.02735369417340757,0.00153137347944642,0.0075217408725104925
10.8,0.18413747753308876,True,0.33102151000408975,0.027358451981998332,0.0015299331750343384,0.007526302911421132
11.0,0.18413747753308876,True,0.3310760755401058,0.027363042988558947,0.0015285430679427997,0.0075307058195445056
11.200000000000001,0.18413747753308876,True,0.33112876113532896,0.027367475821643377,0.0015272005766049789,0.0075349577876168625
11.4,0.18413747753308876,True,0.33117966238337226,0.027371758524257016,0.0015259032936385873,0.007539066453264043
11.600000000000001,0.18413747753308876,True,0.3312288684993965,0.027375898602738494,0.0015246489713872213,0.0075430389469520595
11.8,0.18413747753308876,True,0.3312764628437912,0.027379903070820697,0.0015234355088794903,0.007546881933427847
12.0,0.18413747753308876,True,0.33132252339505985,0.02738377848941823,0.0015222609400462016,0.007550601649159206
12.200000000000001,0.18413747753308876,True,0.33136712317756634,0.027387531002616834,0.0015211234230561631,0.007554203936217386
12.4,0.18413747753308876,True,0.3314103306490981,0.027391166370282116,0.0015200212306485414,0.007557694272991109
12.600000000000001,0.18413747753308876,True,0.3314522100525774,0.02739468999765143,0.0015189527413547533,0.00756107780207205
12.8,0.18413747753308876,True,0.3314928217357459,0.02739810696223163,0.0015179164315157357,0.007564359355612213
13.0,0.18413747753308876,True,0.33153222244216096,0.02740142203828239,0.0015169108680117757,0.007567543478415592
13.200000000000001,0.18413747753308876,True,0.33157046557647996,0.027404639719136967,0.0015159347016316727,0.007570634448998265
13.4,0.18413747753308876,True,0.3316076014466335,0.027407764237577695,0.0015149866610166094,0.0075736362988213495
13.600000000000001,0.18413747753308876,True,0.3316436774852126,0.027410799584463116,0.0015140655471213669,0.007576552829880119
13.8,0.18413747753308876,True,0.3316787384521206,0.027413749525778634,0.0015131702281420464,0.007579387630810629
14.0,0.18413747753308876,True,0.33171282662031154,0.027416617618263972,0.0015122996348650587,0.0075821440916575165
14.200000000000001,0.18413747753308876,True,0.33174598194624516,0.027419407223754775,0.0015114527563971046,0.0075848254174313914
14.4,0.18413747753308876,True,0.33177824222650676,0.027422121522360506,0.001510628636240178,0.007587434640570251
14.600000000000001,0.18413747753308876,True,0.33180964324187634,0.027424763524585682,0.0015098263686795477,0.0075899746324060505
14.8,0.18413747753308876,True,0.33184021889001897,0.027427336082494338,0.0015090450954558896,0.007592448113729147
15.0,0.18413747753308876,True,0.3318700013078212,0.027429841900003027,0.0015082840026958758,0.007594857664531457
15.200000000000001,0.18413747753308876,True,0.33189902098430923,0.027432283542381555,0.0015075423180780623,0.007597205733002354
15.4,0.18413747753308876,True,0.3319273068649832,0.027434663445031305,0.0015068193082132934,0.007599494643843149
15.600000000000001,0.18413747753308876,True,0.3319548864483178,0.02743698392160445,0.0015061142762209196,0.007601726605959606
15.8,0.18413747753308876,True,0.3319817858751156,0.02743924717152232,0.0015054265594839128,0.007603903719586781
16.0,0.18413747753308876,True,0.3320080300113081,0.027441455286941592,0.0015047555275677243,0.007606027982893148
16.2,0.18413747753308876,True,0.33203364252477496,0.027443610259217974,0.0015041005802890449,0.007608101298109383
16.400000000000002,0.18413747753308876,True,0.3320586459566688,0.02744571398490718,0.0015034611459220557,0.00761012547722023
16.6,0.18413747753308876,True,0.33208306178770286,0.027447768271342272,0.0015028366795308639,0.007612102247255842
16.8,0.18413747753308876,True,0.33210691049981195,0.02744977484182157,0.00150222666141789,0.007614033255214937
17.0,0.18413747753308876,True,0.3321302116335576,0.027451735340438557,0.0015016305956789008,0.007615920072649369
17.2,0.18413747753308876,True,0.33215298384162084,0.02745365133658289,0.0015010480088562146,0.007617764199937294
17.400000000000002,0.18413747753308876,True,0.3321752449386802,0.02745552432913657,0.0015004784486824319,0.007619567070268402
17.6,0.18413747753308876,True,0.3321970119479718,0.027457355750391807,0.0014999214829075939,0.007621330053365025
17.8,0.18413747753308876,True,0.332218301144771,0.027459146969709216,0.001499376698203443,0.00762305445895794
18.0,0.18413747753308876,True,0.3322391280970415,0.027460899296937912,0.0014988436991388947,0.007624741540036417
18.2,0.18413747753308876,True,0.3322595077034619,0.02746261398561529,0.0014983221072213733,0.007626392495889371
18.400000000000002,0.18413747753308876,True,0.3322794542290175,0.02746429223596104,0.0014978115599991783,0.007628008474952199
18.6,0.18413747753308876,True,0.3322989813383557,0.027465935197684314,0.0014973117102202893,0.007629590577475499
18.8,0.18413747753308876,True,0.33231810212704216,0.027467543972612817,0.001496822225043646,0.007631139858026122
19.0,0.18413747753308876,True,0.3323368291508958,0.02746911961716157,0.0014963427852989863,0.007632657327835158
19.200000000000003,0.18413747753308876,True,0.3323551744535185,0.027470663144648792,0.001495873084791904,0.007634143957001686
19.400000000000002,0.18413747753308876,True,0.33237314959216147,0.027472175527472522,0.0014954128296508489,0.007635600676563894
19.6,0.18413747753308876,True,0.33239076566203707,0.027473657699155923,0.001494961737713204,0.007637028380445953
19.8,0.18413747753308876,True,0.3324080333191853,0.027475110556271245,0.0014945195379477048,0.007638427927289606
20.0,0.18413747753308876,True,0.3324249628019999,0.027476534960251237,0.0014940859699107115,0.007639800142178655
0.0,0.20291473996960566,False,0.09041473996960561,0.0034220917534193603,0.00532651192420215,-0.005017104388164606
0.2,0.20291473996960566,True,0.2779147399696056,0.022718605497720416,0.0034241862369870967,0.0028896491023839245
0.4,0.20291473996960566,True,0.30354131033127807,0.02535595732280474,0.0028686497794048224,0.004827930731063294
0.6000000000000001,0.20291473996960566,True,0.31541473996960556,0.02657790824658062,0.0025871629346124725,0.0057959010839187895
0.8,0.20291473996960566,True,0.3224745765387344,0.027304469491320434,0.0024125606043118556,0.006392436632516494
1.0,0.20291473996960566,True,0.3272132866555314,0.027792152610781932,0.0022923385468881004,0.006801623052117964
1.2000000000000002,0.20291473996960566,True,0.3306356151805398,0.02814436066102374,0.0022040020674300134,0.007101525933590555
1.4000000000000001,0.20291473996960566,True,0.33323264583303314,0.028411633395318183,0.0021361221346653933,0.007331561634094648
1.6,0.20291473996960566,True,0.3352754214653547,0.02862186511833481,0.002082216187154713,0.007513991703519525
1.8,0.20291473996960566,True,0.33692673654922123,0.02879180978079882,0.002038310247040009,0.007662420261750486
2.0,0.20291473996960566,True,0.33829068218660907,0.02893217989140326,0.0020018224825386036,0.007785664390069898
2.2,0.20291473996960566,True,0.33943711058463427,0.0290501642718798,0.0019709979296651473,0.007889705892790708
2.4000000000000004,0.20291473996960566,True,0.3404147399696056,0.02915077674582077,0.0019445995913753879,0.007978754494465215
2.6,0.20291473996960566,True,0.3412586369399439,0.029237626183084273,0.0019217291712859729,0.008055863287312982
2.8000000000000003,0.20291473996960566,True,0.3419947141995774,0.029313379382857004,0.0019017178394154764,0.008123302964848488
3.0,0.20291473996960566,True,0.34264255150821304,0.029380051391017847,0.001884056926134284,0.008182798845926495
3.2,0.20291473996960566,True,0.34321722926179254,0.02943919420259379,0.001868352424854475,0.008235686241059593
3.4000000000000004,0.20291473996960566,True,0.3437305571469793,0.029492023208416936,0.0018542942406008442,0.008283015328219954
3.6,0.20291473996960566,True,0.3441919193886428,0.029539504183549534,0.001841634873634054,0.008325623769090703
3.8000000000000003,0.20291473996960566,True,0.3446088697432247,0.029582414520871552,0.001830174313107147,0.008364188119205957
4.0,0.20291473996960566,True,0.3449875588928236,0.029621387216231837,0.0018197491206763344,0.00839926094607058
4.2,0.20291473996960566,True,0.3453330470172016,0.029656943036714786,0.0018102244037796508,0.008431298100304645
4.4,0.20291473996960566,True,0.3456495360955978,0.029689514427921167,0.0018014878211543076,0.008460679067760202
4.6000000000000005,0.20291473996960566,True,0.3459405450678704,0.02971946354063142,0.0017934450428668427,0.008487722373503892
4.800000000000001,0.20291473996960566,True,0.3462090436506601,0.029747096002461414,0.0017860162679749314,0.008512697390421608
5.0,0.20291473996960566,True,0.3464575557921321,0.029772671564880292,0.0017791335223580136,0.008535833497412326
5.2,0.20291473996960566,True,0.34668824052875846,0.02979641242456516,0.0017727385396292485,0.008557327257912485
5.4,0.20291473996960566,True,0.34690295581403774,0.02981850979231718,0.0017667810830857005,0.008577348101838958
5.6000000000000005,0.20291473996960566,True,0.34710330937025946,0.02983912912645773,0.0017612176049530152,0.008596042863566961
5.800000000000001,0.20291473996960566,True,0.34729069954700653,0.029858414337770502,0.0017560101662197553,0.008613539436508931
6.0,0.20291473996960566,True,0.3474663484095346,0.029876491194783528,0.00175112555970335,0.008629949739037695
6.2,0.20291473996960566,True,0.34763132873134317,0.02989347010170256,0.001746534593005023,0.008645372138840519
6.4,0.20291473996960566,True,0.3477865861645312,0.02990944838006744,0.0017422114982815428,0.008659893447886379
6.6000000000000005,0.20291473996960566,True,0.347932957565736,0.029924512154761447,0.0017381334433686211,0.008673590574349344
6.800000000000001,0.20291473996960566,True,0.34807118623487776,0.029938737922302533,0.0017342801244813561,0.008686531898509608
7.0,0.20291473996960566,True,0.3482019346578838,0.0299521938622576,0.0017306334250138224,0.008698778425072266
7.2,0.20291473996960566,True,0.34832579521844254,0.029964940939640014,0.0017271771282326123,0.00871038475324116
7.4,0.20291473996960566,True,0.34844329924723294,0.029977033836208335,0.0017238966741723618,0.008721399897362007
7.6000000000000005,0.20291473996960566,True,0.3485549247025246,0.029988521740913696,0.0017207789529860198,0.008731867984358176
7.800000000000001,0.20291473996960566,True,0.3486611027180317,0.029999449023770088,0.0017178121285187683,0.00874182884904229
8.0,0.20291473996960566,True,0.34876222320852224,0.030009855812754525,0.001714985487064126,0.008751318544359336
8.200000000000001,0.20291473996960566,True,0.3488586396878603,0.03001977848965438,0.0017122893072008146,0.008760369780430903
8.4,0.20291473996960566,True,0.3489506734257888,0.030029250117861707,0.0017097147473558528,0.008769012303743436
8.6,0.20291473996960566,True,0.3490386170470915,0.030038300812780076,0.0017072537483365975,0.008777273225800684
8.8,0.20291473996960566,True,0.34912273765859575,0.030046958063639124,0.0017048989485545082,0.008785177308936201
9.0,0.20291473996960566,True,0.34920327957482084,0.030055247014004086,0.0017026436100513033,0.008792747215670265
9.200000000000001,0.20291473996960566,True,0.3492804667011721,0.03006319070704151,0.0017004815537533006,0.008800003726928497
9.4,0.20291473996960566,True,0.3493545046239066,0.030070810300607653,0.0016984071026367885,0.008806965933571467
9.600000000000001,0.20291473996960566,True,0.3494255824481547,0.030078125256407726,0.0016964150316980903,0.008813651404970731
9.8,0.20291473996960566,True,0.3494938744187738,0.03008515350680601,0.001694500523795445,0.008820076337781747
10.0,0.20291473996960566,True,0.3495595413534136,0.03009191160230907,0.001692659130573407,0.008826255687577217
10.200000000000001,0.20291473996960566,True,0.34962273191272386,0.030098414842289006,0.0016908867377994502,0.008832203285604107
10.4,0.20291473996960566,True,0.3496835837289121,0.03010467739112868,0.0016891795345417844,0.00883793194259085
10.600000000000001,0.20291473996960566,True,0.34974222441076,0.030110712381652728,0.0016875339857003425,0.008843453541251496
10.8,0.20291473996960566,True,0.34979877244060664,0.03011653200744019,0.0016859468074725856,0.00884877911889823
11.0,0.20291473996960566,True,0.3498533379766227,0.030122147605390566,0.0016844149453943793,0.008853918941376042
11.200000000000001,0.20291473996960566,True,0.34990602357184586,0.030127569729723126,0.0016829355546458208,0.008858882569365109
11.4,0.20291473996960566,True,0.34995692481988916,0.03013280821842962,0.0016815059823538628,0.00886367891795525
11.600000000000001,0.20291473996960566,True,0.3500061309359134,0.030137872253065162,0.001680123751659254,0.0088683163102769
11.8,0.20291473996960566,True,0.3500537252803081,0.030142770412642562,0.0016787865473458367,0.008872802525868742
12.0,0.20291473996960566,True,0.35009978583157675,0.030147510722299237,0.0016774922028561857,0.00887714484437594
12.200000000000001,0.20291473996960566,True,0.35014438561408323,0.030152100697318576,0.0016762386885399423,0.008881350085096641
12.4,0.20291473996960566,True,0.350187593085615,0.030156547383016027,0.0016750241010003207,0.008885424642830365
12.600000000000001,0.20291473996960566,True,0.3502294724890943,0.030160857390935155,0.00167384665342086,0.00888937452042516
12.8,0.20291473996960566,True,0.3502700841722628,0.030165036931748202,0.0016727046667686619,0.008893205358374196
13.0,0.20291473996960566,True,0.35030948487867786,0.0301690918452035,0.001671596561782852,0.008896922461767907
13.200000000000001,0.20291473996960566,True,0.35034772801299685,0.03017302762742758,0.0016705208516675655,0.008900530824875071
13.4,0.20291473996960566,True,0.3503848638831504,0.03017684945584799,0.001669476135418253,0.008904035153591366
13.600000000000001,0.20291473996960566,True,0.3504209399217295,0.030180562211977482,0.0016684610917180813,0.008907439885969301
13.8,0.20291473996960566,True,0.3504560008886375,0.03018417050226991,0.0016674744733484116,0.008910749211017878
14.0,0.20291473996960566,True,0.35049008905682844,0.03018767867723535,0.0016665151020635114,0.008913967085939629
14.200000000000001,0.20291473996960566,True,0.35052324438276206,0.030191090848982374,0.0016655818638850973,0.008917097251954921
14.4,0.20291473996960566,True,0.35055550466302365,0.030194410907336853,0.0016646737047770937,0.008920143248847084
14.600000000000001,0.20291473996960566,True,0.35058690567839323,0.030197642534668397,0.0016637896266652817,0.008923108428346344
14.8,0.20291473996960566,True,0.35061748132653586,0.030200789219546394,0.0016629286837700724,0.008925995966460881
15.0,0.20291473996960566,True,0.3506472637443381,0.030203854269330147,0.0016620899792240999,0.00892880887484926
15.200000000000001,0.20291473996960566,True,0.35067628342082613,0.030206840821789916,0.0016612726619490978,0.008931550011320682
15.4,0.20291473996960566,True,0.35070456930150007,0.03020975185584433,0.0016604759237691764,0.008934222089539902
15.600000000000001,0.20291473996960566,True,0.35073214888483467,0.030212590201491637,0.0016596989967398751,0.008936827688006186
15.8,0.20291473996960566,True,0.3507590483116325,0.030215358549005884,0.001658941150674359,0.008939369258369695
16.0,0.20291473996960566,True,0.35078529244782497,0.030218059457457862,0.0016582016908500538,0.008941849133140065
16.2,0.20291473996960566,True,0.35081090496129186,0.03022069536262127,0.0016574799558804673,0.008944269532840218
16.400000000000002,0.20291473996960566,True,0.3508359083931857,0.030223268584312957,0.0016567753157385279,0.008946632572650139
16.6,0.20291473996960566,True,0.35086032422421976,0.030225781333214984,0.0016560871699189696,0.008948940268583208
16.8,0.20291473996960566,True,0.35088417293632884,0.030228235717220324,0.0016554149457284944,0.008951194543232753
17.0,0.20291473996960566,True,0.3509074740700745,0.030230633747340724,0.0016547580966934574,0.008953397231123426
17.2,0.20291473996960566,True,0.35093024627813774,0.03023297734321212,0.0016541161010757328,0.008955550083699054
17.400000000000002,0.20291473996960566,True,0.3509525073751971,0.030235268338227407,0.0016534884604883387,0.00895765477397448
17.6,0.20291473996960566,True,0.3509742743844887,0.03023750848432857,0.0016528746986029944,0.008959712900879047
17.8,0.20291473996960566,True,0.3509955635812879,0.030239699456481344,0.0016522743599426454,0.008961725993313789
18.0,0.20291473996960566,True,0.3510163905335584,0.030241842856858575,0.00165168700875246,0.008963695513945113
18.2,0.20291473996960566,True,0.3510367701399788,0.03024394021875406,0.0016511122279434035,0.008965622862754626
18.400000000000002,0.20291473996960566,True,0.3510567166655344,0.030245993010244863,0.0016505496181030718,0.008967509380362193
18.6,0.20291473996960566,True,0.3510762437748726,0.030248002637624807,0.0016499987965687165,0.00896935635114104
18.8,0.20291473996960566,True,0.35109536456355905,0.03024997044862047,0.001649459396558093,0.0089711650061372
19.0,0.20291473996960566,True,0.3511140915874127,0.030251897735410777,0.0016489310663538237,0.00897293652581024
19.200000000000003,0.20291473996960566,True,0.35113243689003537,0.030253785737459824,0.0016484134685375883,0.008974672042605675
19.400000000000002,0.20291473996960566,True,0.35115041202867836,0.030255635644179185,0.001647906279270536,0.008976372643372551
19.6,0.20291473996960566,True,0.35116802809855396,0.03025744859742974,0.001647409187616757,0.008978039371636003
19.8,0.20291473996960566,True,0.3511852957557022,0.030259225693874996,0.0016469218949068045,0.00897967322973523
20.0,0.20291473996960566,True,0.3512022252385168,0.030260967987196713,0.0016464441141385206,0.008981275180836487
0.0,0.22360679774997896,False,0.11110679774997892,0.0010942352531273618,0.005869678440936949,-0.00574810146597683
0.2,0.22360679774997896,True,0.2986067977499789,0.024270509831248413,0.003773364712030896,0.003473974508437573
0.4,0.22360679774997896,True,0.3242333681116514,0.027438128130969266,0.0031611778973522466,0.005735178801230968
0.6000000000000001,0.22360679774997896,True,0.33610679774997887,0.028905764746872616,0.0028509866713122317,0.006864437354273353
0.8,0.22360679774997896,True,0.3431666343191077,0.029778408537820836,0.0026585794170927847,0.007560376816210572
1.0,0.22360679774997896,True,0.3479053444359047,0.030364145320823537,0.0025260978177596522,0.008037750618583323
1.2000000000000002,0.22360679774997896,True,0.3513276729609131,0.03078716839064824,0.0024287533010474193,0.008387630926694808
1.4000000000000001,0.22360679774997896,True,0.35392470361340644,0.031108179033261477,0.00235395136995432,0.008656001674345533
1.6,0.22360679774997896,True,0.355967479245728,0.031360679987694436,0.0022945484093594066,0.008868833793292131
1.8,0.22360679774997896,True,0.35761879432959454,0.031564793757287414,0.0022461651983973945,0.009041998288346044
2.0,0.22360679774997896,True,0.3589827399669824,0.03173338670982997,0.0022059566251885843,0.009185781484338
2.2,0.22360679774997896,True,0.3601291683650076,0.03187509305295951,0.0021719887647899706,0.00930716198792957
2.4000000000000004,0.22360679774997896,True,0.3611067977499789,0.0319959346906221,0.0021428984784372987,0.009411051038710708
2.6,0.22360679774997896,True,0.3619506947203172,0.032100246092756524,0.0021176958667386277,0.009501010507227743
2.8000000000000003,0.22360679774997896,True,0.3626867719799507,0.03219123024571641,0.002095643896344835,0.009579689487537403
3.0,0.22360679774997896,True,0.36333460928858635,0.03227130734089982,0.002076182026474075,0.00964910081746365
3.2,0.22360679774997896,True,0.36390928704216585,0.03234234141775793,0.0020588760720522104,0.009710802334558389
3.4000000000000004,0.22360679774997896,True,0.3644226149273526,0.032405792233841636,0.002043384316433055,0.00976601922821601
3.6,0.22360679774997896,True,0.3648839771690161,0.032462819743136424,0.002029434021302155,0.009815728756694321
3.8000000000000003,0.22360679774997896,True,0.365300927523598,0.03251435764128699,0.0020168047798767895,0.009860720224319334
4.0,0.22360679774997896,True,0.36567961667319693,0.03256116619441158,0.002005316487327266,0.009901638285077419
4.2,0.22360679774997896,True,0.3660251047975749,0.03260387087512659,0.0019948204955375047,0.009939014758337304
4.4,0.22360679774997896,True,0.3663415938759711,0.032642991076630004,0.001985193007340128,0.00997329237255161
4.6000000000000005,0.22360679774997896,True,0.3666326028482437,0.032678961763809126,0.001976330073587053,0.010004842736256521
4.800000000000001,0.22360679774997896,True,0.3669011014310334,0.03271215001382815,0.001968143755702829,0.010033980114547912
5.0,0.22360679774997896,True,0.3671496135725054,0.03274286780383749,0.001960559147963849,0.010060972113470715
5.2,0.22360679774997896,True,0.36738029830913177,0.032771382005421686,0.0019535120423180992,0.010086048054836231
5.4,0.22360679774997896,True,0.36759501359441105,0.032797922274263036,0.0019469470792176514,0.010109405605058507
5.6000000000000005,0.22360679774997896,True,0.36779536715063277,0.03282268733576542,0.0019408162701409523,0.010131216069387314
5.800000000000001,0.22360679774997896,True,0.36798275732737984,0.03284585003544292,0.0019350778072781856,0.010151628655525718
6.0,0.22360679774997896,True,0.3681584061899079,0.03286756142886844,0.001929695097172623,0.010170773933828474
6.2,0.22360679774997896,True,0.3683233865117165,0.032887954118138954,0.0019246359705554857,0.010188766665679406
6.4,0.22360679774997896,True,0.3684786439449045,0.03290714499228219,0.0019198720319296766,0.01020570813092482
6.6000000000000005,0.22360679774997896,True,0.3686250153461093,0.03292523749246733,0.0019153781208404003,0.010221688055094661
6.800000000000001,0.22360679774997896,True,0.36876324401525107,0.032942323495617196,0.0019111318630415837,0.010236786214602039
7.0,0.22360679774997896,True,0.3688939924382571,0.03295848488949579,0.0019071132945018415,0.01025107378110023
7.2,0.22360679774997896,True,0.36901785299881584,0.032973794896754,0.00190330454480019,0.01026461445322328
7.4,0.22360679774997896,True,0.36913535702760625,0.03298831919347548,0.0018996895692311977,0.01027746541399301
7.6000000000000005,0.22360679774997896,True,0.3692469824828979,0.03300211685855149,0.0018962539210823268,0.010289678144485784
7.800000000000001,0.22360679774997896,True,0.369353160498405,0.033015241183039765,0.0018929845572169528,0.010301299118355884
8.0,0.22360679774997896,True,0.36945428098889554,0.03302774036305622,0.0018898696714075012,0.010312370397113357
8.200000000000001,0.22360679774997896,True,0.3695506974682336,0.03303965809531752,0.0018868985508990385,0.010322930142337521
8.4,0.22360679774997896,True,0.3696427312061621,0.033051034090947805,0.0018840614525067096,0.010333013058059209
8.6,0.22360679774997896,True,0.3697306748274648,0.03306190452035958,0.001881349495208566,0.01034265077418519
8.8,0.22360679774997896,True,0.36981479543896906,0.033072302399772394,0.0018787545667243455,0.010351872179943208
9.0,0.22360679774997896,True,0.36989533735519414,0.03308225792812163,0.0018762692419982095,0.010360703714795888
9.200000000000001,0.22360679774997896,True,0.3699725244815454,0.033091798781637406,0.0018738867118507005,0.01036916962302702
9.4,0.22360679774997896,True,0.3700465624042799,0.033100950372178715,0.001871600720348449,0.010377292177190954
9.600000000000001,0.22360679774997896,True,0.370117640228528,0.03310973607442503,0.0018694055096724778,0.01038509187478308
9.8,0.22360679774997896,True,0.3701859321991471,0.033118177426225304,0.0018672957714570989,0.010392587611806864
10.0,0.22360679774997896,True,0.3702515991337869,0.033126294305734195,0.0018652666037296088,0.010399796836344937
10.200000000000001,0.22360679774997896,True,0.37031478969309717,0.033134105088418554,0.0018633134727121228,0.010406735684774574
10.4,0.22360679774997896,True,0.3703756415092854,0.03314162678655483,0.0018614321788563285,0.010413419102875233
10.600000000000001,0.22360679774997896,True,0.37043428219113333,0.03314887517345595,0.0018596188265733397,0.010419860953749296
10.8,0.22360679774997896,True,0.37049083022097995,0.03315586489434437,0.00185786979719765,0.010426074114202639
11.0,0.22360679774997896,True,0.370545395756996,0.03316260956551881,0.0018561817247887474,0.01043207056100116
11.200000000000001,0.22360679774997896,True,0.37059808135221917,0.03316912186323192,0.0018545514744286423,0.010437861448223052
11.4,0.22360679774997896,True,0.37064898260026247,0.03317541360350402,0.0018529761227198177,0.010443457176761853
11.600000000000001,0.22360679774997896,True,0.3706981887162867,0.03318149581393548,0.00185145294022741,0.010448867456895522
11.8,0.22360679774997896,True,0.3707457830606814,0.03318737879843711,0.0018499793756430651,0.010454101364714958
12.0,0.22360679774997896,True,0.37079184361195006,0.03319307219568204,0.0018485530414765103,0.010459167393104991
12.200000000000001,0.22360679774997896,True,0.37083644339445654,0.03319858503197799,0.0018471717011055207,0.010464073497881638
12.4,0.22360679774997896,True,0.3708796508659883,0.03320392576917292,0.0018458332570360436,0.010468827139615002
12.600000000000001,0.22360679774997896,True,0.3709215302694676,0.033209102348128655,0.0018445357402425318,0.01047343532160072
12.8,0.22360679774997896,True,0.3709621419526361,0.03321412222823639,0.001843277300474137,0.010477904624389096
13.0,0.22360679774997896,True,0.37100154265905116,0.0332189924233854,0.0018420561974262022,0.010482241237229113
13.200000000000001,0.22360679774997896,True,0.37103978579337016,0.033223719534754524,0.0018408707926881207,0.010486450986746205
13.4,0.22360679774997896,True,0.3710769216635237,0.03322830978074587,0.0018397195423890983,0.010490539363132033
13.600000000000001,0.22360679774997896,True,0.3711129977021028,0.03323276902435013,0.0018386009904721417,0.010494511544096021
13.8,0.22360679774997896,True,0.3711480586690108,0.03323710279819565,0.0018375137625345553,0.010498372416798107
14.0,0.22360679774997896,True,0.37118214683720174,0.033241316327506924,0.0018364565601799998,0.010502126597958548
14.200000000000001,0.22360679774997896,True,0.37121530216313536,0.0332454145511739,0.0018354281558332062,0.01050577845231951
14.4,0.22360679774997896,True,0.37124756244339696,0.03324940214111156,0.001834427387973668,0.010509332109614262
14.600000000000001,0.22360679774997896,True,0.37127896345876654,0.03325328352006749,0.0018334531567493976,0.010512791480181744
14.8,0.22360679774997896,True,0.37130953910690917,0.033257062878023526,0.0018325044199357376,0.010516160269352676
15.0,0.22360679774997896,True,0.3713393215247114,0.03326074418731728,0.0018315801892080374,0.01051944199071735
15.200000000000001,0.22360679774997896,True,0.37136834120119944,0.03326433121659971,0.0018306795267000486,0.010522639978375863
15.4,0.22360679774997896,True,0.3713966270818734,0.0332678275437314,0.0018298015418228334,0.010525757398260453
15.600000000000001,0.22360679774997896,True,0.371424206665208,0.033271236567710624,0.001828945388321449,0.010528797258610927
15.8,0.22360679774997896,True,0.3714511060920058,0.033274561519718436,0.0018281102615488802,0.010531762419677026
16.0,0.22360679774997896,True,0.3714773502281983,0.0332778054733529,0.0018272953959388093,0.01053465560271176
16.2,0.22360679774997896,True,0.37150296274166517,0.03328097135412487,0.001826500062660421,0.010537479398317456
16.400000000000002,0.22360679774997896,True,0.371527966173559,0.03328406194827401,0.0018257235674401684,0.01054023627419682
16.6,0.22360679774997896,True,0.37155238200459306,0.033287079910962546,0.0018249652485367734,0.010542928582358597
16.8,0.22360679774997896,True,0.37157623071670215,0.033290027773896835,0.0018242244748570263,0.010545558565821886
17.0,0.22360679774997896,True,0.3715995318504478,0.03329290795242305,0.0018235006442010972,0.010548128364859358
17.2,0.22360679774997896,True,0.37162230405851104,0.033295722752139476,0.0018227931816270602,0.0105506400228164
17.400000000000002,0.22360679774997896,True,0.3716445651555704,0.03329847437506137,0.0018221015379253453,0.010553095491538243
17.6,0.22360679774997896,True,0.371666332164862,0.0333011649253765,0.001821425188194501,0.010555496636437333
17.8,0.22360679774997896,True,0.3716876213616612,0.033303796414819536,0.001820763630510588,0.010557845241226707
18.0,0.22360679774997896,True,0.3717084483139317,0.03330637076769654,0.001820116384683046,0.010560143012345929
18.2,0.22360679774997896,True,0.3717288279203521,0.03330888982558562,0.0018194829910905426,0.010562391583102543
18.400000000000002,0.22360679774997896,True,0.3717487744459077,0.03331135535173574,0.0018188630095909335,0.010564592517548956
18.6,0.22360679774997896,True,0.37176830155524593,0.03331376903519039,0.0018182560184997621,0.010566747314116715
18.8,0.22360679774997896,True,0.37178742234393236,0.03331613249465036,0.0018176616136324768,0.010568857409022506
19.0,0.22360679774997896,True,0.371806149367786,0.0333184472821003,0.0018170794074056204,0.010570924179465669
19.200000000000003,0.22360679774997896,True,0.3718244946704087,0.03332071488621122,0.0018165090279929266,0.010572948946629324
19.400000000000002,0.22360679774997896,True,0.37184246980905167,0.03332293673553799,0.0018159501185323534,0.01057493297850087
19.6,0.22360679774997896,True,0.37186008587892727,0.033325114201524265,0.0018154023363805673,0.010576877492523305
19.8,0.22360679774997896,True,0.3718773535360755,0.03332724860132897,0.0018148653524115578,0.010578783658089534
20.0,0.22360679774997896,True,0.3718942830188901,0.03332934120048727,0.0018143388503563671,0.010580652598890801
0.0,0.24640891049851496,False,0.13390891049851492,-0.0014710024310829392,0.006468233900586019,-0.006665214233473002
0.2,0.24640891049851496,True,0.3214089104985149,0.02598066828738861,0.004158150364662441,0.004192267923610449
0.4,0.24640891049851496,True,0.34703548086018743,0.02973262653385461,0.0034835363209731705,0.006834740025439432
0.6000000000000001,0.24640891049851496,True,0.35890891049851487,0.03147100243108292,0.003141713608856066,0.008153509585980018
0.8,0.24640891049851496,True,0.3659687470676437,0.03250462541146665,0.002929685788766105,0.008965991246971436
1.0,0.24640891049851496,True,0.3707074571844407,0.033198414796835184,0.0027836944911791735,0.009523205440709908
1.2000000000000002,0.24640891049851496,True,0.3741297857094491,0.033699474187549656,0.002676423350286195,0.00993155370602287
1.4000000000000001,0.24640891049851496,True,0.3767268163619425,0.03407970261591244,0.002593993555980725,0.010244744313073734
1.6,0.24640891049851496,True,0.37876959199426397,0.03437878317063357,0.0025285330290742694,0.010493104645725879
1.8,0.24640891049851496,True,0.3804209070781306,0.03462055041295223,0.0024752159813837085,0.010695165210255727
2.0,0.24640891049851496,True,0.3817848527155184,0.03482024420770138,0.00243090717316867,0.010862934633186981
2.2,0.24640891049851496,True,0.3829312811135436,0.03498809154042081,0.002393475469137263,0.011004559248154015
2.4000000000000004,0.24640891049851496,True,0.38390891049851494,0.0351312251935458,0.0023614187256107686,0.011125771662921379
2.6,0.24640891049851496,True,0.3847528074688532,0.03525477922954602,0.002333646099049878,0.011230729186212568
2.8000000000000003,0.24640891049851496,True,0.38548888472848664,0.0353625474991717,0.002309345397757444,0.011322523598856387
3.0,0.24640891049851496,True,0.38613672203712235,0.03545739665370934,0.00228789892028282,0.011403503995550535
3.2,0.24640891049851496,True,0.3867113997907018,0.035541534597498634,0.00226882820589874,0.011475488389009613
3.4000000000000004,0.24640891049851496,True,0.3872247276758886,0.03561669037389734,0.0022517566916950725,0.01153990653905377
3.6,0.24640891049851496,True,0.38768608991755216,0.035684237917044455,0.002236383827100046,0.011597898842646575
3.8000000000000003,0.24640891049851496,True,0.38810304027213394,0.03574528316419074,0.002222466729536999,0.01165038634187375
4.0,0.24640891049851496,True,0.38848172942173287,0.03580072663000113,0.0022098069281396306,0.011698121267637895
4.2,0.24640891049851496,True,0.3888272175461109,0.03585130916988149,0.0021982406165268315,0.011741724173383558
4.4,0.24640891049851496,True,0.38914370662450715,0.03589764599103418,0.002187631373420522,0.011781711646624896
4.6000000000000005,0.24640891049851496,True,0.3894347155967797,0.035940252297609894,0.0021778646495467795,0.01181851728244944
4.800000000000001,0.24640891049851496,True,0.3897032141795693,0.03597956288258651,0.002168843538868823,0.01185250776125107
5.0,0.24640891049851496,True,0.38995172632104136,0.036015947274465075,0.0021604854972156777,0.011883995317549582
5.2,0.24640891049851496,True,0.39018241105766777,0.03604972157542319,0.0021527197689739153,0.01191324751328233
5.4,0.24640891049851496,True,0.390397126342947,0.03608115780640831,0.0021454853493528573,0.011940494973395336
5.6000000000000005,0.24640891049851496,True,0.39059747989916876,0.036110491352289234,0.0021387293562423397,0.011965937563882562
5.800000000000001,0.24640891049851496,True,0.3907848700759159,0.03613792694390489,0.002132405718516748,0.011989749367070066
6.0,0.24640891049851496,True,0.39096051893844397,0.03616364350249793,0.0021264741111327715,0.012012082719308707
6.2,0.24640891049851496,True,0.39112549926025253,0.03618779809166761,0.002120899084387848,0.01203307151134486
6.4,0.24640891049851496,True,0.3912807566934404,0.03621052916330745,0.002115649347178249,0.012052833904110582
6.6000000000000005,0.24640891049851496,True,0.3914271280946453,0.03623195924068602,0.0021106971733332305,0.012071474577490745
6.800000000000001,0.24640891049851496,True,0.3915653567637871,0.03625219714953474,0.002106017907012033,0.012089086603316684
7.0,0.24640891049851496,True,0.3916961051867931,0.036271339883696414,0.0021015895483681756,0.0121057530139821
7.2,0.24640891049851496,True,0.3918199657473519,0.03628947417342158,0.0020973924046597146,0.012121548122959739
7.4,0.24640891049851496,True,0.3919374697761423,0.03630667781025595,0.0020934087950360476,0.01213653864189328
7.6000000000000005,0.24640891049851496,True,0.3920490952314339,0.03632302077154912,0.0020896227995934307,0.012150784629964983
7.800000000000001,0.24640891049851496,True,0.392155273246941,0.0363385661791184,0.0020860200451324916,0.012164340304241735
8.0,0.24640891049851496,True,0.39225639373743154,0.036353371119960204,0.0020825875214956547,0.012177254734218428
8.200000000000001,0.24640891049851496,True,0.3923528102167696,0.03636748735165419,0.0020793134235039265,0.012189572439440417
8.4,0.24640891049851496,True,0.39244484395469814,0.03638096191095339,0.0020761870144194736,0.012201333905646448
8.6,0.24640891049851496,True,0.39253278757600074,0.036393837640733624,0.0020731985075857,0.012212576032119851
8.8,0.24640891049851496,True,0.39261690818750505,0.03640615364781444,0.0020703389634794725,0.01222333252072469
9.0,0.24640891049851496,True,0.39269745010373014,0.03641794570201842,0.0020676001998812077,0.012233634215317524
9.200000000000001,0.24640891049851496,True,0.3927746372300813,0.036429246585091994,0.0020649747132511728,0.012243509398773514
9.4,0.24640891049851496,True,0.39284867515281596,0.036440086396695166,0.0020624556097125204,0.012252984053683327
9.600000000000001,0.24640891049851496,True,0.39291975297706394,0.0364504928235039,0.002060036544297588,0.012262082091805807
9.8,0.24640891049851496,True,0.3929880449476831,0.03646049137651805,0.0020577116673246177,0.01227082555656507
10.0,0.24640891049851496,True,0.3930537118823229,0.03647010560087445,0.002055475576946414,0.012279234802217584
10.200000000000001,0.24640891049851496,True,0.3931169024416332,0.03647935726181684,0.0020533232770569556,0.012287328652770182
10.4,0.24640891049851496,True,0.3931777542578214,0.0364882665099268,0.0020512501398625657,0.01229512454327133
10.600000000000001,0.24640891049851496,True,0.39323639493966933,0.03649685202826707,0.0020492518725250004,0.012302638645717302
10.8,0.24640891049851496,True,0.393292942969516,0.03650513116370776,0.0020473244873684213,0.012309885981494396
11.0,0.24640891049851496,True,0.393347508505532,0.036513120044386616,0.002045464275213398,0.012316880522009478
11.200000000000001,0.24640891049851496,True,0.39340019410075516,0.03652083368498223,0.0020436677814613495,0.01232363527893206
11.4,0.24640891049851496,True,0.39345109534879846,0.036528286081251256,0.002041931784603788,0.012330162385278787
11.600000000000001,0.24640891049851496,True,0.3935003014648227,0.03653549029508822,0.002040253276874053,0.012336473168408267
11.8,0.24640891049851496,True,0.39354789580921734,0.036542458531196934,0.002038629446796295,0.012342578215851841
12.0,0.24640891049851496,True,0.393593956360486,0.03654920220632514,0.0020370576634179535,0.012348487434788964
12.200000000000001,0.24640891049851496,True,0.3936385561429926,0.03655573201189038,0.0020355354620391576,0.012354210105871545
12.4,0.24640891049851496,True,0.3936817636145242,0.03656205797072275,0.0020340605312756848,0.01235975493201492
12.600000000000001,0.24640891049851496,True,0.39372364301800356,0.03656818948855846,0.0020326307013122853,0.012365130082695616
12.8,0.24640891049851496,True,0.39376425470117216,0.036574135400844705,0.002031243933220356,0.012370343234233016
13.0,0.24640891049851496,True,0.3938036554075871,0.036579904015343764,0.002029898309229155,0.012375401606471893
13.200000000000001,0.24640891049851496,True,0.3938418985419062,0.03658550315097349,0.0020285920238525493,0.012380311996237741
13.4,0.24640891049851496,True,0.39387903441205974,0.036590940173263094,0.002027323375784835,0.012385080807889479
13.600000000000001,0.24640891049851496,True,0.3939151104506389,0.03659622202676655,0.002026090760488848,0.012389714081261001
13.8,0.24640891049851496,True,0.3939501714175468,0.036601355264732585,0.0020248926634083477,0.012394217517247582
14.0,0.24640891049851496,True,0.39398425958573774,0.03660634607629834,0.002023727653744135,0.012398596501265543
14.200000000000001,0.24640891049851496,True,0.3940174149116714,0.03661120031144546,0.0020225943787399972,0.012402856124789124
14.4,0.24640891049851496,True,0.3940496751919329,0.03661592350393095,0.002021491558430364,0.012407001205146286
14.600000000000001,0.24640891049851496,True,0.3940810762073025,0.03662052089237976,0.002020417980806778,0.012411036303734241
14.8,0.24640891049851496,True,0.39411165185544517,0.0366249974397121,0.00201937249736461,0.012414965742801775
15.0,0.24640891049851496,True,0.3941414342732473,0.036629357851054506,0.0020183540189956453,0.01241879362092701
15.200000000000001,0.24640891049851496,True,0.39417045394973543,0.03663360659027214,0.0020173615121955226,0.012422523827308067
15.4,0.24640891049851496,True,0.3941987398304094,0.03663774789524415,0.0020163939955582574,0.012426160054971219
15.600000000000001,0.24640891049851496,True,0.394226319413744,0.03664178579199213,0.0020154505365327785,0.012429705812991096
15.8,0.24640891049851496,True,0.39425321884054176,0.03664572410776265,0.002014530248418877,0.012433164437808987
16.0,0.24640891049851496,True,0.39427946297673433,0.036649566483149564,0.0020136322875822627,0.01243653910372407
16.2,0.24640891049851496,True,0.3943050754902012,0.03665331638334138,0.002012755850870218,0.012439832832629434
16.400000000000002,0.24640891049851496,True,0.39433007892209493,0.036656977108563665,0.0020119001732112423,0.012443048503054095
16.6,0.24640891049851496,True,0.394354494753129,0.03666055180378429,0.0020110645253835543,0.012446188858568711
16.8,0.24640891049851496,True,0.39437834346523815,0.036664043467741,0.002010248211938752,0.012449256515606428
17.0,0.24640891049851496,True,0.39440164459898386,0.03666745496134605,0.002009450569268191,0.01245225397074586
17.2,0.24640891049851496,True,0.3944244168070471,0.03667078901551826,0.002008670963800732,0.012455183607499327
17.400000000000002,0.24640891049851496,True,0.3944466779041065,0.03667404823848522,0.002007908790321627,0.012458047702643816
17.6,0.24640891049851496,True,0.394468444913398,0.03667723512260041,0.002007163470403045,0.012460848432132202
17.8,0.24640891049851496,True,0.3944897341101973,0.036680352050709186,0.0020064344509377816,0.012463587876614914
18.0,0.24640891049851496,True,0.39451056106246774,0.03668340130210007,0.002005721202768253,0.012466268026602906
18.2,0.24640891049851496,True,0.39453094066888805,0.03668638505807252,0.0020050232194036327,0.012468890787298759
18.400000000000002,0.24640891049851496,True,0.3945508871944437,0.0366893054071473,0.002004340015818656,0.012471457983119213
18.6,0.24640891049851496,True,0.3945704143037819,0.036692164349950734,0.002003671127327953,0.012473971361934566
18.8,0.24640891049851496,True,0.3945895350924684,0.03669496380379017,0.0020030161085305975,0.012476432599041923
19.0,0.24640891049851496,True,0.39460826211632205,0.03669770560694947,0.002002374532319639,0.012478843300895097
19.200000000000003,0.24640891049851496,True,0.3946266074189446,0.03670039152271919,0.002001745988952143,0.012481205008605526
19.400000000000002,0.24640891049851496,True,0.3946445825575877,0.036703023243183974,0.002001130085175366,0.012483519201232411
19.6,0.24640891049851496,True,0.39466219862746327,0.03670560239278174,0.0020005264434052126,0.012485787298875506
19.8,0.24640891049851496,True,0.3946794662846115,0.03670813053165164,0.0019999347009533276,0.012488010665584793
20.0,0.24640891049851496,True,0.3946963957674261,0.03671060915878586,0.001999354509299495,0.012490190612099945
0.0,0.2715362492734006,False,0.15903624927340054,-0.004297828043257571,0.0071278265434267666,-0.007811336995448489
0.2,0.2715362492734006,True,0.34653624927340054,0.027865218695505033,0.004582174206488636,0.005074134165434718
0.4,0.2715362492734006,True,0.37216281963507303,0.03226110445708722,0.003838766970281362,0.00816761662900984
0.6000000000000001,0.2715362492734006,True,0.3840362492734005,0.034297828043257546,0.003462087178235858,0.009709522061720825
0.8,0.2715362492734006,True,0.3910960858425293,0.0355088459288091,0.0032284380017821093,0.010658932653760562
1.0,0.2715362492734006,True,0.39583479595932636,0.036321706488638375,0.0030675593659685277,0.011309835910856185
1.2000000000000002,0.2715362492734006,True,0.3992571244843347,0.03690875988759969,0.002949349341848748,0.01178673599915706
1.4000000000000001,0.2715362492734006,True,0.4018541551368281,0.03735424478497644,0.0028585138394766857,0.012152444639364287
1.6,0.2715362492734006,True,0.4038969307691496,0.03770465485505199,0.0027863780310934633,0.012442416340572152
1.8,0.2715362492734006,True,0.4055482458530162,0.03798791525090704,0.002727624022876243,0.012678308370742148
2.0,0.2715362492734006,True,0.40691219149040403,0.03822188136975736,0.0026787968616824986,0.012874152649371716
2.2,0.2715362492734006,True,0.4080586198884292,0.038418535397215126,0.0026375480915140936,0.013039466440808277
2.4000000000000004,0.2715362492734006,True,0.40903624927340054,0.03858623427509257,0.0026022223888700893,0.013180946152598506
2.6,0.2715362492734006,True,0.4098801462437388,0.03873099319615759,0.002571617672370357,0.013303447483035967
2.8000000000000003,0.2715362492734006,True,0.4106162235033723,0.03885725712845056,0.002544838927761198,0.013410581250022664
3.0,0.2715362492734006,True,0.41126406081200795,0.038968384710513296,0.00252120546401265,0.013505090675317612
3.2,0.2715362492734006,True,0.41183873856558745,0.03906696277690318,0.0025001900297723016,0.013589098639856263
3.4000000000000004,0.2715362492734006,True,0.41235206645077427,0.03915501711697557,0.00248137766244799,0.013664274557652322
3.6,0.2715362492734006,True,0.41281342869243776,0.0392341574654669,0.002464437163079375,0.013731949902099019
3.8000000000000003,0.2715362492734006,True,0.4132303790470196,0.03930567956542508,0.002449100881345908,0.01379319998417539
4.0,0.2715362492734006,True,0.4136090681966185,0.03937063848178781,0.002435150107483741,0.013848902989274447
4.2,0.2715362492734006,True,0.41395455632099654,0.03942990221881212,0.0024224043310955706,0.013899783347673077
4.4,0.2715362492734006,True,0.41427104539939275,0.039484191568256215,0.002410713219459678,0.013946444098271712
4.6000000000000005,0.2715362492734006,True,0.4145620543716654,0.039534110155864756,0.0023999505422374963,0.013989391381733517
4.800000000000001,0.2715362492734006,True,0.414830552954455,0.0395801673956917,0.002390009511481681,0.014029053215302997
5.0,0.2715362492734006,True,0.415079065095927,0.039622796236338714,0.0023807991656497286,0.014065794052616161
5.2,0.2715362492734006,True,0.4153097498325534,0.03966236703082423,0.0023722415338847955,0.014099926195453732
5.4,0.2715362492734006,True,0.41552446511783264,0.03969919848552271,0.0023642693904846333,0.014131718825818863
5.6000000000000005,0.2715362492734006,True,0.4157248186740544,0.03973356638308557,0.002356824460730934,0.014161405219150817
5.800000000000001,0.2715362492734006,True,0.4159122088508015,0.03976571059115544,0.0023498559754342903,0.014189188553054878
6.0,0.2715362492734006,True,0.41608785771332957,0.03979584073822264,0.002343319497439445,0.01421524662122846
6.2,0.2715362492734006,True,0.41625283803513813,0.0398241408438296,0.0023371759620906107,0.014239735686464519
6.4,0.2715362492734006,True,0.4164080954683261,0.03985077312159047,0.0023313908874004067,0.014262793651101443
6.6000000000000005,0.2715362492734006,True,0.4165544668695309,0.039875881122754066,0.0023259337198454446,0.014284542682196167
6.800000000000001,0.2715362492734006,True,0.4166926955386727,0.03989959235020071,0.002320777289326602,0.014305091397972739
7.0,0.2715362492734006,True,0.4168234439616787,0.03992202044428154,0.002315897352581791,0.014324536698912187
7.2,0.2715362492734006,True,0.4169473045222375,0.03994326702027271,0.0023112722087184814,0.014342965309196211
7.4,0.2715362492734006,True,0.4170648085510279,0.03996342322064591,0.00230688237389639,0.014360455080666
7.6000000000000005,0.2715362492734006,True,0.41717643400631954,0.0399825710325701,0.0023027103047931485,0.014377076100978815
7.800000000000001,0.2715362492734006,True,0.4172826120218266,0.040000784411105474,0.0022987401625146195,0.014392891639473434
8.0,0.2715362492734006,True,0.4173837325123172,0.04001813024076892,0.00229495761020349,0.014407958957852676
8.200000000000001,0.2715362492734006,True,0.4174801489916552,0.04003466916200271,0.002291349638857694,0.014422330007726823
8.4,0.2715362492734006,True,0.41757218272958374,0.04005045628421356,0.0022879044168697023,0.014436052033045127
8.6,0.2715362492734006,True,0.4176601263508864,0.040065541803159355,0.0022846111595969474,0.01444916809222731
8.8,0.2715362492734006,True,0.41774424696239065,0.040079971537343384,0.0022814600159160392,0.014461717512225525
9.0,0.2715362492734006,True,0.41782478887861574,0.040093787395561936,0.002278441969232521,0.014473736284662248
9.200000000000001,0.2715362492734006,True,0.417901976004967,0.0401070277857084,0.002275548750839587,0.014485257412494068
9.4,0.2715362492734006,True,0.41797601392770156,0.040119727973278306,0.00227277276386317,0.0144963112142714
9.600000000000001,0.2715362492734006,True,0.4180470917519496,0.040131920396656307,0.002270107016312934,0.014506925591929981
9.8,0.2715362492734006,True,0.41811538372256873,0.04014363494515181,0.0022675450619908063,0.014517126267120062
10.0,0.2715362492734006,True,0.41818105065720856,0.04015489920482121,0.0022650809482008243,0.014526936990305618
10.200000000000001,0.2715362492734006,True,0.4182442412165188,0.04016573867635477,0.002262709169363311,0.014536379726229674
10.4,0.2715362492734006,True,0.418305093032707,0.040176176968665156,0.0022604246257692706,0.01454547481880671
10.600000000000001,0.2715362492734006,True,0.41836373371455493,0.04018623597128421,0.0022582225868219364,0.014554241138058678
10.8,0.2715362492734006,True,0.4184202817444016,0.040195936008227906,0.0022560986582056213,0.014562696211337036
11.0,0.2715362492734006,True,0.4184748472804176,0.04020529597561567,0.002254048752500483,0.014570856340759272
11.200000000000001,0.2715362492734006,True,0.4185275328756408,0.040214333465011014,0.002252069062828193,0.014578736708521188
11.4,0.2715362492734006,True,0.4185784341236841,0.04022306487418369,0.002250156039169677,0.014586351471521493
11.600000000000001,0.2715362492734006,True,0.41862764023970833,0.04023150550676779,0.002248306367043833,0.014593713846545198
11.8,0.2715362492734006,True,0.418675234584103,0.040239669662091866,0.0022465169482769566,0.014600836187086168
12.0,0.2715362492734006,True,0.41872129513537165,0.04024757071629597,0.0022447848836273394,0.014607730052752567
12.200000000000001,0.2715362492734006,True,0.4187658949178782,0.04025522119570553,0.002243107457059441,0.014614406272077326
12.4,0.2715362492734006,True,0.4188091023894099,0.04026263284331268,0.0022414821214876025,0.014620874999454555
12.600000000000001,0.2715362492734006,True,0.4188509817928892,0.040269816679107305,0.00223990648583151,0.014627145766832248
12.8,0.2715362492734006,True,0.41889159347605776,0.04027678305491475,0.0022383783032445545,0.014633227530718166
13.0,0.2715362492734006,True,0.41893099418247276,0.04028354170431187,0.0022368954603929556,0.01463912871498552
13.200000000000001,0.2715362492734006,True,0.4189692373167918,0.04029010178813344,0.0022354559676776692,0.01464485724991251
13.4,0.2715362492734006,True,0.41900637318694534,0.040296471936013094,0.0022340579503037925,0.014650420607834582
13.600000000000001,0.2715362492734006,True,0.41904244922552447,0.04030266028435959,0.0022326996401128493,0.014655825835749463
13.8,0.2715362492734006,True,0.41907751019243245,0.04030867451111889,0.002231379368103017,0.014661079585173853
14.0,0.2715362492734006,True,0.4191115983606234,0.040314521867635,0.0022300955575705666,0.01466618813951824
14.200000000000001,0.2715362492734006,True,0.419144753686557,0.04032020920788904,0.002228846717813123,0.014671157439217977
14.4,0.2715362492734006,True,0.41917701396681856,0.04032574301536563,0.002227631438341717,0.014675993104832537
14.600000000000001,0.2715362492734006,True,0.41920841498218814,0.04033112942776551,0.002226448383554361,0.014680700458300704
14.8,0.2715362492734006,True,0.41923899063033077,0.040336374259766994,0.0022252962878286453,0.014685284542523325
15.0,0.2715362492734006,True,0.419268773048133,0.040341483024011054,0.002224173950995471,0.01468975013942373
15.200000000000001,0.2715362492734006,True,0.4192977927246211,0.040346460950470946,0.002223080234159751,0.014694101786622836
15.4,0.2715362492734006,True,0.419326078605295,0.04035131300434919,0.002222014055837461,0.014698343792851131
15.600000000000001,0.2715362492734006,True,0.4193536581886296,0.04035604390263089,0.002220974388381429,0.014702480252207772
15.8,0.2715362492734006,True,0.4193805576154274,0.040360658129411406,0.002219960254670947,0.014706515057367243
16.0,0.2715362492734006,True,0.41940680175161993,0.04036515995009929,0.0022189707250428368,0.014710451911820884
16.2,0.2715362492734006,True,0.4194324142650868,0.040369553424593856,0.002218004914443566,0.01471429434123724
16.400000000000002,0.2715362492734006,True,0.4194574176969806,0.04037384241951987,0.0022170619797841204,0.014718045704012497
16.6,0.2715362492734006,True,0.41948183352801466,0.04037803061959836,0.002216141117480948,0.014721709201078488
16.8,0.2715362492734006,True,0.41950568224012375,0.04038212153822358,0.0022152415611678884,0.014725287885028188
17.0,0.2715362492734006,True,0.41952898337386946,0.0403861185273101,0.002214362579565371,0.01472878466861363
17.2,0.2715362492734006,True,0.4195517555819327,0.04039002478646897,0.0022135034744943795,0.014732202332666453
17.400000000000002,0.2715362492734006,True,0.4195740166789921,0.04039384337156324,0.002212663579023906,0.014735543533484961
17.6,0.2715362492734006,True,0.41959578368828365,0.04039757720269501,0.002211842255741436,0.014738810809731318
17.8,0.2715362492734006,True,0.4196170728850829,0.04040122907166401,0.0022110388951371283,0.014742006588874238
18.0,0.2715362492734006,True,0.41963789983735333,0.040404801648940246,0.002210252914093005,0.01474513319321311
18.2,0.2715362492734006,True,0.4196582794437737,0.04040829749018731,0.002209483754469269,0.014748192845514894
18.400000000000002,0.2715362492734006,True,0.41967822596932935,0.04041171904236711,0.0022087308817806176,0.014751187674290974
18.6,0.2715362492734006,True,0.4196977530786675,0.040415068649462184,0.0022079937839557862,0.01475411971874359
18.8,0.2715362492734006,True,0.419716873867354,0.04041834855783659,0.0022072719701744675,0.014756990933401782
19.0,0.2715362492734006,True,0.41973560089120765,0.0404215609212685,0.002206564969775844,0.014759803192473348
19.200000000000003,0.2715362492734006,True,0.4197539461938303,0.04042470780567215,0.0022058723312337954,0.014762558293929622
19.400000000000002,0.2715362492734006,True,0.4197719213324733,0.040427791193535144,0.002205193621193964,0.01476525796334433
19.6,0.2715362492734006,True,0.4197895374023489,0.04043081298808855,0.002204528423568437,0.014767903857502134
19.8,0.2715362492734006,True,0.4198068050594971,0.040433775017229466,0.002203876338684024,0.014770497567793589
20.0,0.2715362492734006,True,0.4198237345423117,0.04043667903721365,0.002203236982480457,0.014773040623411388
0.0,0.2992259270182143,False,0.18672592701821428,-0.007412916789549116,0.007854680584228127,-0.009238864343665571
0.2,0.2992259270182143,True,0.3742259270182143,0.02994194452636606,0.005049437518432368,0.006155614428674918
0.4,0.2992259270182143,True,0.39985249737988676,0.035047421762967754,0.004230221962493108,0.009783577156155743
0.6000000000000001,0.2992259270182143,True,0.41172592701821425,0.03741291678954908,0.0038151305694822325,0.011588737278150176
0.8,0.2992259270182143,True,0.4187857635873431,0.038819419274630874,0.0035576552172649997,0.012699364925678516
1.0,0.2992259270182143,True,0.42352447370414004,0.039763493190520346,0.003380371119589057,0.013460441406564227
1.2000000000000002,0.2992259270182143,True,0.4269468022291485,0.040445309763476024,0.00325010672894237,0.014017888939741076
1.4000000000000001,0.2992259270182143,True,0.42954383288164183,0.04096270560271372,0.003150008353582995,0.01444526921620896
1.6,0.2992259270182143,True,0.43158660851396335,0.04136967947175321,0.003070516557579932,0.014784083100943767
1.8,0.2992259270182143,True,0.4332379235978299,0.04169866425013568,0.0030057711594171552,0.015059671557114686
2.0,0.2992259270182143,True,0.4346018692352177,0.04197039758414671,0.002951964890048105,0.015288448352567319
2.2,0.2992259270182143,True,0.43574829763324296,0.0421987958445033,0.002906509811674482,0.015481543639740598
2.4000000000000004,0.2992259270182143,True,0.4367259270182143,0.04239356496500446,0.0028675818005912206,0.015646787158357243
2.6,0.2992259270182143,True,0.4375698239885526,0.042561691121227964,0.0028338561941933012,0.01578985549837756
2.8000000000000003,0.2992259270182143,True,0.438305901248186,0.04270833679563549,0.002804346709910812,0.015914969340111263
3.0,0.2992259270182143,True,0.43895373855682174,0.0428374027840054,0.002778303243825772,0.0160253348582778
3.2,0.2992259270182143,True,0.4395284163104012,0.04295189349219901,0.0027551447785781834,0.016123432945581075
3.4000000000000004,0.2992259270182143,True,0.44004174419558795,0.04305416171598966,0.002734414036118983,0.016211214380264013
3.6,0.2992259270182143,True,0.4405031064372515,0.04314607703627627,0.002715746043755939,0.01629023492130472
3.8000000000000003,0.2992259270182143,True,0.4409200567918333,0.0432291443571884,0.0026988458577550324,0.01636175092727884
4.0,0.2992259270182143,True,0.44129874594143226,0.04330458905406899,0.0026834724656105264,0.016426788377459194
4.2,0.2992259270182143,True,0.4416442340658102,0.04337341924592198,0.0026694269495310978,0.016486193572149387
4.4,0.2992259270182143,True,0.4419607231442065,0.04343647207595662,0.002656543646743774,0.016540670962779145
4.6000000000000005,0.2992259270182143,True,0.44225173211647906,0.043494448608228244,0.002644683454678726,0.016590811779761395
4.800000000000001,0.2992259270182143,True,0.4425202306992687,0.04354794048728757,0.002633728695778635,0.016637115975133888
5.0,0.2992259270182143,True,0.44276874284074075,0.04359745054904762,0.0026235791327751724,0.016680009237888004
5.2,0.2992259270182143,True,0.4429994275773671,0.04364340892955097,0.0026141488437997785,0.016719856329516253
5.4,0.2992259270182143,True,0.4432141428626464,0.04368618578130572,0.0026053637478664774,0.016756971638133267
5.6000000000000005,0.2992259270182143,True,0.4434144964188681,0.04372610140427539,0.002597159627742194,0.016791627606794937
5.800000000000001,0.2992259270182143,True,0.4436018865956152,0.04376343438595192,0.0025894805370926745,0.016824061520419018
6.0,0.2992259270182143,True,0.4437775354581433,0.04379842819341877,0.0025822775073216023,0.016854481013294238
6.2,0.2992259270182143,True,0.44394251577995186,0.043831296550970844,0.0025755074901881872,0.016883068570546937
6.4,0.2992259270182143,True,0.4440977732131398,0.04386222785702418,0.002569132487433756,0.016909985232038034
6.6000000000000005,0.2992259270182143,True,0.4442441446143447,0.04389138883511819,0.0025631188298653952,0.016935373659127288
6.800000000000001,0.2992259270182143,True,0.44438237328348645,0.04391892756986847,0.002557436576736266,0.01695936068882743
7.0,0.2992259270182143,True,0.4445131217064925,0.043944976045647975,0.002552059012598279,0.016982059472769737
7.2,0.2992259270182143,True,0.44463698226705123,0.04396965228064631,0.002546962223628869,0.01700357127776927
7.4,0.2992259270182143,True,0.44475448629584163,0.043993062129710436,0.002542124739139738,0.017023987008940672
7.6000000000000005,0.2992259270182143,True,0.4448661117511332,0.044015300814519764,0.0025375272268431583,0.017043388504068738
7.800000000000001,0.2992259270182143,True,0.4449722897666404,0.044036454228088114,0.0025331522326872548,0.017061849638388964
8.0,0.2992259270182143,True,0.4450734102571309,0.044056600051546636,0.0025289839578259013,0.01707943727145045
8.200000000000001,0.2992259270182143,True,0.445169826736469,0.04407580871402259,0.0025250080666751255,0.017096212061816062
8.4,0.2992259270182143,True,0.4452618604743975,0.044094144220778335,0.002521211521109298,0.017112229170660867
8.6,0.2992259270182143,True,0.44534980409570013,0.04411166487025771,0.002517582436731111,0.01712753887157334
8.8,0.2992259270182143,True,0.44543392470720444,0.044128423877065996,0.0025141099578572575,0.01714218708084736
9.0,0.2992259270182143,True,0.44551446662342953,0.04414446991498976,0.0025107841484337404,0.017156215820116956
9.200000000000001,0.2992259270182143,True,0.4455916537497807,0.04415984759179094,0.0025075958965594196,0.017169663621204978
9.4,0.2992259270182143,True,0.4456656916725153,0.04417459786558226,0.0025045368306754663,0.01718256588144447
9.600000000000001,0.2992259270182143,True,0.44573676949676333,0.04418875841100849,0.0025015992457892854,0.017194955176406568
9.8,0.2992259270182143,True,0.4458050614673824,0.044202363942162995,0.0024987760383572448,0.017206861535882335
10.0,0.2992259270182143,True,0.44587072840202224,0.04421544649809107,0.0024960606486622828,0.017218312688062225
10.200000000000001,0.2992259270182143,True,0.44593391896133255,0.04422803569584844,0.0024934470096979224,0.017229334276113478
10.4,0.2992259270182143,True,0.4459947707775208,0.04424015895533927,0.0024909295017166884,0.017239950050730934
10.600000000000001,0.2992259270182143,True,0.4460534114593687,0.044251841699541425,0.0024885029117232365,0.017250182041717167
10.8,0.2992259270182143,True,0.44610995948921534,0.04426310753320868,0.0024861623972952805,0.017260050711211228
11.0,0.2992259270182143,True,0.4461645250252314,0.0442739784027047,0.002483903454201822,0.017269575090818275
11.200000000000001,0.2992259270182143,True,0.4462172106204545,0.044284474739253565,0.0024817218873613555,0.017278772904580346
11.4,0.2992259270182143,True,0.4462681118684978,0.04429461558758137,0.0024796137847446368,0.017287660679466233
11.600000000000001,0.2992259270182143,True,0.446317317984522,0.04430441872166125,0.0024775754938791764,0.017296253844835918
11.8,0.2992259270182143,True,0.44636491232891673,0.0443139007490441,0.002475603600657644,0.017304566822141744
12.0,0.2992259270182143,True,0.4464109728801854,0.044323077205069575,0.002473694910190629,0.017312613105968048
12.200000000000001,0.2992259270182143,True,0.4464555726626919,0.044331962638084234,0.0024718464294771797,0.01732040533736978
12.4,0.2992259270182143,True,0.4464987801342236,0.04434057068665427,0.002470055351694745,0.0173279553703517
12.600000000000001,0.2992259270182143,True,0.44654065953770294,0.04434891414963538,0.002468319041934635,0.01733527433222451
12.8,0.2992259270182143,True,0.4465812712208715,0.04435700504986243,0.002466635024229969,0.017342372678488212
13.0,0.2992259270182143,True,0.4466206719272865,0.044364854692123104,0.002465000969741556,0.017349260242810895
13.200000000000001,0.2992259270182143,True,0.44665891506160554,0.04437247371600992,0.0024634146859826844,0.017355946282609915
13.4,0.2992259270182143,True,0.44669605093175907,0.044379872144166894,0.002461874106977836,0.017362439520677894
13.600000000000001,0.2992259270182143,True,0.4467321269703382,0.04438705942639596,0.002460377284262081,0.017368748183250585
13.8,0.2992259270182143,True,0.4467671879372461,0.04439404448003036,0.002458922378638558,0.017374880034865633
14.0,0.2992259270182143,True,0.4468012761054371,0.044400835726938585,0.0024575076526205174,0.017380842410323522
14.200000000000001,0.2992259270182143,True,0.44683443143137075,0.04440744112748326,0.0024561314634924795,0.017386642244028572
14.4,0.2992259270182143,True,0.4468666917116323,0.04441386821172425,0.0024547922569320636,0.017392286096957584
14.600000000000001,0.2992259270182143,True,0.44689809272700187,0.044420124108120566,0.002453488561140407,0.017397780181475392
14.8,0.2992259270182143,True,0.44692866837514456,0.04442621556996596,0.0024522189814343326,0.01740313038419767
15.0,0.2992259270182143,True,0.4469584507929467,0.044432148999761424,0.0024509821952585203,0.017408342287076224
15.200000000000001,0.2992259270182143,True,0.44698747046943477,0.04443793047171153,0.002449776947580027,0.017413421186866927
15.4,0.2992259270182143,True,0.4470157563501087,0.044443565752510364,0.0024486020466314143,0.017418372113122794
15.600000000000001,0.2992259270182143,True,0.44704333593344336,0.04444906032056693,0.0024474563599720662,0.017423199844841024
15.8,0.2992259270182143,True,0.44707023536024115,0.04445441938380701,0.0024463388108402232,0.017427908925881242
16.0,0.2992259270182143,True,0.44709647949643366,0.04445964789616875,0.002445248374771096,0.017432503679256976
16.2,0.2992259270182143,True,0.44712209200990055,0.044464750572907455,0.0024441840764585715,0.017436988220398235
16.400000000000002,0.2992259270182143,True,0.4471470954417943,0.04446973190480512,0.0024431449868403524,0.017441366469468547
16.6,0.2992259270182143,True,0.4471715112728284,0.044474596171376814,0.0024421302203881377,0.01744564216281518
16.8,0.2992259270182143,True,0.44719535998493753,0.04447934745315496,0.0024411389325862307,0.017449818863622516
17.0,0.2992259270182143,True,0.4472186611186832,0.044483989643125985,0.0024401703175834493,0.01745389997183272
17.2,0.2992259270182143,True,0.44724143332674643,0.04448852645738767,0.0024392236060045663,0.017457888733392376
17.400000000000002,0.2992259270182143,True,0.4472636944238058,0.04449296144508575,0.0024382980629088532,0.01746178824887615
17.6,0.2992259270182143,True,0.44728546143309733,0.04449729799769028,0.0024373929858841972,0.01746560148153874
17.8,0.2992259270182143,True,0.4473067506298966,0.0445015393576581,0.0024365077032665093,0.01746933126483599
18.0,0.2992259270182143,True,0.44732757758216707,0.044505688626531106,0.0024356415724748532,0.01747298030945751
18.2,0.2992259270182143,True,0.44734795718858744,0.04450974877251252,0.002434793978453601,0.017476551209907112
18.400000000000002,0.2992259270182143,True,0.44736790371414303,0.04451372263755708,0.0024339643322137667,0.01748004645066294
18.6,0.2992259270182143,True,0.4473874308234813,0.04451761294401702,0.0024331520694660545,0.017483468411951877
18.8,0.2992259270182143,True,0.44740655161216775,0.04452142230086838,0.002432356649339174,0.01748681937516141
19.0,0.2992259270182143,True,0.4474252786360214,0.04452515320955592,0.002431577553177072,0.017490101527920028
19.200000000000003,0.2992259270182143,True,0.447443623938644,0.044528808069477316,0.0024308142834096377,0.01749331696886563
19.400000000000002,0.2992259270182143,True,0.44746159907728705,0.044532389183136754,0.0024300663624915704,0.017496467712126883
19.6,0.2992259270182143,True,0.4474792151471626,0.04453589876098815,0.0024293333319047473,0.017499555691535724
19.8,0.2992259270182143,True,0.44749648280431087,0.04453933892599091,0.0024286147512196446,0.017502582764590418
20.0,0.2992259270182143,True,0.4475134122871255,0.044542711717898614,0.002427910197211776,0.01750555071618676
0.0,0.3297392360670005,False,0.21723923606700046,-0.010845664057537566,0.008655654946758766,-0.01101175872125755
0.2,0.3297392360670005,True,0.40473923606700046,0.03223044270502502,0.005564349608630634,0.007480575149902421
0.4,0.3297392360670005,True,0.43036580642867295,0.03811787140293289,0.004661595244122738,0.011743033221544928
0.6000000000000001,0.3297392360670005,True,0.44223923606700044,0.040845664057537534,0.004204175259854257,0.013859380009600481
0.8,0.3297392360670005,True,0.4492990726361292,0.04246758551768707,0.003920444077893463,0.015160202712298848
1.0,0.3297392360670005,True,0.4540377827529263,0.04355625315986298,0.0037250815853547246,0.0160511030243746
1.2000000000000002,0.3297392360670005,True,0.4574601112779346,0.04434249630076871,0.0035815335944215814,0.016703389697669477
1.4000000000000001,0.3297392360670005,True,0.460057141930428,0.04493913613891511,0.0034712277724914557,0.01720334276040024
1.6,0.3297392360670005,True,0.46209991756274954,0.045408441852140956,0.003383629868296314,0.017599607368230928
1.8,0.3297392360670005,True,0.4637512326466161,0.04578781371801437,0.0033122821133013125,0.017921872938621488
2.0,0.3297392360670005,True,0.46511517828400395,0.046101165546784756,0.003252988995441623,0.01818936283695155
2.2,0.3297392360670005,True,0.4662616066820291,0.04636454513115259,0.003202898674166181,0.018415108631766475
2.4000000000000004,0.3297392360670005,True,0.46723923606700046,0.046589144959212556,0.003160001012308755,0.018608275487448468
2.6,0.3297392360670005,True,0.46808313303733873,0.04678302120449733,0.0031228362659234277,0.01877550687242993
2.8000000000000003,0.3297392360670005,True,0.4688192102969722,0.04695212703181183,0.0030903175771152657,0.01892174153970188
3.0,0.3297392360670005,True,0.46946704760560787,0.04710096068019348,0.003061618350758135,0.019050730599160123
3.2,0.3297392360670005,True,0.47004172535918737,0.047232986708285525,0.0030360983207416217,0.01916537624548847
3.4000000000000004,0.3297392360670005,True,0.4705550532443742,0.04735091826448023,0.0030132535784770835,0.01926796028663542
3.6,0.3297392360670005,True,0.4710164154860377,0.04745691127343017,0.0029926819334928577,0.019360302304557153
3.8000000000000003,0.3297392360670005,True,0.4714333658406195,0.04755270112936966,0.0029740583654188583,0.01944387158281291
4.0,0.3297392360670005,True,0.47181205499021844,0.04763970088530538,0.0029571172847043547,0.019519867889110903
4.2,0.3297392360670005,True,0.47215754311459646,0.047719073063070196,0.002941639489085676,0.019589280808079465
4.4,0.3297392360670005,True,0.47247403219299267,0.04779178302216451,0.0029274424224696753,0.019652934007705
4.6000000000000005,0.3297392360670005,True,0.4727650411652653,0.047858639201143055,0.0029143727974204445,0.01971151873462153
4.800000000000001,0.3297392360670005,True,0.4730335397480549,0.04792032386043821,0.0029023009363119833,0.01976561948526428
5.0,0.3297392360670005,True,0.47328205188952693,0.047977416849973364,0.0028911163802659025,0.019815733910848655
5.2,0.3297392360670005,True,0.47351273662615334,0.04803041418513823,0.002880724445604278,0.01986228841648814
5.4,0.3297392360670005,True,0.47372745191143256,0.0480797427107502,0.002871043496995685,0.01990565050592528
5.6000000000000005,0.3297392360670005,True,0.47392780546765434,0.04812577178369989,0.002862002768709401,0.019946138639176648
5.800000000000001,0.3297392360670005,True,0.4741151956444014,0.04816882265975222,0.0028535406093313878,0.01998403016995751
6.0,0.3297392360670005,True,0.4742908445069295,0.04820917609524545,0.002845603056734427,0.020019567786462814
6.2,0.3297392360670005,True,0.47445582482873805,0.048247078548343834,0.002838142672870041,0.020052964775361344
6.4,0.3297392360670005,True,0.474611082261926,0.048282747272438156,0.002831117584639491,0.020084409352911437
6.6000000000000005,0.3297392360670005,True,0.4747574536631308,0.04831637452633304,0.0028244906894625927,0.02011406825089344
6.800000000000001,0.3297392360670005,True,0.47489568233227264,0.04834813107518424,0.0028182289934103513,0.02014208970302942
7.0,0.3297392360670005,True,0.4750264307552786,0.04837816911800257,0.0028123030567496106,0.020168605945850397
7.2,0.3297392360670005,True,0.4751502913158374,0.04840662474856419,0.0028066865270661204,0.02019373532383058
7.4,0.3297392360670005,True,0.4752677953446278,0.04843362003437328,0.002801355744216427,0.020217584070079557
7.6000000000000005,0.3297392360670005,True,0.47537942079991946,0.048459264781197636,0.0027962894045192306,0.020240247819556436
7.800000000000001,0.3297392360670005,True,0.4754855988154265,0.04848365803736734,0.002791468274060581,0.020261812900599394
8.0,0.3297392360670005,True,0.4755867193059171,0.048506889381603364,0.0027868749429204743,0.020282357441811297
8.200000000000001,0.3297392360670005,True,0.4756831357852551,0.04852904002991076,0.0027824936136559733,0.020301952324420145
8.4,0.3297392360670005,True,0.47577516952318366,0.04855018379055482,0.0027783099185896922,0.02032066200474325
8.6,0.3297392360670005,True,0.4758631131444863,0.04857038789092988,0.00277431076142303,0.02033854522699012
8.8,0.3297392360670005,True,0.4759472337559906,0.04858971369595436,0.00277048417947362,0.02035565564311143
9.0,0.3297392360670005,True,0.47602777567221566,0.048608217334259296,0.002766819223466823,0.020372042353552267
9.200000000000001,0.3297392360670005,True,0.4761049627985669,0.048625950245701405,0.0027633058523231398,0.020387750380451493
9.4,0.3297392360670005,True,0.4761790007213015,0.048642959661510464,0.00275993484080116,0.02040282108294347
9.600000000000001,0.3297392360670005,True,0.4762500785455495,0.04865928902655449,0.002756697698198232,0.02041729252266894
9.8,0.3297392360670005,True,0.47631837051616865,0.04867497837171405,0.002753586596592912,0.020431199786331674
10.0,0.3297392360670005,True,0.4763840374508085,0.04869006464311307,0.002750594307346578,0.020444575271080484
10.200000000000001,0.3297392360670005,True,0.47644722801011874,0.04870458199393564,0.0027477141447749347,0.020457448937627243
10.4,0.3297392360670005,True,0.47650807982630694,0.048718562043699995,0.0027449399160615444,0.02046984853528074
10.600000000000001,0.3297392360670005,True,0.47656672050815485,0.04873203410915021,0.0027422658766203035,0.02048179980246895
10.8,0.3297392360670005,True,0.4766232685380015,0.048745025410328276,0.002739686690227037,0.020493326645811563
11.0,0.3297392360670005,True,0.47667783407401754,0.04875756125488817,0.002737197393335626,0.020504451300375703
11.200000000000001,0.3297392360670005,True,0.47673051966924074,0.0487696652032865,0.0027347933630747032,0.02051519447338296
11.4,0.3297392360670005,True,0.47678142091728404,0.04878135921712681,0.0027324702884891734,0.020525575473329
11.600000000000001,0.3297392360670005,True,0.47683062703330825,0.048792663792632036,0.002730224144648776,0.020535612326217353
11.8,0.3297392360670005,True,0.4768782213777029,0.04880359808095437,0.0027280511692954926,0.020545321880382304
12.0,0.3297392360670005,True,0.47692428192897157,0.048814179996815664,0.002725947841743788,0.02055471990118909
12.200000000000001,0.3297392360670005,True,0.4769688817114781,0.048824426316777456,0.0027239108637839857,0.02056382115673382
12.4,0.3297392360670005,True,0.4770120891830098,0.048834352768279556,0.002721937142370197,0.020572639495526932
12.600000000000001,0.3297392360670005,True,0.47705396858648913,0.04884397411044181,0.002720023773901162,0.020581187917020835
12.8,0.3297392360670005,True,0.4770945802696577,0.04885330420750837,0.0027181680299253872,0.02058947863574172
13.0,0.3297392360670005,True,0.4771339809760727,0.04886235609570063,0.0027163673441222874,0.020597523139689825
13.200000000000001,0.3297392360670005,True,0.47717222411039173,0.048871142044163915,0.0027146193004281855,0.020605332243600387
13.4,0.3297392360670005,True,0.47720935998054526,0.048879673610603684,0.0027129216221914707,0.02061291613758266
13.600000000000001,0.3297392360670005,True,0.4772454360191244,0.04888796169214717,0.0027112721622541617,0.020620284431600862
13.8,0.3297392360670005,True,0.47728049698603237,0.04889601657190038,0.002709668893868863,0.020627446196205025
14.0,0.3297392360670005,True,0.4773145851542233,0.04890384796161952,0.0027081099023700934,0.02063440999987554
14.200000000000001,0.3297392360670005,True,0.47734774048015693,0.04891146504087102,0.0027065933775278616,0.020641183943306107
14.4,0.3297392360670005,True,0.4773800007604185,0.04891887649301363,0.002705117606519086,0.02064777569091458
14.600000000000001,0.3297392360670005,True,0.47741140177578806,0.04892609053829637,0.0027036809674594684,0.02065419249983772
14.8,0.3297392360670005,True,0.4774419774239307,0.04893311496434291,0.002702281923444203,0.02066044124664421
15.0,0.3297392360670005,True,0.4774717598417329,0.04893995715425699,0.0027009190170515173,0.020666528451970576
15.200000000000001,0.3297392360670005,True,0.477500779518221,0.04894662411256427,0.002699590865267551,0.02067246030326724
15.4,0.3297392360670005,True,0.47752906539889495,0.04895312248918182,0.002698296154795399,0.020678242675821225
15.600000000000001,0.3297392360670005,True,0.4775566449822295,0.04895945860158812,0.0026970336377147774,0.020683881152206
15.8,0.3297392360670005,True,0.47758354440902734,0.04896563845535131,0.0026958021274620615,0.020689381040295586
16.0,0.3297392360670005,True,0.47760978854521985,0.04897166776315141,0.0026946004951035386,0.02069474738996196
16.2,0.3297392360670005,True,0.47763540105868674,0.04897755196242905,0.0026934276658770874,0.02069998500857038
16.400000000000002,0.3297392360670005,True,0.4776604044905805,0.04898329623177137,0.002692282615980071,0.02070509847536977
16.6,0.3297392360670005,True,0.4776848203216146,0.04898890550614109,0.002691164369583196,0.020710092154870362
16.8,0.3297392360670005,True,0.47770866903372367,0.04899438449104224,0.0026900719960519966,0.020714970209290303
17.0,0.3297392360670005,True,0.4777319701674694,0.048999737675708435,0.0026890046073593022,0.020719736610146065
17.2,0.3297392360670005,True,0.4777547423755326,0.049004969345392474,0.002687961355673503,0.02072439514905535
17.400000000000002,0.3297392360670005,True,0.477777003472592,0.04901008359282489,0.0026869414311089146,0.020728949447812207
17.6,0.3297392360670005,True,0.4777987704818836,0.049015084328911,0.002685944059625548,0.02073340296779397
17.8,0.3297392360670005,True,0.4778200596786828,0.049019975292720154,0.002684968501066941,0.02073775901874816
18.0,0.3297392360670005,True,0.47784088663095325,0.04902476006082433,0.002684014047325513,0.02074202076700853
18.2,0.3297392360670005,True,0.4778612662373736,0.049029442056034746,0.0026830800206258626,0.02074619124318284
18.400000000000002,0.3297392360670005,True,0.4778812127629293,0.04903402455557804,0.002682165771917353,0.020750273349349535
18.6,0.3297392360670005,True,0.47790073987226744,0.04903851069876004,0.0026812706793677694,0.020754269865803757
18.8,0.3297392360670005,True,0.47791986066095393,0.04904290349414585,0.002680394146950931,0.020758183457379866
19.0,0.3297392360670005,True,0.47793858768480757,0.049047205826299796,0.0026795356031212767,0.020762016679386514
19.200000000000003,0.3297392360670005,True,0.4779569329874302,0.04905142046210972,0.0026786944995694055,0.02076577198317743
19.400000000000002,0.3297392360670005,True,0.47797490812607324,0.04905555005672976,0.002677870310052743,0.020769451721386653
19.6,0.3297392360670005,True,0.47799252419594884,0.0490595971591655,0.002677062529296171,0.020773058152849747
19.8,0.3297392360670005,True,0.478009791853097,0.04906356421752736,0.0026762706719577404,0.020776593447233573
20.0,0.3297392360670005,True,0.4780267213359116,0.049067453583976225,0.002675494271655007,0.020780059689395173
0.0,0.3633641138170177,False,0.2508641138170177,-0.014628462804414506,0.009538307987696717,-0.013208064345631368
0.2,0.3633641138170177,True,0.4383641138170177,0.03475230853627631,0.006131769420662176,0.009102395513938167
0.4,0.3633641138170177,True,0.46399068417869016,0.04150142752974764,0.0051369574487341385,0.014119318305185799
0.6000000000000001,0.3633641138170177,True,0.47586411381701765,0.04462846280441446,0.004632892451166977,0.016604191452271447
0.8,0.3633641138170177,True,0.48292395038614644,0.04648777040613606,0.004320228023587329,0.018129829705588088
1.0,0.3633641138170177,True,0.4876626605029435,0.04773577659668204,0.004104943607267524,0.019174012209044584
1.2000000000000002,0.3633641138170177,True,0.49108498902795183,0.048637095115861576,0.00394675743222272,0.019938189889101614
1.4000000000000001,0.3633641138170177,True,0.4936820196804452,0.04932105979221111,0.003825203268051751,0.02052371714294703
1.6,0.3633641138170177,True,0.49572479531276675,0.04985905358634449,0.003728672642185838,0.02098769649139305
1.8,0.3633641138170177,True,0.4973761103966333,0.05029395072003967,0.003650049260644053,0.021364960324969234
2.0,0.3633641138170177,True,0.49874005603402116,0.05065316505412489,0.0035847097775921904,0.021678052599802582
2.2,0.3633641138170177,True,0.4998864844320463,0.05095509315322547,0.0035295115384679798,0.02194225084180533
2.4000000000000004,0.3633641138170177,True,0.5008641138170177,0.05121256564983992,0.0034822394240797538,0.022168296886423154
2.6,0.3633641138170177,True,0.5017080107873559,0.05143481782758593,0.0034412848343360124,0.022363975303152157
2.8000000000000003,0.3633641138170177,True,0.5024440880469894,0.05162867416277017,0.0034054500799336933,0.02253507202685453
3.0,0.3633641138170177,True,0.5030919253556251,0.051799291261456604,0.00337382427441271,0.0226859808983703
3.2,0.3633641138170177,True,0.5036666031092045,0.0519506407587584,0.0033457018610713687,0.02282010089923906
3.4000000000000004,0.3633641138170177,True,0.5041799309943914,0.052085832902338196,0.0033205275456718955,0.022940104092814377
3.6,0.3633641138170177,True,0.5046412932360549,0.052207339160262545,0.003297858124711835,0.023048121025536387
3.8000000000000003,0.3633641138170177,True,0.5050582435906368,0.05231714892090267,0.0032773354341456913,0.023145871909515187
4.0,0.3633641138170177,True,0.5054369327402357,0.052416882053198915,0.0032586668011545072,0.023234761287621062
4.2,0.3633641138170177,True,0.5057824208646137,0.05250787122691002,0.003241610670510475,0.023315947553083468
4.4,0.3633641138170177,True,0.5060989099430099,0.05259122309257463,0.0032259658701183375,0.02339039480960333
4.6000000000000005,0.3633641138170177,True,0.5063899189152825,0.05266786441267,0.0032115634811864676,0.023458912108186587
4.800000000000001,0.3633641138170177,True,0.5066584174980722,0.052738577303987504,0.0031982606023234056,0.02352218351561465
5.0,0.3633641138170177,True,0.5069069296395441,0.05280402648389905,0.0031859355107007174,0.02358079142685772
5.2,0.3633641138170177,True,0.5071376143761706,0.052864780565131775,0.0031744838673530684,0.023635234832967603
5.4,0.3633641138170177,True,0.5073523296614497,0.05292132886596232,0.003163815712255642,0.02368594377667007
5.6000000000000005,0.3633641138170177,True,0.5075526832176716,0.05297409480274674,0.0031538530634026,0.02373329089475882
5.800000000000001,0.3633641138170177,True,0.5077400733944186,0.05302344665058375,0.0031445279825294665,0.023777600711462968
6.0,0.3633641138170177,True,0.5079157222569467,0.053069706257606424,0.003135781004767061,0.023819157179029108
6.2,0.3633641138170177,True,0.5080807025787553,0.053113156153856776,0.003127559854612317,0.023858209840214372
6.4,0.3633641138170177,True,0.5082359600119433,0.05315404539016182,0.0031198183889929155,0.023894978898394387
6.6000000000000005,0.3633641138170177,True,0.508382331413148,0.05319259436452832,0.003112515721824661,0.023929659415128125
6.800000000000001,0.3633641138170177,True,0.5085205600822899,0.05322899883548096,0.00310561549465075,0.023962424805787582
7.0,0.3633641138170177,True,0.5086513085052958,0.053263433278038876,0.0030990852656463124,0.02399342976671268
7.2,0.3633641138170177,True,0.5087751690658546,0.053296053704807334,0.0030928959951321,0.02402281273907412
7.4,0.3633641138170177,True,0.508892673094645,0.05332700004921963,0.0030870216102416824,0.02405069799292396
7.6000000000000005,0.3633641138170177,True,0.5090042985499367,0.053356398188331954,0.0030814386348690043,0.024077197398134013
7.800000000000001,0.3633641138170177,True,0.5091104765654437,0.05338436166729282,0.0030761258737381225,0.024102411935839334
8.0,0.3633641138170177,True,0.5092115970559343,0.053410993175659616,0.0030710641415672693,0.02412643299375397
8.200000000000001,0.3633641138170177,True,0.5093080135352723,0.05343638581629784,0.003066236029982718,0.024149343480620335
8.4,0.3633641138170177,True,0.5094000472732009,0.05346062420012863,0.0030616257061754203,0.02417121878862493
8.6,0.3633641138170177,True,0.5094879908945036,0.05348378539401888,0.0030572187383628795,0.024192127627468595
8.8,0.3633641138170177,True,0.5095721115060078,0.053505939744321454,0.003053001943978383,0.024212132749648722
9.0,0.3633641138170177,True,0.5096526534222329,0.053527151594713204,0.0030489632572043355,0.024231291583175354
9.200000000000001,0.3633641138170177,True,0.5097298405485842,0.05354747991384275,0.0030450916130307093,0.02424965678523087
9.4,0.3633641138170177,True,0.5098038784713187,0.05356697884575263,0.0030413768454799583,0.024267276728075812
9.600000000000001,0.3633641138170177,True,0.5098749562955667,0.053585698193947734,0.00303780959801726,0.02428419592668927
9.8,0.3633641138170177,True,0.5099432482661859,0.05360368384827066,0.0030343812444755475,0.024300455416145277
10.0,0.3633641138170177,True,0.5100089152008257,0.053620978162319165,0.003031083819081933,0.024316093085489626
10.200000000000001,0.3633641138170177,True,0.510072105760136,0.0536376202879735,0.0030279099543851595,0.024331143973864076
10.4,0.3633641138170177,True,0.5101329575763242,0.053653646472618055,0.0030248528260616078,0.02434564053376955
10.600000000000001,0.3633641138170177,True,0.5101915982581721,0.05366909032382658,0.0030219061037258985,0.02435961286564938
10.8,0.3633641138170177,True,0.5102481462880187,0.05368398304559525,0.003019063906996942,0.02437308892737546
11.0,0.3633641138170177,True,0.5103027118240347,0.05369835364963304,0.0030163207661752316,0.024386094721718564
11.200000000000001,0.3633641138170177,True,0.510355397419258,0.05371222914472994,0.0030136715869760297,0.024398654464456868
11.4,0.3633641138170177,True,0.5104062986673013,0.05372563470681303,0.003011111618838266,0.024410790735417673
11.600000000000001,0.3633641138170177,True,0.5104555047833255,0.05373859383195412,0.0030086364263928462,0.024422524614443393
11.8,0.3633641138170177,True,0.5105030991277202,0.05375112847428832,0.003006241863728695,0.024433875804007736
12.0,0.3633641138170177,True,0.5105491596789888,0.05376325917055512,0.0030039240511413666,0.02444486273998924
12.200000000000001,0.3633641138170177,True,0.5105937594614953,0.05377500515275137,0.003001679354089063,0.02445550269191554
12.4,0.3633641138170177,True,0.5106369669330271,0.05378638445020161,0.002999504364115176,0.024465811853829508
12.600000000000001,0.3633641138170177,True,0.5106788463365064,0.0537974139821861,0.0029973958815261797,0.024475805426784056
12.8,0.3633641138170177,True,0.5107194580196749,0.05380810964213443,0.002995350899639063,0.024485497693855076
13.0,0.3633641138170177,True,0.5107588587260898,0.053818486374263154,0.002993366590434885,0.02449490208844938
13.200000000000001,0.3633641138170177,True,0.5107971018604089,0.053828558243442695,0.0029914402914739333,0.02450403125660082
13.4,0.3633641138170177,True,0.5108342377305625,0.05383833849897651,0.0029895694939449887,0.02451289711385967
13.600000000000001,0.3633641138170177,True,0.5108703137691416,0.05384783963290692,0.002987751831735463,0.024521510897318115
13.8,0.3633641138170177,True,0.5109053747360496,0.05385707343338622,0.002985985071422121,0.024529883213249004
14.0,0.3633641138170177,True,0.5109394629042405,0.0538660510335935,0.0029842671030930997,0.024538024080783576
14.200000000000001,0.3633641138170177,True,0.5109726182301741,0.05387478295662628,0.002982595931921747,0.024545942972007948
14.4,0.3633641138170177,True,0.5110048785104357,0.05388327915674887,0.002980969670421306,0.024553648848817045
14.600000000000001,0.3633641138170177,True,0.5110362795258052,0.053891549057334634,0.002979386531317209,0.024561150196825497
14.8,0.3633641138170177,True,0.5110668551739479,0.0538996015858121,0.0029778448209800907,0.024568455056609633
15.0,0.3633641138170177,True,0.5110966375917501,0.05390744520588388,0.002976342933368835,0.024575571052519923
15.200000000000001,0.3633641138170177,True,0.5111256572682382,0.05391508794726541,0.0029748793444379223,0.02458250541928298
15.4,0.3633641138170177,True,0.5111539431489122,0.05392253743316268,0.002973452606968113,0.02458926502658781
15.600000000000001,0.3633641138170177,True,0.5111815227322467,0.053929800905687,0.002972061345783515,0.024595856401832462
15.8,0.3633641138170177,True,0.5112084221590445,0.05393688524938781,0.00297070425332169,0.024602285751191295
16.0,0.3633641138170177,True,0.5112346662952371,0.05394379701305904,0.002969380085526869,0.024608558979142374
16.2,0.3633641138170177,True,0.511260278808704,0.05395054242997087,0.002968087658038981,0.024614681706588735
16.400000000000002,0.3633641138170177,True,0.5112852822405978,0.05395712743665395,0.002966825842653987,0.02462065928768753
16.6,0.3633641138170177,True,0.5113096980716318,0.05396355769035736,0.0029655935640332315,0.024626496825494476
16.8,0.3633641138170177,True,0.5113335467837409,0.05396983858528767,0.002964389796641592,0.024632199186519547
17.0,0.3633641138170177,True,0.5113568479174866,0.0539759752677275,0.002963213561896085,0.024637771014281266
17.2,0.3633641138170177,True,0.5113796201255498,0.05398197265012376,0.0029620639255081922,0.024643216741939918
17.400000000000002,0.3633641138170177,True,0.5114018812226092,0.05398783542422339,0.0029609399950048278,0.024648540604079637
17.6,0.3633641138170177,True,0.5114236482319008,0.05399356807333591,0.0029598409174139335,0.024653746647708998
17.8,0.3633641138170177,True,0.5114449374287,0.053999174883784834,0.002958765877102222,0.02465883874253654
18.0,0.3633641138170177,True,0.5114657643809705,0.054004659955613016,0.002957714093753446,0.02466382059057855
18.2,0.3633641138170177,True,0.5114861439873908,0.05401002721259791,0.0029566848204766348,0.024668695735149113
18.400000000000002,0.3633641138170177,True,0.5115060905129465,0.05401528041162454,0.0029556773420347663,0.024673467569275843
18.6,0.3633641138170177,True,0.5115256176222847,0.054020423151470855,0.0029546909731848134,0.02467813934358848
18.8,0.3633641138170177,True,0.5115447384109711,0.054025458881038727,0.0029537250571213345,0.024682714173712296
19.0,0.3633641138170177,True,0.5115634654348248,0.054030390907080374,0.0029527789640158963,0.024687195047208385
19.200000000000003,0.3633641138170177,True,0.5115818107374475,0.054035222401448264,0.002951852089645714,0.024691584830087876
19.400000000000002,0.3633641138170177,True,0.5115997858760905,0.05403995640790772,0.0029509438541050746,0.024695886272933777
19.6,0.3633641138170177,True,0.511617401945966,0.05404459584853946,0.00295005370059386,0.024700102016655644
19.8,0.3633641138170177,True,0.5116346696031142,0.054049143529761964,0.002949181094277789,0.02470423459790327
20.0,0.3633641138170177,True,0.5116515990859288,0.05405360214800084,0.002948325521215466,0.02470828645416376
0.0,0.4004178598363661,False,0.28791785983636603,-0.018797009231591198,0.010510968820704613,-0.015922963489988767
0.2,0.4004178598363661,True,0.47541785983636603,0.03753133948772743,0.006757051384738679,0.01108601771130879
0.4,0.4004178598363661,True,0.5010444301980386,0.04523001891072713,0.005660794309281813,0.01700145474368997
0.6000000000000001,0.4004178598363661,True,0.512917859836366,0.04879700923159115,0.005105327712913668,0.01992352982856946
0.8,0.4004178598363661,True,0.5199776964054948,0.05091791022448335,0.0047607795966364205,0.021715398067672226
1.0,0.4004178598363661,True,0.5247164065222918,0.052341503376156444,0.004523541735326022,0.022940903828185193
1.2000000000000002,0.4004178598363661,True,0.5281387350473002,0.05336963198729642,0.00434922465981251,0.023837345267898154
1.4000000000000001,0.4004178598363661,True,0.5307357656997935,0.054149826377847904,0.004215275113281209,0.024523974451876776
1.6,0.4004178598363661,True,0.5327785413321151,0.05476351266143583,0.004108900859060391,0.025067923534922206
1.8,0.4004178598363661,True,0.5344298564159817,0.05525959720484653,0.004022259925151564,0.025510118674639554
2.0,0.4004178598363661,True,0.5357938020533695,0.05566935083416371,0.00395025750396691,0.025877035637312577
2.2,0.4004178598363661,True,0.5369402304513947,0.05601375839995409,0.0038894304714218566,0.02618660987229824
2.4000000000000004,0.4004178598363661,True,0.5379178598363661,0.056307455727500316,0.003837337823431842,0.02645144825433606
2.6,0.4004178598363661,True,0.5387617568067044,0.05656097744925174,0.003792206924281126,0.026680684652982126
2.8000000000000003,0.4004178598363661,True,0.5394978340663378,0.05678210820426506,0.003752717951320069,0.02688110643860136
3.0,0.4004178598363661,True,0.5401456713749735,0.056976730102047526,0.003717867131217646,0.027057867002503476
3.2,0.4004178598363661,True,0.5407203491285529,0.05714937356287344,0.003686876958728449,0.027214952266666568
3.4000000000000004,0.4004178598363661,True,0.5412336770137397,0.05730358642753559,0.003659135513957767,0.027355495274291947
3.6,0.4004178598363661,True,0.5416950392554032,0.05744218788478545,0.0036341543981034696,0.02748199382306163
3.8000000000000003,0.4004178598363661,True,0.5421119896099851,0.05756744721796693,0.0036115389236465794,0.027596464424453272
4.0,0.4004178598363661,True,0.542490678759584,0.0576812122018327,0.0035909665727067042,0.027700553386341115
4.2,0.4004178598363661,True,0.542836166883962,0.05778500300475722,0.0035721711576674193,0.027795618376813214
4.4,0.4004178598363661,True,0.5431526559623583,0.05788008197635061,0.003554930992080397,0.02788278926069346
4.6000000000000005,0.4004178598363661,True,0.5434436649346308,0.05796750626899392,0.003539059931804108,0.027963014122139137
4.800000000000001,0.4004178598363661,True,0.5437121635174205,0.058048168038604665,0.0035244005031994105,0.028037094529293108
5.0,0.4004178598363661,True,0.5439606756588925,0.058122825524289046,0.003510818570856116,0.028105712872540076
5.2,0.4004178598363661,True,0.5441913603955189,0.05819212733916326,0.003498199155931768,0.02816945378507675
5.4,0.4004178598363661,True,0.5444060756807981,0.058256631645641016,0.0034864431248046407,0.02822882109178058
5.6000000000000005,0.4004178598363661,True,0.5446064292370199,0.05831682143221176,0.00347546454332027,0.02828425134132949
5.800000000000001,0.4004178598363661,True,0.5447938194137669,0.05837311678806447,0.0034651885452675244,0.028336124700787998
6.0,0.4004178598363661,True,0.5449694682762951,0.05842588484342784,0.003455549601897838,0.028384773794797077
6.2,0.4004178598363661,True,0.5451344485981036,0.05847544787862068,0.0034464901069582413,0.02843049092888079
6.4,0.4004178598363661,True,0.5452897060312916,0.05852208998442269,0.00343795921197592,0.028473534031966723
6.6000000000000005,0.4004178598363661,True,0.5454360774324964,0.05856606256751393,0.003429911861543064,0.028514131575947895
6.800000000000001,0.4004178598363661,True,0.5455743061016383,0.05860758892846554,0.003422307989580205,0.02855248667235744
7.0,0.4004178598363661,True,0.5457050545246442,0.058646868089881954,0.0034151118460350144,0.02858878050265364
7.2,0.4004178598363661,True,0.5458289150852029,0.05868407801440317,0.0034082914299316857,0.028623175205445408
7.4,0.4004178598363661,True,0.5459464191139933,0.05871937832325451,0.0034018180096454425,0.028655816318535202
7.6000000000000005,0.4004178598363661,True,0.546058044569285,0.058752912603636506,0.003395665715114308,0.028686834853977543
7.800000000000001,0.4004178598363661,True,0.5461642225847921,0.05878481037581682,0.0033898111896921283,0.028716349069010286
8.0,0.4004178598363661,True,0.5462653430752826,0.0588151887771556,0.003384233291694368,0.02874446598369605
8.200000000000001,0.4004178598363661,True,0.5463617595546207,0.058844154009531295,0.0033789128375432166,0.028771282686607395
8.4,0.4004178598363661,True,0.5464537932925493,0.0588718025881125,0.003373832379892408,0.028796887462351782
8.6,0.4004178598363661,True,0.5465417369138519,0.058898222422610516,0.0033689760152907184,0.028821360768701208
8.8,0.4004178598363661,True,0.5466258575253562,0.05892349375668677,0.003364329216890422,0.028844776086248455
9.0,0.4004178598363661,True,0.5467063994415813,0.058947689986786234,0.0033598786884724502,0.028867200659602008
9.200000000000001,0.4004178598363661,True,0.5467835865679325,0.05897087837809156,0.003355612236681804,0.02888869614595244
9.4,0.4004178598363661,True,0.5468576244906671,0.05899312069238624,0.0033515186588740347,0.028909319184255523
9.600000000000001,0.4004178598363661,True,0.5469287023149151,0.05901447374022864,0.0033475876443896492,0.028929121896151235
9.8,0.4004178598363661,True,0.5469969942855342,0.05903498986788605,0.0033438096874155434,0.028948152327995087
10.0,0.4004178598363661,True,0.547062661220174,0.05905471738785257,0.003340176009875922,0.028966454841927985
10.200000000000001,0.4004178598363661,True,0.5471258517794844,0.05907370096044241,0.003336678493029963,0.02898407046271864
10.4,0.4004178598363661,True,0.5471867035956726,0.059091981932828816,0.0033333096166494563,0.02900103718611018
10.600000000000001,0.4004178598363661,True,0.5472453442775205,0.05910959864096894,0.003330062404813367,0.02901739025356974
10.8,0.4004178598363661,True,0.5473018923073671,0.05912658667907343,0.0033269303774937516,0.029033162397638708
11.0,0.4004178598363661,True,0.5473564578433832,0.05914297914062418,0.0033239075072231555,0.02904838406149399
11.200000000000001,0.4004178598363661,True,0.5474091434386062,0.05915880683438535,0.003320988180231493,0.029063083595829355
11.4,0.4004178598363661,True,0.5474600446866495,0.059174098478385506,0.003318167161523276,0.02907728743574585
11.600000000000001,0.4004178598363661,True,0.5475092508026738,0.05918888087445236,0.0033154395634364233,0.029091020259983693
11.8,0.4004178598363661,True,0.5475568451470685,0.05920317906553572,0.0033128008172841096,0.0291043051345176
12.0,0.4004178598363661,True,0.5476029056983371,0.05921701647777074,0.0033102466477323324,0.029117163642281233
12.200000000000001,0.4004178598363661,True,0.5476475054808436,0.0592304150489805,0.0033077730496099906,0.029129616000559203
12.4,0.4004178598363661,True,0.5476907129523754,0.05924339534510701,0.0033053762668860147,0.029141681167395076
12.600000000000001,0.4004178598363661,True,0.5477325923558547,0.059255976665871464,0.0033030527735808573,0.029153376938194957
12.8,0.4004178598363661,True,0.5477732040390233,0.059268177140813345,0.003300799256407569,0.029164720033568153
13.0,0.4004178598363661,True,0.5478126047454382,0.05928001381671055,0.0032986125989623847,0.029175726179315388
13.200000000000001,0.4004178598363661,True,0.5478508478797572,0.05929150273727614,0.003296489867305572,0.02918641017937611
13.4,0.4004178598363661,True,0.5478879837499109,0.05930265901591083,0.003294428296792023,0.029196785982443837
13.600000000000001,0.4004178598363661,True,0.54792405978849,0.05931349690221214,0.0032924252800268328,0.02920686674288527
13.8,0.4004178598363661,True,0.5479591207553979,0.05932402984285443,0.0032904783558353355,0.02921666487652216
14.0,0.4004178598363661,True,0.5479932089235888,0.05933427053738813,0.0032885851991492033,0.029226192111774466
14.200000000000001,0.4004178598363661,True,0.5480263642495224,0.059344230989447244,0.0032867436117210345,0.029235459536609578
14.4,0.4004178598363661,True,0.548058624529784,0.059353922553801154,0.003284951513589217,0.029244477641694373
14.600000000000001,0.4004178598363661,True,0.5480900255451536,0.05936335597963517,0.003283206935223382,0.029253256360100906
14.8,0.4004178598363661,True,0.5481206011932963,0.05937254145041329,0.003281508010287753,0.029261805103886686
15.0,0.4004178598363661,True,0.5481503836110985,0.059381488620630155,0.0032798529689665387,0.02927013279782996
15.200000000000001,0.4004178598363661,True,0.5481794032875865,0.059390206649733844,0.003278240131800975,0.02927824791057658
15.4,0.4004178598363661,True,0.5482076891682605,0.05939870423346953,0.003276667903992873,0.029286158483426427
15.600000000000001,0.4004178598363661,True,0.5482352687515951,0.059406989632870055,0.0032751347701339504,0.029293872156965793
15.8,0.4004178598363661,True,0.5482621681783929,0.0594150707010995,0.0032736392893242035,0.02930139619573311
16.0,0.4004178598363661,True,0.5482884123145855,0.059422954908327705,0.0032721800906463363,0.029308737511081866
16.2,0.4004178598363661,True,0.5483140248280522,0.05943064936480845,0.0032707558689661666,0.029315902682396682
16.400000000000002,0.4004178598363661,True,0.5483390282599461,0.059438160842306534,0.0032693653810320104,0.02932289797679673
16.6,0.4004178598363661,True,0.5483634440909801,0.05944549579401193,0.0032680074418484687,0.029329729367451787
16.8,0.4004178598363661,True,0.5483872928030893,0.059452660373063626,0.0032666809213023483,0.029336402550623517
17.0,0.4004178598363661,True,0.5484105939368349,0.059459660449795226,0.003265384741020499,0.029342922961534235
17.2,0.4004178598363661,True,0.5484333661448981,0.05946650162780537,0.0032641178714411276,0.029349295789157234
17.400000000000002,0.4004178598363661,True,0.5484556272419576,0.059473189258941545,0.003262879329081965,0.029355525990010477
17.6,0.4004178598363661,True,0.5484773942512491,0.05947972845728795,0.0032616681739898535,0.029361618301035314
17.8,0.4004178598363661,True,0.5484986834480483,0.059486124112228034,0.0032604835073579965,0.02936757725162628
18.0,0.4004178598363661,True,0.5485195104003189,0.059492380900656,0.003259324469298062,0.02937340717487905
18.2,0.4004178598363661,True,0.5485398900067392,0.059498503298401166,0.0032581902367555078,0.029379112218115077
18.400000000000002,0.4004178598363661,True,0.5485598365322948,0.059504495590919707,0.0032570800215576266,0.02938469635273394
18.6,0.4004178598363661,True,0.5485793636416331,0.05951036188331593,0.003255993068584317,0.02939016338344843
18.8,0.4004178598363661,True,0.5485984844303196,0.05951610610973148,0.0032549286540529626,0.02939551695693981
19.0,0.4004178598363661,True,0.5486172114541732,0.0595217320421587,0.0032538860839089107,0.029400760569982705
19.200000000000003,0.4004178598363661,True,0.5486355567567958,0.05952724329871062,0.003252864692314273,0.02940589757707107
19.400000000000002,0.4004178598363661,True,0.5486535318954389,0.059532643351392016,0.003251863840227946,0.0294109311975848
19.6,0.4004178598363661,True,0.5486711479653144,0.05953793553340278,0.003250882914070593,0.02941586452252639
19.8,0.4004178598363661,True,0.5486884156224626,0.059543123046007604,0.0032499213244686635,0.029420700520858586
20.0,0.4004178598363661,True,0.5487053451052772,0.05954820896500294,0.003248978505072025,0.029425442045471074
0.0,0.4412501300463497,False,0.3287501300463497,-0.023390639630214354,0.011582815913716682,-0.01927249173401695
0.2,0.4412501300463497,True,0.5162501300463497,0.040593759753476205,0.007446095944532153,0.013510437807270213
0.4,0.4412501300463497,True,0.5418767004080222,0.049338830222038874,0.006238048987517672,0.020497513535192358
0.6000000000000001,0.4412501300463497,True,0.5537501300463497,0.0533906396302143,0.0056259391580909595,0.023939134480398
0.8,0.4412501300463497,True,0.5608099666154784,0.0557998097775355,0.0052462560411173816,0.026046833417372347
1.0,0.4412501300463497,True,0.5655486767322755,0.05741689522114443,0.004984826050961824,0.027487223063432126
1.2000000000000002,0.4412501300463497,True,0.5689710052572838,0.05858476527536488,0.004792733140143436,0.028540299651342933
1.4000000000000001,0.4412501300463497,True,0.5715680359097772,0.059471002323262585,0.004645124202693094,0.0293465997887999
1.6,0.4412501300463497,True,0.5736108115420988,0.060168099773447836,0.004527902524499966,0.029985170015493418
1.8,0.4412501300463497,True,0.5752621266259653,0.0607316112605648,0.004432426455150237,0.030504169392023692
2.0,0.4412501300463497,True,0.5766260722633532,0.061197057886699525,0.0043530816483917075,0.0309347374748889
2.2,0.4412501300463497,True,0.5777725006613783,0.06158827672661447,0.004286051831010916,0.03129796082475009
2.4000000000000004,0.4412501300463497,True,0.5787501300463497,0.06192189288137307,0.004228647079610852,0.031608656478199944
2.6,0.4412501300463497,True,0.5795940270166879,0.06220987283224673,0.004178913995458461,0.031877556719579474
2.8000000000000003,0.4412501300463497,True,0.5803301042763214,0.06246105929282082,0.004135398168113538,0.03211263488449866
3.0,0.4412501300463497,True,0.5809779415849571,0.06268213385864162,0.004096993465314566,0.032319943638031784
3.2,0.4412501300463497,True,0.5815526193385365,0.06287824271678535,0.00406284309638096,0.03250416365496982
3.4000000000000004,0.4412501300463497,True,0.5820659472237234,0.06305341592436176,0.004032272741407933,0.032668973524297096
3.6,0.4412501300463497,True,0.5825273094653869,0.06321085584932791,0.004004744197541493,0.0328173055893719
3.8000000000000003,0.4412501300463497,True,0.5829442598199688,0.06335314021205184,0.003979822529339079,0.03295152689884618
4.0,0.4412501300463497,True,0.5833229489695677,0.06348236793359961,0.003957152330434143,0.0330735697401643
4.2,0.4412501300463497,True,0.5836684370939457,0.06360026580097307,0.003936440268954795,0.03318502746985868
4.4,0.4412501300463497,True,0.5839849261723419,0.06370826774013405,0.003917442052165957,0.033287225980624016
4.6000000000000005,0.4412501300463497,True,0.5842759351446145,0.06380757458976671,0.003899952554035808,0.03338127775870988
4.800000000000001,0.4412501300463497,True,0.5845444337274042,0.06389919976606094,0.0038837982426849827,0.03346812330020139
5.0,0.4412501300463497,True,0.5847929458688761,0.06398400456665637,0.0038688313043590836,0.03354856321466352
5.2,0.4412501300463497,True,0.5850236306055026,0.06406272576302982,0.0038549250353461253,0.03362328337702625
5.4,0.4412501300463497,True,0.5852383458907817,0.0641359973820543,0.003841970192957742,0.033692874826971225
5.6000000000000005,0.4412501300463497,True,0.5854386994470036,0.06420436805917024,0.0038298720799772603,0.0337578496554001
5.800000000000001,0.4412501300463497,True,0.5856260896237506,0.06426831498135459,0.0038185481957754347,0.03381865379346276
6.0,0.4412501300463497,True,0.5858017384862787,0.06432825517853477,0.003807926329365376,0.03387567738800925
6.2,0.4412501300463497,True,0.5859667188080873,0.06438455473480703,0.003797943000145533,0.03392926327972904
6.4,0.4412501300463497,True,0.5861219762412753,0.06443753635407308,0.0037885421744133854,0.03397971397755495
6.6000000000000005,0.4412501300463497,True,0.58626834764248,0.06448748561376932,0.003779674202274287,0.03402729743212846
6.800000000000001,0.4412501300463497,True,0.5864065763116219,0.0645346561650901,0.0037712949319444414,0.03407225184327375
7.0,0.4412501300463497,True,0.5865373247346278,0.06457927408144422,0.003763364967790382,0.0341147896852442
7.2,0.4412501300463497,True,0.5866611852951866,0.06462154151384254,0.003755849045564051,0.034155101094548924
7.4,0.4412501300463497,True,0.586778689323977,0.06466163977894822,0.003748715503757707,0.03419335673527266
7.6000000000000005,0.4412501300463497,True,0.5868903147792687,0.064699731980083,0.0037419358342318377,0.03422971023369339
7.800000000000001,0.4412501300463497,True,0.5869964927947757,0.06473596524168285,0.0037354842985661903,0.034264300255986146
8.0,0.4412501300463497,True,0.5870976132852663,0.0647704726222131,0.003729337599170956,0.03429725228868904
8.200000000000001,0.4412501300463497,True,0.5871940297646043,0.06480337475832582,0.0037234745962393175,0.03432868017044786
8.4,0.4412501300463497,True,0.5872860635025329,0.06483478128336256,0.0037178760632467327,0.03435868741470696
8.6,0.4412501300463497,True,0.5873740071238356,0.06486479205556886,0.0037125244750010836,0.034387368355932736
8.8,0.4412501300463497,True,0.5874581277353398,0.06489349822518427,0.0037074038232917223,0.03441480914627162
9.0,0.4412501300463497,True,0.5875386696515649,0.06492098316457028,0.0037024994560289656,0.0344410886249543
9.200000000000001,0.4412501300463497,True,0.5876158567779162,0.06494732328147551,0.0036977979364508206,0.03446627907902571
9.4,0.4412501300463497,True,0.5876898947006507,0.06497258873223707,0.003693286919532716,0.03449044691094437
9.600000000000001,0.4412501300463497,True,0.5877609725248987,0.0649968440490051,0.003688955043194438,0.03451365322609798
9.8,0.4412501300463497,True,0.5878292644955179,0.06502014869286,0.0036847918322756865,0.03453595435123742
10.0,0.4412501300463497,True,0.5878949314301577,0.0650425575428456,0.003680787613563865,0.03455740229312944
10.200000000000001,0.4412501300463497,True,0.587958121989468,0.06506412132942792,0.003676933440416469,0.034578045145328855
10.4,0.4412501300463497,True,0.5880189738056562,0.06508488701961569,0.003673221025736425,0.03459792744979506
10.600000000000001,0.4412501300463497,True,0.5880776144875041,0.06510489815992232,0.0036696426822390897,0.03461709051909992
10.8,0.4412501300463497,True,0.5881341625173507,0.06512419518246136,0.0036661912691011898,0.03463557272415221
11.0,0.4412501300463497,True,0.5881887280533667,0.06514281567872286,0.003662860144209411,0.034653409751673504
11.200000000000001,0.4412501300463497,True,0.58824141364859,0.06516079464494436,0.003659643121334244,0.034670634835073294
11.4,0.4412501300463497,True,0.5882923148966333,0.06517816470245864,0.0036565344316459958,0.034687278961877434
11.600000000000001,0.4412501300463497,True,0.5883415210126575,0.06519495629595098,0.0036535286890674056,0.03470337106044613
11.8,0.4412501300463497,True,0.5883891153570522,0.06521119787216513,0.003650620859023702,0.034718938168353225
12.0,0.4412501300463497,True,0.5884351759083208,0.06522691604127558,0.0036478062302073384,0.034734005584497935
12.200000000000001,0.4412501300463497,True,0.5884797756908273,0.06524213572285595,0.0036450803890233016,0.03474859700675348
12.4,0.4412501300463497,True,0.5885229831623591,0.06525688027813513,0.0036424391964224533,0.03476273465673455
12.600000000000001,0.4412501300463497,True,0.5885648625658384,0.06527117163001869,0.0036398787668664857,0.03477643939306672
12.8,0.4412501300463497,True,0.5886054742490069,0.06528503037218138,0.003637395449198833,0.034789730814379805
13.0,0.4412501300463497,True,0.5886448749554218,0.0652984758683694,0.003634985809223113,0.03480262735309282
13.200000000000001,0.4412501300463497,True,0.5886831180897409,0.06531152634292918,0.003632646613813585,0.03481514636094222
13.4,0.4412501300463497,True,0.5887202539598945,0.06532419896344846,0.003630374816402812,0.03482730418708524
13.600000000000001,0.4412501300463497,True,0.5887563299984736,0.06533650991630514,0.003628167543709016,0.034839116249523676
13.8,0.4412501300463497,True,0.5887913909653816,0.06534847447582204,0.0036260220835813393,0.03485059710050366
14.0,0.4412501300463497,True,0.5888254791335725,0.06536010706765027,0.003623935873854592,0.03486176048647618
14.200000000000001,0.4412501300463497,True,0.5888586344595061,0.0653714213269368,0.0036219064921169655,0.03487261940314007
14.4,0.4412501300463497,True,0.5888908947397677,0.0653824301517714,0.0036199316463045353,0.034883186146032495
14.600000000000001,0.4412501300463497,True,0.5889222957551372,0.06539314575234986,0.00361800916604575,0.03489347235707843
14.8,0.4412501300463497,True,0.5889528714032799,0.06540357969625478,0.003616136994686831,0.03490348906747568
15.0,0.4412501300463497,True,0.5889826538210821,0.06541374295020286,0.0036143131819365293,0.034913246737244046
15.200000000000001,0.4412501300463497,True,0.5890116734975702,0.06542364591857831,0.0036125358770747046,0.03492275529173959
15.4,0.4412501300463497,True,0.5890399593782442,0.06543329847903681,0.003610803322674981,0.03493202415540139
15.600000000000001,0.4412501300463497,True,0.5890675389615787,0.06544271001543633,0.0036091138487966065,0.03494106228297273
15.8,0.4412501300463497,True,0.5890944383883765,0.06545188944832928,0.0036074658676050276,0.03494987818841661
16.0,0.4412501300463497,True,0.5891206825245691,0.06546084526321792,0.0036058578683848246,0.03495847997171732
16.2,0.4412501300463497,True,0.589146295038036,0.0654695855367693,0.0036042884129118672,0.03496687534375155
16.400000000000002,0.4412501300463497,True,0.5891712984699298,0.06547811796115464,0.0036027561311549423,0.03497507164938577
16.6,0.4412501300463497,True,0.5891957143009638,0.06548644986667024,0.003601259717279753,0.03498307588894728
16.8,0.4412501300463497,True,0.5892195630130729,0.06549458824277893,0.0035997979259307757,0.034990894738200565
17.0,0.4412501300463497,True,0.5892428641468186,0.06550253975769985,0.0035983695687686773,0.034998534566949235
17.2,0.4412501300463497,True,0.5892656363548818,0.06551031077666289,0.003596973511242976,0.03500600145637336
17.400000000000002,0.4412501300463497,True,0.5892878974519412,0.06551790737892936,0.0035956086695816385,0.03501330121519867
17.6,0.4412501300463497,True,0.5893096644612328,0.06552533537368083,0.003594274007980584,0.03502043939479301
17.8,0.4412501300463497,True,0.589330953658032,0.06553260031485718,0.0035929685359779554,0.03502742130326747
18.0,0.4412501300463497,True,0.5893517806103025,0.06553970751502788,0.0035916913059990435,0.03503425201866106
18.2,0.4412501300463497,True,0.5893721602167228,0.06554666205836919,0.0035904414110590195,0.035040936401277534
18.400000000000002,0.4412501300463497,True,0.5893921067422785,0.06555346881280896,0.003589217982611935,0.035047479105233786
18.6,0.4412501300463497,True,0.5894116338516167,0.06556013244141011,0.0035880201885349597,0.03505388458928495
18.8,0.4412501300463497,True,0.5894307546403031,0.06556665741303593,0.0035868472312383607,0.03506015712696963
19.0,0.4412501300463497,True,0.5894494816641568,0.06557304801236137,0.0035856983458918547,0.03506630081613342
19.200000000000003,0.4412501300463497,True,0.5894678269667795,0.06557930834926706,0.0035845727987593016,0.03507231958786753
19.400000000000002,0.4412501300463497,True,0.5894858021054225,0.06558544236766659,0.003583469885633924,0.03507821721490897
19.6,0.4412501300463497,True,0.589503418175298,0.06559145385380256,0.003582388930367157,0.03508399731953678
19.8,0.4412501300463497,True,0.5895206858324462,0.06559734644404995,0.003581329283484583,0.03508966338100032
20.0,0.4412501300463497,True,0.5895376153152608,0.06560312363226209,0.003580290320882997,0.03509521874251302
0.0,0.4862462362330365,False,0.37374623623303643,-0.028452701576216616,0.012763963701117209,-0.023398053825889952
0.2,0.4862462362330365,True,0.5612462362330364,0.043968467717477706,0.008205405236432492,0.016471731782935636
0.4,0.4862462362330365,True,0.5868728065947089,0.0538666340672348,0.006874168719903054,0.024738693996945192
0.6000000000000001,0.4862462362330365,True,0.5987462362330364,0.05845270157621657,0.006199639511971215,0.028798695554441325
0.8,0.4862462362330365,True,0.6058060728021653,0.06117953687946293,0.005781238532530741,0.031281696440271935
1.0,0.4862462362330365,True,0.6105447829189622,0.06300984582667518,0.005493149441796133,0.032977183200208544
1.2000000000000002,0.4862462362330365,True,0.6139671114439706,0.06433170733861264,0.00528146802000782,0.03421608450893907
1.4000000000000001,0.4862462362330365,True,0.616564142096464,0.06533480065352003,0.005118806786883544,0.035164288527097534
1.6,0.4862462362330365,True,0.6186069177287855,0.06612381505297278,0.004989631527897577,0.03591501789049019
1.8,0.4862462362330365,True,0.620258232812652,0.06676162928895107,0.004884419367695485,0.036525030834762696
2.0,0.4862462362330365,True,0.6216221784500399,0.06728844815781858,0.0047969834418478945,0.03703100828653786
2.2,0.4862462362330365,True,0.6227686068480651,0.0677312518116665,0.004723118315930825,0.037457779014896206
2.4000000000000004,0.4862462362330365,True,0.6237462362330364,0.0681088574820425,0.0046598597638999335,0.037822783744656356
2.6,0.4862462362330365,True,0.6245901332033748,0.06843480951060411,0.004605055190850129,0.03813865159712567
2.8000000000000003,0.4862462362330365,True,0.6253262104630082,0.06871911658171428,0.004557101874075326,0.038414762884333736
3.0,0.4862462362330365,True,0.6259740477716439,0.06896934130386616,0.0045147808844187625,0.03865823686370636
3.2,0.4862462362330365,True,0.6265487255252233,0.06919130842323308,0.004477148060699955,0.038874578049299384
3.4000000000000004,0.4862462362330365,True,0.6270620534104101,0.06938957938683994,0.004443460319816161,0.039068111815780356
3.6,0.4862462362330365,True,0.6275234156520737,0.0695677788162225,0.004413124576135752,0.03924228560594817
3.8000000000000003,0.4862462362330365,True,0.6279403660066555,0.06972882432137577,0.004385661542044863,0.03939988192353362
4.0,0.4862462362330365,True,0.6283190551562544,0.06987509158011064,0.004360679568915424,0.03954317195165644
4.2,0.4862462362330365,True,0.6286645432806324,0.07000853506781486,0.004337855412607748,0.03967402831154622
4.4,0.4862462362330365,True,0.6289810323590286,0.07013077778315427,0.004316919868843168,0.03979400914134683
4.6000000000000005,0.4862462362330365,True,0.6292720413313012,0.0702431789034046,0.004297646894037482,0.039904421684107724
4.800000000000001,0.4862462362330365,True,0.6295405399140909,0.070346885470441,0.004279845260545723,0.040006370999790423
5.0,0.4862462362330365,True,0.6297890520555629,0.07044287234974278,0.004263352081431791,0.04010079771978374
5.2,0.4862462362330365,True,0.6300197367921893,0.07053197346102114,0.004248027732480586,0.04018850762286563
5.4,0.4862462362330365,True,0.6302344520774685,0.07061490643182194,0.0042337518310736405,0.04027019503248737
5.6000000000000005,0.4862462362330365,True,0.6304348056336903,0.0706922922388285,0.004220420023326268,0.04034646149405961
5.800000000000001,0.4862462362330365,True,0.6306221958104374,0.07076467098930411,0.004207941395677822,0.0404178308094003
6.0,0.4862462362330365,True,0.6307978446729654,0.07083251470135418,0.004196236373487531,0.040484761232892824
6.2,0.4862462362330365,True,0.6309628249947741,0.07089623772970526,0.0041852350027735685,0.04054765543666235
6.4,0.4862462362330365,True,0.631118082427962,0.0709562053289213,0.004174875535844326,0.04060686870770922
6.6000000000000005,0.4862462362330365,True,0.6312644538291668,0.07101274073172885,0.004165103259799437,0.04066271573312761
6.800000000000001,0.4862462362330365,True,0.6314026824983086,0.07106613103492437,0.004155869520514559,0.04071547624971299
7.0,0.4862462362330365,True,0.6315334309213146,0.07111663212120382,0.004147130905020056,0.04076539977405276
7.2,0.4862462362330365,True,0.6316572914818734,0.07116447279653738,0.004138848553026211,0.040812709583370056
7.4,0.4862462362330365,True,0.6317747955106638,0.07120985828539987,0.004130987574369998,0.04085760608223186
7.6000000000000005,0.4862462362330365,True,0.6318864209659554,0.07125297319737409,0.004123516553818657,0.0409002696630532
7.800000000000001,0.4862462362330365,True,0.6319925989814625,0.0712939840562344,0.004116407128298455,0.04094086314714407
8.0,0.4862462362330365,True,0.632093719471953,0.0713330414650924,0.004109633624467704,0.040979533876449606
8.200000000000001,0.4862462362330365,True,0.6321901359512911,0.07137028196734756,0.004103172746805791,0.04101641551301364
8.4,0.4862462362330365,True,0.6322821696892196,0.07140582965222889,0.004097003308179711,0.04105162959279038
8.6,0.4862462362330365,True,0.6323701133105223,0.07143979754495777,0.004091105996280806,0.041085286872104915
8.8,0.4862462362330365,True,0.6324542339220266,0.07147228881454093,0.004085463170474781,0.04111748849837954
9.0,0.4862462362330365,True,0.6325347758382517,0.07150339782654186,0.004080058684537587,0.041148327031347395
9.200000000000001,0.4862462362330365,True,0.6326119629646029,0.07153321106358065,0.004074877731504875,0.04117788733658813
9.4,0.4862462362330365,True,0.6326860008873374,0.07156180793257542,0.004069906707478702,0.04120624736965019
9.600000000000001,0.4862462362330365,True,0.6327570787115855,0.07158926147467083,0.004065133091740406,0.04123347886609216
9.8,0.4862462362330365,True,0.6328253706822046,0.07161563899128741,0.0040605453409341356,0.041259647950370265
10.0,0.4862462362330365,True,0.6328910376168444,0.071641002597637,0.004056132795429679,0.041284815674499854
10.200000000000001,0.4862462362330365,True,0.6329542281761547,0.07166540971333606,0.004051885596258282,0.041309038495774233
10.4,0.4862462362330365,True,0.633015079992343,0.0716889134983067,0.004047794611253205,0.041332368701441566
10.600000000000001,0.4862462362330365,True,0.6330737206741909,0.0717115632409606,0.004043851369225501,0.04135485478709197
10.8,0.4862462362330365,True,0.6331302687040374,0.07173340470465527,0.004040048001172527,0.041376541794541324
11.0,0.4862462362330365,True,0.6331848342400536,0.07175448043756948,0.00403637718765712,0.04139747161418648
11.200000000000001,0.4862462362330365,True,0.6332375198352767,0.07177483005042815,0.004032832111614284,0.04141768325611732
11.4,0.4862462362330365,True,0.63328842108332,0.07179449046590443,0.0040294064159428315,0.04143721309369125
11.600000000000001,0.4862462362330365,True,0.6333376271993442,0.07181349614301842,0.004026094165324863,0.041456095082783674
11.8,0.4862462362330365,True,0.6333852215437389,0.07183187927940685,0.0040228898117891316,0.041474360959501085
12.0,0.4862462362330365,True,0.6334312820950075,0.07184966999397319,0.0040197881635965155,0.041492040418789115
12.200000000000001,0.4862462362330365,True,0.6334758818775141,0.07186689649210312,0.00401678435707941,0.04150916127605564
12.4,0.4862462362330365,True,0.6335190893490458,0.07188358521535941,0.004013873831112666,0.04152574961366636
12.600000000000001,0.4862462362330365,True,0.6335609687525251,0.07189976097732896,0.004011052303933516,0.04154182991393802
12.8,0.4862462362330365,True,0.6336015804356936,0.07191544708709992,0.004008315752061814,0.04155742518006419
13.0,0.4862462362330365,True,0.6336409811421087,0.07193066546165762,0.0040056603911019254,0.0415725570462276
13.200000000000001,0.4862462362330365,True,0.6336792242764278,0.07194543672835013,0.004003082658232868,0.041587245878016856
13.4,0.4862462362330365,True,0.6337163601465812,0.07195978031842618,0.004000579196216084,0.041601510864124544
13.600000000000001,0.4862462362330365,True,0.6337524361851603,0.07197371455254556,0.003998146838769333,0.04161537010020174
13.8,0.4862462362330365,True,0.6337874971520683,0.07198725671905246,0.003995782597172483,0.04162884066563918
14.0,0.4862462362330365,True,0.6338215853202592,0.07200042314571631,0.003993483647985733,0.04164193869396166
14.200000000000001,0.4862462362330365,True,0.633854740646193,0.0720132292655692,0.003991247321773891,0.041654679437448314
14.4,0.4862462362330365,True,0.6338870009264544,0.07202568967740007,0.0039890710927417685,0.04166707732652485
14.600000000000001,0.4862462362330365,True,0.633918401941824,0.07203781820140047,0.003986952569196022,0.041679146024411404
14.8,0.4862462362330365,True,0.6339489775899667,0.07204962793041594,0.003984889484757357,0.04169089847746734
15.0,0.4862462362330365,True,0.6339787600077689,0.07206113127719795,0.003982879690255234,0.041702346961619764
15.200000000000001,0.4862462362330365,True,0.6340077796842569,0.07207234001801817,0.003980921146243904,0.04171350312522861
15.4,0.4862462362330365,True,0.6340360655649309,0.07208326533296705,0.003979011916084932,0.04172437802870247
15.600000000000001,0.4862462362330365,True,0.6340636451482655,0.07209391784322687,0.0039771501595467825,0.041734982181149224
15.8,0.4862462362330365,True,0.6340905445750633,0.07210430764558437,0.003975334126876823,0.04174532557431967
16.0,0.4862462362330365,True,0.6341167887112558,0.07211444434441192,0.003973562153305716,0.04175541771406935
16.2,0.4862462362330365,True,0.6341424012247228,0.07212433708133896,0.003971832653947653,0.04176526764955395
16.400000000000002,0.4862462362330365,True,0.6341674046566165,0.07213399456280083,0.003970144119063651,0.04177488400034223
16.6,0.4862462362330365,True,0.6341918204876505,0.07214342508564225,0.003968495109658076,0.04178427498161982
16.8,0.4862462362330365,True,0.6342156691997597,0.07215263656093343,0.0039668842533813345,0.04179344842763811
17.0,0.4862462362330365,True,0.6342389703335054,0.07216163653614263,0.003965310240714202,0.04180241181354956
17.2,0.4862462362330365,True,0.6342617425415686,0.0721704322157978,0.003963771821411379,0.041811172275758694
17.400000000000002,0.4862462362330365,True,0.6342840036386279,0.07217903048075139,0.0039622678011840985,0.04181973663090145
17.6,0.4862462362330365,True,0.6343057706479195,0.0721874379061643,0.003960797038603043,0.041828111393565334
17.8,0.4862462362330365,True,0.6343270598447188,0.07219566077830046,0.003959358442204854,0.04183630279284117
18.0,0.4862462362330365,True,0.6343478867969892,0.07220370511022708,0.003957950967786694,0.041844316787798826
18.2,0.4862462362330365,True,0.6343682664034096,0.07221157665650292,0.00395657361587473,0.041852159081967946
18.400000000000002,0.4862462362330365,True,0.6343882129289652,0.07221928092692466,0.003955225429353781,0.041859835136892856
18.6,0.4862462362330365,True,0.6344077400383035,0.0722268231994111,0.003953905491246,0.041867350184838496
18.8,0.4862462362330365,True,0.6344268608269898,0.07223420853207502,0.003952612922628121,0.0418747092406984
19.0,0.4862462362330365,True,0.6344455878508435,0.07224144177455434,0.003951346880676942,0.04188191711317267
19.200000000000003,0.4862462362330365,True,0.6344639331534662,0.07224852757864486,0.003950106556834206,0.04188897841525949
19.400000000000002,0.4862462362330365,True,0.6344819082921092,0.0722554704082915,0.003948891175082249,0.04189589757411456
19.6,0.4862462362330365,True,0.6344995243619848,0.07226227454897818,0.003947699990322833,0.04190267884031898
19.8,0.4862462362330365,True,0.634516792019133,0.07226894411656021,0.003946532286851938,0.04190932629659784
20.0,0.4862462362330365,True,0.6345337215019476,0.07227548306557877,0.0039453873769239685,0.04191584386602872
0.0,0.5358307820236978,False,0.4233307820236978,-0.03403096297766603,0.01406555802812207,-0.02847191219847694
0.2,0.5358307820236978,True,0.6108307820236978,0.0476873086517773,0.009042144446649903,0.020086731589720675
0.4,0.5358307820236978,True,0.6364573523853703,0.058856156853090355,0.007575156220197882,0.029884277542098076
0.6000000000000001,0.5358307820236978,True,0.6483307820236978,0.06403096297766596,0.0068318424708021476,0.03468140183023846
0.8,0.5358307820236978,True,0.6553906185928265,0.06710785707054889,0.006370775407846774,0.03761108455005926
1.0,0.5358307820236978,True,0.6601293287096236,0.06917313280653613,0.006053308677457854,0.03960990504686248
1.2000000000000002,0.5358307820236978,True,0.6635516572346319,0.07066468892393254,0.005820041222977528,0.04106963022046765
1.4000000000000001,0.5358307820236978,True,0.6661486878871253,0.07179655482414825,0.005640792749148418,0.042186388041774
1.6,0.5358307820236978,True,0.6681914635194468,0.0726868593254819,0.005498444953149455,0.043070293958176444
1.8,0.5358307820236978,True,0.6698427786033134,0.07340655326985099,0.005382503872522826,0.0437883457374463
2.0,0.5358307820236978,True,0.6712067242407013,0.07400100276363152,0.005286151742608494,0.0443838189128957
2.2,0.5358307820236978,True,0.6723531526387264,0.07450065154887703,0.005204754283388975,0.04488599365913771
2.4000000000000004,0.5358307820236978,True,0.6733307820236978,0.07492673252825843,0.005135044994393771,0.04531543041333891
2.6,0.5358307820236978,True,0.674174678994036,0.07529452880478839,0.005074651771685765,0.04568701301528965
2.8000000000000003,0.5358307820236978,True,0.6749107562536696,0.07561533393248432,0.005021808456276001,0.046011793752470755
3.0,0.5358307820236978,True,0.6755585935623052,0.07589768137333114,0.004975171819745154,0.0462981590634624
3.2,0.5358307820236978,True,0.6761332713158847,0.0761481436280853,0.0049337014208805235,0.04655259203500863
3.4000000000000004,0.5358307820236978,True,0.6766465992010715,0.07637186772172082,0.004896578401312874,0.0467801861672236
3.6,0.5358307820236978,True,0.677107961442735,0.07657294358830123,0.0048631491960084375,0.046985000538735756
3.8000000000000003,0.5358307820236978,True,0.6775249117973168,0.0767546633874037,0.004832885642407146,0.04717031089917628
4.0,0.5358307820236978,True,0.6779036009469157,0.07691970777561728,0.004805356153845661,0.04733879073102976
4.2,0.5358307820236978,True,0.6782490890712938,0.07707028213504484,0.004780204523638468,0.0474926441289233
4.4,0.5358307820236978,True,0.67856557814969,0.07720821781758425,0.00475713409562987,0.04763370486566638
4.6000000000000005,0.5358307820236978,True,0.6788565871219626,0.07733504848554572,0.004735895775633692,0.047763511304175374
4.800000000000001,0.5358307820236978,True,0.6791250857047522,0.07745206843285518,0.004716278835728749,0.047883363776744355
5.0,0.5358307820236978,True,0.6793735978462243,0.07756037767381531,0.004698103778722365,0.04799436905184951
5.2,0.5358307820236978,True,0.6796042825828507,0.07766091718298013,0.004681216742339027,0.048097475164526365
5.4,0.5358307820236978,True,0.6798189978681299,0.07775449671367582,0.004665485068045283,0.048193498967586616
5.6000000000000005,0.5358307820236978,True,0.6800193514243517,0.07784181696076517,0.004650793760557937,0.04828314812279469
5.800000000000001,0.5358307820236978,True,0.6802067416010987,0.07792348736804042,0.00463704263548343,0.048367038801325715
6.0,0.5358307820236978,True,0.6803823904636268,0.07800004054915759,0.004624144003624771,0.04844571004147089
6.2,0.5358307820236978,True,0.6805473707854354,0.07807194405182993,0.004612020777502421,0.04851963547907805
6.4,0.5358307820236978,True,0.6807026282186233,0.07813961002035123,0.004600604912756509,0.048589232996074844
6.6000000000000005,0.5358307820236978,True,0.6808489996198281,0.07820340318260426,0.004589836117185257,0.04865487270655694
6.800000000000001,0.5358307820236978,True,0.68098722828897,0.07826364749157444,0.004579660775201431,0.04871688360587084
7.0,0.5358307820236978,True,0.6811179767119759,0.07832063167902148,0.004570031046834794,0.048775559137184205
7.2,0.5358307820236978,True,0.6812418372725347,0.07837461392399171,0.004560904109050683,0.04883116187605501
7.4,0.5358307820236978,True,0.6813593413013251,0.07842582579675036,0.0045522415137914125,0.04888392749209489
7.6000000000000005,0.5358307820236978,True,0.6814709667566168,0.07847447560622389,0.004544008642282621,0.04893406811480932
7.800000000000001,0.5358307820236978,True,0.6815771447721238,0.07852075125375607,0.004536174239150288,0.04898177520574694
8.0,0.5358307820236978,True,0.6816782652626144,0.07856482267620517,0.0045287100130355735,0.04902722201954488
8.200000000000001,0.5358307820236978,True,0.6817746817419524,0.07860684394579505,0.004521590292876993,0.04907056572100675
8.4,0.5358307820236978,True,0.681866715479881,0.07864695508176897,0.004514791731001698,0.04911194921309784
8.6,0.5358307820236978,True,0.6819546591011836,0.07868528361901535,0.004508293045744805,0.04915150272094075
8.8,0.5358307820236978,True,0.6820387797126879,0.07872194597091156,0.004502074797583359,0.0491893451690253
9.0,0.5358307820236978,True,0.682119321628913,0.07875704861724564,0.004496119193795869,0.049225585382495045
9.200000000000001,0.5358307820236978,True,0.6821965087552642,0.07879068914288544,0.004490409917490405,0.049260323138207336
9.4,0.5358307820236978,True,0.6822705466779988,0.07882295714865029,0.004484931977523121,0.04929365008706298
9.600000000000001,0.5358307820236978,True,0.6823416245022469,0.07885393505237683,0.004479671576385729,0.04932565056564774
9.8,0.5358307820236978,True,0.682409916472866,0.07888369879533769,0.0044746159935985024,0.04935640231239861
10.0,0.5358307820236978,True,0.6824755834075058,0.07891231846681487,0.004469753482524513,0.04938597710115386
10.200000000000001,0.5358307820236978,True,0.6825387739668161,0.07893985885769557,0.00446507317883507,0.04941444130300997
10.4,0.5358307820236978,True,0.6825996257830043,0.07896637995233244,0.004460565019118503,0.04944185638578215
10.600000000000001,0.5358307820236978,True,0.6826582664648522,0.07899193736656064,0.004456219668343592,0.04946827935901287
10.8,0.5358307820236978,True,0.6827148144946988,0.0790165827386306,0.0044520284550728486,0.049493763171336365
11.0,0.5358307820236978,True,0.6827693800307149,0.079040364078864,0.004447983313475738,0.04951835706605222
11.200000000000001,0.5358307820236978,True,0.6828220656259381,0.07906332608303152,0.004444076731322873,0.04954210689994981
11.4,0.5358307820236978,True,0.6828729668739814,0.0790855104137722,0.004440301703253084,0.04956505542974269
11.600000000000001,0.5358307820236978,True,0.6829221729900056,0.07910695595379938,0.004436651688699482,0.04958724256989385
11.8,0.5358307820236978,True,0.6829697673344002,0.07912769903413681,0.004433120573941179,0.04960870562510968
12.0,0.5358307820236978,True,0.6830158278856688,0.07914777364021669,0.004429702637815879,0.04962947950036424
12.200000000000001,0.5358307820236978,True,0.6830604276681754,0.07916721159830456,0.004426392520687616,0.04964959689094724
12.4,0.5358307820236978,True,0.6831036351397071,0.07918604274441152,0.004423185196314389,0.049669088454721344
12.600000000000001,0.5358307820236978,True,0.6831455145431864,0.07920429507758057,0.004420075946304316,0.049687982968499834
12.8,0.5358307820236978,True,0.683186126226355,0.07922199489921523,0.004417060336886294,0.04970630747023262
13.0,0.5358307820236978,True,0.68322552693277,0.07923916693990436,0.004414134197754164,0.049724087388475724
13.200000000000001,0.5358307820236978,True,0.683263770067089,0.07925583447504168,0.00441129360277131,0.04974134666045884
13.4,0.5358307820236978,True,0.6833009059372426,0.07927201943037183,0.00440853485234763,0.049758107839900145
13.600000000000001,0.5358307820236978,True,0.6833369819758217,0.07928774247847808,0.004405854457321953,0.04977439219559742
13.8,0.5358307820236978,True,0.6833720429427297,0.0793030231271041,0.004403249124201953,0.04979021980170172
14.0,0.5358307820236978,True,0.6834061311109206,0.07931787980010455,0.004400715741629962,0.04980560962048053
14.200000000000001,0.5358307820236978,True,0.6834392864368543,0.0793323299117344,0.004398251367957408,0.04982057957829146
14.4,0.5358307820236978,True,0.6834715467171157,0.07934638993490911,0.004395853219823289,0.049835146635408424
14.600000000000001,0.5358307820236978,True,0.6835029477324854,0.07936007546399398,0.0043935186616433685,0.04984932685026901
14.8,0.5358307820236978,True,0.683533523380628,0.07937340127263486,0.004391245195926256,0.04986313543866227
15.0,0.5358307820236978,True,0.6835633057984303,0.07938638136707613,0.004389030454341576,0.04987658682831189
15.200000000000001,0.5358307820236978,True,0.6835923254749183,0.079399029035374,0.004386872189472837,0.049889694709269045
15.4,0.5358307820236978,True,0.6836206113555923,0.07941135689286839,0.0043847682671945476,0.04990247208048527
15.600000000000001,0.5358307820236978,True,0.6836481909389268,0.07942337692424097,0.0043827166596191285,0.049914931292898715
15.8,0.5358307820236978,True,0.6836750903657247,0.07943510052245825,0.004380715438564413,0.04992708408933766
16.0,0.5358307820236978,True,0.6837013345019172,0.07944653852485858,0.004378762769497632,0.049938941641506154
16.2,0.5358307820236978,True,0.6837269470153841,0.07945770124663243,0.004376856905915592,0.04995051458430488
16.400000000000002,0.5358307820236978,True,0.6837519504472778,0.07946859851190796,0.004374996184124965,0.04996181304770374
16.6,0.5358307820236978,True,0.6837763662783118,0.07947923968264131,0.004373179018389763,0.049972846686369726
16.8,0.5358307820236978,True,0.683800214990421,0.07948963368549011,0.0043714038964162115,0.049983624707231736
17.0,0.5358307820236978,True,0.6838235161241667,0.07949978903683251,0.004369669375147977,0.049994155895148315
17.2,0.5358307820236978,True,0.6838462883322299,0.07950971386608113,0.004367974076847062,0.05000444863683016
17.400000000000002,0.5358307820236978,True,0.6838685494292893,0.0795194159374212,0.004366316685438121,0.05001451094315043
17.6,0.5358307820236978,True,0.6838903164385809,0.07952890267010308,0.0043646959430955505,0.05002435046997435
17.8,0.5358307820236978,True,0.6839116056353801,0.07953818115739276,0.004363110647054948,0.050033974537615274
18.0,0.5358307820236978,True,0.6839324325876506,0.07954725818428793,0.00436155964663178,0.05004339014902616
18.2,0.5358307820236978,True,0.683952812194071,0.07955614024409151,0.004360041840431723,0.05005260400682057
18.400000000000002,0.5358307820236978,True,0.6839727587196266,0.07956483355392302,0.004358556173738587,0.050061622529206054
18.6,0.5358307820236978,True,0.6839922858289648,0.0795733440692566,0.004357101636066492,0.05007045186491903
18.8,0.5358307820236978,True,0.6840114066176513,0.0795816774975427,0.004355677258864721,0.050079097907221745
19.0,0.5358307820236978,True,0.6840301336415049,0.07958983931099382,0.004354282113363893,0.05008756630704111
19.200000000000003,0.5358307820236978,True,0.6840484789441275,0.07959783475858227,0.004352915308553711,0.05009586248530049
19.400000000000002,0.5358307820236978,True,0.6840664540827706,0.07960566887731406,0.004351575989282774,0.05010399164450863
19.6,0.5358307820236978,True,0.6840840701526462,0.07961334650282413,0.004350263334472079,0.050111958779652785
19.8,0.5358307820236978,True,0.6841013378097943,0.07962087227934272,0.004348976555434305,0.050119768688446815
20.0,0.5358307820236978,True,0.6841182672926089,0.07962825066907711,0.0043477148942915825,0.05012742598097898
0.0,0.5904716696388496,False,0.4779716696388495,-0.04017806283437059,0.015499881328019804,-0.03470385710381852
0.2,0.5904716696388496,True,0.6654716696388495,0.05178537522291368,0.00996420942515559,0.02449749068731109
0.4,0.5904716696388496,True,0.691098240000522,0.06435448197532065,0.00834762632378507,0.03612764290550435
0.6000000000000001,0.5904716696388496,True,0.7029716696388495,0.07017806283437053,0.007528513787895332,0.04180467621480221
0.8,0.5904716696388496,True,0.7100315062079783,0.07364071266380856,0.007020429803898498,0.045266796327014434
1.0,0.5904716696388496,True,0.7147702163247753,0.07596491572672849,0.006670589674073255,0.0476268695730138
1.2000000000000002,0.5904716696388496,True,0.7181925448497837,0.07764347091244203,0.00641353496960256,0.04934942699597433
1.4000000000000001,0.5904716696388496,True,0.7207895755022771,0.07891724087267371,0.0062160077853255485,0.05066671676309988
1.6,0.5904716696388496,True,0.7228323511345986,0.07991916444775601,0.006059144194071098,0.05170901334441301
1.8,0.5904716696388496,True,0.7244836662184652,0.08072908771403986,0.005931380120497754,0.0525555253170419
2.0,0.5904716696388496,True,0.725847611855853,0.08139806440810607,0.005825202564201148,0.05325738809611155
2.2,0.5904716696388496,True,0.7269940402538781,0.08196035505860691,0.00573550466840616,0.053849184996292855
2.4000000000000004,0.5904716696388496,True,0.7279716696388495,0.0824398545753418,0.0056586868340389755,0.054355191745956544
2.6,0.5904716696388496,True,0.7288155666091878,0.08285376213138677,0.005592135063883877,0.054792976529605644
2.8000000000000003,0.5904716696388496,True,0.7295516438688212,0.0832147871739024,0.005533903096393299,0.05517558168052129
3.0,0.5904716696388496,True,0.7301994811774569,0.08353253302032328,0.005482510728573915,0.05551290154430493
3.2,0.5904716696388496,True,0.7307741589310364,0.0838143961776257,0.0054368114211065365,0.05581258345191056
3.4000000000000004,0.5904716696388496,True,0.7312874868162232,0.08406616896254544,0.005395902813237165,0.05608063461365068
3.6,0.5904716696388496,True,0.7317488490578867,0.08429245407152247,0.005359064693194377,0.05632184155790697
3.8000000000000003,0.5904716696388496,True,0.7321657994124686,0.08449695640809073,0.005325715039490888,0.05654006659695937
4.0,0.5904716696388496,True,0.7325444885620676,0.08468269270756863,0.005295378254780964,0.05673846156474363
4.2,0.5904716696388496,True,0.7328899766864455,0.0848521448447727,0.005267661808505723,0.05691962464857464
4.4,0.5904716696388496,True,0.7332064657648417,0.08500737377147619,0.005242238793250661,0.05708571729368429
4.6000000000000005,0.5904716696388496,True,0.7334974747371144,0.0851501054279866,0.0052188347136621314,0.057238552591365094
4.800000000000001,0.5904716696388496,True,0.733765973319904,0.08528179637618309,0.005197217353018665,0.057379662971421184
5.0,0.5904716696388496,True,0.7340144854613759,0.08540368454113641,0.005177188910054247,0.05751035265491366
5.2,0.5904716696388496,True,0.7342451701980024,0.08551682886906975,0.005158579832518869,0.0576317387352447
5.4,0.5904716696388496,True,0.7344598854832816,0.08562214063353764,0.005141243934138118,0.057744783670403366
5.6000000000000005,0.5904716696388496,True,0.7346602390395034,0.0857204083767758,0.0051250544930827365,0.05785032121556322
5.800000000000001,0.5904716696388496,True,0.7348476292162505,0.08581231794963887,0.005109901108740966,0.05794907729410225
6.0,0.5904716696388496,True,0.7350232780787785,0.08589846874051317,0.0050956871498846375,0.05804168692571485
6.2,0.5904716696388496,True,0.7351882584005871,0.08597938691440817,0.005082327668104143,0.05812870805584982
6.4,0.5904716696388496,True,0.7353435158337751,0.0860555362868877,0.005069747680273971,0.05821063292988705
6.6000000000000005,0.5904716696388496,True,0.7354898872349799,0.08612732731242403,0.005057880745946418,0.05828789750691854
6.800000000000001,0.5904716696388496,True,0.7356281159041217,0.08619512455856998,0.005046667782130408,0.05836088929701151
7.0,0.5904716696388496,True,0.7357588643271277,0.08625925295590435,0.005036056070415486,0.05842995392212714
7.2,0.5904716696388496,True,0.7358827248876865,0.08632000305184404,0.005025998420924502,0.0584954006371799
7.4,0.5904716696388496,True,0.7360002289164769,0.08637763544903414,0.005016452464891836,0.05855750699886128
7.6000000000000005,0.5904716696388496,True,0.7361118543717685,0.08643238457246524,0.005007380053323098,0.058616522832088125
7.800000000000001,0.5904716696388496,True,0.7362180323872756,0.08648446188100996,0.00499874674360412,0.05867267361450537
8.0,0.5904716696388496,True,0.7363191528777662,0.08653405861681554,0.004990521359388844,0.058726163376419734
8.200000000000001,0.5904716696388496,True,0.7364155693571042,0.08658134816841717,0.004982675611831152,0.05877717719531945
8.4,0.5904716696388496,True,0.7365076030950327,0.08662648810952206,0.004975183772399145,0.0588258833496853
8.6,0.5904716696388496,True,0.7365955467163354,0.08666962196429649,0.004968022389248286,0.058872435185240796
8.8,0.5904716696388496,True,0.7366796673278396,0.08671088074107204,0.004961170040526829,0.05891697273751009
9.0,0.5904716696388496,True,0.7367602092440647,0.08675038426919887,0.004954607119115661,0.05895962414706232
9.200000000000001,0.5904716696388496,True,0.736837396370416,0.08678824236793496,0.0049483156442216925,0.05900050689773214
9.4,0.5904716696388496,True,0.7369114342931505,0.0868245558715152,0.004942279095991956,0.059039728903152094
9.600000000000001,0.5904716696388496,True,0.7369825121173985,0.08685941753064842,0.004936482269929007,0.05907738946286226
9.8,0.5904716696388496,True,0.7370508040880177,0.0868929128075009,0.00493091114839303,0.05911358010592552
10.0,0.5904716696388496,True,0.7371164710226575,0.08692512057857377,0.004925552786893806,0.05914838533720348
10.200000000000001,0.5904716696388496,True,0.7371796615819678,0.08695611375770408,0.004920395213221972,0.05918188329916542
10.4,0.5904716696388496,True,0.737240513398156,0.08698595984959047,0.0049154273377580325,0.05921414636018543
10.600000000000001,0.5904716696388496,True,0.7372991540800039,0.08701472144272519,0.004910638873538904,0.059245241638689564
10.8,0.5904716696388496,True,0.7373557021098506,0.08704245664933886,0.004906020264864646,0.05927523147117484
11.0,0.5904716696388496,True,0.7374102676458666,0.08706921949889337,0.00490156262339853,0.05930417383099714
11.200000000000001,0.5904716696388496,True,0.7374629532410898,0.08709506029074841,0.004897257670857968,0.05933212270386813
11.4,0.5904716696388496,True,0.7375138544891331,0.0871200259108629,0.004893097687516056,0.059359128425197596
11.600000000000001,0.5904716696388496,True,0.7375630606051573,0.08714416011674574,0.004889075465837168,0.0593852379837357
11.8,0.5904716696388496,True,0.737610654949552,0.08716750379430636,0.0048851842686589335,0.059410495295376946
12.0,0.5904716696388496,True,0.7376567155008207,0.08719009518979161,0.0048814177914084066,0.05943494145049717
12.200000000000001,0.5904716696388496,True,0.7377013152833272,0.08721197011958308,0.004877770127905306,0.059458614937761355
12.4,0.5904716696388496,True,0.7377445227548589,0.08723316216028612,0.004874235739360884,0.05948155184697662
12.600000000000001,0.5904716696388496,True,0.7377864021583382,0.08725370282123408,0.004870809426229267,0.05950378605324187
12.8,0.5904716696388496,True,0.7378270138415067,0.08727362170128462,0.004867486302609319,0.059525349384382836
13.0,0.5904716696388496,True,0.7378664145479217,0.08729294663154494,0.0048642617729314636,0.05954627177340968
13.200000000000001,0.5904716696388496,True,0.7379046576822408,0.08731170380548664,0.004861131510694645,0.05956658139754617
13.4,0.5904716696388496,True,0.7379417935523943,0.08732991789772433,0.0048580914390462145,0.05958630480518383
13.600000000000001,0.5904716696388496,True,0.7379778695909734,0.08734761217260019,0.004855137713020759,0.059605467031973315
13.8,0.5904716696388496,True,0.7380129305578814,0.0873648085835787,0.00485226670327488,0.059624091707120394
14.0,0.5904716696388496,True,0.7380470187260724,0.08738152786434626,0.004849474981172861,0.059642201150837126
14.200000000000001,0.5904716696388496,True,0.738080174052006,0.08739778961241432,0.004846759305094024,0.05965981646379734
14.4,0.5904716696388496,True,0.7381124343322676,0.08741361236593723,0.004844116607846495,0.059676957609352634
14.600000000000001,0.5904716696388496,True,0.7381438353476371,0.0874290136743739,0.004841543985084585,0.05969364348917877
14.8,0.5904716696388496,True,0.7381744109957797,0.0874440101635687,0.004839038684637343,0.05970989201296396
15.0,0.5904716696388496,True,0.7382041934135819,0.08745861759575402,0.004836598096665921,0.05972572016267458
15.200000000000001,0.5904716696388496,True,0.7382332130900701,0.0874728509249335,0.0048342197445754445,0.05974114405188692
15.4,0.5904716696388496,True,0.738261498970744,0.08748672434805489,0.004831901276614795,0.0597561789806205
15.600000000000001,0.5904716696388496,True,0.7382890785540785,0.08750025135234092,0.0048296404581042824,0.05977083948606577
15.8,0.5904716696388496,True,0.7383159779808763,0.08751344475911478,0.004827435164237008,0.05978513938956421
16.0,0.5904716696388496,True,0.7383422221170689,0.08752631676441136,0.004825283373405283,0.05979909184015266
16.2,0.5904716696388496,True,0.7383678346305358,0.08753887897665509,0.004823183161007741,0.059812709354969615
16.400000000000002,0.5904716696388496,True,0.7383928380624296,0.08755114245164272,0.004821132693697343,0.05982600385677919
16.6,0.5904716696388496,True,0.7384172538934637,0.08756311772505565,0.004819130224034023,0.05983898670885165
16.8,0.5904716696388496,True,0.7384411026055727,0.08757481484270256,0.004817174085509138,0.059851668747415016
17.0,0.5904716696388496,True,0.7384644037393184,0.08758624338867525,0.004815262687911915,0.059864060311872976
17.2,0.5904716696388496,True,0.7384871759473817,0.08759741251158543,0.004813394513010696,0.05987617127296787
17.400000000000002,0.5904716696388496,True,0.738509437044441,0.0876083309490281,0.004811568110524473,0.05988801105904535
17.6,0.5904716696388496,True,0.7385312040537326,0.08761900705041839,0.00480978209436195,0.05989958868057603
17.8,0.5904716696388496,True,0.7385524932505318,0.08762944879831781,0.004808035139107846,0.059910912753059604
18.0,0.5904716696388496,True,0.7385733202028023,0.08763966382837134,0.004806325976737556,0.059921991518440104
18.2,0.5904716696388496,True,0.7385936998092226,0.08764965944795898,0.0048046533935430045,0.0599328328651434
18.400000000000002,0.5904716696388496,True,0.7386136463347783,0.08765944265365169,0.00480301622725422,0.05994344434683385
18.6,0.5904716696388496,True,0.7386331734441165,0.08766902014757207,0.004801413364341883,0.05995383319999546
18.8,0.5904716696388496,True,0.738652294232803,0.08767839835272391,0.0047998437374881416,0.059964006360408995
19.0,0.5904716696388496,True,0.7386710212566566,0.08768758342738077,0.00479830632321315,0.05997397047861848
19.200000000000003,0.5904716696388496,True,0.7386893665592793,0.08769658127858809,0.004796800139646595,0.059983731934448
19.400000000000002,0.5904716696388496,True,0.7387073416979223,0.08770539757485034,0.004795324244433738,0.05999329685064335
19.6,0.5904716696388496,True,0.7387249577677979,0.08771403775805471,0.004793877732766748,0.060002671105695245
19.8,0.5904716696388496,True,0.738742225424946,0.0877225070546869,0.004792459735532582,0.06001186034590235
20.0,0.5904716696388496,True,0.7387591549077607,0.08773081048638916,0.00479106941756942,0.06002086999672834
0.0,0.6506845152294198,False,0.5381845152294198,-0.046952007963309755,0.017080468524772276,-0.042349312169553996
0.2,0.6506845152294198,True,0.7256845152294198,0.05630133864220645,0.010980301194496464,0.02987670844484052
0.4,0.6506845152294198,True,0.7513110855910923,0.07041349411881669,0.009198868408251676,0.04370357029841848
0.6000000000000001,0.6506845152294198,True,0.7631845152294198,0.07695200796330968,0.008296227569175103,0.05043235332423385
0.8,0.6506845152294198,True,0.7702443517985486,0.08083975064197932,0.0077363321536592,0.054530029179128456
1.0,0.6506845152294198,True,0.7749830619153456,0.08344928492546043,0.007350817374563424,0.05732096497161599
1.2000000000000002,0.6506845152294198,True,0.778405390440354,0.0853339082502105,0.007067549735544844,0.059356824433761605
1.4000000000000001,0.6506845152294198,True,0.7810024210928473,0.08676405281611474,0.006849879884890484,0.0609130554283228
1.6,0.6506845152294198,True,0.7830451967251688,0.0878889777249222,0.006677020262522866,0.06214402159006282
1.8,0.6506845152294198,True,0.7846965118090354,0.08879833137137229,0.006536227556367033,0.06314351332521165
2.0,0.6506845152294198,True,0.7860604574464233,0.08954943511349646,0.006419222634201405,0.06397204729518242
2.2,0.6506845152294198,True,0.7872068858444484,0.09018075548010823,0.006320377871880872,0.0646705338127148
2.4000000000000004,0.6506845152294198,True,0.7881845152294198,0.0907191208440452,0.006235726604281941,0.06526767968022097
2.6,0.6506845152294198,True,0.7890284121997581,0.09118384183805951,0.006162388274049237,0.06578425366970873
2.8000000000000003,0.6506845152294198,True,0.7897644894593916,0.09158918818695218,0.006098218151271565,0.06623567029719686
3.0,0.6506845152294198,True,0.7904123267680272,0.09194594216120575,0.006041585090516083,0.066633620990001
3.2,0.6506845152294198,True,0.7909870045216068,0.0922624083013488,0.005991225635093066,0.06698714033714025
3.4000000000000004,0.6506845152294198,True,0.7915003324067935,0.09254509001895662,0.005946145406779195,0.0673033241058416
3.6,0.6506845152294198,True,0.791961694648457,0.09279915506135225,0.005905550750821076,0.06758782535351239
3.8000000000000003,0.6506845152294198,True,0.7923786450030388,0.09302876316523988,0.005868800294585986,0.0678452050085954
4.0,0.6506845152294198,True,0.7927573341526377,0.0932373014160094,0.005835369942093935,0.06807918457204763
4.2,0.6506845152294198,True,0.7931028222770158,0.09342755637630003,0.00580482713481663,0.06829283150567192
4.4,0.6506845152294198,True,0.793419311355412,0.09360184201101207,0.005776811629234411,0.06848869740074086
4.6000000000000005,0.6506845152294198,True,0.7937103203276846,0.0937620961458354,0.005751020938563734,0.06866892242794244
4.800000000000001,0.6506845152294198,True,0.7939788189104742,0.0939099541577387,0.005727199165980747,0.0688353153201174
5.0,0.6506845152294198,True,0.7942273310519463,0.09404680594589386,0.005705128339603805,0.06898941534076379
5.2,0.6506845152294198,True,0.7944580157885727,0.09417384045825378,0.005684621617236616,0.06913254081241729
5.4,0.6506845152294198,True,0.794672731073852,0.09429208084104013,0.005665517905383946,0.06926582749520184
5.6000000000000005,0.6506845152294198,True,0.7948730846300737,0.0944024124420226,0.0056476775598659325,0.06939025921444501
5.800000000000001,0.6506845152294198,True,0.7950604748068207,0.09450560531066332,0.005630978922062459,0.06950669250813951
6.0,0.6506845152294198,True,0.7952361236693488,0.09460233241937518,0.005615315506858174,0.06961587661640492
6.2,0.6506845152294198,True,0.7954011039911574,0.09469318452791273,0.00560059370330175,0.06971846981063841
6.4,0.6506845152294198,True,0.7955563614243453,0.09477868239224359,0.005586730881927315,0.06981505282263965
6.6000000000000005,0.6506845152294198,True,0.7957027328255502,0.09485928685635955,0.005573653827079103,0.06990613995840898
6.800000000000001,0.6506845152294198,True,0.795840961494692,0.09493540724401672,0.005561297430828343,0.06999218835014008
7.0,0.6506845152294198,True,0.795971709917698,0.09500740837595677,0.005549603598849576,0.07007360570100975
7.2,0.6506845152294198,True,0.7960955704782567,0.09507561646870413,0.005538520329118124,0.07015075680210683
7.4,0.6506845152294198,True,0.7962130745070471,0.09514032411783607,0.0055280009323495785,0.07022396904310965
7.6000000000000005,0.6506845152294198,True,0.7963246999623388,0.09520179452757063,0.005518003369338338,0.07029353709370556
7.800000000000001,0.6506845152294198,True,0.7964308779778458,0.09526026511656817,0.005508489685213994,0.07035972689797676
8.0,0.6506845152294198,True,0.7965319984683364,0.0953159506048537,0.005499425524449149,0.07042277909674421
8.200000000000001,0.6506845152294198,True,0.7966284149476744,0.09536904566703812,0.0054907797134667,0.07048291197133826
8.4,0.6506845152294198,True,0.796720448685603,0.09541972722139402,0.005482523900089618,0.07054032398519727
8.6,0.6506845152294198,True,0.7968083923069056,0.09546815641185862,0.005474632240991496,0.07059519598604577
8.8,0.6506845152294198,True,0.7968925129184099,0.09551448033002564,0.005467081129845501,0.07064769312044467
9.0,0.6506845152294198,True,0.796973054834635,0.09555883351611771,0.005459848960113247,0.07069796650366139
9.200000000000001,0.6506845152294198,True,0.7970502419609862,0.09560133927137437,0.005452915917425589,0.07074615468061769
9.4,0.6506845152294198,True,0.7971242798837208,0.09564211080896409,0.005446263797331617,0.07079238490782291
9.600000000000001,0.6506845152294198,True,0.7971953577079689,0.09568125226615365,0.005439875844868215,0.07083677428139455
9.8,0.6506845152294198,True,0.797263649678588,0.0957188595968881,0.005433736612958684,0.07087943073232866
10.0,0.6506845152294198,True,0.7973293166132278,0.09575502136095684,0.0054278318371094375,0.07092045390690732
10.200000000000001,0.6506845152294198,True,0.7973925071725381,0.09578981942347768,0.005422148324255266,0.07095993594743628
10.4,0.6506845152294198,True,0.7974533589887263,0.09582332957637613,0.005416673853922166,0.07099796218624274
10.600000000000001,0.6506845152294198,True,0.7975119996705742,0.09585562209183228,0.005411397090142756,0.07103461176398128
10.8,0.6506845152294198,True,0.7975685477004208,0.09588676221623556,0.005406307502782737,0.07106995818171585
11.0,0.6506845152294198,True,0.7976231132364369,0.09591681061198477,0.005401395297124808,0.07110406979491618
11.200000000000001,0.6506845152294198,True,0.7976757988316601,0.09594582375344983,0.005396651350715568,0.07113701025637918
11.4,0.6506845152294198,True,0.7977267000797034,0.09597385428255312,0.005392067156615537,0.07116883891413586
11.600000000000001,0.6506845152294198,True,0.7977759061957276,0.09600095132870223,0.00538763477230678,0.07119961116960058
11.8,0.6506845152294198,True,0.7978235005401222,0.09602716079717287,0.005383346773610535,0.07122937880051912
12.0,0.6506845152294198,True,0.7978695610913908,0.09605252562951946,0.005379196213050396,0.07125819025269386
12.200000000000001,0.6506845152294198,True,0.7979141608738974,0.09607708603912839,0.005375176582168381,0.07128609090395199
12.4,0.6506845152294198,True,0.7979573683454291,0.09610087972464312,0.005371281777362477,0.07131312330339436
12.600000000000001,0.6506845152294198,True,0.7979992477489084,0.09612394206364622,0.00536750606886755,0.07133932738858179
12.8,0.6506845152294198,True,0.798039859432077,0.09614630628870456,0.005363844072546852,0.07136474068300436
13.0,0.6506845152294198,True,0.7980792601384921,0.09616800364761639,0.005360290724201517,0.07138939847588398
13.200000000000001,0.6506845152294198,True,0.7981175032728111,0.09618906354949974,0.005356841256139228,0.07141333398613726
13.4,0.6506845152294198,True,0.7981546391429646,0.09620951369815287,0.005353491175773761,0.07143657851209555
13.600000000000001,0.6506845152294198,True,0.7981907151815437,0.0962293802139692,0.005350236246052628,0.07145916156841214
13.8,0.6506845152294198,True,0.7982257761484517,0.0962486877455344,0.005347072467533232,0.07148111101141594
14.0,0.6506845152294198,True,0.7982598643166426,0.09626745957190971,0.005343996061947645,0.07150245315403288
14.200000000000001,0.6506845152294198,True,0.7982930196425763,0.09628571769649871,0.005341003457113683,0.07152321287127693
14.4,0.6506845152294198,True,0.7983252799228377,0.09630348293329573,0.005338091273065197,0.07154341369720234
14.600000000000001,0.6506845152294198,True,0.7983566809382074,0.09632077498622224,0.005335256309288313,0.07156307791410799
14.8,0.6506845152294198,True,0.79838725658635,0.09633761252219748,0.005332495532961796,0.07158222663471425
15.0,0.6506845152294198,True,0.7984170390041523,0.09635401323850723,0.005329806068110704,0.07160087987794513
15.200000000000001,0.6506845152294198,True,0.7984460586806403,0.09636999392498617,0.005327185185591509,0.07161905663889095
15.4,0.6506845152294198,True,0.7984743445613143,0.09638557052147298,0.005324630293835274,0.0716367749534662
15.600000000000001,0.6506845152294198,True,0.7985019241446488,0.09640075817095178,0.005322138930282753,0.07165405195822522
15.8,0.6506845152294198,True,0.7985288235714467,0.09641557126875791,0.005319708753451673,0.07167090394575856
16.0,0.6506845152294198,True,0.7985550677076392,0.0964300235081747,0.005317337535582622,0.07168734641603706
16.2,0.6506845152294198,True,0.7985806802211061,0.096444127922737,0.005315023155814648,0.07170339412405605
16.400000000000002,0.6506845152294198,True,0.7986056836529998,0.09645789692550849,0.005312763593846711,0.07171906112407958
16.6,0.6506845152294198,True,0.7986300994840339,0.09647134234558542,0.0053105569240450325,0.07173436081076814
16.8,0.6506845152294198,True,0.798653948196143,0.0964844754620521,0.005308401309960169,0.07174930595744163
17.0,0.6506845152294198,True,0.7986772493298887,0.09649730703559312,0.005306294999220959,0.07176390875170827
17.2,0.6506845152294198,True,0.7987000215379519,0.09650984733795115,0.005304236318775363,0.07177818082867068
17.400000000000002,0.6506845152294198,True,0.7987222826350113,0.09652210617939375,0.005302223670451205,0.0717921333018931
17.6,0.6506845152294198,True,0.7987440496443029,0.09653409293435347,0.005300255526811707,0.07180577679231327
17.8,0.6506845152294198,True,0.7987653388411021,0.0965458165653725,0.005298330427283496,0.07181912145524717
18.0,0.6506845152294198,True,0.7987861657933726,0.09655728564548723,0.005296446974536235,0.07183217700563796
18.2,0.6506845152294198,True,0.798806545399793,0.09656850837916944,0.005294603831095005,0.0718449527416803
18.400000000000002,0.6506845152294198,True,0.7988264919253486,0.0965794926219255,0.005292799716168341,0.07185745756693449
18.6,0.6506845152294198,True,0.7988460190346868,0.0965902458986653,0.00529103340267572,0.07186970001105453
18.8,0.6506845152294198,True,0.7988651398233733,0.09660077542091389,0.0052893037144604626,0.07188168824921419
19.0,0.6506845152294198,True,0.7988838668472269,0.09661108810296641,0.005287609523674236,0.07189343012034169
19.200000000000003,0.6506845152294198,True,0.7989022121498495,0.09662119057704788,0.00528594974832134,0.0719049331442344
19.400000000000002,0.6506845152294198,True,0.7989201872884926,0.0966310892075577,0.005284323349951212,0.07191620453764182
19.6,0.6506845152294198,True,0.7989378033583682,0.09664079010445739,0.005282729331489013,0.0719272512293833
19.8,0.6506845152294198,True,0.7989550710155163,0.09665029913586316,0.00528116673519464,0.07193807987456981
20.0,0.6506845152294198,True,0.798972000498331,0.09665962193990006,0.005279634640741358,0.07194869686799296
0.0,0.717037514464163,False,0.6045375144641629,-0.054416720377218356,0.018822234754684284,-0.05171918363681924
0.2,0.717037514464163,True,0.7920375144641629,0.06127781358481218,0.012100008056582753,0.0364343191069302
0.4,0.717037514464163,True,0.8176640848258354,0.07709036886501956,0.010136915179255624,0.052897110727646676
0.6000000000000001,0.717037514464163,True,0.8295375144641629,0.08441672037721829,0.009142228309418078,0.06088460809151583
0.8,0.717037514464163,True,0.8365973510332917,0.08877290438635674,0.008525238035783162,0.06574193861737457
1.0,0.717037514464163,True,0.8413360611500887,0.09169686629859135,0.008100410715442562,0.0690474695960206
1.2000000000000002,0.717037514464163,True,0.8447583896750971,0.09380857138534232,0.007788257100201848,0.07145732060100132
1.4000000000000001,0.717037514464163,True,0.8473554203275905,0.09541103672414408,0.007548390551922368,0.07329866857535591
1.6,0.717037514464163,True,0.849398195959912,0.09667150592291972,0.007357903716793074,0.07475469901486288
1.8,0.717037514464163,True,0.8510495110437786,0.09769042927786592,0.007202753794343994,0.07593663827624063
2.0,0.717037514464163,True,0.8524134566811664,0.09853203490382392,0.007073817394896817,0.07691621507130107
2.2,0.717037514464163,True,0.8535598850791916,0.09923942423305254,0.006964893022127431,0.07774189852156205
2.4000000000000004,0.717037514464163,True,0.8545375144641629,0.09984265823882238,0.006871609513614895,0.07844768749528325
2.6,0.717037514464163,True,0.8553814114345012,0.10036337432786374,0.006790792569620972,0.0790581722192763
2.8000000000000003,0.717037514464163,True,0.8561174886941347,0.1008175616106016,0.006720078753228493,0.07959159890910594
3.0,0.717037514464163,True,0.8567653260027703,0.1012173015332993,0.0066576705843383955,0.08006180376095948
3.2,0.717037514464163,True,0.8573400037563499,0.10157189926598582,0.006602175766341141,0.08047947673189873
3.4000000000000004,0.717037514464163,True,0.8578533316415367,0.10188864182836663,0.0065524985201410235,0.08085301232875453
3.6,0.717037514464163,True,0.8583146938832001,0.10217331963923029,0.006507764258717153,0.08118909731045915
3.8000000000000003,0.717037514464163,True,0.8587316442377819,0.10243059364967641,0.006467266206008858,0.08149312589902986
4.0,0.717037514464163,True,0.8591103333873809,0.10266425906129949,0.0064304268217949745,0.08176949900732647
4.2,0.717037514464163,True,0.8594558215117589,0.10287743819484257,0.0063967694377597105,0.08202184372101391
4.4,0.717037514464163,True,0.8597723105901551,0.10307272382913124,0.0063658970748573145,0.0822531768505358
4.6000000000000005,0.717037514464163,True,0.8600633195624278,0.10325228728206909,0.006337476400472132,0.08246602855175765
4.800000000000001,0.717037514464163,True,0.8603318181452173,0.10341796098023076,0.006311225422919649,0.08266253697607343
5.0,0.717037514464163,True,0.8605803302866895,0.10357130229431882,0.006286903942821245,0.0828445215938462
5.2,0.717037514464163,True,0.8608110150233158,0.10371364343083159,0.006264306064906797,0.0830135406085536
5.4,0.717037514464163,True,0.8610257303085951,0.10384613081677777,0.006243254268309103,0.08317093635792888
5.6000000000000005,0.717037514464163,True,0.8612260838648168,0.1039697564771229,0.006223594668752001,0.08331787154241922
5.800000000000001,0.717037514464163,True,0.8614134740415639,0.10408538324601792,0.006205193201581205,0.08345535837731867
6.0,0.717037514464163,True,0.861589122904092,0.10419376518357068,0.006187932522952421,0.08358428223363515
6.2,0.717037514464163,True,0.8617541032259005,0.10429556423127494,0.006171709476017293,0.08370542094854434
6.4,0.717037514464163,True,0.8619093606590884,0.1043913638919513,0.0061564330052405435,0.08381946070520145
6.6000000000000005,0.717037514464163,True,0.8620557320602933,0.10448168053753941,0.006142022428862268,0.08392700917381597
6.800000000000001,0.717037514464163,True,0.8621939607294351,0.10456697281197436,0.006128405999628118,0.0840286064506152
7.0,0.717037514464163,True,0.8623247091524411,0.10464764949392606,0.006115519699093273,0.08412473421424312
7.2,0.717037514464163,True,0.8624485697129999,0.1047240761063534,0.006103306222370879,0.08421582343006896
7.4,0.717037514464163,True,0.8625660737417903,0.10479658050021774,0.006091714119076519,0.08430226086456176
7.6000000000000005,0.717037514464163,True,0.8626776991970819,0.10486545759370185,0.006080697063092406,0.08438439461909147
7.800000000000001,0.717037514464163,True,0.862783877212589,0.10493097341248107,0.006070213229132546,0.08446253885137896
8.0,0.717037514464163,True,0.8628849977030796,0.10499336854859476,0.0060602247582938985,0.08453697782059887
8.200000000000001,0.717037514464163,True,0.8629814141824176,0.10505286113335889,0.006050697298100388,0.0846079693666748
8.4,0.717037514464163,True,0.8630734479203461,0.10510964940225714,0.00604159960518588,0.08467574791411894
8.6,0.717037514464163,True,0.8631613915416487,0.10516391391575873,0.006032903200872768,0.0847405270746197
8.8,0.717037514464163,True,0.863245512153153,0.10521581948879653,0.006024582071599148,0.08480250190962071
9.0,0.717037514464163,True,0.8633260540693781,0.10526551687259425,0.006016612407518285,0.08486185090367206
9.200000000000001,0.717037514464163,True,0.8634032411957293,0.10531314422518662,0.006008972373707614,0.08491873769083182
9.4,0.717037514464163,True,0.863477279118464,0.10535882840100688,0.006001641909332852,0.08497331256947772
9.600000000000001,0.717037514464163,True,0.863548356942712,0.1054026860850144,0.005994602550857788,0.08502571383520484
9.8,0.717037514464163,True,0.8636166489133311,0.10544482479282306,0.0059878372760032335,0.08507606895682795
10.0,0.717037514464163,True,0.863682315847971,0.10548534375495572,0.00598133036566602,0.08512449561663343
10.200000000000001,0.717037514464163,True,0.8637455064072812,0.10552433470061011,0.005975067281429347,0.08517110263284056
10.4,0.717037514464163,True,0.8638063582234694,0.10556188255402152,0.005969034556646785,0.08521599077955613
10.600000000000001,0.717037514464163,True,0.8638649989053173,0.10559806605459546,0.005963219699375334,0.08525925351728139
10.8,0.717037514464163,True,0.863921546935164,0.10563295831037987,0.005957611105679218,0.08530097764516185
11.0,0.717037514464163,True,0.86397611247118,0.1056666272930986,0.005952197982033181,0.08534124388459922
11.200000000000001,0.717037514464163,True,0.8640287980664032,0.10569913628182317,0.005946970275729408,0.08538012740251122
11.4,0.717037514464163,True,0.8640796993144465,0.10573054426139894,0.005941918612340509,0.08541769828140186
11.600000000000001,0.717037514464163,True,0.8641289054304707,0.10576090628092695,0.0059370342394170494,0.08545402194245495
11.8,0.717037514464163,True,0.8641764997748653,0.10579027377689479,0.00593230897570596,0.0854891595270357
12.0,0.717037514464163,True,0.864222560326134,0.10581869486496447,0.005927735165267848,0.08552316824130167
12.200000000000001,0.717037514464163,True,0.8642671601086406,0.10584621460390792,0.005923305635950268,0.08555610166801894
12.4,0.717037514464163,True,0.8643103675801722,0.10587287523474813,0.0059190136617415946,0.08558801004917327
12.600000000000001,0.717037514464163,True,0.8643522469836515,0.10589871639777823,0.00591485292858877,0.0856189405425153
12.8,0.717037514464163,True,0.8643928586668201,0.10592377532981878,0.005910817503312292,0.08564893745481177
13.0,0.717037514464163,True,0.8644322593732352,0.10594808704377322,0.0059069018052959246,0.08567804245422515
13.200000000000001,0.717037514464163,True,0.8644705025075542,0.10597168449231878,0.005903100580665991,0.08570629476398081
13.4,0.717037514464163,True,0.8645076383777077,0.10599459871733578,0.005899408878708609,0.08573373133920816
13.600000000000001,0.717037514464163,True,0.8645437144162869,0.10601685898651235,0.005895822030301478,0.08576038702864561
13.8,0.717037514464163,True,0.8645787753831948,0.10603849291838796,0.005892335628162242,0.08578629472269719
14.0,0.717037514464163,True,0.8646128635513858,0.10605952659696116,0.005888945508737324,0.08581148548916563
14.200000000000001,0.717037514464163,True,0.8646460188773194,0.10607998467686645,0.005885647735574302,0.08583598869784533
14.4,0.717037514464163,True,0.8646782791575809,0.10609989048001497,0.0058824385840378565,0.08585983213502929
14.600000000000001,0.717037514464163,True,0.8647096801729506,0.10611926608449028,0.005879314527244443,0.0858830421088634
14.8,0.717037514464163,True,0.8647402558210932,0.10613813240642334,0.005876272223103458,0.08590564354640012
15.0,0.717037514464163,True,0.8647700382388954,0.10615650927547872,0.0058733085023648665,0.08592766008309852
15.200000000000001,0.717037514464163,True,0.8647990579153835,0.10617441550452948,0.005870420357583053,0.08594911414545053
15.4,0.717037514464163,True,0.8648273437960574,0.106191868954035,0.0058676049329160485,0.08597002702734105
15.600000000000001,0.717037514464163,True,0.864854923379392,0.10620888659158569,0.005864859514687222,0.08599041896068914
15.8,0.717037514464163,True,0.8648818228061899,0.10622548454703754,0.005862181522643639,0.08601030918086894
16.0,0.717037514464163,True,0.8649080669423823,0.10624167816360304,0.0058595685018520225,0.08602971598734459
16.2,0.717037514464163,True,0.8649336794558492,0.1062574820452518,0.00585701811517843,0.08604865679993505
16.400000000000002,0.717037514464163,True,0.8649586828877429,0.1062729101007206,0.005854528136303343,0.08606714821106345
16.6,0.717037514464163,True,0.864983098718777,0.10628797558441547,0.005852096443228119,0.08608520603432528
16.8,0.717037514464163,True,0.8650069474308861,0.10630269113445846,0.005849721012232948,0.08610284534967329
17.0,0.717037514464163,True,0.8650302485646318,0.10631706880810907,0.0058473999122501084,0.08612008054549154
17.2,0.717037514464163,True,0.8650530207726951,0.10633112011477129,0.005845131299619508,0.08613692535780768
17.400000000000002,0.717037514464163,True,0.8650752818697545,0.10634485604677005,0.005842913413196721,0.08615339290686135
17.6,0.717037514464163,True,0.865097048879046,0.10635828710808062,0.005840744569785907,0.08616949573124492
17.8,0.717037514464163,True,0.8651183380758453,0.1063714233411586,0.005838623159872967,0.08618524581979234
18.0,0.717037514464163,True,0.8651391650281157,0.10638427435202137,0.005836547643635992,0.08620065464139377
18.2,0.717037514464163,True,0.8651595446345361,0.10639684933371281,0.005834516547212197,0.08621573317289213
18.400000000000002,0.717037514464163,True,0.8651794911600917,0.1064091570882638,0.005832528459202501,0.08623049192519584
18.6,0.717037514464163,True,0.8651990182694299,0.10642120604727456,0.005830582027395888,0.08624494096775477
18.8,0.717037514464163,True,0.8652181390581164,0.10643300429120023,0.0058286759556981016,0.08625908995149868
19.0,0.717037514464163,True,0.86523686608197,0.1064445595674522,0.0058268090012494386,0.0862729481303685
19.200000000000003,0.717037514464163,True,0.8652552113845926,0.10645587930738454,0.005824979971718607,0.08628652438152508
19.400000000000002,0.717037514464163,True,0.8652731865232357,0.10646697064225498,0.005823187722759933,0.08629982722433982
19.6,0.717037514464163,True,0.8652908025931113,0.10647784041822565,0.005821431155622721,0.08631286483824498
19.8,0.717037514464163,True,0.8653080702502595,0.10648849521047297,0.0058197092149021344,0.08632564507952624
20.0,0.717037514464163,True,0.8653249997330741,0.1064989413364701,0.005818020886421906,0.08633817549713176
0.0,0.790156804281207,False,0.677656804281207,-0.06264264048163581,0.02074161611238169,-0.06319182767290359
0.2,0.790156804281207,True,0.865156804281207,0.06676176032109049,0.01333389607224537,0.04442549513533717
0.4,0.790156804281207,True,0.8907833746428795,0.08444811222658986,0.011170618470772638,0.06405435592064969
0.6000000000000001,0.790156804281207,True,0.902656804281207,0.09264264048163573,0.010074499254585392,0.07355001054274068
0.8,0.790156804281207,True,0.9097166408503358,0.09751503472693329,0.009394591923304024,0.07931645790088557
1.0,0.790156804281207,True,0.9144553509671328,0.10078548775755693,0.008926443198808726,0.08323738538092167
1.2000000000000002,0.790156804281207,True,0.9178776794921412,0.10314743107557714,0.008582457984523603,0.08609426669670271
1.4000000000000001,0.790156804281207,True,0.9204747101446346,0.1049397894513223,0.008318131249284213,0.08827629102856066
1.6,0.790156804281207,True,0.922517485776956,0.10634962495358885,0.008108219681385451,0.09000116894412157
1.8,0.790156804281207,True,0.9241688008608226,0.10748929129473155,0.007937248477740053,0.09140100096349167
2.0,0.790156804281207,True,0.9255327464982105,0.1084306276570444,0.007795163898777903,0.09256093272117122
2.2,0.790156804281207,True,0.9266791748962356,0.10922184301656272,0.007675132055869223,0.09353847531136529
2.4000000000000004,0.790156804281207,True,0.927656804281207,0.10989656058866594,0.0075723360410282345,0.09437395615614966
2.6,0.790156804281207,True,0.9285007012515453,0.1104789818248572,0.007483277858004529,0.09509653423993211
2.8000000000000003,0.790156804281207,True,0.9292367785111788,0.11098699055406991,0.007405353060414317,0.09572784049870024
3.0,0.790156804281207,True,0.9298846158198144,0.11143409988069204,0.007336580871656393,0.09628427428512774
3.2,0.790156804281207,True,0.930459293573394,0.11183071764259396,0.007275427016860321,0.09677850352067334
3.4000000000000004,0.790156804281207,True,0.9309726214585807,0.1121849943753829,0.007220683975790416,0.09722047432617595
3.6,0.790156804281207,True,0.9314339837002442,0.11250340666570541,0.007171387976159238,0.09761810827432736
3.8000000000000003,0.790156804281207,True,0.931850934054826,0.11279116778996752,0.007126760169019313,0.09797779488919653
4.0,0.790156804281207,True,0.9322296232044249,0.11305252268327068,0.007086164119977328,0.0983047465033578
4.2,0.790156804281207,True,0.932575111328803,0.11329096366310851,0.007049074552871981,0.0986032584977988
4.4,0.790156804281207,True,0.9328916004071992,0.11350939075404437,0.007015054007057448,0.09887690319472915
4.6000000000000005,0.790156804281207,True,0.9331826093794718,0.11371023257636517,0.006983735158608502,0.09912867639015056
4.800000000000001,0.790156804281207,True,0.9334511079622614,0.1138955387002173,0.006954807259978779,0.09936110953169768
5.0,0.790156804281207,True,0.9336996201037335,0.11406705104560072,0.006928005617662609,0.09957635660996797
5.2,0.790156804281207,True,0.9339303048403599,0.11422625968622724,0.006903103340395065,0.09977626218913725
5.4,0.790156804281207,True,0.9341450201256392,0.11437444690134589,0.006879904804769713,0.09996241519774689
5.6000000000000005,0.790156804281207,True,0.9343453736818609,0.11451272227143426,0.006858240434292392,0.100136191847738
5.800000000000001,0.790156804281207,True,0.934532763858608,0.11464205087697173,0.006837962493179886,0.10029879016729565
6.0,0.790156804281207,True,0.934708412721136,0.11476327613460972,0.006818941671549323,0.10045125800290916
6.2,0.790156804281207,True,0.9348733930429446,0.1148771384262784,0.006801064293220598,0.10059451589041833
6.4,0.790156804281207,True,0.9350286504761325,0.1149842904002083,0.006784230017347777,0.1007293758615147
6.6000000000000005,0.790156804281207,True,0.9351750218773374,0.11508530961870202,0.006768349934717209,0.1008565570057126
6.800000000000001,0.790156804281207,True,0.9353132505464792,0.11518070907525697,0.006753344981709391,0.10097669842371756
7.0,0.790156804281207,True,0.9354439989694852,0.11527094598904358,0.0067391446116531195,0.10109037006933334
7.2,0.790156804281207,True,0.935567859530044,0.11535642919769531,0.0067256856760445115,0.10119808187147236
7.4,0.790156804281207,True,0.9356853635588344,0.11543752540269546,0.0067129114778900194,0.10130029144686326
7.6000000000000005,0.790156804281207,True,0.935796989014126,0.11551456447019598,0.006700770967005454,0.10139741065148208
7.800000000000001,0.790156804281207,True,0.935903167029633,0.11558784395006327,0.006689218053006905,0.10148981116998433
8.0,0.790156804281207,True,0.9360042875201237,0.11565763294462758,0.00667821101636194,0.10157782930423817
8.200000000000001,0.790156804281207,True,0.9361007039994617,0.11572417543388758,0.006667712001529994,0.10166177009188938
8.4,0.790156804281207,True,0.9361927377373902,0.11578769314434237,0.006657686579129283,0.10174191086196945
8.6,0.790156804281207,True,0.9362806813586928,0.11584838803297753,0.006648103366393308,0.10181850431542913
8.8,0.790156804281207,True,0.9363648019701971,0.11590644444538752,0.006638933697049343,0.10189178120312559
9.0,0.790156804281207,True,0.9364453438864222,0.11596203099690011,0.006630151333261814,0.10196195266139826
9.200000000000001,0.790156804281207,True,0.9365225310127734,0.1160153022173543,0.006621732213510526,0.10202921225529796
9.4,0.790156804281207,True,0.936596568935508,0.11606639999350445,0.006613654231274704,0.10209373777133783
9.600000000000001,0.790156804281207,True,0.9366676467597561,0.11611545483754271,0.006605897040214759,0.1021556927949051
9.8,0.790156804281207,True,0.9367359387303752,0.11616258700574326,0.006598441882219081,0.10221522810195471
10.0,0.790156804281207,True,0.936801605665015,0.11620790748750123,0.006591271435242343,0.10227248289002033
10.200000000000001,0.790156804281207,True,0.9368647962243253,0.11625151888197555,0.0065843696783250754,0.10232758586980525
10.4,0.790156804281207,True,0.9369256480405135,0.1162935161769707,0.006577721771571048,0.10238065623544716
10.600000000000001,0.790156804281207,True,0.9369842887223614,0.11633398744255576,0.006571313949182014,0.1024318045289172
10.8,0.790156804281207,True,0.9370408367522081,0.11637301445012312,0.006565133423920729,0.10248113341179943
11.0,0.790156804281207,True,0.9370954022882241,0.11641067322608382,0.006559168301601393,0.10252873835583863
11.200000000000001,0.790156804281207,True,0.9371480878834473,0.1164470345481147,0.006553407504399872,0.10257470826206355
11.4,0.790156804281207,True,0.9371989891314906,0.11648216439079818,0.00654784070193953,0.10261912601696463
11.600000000000001,0.790156804281207,True,0.9372481952475148,0.11651612432658455,0.0065424582492473555,0.10266206899307906
11.8,0.790156804281207,True,0.9372957895919094,0.11654897188721383,0.006537251130793963,0.10270360950035737
12.0,0.790156804281207,True,0.9373418501431781,0.11658076089008086,0.006532210909932063,0.10274381519387579
12.200000000000001,0.790156804281207,True,0.9373864499256847,0.11661154173344718,0.0065273296831350755,0.1027827494427418
12.4,0.790156804281207,True,0.9374296573972163,0.11664136166392057,0.006522600038512064,0.1028204716644418
12.600000000000001,0.790156804281207,True,0.9374715368006956,0.11667026501919105,0.00651801501813979,0.10285703762834567
12.8,0.790156804281207,True,0.9375121484838642,0.11669829344866316,0.006513568083807824,0.10289249973164884
13.0,0.790156804281207,True,0.9375515491902793,0.11672548611428894,0.006509253085821345,0.10292690725061869
13.200000000000001,0.790156804281207,True,0.9375897923245983,0.11675187987365629,0.006505064234547381,0.10296030656970045
13.4,0.790156804281207,True,0.9376269281947518,0.11677750944712566,0.00650099607442722,0.10299274139071482
13.600000000000001,0.790156804281207,True,0.9376630042333309,0.11680240757062255,0.006497043460208786,0.10302425292414712
13.8,0.790156804281207,True,0.9376980652002389,0.11682660513549877,0.006493201535180866,0.10305488006428862
14.0,0.790156804281207,True,0.9377321533684299,0.11685013131672126,0.006489465711215049,0.10308465954979779
14.200000000000001,0.790156804281207,True,0.9377653086943635,0.11687301369051248,0.006485831650442532,0.10311362611108148
14.4,0.790156804281207,True,0.937797568974625,0.11689527834244302,0.00648229524841148,0.1031418126057437
14.600000000000001,0.790156804281207,True,0.9378289699899947,0.11691694996686167,0.006478852618587402,0.10316925014320621
14.8,0.790156804281207,True,0.9378595456381372,0.11693805195847262,0.006475500078072854,0.10319596819950917
15.0,0.790156804281207,True,0.9378893280559395,0.11695860649676673,0.006472234134436226,0.10322199472317536
15.200000000000001,0.790156804281207,True,0.9379183477324275,0.11697863462395301,0.0064690514735502,0.10324735623294315
15.4,0.790156804281207,True,0.9379466336131015,0.11699815631696527,0.00646594894835075,0.10327207790808625
15.600000000000001,0.790156804281207,True,0.937974213196436,0.11701719055406283,0.006462923568436386,0.10329618367196812
15.8,0.790156804281207,True,0.9380011126232339,0.11703575537649863,0.006459972490435079,0.10331969626942127
16.0,0.790156804281207,True,0.9380273567594264,0.11705386794566437,0.006457093009073818,0.10334263733846467
16.2,0.790156804281207,True,0.9380529692728933,0.11707154459610827,0.00645428254889142,0.10336502747685189
16.400000000000002,0.790156804281207,True,0.938077972704787,0.11708880088476013,0.006451538656541331,0.10338688630386893
16.6,0.790156804281207,True,0.9381023885358211,0.1171056516366805,0.0064488589936359,0.10340823251777786
16.8,0.790156804281207,True,0.9381262372479302,0.11712211098761598,0.006446241330088215,0.10342908394925843
17.0,0.790156804281207,True,0.9381495383816759,0.11713819242361799,0.00644368353791157,0.10344945761116958
17.2,0.790156804281207,True,0.9381723105897392,0.11715390881796137,0.006441183585440204,0.10346936974492624
17.400000000000002,0.790156804281207,True,0.9381945716867985,0.11716927246556764,0.006438739531938487,0.10348883586374855
17.6,0.790156804281207,True,0.9382163386960901,0.11718429511513907,0.006436349522568119,0.10350787079303977
17.8,0.790156804281207,True,0.9382376278928893,0.11719898799916778,0.00643401178368617,0.1035264887081002
18.0,0.790156804281207,True,0.9382584548451598,0.11721336186198962,0.0064317246184487035,0.10354470316938826
18.2,0.790156804281207,True,0.9382788344515802,0.11722742698602927,0.006429486402697033,0.10356252715551224
18.400000000000002,0.790156804281207,True,0.9382987809771358,0.1172411932163632,0.006427295581105854,0.10357997309411257
18.6,0.790156804281207,True,0.938318308086474,0.11725466998374096,0.006425150663573592,0.10359705289080809
18.8,0.790156804281207,True,0.9383374288751605,0.11726786632615613,0.0064230502218378775,0.10361377795632347
19.0,0.790156804281207,True,0.9383561558990141,0.11728079090909266,0.006420992886299449,0.10363015923195278
19.200000000000003,0.790156804281207,True,0.9383745012016367,0.11729345204452424,0.0064189773430400445,0.10364620721345848
19.400000000000002,0.790156804281207,True,0.9383924763402798,0.11730585770876663,0.006417002331020317,0.1036619319735297
19.6,0.790156804281207,True,0.9384100924101554,0.11731801555925597,0.006415066639445404,0.10367734318289204
19.8,0.790156804281207,True,0.9384273600673035,0.11732993295033077,0.006413169105286461,0.10369245013016617
20.0,0.790156804281207,True,0.9384442895501182,0.11734161694808827,0.006411308610947455,0.10370726174056336
0.0,0.8707323713996475,False,0.7582323713996475,-0.07170739178246038,0.022856724749240755,-0.07722759046733929
0.2,0.8707323713996475,True,0.9457323713996475,0.07280492785497353,0.014693608767369056,0.05416036830249531
0.4,0.8707323713996475,True,0.97135894176132,0.09255615520066528,0.01230973277500877,0.07759551619420595
0.6000000000000001,0.8707323713996475,True,0.9832323713996475,0.10170739178246029,0.011101837735345507,0.08890016227579593
0.8,0.8707323713996475,True,0.9902922079687763,0.10714863636307889,0.010352597433052372,0.09575586225178452
1.0,0.8707323713996475,True,0.9950309180855733,0.11080091364877334,0.00983670964111172,0.10041362519154755
1.2000000000000002,0.8707323713996475,True,0.9984532466105817,0.11343861302856173,0.009457646827581477,0.10380550464178741
1.4000000000000001,0.8707323713996475,True,1.001050277263075,0.1154402286219555,0.009166365598650352,0.10639510727067097
1.6,0.8707323713996475,True,1.0030930528953965,0.11701466192929211,0.008935048477402532,0.10844154599077381
1.8,0.8707323713996475,True,1.0047443679792631,0.11828738391980859,0.008746642630886238,0.11010194016554228
2.0,0.8707323713996475,True,1.0061083136166509,0.11933862097537269,0.008590069098001741,0.11147750960086716
2.2,0.8707323713996475,True,1.0072547420146762,0.12022221045322257,0.008457797110146848,0.11263659446434796
2.4000000000000004,0.8707323713996475,True,1.0082323713996475,0.1209757010674515,0.008344518559246623,0.11362709940972487
2.6,0.8707323713996475,True,1.0090762683699859,0.1216261197806173,0.008246378743862363,0.11448365234068388
2.8000000000000003,0.8707323713996475,True,1.0098123456296193,0.12219343835246797,0.008160507631408567,0.1152319349718454
3.0,0.8707323713996475,True,1.010460182938255,0.12269274753763391,0.008084722457277206,0.11589141366479748
3.2,0.8707323713996475,True,1.0110348606918345,0.12313567028544084,0.008017332490224714,0.11647712276301163
3.4000000000000004,0.8707323713996475,True,1.0115481885770212,0.12353130870369641,0.007957007074167848,0.11700086447760508
3.6,0.8707323713996475,True,1.0120095508186848,0.12388689551828799,0.007902684156961031,0.11747203732882293
3.8000000000000003,0.8707323713996475,True,1.0124265011732665,0.12420825265383077,0.007853505467198733,0.11789822118396426
4.0,0.8707323713996475,True,1.0128051903228654,0.12450012064012447,0.007808769670632456,0.11828559870950853
4.2,0.8707323713996475,True,1.0131506784472435,0.12476639952151673,0.00776789792651174,0.11863926439613277
4.4,0.8707323713996475,True,1.0134671675256397,0.12501032789943117,0.007730408164513997,0.11896345476317398
4.6000000000000005,0.8707323713996475,True,1.0137581764979122,0.1252346179347294,0.0076958956031695875,0.11926172230875441
4.800000000000001,0.8707323713996475,True,1.0140266750807019,0.12544155848416028,0.007664017806715781,0.11953706865991866
5.0,0.8707323713996475,True,1.014275187222174,0.12563309483627863,0.00763448308975211,0.11979204769661554
5.2,0.8707323713996475,True,1.0145058719588003,0.12581089103038437,0.0076070414239701595,0.12002884628272355
5.4,0.8707323713996475,True,1.0147205872440797,0.12597637905138342,0.007581477237433238,0.12024934809246932
5.6000000000000005,0.8707323713996475,True,1.0149209408003013,0.12613079802288857,0.007557603661228628,0.12045518453205423
5.800000000000001,0.8707323713996475,True,1.0151083309770486,0.12627522569818986,0.007535257894342451,0.12064777570789717
6.0,0.8707323713996475,True,1.0152839798395765,0.12641060396253975,0.007514297440626666,0.12082836364438525
6.2,0.8707323713996475,True,1.0154489601613852,0.12653775963720154,0.00749459703186952,0.12099803941287807
6.4,0.8707323713996475,True,1.015604217594573,0.1266574215668599,0.007476046095052781,0.12115776543790396
6.6000000000000005,0.8707323713996475,True,1.0157505889957779,0.12677023474401564,0.00745854665452146,0.12130839395384545
6.800000000000001,0.8707323713996475,True,1.0158888176649197,0.1268767720539787,0.007442011584210798,0.12145068236684715
7.0,0.8707323713996475,True,1.0160195660879257,0.12697754409609888,0.007426363143512881,0.12158530611191593
7.2,0.8707323713996475,True,1.0161434266484846,0.12707300743966124,0.007411531744408929,0.12171286946985682
7.4,0.8707323713996475,True,1.0162609306772747,0.12716357159841987,0.007397454908277767,0.12183391471257866
7.6000000000000005,0.8707323713996475,True,1.0163725561325665,0.12724960495028537,0.007384076379136152,0.12194892987104466
7.800000000000001,0.8707323713996475,True,1.0164787341480737,0.12733143978396763,0.007371345366572533,0.12205835536228656
8.0,0.8707323713996475,True,1.016579854638564,0.12740937661940052,0.007359215896740693,0.12216258966659956
8.200000000000001,0.8707323713996475,True,1.0166762711179023,0.12748368792116277,0.007347646253813556,0.12226199421023258
8.4,0.8707323713996475,True,1.0167683048558307,0.12755462130224515,0.007336598497502457,0.12235689758050877
8.6,0.8707323713996475,True,1.0168562484771333,0.12762240229804125,0.007326038044810016,0.1224475991776157
8.8,0.8707323713996475,True,1.0169403690886376,0.1276872367764295,0.007315933306244759,0.12253437238908572
9.0,0.8707323713996475,True,1.0170209110048627,0.12774931303851877,0.007306255368390175,0.12261746735828956
9.200000000000001,0.8707323713996475,True,1.0170980981312139,0.12780880365545294,0.0072969777160730425,0.12269711340631387
9.4,0.8707323713996475,True,1.0171721360539485,0.1278658670792157,0.007288075988478963,0.12277352115687712
9.600000000000001,0.8707323713996475,True,1.0172432138781966,0.1279206490592523,0.007279527764467691,0.12284688440595101
9.8,0.8707323713996475,True,1.0173115058488156,0.1279732838917151,0.0072713123730851655,0.12291738177121352
10.0,0.8707323713996475,True,1.0173771727834555,0.12802389552397264,0.0072634107258852405,0.12298517815101853
10.200000000000001,0.8707323713996475,True,1.0174403633427658,0.12807259853359987,0.007255805168184749,0.12305042601809327
10.4,0.8707323713996475,True,1.017501215158954,0.1281194989981946,0.007248479346801684,0.12311326656941772
10.600000000000001,0.8707323713996475,True,1.0175598558408019,0.1281646952699758,0.007241418092182246,0.12317383075061462
10.8,0.8707323713996475,True,1.0176164038706486,0.12820827866711745,0.007234607313121563,0.12323224017055648
11.0,0.8707323713996475,True,1.0176709694066646,0.12825033409208778,0.00722803390253437,0.12328860791968918
11.200000000000001,0.8707323713996475,True,1.0177236550018878,0.12829094058583274,0.007221685652944853,0.12334303930369887
11.4,0.8707323713996475,True,1.017774556249931,0.12833017182544432,0.007215551180545015,0.12339563250257396
11.600000000000001,0.8707323713996475,True,1.0178237623659552,0.12836809657193504,0.007209619856823938,0.12344647916377925
11.8,0.8707323713996475,True,1.01787135671035,0.12840477907385558,0.007203881746901306,0.12349566493709684
12.0,0.8707323713996475,True,1.0179174172616186,0.12844027943176284,0.007198327553809908,0.1235432699577307
12.200000000000001,0.8707323713996475,True,1.017962017044125,0.12847465392789797,0.007192948568067771,0.12358936928342118
12.4,0.8707323713996475,True,1.0180052245156568,0.1285079553248938,0.007187736621962695,0.12363403329060384
12.600000000000001,0.8707323713996475,True,1.018047103919136,0.1285402331368502,0.007182684048043146,0.12367732803401776
12.8,0.8707323713996475,True,1.0180877156023047,0.12857153387572526,0.007177783641370254,0.1237193155736512
13.0,0.8707323713996475,True,1.0181271163087198,0.1286019012756153,0.0071730286251393055,0.12376005427242157
13.200000000000001,0.8707323713996475,True,1.0181653594430387,0.12863137649721879,0.007168412619324438,0.12379959906761917
13.4,0.8707323713996475,True,1.0182024953131923,0.1286599983144862,0.007163929612040986,0.12383800171876
13.600000000000001,0.8707323713996475,True,1.0182385713517714,0.128687803285251,0.007159573933354177,0.12387531103421762
13.8,0.8707323713996475,True,1.0182736323186794,0.12871482590741956,0.0071553402312938075,0.12391157307872076
14.0,0.8707323713996475,True,1.0183077204868702,0.12874109876212605,0.007151223449860979,0.12394683136357464
14.200000000000001,0.8707323713996475,True,1.0183408758128039,0.12876665264510737,0.007147218808836414,0.12398112702126533
14.4,0.8707323713996475,True,1.0183731360930655,0.1287915166874154,0.007143321785220295,0.1240144989659253
14.600000000000001,0.8707323713996475,True,1.0184045371084351,0.12881571846645554,0.007139528096152089,0.12404698404096906
14.8,0.8707323713996475,True,1.0184351127565778,0.1288392841082556,0.00713583368317402,0.12407861715509402
15.0,0.8707323713996475,True,1.01846489517438,0.12886223838175428,0.007132234697716741,0.12410943140769261
15.200000000000001,0.8707323713996475,True,1.018493914850868,0.1288846047858312,0.007128727487697621,0.1241394582046305
15.4,0.8707323713996475,True,1.018522200731542,0.1289064056297202,0.007125308585133463,0.12416872736524198
15.600000000000001,0.8707323713996475,True,1.0185497803148766,0.12892766210738582,0.007121974694679132,0.12419726722130935
15.8,0.8707323713996475,True,1.0185766797416744,0.12894839436639102,0.007118722683012153,0.12422510470872646
16.0,0.8707323713996475,True,1.0186029238778669,0.12896862157171401,0.007115549568991611,0.12425226545245442
16.2,0.8707323713996475,True,1.0186285363913337,0.12898836196495583,0.007112452514525859,0.12427877384535269
16.400000000000002,0.8707323713996475,True,1.0186535398232275,0.12900763291931244,0.007109428816090417,0.12430465312138272
16.6,0.8707323713996475,True,1.0186779556542616,0.12902645099066504,0.007106475896842547,0.1243299254236529
16.8,0.8707323713996475,True,1.0187018043663707,0.12904483196510377,0.007103591299284123,0.1243546118677222
17.0,0.8707323713996475,True,1.0187251055001165,0.12906279090317185,0.007100772678428806,0.12437873260054443
17.2,0.8707323713996475,True,1.0187478777081798,0.12908034218109446,0.007098017795433448,0.12440230685540216
17.400000000000002,0.8707323713996475,True,1.018770138805239,0.12909749952922098,0.007095324511657562,0.12442535300313617
17.6,0.8707323713996475,True,1.0187919058145305,0.12911427606791054,0.007092690783117287,0.1244478885999727
17.8,0.8707323713996475,True,1.01881319501133,0.12913068434104483,0.007090114655303966,0.12446993043219541
18.0,0.8707323713996475,True,1.0188340219636003,0.1291467363473572,0.0070875942583394505,0.12449149455791118
18.2,0.8707323713996475,True,1.0188544015700207,0.12916244356974182,0.007085127802442852,0.12451259634612802
18.400000000000002,0.8707323713996475,True,1.0188743480955762,0.12917781700268446,0.007082713573685898,0.12453325051333389
18.6,0.8707323713996475,True,1.0188938752049146,0.12919286717797132,0.007080349930015168,0.12455347115778184
18.8,0.8707323713996475,True,1.018912995993601,0.12920760418877866,0.007078035297522458,0.12457327179162136
19.0,0.8707323713996475,True,1.0189317230174546,0.12922203771228263,0.007075768166944786,0.12459266537105786
19.200000000000003,0.8707323713996475,True,1.0189500683200772,0.129236177030877,0.0070735470903781975,0.12461166432465953
19.400000000000002,0.8707323713996475,True,1.0189680434587203,0.12925003105210958,0.00707137067818993,0.12463028057995702
19.6,0.8707323713996475,True,1.0189856595285958,0.12926360832741957,0.007069237596115347,0.12464852558844637
19.8,0.8707323713996475,True,1.0190029271857441,0.12927691706976188,0.0070671465625267256,0.12466641034910932
20.0,0.8707323713996475,True,1.0190198566685587,0.12928996517019817,0.007065096345862135,0.12468394543055614
0.0,0.9595245633465793,False,0.8470245633465793,-0.08169651337649021,0.025187519787847713,-0.0943864733575073
0.2,0.9595245633465793,True,1.0345245633465792,0.0794643422509934,0.01619197700647353,0.06601583696235855
0.4,0.9595245633465793,True,1.0601511337082519,0.10149100895118034,0.013565007290204609,0.09403080091058356
0.6000000000000001,0.9595245633465793,True,1.0720245633465793,0.1116965133764901,0.012233938182668887,0.10750746779709827
0.8,0.9595245633465793,True,1.079084399915708,0.11776461632086876,0.011408294738697842,0.11566966559521044
1.0,0.9595245633465793,True,1.083823110032505,0.12183765406483472,0.01083979972856977,0.12121066541904388
1.2000000000000002,0.9595245633465793,True,1.0872454385575134,0.12477922949592113,0.010422082307487934,0.12524356578867346
1.4000000000000001,0.9595245633465793,True,1.0898424692100068,0.12701144113350316,0.010101097923328736,0.12832136469952976
1.6,0.9595245633465793,True,1.0918852448423284,0.12876725696688934,0.00984619243566078,0.1307528754653062
1.8,0.9595245633465793,True,1.093536559926195,0.1301866028432974,0.009638574063416392,0.13272523575832082
2.0,0.9595245633465793,True,1.0949005055635828,0.1313589476217016,0.009466034077873955,0.1343589440834273
2.2,0.9595245633465793,True,1.096046933961608,0.13234433098992235,0.009320273766717225,0.13573532444198735
2.4000000000000004,0.9595245633465793,True,1.0970245633465794,0.1331846274601546,0.009195443732071387,0.1369113640518816
2.6,0.9595245633465793,True,1.0978684603169175,0.13390997763509413,0.009087296192601678,0.13792824477471197
2.8000000000000003,0.9595245633465793,True,1.098604537576551,0.13454265412026994,0.008992668446594177,0.1388165018675268
3.0,0.9595245633465793,True,1.0992523748851868,0.13509948620009465,0.008909155143879076,0.1395992759073435
3.2,0.9595245633465793,True,1.0998270526387661,0.13559343584530503,0.00883489314233428,0.14029443576057116
3.4000000000000004,0.9595245633465793,True,1.1003403805239529,0.13603465377167384,0.008768416093355819,0.14091600660221196
3.6,0.9595245633465793,True,1.1008017427656165,0.13643120595098426,0.00870855364293515,0.14147515563552307
3.8000000000000003,0.9595245633465793,True,1.1012186931201984,0.13678958502244343,0.008654359998171175,0.14198088805269823
4.0,0.9595245633465793,True,1.1015973822697973,0.1371150776483965,0.008605062306852753,0.14244054830034084
4.2,0.9595245633465793,True,1.1019428703941752,0.13741203317764392,0.008560022701436907,0.14286018756503566
4.4,0.9595245633465793,True,1.1022593594725714,0.13768406331455643,0.0085187099528905,0.14324483748579342
4.6000000000000005,0.9595245633465793,True,1.102550368444844,0.13793419267437898,0.008480678002498286,0.14359871695178036
4.800000000000001,0.9595245633465793,True,1.1028188670276338,0.13816497380151038,0.008445549494902293,0.1439253903757821
5.0,0.9595245633465793,True,1.1030673791691057,0.13837857609139548,0.008413003000331777,0.1442278902619565
5.2,0.9595245633465793,True,1.1032980639057322,0.13857685528891497,0.008382762994054526,0.14450881314835018
5.4,0.9595245633465793,True,1.1035127791910113,0.13876140835073847,0.008354591921369219,0.14477039545221299
5.6000000000000005,0.9595245633465793,True,1.1037131327472331,0.1389336171536649,0.00832828385756492,0.14501457397501127
5.800000000000001,0.9595245633465793,True,1.1039005229239802,0.1390946836135089,0.008303659400133027,0.14524303457676505
6.0,0.9595245633465793,True,1.1040761717865082,0.13924565812537565,0.008280561522002164,0.14545725163895548
6.2,0.9595245633465793,True,1.1042411521083169,0.13938746276443895,0.008258852180841386,0.1456585202916178
6.4,0.9595245633465793,True,1.1043964095415049,0.1395209103419061,0.0082384095280431,0.14584798290952022
6.6000000000000005,0.9595245633465793,True,1.1045427809427097,0.13964672015661317,0.008219125596968349,0.1460266510343455
6.800000000000001,0.9595245633465793,True,1.1046810096118516,0.13976553109309925,0.008200904376946129,0.1461954236199154
7.0,0.9595245633465793,True,1.1048117580348575,0.13987791257429172,0.008183660199836247,0.1463551023016131
7.2,0.9595245633465793,True,1.1049356185954162,0.13998437376852188,0.008167316381440975,0.1465064042421727
7.4,0.9595245633465793,True,1.1050531226242066,0.14008537136755939,0.008151804071934964,0.14664997299175817
7.6000000000000005,0.9595245633465793,True,1.1051647480794982,0.1401813161882773,0.008137061278678992,0.14678638771199098
7.800000000000001,0.9595245633465793,True,1.1052709260950053,0.14027257880069302,0.00812303203195255,0.14691617104482405
8.0,0.9595245633465793,True,1.105372046585496,0.14035949434612732,0.008109665669765608,0.14703979585331847
8.200000000000001,0.9595245633465793,True,1.105468463064834,0.1404423666784298,0.008096916222355158,0.14715769101883647
8.4,0.9595245633465793,True,1.1055604968027626,0.14052147193683592,0.00808474188050391,0.14727024644543987
8.6,0.9595245633465793,True,1.1056484404240652,0.14059706163953523,0.008073104534642783,0.14737781739531552
8.8,0.9595245633465793,True,1.1057325610355695,0.1406693653714069,0.008061969373968816,0.14748072825740516
9.0,0.9595245633465793,True,1.1058131029517946,0.14073859312678136,0.008051304536644476,0.14757927583395172
9.200000000000001,0.9595245633465793,True,1.1058902900781458,0.14080493735785435,0.008041080803634333,0.14767373221547836
9.4,0.9595245633465793,True,1.1059643280008804,0.1408685747710639,0.008031271329950691,0.14776434730317078
9.600000000000001,0.9595245633465793,True,1.1060354058251283,0.1409296679069143,0.008021851408076625,0.1478513510281479
9.8,0.9595245633465793,True,1.1061036977957475,0.14098836653314079,0.00801279825915514,0.1479349553093341
10.0,0.9595245633465793,True,1.1061693647303872,0.1410448088764634,0.008004090848212053,0.14801535578518435
10.200000000000001,0.9595245633465793,True,1.1062325552896977,0.14109912271436215,0.007995709720242914,0.14809273334920053
10.4,0.9595245633465793,True,1.1062934071058859,0.1411514263451002,0.007987636854463912,0.1481672555147125
10.600000000000001,0.9595245633465793,True,1.1063520477877338,0.1412018294515599,0.00797985553441892,0.14823907763068872
10.8,0.9595245633465793,True,1.1064085958175802,0.14125043387222194,0.007972350231964452,0.1483083439672246
11.0,0.9595245633465793,True,1.1064631613535965,0.14129733429073987,0.007965106503431383,0.1483751886867366
11.200000000000001,0.9595245633465793,True,1.1065158469488194,0.14134261885396873,0.007958110896496952,0.14843973671466643
11.4,0.9595245633465793,True,1.1065667481968628,0.14138636972696692,0.007951350866499039,0.14850210452163012
11.600000000000001,0.9595245633465793,True,1.106615954312887,0.14142866359235662,0.007944814701093374,0.1485624008273586
11.8,0.9595245633465793,True,1.1066635486572818,0.14146957210044026,0.007938491452298689,0.1486207272354017
12.0,0.9595245633465793,True,1.1067096092085504,0.14150916227565694,0.007932370875097452,0.14867717880642417
12.200000000000001,0.9595245633465793,True,1.106754208991057,0.1415474968842412,0.007926443371865691,0.1487318445769168
12.4,0.9595245633465793,True,1.1067974164625887,0.1415846347673428,0.007920699941995705,0.1487848080292985
12.600000000000001,0.9595245633465793,True,1.106839295866068,0.14162063114333157,0.007915132136154126,0.1488361475186391
12.8,0.9595245633465793,True,1.1068799075492364,0.1416555378825738,0.007909732014684576,0.14888593666061606
13.0,0.9595245633465793,True,1.1069193082556514,0.14168940375755068,0.007904492109723453,0.14893424468474023
13.200000000000001,0.9595245633465793,True,1.1069575513899705,0.14172227467087728,0.007899405390647193,0.14898113675644398
13.4,0.9595245633465793,True,1.1069946872601242,0.1417541938634555,0.007894465232514311,0.14902667427117264
13.600000000000001,0.9595245633465793,True,1.1070307632987033,0.1417852021047625,0.007889665387203265,0.1490709151232929
13.8,0.9595245633465793,True,1.107065824265611,0.14181533786703457,0.00788499995698125,0.1491139139522935
14.0,0.9595245633465793,True,1.1070999124338021,0.14184463748491422,0.007880463370268185,0.14915572236848476
14.200000000000001,0.9595245633465793,True,1.1071330677597357,0.14187313530195989,0.007876050359386001,0.14919638916016492
14.4,0.9595245633465793,True,1.1071653280399973,0.14190086380526515,0.00787175594010583,0.14923596048400953
14.600000000000001,0.9595245633465793,True,1.1071967290553668,0.14192785374928932,0.00786757539282608,0.14927448004023552
14.8,0.9595245633465793,True,1.1072273047035095,0.14195413426990816,0.007863504245231207,0.14931198923395927
15.0,0.9595245633465793,True,1.1072570871213117,0.14197973298956498,0.007859538256297276,0.14934852732399004
15.200000000000001,0.9595245633465793,True,1.1072861067977997,0.14200467611432685,0.007855673401523643,0.1493841315601918
15.4,0.9595245633465793,True,1.1073143926784736,0.14202898852356205,0.007851905859282478,0.14941883731042355
15.600000000000001,0.9595245633465793,True,1.1073419722618083,0.14205269385288494,0.007848231998188631,0.14945267817796784
15.8,0.9595245633465793,True,1.107368871688606,0.14207581457095764,0.00784464836540174,0.14948568611027924
16.0,0.9595245633465793,True,1.1073951158247985,0.14209837205065892,0.007841151675781581,0.14951789149977315
16.2,0.9595245633465793,True,1.1074207283382655,0.14212038663511273,0.00783773880182453,0.1495493232773479
16.400000000000002,0.9595245633465793,True,1.1074457317701594,0.1421418776989934,0.0078344067643165,0.14958000899922974
16.6,0.9595245633465793,True,1.1074701476011934,0.1421628637055017,0.00783115272364341,0.14960997492769693
16.8,0.9595245633465793,True,1.1074939963133026,0.1421833622593637,0.007827973971705855,0.14963924610617887
17.0,0.9595245633465793,True,1.1075172974470482,0.14220339015617192,0.007824867924389514,0.14966784642918218
17.2,0.9595245633465793,True,1.1075400696551114,0.14222296342836394,0.007821832114547116,0.14969579870745944
17.400000000000002,0.9595245633465793,True,1.1075623307521707,0.1422420973880935,0.007818864185452126,0.14972312472878196
17.6,0.9595245633465793,True,1.1075840977614624,0.1422608066672502,0.007815961884687176,0.14974984531467697
17.8,0.9595245633465793,True,1.1076053869582616,0.14227910525483306,0.007813123058434249,0.14977598037342038
18.0,0.9595245633465793,True,1.1076262139105322,0.14229700653188912,0.007810345646135969,0.14980154894958264
18.2,0.9595245633465793,True,1.1076465935169524,0.1423145233041988,0.007807627675500063,0.14982656927038468
18.400000000000002,0.9595245633465793,True,1.107666540042508,0.14233166783286727,0.007804967257821882,0.14985105878908977
18.6,0.9595245633465793,True,1.1076860671518463,0.14234845186299466,0.007802362583601008,0.14987503422567344
18.8,0.9595245633465793,True,1.1077051879405326,0.14236488665054123,0.0077998119184312905,0.1498985116049391
19.0,0.9595245633465793,True,1.1077239149643865,0.14238098298754182,0.007797313599143938,0.1499215062922936
19.200000000000003,0.9595245633465793,True,1.107742260267009,0.14239675122576795,0.007794866030186223,0.14994403302732495
19.400000000000002,0.9595245633465793,True,1.1077602354056522,0.1424122012989612,0.007792467680218767,0.14996610595535562
19.6,0.9595245633465793,True,1.1077778514755277,0.14242734274372892,0.0077901170789164325,0.14998773865710016
19.8,0.9595245633465793,True,1.1077951191326758,0.1424421847191992,0.007787812813958603,0.1500089441765653
20.0,0.9595245633465793,True,1.1078120486154905,0.14245673602552314,0.007785553528195864,0.15002973504731507
0.0,1.057371263440564,False,0.944871263440564,-0.09270426713706349,0.027755995665314816,-0.11534959368144357
0.2,1.057371263440564,True,1.132371263440564,0.08680284475804226,0.017843140070559524,0.08044990691833993
0.4,1.057371263440564,True,1.1579978338022365,0.11133698680284515,0.01494828735493595,0.11397970218482695
0.6000000000000001,1.057371263440564,True,1.169871263440564,0.12270426713706338,0.013481483608867192,0.13006671241631762
0.8,1.057371263440564,True,1.176931100009693,0.12946315179293413,0.012571645877920276,0.13979756377245953
1.0,1.057371263440564,True,1.1816698101264898,0.13399985668453065,0.011945179073337125,0.14639840613204907
1.2000000000000002,1.057371263440564,True,1.1850921386514983,0.13727629566842664,0.011484865274021806,0.15120019354582934
1.4000000000000001,1.057371263440564,True,1.1876891693039915,0.1397626181853981,0.011131148780679143,0.15486339911168726
1.6,1.057371263440564,True,1.189731944936313,0.14171831287343933,0.010850249523016215,0.1577565544849937
1.8,1.057371263440564,True,1.1913832600201797,0.14329923448161913,0.010621459444096447,0.1601028496910111
2.0,1.057371263440564,True,1.1927472056575674,0.14460503683974935,0.010431324840485335,0.1620459287741353
2.2,1.057371263440564,True,1.1938936340555928,0.1457025944436109,0.010270700745746436,0.1636826992258644
2.4000000000000004,1.057371263440564,True,1.194871263440564,0.14663854872307752,0.01013314127463874,0.16508104670719562
2.6,1.057371263440564,True,1.1957151604109024,0.14744647143178394,0.010013965481943821,0.16629001575813324
2.8000000000000003,1.057371263440564,True,1.1964512376705358,0.14815117064782912,0.009909688152134244,0.16734596333179966
3.0,1.057371263440564,True,1.1970990749791715,0.14877139147050158,0.00981765865150533,0.1682764364611963
3.2,1.057371263440564,True,1.197673752732751,0.14932157143751715,0.00973582384560398,0.16910270298191873
3.4000000000000004,1.057371263440564,True,1.1981870806179378,0.1498130168035177,0.00966256785617626,0.16984145338619666
3.6,1.057371263440564,True,1.1986484428596014,0.15025471175572286,0.009596600983360428,0.170505975294955
3.8000000000000003,1.057371263440564,True,1.199065393214183,0.15065388804348087,0.009536880987829854,0.17110698251827205
4.0,1.057371263440564,True,1.199444082363782,0.15101643415308363,0.009482556206427425,0.17165321207816847
4.2,1.057371263440564,True,1.19978957048816,0.15134719455522308,0.00943292372561076,0.17215186182438835
4.4,1.057371263440564,True,1.2001060595665562,0.15165019210407243,0.00938739814471853,0.17260891633381112
4.6000000000000005,1.057371263440564,True,1.2003970685388288,0.1519287957315296,0.00934548791857792,0.17302939310418472
4.800000000000001,1.057371263440564,True,1.2006655671216184,0.1521858485589669,0.009306777211339736,0.173417530956597
5.0,1.057371263440564,True,1.2009140792630906,0.15242376694182833,0.009270911815706129,0.17377693591905152
5.2,1.057371263440564,True,1.2011447639997168,0.15264461787958875,0.009237588110544998,0.17411069540826057
5.4,1.057371263440564,True,1.2013594792849962,0.15285018012353657,0.009206544316716676,0.1744214684851131
5.6000000000000005,1.057371263440564,True,1.2015598328412178,0.1530419928607914,0.009177553510513232,0.17471155784898615
5.800000000000001,1.057371263440564,True,1.201747223017965,0.15322139483106012,0.009150417995008044,0.17498296775015765
6.0,1.057371263440564,True,1.201922871880493,0.1533895560045005,0.00912496473042788,0.17523745093897508
6.2,1.057371263440564,True,1.2020878522023017,0.1535475034236332,0.00910104159769267,0.17547654700384815
6.4,1.057371263440564,True,1.2022431096354895,0.15369614242860288,0.009078514322786843,0.1757016138895558
6.6000000000000005,1.057371263440564,True,1.2023894810366944,0.15383627420190596,0.009057263929265398,0.17591385397298293
6.800000000000001,1.057371263440564,True,1.2025277097058362,0.15396861035752596,0.009037184615850923,0.17611433576397506
7.0,1.057371263440564,True,1.2026584581288422,0.15409378514045205,0.009018181978467595,0.17630401206578555
7.2,1.057371263440564,True,1.202782318689401,0.15421236568180466,0.009000171513111945,0.17648373525222688
7.4,1.057371263440564,True,1.2028998227181913,0.15432486066230708,0.008983077349056314,0.17665427018264243
7.6000000000000005,1.057371263440564,True,1.203011448173483,0.15443172766547175,0.008966831172014904,0.17681630517075722
7.800000000000001,1.057371263440564,True,1.2031176261889902,0.1545333794463274,0.008951371304802625,0.17697046134162528
8.0,1.057371263440564,True,1.2032187466794806,0.15463018929806807,0.008936641919216167,0.17711730064681613
8.200000000000001,1.057371263440564,True,1.2033151631588188,0.15472249566470844,0.008922592357765088,0.17725733275735317
8.4,1.057371263440564,True,1.2034071968967472,0.1548106061206682,0.00890917654777278,0.17739102101378693
8.6,1.057371263440564,True,1.2034951405180498,0.15489480081650628,0.00889635249347931,0.17751878758069725
8.8,1.057371263440564,True,1.2035792611295542,0.15497533547262352,0.008884081834279736,0.17764101792716525
9.0,1.057371263440564,True,1.2036598030457792,0.15505244398871987,0.008872329459252778,0.17775806473397648
9.200000000000001,1.057371263440564,True,1.2037369901721304,0.15512634072539605,0.00886106316977676,0.17787025131142786
9.4,1.057371263440564,True,1.203811028094865,0.15519722250502702,0.008850253383369224,0.17797787459787487
9.600000000000001,1.057371263440564,True,1.2038821059191132,0.15526527037142993,0.008839872872985256,0.1780812077978723
9.8,1.057371263440564,True,1.2039503978897321,0.1553306511416244,0.008829896536913316,0.17818050270951655
10.0,1.057371263440564,True,1.204016064824372,0.15539351877780683,0.008820301195155646,0.1782759917829115
10.200000000000001,1.057371263440564,True,1.2040792553836823,0.15545401560341118,0.008811065408800292,0.1783678899453584
10.4,1.057371263440564,True,1.2041401071998705,0.15551227338355797,0.008802169319409357,0.1784563962235637
10.600000000000001,1.057371263440564,True,1.2041987478817184,0.15556841428722773,0.008793594505880341,0.17854169518874372
10.8,1.057371263440564,True,1.204255295911565,0.1556225517460071,0.008785323856600547,0.17862395824680005
11.0,1.057371263440564,True,1.2043098614475811,0.15567479122216307,0.00877734145502,0.17870334479262434
11.200000000000001,1.057371263440564,True,1.2043625470428043,0.15572523089702697,0.008769632477026782,0.17878000324494545
11.4,1.057371263440564,True,1.2044134482908475,0.1557739622891769,0.008762183098727533,0.17885407197590844
11.600000000000001,1.057371263440564,True,1.2044626544068717,0.15582107081064397,0.008754980413421655,0.1789256801476877
11.8,1.057371263440564,True,1.2045102487512664,0.15586663626826977,0.008748012356716815,0.17899494846679997
12.0,1.057371263440564,True,1.204556309302535,0.15591073331643263,0.008741267638868545,0.17906198986542535
12.200000000000001,1.057371263440564,True,1.2046009090850416,0.15595343186656005,0.008734735683543342,0.17912691011784698
12.4,1.057371263440564,True,1.2046441165565733,0.15599479745817044,0.008728406572304202,0.1791898083991151
12.600000000000001,1.057371263440564,True,1.2046859959600527,0.15603489159559156,0.00872227099420418,0.1792507777921499
12.8,1.057371263440564,True,1.2047266076432213,0.1560737720540171,0.008716320199947203,0.1793099057487702
13.0,1.057371263440564,True,1.2047660083496363,0.15611149315809805,0.00871054596014064,0.1793672745094427
13.200000000000001,1.057371263440564,True,1.2048042514839552,0.15614810603591903,0.008704940527219075,0.17942296148602363
13.4,1.057371263440564,True,1.2048413873541088,0.1561836588508469,0.008699496600668261,0.17947703961122694
13.600000000000001,1.057371263440564,True,1.204877463392688,0.1562181970134813,0.00869420729521978,0.17952957765816277
13.8,1.057371263440564,True,1.204912524359596,0.15625176337566743,0.008689066111724549,0.17958064053288916
14.0,1.057371263440564,True,1.2049466125277868,0.15628439840831682,0.008684066910445353,0.17963028954259902
14.200000000000001,1.057371263440564,True,1.2049797678537204,0.15631614036459562,0.00867920388653714,0.17967858264178285
14.4,1.057371263440564,True,1.205012028133982,0.15634702542986859,0.00867447154750855,0.17972557465845265
14.600000000000001,1.057371263440564,True,1.2050434291493517,0.15637708785962628,0.008669864692480635,0.17977131750227288
14.8,1.057371263440564,True,1.2050740047974944,0.15640636010651912,0.00866537839307728,0.17981586035628477
15.0,1.057371263440564,True,1.2051037872152965,0.15643487293747868,0.008661007975799752,0.17985924985369953
15.200000000000001,1.057371263440564,True,1.2051328068917846,0.15646265554182273,0.008656749005752381,0.17990153024110686
15.4,1.057371263440564,True,1.2051610927724585,0.1564897356311411,0.008652597271600091,0.17994274352929907
15.600000000000001,1.057371263440564,True,1.2051886723557932,0.15651613953168325,0.008648548771650326,0.17998292963279308
15.8,1.057371263440564,True,1.205215571782591,0.15654189226990256,0.008644599700962272,0.18002212649903712
16.0,1.057371263440564,True,1.2052418159187834,0.1565670176517271,0.008640746439396324,0.18006037022815946
16.2,1.057371263440564,True,1.2052674284322502,0.15659153833610476,0.008636985540524339,0.18009769518408278
16.400000000000002,1.057371263440564,True,1.205292431864144,0.15661547590328723,0.008633313721329415,0.1801341340977039
16.6,1.057371263440564,True,1.205316847695178,0.1566388509182923,0.008629727852630243,0.18016971816280078
16.8,1.057371263440564,True,1.2053406964072872,0.15666168298993566,0.008626224950171285,0.18020447712525542
17.0,1.057371263440564,True,1.205363997541033,0.15668399082578932,0.008622802166325367,0.18023843936613063
17.2,1.057371263440564,True,1.2053867697490963,0.15670579228339418,0.008619456782359971,0.1802716319790934
17.400000000000002,1.057371263440564,True,1.2054090308461556,0.1567271044180115,0.008616186201223387,0.18030408084261607
17.6,1.057371263440564,True,1.205430797855447,0.15674794352719826,0.0086129879408099,0.18033581068738125
17.8,1.057371263440564,True,1.2054520870522465,0.15676832519243558,0.008609859627667736,0.18036684515923898
18.0,1.057371263440564,True,1.2054729140045168,0.15678826431804435,0.008606798991115936,0.1803972068780674
18.2,1.057371263440564,True,1.2054932936109373,0.15680777516759148,0.008603803857739402,0.18042691749284379
18.400000000000002,1.057371263440564,True,1.2055132401364927,0.1568268713979639,0.008600872146234442,0.18045599773319407
18.6,1.057371263440564,True,1.2055327672458311,0.1568455660913024,0.008598001862578366,0.18048446745770833
18.8,1.057371263440564,True,1.2055518880345175,0.1568638717849251,0.008595191095500436,0.1805123456992205
19.0,1.057371263440564,True,1.2055706150583712,0.15688180049941236,0.008592438012231644,0.1805396507073096
19.200000000000003,1.057371263440564,True,1.2055889603609937,0.15689936376496236,0.008589740854514125,0.1805663999881882
19.400000000000002,1.057371263440564,True,1.2056069354996368,0.15691657264615558,0.00858709793485148,0.18059261034218627
19.6,1.057371263440564,True,1.2056245515695123,0.15693343776522922,0.00858450763298341,0.18061829789898304
19.8,1.057371263440564,True,1.2056418192266607,0.15694996932396985,0.008581968392569111,0.1806434781507505
20.0,1.057371263440564,True,1.2056587487094752,0.15696617712432148,0.008579478718065013,0.18066816598335425
0.0,1.1651957974379255,False,1.0526957974379254,-0.10483452721176666,0.030586389682745546,-0.14094525590496415
0.2,1.1651957974379255,True,1.2401957974379254,0.09488968480784435,0.019662679081764996,0.09801910923713292
0.4,1.1651957974379255,True,1.265822367799598,0.12218699985984519,0.016472626226090848,0.13819441125082751
0.6000000000000001,1.1651957974379255,True,1.2776957974379253,0.13483452721176653,0.014856246417333551,0.15742126235067014
0.8,1.1651957974379255,True,1.2847556340070543,0.14235463545580113,0.013853628758706972,0.1690372911701539
1.0,1.1651957974379255,True,1.289494344123851,0.14740228955748988,0.013163278535305344,0.17691114015998405
1.2000000000000002,1.1651957974379255,True,1.2929166726488597,0.15104773951978076,0.012656024628366683,0.18263611616267994
1.4000000000000001,1.1651957974379255,True,1.2955137033013528,0.15381408565663415,0.012266238196885404,0.1870020175320522
1.6,1.1651957974379255,True,1.2975564789336744,0.15599004167529165,0.011956694476671869,0.1904491947482367
1.8,1.1651957974379255,True,1.299207794017541,0.15774901556287219,0.011704573724321017,0.1932441767935569
2.0,1.1651957974379255,True,1.3005717396549288,0.15920188472375146,0.0114950503064495,0.19555842186506336
2.2,1.1651957974379255,True,1.3017181680529541,0.1604230554353914,0.011318046706457531,0.19750755912835766
2.4000000000000004,1.1651957974379255,True,1.3026957974379254,0.1614644221477147,0.011166459725446786,0.19917256444212425
2.6,1.1651957974379255,True,1.3035396944082638,0.16236333765398964,0.011035131082797084,0.20061192446579032
2.8000000000000003,1.1651957974379255,True,1.3042757716678972,0.16314740405754086,0.010920220161096023,0.2018689861616673
3.0,1.1651957974379255,True,1.3049236089765328,0.16383747763612305,0.010818806030524515,0.20297658657201717
3.2,1.1651957974379255,True,1.3054982867301124,0.16444962196411697,0.010728626189992315,0.20396007353757703
3.4000000000000004,1.1651957974379255,True,1.3060116146152991,0.16499641667012566,0.01064789998343683,0.20483933655765266
3.6,1.1651957974379255,True,1.3064729768569627,0.16548785779104216,0.01057520619495139,0.20563020800699316
3.8000000000000003,1.1651957974379255,True,1.3068899272115444,0.165931991556483,0.010509396303741739,0.20634545206357693
4.0,1.1651957974379255,True,1.3072686163611433,0.1663353696471711,0.010449531799025698,0.206995476731551
4.2,1.1651957974379255,True,1.3076141044855214,0.16670338214532324,0.010394838088251094,0.2075888556704134
4.4,1.1651957974379255,True,1.3079305935639176,0.16704050498156592,0.01034467007502276,0.20813271675473327
4.6000000000000005,1.1651957974379255,True,1.3082216025361901,0.16735048651584744,0.010298486089267546,0.20863303556570548
4.800000000000001,1.1651957974379255,True,1.3084901011189798,0.16763649007785297,0.010255827890629714,0.209094859962571
5.0,1.1651957974379255,True,1.308738613260452,0.1679012041665613,0.010216305151823908,0.20952248395388154
5.2,1.1651957974379255,True,1.3089692979970782,0.16814692857854877,0.010179583290211678,0.20991958377161615
5.4,1.1651957974379255,True,1.3091840132823576,0.16837564239807393,0.010145373831948563,0.21028932542175696
5.6000000000000005,1.1651957974379255,True,1.3093843668385792,0.16858905816416309,0.010113426712974783,0.21063445046722032
5.800000000000001,1.1651957974379255,True,1.3095717570153265,0.16878866539291523,0.010083524076388014,0.210957345026484
6.0,1.1651957974379255,True,1.3097474058778544,0.1689757658231049,0.010055475236831528,0.2112600957062039
6.2,1.1651957974379255,True,1.309912386199663,0.16915150216855535,0.01002911256301163,0.21154453527185818
6.4,1.1651957974379255,True,1.3100676436328509,0.16931688173390813,0.010004288088434378,0.21181228019196874
6.6000000000000005,1.1651957974379255,True,1.3102140150340558,0.16947279593533668,0.009980870704133123,0.21206476169735156
6.800000000000001,1.1651957974379255,True,1.3103522437031976,0.16962003653279195,0.009958743819835306,0.212303251627927
7.0,1.1651957974379255,True,1.3104829921262036,0.16975930920349955,0.00993780340468988,0.21252888406158957
7.2,1.1651957974379255,True,1.3106068526867625,0.16989124495207508,0.009917956337469593,0.21274267350820536
7.4,1.1651957974379255,True,1.3107243567155527,0.17001640974972462,0.009899119010593956,0.21294553028970167
7.6000000000000005,1.1651957974379255,True,1.3108359821708444,0.17013531271558838,0.009881216143486062,0.213138273601996
7.800000000000001,1.1651957974379255,True,1.3109421601863516,0.1702484130914868,0.0098641797694824,0.21332164265696965
8.0,1.1651957974379255,True,1.311043280676842,0.1703561262129922,0.009847948367346183,0.21349630622633328
8.200000000000001,1.1651957974379255,True,1.3111396971561802,0.17045882864158687,0.009832466113832527,0.21366287084889488
8.4,1.1651957974379255,True,1.3112317308941086,0.17055686259245081,0.009817682238042864,0.21382188791492507
8.6,1.1651957974379255,True,1.3113196745154112,0.1706505397682739,0.009803550461735415,0.21397385980307676
8.8,1.1651957974379255,True,1.3114037951269155,0.17074014469012616,0.009790028512515219,0.21411924521463488
9.0,1.1651957974379255,True,1.3114843370431406,0.17082593760080672,0.009777077699054707,0.2142584638251122
9.200000000000001,1.1651957974379255,True,1.3115615241694918,0.17090815700341233,0.009764662539305177,0.21439190035308908
9.4,1.1651957974379255,True,1.3116355620922264,0.1709870218875603,0.009752750434135725,0.21451990812983024
9.600000000000001,1.1651957974379255,True,1.3117066399164745,0.1710627336872403,0.009741311380046715,0.21464281223976994
9.8,1.1651957974379255,True,1.3117749318870935,0.17113547800734252,0.009730317715600957,0.21476091229094596
10.0,1.1651957974379255,True,1.3118405988217334,0.17120542615015152,0.009719743897040164,0.21487448486530467
10.200000000000001,1.1651957974379255,True,1.3119037893810437,0.17127273646836655,0.009709566299237594,0.21498378569127335
10.4,1.1651957974379255,True,1.3119646411972319,0.1713375555672367,0.009699763038708061,0.21508905157467242
10.600000000000001,1.1651957974379255,True,1.3120232818790798,0.17140001937510005,0.009690313815872827,0.21519050211878382
10.8,1.1651957974379255,True,1.3120798299089265,0.17146025409884608,0.009681199774177064,0.21528834125997823
11.0,1.1651957974379255,True,1.3121343954449425,0.1715183770784953,0.00967240337399417,0.21538275864159492
11.200000000000001,1.1651957974379255,True,1.3121870810401657,0.17157449755311252,0.009663908279536039,0.21547393084561572
11.4,1.1651957974379255,True,1.3122379822882089,0.17162871734861257,0.009655699257229563,0.21556202249902712
11.600000000000001,1.1651957974379255,True,1.312287188404233,0.1716811314966098,0.009647762084224345,0.21564718726951915
11.8,1.1651957974379255,True,1.3123347827486278,0.17173182879224086,0.009640083465871911,0.21572956876321803
12.0,1.1651957974379255,True,1.3123808432998965,0.1717808922978799,0.009632650961165726,0.2158093013355346
12.200000000000001,1.1651957974379255,True,1.312425443082403,0.17182839979877249,0.00962545291525968,0.21588651082478458
12.4,1.1651957974379255,True,1.3124686505539347,0.171874424215866,0.009618478398292605,0.21596131521703954
12.600000000000001,1.1651957974379255,True,1.312510529957414,0.17191903398045136,0.00961171714984167,0.2160338252496072
12.8,1.1651957974379255,True,1.3125511416405826,0.17196229337468938,0.009605159528408793,0.21610414495967256
13.0,1.1651957974379255,True,1.3125905423469977,0.17200426284157871,0.009598796465416035,0.2161723721838073
13.200000000000001,1.1651957974379255,True,1.3126287854813166,0.17204499926753625,0.009592619423246594,0.2162385990134335
13.4,1.1651957974379255,True,1.3126659213514702,0.17208455624035798,0.009586620356922499,0.2163029122106859
13.600000000000001,1.1651957974379255,True,1.3127019973900493,0.1721229842850407,0.009580791679055957,0.21636539358865303
13.8,1.1651957974379255,True,1.3127370583569573,0.17216033107964515,0.009575126227752686,0.21642612035950054
14.0,1.1651957974379255,True,1.3127711465251481,0.17219664165314452,0.009569617237181001,0.2164851654535976
14.200000000000001,1.1651957974379255,True,1.3128043018510818,0.1722319585669917,0.009564258310551719,0.21654259781243226
14.4,1.1651957974379255,True,1.3128365621313434,0.17226632208195047,0.009559043395281349,0.21659848265779721
14.600000000000001,1.1651957974379255,True,1.312867963146713,0.17229977031155744,0.009553966760135747,0.21665288173944516
14.8,1.1651957974379255,True,1.3128985387948557,0.17233233936346293,0.00954902297417184,0.21670585356321784
15.0,1.1651957974379255,True,1.312928321212658,0.1723640634697433,0.00954420688731484,0.21675745360140727
15.200000000000001,1.1651957974379255,True,1.312957340889146,0.17239497510718144,0.009539513612424368,0.2168077344869511
15.4,1.1651957974379255,True,1.31298562676982,0.1724251051084022,0.009534938508718043,0.2168567461928895
15.600000000000001,1.1651957974379255,True,1.3130132063531545,0.17245448276466524,0.00953047716643412,0.2169045361983738
15.8,1.1651957974379255,True,1.3130401057799523,0.1724831359210438,0.009526125392626183,0.2169511496423991
16.0,1.1651957974379255,True,1.3130663499161448,0.17251109106462345,0.009521879197993974,0.21699662946628281
16.2,1.1651957974379255,True,1.3130919624296116,0.1725383734063302,0.00951773478466278,0.21704101654586844
16.400000000000002,1.1651957974379255,True,1.3131169658615054,0.17256500695690494,0.009513688534832842,0.21708434981428773
16.6,1.1651957974379255,True,1.3131413816925395,0.17259101459751341,0.009509737000227255,0.21712666637606876
16.8,1.1651957974379255,True,1.3131652304046486,0.1726164181454264,0.009505876892273562,0.21716800161329045
17.0,1.1651957974379255,True,1.3131885315383944,0.1726412384151678,0.009502105072960234,0.21720838928442382
17.2,1.1651957974379255,True,1.3132113037464577,0.17266549527549516,0.009498418546314322,0.2172478616164465
17.400000000000002,1.1651957974379255,True,1.313233564843517,0.17268920770252916,0.009494814450451977,0.21728644939074293
17.6,1.1651957974379255,True,1.3132553318528084,0.17271239382934933,0.009491290050156871,0.21732418202329823
17.8,1.1651957974379255,True,1.3132766210496079,0.1727350709923107,0.009487842729946508,0.2173610876395994
18.0,1.1651957974379255,True,1.3132974480018782,0.1727572557743426,0.009484469987589164,0.2173971931446627
18.2,1.1651957974379255,True,1.3133178276082986,0.17277896404545506,0.009481169428037596,0.21743252428855178
18.400000000000002,1.1651957974379255,True,1.313337774133854,0.17280021100065035,0.009477938757748933,0.21746710572770553
18.6,1.1651957974379255,True,1.3133573012431925,0.1728210111954536,0.00947477577936173,0.21750096108241876
18.8,1.1651957974379255,True,1.3133764220318789,0.1728413785792061,0.009471678386705035,0.2175341129907101
19.0,1.1651957974379255,True,1.3133951490557325,0.1728613265263135,0.009468644560114783,0.21756658315888439
19.200000000000003,1.1651957974379255,True,1.313413494358355,0.17288086786556983,0.009465672362036265,0.21759839240898687
19.400000000000002,1.1651957974379255,True,1.3134314694969982,0.17290001490771076,0.009462759932892067,0.21762956072339537
19.6,1.1651957974379255,True,1.3134490855668737,0.17291877947130962,0.009459905487197233,0.21766010728673427
19.8,1.1651957974379255,True,1.313466353224022,0.17293717290713548,0.009457107309904426,0.21769005052530296
20.0,1.1651957974379255,True,1.3134832827068366,0.1729552061210824,0.009454363752963296,0.21771940814419355
0.0,1.2840156464525665,False,1.1715156464525665,-0.11820176022591379,0.03370541071937988,-0.17218062226227254
0.2,1.2840156464525665,True,1.3590156464525665,0.10380117348394242,0.021667764033887066,0.11939965485092796
0.4,1.2840156464525665,True,1.384642216814239,0.13414343375708027,0.01815240825531071,0.16758825323316692
0.6000000000000001,1.2840156464525665,True,1.3965156464525663,0.14820176022591364,0.016371199492270224,0.1905948774950298
0.8,1.2840156464525665,True,1.4035754830216953,0.15656071718516018,0.01526634075186205,0.20447844349352218
1.0,1.2840156464525665,True,1.4083141931384922,0.1621714241074509,0.014505592652419186,0.21388272563958574
1.2000000000000002,1.2840156464525665,True,1.4117365216635007,0.16622351462836177,0.013946611960362464,0.220717194399763
1.4000000000000001,1.2840156464525665,True,1.414333552315994,0.16929843955523083,0.013517077389522632,0.22592738602818158
1.6,1.2840156464525665,True,1.4163763279483155,0.17171711786609153,0.013175968212087164,0.23004009263695563
1.8,1.2840156464525665,True,1.418027643032182,0.1736723007626127,0.012898137660753468,0.23337398564963047
2.0,1.2840156464525665,True,1.4193915886695698,0.17528723373819058,0.012667248270801321,0.23613397689834323
2.2,1.2840156464525665,True,1.4205380170675952,0.17664462289898997,0.012472194879458972,0.23845820745912535
2.4000000000000004,1.2840156464525665,True,1.4215156464525665,0.17780215138722782,0.012305149945170431,0.24044339022470182
2.6,1.2840156464525665,True,1.4223595434229048,0.17880133860410227,0.012160429176042716,0.24215936116429243
2.8000000000000003,1.2840156464525665,True,1.4230956206825383,0.17967286559650625,0.012033800310973961,0.2436578678748964
3.0,1.2840156464525665,True,1.4237434579911739,0.18043991510628662,0.01192204456081461,0.24497810413224377
3.2,1.2840156464525665,True,1.4243181357447534,0.18112034255819293,0.011822668707852771,0.24615031995008374
3.4000000000000004,1.2840156464525665,True,1.4248314636299402,0.1817281308060145,0.011733710515140506,0.24719824808392638
3.6,1.2840156464525665,True,1.4252928258716038,0.18227439091882652,0.011653603839489551,0.2481407778772301
3.8000000000000003,1.2840156464525665,True,1.4257097762261854,0.18276806666244536,0.011581083040675877,0.24899313638193163
4.0,1.2840156464525665,True,1.4260884653757844,0.1832164405407123,0.01151511390407965,0.2497677386182384
4.2,1.2840156464525665,True,1.4264339535001624,0.18362550388563936,0.011454842848732934,0.2504748106223191
4.4,1.2840156464525665,True,1.4267504425785587,0.1840002319063919,0.011399558995085109,0.25112285331191697
4.6000000000000005,1.2840156464525665,True,1.4270414515508312,0.18434479108282073,0.011348665436718667,0.25171899281594456
4.800000000000001,1.2840156464525665,True,1.4273099501336208,0.184662697605894,0.011301657204607896,0.25226924850680055
5.0,1.2840156464525665,True,1.427558462275093,0.1849569398697303,0.011258104168174963,0.25277874049936405
5.2,1.2840156464525665,True,1.4277891470117192,0.18523007420729373,0.011217637626001841,0.2532518520273475
5.4,1.2840156464525665,True,1.4280038622969986,0.1854843004645969,0.011179939687369475,0.2536923577715319
5.6000000000000005,1.2840156464525665,True,1.4282042158532202,0.18572152220998586,0.01114473478814858,0.2541035262068307
5.800000000000001,1.2840156464525665,True,1.4283916060299675,0.18594339511124594,0.011111782855664764,0.25448820191795263
6.0,1.2840156464525665,True,1.4285672548924955,0.18615136611276076,0.01108087375958447,0.2548488723226101
6.2,1.2840156464525665,True,1.4287322352143041,0.1863467053951389,0.011051822774555596,0.25518772214946267
6.4,1.2840156464525665,True,1.428887492647492,0.18653053262526148,0.011024466845327012,0.25550667821978407
6.6000000000000005,1.2840156464525665,True,1.4290338640486968,0.18670383865448123,0.010998661493206864,0.2558074464919309
6.800000000000001,1.2840156464525665,True,1.4291720927178386,0.18686750356153342,0.010974278238728848,0.256091542887266
7.0,1.2840156464525665,True,1.4293028411408446,0.18702231174012152,0.01095120244258449,0.2563603190842999
7.2,1.2840156464525665,True,1.4294267017014035,0.18716896458180152,0.010929331487588703,0.25661498421544265
7.4,1.2840156464525665,True,1.4295442057301937,0.18730809119041053,0.01090857324034919,0.256856623207285
7.6000000000000005,1.2840156464525665,True,1.4296558311854854,0.18744025747601822,0.010888844743616328,0.2570862123558819
7.800000000000001,1.2840156464525665,True,1.4297620092009926,0.1875659739076879,0.010870071099883992,0.25730463261211284
8.0,1.2840156464525665,True,1.429863129691483,0.18768570215060568,0.01085218451433966,0.2575126809610689
8.200000000000001,1.2840156464525665,True,1.4299595461708212,0.1877998607707178,0.010835123471210606,0.25771108020742844
8.4,1.2840156464525665,True,1.4300515799087496,0.18790883015642668,0.010818832022279125,0.2579004874217237
8.6,1.2840156464525665,True,1.4301395235300522,0.18801295678005472,0.010803259170119142,0.25808150125678464
8.8,1.2840156464525665,True,1.4302236441415566,0.18811255690026496,0.01078835833164423,0.25825466830703864
9.0,1.2840156464525665,True,1.4303041860577816,0.18820791978927073,0.010774086870011645,0.2584204886538095
9.200000000000001,1.2840156464525665,True,1.4303813731841328,0.18829931055457527,0.010760405684920989,0.25857942071575785
9.4,1.2840156464525665,True,1.4304554111068675,0.18838697261352388,0.010747278852972745,0.25873188550408377
9.600000000000001,1.2840156464525665,True,1.4305264889311156,0.18847112986954934,0.010734673311085964,0.25887827036608074
9.8,1.2840156464525665,True,1.4305947809017345,0.18855198863128944,0.010722558577071955,0.2590189322874939
10.0,1.2840156464525665,True,1.4306604478363745,0.1886297393093576,0.010710906502369435,0.25915420081321466
10.200000000000001,1.2840156464525665,True,1.4307236383956847,0.18870455792028903,0.010699691052699484,0.2592843806368657
10.4,1.2840156464525665,True,1.430784490211873,0.18877660742277094,0.01068888811302716,0.25940975390228904
10.600000000000001,1.2840156464525665,True,1.4308431308937208,0.18884603890759755,0.01067847531374146,0.25953058225368286
10.8,1.2840156464525665,True,1.4308996789235675,0.18891299265971204,0.010668431875406451,0.25964710866586577
11.0,1.2840156464525665,True,1.4309542444595835,0.1889775991081121,0.010658738469807041,0.2597595590817276
11.200000000000001,1.2840156464525665,True,1.4310069300548067,0.189039979677199,0.010649377095327048,0.25986814388016455
11.4,1.2840156464525665,True,1.43105783130285,0.1891002475513062,0.010640330964962717,0.2599730591946416
11.600000000000001,1.2840156464525665,True,1.4311070374188741,0.18915850836258002,0.010631584405500598,0.2600744880998446
11.8,1.2840156464525665,True,1.4311546317632688,0.189214860811026,0.010623122766581766,0.2601726016815603
12.0,1.2840156464525665,True,1.4312006923145375,0.18926939722441233,0.010614932338538633,0.2602675600029955
12.200000000000001,1.2840156464525665,True,1.431245292097044,0.1893222040647284,0.01060700027803209,0.2603595129790463
12.4,1.2840156464525665,True,1.4312884995685757,0.18937336238706562,0.010599314540637684,0.26044860116860163
12.600000000000001,1.2840156464525665,True,1.431330378972055,0.18942294825604922,0.010591863819634707,0.2605349564937002
12.8,1.2840156464525665,True,1.4313709906552237,0.18947103312434957,0.010584637490341517,0.26061870289332745
13.0,1.2840156464525665,True,1.4314103913616387,0.1895176841772262,0.010577625559419667,0.26069995691865516
13.200000000000001,1.2840156464525665,True,1.4314486344959576,0.18956296464662936,0.010570818618636152,0.2607788282757869
13.4,1.2840156464525665,True,1.4314857703661112,0.18960693409793578,0.010564207802633228,0.2608554203213069
13.600000000000001,1.2840156464525665,True,1.4315218464046904,0.18964964869207548,0.01055778475030569,0.2609298305153751
13.8,1.2840156464525665,True,1.4315569073715984,0.18969116142547426,0.010551541569431186,0.26100215083654743
14.0,1.2840156464525665,True,1.4315909955397892,0.1897315223499713,0.010545470804238111,0.26107246816203705
14.200000000000001,1.2840156464525665,True,1.4316241508657228,0.1897707787746399,0.010539565405630152,0.26114086461674063
14.4,1.2840156464525665,True,1.4316564111459844,0.18980897545122855,0.01053381870381677,0.2612074178939854
14.600000000000001,1.2840156464525665,True,1.431687812161354,0.18984615474474062,0.010528224383126106,0.2612722015506175
14.8,1.2840156464525665,True,1.4317183878094968,0.18988235679054194,0.010522776458799286,0.26133528527882305
15.0,1.2840156464525665,True,1.431748170227299,0.1899176196392089,0.010517469255587037,0.2613967351567744
15.200000000000001,1.2840156464525665,True,1.431777189903787,0.1899519793902258,0.010512297387986999,0.26145661388001257
15.4,1.2840156464525665,True,1.431805475784461,0.18998547031551746,0.010507255741976964,0.2615149809752671
15.600000000000001,1.2840156464525665,True,1.4318330553677956,0.1900181249737082,0.010502339458113486,0.2615718929982508
15.8,1.2840156464525665,True,1.4318599547945934,0.19004997431591747,0.010497543915878007,0.26162740371682525
16.0,1.2840156464525665,True,1.4318861989307858,0.19008104778379703,0.010492864719164779,0.26168156428075745
16.2,1.2840156464525665,True,1.4319118114442526,0.19011137340048678,0.010488297682814045,0.2617344233792317
16.400000000000002,1.2840156464525665,True,1.4319368148761464,0.190140977855064,0.010483838820104003,0.26178602738711226
16.6,1.2840156464525665,True,1.4319612307071805,0.1901698865810295,0.010479484331122639,0.26183642050089334
16.8,1.2840156464525665,True,1.4319850794192897,0.19019812382931447,0.01047523059194813,0.2618856448651727
17.0,1.2840156464525665,True,1.4320083805530355,0.1902257127362494,0.010471074144572885,0.2619337406904106
17.2,1.2840156464525665,True,1.4320311527610987,0.1902526753869006,0.010467011687512172,0.2619807463626742
17.400000000000002,1.2840156464525665,True,1.432053413858158,0.1902790328741261,0.010463040067043973,0.262026698545977
17.6,1.2840156464525665,True,1.4320751808674494,0.19030480535370378,0.010459156269030599,0.2620716322778195
17.8,1.2840156464525665,True,1.432096470064249,0.1903300120958145,0.01045535741127796,0.26211558105842375
18.0,1.2840156464525665,True,1.4321172970165192,0.1903546715331706,0.010451640736391384,0.2621585769341603
18.2,1.2840156464525665,True,1.4321376766229397,0.1903788013060409,0.010448003605090721,0.26220065057560293
18.400000000000002,1.2840156464525665,True,1.4321576231484952,0.19040241830439109,0.010444443489951024,0.2622418313505912
18.6,1.2840156464525665,True,1.4321771502578335,0.19042553870737758,0.01044095796953678,0.26228214739270805
18.8,1.2840156464525665,True,1.43219627104652,0.19044817802035485,0.010437544722902054,0.262321625665454
19.0,1.2840156464525665,True,1.4322149980703736,0.19047035110960905,0.010434201524429252,0.26236029202248284
19.200000000000003,1.2840156464525665,True,1.4322333433729961,0.19049207223495312,0.01043092623898318,0.262398171264134
19.400000000000002,1.2840156464525665,True,1.4322513185116392,0.19051335508035364,0.010427716817357598,0.262435287190555
19.6,1.2840156464525665,True,1.4322689345815147,0.19053421278271535,0.010424571291994242,0.2624716626516331
19.8,1.2840156464525665,True,1.432286202238663,0.19055465795895637,0.010421487772955285,0.2625073195939658
20.0,1.2840156464525665,True,1.4323031317214776,0.19057470273149524,0.010418464444131846,0.2625422791050784
0.0,1.4149520483683644,False,1.3024520483683644,-0.13293210544144107,0.03714249126966958,-0.21028018429579393
0.2,1.4149520483683644,True,1.4899520483683644,0.11362140362762725,0.023877315816216153,0.14541312725725578
0.4,1.4149520483683644,True,1.5155786187300369,0.1473191148173645,0.020003484626244024,0.203270215921189
0.6000000000000001,1.4149520483683644,True,1.5274520483683642,0.16293210544144088,0.018040638616696646,0.23083033958480254
0.8,1.4149520483683644,True,1.5345118849374932,0.17221545199916272,0.01682311284727372,0.24744354501532384
1.0,1.4149520483683644,True,1.53925059505429,0.17844662857386884,0.01598478810834011,0.2586892911094194
1.2000000000000002,1.4149520483683644,True,1.5426729235792986,0.1829468264780181,0.01536880583631003,0.2668583098260888
1.4000000000000001,1.4149520483683644,True,1.545269954231792,0.1863617972541897,0.014895469843455132,0.2730838160700811
1.6,1.4149520483683644,True,1.5473127298641134,0.18904794925626786,0.014519576348182689,0.27799672209074555
1.8,1.4149520483683644,True,1.54896404494798,0.19121934940829977,0.014213414263012609,0.28197848266878855
2.0,1.4149520483683644,True,1.5503279905853677,0.19301287251804597,0.013958980124174892,0.28527427868383703
2.2,1.4149520483683644,True,1.551474418983393,0.19452037088833687,0.013744036329382708,0.2880493430750339
2.4000000000000004,1.4149520483683644,True,1.5524520483683644,0.19580590665065004,0.013559957130196826,0.29041932373222956
2.6,1.4149520483683644,True,1.5532959453387027,0.19691559070040823,0.013400478583899944,0.29246771002501976
2.8000000000000003,1.4149520483683644,True,1.5540320225983362,0.19788349700072064,0.013260936848169067,0.2942563542346926
3.0,1.4149520483683644,True,1.5546798599069718,0.19873537199672056,0.013137784900572642,0.2958320953938488
3.2,1.4149520483683644,True,1.5552545376605513,0.19949104568594164,0.01302827527964615,0.2972310787460629
3.4000000000000004,1.4149520483683644,True,1.555767865545738,0.2001660472400526,0.012930245651000174,0.29848165841838387
3.6,1.4149520483683644,True,1.5562292277874015,0.20077271646476785,0.012841970165328757,0.29960639933941585
3.8000000000000003,1.4149520483683644,True,1.5566461781419834,0.20132098618759317,0.012762054119824003,0.3006234896088679
4.0,1.4149520483683644,True,1.5570248672915823,0.20181894426055313,0.012689357836711095,0.30154775706750386
4.2,1.4149520483683644,True,1.5573703554159604,0.2022732445773909,0.0126229406918299,0.30239141410680087
4.4,1.4149520483683644,True,1.5576868444943566,0.20268941253931427,0.012562019314293104,0.3031646121164862
4.6000000000000005,1.4149520483683644,True,1.557977853466629,0.2030720753834977,0.012505935928659681,0.30387586017633555
4.800000000000001,1.4149520483683644,True,1.5582463520494187,0.20342513814492091,0.012454134072117611,0.30453234535735446
5.0,1.4149520483683644,True,1.558494864190891,0.203751919694394,0.01240613975188974,0.30514018066085813
5.2,1.4149520483683644,True,1.5587255489275171,0.20405525906134814,0.01236154666854497,0.30570459902340164
5.4,1.4149520483683644,True,1.5589402642127965,0.2043375993655421,0.012320004514728934,0.30623010662879785
5.6000000000000005,1.4149520483683644,True,1.5591406177690181,0.20460105468469378,0.012281209625894962,0.30672060517139116
5.800000000000001,1.4149520483683644,True,1.5593280079457652,0.2048474637814515,0.012244897448162172,0.3071794901829109
6.0,1.4149520483683644,True,1.5595036568082934,0.20507843361302636,0.012210836423335212,0.30760973072869624
6.2,1.4149520483683644,True,1.5596686371301018,0.205295374825129,0.012178822988851536,0.30801393447377085
6.4,1.4149520483683644,True,1.5598238945632898,0.2054995309049239,0.012148677462039658,0.3083944011650079
6.6000000000000005,1.4149520483683644,True,1.5599702659644947,0.2056920022787608,0.01212024063111618,0.3087531668704518
6.800000000000001,1.4149520483683644,True,1.5601084946336365,0.20587376635039203,0.012093370915030653,0.3090920407904365
7.0,1.4149520483683644,True,1.5602392430566425,0.2060456942570447,0.012067941984228763,0.30941263605846303
7.2,1.4149520483683644,True,1.5603631036172012,0.2062085649548635,0.012043840757225368,0.3097163956481947
7.4,1.4149520483683644,True,1.5604806076459918,0.20636307711821297,0.012020965705403971,0.3100046142717217
7.6000000000000005,1.4149520483683644,True,1.5605922331012834,0.20650985923929877,0.011999225412020077,0.31027845697566886
7.800000000000001,1.4149520483683644,True,1.5606984111167905,0.20664947823828148,0.011978537341958159,0.31053897500264155
8.0,1.4149520483683644,True,1.560799531607281,0.20678244683438404,0.01195882678708744,0.3107871193766267
8.200000000000001,1.4149520483683644,True,1.5608959480866191,0.2069092298813861,0.011940025958616656,0.31102375258496173
8.4,1.4149520483683644,True,1.5609879818245476,0.2070302498335942,0.01192207320305626,0.3112496586613178
8.6,1.4149520483683644,True,1.5610759254458502,0.20714589147856707,0.011904912322561086,0.31146555191964864
8.8,1.4149520483683644,True,1.5611600460573545,0.2072565060489746,0.011888491983774147,0.31167208454532946
9.0,1.4149520483683644,True,1.5612405879735796,0.20736241480669432,0.011872765201996972,0.31186985321442773
9.200000000000001,1.4149520483683644,True,1.5613177750999307,0.2074639121765975,0.011857688889709336,0.3120594048833833
9.4,1.4149520483683644,True,1.5613918130226654,0.20756126849475431,0.011843223460253651,0.3122412418680551
9.600000000000001,1.4149520483683644,True,1.5614628908469135,0.2076547324253428,0.011829332478969449,0.31241582631194864
9.8,1.4149520483683644,True,1.5615311828175324,0.2077445330919955,0.011815982355272812,0.31258358412774695
10.0,1.4149520483683644,True,1.5615968497521724,0.20783088196221025,0.011803142070176891,0.3127449084832262
10.200000000000001,1.4149520483683644,True,1.5616600403114826,0.20791397451761282,0.011790782934579355,0.31290016289191647
10.4,1.4149520483683644,True,1.5617208921276708,0.20799399173795646,0.0117788783743351,0.31304968395986166
10.600000000000001,1.4149520483683644,True,1.5617795328095188,0.2080711014226701,0.011767403738711109,0.3131937838323486
10.8,1.4149520483683644,True,1.5618360808393654,0.20814545937034815,0.011756336129306159,0.31333275237818775
11.0,1.4149520483683644,True,1.5618906463753814,0.20821721043370273,0.011745654246926886,0.3134668591438479
11.200000000000001,1.4149520483683644,True,1.5619433319706046,0.20828648946506095,0.011735338254257634,0.3135963551052599
11.4,1.4149520483683644,True,1.5619942332186478,0.20835342216543998,0.011725369652454238,0.3137214742413334
11.600000000000001,1.4149520483683644,True,1.562043439334672,0.20841812584849825,0.011715731170040652,0.31384243495003405
11.8,1.4149520483683644,True,1.5620910336790668,0.20848071012915081,0.01170640666270008,0.313959441325091
12.0,1.4149520483683644,True,1.5621370942303354,0.2085412775453905,0.011697381022733261,0.31407268430910495
12.200000000000001,1.4149520483683644,True,1.5621816940128421,0.20859992412075423,0.011688640097112516,0.3141823427367977
12.4,1.4149520483683644,True,1.5622249014843737,0.20865673987394967,0.011680170613193468,0.3142885842804381
12.600000000000001,1.4149520483683644,True,1.562266780887853,0.20871180928133926,0.011671960111262194,0.3143915663079752
12.8,1.4149520483683644,True,1.5623073925710216,0.20876521169730944,0.011663996883194193,0.31449143666316665
13.0,1.4149520483683644,True,1.5623467932774366,0.20881702173691696,0.01165626991658884,0.3145883343758281
13.200000000000001,1.4149520483683644,True,1.5623850364117557,0.20886730962472586,0.011648768843816585,0.3146823903094362
13.4,1.4149520483683644,True,1.5624221722819092,0.2089161415132522,0.011641483895482373,0.31477372775240786
13.600000000000001,1.4149520483683644,True,1.5624582483204883,0.20896357977407884,0.011634405857864422,0.31486246295872145
13.8,1.4149520483683644,True,1.5624933092873963,0.20900968326433222,0.01162752603393773,0.31494870564285926
14.0,1.4149520483683644,True,1.562527397455587,0.20905450757092006,0.01162083620763473,0.3150325594335143
14.200000000000001,1.4149520483683644,True,1.562560552781521,0.2090981052346708,0.011614328611033512,0.31511412229002234
14.4,1.4149520483683644,True,1.5625928130617823,0.20914052595628166,0.011607995894197335,0.31519348688504956
14.600000000000001,1.4149520483683644,True,1.562624214077152,0.20918181678576275,0.011601831097419074,0.31527074095666424
14.8,1.4149520483683644,True,1.5626547897252947,0.2092220222969181,0.011595827625649174,0.31534596763264233
15.0,1.4149520483683644,True,1.5626845721430969,0.20926118474821243,0.011589979224909645,0.31541924572950825
15.200000000000001,1.4149520483683644,True,1.562713591819585,0.20929934423125343,0.011584279960516114,0.31549065002858967
15.4,1.4149520483683644,True,1.5627418777002589,0.20933653880798556,0.011578724196948316,0.3155602515311161
15.600000000000001,1.4149520483683644,True,1.5627694572835935,0.20937280463758448,0.01157330657922519,0.3156281176941966
15.8,1.4149520483683644,True,1.5627963567103913,0.20940817609395224,0.011568022015654744,0.31569431264934184
16.0,1.4149520483683644,True,1.5628226008465838,0.20944268587459625,0.011562865661842085,0.31575889740498847
16.2,1.4149520483683644,True,1.5628482133600508,0.20947636510164339,0.011557832905849354,0.3158219300344117
16.400000000000002,1.4149520483683644,True,1.5628732167919444,0.20950924341562832,0.011552919354412189,0.3158834658502173
16.6,1.4149520483683644,True,1.5628976326229784,0.2095413490626592,0.011548120820125789,0.3159435575665294
16.8,1.4149520483683644,True,1.5629214813350876,0.20957270897549807,0.011543433309521985,0.31600225544987065
17.0,1.4149520483683644,True,1.5629447824688332,0.20960334884904622,0.01153885301196581,0.3160596074596457
17.2,1.4149520483683644,True,1.5629675546768964,0.20963329321068488,0.011534376289306437,0.31611565937906255
17.400000000000002,1.4149520483683644,True,1.562989815773956,0.209662565485862,0.01152999966622373,0.3161704549372187
17.6,1.4149520483683644,True,1.5630115827832474,0.2096911880593168,0.011525719821215879,0.31622403592307646
17.8,1.4149520483683644,True,1.5630328719800466,0.2097191823322561,0.011521533578179505,0.31627644229191376
18.0,1.4149520483683644,True,1.5630536989323172,0.20974656877580536,0.011517437898536964,0.31632771226484724
18.2,1.4149520483683644,True,1.5630740785387376,0.20977336698101282,0.011513429873869763,0.31637788242194526
18.400000000000002,1.4149520483683644,True,1.563094025064293,0.20979959570565,0.01150950671902094,0.3164269877893849
18.6,1.4149520483683644,True,1.5631135521736315,0.20982527291807304,0.011505665765631166,0.31647506192113967
18.8,1.4149520483683644,True,1.5631326729623178,0.2098504158383227,0.011501904456078018,0.3165221369755333
19.0,1.4149520483683644,True,1.5631513999861715,0.2098750409766989,0.011498220337788448,0.31656824378709353
19.200000000000003,1.4149520483683644,True,1.563169745288794,0.20989916416996043,0.011494611057898662,0.3166134119339891
19.400000000000002,1.4149520483683644,True,1.5631877204274371,0.2099228006153388,0.011491074358236363,0.3166576698013985
19.6,1.4149520483683644,True,1.5632053364973126,0.20994596490250592,0.011487608070603209,0.3167010446410715
19.8,1.4149520483683644,True,1.563222604154461,0.20996867104364345,0.011484210112336572,0.3167435626273591
20.0,1.4149520483683644,True,1.5632395336372755,0.20999093250174836,0.011480878482131415,0.3167852489099583
0.0,1.5592405783474153,False,1.4467405783474152,-0.1491645650640843,0.04093006518161966,-0.2567324943113736
0.2,1.5592405783474153,True,1.6342405783474152,0.12444304337605606,0.02631218475961264,0.1770576864185857
0.4,1.5592405783474153,True,1.6598671487090877,0.16183837473168375,0.02204332293349095,0.2465868786841018
0.6000000000000001,1.5592405783474153,True,1.671740578347415,0.1791645650640841,0.019880317373929545,0.2796363562456655
0.8,1.5592405783474153,True,1.678800414916544,0.18946656506225787,0.018538635451169676,0.2995379125881612
1.0,1.5592405783474153,True,1.683539125033341,0.19638148315371348,0.017614823261007388,0.3130010870603452
1.2000000000000002,1.5592405783474153,True,1.6869614535583495,0.20137548380984158,0.01693602672143597,0.32277665215743023
1.4000000000000001,1.5592405783474153,True,1.6895584842108429,0.20516517632117198,0.016414422693862892,0.33022414162418673
1.6,1.5592405783474153,True,1.6916012598431642,0.20814607741631483,0.0160001977795688,0.3360999690092822
1.8,1.5592405783474153,True,1.6932525749270309,0.21055574339433009,0.015662815076530112,0.3408612395915945
2.0,1.5592405783474153,True,1.6946165205644186,0.21254606821506633,0.015382435233092925,0.3448016433451704
2.2,1.5592405783474153,True,1.695762948962444,0.21421898305363454,0.01514557272790031,0.3481190416988668
2.4000000000000004,1.5592405783474153,True,1.6967405783474152,0.21564557952276953,0.014942722209162733,0.3509518831083648
2.6,1.5592405783474153,True,1.6975844753177536,0.2168770282258316,0.01476698097393946,0.3534000951952825
2.8000000000000003,1.5592405783474153,True,1.698320552577387,0.21795114203188753,0.014613209588558934,0.35553769438190885
3.0,1.5592405783474153,True,1.6989683898860226,0.21889649252081608,0.01447749932599824,0.35742072212379045
3.2,1.5592405783474153,True,1.6995430676396022,0.2197350856183128,0.014356822554750107,0.35909241892504784
3.4000000000000004,1.5592405783474153,True,1.700056395524789,0.2204841544983746,0.014248796438217469,0.36058670052861996
3.6,1.5592405783474153,True,1.7005177577664523,0.22115739300272735,0.01415151913508135,0.3619305549273907
3.8000000000000003,1.5592405783474153,True,1.7009347081210342,0.2217658238792895,0.014063453718902927,0.36314573319243704
4.0,1.5592405783474153,True,1.7013133972706331,0.22231842245296413,0.013983344294236992,0.36424996628506323
4.2,1.5592405783474153,True,1.7016588853950112,0.22282257274339362,0.013910154317575835,0.3652578564577962
4.4,1.5592405783474153,True,1.7019753744734074,0.2232844064491932,0.013843020534453127,0.36618154074598497
4.6000000000000005,1.5592405783474153,True,1.70226638344568,0.22370905855019657,0.013781218093337487,0.3670311919489435
4.800000000000001,1.5592405783474153,True,1.7025348820284696,0.22410086257743195,0.013724133786595594,0.3678154018441508
5.0,1.5592405783474153,True,1.7027833941699417,0.22446350157847997,0.01367124528644056,0.36854147779863367
5.2,1.5592405783474153,True,1.703014078906568,0.22480012610697056,0.013622104861402855,0.3692156748387399
5.4,1.5592405783474153,True,1.7032287941918474,0.22511344736404149,0.013576326481834015,0.3698433790283923
5.6000000000000005,1.5592405783474153,True,1.703429147748069,0.2254058114032965,0.013533575517253866,0.37042925369892543
5.800000000000001,1.5592405783474153,True,1.703616537924816,0.22567925875318953,0.013493560436124846,0.37097735704242263
6.0,1.5592405783474153,True,1.7037921867873442,0.22593557270093106,0.013456026067301861,0.3714912374178685
6.2,1.5592405783474153,True,1.7039571671091527,0.22617631868114293,0.013420748090103431,0.37197401115699386
6.4,1.5592405783474153,True,1.7041124245423407,0.22640287662774083,0.013387528498870684,0.3724284265145892
6.6000000000000005,1.5592405783474153,True,1.7042587959435456,0.22661646771588856,0.013356191846334207,0.3728569165641254
6.800000000000001,1.5592405783474153,True,1.7043970246126874,0.22681817659899123,0.01332658211383653,0.3732616432095592
7.0,1.5592405783474153,True,1.7045277730356934,0.2270089700033965,0.013298560089474632,0.37364453400954134
7.2,1.5592405783474153,True,1.704651633596252,0.22718971235942073,0.01327200116037524,0.3740073131493739
7.4,1.5592405783474153,True,1.7047691376250427,0.22736117900635097,0.013246793444627663,0.37435152761944224
7.6000000000000005,1.5592405783474153,True,1.7048807630803342,0.22752406740028902,0.013222836203342747,0.3746785694452034
7.800000000000001,1.5592405783474153,True,1.7049869410958414,0.22767900666904536,0.01320003848495686,0.3749896946474384
8.0,1.5592405783474153,True,1.7050880615863317,0.22782656579207158,0.013178317963041215,0.375286039481233
8.200000000000001,1.5592405783474153,True,1.70518447806567,0.2279672606311431,0.013157599936100306,0.37556863439927596
8.4,1.5592405783474153,True,1.7052765118035984,0.22810155999610535,0.013137816463582488,0.3758384161035353
8.6,1.5592405783474153,True,1.705364455424901,0.228229890896917,0.01311890561691521,0.37609623798419023
8.8,1.5592405783474153,True,1.7054485760364053,0.22835264310669945,0.013100810828066122,0.3763428791924039
9.0,1.5592405783474153,True,1.7055291179526304,0.22847017313911297,0.01308348032111215,0.3765790525513239
9.200000000000001,1.5592405783474153,True,1.7056063050789816,0.22858280772601067,0.01306686661471989,0.37680541147542046
9.4,1.5592405783474153,True,1.7056803430017162,0.22869084686720156,0.013050926085416064,0.37702255604038526
9.600000000000001,1.5592405783474153,True,1.7057514208259643,0.2287945665125649,0.013035618583146735,0.3772310383229215
9.8,1.5592405783474153,True,1.7058197127965833,0.22889422092726763,0.013020907091956796,0.37743136711099257
10.0,1.5592405783474153,True,1.7058853797312232,0.22899004478294976,0.01300675742972464,0.37762401206950746
10.200000000000001,1.5592405783474153,True,1.7059485702905335,0.22908225501126378,0.012993137981801158,0.37780940743359565
10.4,1.5592405783474153,True,1.7060094221067217,0.22917105245071176,0.012980019464165438,0.37798795529086254
10.600000000000001,1.5592405783474153,True,1.7060680627885696,0.22925662331320623,0.012967374712346949,0.37816002850506364
10.8,1.5592405783474153,True,1.7061246108184163,0.22933914049298404,0.012955178492899514,0.378325973326123
11.0,1.5592405783474153,True,1.7061791763544323,0.22941876473731793,0.012943407334662668,0.3784861117251057
11.200000000000001,1.5592405783474153,True,1.7062318619496555,0.22949564569576195,0.012932039377427379,0.37864074348739096
11.4,1.5592405783474153,True,1.7062827631976987,0.22956992286239522,0.012921054235945613,0.3787901480927846
11.600000000000001,1.5592405783474153,True,1.7063319693137229,0.22964172642360065,0.012910432877497262,0.3789345864074884
11.8,1.5592405783474153,True,1.7063795636581176,0.22971117802224122,0.01290015751146257,0.3790743022095216
12.0,1.5592405783474153,True,1.7064256242093863,0.2297783914477135,0.01289021148954752,0.3792095235664457
12.200000000000001,1.5592405783474153,True,1.706470223991893,0.2298434732601325,0.012880579215481485,0.3793404640818115
12.4,1.5592405783474153,True,1.7065134314634245,0.22990652335587933,0.012871246063153482,0.3794673240247141
12.600000000000001,1.5592405783474153,True,1.7065553108669038,0.22996763548083332,0.012862198302280877,0.37959029135503947
12.8,1.5592405783474153,True,1.7065959225500724,0.23002689769686788,0.01285342303081314,0.3797095426555042
13.0,1.5592405783474153,True,1.7066353232564875,0.23008439280648418,0.012844908113369476,0.3798252439801973
13.200000000000001,1.5592405783474153,True,1.7066735663908066,0.23014019873992575,0.012836642125090137,0.379937551628268
13.4,1.5592405783474153,True,1.70671070226096,0.23019438890856603,0.012828614300354335,0.38004661285031693
13.600000000000001,1.5592405783474153,True,1.7067467782995391,0.23024703252796672,0.012820814485878853,0.38015256649425755
13.8,1.5592405783474153,True,1.706781839266447,0.2302981949135949,0.012813233097766968,0.3802555435966013
14.0,1.5592405783474153,True,1.706815927434638,0.23034793775186072,0.012805861082124627,0.3803556679244738
14.200000000000001,1.5592405783474153,True,1.7068490827605718,0.23039631934885138,0.012798689878902699,0.3804530564730961
14.4,1.5592405783474153,True,1.7068813430408332,0.23044339485887788,0.012791711388660901,0.38054781992294956
14.600000000000001,1.5592405783474153,True,1.7069127440562029,0.2304892164947065,0.012784917941981902,0.3806400630603618
14.8,1.5592405783474153,True,1.7069433197043455,0.23053383372118552,0.012778302271291586,0.38072988516491846
15.0,1.5592405783474153,True,1.7069731021221477,0.23057729343376374,0.012771857484867888,0.38081738036669255
15.200000000000001,1.5592405783474153,True,1.7070021217986358,0.23061964012326566,0.012765577042842046,0.38090263797601026
15.4,1.5592405783474153,True,1.7070304076793097,0.2306609160281394,0.012759454735016414,0.38098574278818137
15.600000000000001,1.5592405783474153,True,1.7070579872626443,0.23070116127527512,0.012753484660340306,0.3810667753653855
15.8,1.5592405783474153,True,1.7070848866894421,0.23074041401039283,0.012747661207900772,0.38114581229770567
16.0,1.5592405783474153,True,1.7071111308256346,0.2307787105188686,0.012741979039299875,0.38122292644504774
16.2,1.5592405783474153,True,1.7071367433391016,0.23081608533783293,0.012736433072301323,0.38129818716160696
16.400000000000002,1.5592405783474153,True,1.7071617467709952,0.23085257136025028,0.012731018465641357,0.3813716605042993
16.6,1.5592405783474153,True,1.7071861626020293,0.23088819993164927,0.012725730604908144,0.3814434094264943
16.8,1.5592405783474153,True,1.7072100113141384,0.23092300094010026,0.012720565089402999,0.38151349395824036
17.0,1.5592405783474153,True,1.707233312447884,0.23095700289998342,0.012715517719904696,0.3815819713740695
17.2,1.5592405783474153,True,1.7072560846559472,0.2309902330300479,0.01271058448726508,0.3816488963493794
17.400000000000002,1.5592405783474153,True,1.7072783457530067,0.23102271732619548,0.012705761561771204,0.3817143211062603
17.6,1.5592405783474153,True,1.7073001127622982,0.23105448062942296,0.012701045283213938,0.38177829554963416
17.8,1.5592405783474153,True,1.7073214019590974,0.23108554668927286,0.012696432151609467,0.3818408673944043
18.0,1.5592405783474153,True,1.707342228911368,0.2311159382231492,0.01269191881852378,0.3819020822843298
18.2,1.5592405783474153,True,1.7073626085177884,0.23114567697180857,0.012687502078954884,0.3819619839032423
18.400000000000002,1.5592405783474153,True,1.707382555043344,0.23117478375129635,0.012683178863731812,0.38202061407914906
18.6,1.5592405783474153,True,1.7074020821526823,0.23120327850162053,0.01267894623239156,0.3820780128818018
18.8,1.5592405783474153,True,1.7074212029413687,0.23123118033236184,0.012674801366500342,0.38213421871413344
19.0,1.5592405783474153,True,1.7074399299652223,0.23125850756548075,0.012670741563386056,0.38218926839808026
19.200000000000003,1.5592405783474153,True,1.7074582752678449,0.2312852777754897,0.012666764230253631,0.38224319725512845
19.400000000000002,1.5592405783474153,True,1.707476250406488,0.23131150782719906,0.012662866878655572,0.3822960391820013
19.6,1.5592405783474153,True,1.7074938664763635,0.23133721391119252,0.012659047119293361,0.3823478267217983
19.8,1.5592405783474153,True,1.7075111341335119,0.23136241157719614,0.012655302657126617,0.38239859113091595
20.0,1.5592405783474153,True,1.7075280636163264,0.2313871157654897,0.01265163128676893,0.38244836244204444
0.0,1.7182428082765973,False,1.6057428082765972,-0.16705231593111727,0.04510387371726069,-0.3133469286296023
0.2,1.7182428082765973,True,1.7932428082765972,0.1363682106207447,0.028995347389667584,0.21554596558353112
0.4,1.7182428082765973,True,1.8188693786382697,0.1778382238093154,0.024291172014733367,0.2991733276234497
0.6000000000000001,1.7182428082765973,True,1.830742808276597,0.19705231593111705,0.021907595805526616,0.3388445144396139
0.8,1.7182428082765973,True,1.837802644845726,0.2084768456867179,0.02042909701144045,0.362710201380704
1.0,1.7182428082765973,True,1.842541354962523,0.2161452292537322,0.019411079860022447,0.3788454437178344
1.2000000000000002,1.7182428082765973,True,1.8459636834875315,0.2216833877768869,0.018663063621477786,0.39055641944713915
1.4000000000000001,1.7182428082765973,True,1.8485607141400249,0.22588601395315816,0.018088269467457344,0.3994757418000363
1.6,1.7182428082765973,True,1.8506034897723462,0.22919172092908516,0.017631804320334787,0.4065111942579599
1.8,1.7182428082765973,True,1.8522548048562129,0.2318639496877509,0.017260017303511795,0.412211097578564
2.0,1.7182428082765973,True,1.8536187504936006,0.23407114490633396,0.016951045964347274,0.416927617183538
2.2,1.7182428082765973,True,1.854765178891626,0.23592634441664231,0.016690029606929908,0.42089793880025106
2.4000000000000004,1.7182428082765973,True,1.8557428082765972,0.23750838613803205,0.01646649357931739,0.4242879859017166
2.6,1.7182428082765973,True,1.8565867052469356,0.2388740163412084,0.01627283128131584,0.4272174916867109
2.8000000000000003,1.7182428082765973,True,1.857322782506569,0.2400651680729462,0.016103379189882423,0.4297751267582692
3.0,1.7182428082765973,True,1.8579706198152046,0.24111352613857914,0.015953829988885244,0.4320280176166402
3.2,1.7182428082765973,True,1.8585452975687842,0.24204349428038568,0.01582084730667278,0.43402795079525497
3.4000000000000004,1.7182428082765973,True,1.859058625453971,0.24287418343887704,0.01570180531891552,0.43581554030321884
3.6,1.7182428082765973,True,1.8595199876956343,0.2436207795684594,0.015594608245645835,0.4374231007798966
3.8000000000000003,1.7182428082765973,True,1.8599369380502162,0.24429550648116985,0.015497562433660341,0.43887667387035345
4.0,1.7182428082765973,True,1.8603156271998151,0.24490831747408068,0.015409283918645478,0.44019748630960037
4.2,1.7182428082765973,True,1.8606611153241932,0.24546740114670032,0.015328630456452202,0.44140301793689835
4.4,1.7182428082765973,True,1.8609776044025894,0.24597955732171312,0.015254650762975235,0.4425077965535959
4.6000000000000005,1.7182428082765973,True,1.861268613374862,0.24645048049823723,0.015186546070565653,0.4435239980319568
4.800000000000001,1.7182428082765973,True,1.8615371119576516,0.246884976398869,0.01512364064026402,0.4444619053110196
5.0,1.7182428082765973,True,1.8617856240991237,0.24728712938457553,0.015065358880352256,0.44533026363259043
5.2,1.7182428082765973,True,1.86201630883575,0.24766043330060034,0.015011207402325576,0.4461365584567207
5.4,1.7182428082765973,True,1.8622310241210294,0.24800789476683055,0.014960760811490897,0.44688723505024447
5.6000000000000005,1.7182428082765973,True,1.862431377677251,0.24833211546829906,0.01491365035370985,0.44758787357942054
5.800000000000001,1.7182428082765973,True,1.862618767853998,0.24863535827416172,0.014869554768764639,0.4482433299047919
6.0,1.7182428082765973,True,1.8627944167165262,0.24891960078272973,0.014828192864649977,0.44885784968472564
6.2,1.7182428082765973,True,1.8629593970383347,0.2491865790020036,0.014789317445773954,0.44943516152184404
6.4,1.7182428082765973,True,1.8631146544715227,0.24943782322669147,0.014752710315019279,0.4499785535181067
6.6000000000000005,1.7182428082765973,True,1.8632610258727276,0.24967468769402862,0.01471817813403068,0.45049093659319794
6.800000000000001,1.7182428082765973,True,1.8633992545418694,0.249898375243765,0.01468554897428097,0.45097489716617506
7.0,1.7182428082765973,True,1.8635300029648754,0.25010995793898794,0.01465466942785189,0.45143274123173516
7.2,1.7182428082765973,True,1.863653863525434,0.25031039440034125,0.014625402174578554,0.4518665314301926
7.4,1.7182428082765973,True,1.8637713675542247,0.25050054444987485,0.014597623923487719,0.45227811837893334
7.6000000000000005,1.7182428082765973,True,1.8638829930095162,0.2506811815401211,0.01457122366292781,0.452669167277235
7.800000000000001,1.7182428082765973,True,1.8639891710250234,0.25085300335011257,0.014546101166626961,0.45304118059708676
8.0,1.7182428082765973,True,1.8640902915155138,0.2510166408566183,0.014522165712988932,0.4533955175166697
8.200000000000001,1.7182428082765973,True,1.864186707994852,0.25117266613090644,0.014499334982896829,0.4537334106299677
8.4,1.7182428082765973,True,1.8642787417327804,0.2513215990654281,0.014477534107619133,0.4540559803683475
8.6,1.7182428082765973,True,1.864366685354083,0.25146391319813494,0.014456694843469845,0.45436424749190385
8.8,1.7182428082765973,True,1.8644508059655873,0.25160004077272957,0.014436754853939698,0.4546591439457506
9.0,1.7182428082765973,True,1.8645313478818124,0.2517303771494256,0.014417657083299961,0.4549415223259155
9.200000000000001,1.7182428082765973,True,1.8646085350081636,0.251855284661535,0.014399349208348695,0.4552121641584601
9.4,1.7182428082765973,True,1.8646825729308982,0.25197509599754003,0.014381783157146095,0.45547178716205694
9.600000000000001,1.7182428082765973,True,1.8647536507551463,0.2520901171754573,0.014364914685370671,0.455721051636856
9.8,1.7182428082765973,True,1.8648219427257653,0.25220063016577476,0.014348703002396816,0.4559605661000055
10.0,1.7182428082765973,True,1.8648876096604052,0.2523068952104972,0.014333110440410192,0.4561908922695323
10.200000000000001,1.7182428082765973,True,1.8649508002197155,0.252409152878652,0.014318102160884768,0.4564125494829378
10.4,1.7182428082765973,True,1.8650116520359037,0.2525076258925692,0.014303645893586544,0.45662601862397784
10.600000000000001,1.7182428082765973,True,1.8650702927177516,0.25260252075424205,0.014289711703971244,0.4568317456203849
10.8,1.7182428082765973,True,1.8651268407475983,0.25269402919686357,0.014276271785433512,0.457030144566294
11.0,1.7182428082765973,True,1.8651814062836143,0.25278232948310125,0.01426330027336128,0.4572216005155775
11.200000000000001,1.7182428082765973,True,1.8652340918788375,0.25286758756867095,0.014250773078369323,0.4574064719858731
11.4,1.7182428082765973,True,1.8652849931268807,0.2529499581472493,0.014238667736441297,0.45758509320769536
11.600000000000001,1.7182428082765973,True,1.865334199242905,0.2530295855906287,0.014226963274011677,0.4577577761484478
11.8,1.7182428082765973,True,1.8653817935872996,0.25310660479616004,0.01421564008627741,0.4579248123371754
12.0,1.7182428082765973,True,1.8654278541385683,0.2531811419519958,0.014204679827248871,0.4580864745126149
12.200000000000001,1.7182428082765973,True,1.865472453921075,0.25325331522928773,0.01419406531023902,0.4582430181141879
12.4,1.7182428082765973,True,1.8655156613926065,0.2533232354093577,0.014183780417651672,0.4583946826331512
12.600000000000001,1.7182428082765973,True,1.8655575407960858,0.253391006452853,0.014173810019070306,0.45854169283895924
12.8,1.7182428082765973,True,1.8655981524792544,0.2534567260170726,0.014164139896768789,0.4586842598941224
13.0,1.7182428082765973,True,1.8656375531856695,0.25352048592686965,0.01415475667787119,0.45882258236917584
13.200000000000001,1.7182428082765973,True,1.8656757963199886,0.2535823726039474,0.014145647772477435,0.45895684716810414
13.4,1.7182428082765973,True,1.865712932190142,0.2536424674587524,0.014136801317151719,0.4590872303732599
13.600000000000001,1.7182428082765973,True,1.8657490082287211,0.2537008472487342,0.014128206123238412,0.4592138980178737
13.8,1.7182428082765973,True,1.8657840691956291,0.25375758440628426,0.014119851629531097,0.45933700679327927
14.0,1.7182428082765973,True,1.86581815736382,0.2538127473393066,0.014111727858872573,0.4594567046972013
14.200000000000001,1.7182428082765973,True,1.8658513126897538,0.2538664007070548,0.014103825378309998,0.4595731316287712
14.4,1.7182428082765973,True,1.8658835729700152,0.253918605673581,0.014096135262469564,0.4596864199353161
14.600000000000001,1.7182428082765973,True,1.8659149739853849,0.2539694201408754,0.01408864905985164,0.4597966949153932
14.8,1.7182428082765973,True,1.8659455496335275,0.25401889896359064,0.014081358761777425,0.4599040752821432
15.0,1.7182428082765973,True,1.8659753320513297,0.25406709414701206,0.01407425677374737,0.46000867359053993
15.200000000000001,1.7182428082765973,True,1.8660043517278178,0.25411405502978746,0.01406733588899517,0.4601105966317904
15.4,1.7182428082765973,True,1.8660326376084917,0.25415982845276386,0.014060589264043554,0.4602099457977891
15.600000000000001,1.7182428082765973,True,1.8660602171918264,0.2542044589151503,0.014054010396087226,0.46030681741824886
15.8,1.7182428082765973,True,1.8660871166186241,0.25424798871911264,0.014047593102045163,0.4604013030728882
16.0,1.7182428082765973,True,1.8661133607548166,0.2542904581037656,0.014041331499140847,0.4604934898807591
16.2,1.7182428082765973,True,1.8661389732682836,0.2543319053694853,0.01403521998688127,0.4605834607686963
16.400000000000002,1.7182428082765973,True,1.8661639767001772,0.2543723669933296,0.014029253230318924,0.46067129472058993
16.6,1.7182428082765973,True,1.8661883925312113,0.2544118777363086,0.014023426144491256,0.4607570670090775
16.8,1.7182428082765973,True,1.8662122412433204,0.25445047074316585,0.014017733879942082,0.4608408494110794
17.0,1.7182428082765973,True,1.866235542377066,0.2544881776352744,0.014012171809238173,0.4609227104084793
17.2,1.7182428082765973,True,1.8662583145851293,0.25452502859720144,0.014006735514401904,0.4610027153751431
17.400000000000002,1.7182428082765973,True,1.8662805756821887,0.2545610524574221,0.014001420775188605,0.46108092675131296
17.6,1.7182428082765973,True,1.8663023426914802,0.2545962767636658,0.013996223558142446,0.4611574042064155
17.8,1.7182428082765973,True,1.8663236318882794,0.2546307278532802,0.013991140006371743,0.46123220479111826
18.0,1.7182428082765973,True,1.86634445884055,0.25466443091901014,0.01398616642998877,0.4613053830794878
18.2,1.7182428082765973,True,1.8663648384469704,0.2546974100705355,0.013981299297164192,0.46137699130199256
18.400000000000002,1.7182428082765973,True,1.866384784972526,0.25472968839206594,0.01397653522575095,0.4614470794699936
18.6,1.7182428082765973,True,1.8664043120818643,0.254761287996319,0.013971870975434822,0.4615156954924246
18.8,1.7182428082765973,True,1.8664234328705507,0.2547922300750994,0.013967303440374643,0.46158288528513547
19.0,1.7182428082765973,True,1.8664421598944043,0.254822534946771,0.013962829642295622,0.46164869287352295
19.200000000000003,1.7182428082765973,True,1.8664605051970269,0.25485222210080566,0.013958446724004623,0.46171316048884997
19.400000000000002,1.7182428082765973,True,1.86647848033567,0.25488131023964256,0.013954151943296833,0.4617763286587556
19.6,1.7182428082765973,True,1.8664960964055455,0.25490981731802886,0.013949942667227051,0.46183823629232457
19.8,1.7182428082765973,True,1.8665133640626939,0.25493776058002465,0.013945816366720114,0.46189892076011135
20.0,1.7182428082765973,True,1.8665302935455084,0.2549651565938373,0.013941770611497208,0.4619584179694744
0.0,1.8934591551762647,False,1.7809591551762647,-0.18676415495732987,0.04970330282337696,-0.38232263445339215
0.2,1.8934591551762647,True,1.9684591551762647,0.14950943663821975,0.03195212324359947,0.26235109609214985
0.4,1.8934591551762647,True,1.9940857255379372,0.19546964386913002,0.026768243591481014,0.3630149830239353
0.6000000000000001,1.8934591551762647,True,2.0059591551762646,0.21676415495732965,0.024141604228497374,0.4106784369222045
0.8,1.8934591551762647,True,2.0130189917453936,0.22942568348628192,0.02251233677916209,0.43932592127289094
1.0,1.8934591551762647,True,2.0177577018621906,0.2379243665289779,0.02139050819580125,0.4586832148287267
1.2000000000000002,1.8934591551762647,True,2.0211800303871987,0.24406217295417507,0.020566213638436862,0.47272737650944846
1.4000000000000001,1.8934591551762647,True,2.0237770610396923,0.2487198413541627,0.01993280534012807,0.4834207042178579
1.6,1.8934591551762647,True,2.0258198366720137,0.25238347601392075,0.019429792548411522,0.4918536596088245
1.8,1.8934591551762647,True,2.02747115175588,0.2553450421691619,0.019020092867209164,0.49868461387465524
2.0,1.8934591551762647,True,2.028835097393268,0.25779122295969775,0.01867961443889267,0.5043362665016754
2.2,1.8934591551762647,True,2.0299815257912934,0.25984729546589014,0.018391981160742435,0.5090932281618462
2.4000000000000004,1.8934591551762647,True,2.030959155176265,0.26160063383673626,0.018145650237105872,0.5131545520535274
2.6,1.8934591551762647,True,2.031803052146603,0.26311412858421507,0.017932239391213082,0.5166638501290888
2.8000000000000003,1.8934591551762647,True,2.0325391294062363,0.2644342530844217,0.017745507567082718,0.5197274589823161
3.0,1.8934591551762647,True,2.0331869667148723,0.2655961228366591,0.017580708213688987,0.5224258671478086
3.2,1.8934591551762647,True,2.0337616444684516,0.26662678391509237,0.017434164735722894,0.5248211617787699
3.4000000000000004,1.8934591551762647,True,2.0342749723536384,0.2675474165103879,0.017302983542655404,0.5269620297823013
3.6,1.8934591551762647,True,2.034736334595302,0.268374850846552,0.017184855139141714,0.5288872051699324
3.8000000000000003,1.8934591551762647,True,2.035153284949884,0.26912263427723077,0.017077913163135568,0.5306279000405368
4.0,1.8934591551762647,True,2.0355319740994826,0.2698017977995449,0.016980632521741288,0.5322095535687558
4.2,1.8934591551762647,True,2.0358774622238607,0.27042141663921526,0.01689175449143561,0.5336531129469912
4.4,1.8934591551762647,True,2.036193951302257,0.27098902687437826,0.016810230781726852,0.5349759866091669
4.6000000000000005,1.8934591551762647,True,2.0364849602745294,0.27151093957993905,0.016735181171315432,0.5361927638332369
4.800000000000001,1.8934591551762647,True,2.0367534588573193,0.27199248082139493,0.016665861013337065,0.5373157650828221
5.0,1.8934591551762647,True,2.037001970998791,0.2724381771966904,0.016601636020598463,0.5383554679043777
5.2,1.8934591551762647,True,2.0372326557354175,0.2728519008495524,0.01654196249172231,0.5393208400984681
5.4,1.8934591551762647,True,2.0374473710206966,0.2732369839436928,0.016486371652754003,0.5402196029489471
5.6000000000000005,1.8934591551762647,True,2.0376477245769187,0.2735963098633708,0.016434457146165996,0.5410584410995731
5.800000000000001,1.8934591551762647,True,2.0378351147536655,0.27393238649144797,0.01638586495150341,0.5418431713090419
6.0,1.8934591551762647,True,2.0380107636161937,0.2742474055520452,0.016340285202445723,0.5425788792064379
6.2,1.8934591551762647,True,2.038175743938002,0.2745432910206167,0.01629744549584107,0.5432700309232917
6.4,1.8934591551762647,True,2.03833100137119,0.27482173888557676,0.016257105384106983,0.5439205648371025
6.6000000000000005,1.8934591551762647,True,2.038477372772395,0.27508425001512365,0.016219051813374075,0.5445339674485199
6.800000000000001,1.8934591551762647,True,2.0386156014415366,0.27533215748730383,0.016183095322850033,0.5451133365093258
7.0,1.8934591551762647,True,2.038746349864543,0.2755666494435688,0.016149066860974802,0.5456614338365031
7.2,1.8934591551762647,True,2.0388702104251015,0.2757887882998682,0.016116815104476635,0.5461807297293595
7.4,1.8934591551762647,True,2.038987714453892,0.2759995269760724,0.016086204189890305,0.5466734405094069
7.6000000000000005,1.8934591551762647,True,2.0390993399091837,0.2761997226708159,0.016057111785245624,0.5471415603959147
7.800000000000001,1.8934591551762647,True,2.0392055179246906,0.2763901486048056,0.016029427443782013,0.5475868886911628
8.0,1.8934591551762647,True,2.0393066384151814,0.27657150407425174,0.016003051192645727,0.5480110530624472
8.200000000000001,1.8934591551762647,True,2.0394030548945192,0.27674442309183045,0.015977892318298038,0.5484155295602023
8.4,1.8934591551762647,True,2.0394950886324477,0.27690948184170344,0.0159538683173323,0.5488016598945779
8.6,1.8934591551762647,True,2.0395830322537507,0.2770672051344681,0.01593090398697076,0.5491706663992597
8.8,1.8934591551762647,True,2.039667152865255,0.27721807201530946,0.015908930633991708,0.5495236650362697
9.0,1.8934591551762647,True,2.03974769478148,0.27736252065233874,0.015887885384457075,0.5498616767349316
9.200000000000001,1.8934591551762647,True,2.039824881907831,0.2775009526107551,0.015867710579550973,0.5501856373089932
9.4,1.8934591551762647,True,2.0398989198305655,0.2776337366011137,0.015848353245238474,0.550496406155897
9.600000000000001,1.8934591551762647,True,2.0399699976548136,0.27776121177574126,0.01582976462542109,0.550794773909336
9.8,1.8934591551762647,True,2.040038289625433,0.2778836906356732,0.01581189976988391,0.5510814691893178
10.0,1.8934591551762647,True,2.0401039565600727,0.27800146160079536,0.01579471716966931,0.5513571645715964
10.200000000000001,1.8934591551762647,True,2.0401671471193827,0.27811479128791106,0.015778178433622243,0.5516224818799378
10.4,1.8934591551762647,True,2.0402279989355714,0.27822392653476297,0.015762248000779078,0.5518779968892378
10.600000000000001,1.8934591551762647,True,2.040286639617419,0.2783290962024889,0.01574689288404589,0.5521242435146836
10.8,1.8934591551762647,True,2.0403431876472657,0.2784305127843245,0.015732082441262417,0.552361717551369
11.0,1.8934591551762647,True,2.040397753183282,0.27852837384444956,0.01571778817029481,0.5525908800197133
11.200000000000001,1.8934591551762647,True,2.040450438778505,0.2786228633075485,0.015703983525263303,0.5528121601643474
11.4,1.8934591551762647,True,2.040501340026548,0.2787141526168616,0.015690643751402618,0.5530259581476673
11.600000000000001,1.8934591551762647,True,2.0405505461425726,0.2788024017761359,0.015677745736385747,0.5532326474737694
11.8,1.8934591551762647,True,2.040598140486967,0.27888776028882517,0.015665267876226546,0.5534325771737251
12.0,1.8934591551762647,True,2.0406442010382357,0.2789703680061904,0.015653189954118723,0.5536260737792164
12.200000000000001,1.8934591551762647,True,2.0406888008207424,0.2790503558944456,0.015641493030777467,0.5538134431080601
12.4,1.8934591551762647,True,2.040732008292274,0.27912784672983615,0.015630159345028448,0.5539949718822482
12.600000000000001,1.8934591551762647,True,2.0407738876957535,0.27920295572941944,0.01561917222354381,0.5541709291965289
12.8,1.8934591551762647,True,2.040814499378922,0.27927579112440526,0.0156085159987569,0.5543415678534486
13.0,1.8934591551762647,True,2.0408539000853367,0.2793464546820456,0.015598175934104166,0.5545071255787604
13.200000000000001,1.8934591551762647,True,2.040892143219656,0.2794150421814127,0.015588138155841185,0.5546678261295929
13.4,1.8934591551762647,True,2.0409292790898093,0.279481643847725,0.015578389590768396,0.5548238803062038
13.600000000000001,1.8934591551762647,True,2.040965355128389,0.27954634474939727,0.015568917909276543,0.5549754868770201
13.8,1.8934591551762647,True,2.0410004160952964,0.2796092251614877,0.015559711473189172,0.5551228334254906
14.0,1.8934591551762647,True,2.0410345042634876,0.2796703608988129,0.015550759287936982,0.5552660971263623
14.200000000000001,1.8934591551762647,True,2.0410676595894213,0.2797298236216515,0.015542050958649798,0.5554054454581561
14.4,1.8934591551762647,True,2.0410999198696826,0.2797876811166351,0.01553357664979642,0.5555410368578918
14.600000000000001,1.8934591551762647,True,2.0411313208850523,0.2798439975551315,0.015525327048042735,0.5556730213234161
14.8,1.8934591551762647,True,2.041161896533195,0.2798988337312184,0.015517293328031747,0.5558015409682113
15.0,1.8934591551762647,True,2.041191678950997,0.279952247281089,0.015509467120821286,0.5559267305329695
15.200000000000001,1.8934591551762647,True,2.0412206986274852,0.2800042928855668,0.015501840484741184,0.5560487178578304
15.4,1.8934591551762647,True,2.041248984508159,0.28005502245722375,0.015494405878456416,0.5561676243187612
15.600000000000001,1.8934591551762647,True,2.041276564091494,0.28010448531345106,0.015487156136043642,0.556283565231214
15.8,1.8934591551762647,True,2.0413034635182914,0.2801527283367106,0.015480084443907423,0.5563966502239189
16.0,1.8934591551762647,True,2.041329707654484,0.28019979612303475,0.015473184319380117,0.5565069835853004
16.2,1.8934591551762647,True,2.041355320167951,0.280245731119799,0.015466449590863211,0.5566146645848956
16.400000000000002,1.8934591551762647,True,2.041380323599845,0.28029057375363975,0.015459874379382468,0.5567197877718089
16.6,1.8934591551762647,True,2.0414047394308787,0.280334362549339,0.015453453081440614,0.5568224432521143
16.8,1.8934591551762647,True,2.041428588142988,0.28037713424041033,0.015447180353062298,0.5569227169469156
17.0,1.8934591551762647,True,2.0414518892767335,0.2804189238720524,0.015441051094935727,0.5570206908326142
17.2,1.8934591551762647,True,2.0414746614847967,0.2804597648970871,0.015435060438563764,0.5571164431648228
17.400000000000002,1.8934591551762647,True,2.041496922581856,0.2804996892654125,0.015429203733345902,0.5572100486871607
17.6,1.8934591551762647,True,2.0415186895911477,0.2805387275075072,0.01542347653451807,0.5573015788261761
17.8,1.8934591551762647,True,2.041539978787947,0.2805769088124132,0.015417874591885346,0.5573911018733964
18.0,1.8934591551762647,True,2.0415608057402173,0.28061426110063703,0.015412393839286855,0.5574786831555254
18.2,1.8934591551762647,True,2.041581185346638,0.2806508110923506,0.01540703038473796,0.5575643851936786
18.400000000000002,1.8934591551762647,True,2.0416011318721936,0.28068658437122224,0.015401780501200042,0.5576482678524273
18.6,1.8934591551762647,True,2.0416206589815316,0.280721605444239,0.015396640617930597,0.5577303884794902
18.8,1.8934591551762647,True,2.041639779770218,0.28075589779776294,0.015391607312372949,0.5578108020366416
19.0,1.8934591551762647,True,2.0416585067940716,0.28078948395014247,0.015386677302545278,0.5578895612225805
19.200000000000003,1.8934591551762647,True,2.0416768520966944,0.28082238550108546,0.015381847439894604,0.5579667165882459
19.400000000000002,1.8934591551762647,True,2.0416948272353377,0.2808546231780504,0.015377114702582118,0.5580423166451733
19.6,1.8934591551762647,True,2.041712443305213,0.280886216879847,0.01537247618917028,0.5581164079673401
19.8,1.8934591551762647,True,2.041729710962361,0.28091718571764784,0.01536792911268363,0.5581890352869695
20.0,1.8934591551762647,True,2.041746640445176,0.2809475480535942,0.015363470795017747,0.5582602415847178
0.0,2.086543039814477,False,1.9740430398144768,-0.20848609197912873,0.05477175479513003,-0.4663322735646499
0.2,2.086543039814477,True,2.1615430398144766,0.16399072798608566,0.03521041379686931,0.3192626028755633
0.4,2.086543039814477,True,2.1871696101761495,0.2148990129723821,0.029497912432477975,0.4405226779975663
0.6000000000000001,2.086543039814477,True,2.1990430398144767,0.23848609197912848,0.02660342375763458,0.497837756901623
0.8,2.086543039814477,True,2.2061028763836057,0.25251076117775906,0.02480801314784492,0.5322567034042232
1.0,2.086543039814477,True,2.2108415865004027,0.2619244127779806,0.02357178705018791,0.5555015972390691
1.2000000000000002,2.086543039814477,True,2.214263915025411,0.2687230156892946,0.022663435757410484,0.5723602410202019
1.4000000000000001,2.086543039814477,True,2.2168609456779045,0.27388212885619007,0.021965436187372803,0.5851931589930384
1.6,2.086543039814477,True,2.218903721310226,0.2779401905704811,0.021411129094650698,0.5953113940638631
1.8,2.086543039814477,True,2.2205550363940922,0.28122059905687685,0.020959650637410142,0.6035061669361015
2.0,2.086543039814477,True,2.22191898203148,0.2839301357695149,0.020584452211360852,0.6102853060256997
2.2,2.086543039814477,True,2.2230654104295056,0.28620756512425755,0.02026748777465636,0.6159906504563307
2.4000000000000004,2.086543039814477,True,2.224043039814477,0.28814966797449043,0.01999603746488874,0.6208612260186293
2.6,2.086543039814477,True,2.224886936784815,0.28982610562723654,0.01976086422975388,0.6250694521195007
2.8000000000000003,2.086543039814477,True,2.2256230140444484,0.29128835478412707,0.019555090586902416,0.6287429755437951
3.0,2.086543039814477,True,2.2262708513530844,0.29257531148052945,0.019373485959810473,0.6319784018148417
3.2,2.086543039814477,True,2.226845529106664,0.29371693357203893,0.01921199883549387,0.63485024151232
3.4000000000000004,2.086543039814477,True,2.2273588569918505,0.2947366815094995,0.019067440551993928,0.637416917488576
3.6,2.086543039814477,True,2.227820219233514,0.29565319745950935,0.018937266105145116,0.6397249050761884
3.8000000000000003,2.086543039814477,True,2.228237169588096,0.2964814872843521,0.018819418812221145,0.6418116512495327
4.0,2.086543039814477,True,2.2286158587376947,0.2972337695787411,0.018712218060277265,0.643707674575291
4.2,2.086543039814477,True,2.228961346862073,0.29792009660756275,0.018614276768531012,0.6454381030231409
4.4,2.086543039814477,True,2.229277835940469,0.29854881578342807,0.018524439747960673,0.6470238182243095
4.6000000000000005,2.086543039814477,True,2.2295688449127415,0.2991269176318198,0.018441737017449354,0.6484823192092359
4.800000000000001,2.086543039814477,True,2.2298373434955314,0.29966030162266055,0.01836534799540301,0.64982838292594
5.0,2.086543039814477,True,2.2300858556370033,0.3001539816876112,0.018294573713732075,0.6510745753609377
5.2,2.086543039814477,True,2.2303165403736296,0.3006122468455478,0.018228815027574348,0.6522316513509314
5.4,2.086543039814477,True,2.2305312556589088,0.3010387880010611,0.018167555360150484,0.6533088704418923
5.6000000000000005,2.086543039814477,True,2.230731609215131,0.3014367989636755,0.018110346915970174,0.6543142487129275
5.800000000000001,2.086543039814477,True,2.2309189993918777,0.30180905761502197,0.018056799573644172,0.6552547612482662
6.0,2.086543039814477,True,2.231094648254406,0.30215799164032847,0.01800657186849784,0.6561365062075385
6.2,2.086543039814477,True,2.2312596285762143,0.30248573215032365,0.017959363619299926,0.6569648387480355
6.4,2.086543039814477,True,2.2314148860094023,0.3027941577236026,0.01791490985903053,0.657744481082095
6.6000000000000005,2.086543039814477,True,2.231561257410607,0.303084930811894,0.0178729758078334,0.6584796134969637
6.800000000000001,2.086543039814477,True,2.2316994860797488,0.3033595280124805,0.017833352684813293,0.6591739500780346
7.0,2.086543039814477,True,2.231830234502755,0.30361926538216977,0.017795854199521306,0.6598308020579208
7.2,2.086543039814477,True,2.2319540950633137,0.3038653197166553,0.01776031359762394,0.6604531310916879
7.4,2.086543039814477,True,2.2320715990921043,0.304098746527199,0.017726581161094823,0.6610435942817747
7.6000000000000005,2.086543039814477,True,2.232183224547396,0.3043204952984747,0.017694522083265295,0.6616045824079446
7.800000000000001,2.086543039814477,True,2.2322894025629028,0.30453142249616166,0.017664014654660443,0.6621382525309272
8.0,2.086543039814477,True,2.2323905230533936,0.30473230270272833,0.017634948707779905,0.6626465559140289
8.200000000000001,2.086543039814477,True,2.2324869395327314,0.30492383818868074,0.017607224278649112,0.6631312620297726
8.4,2.086543039814477,True,2.23257897327066,0.30510666717019075,0.017580750450646793,0.6635939792782106
8.6,2.086543039814477,True,2.232666916891963,0.3052813709589856,0.01755544435225598,0.664036172931294
8.8,2.086543039814477,True,2.232751037503467,0.3054484801742744,0.017531230285322195,0.6644591807276461
9.0,2.086543039814477,True,2.2328315794196922,0.30560848015736464,0.017508038964391084,0.664864226469429
9.200000000000001,2.086543039814477,True,2.232908766546043,0.30576181570598093,0.017485806850938115,0.6652524319139823
9.4,2.086543039814477,True,2.2329828044687776,0.3059088952260717,0.01746447556894627,0.6656248272049127
9.600000000000001,2.086543039814477,True,2.2330538822930257,0.3060500943831167,0.017443991390455438,0.6659823600479102
9.8,2.086543039814477,True,2.233122174263645,0.30618575932202535,0.017424304781490842,0.6663259038042756
10.0,2.086543039814477,True,2.233187841198285,0.3063162095139801,0.017405370000254248,0.6666562646483125
10.200000000000001,2.086543039814477,True,2.233251031757595,0.30644174027975984,0.017387144740685274,0.6669741879126814
10.4,2.086543039814477,True,2.2333118835737835,0.30656262503166865,0.01736958981552131,0.6672803637272782
10.600000000000001,2.086543039814477,True,2.233370524255631,0.3066791172700436,0.017352668873837632,0.6675754320418138
10.8,2.086543039814477,True,2.233427072285478,0.30679145236515065,0.017336348148765772,0.6678599871093424
11.0,2.086543039814477,True,2.233481637821494,0.30689984915093704,0.017320596231691066,0.6681345814971134
11.200000000000001,2.086543039814477,True,2.233534323416717,0.3070045113534261,0.017305383869740263,0.6683997296819142
11.4,2.086543039814477,True,2.2335852246647603,0.30710562887344445,0.017290683783801986,0.668655911279303
11.600000000000001,2.086543039814477,True,2.2336344307807847,0.3072033789407486,0.01727647050468936,0.6689035739495633
11.8,2.086543039814477,True,2.233682025125179,0.30729792715434046,0.01726272022536816,0.6691431360175089
12.0,2.086543039814477,True,2.233728085676448,0.30738942842187317,0.017249410667440488,0.6693749888385278
12.200000000000001,2.086543039814477,True,2.2337726854589546,0.30747802780938877,0.017236520960304095,0.6695994989390973
12.4,2.086543039814477,True,2.2338158929304863,0.30756386131122804,0.01722403153160403,0.6698170099564851
12.600000000000001,2.086543039814477,True,2.2338577723339657,0.3076470565487215,0.01721192400776403,0.6700278443992644
12.8,2.086543039814477,True,2.233898384017134,0.30772773340525517,0.01720018112353067,0.6702323052477243
13.0,2.086543039814477,True,2.233937784723549,0.3078060046043476,0.017188786639591887,0.6704306774108508
13.200000000000001,2.086543039814477,True,2.233976027857868,0.3078819762366498,0.01717772526743999,0.6706232290547415
13.4,2.086543039814477,True,2.2340131637280214,0.3079557482410308,0.017166982600747022,0.6708102128154282
13.600000000000001,2.086543039814477,True,2.234049239766601,0.3080274148443742,0.017156545052602327,0.6709918669077433
13.8,2.086543039814477,True,2.2340843007335085,0.3080970649641544,0.01714639979803632,0.6711684161404529
14.0,2.086543039814477,True,2.2341183889017,0.30816478257741414,0.01713653472131786,0.6713400728467772
14.200000000000001,2.086543039814477,True,2.2341515442276334,0.3082306470593804,0.017126938367568737,0.6715070377384287
14.4,2.086543039814477,True,2.2341838045078948,0.3082947334945964,0.017117599898287834,0.671669500690417
14.600000000000001,2.086543039814477,True,2.2342152055232645,0.30835711296312196,0.017108509050421727,0.6718276414630403
14.8,2.086543039814477,True,2.234245781171407,0.3084178528041276,0.01709965609865516,0.6719816303669109
15.0,2.086543039814477,True,2.2342755635892093,0.3084770168589213,0.017091031820630206,0.6721316288761542
15.200000000000001,2.086543039814477,True,2.2343045832656974,0.3085346656952664,0.017082627464831652,0.6722777901944518
15.4,2.086543039814477,True,2.234332869146371,0.3085908568146443,0.017074434720903246,0.672420259778098
15.600000000000001,2.086543039814477,True,2.234360448729706,0.30864564484395857,0.017066445692182738,0.6725591758198339
15.8,2.086543039814477,True,2.2343873481565035,0.3086990817130388,0.017058652870264084,0.6726946696968804
16.0,2.086543039814477,True,2.234413592292696,0.3087512168191279,0.017051049111415126,0.6728268663861536
16.2,2.086543039814477,True,2.234439204806163,0.30880209717948776,0.01704362761469386,0.6729558848495163
16.400000000000002,2.086543039814477,True,2.234464208238057,0.3088517675730878,0.01703638190162266,0.6730818383915014
16.6,2.086543039814477,True,2.234488624069091,0.3089002706722898,0.017029305797292376,0.6732048349918023
16.8,2.086543039814477,True,2.2345124727812,0.3089476471653388,0.017022393412780334,0.6733249776145745
17.0,2.086543039814477,True,2.2345357739149456,0.30899393587040097,0.017015639128776763,0.6734423644964147
17.2,2.086543039814477,True,2.234558546123009,0.3090391738418303,0.01700903758032368,0.6735570894147324
17.400000000000002,2.086543039814477,True,2.2345808072200684,0.3090833964692522,0.017002583642579536,0.6736692419380025
17.6,2.086543039814477,True,2.23460257422936,0.30912663757005787,0.016996272417529254,0.6737789076593884
17.8,2.086543039814477,True,2.234623863426159,0.30916892947578273,0.016990099221567884,0.6738861684149354
18.0,2.086543039814477,True,2.2346446903784294,0.3092103031128561,0.016984059573891267,0.6739911024875573
18.2,2.086543039814477,True,2.23466506998485,0.3092507880781447,0.01697814918563295,0.6740937847978843
18.400000000000002,2.086543039814477,True,2.2346850165104057,0.3092904127096556,0.01697236394969272,0.6741942870828943
18.6,2.086543039814477,True,2.2347045436197437,0.30932920415279924,0.016966699931204653,0.674292678063335
18.8,2.086543039814477,True,2.2347236644084303,0.30936718842248007,0.01696115335859977,0.6743890236006181
19.0,2.086543039814477,True,2.2347423914322837,0.30940439046137297,0.016955720615218946,0.6744833868440777
19.200000000000003,2.086543039814477,True,2.2347607367349065,0.30944083419461116,0.016950398231438193,0.6745758283691751
19.400000000000002,2.086543039814477,True,2.23477871187355,0.30947654258117224,0.01694518287726927,0.6746664063073626
19.6,2.086543039814477,True,2.234796327943425,0.3095115376621725,0.016940071355403007,0.6747551764681432
19.8,2.086543039814477,True,2.2348135956005732,0.30954584060629414,0.0169350605946645,0.6748421924538897
20.0,2.086543039814477,True,2.234830525083388,0.3095794717525472,0.016930147643851912,0.674927505767931
0.0,2.2993164891338513,False,2.186816489133851,-0.23242310502755836,0.06035705783976361,-0.5686237363697172
0.2,2.2993164891338513,True,2.374316489133851,0.17994873668503872,0.03880096575413375,0.3884542869559592
0.4,2.2993164891338513,True,2.3999430594955236,0.23630967544141387,0.03250593692860208,0.534623828538659
0.6000000000000001,2.2993164891338513,True,2.411816489133851,0.26242310502755806,0.029316285236456605,0.6036000865987123
0.8,2.2993164891338513,True,2.41887632570298,0.27794992000463326,0.027337789158933912,0.6449886920713106
1.0,2.2993164891338513,True,2.423615035819777,0.2883718433017303,0.025975499957895866,0.6729268353752424
1.2000000000000002,2.2993164891338513,True,2.4270373643447853,0.29589862685801444,0.02497452031570507,0.6931825031270115
1.4000000000000001,2.2993164891338513,True,2.429634394997279,0.3016103191948291,0.024205342834018095,0.7085974625678467
1.6,2.2993164891338513,True,2.4316771706296003,0.3061030293265947,0.023594510747634148,0.7207492375264092
1.8,2.2993164891338513,True,2.433328485713467,0.3097347938192979,0.023096993159253017,0.7305895036578322
2.0,2.2993164891338513,True,2.4346924313508547,0.3127345419498871,0.0226835341932741,0.7387288881140924
2.2,2.2993164891338513,True,2.43583885974888,0.31525590082927524,0.02233424757810394,0.7455783264269839
2.4000000000000004,2.2993164891338513,True,2.436816489133851,0.31740601725590445,0.022035116354199413,0.7514251002452922
2.6,2.2993164891338513,True,2.4376603861041897,0.3192620137778996,0.021775961528715138,0.7564764022455206
2.8000000000000003,2.2993164891338513,True,2.438396463363823,0.32088088063228787,0.021549204293896937,0.7608856002009428
3.0,2.2993164891338513,True,2.439044300672459,0.32230567990744646,0.02134908068963491,0.7647687509629842
3.2,2.2993164891338513,True,2.4396189784260383,0.32356957816683213,0.021171126053359118,0.768215357683752
3.4000000000000004,2.2993164891338513,True,2.440132306311225,0.3246985486490557,0.021011826562023512,0.7712955918089042
3.6,2.2993164891338513,True,2.4405936685528884,0.3257132302346101,0.020868377686830426,0.7740652697876681
3.8000000000000003,2.2993164891338513,True,2.4410106189074705,0.32663023602459207,0.02073851301658429,0.7765693615756984
4.0,2.2993164891338513,True,2.441389308057069,0.32746309331556106,0.02062038055926674,0.7788445142446384
4.2,2.2993164891338513,True,2.4417347961814473,0.3282229310443055,0.020512451787713937,0.7809208998478305
4.4,2.2993164891338513,True,2.4420512852598435,0.32891899069305314,0.020413453713487587,0.7828235902548534
4.6000000000000005,2.2993164891338513,True,2.442342294232116,0.32955901152425815,0.020322317442472548,0.7845735948485524
4.800000000000001,2.2993164891338513,True,2.442610792814906,0.33014952488469645,0.020238138714965645,0.7861886540111073
5.0,2.2993164891338513,True,2.442859304956378,0.3306960817351859,0.020160147286201704,0.787683853093212
5.2,2.2993164891338513,True,2.443089989693004,0.33120343048023976,0.02008768291403151,0.789072102644225
5.4,2.2993164891338513,True,2.4433047049782832,0.3316756573476235,0.020020176344198636,0.7903645177800148
5.6000000000000005,2.2993164891338513,True,2.4435050585345053,0.33211629822747857,0.019957134117649027,0.7915707206229492
5.800000000000001,2.2993164891338513,True,2.443692448711252,0.33252842853310016,0.019898126330697066,0.792699083457459
6.0,2.2993164891338513,True,2.4438680975737803,0.3329147359727558,0.019842776698098745,0.7937569257579173
6.2,2.2993164891338513,True,2.4440330778955888,0.33327757991489193,0.01979075442789743,0.7947506750050889
6.4,2.2993164891338513,True,2.4441883353287768,0.3336190401477628,0.019741767533287043,0.7956859988394576
6.6000000000000005,2.2993164891338513,True,2.4443347067299817,0.33394095718397027,0.019695557292935463,0.7965679143504738
6.800000000000001,2.2993164891338513,True,2.4444729353991237,0.33424496577528484,0.019651893635693477,0.7974008789953967
7.0,2.2993164891338513,True,2.4446036838221294,0.3345325229379302,0.019610571274302324,0.7981888666580728
7.2,2.2993164891338513,True,2.444727544382688,0.3348049315111205,0.019571406449797376,0.7989354316105983
7.4,2.2993164891338513,True,2.4448450484114788,0.3350633600591788,0.019534234176784043,0.7996437625680117
7.6000000000000005,2.2993164891338513,True,2.4449566738667703,0.3353088597636088,0.019498905901798442,0.8003167285838938
7.800000000000001,2.2993164891338513,True,2.4450628518822772,0.3355423788238971,0.01946528750414562,0.8009569181903756
8.0,2.2993164891338513,True,2.445163972372768,0.33576477478602224,0.0194332575820882,0.8015666729165497
8.200000000000001,2.2993164891338513,True,2.445260388852106,0.33597682513885463,0.01940270597791045,0.8021481161064211
8.4,2.2993164891338513,True,2.4453524225900347,0.3361792364562375,0.01937353250384607,0.8027031777888823
8.6,2.2993164891338513,True,2.4454403662113373,0.33637265231268254,0.01934564583762575,0.8032336162173794
8.8,2.2993164891338513,True,2.4455244868228414,0.3365576601606399,0.019318962561840177,0.803741036588805
9.0,2.2993164891338513,True,2.4456050287390667,0.3367347973250602,0.0192934063257098,0.8042269073638878
9.200000000000001,2.2993164891338513,True,2.4456822158654177,0.33690455624479326,0.01926890711142316,0.804692574540498
9.4,2.2993164891338513,True,2.4457562537881525,0.3370673890690847,0.01924540059011863,0.8051392741736396
9.600000000000001,2.2993164891338513,True,2.4458273316124,0.3372237116999651,0.01922282755497313,0.8055681433885818
9.8,2.2993164891338513,True,2.4458956235830196,0.3373739073570232,0.019201133420826993,0.8059802300948192
10.0,2.2993164891338513,True,2.4459612905176593,0.33751832972916745,0.019180267781401066,0.8063765015763182
10.200000000000001,2.2993164891338513,True,2.44602448107697,0.3376573057682161,0.019160184016510498,0.806757852107038
10.4,2.2993164891338513,True,2.446085332893158,0.33779113817095263,0.019140838942804956,0.8071251097184484
10.600000000000001,2.2993164891338513,True,2.4461439735750057,0.3379201075894748,0.019122192502505107,0.8074790422273063
10.8,2.2993164891338513,True,2.4462005216048524,0.33804447460394454,0.019104207485394854,0.8078203626164125
11.0,2.2993164891338513,True,2.4462550871408686,0.33816448148704303,0.01908684927999279,0.8081497338480402
11.200000000000001,2.2993164891338513,True,2.4463077727360916,0.3382803537853572,0.01907008565038884,0.8084677731786455
11.4,2.2993164891338513,True,2.4463586739841348,0.3383923017394963,0.019053886535707467,0.8087750560341659
11.600000000000001,2.2993164891338513,True,2.446407880100159,0.3385005215618346,0.019038223869563175,0.8090721194973227
11.8,2.2993164891338513,True,2.4464554744445537,0.33860519658825133,0.01902307141721968,0.8093594654514821
12.0,2.2993164891338513,True,2.4465015349958223,0.3387064983181551,0.019008404628458448,0.8096375634199678
12.200000000000001,2.2993164891338513,True,2.446546134778329,0.3388045873552335,0.01899420050441534,0.8099068531346979
12.4,2.2993164891338513,True,2.446589342249861,0.33889961425982695,0.018980437476861175,0.8101677468638204
12.600000000000001,2.2993164891338513,True,2.44663122165334,0.3389917203224541,0.018967095298589892,0.8104206315243034
12.8,2.2993164891338513,True,2.4466718333365085,0.3390810382668982,0.018954154943738574,0.8106658706023802
13.0,2.2993164891338513,True,2.4467112340429233,0.3391676928902002,0.01894159851700513,0.8109038059018678
13.200000000000001,2.2993164891338513,True,2.4467494771772427,0.33925180164610425,0.018929409170849315,0.8111347591381939
13.4,2.2993164891338513,True,2.4467866130473963,0.3393334751776712,0.018917571029870156,0.8113590333937067
13.600000000000001,2.2993164891338513,True,2.446822689085975,0.3394128178041809,0.01890606912164335,0.8115769144482307
13.8,2.2993164891338513,True,2.446857750052883,0.3394899279668266,0.018894889313383963,0.8117886719971406
14.0,2.2993164891338513,True,2.4468918382210743,0.33956489863721334,0.018884018253869494,0.8119945607678941
14.200000000000001,2.2993164891338513,True,2.446924993547008,0.33963781769224183,0.01887344332012028,0.8121948215447884
14.4,2.2993164891338513,True,2.4469572538272693,0.3397087682585651,0.018863152568388285,0.8123896821106343
14.600000000000001,2.2993164891338513,True,2.446988654842639,0.339777829029443,0.01885313468905396,0.8125793581130549
14.8,2.2993164891338513,True,2.4470192304907816,0.33984507455656904,0.018843378965071298,0.8127640538624266
15.0,2.2993164891338513,True,2.447049012908584,0.3399105755191276,0.01883387523364028,0.8129439630676295
15.200000000000001,2.2993164891338513,True,2.447078032585072,0.3399743989721372,0.018824613850817386,0.8131192695152124
15.4,2.2993164891338513,True,2.4471063184657456,0.34003660857591317,0.018815585658804868,0.8132901476969758
15.600000000000001,2.2993164891338513,True,2.4471338980490804,0.34009726480830427,0.018806781955685057,0.8134567633904909
15.8,2.2993164891338513,True,2.447160797475878,0.340156425161209,0.018798194467388604,0.8136192741966594
16.0,2.2993164891338513,True,2.4471870416120707,0.34021414432268027,0.01878981532170736,0.8137778300378946
16.2,2.2993164891338513,True,2.4472126541255377,0.34027047434587615,0.018781637024179034,0.8139325736203482
16.400000000000002,2.2993164891338513,True,2.4472376575574315,0.340325464805925,0.018773652435688768,0.8140836408631072
16.6,2.2993164891338513,True,2.4472620733884654,0.3403791629457142,0.018765854751646317,0.8142311612971125
16.8,2.2993164891338513,True,2.4472859221005745,0.34043161381150044,0.018758237482611125,0.8143752584362535
17.0,2.2993164891338513,True,2.44730922323432,0.34048286037916276,0.0187507944362491,0.8145160501228792
17.2,2.2993164891338513,True,2.4473319954423833,0.3405329436718503,0.01874351970051523,0.8146536488497829
17.400000000000002,2.2993164891338513,True,2.447354256539443,0.34058190286967915,0.018736407627966627,0.8147881620604458
17.6,2.2993164891338513,True,2.4473760235487343,0.3406297754121332,0.01872945282111728,0.8149196924293277
17.8,2.2993164891338513,True,2.4473973127455335,0.34067659709369424,0.01872265011875563,0.8150483381236445
18.0,2.2993164891338513,True,2.4474181396978043,0.340722402153241,0.018715994583151322,0.8151741930481009
18.2,2.2993164891338513,True,2.4474385193042245,0.34076722335768345,0.018709481488084403,0.8152973470738564
18.400000000000002,2.2993164891338513,True,2.44745846582978,0.3408110920802388,0.01870310630763661,0.8154178862528366
18.6,2.2993164891338513,True,2.447477992939118,0.3408540383737915,0.018696864705687426,0.815535893018593
18.8,2.2993164891338513,True,2.4474971137278048,0.34089609103963486,0.01869075252606532,0.8156514463745319
19.0,2.2993164891338513,True,2.4475158407516586,0.3409372776919886,0.018684765783305454,0.8157646220705838
19.200000000000003,2.2993164891338513,True,2.447534186054281,0.34097762481854466,0.018678900653971882,0.8158754927690067
19.400000000000002,2.2993164891338513,True,2.447552161192924,0.34101715783735675,0.018673153468503643,0.8159841282001873
19.6,2.2993164891338513,True,2.4475697772627996,0.34105590115030787,0.018667520703548688,0.8160905953090737
19.8,2.2993164891338513,True,2.4475870449199477,0.3410938781934026,0.018661998974751674,0.8161949583929232
20.0,2.2993164891338513,True,2.4476039744027625,0.34113111148410935,0.018656585029964468,0.8162972792309734
0.0,2.5337873297226094,False,2.4212873297226096,-0.2588010745937937,0.06651191740521852,-0.6931436802377672
0.2,2.5337873297226094,True,2.608787329722609,0.19753404972919555,0.04275766118906905,0.4725666649332521
0.4,2.5337873297226094,True,2.634413900084282,0.259903671979679,0.0358207021607018,0.6488731439855103
0.6000000000000001,2.5337873297226094,True,2.6462873297226093,0.28880107459379334,0.03230578845396327,0.7319448360538662
0.8,2.5337873297226094,True,2.6533471662917383,0.30598321538565143,0.030125536924074357,0.7817541605522784
1.0,2.5337873297226094,True,2.6580858764085353,0.3175162280271403,0.028624329442059383,0.8153610718073941
1.2000000000000002,2.5337873297226094,True,2.6615082049335435,0.325845447829454,0.02752127575341789,0.8397190571849188
1.4000000000000001,2.5337873297226094,True,2.664105235586037,0.3321660681263936,0.02667366205316536,0.8582516991263881
1.6,2.5337873297226094,True,2.6661480112183584,0.33713774957780385,0.02600054088503478,0.8728585996584599
1.8,2.5337873297226094,True,2.667799326302225,0.34115669930629816,0.02545228936432781,0.884685323208505
2.0,2.5337873297226094,True,2.669163271939613,0.344476252917003,0.02499666827244749,0.8944666940689978
2.2,2.5337873297226094,True,2.670309700337638,0.34726641582655093,0.024611763452192306,0.9026971153309306
2.4000000000000004,2.5337873297226094,True,2.6712873297226096,0.34964575783685864,0.024282128576508345,0.909722154224352
2.6,2.5337873297226094,True,2.672131226692948,0.3516996235908593,0.02399654665842456,0.9157909999548663
2.8000000000000003,2.5337873297226094,True,2.672867303952581,0.35349107909905214,0.0237466660477211,0.921088081515051
3.0,2.5337873297226094,True,2.673515141261217,0.3550677773325313,0.023526135009365196,0.9257529438631236
3.2,2.5337873297226094,True,2.6740898190147964,0.35646642076786644,0.023330033600624005,0.9298931929953722
3.4000000000000004,2.5337873297226094,True,2.674603146899983,0.35771575167082736,0.023154489679339176,0.9335931854351486
3.6,2.5337873297226094,True,2.6750645091416465,0.3588386092490005,0.0229964127272776,0.9369200153844711
3.8000000000000003,2.5337873297226094,True,2.6754814594962286,0.3598533777391051,0.022853305217892403,0.9399277350601761
4.0,2.5337873297226094,True,2.6758601486458273,0.3607750265933024,0.022723126303856537,0.9426603899838
4.2,2.5337873297226094,True,2.6762056367702054,0.36161587121298316,0.02260419158775052,0.9451542412980037
4.4,2.5337873297226094,True,2.6765221258486016,0.3623861383219795,0.0224950982692243,0.9474394190503856
4.6000000000000005,2.5337873297226094,True,2.676813134820874,0.3630943922715322,0.022394668454595753,0.9495411699576445
4.800000000000001,2.5337873297226094,True,2.677081633403664,0.363747860720374,0.02230190567304866,0.9514808114513387
5.0,2.5337873297226094,True,2.677330145545136,0.3643526864215709,0.022215961134763946,0.9532764698320618
5.2,2.5337873297226094,True,2.677560830281762,0.3649141240107326,0.02213610726996158,0.9549436575977575
5.4,2.5337873297226094,True,2.6777755455670413,0.365436695351543,0.022061716775167186,0.9564957294900275
5.6000000000000005,2.5337873297226094,True,2.6779758991232634,0.3659243132981404,0.02199224587125997,0.9579442460443903
5.800000000000001,2.5337873297226094,True,2.6781632893000102,0.3663803811360219,0.021927220815492122,0.9592992658627477
6.0,2.5337873297226094,True,2.6783389381625384,0.36680787311212293,0.021866226951252385,0.9605695824295301
6.2,2.5337873297226094,True,2.678503918484347,0.36720940012899417,0.021808899754356084,0.9617629173954413
6.4,2.5337873297226094,True,2.678659175917535,0.36758726370273226,0.021754917462891276,0.9628860794048512
6.6000000000000005,2.5337873297226094,True,2.6788055473187398,0.3679435005644184,0.02170399497263837,0.9639450954392014
6.800000000000001,2.5337873297226094,True,2.6789437759878814,0.36827991974798013,0.02165587875113866,0.9649453200790292
7.0,2.5337873297226094,True,2.6790745244108876,0.3685981336032733,0.021610342577140028,0.9658915269047902
7.2,2.5337873297226094,True,2.6791983849714462,0.36889958386621363,0.021567183953013942,0.9667879853579843
7.4,2.5337873297226094,True,2.679315889000237,0.369185563682675,0.02152622106912071,0.9676385256953792
7.6000000000000005,2.5337873297226094,True,2.6794275144555284,0.3694572363014383,0.02148729022338351,0.9684465941373881
7.800000000000001,2.5337873297226094,True,2.6795336924710353,0.3697156510102746,0.02145024361826375,0.96921529989763
8.0,2.5337873297226094,True,2.679634812961526,0.36996175677880583,0.021414947472185284,0.9699474554567077
8.200000000000001,2.5337873297226094,True,2.679731229440864,0.37019641398459524,0.021381280394193142,0.9706456111873453
8.4,2.5337873297226094,True,2.6798232631787924,0.3704204045298727,0.021349131979958896,0.9713120852352928
8.6,2.5337873297226094,True,2.6799112068000954,0.370634440601129,0.021318401594702593,0.9719489893983473
8.8,2.5337873297226094,True,2.6799953274115995,0.37083917227957663,0.021288997314595662,0.9725582516158549
9.0,2.5337873297226094,True,2.680075869327825,0.3710351941747968,0.02126083500305283,0.9731416355761839
9.200000000000001,2.5337873297226094,True,2.680153056454176,0.3712230512249281,0.02123383750225596,0.9737007578644802
9.4,2.5337873297226094,True,2.68022709437691,0.37140324378319856,0.02120793392346255,0.974237103003739
9.600000000000001,2.5337873297226094,True,2.6802981722011583,0.3715762320912776,0.021183059022284165,0.9747520366853606
9.8,2.5337873297226094,True,2.6803664641717777,0.37174244022409225,0.021159152647285958,0.9752468174387526
10.0,2.5337873297226094,True,2.6804321311064174,0.37190225957760037,0.02113615925205141,0.975722606950828
10.200000000000001,2.5337873297226094,True,2.6804953216657275,0.3720560519602078,0.021114027462342016,0.9761804792144158
10.4,2.5337873297226094,True,2.680556173481916,0.3722041523394373,0.021092709691222074,0.9766214286578602
10.600000000000001,2.5337873297226094,True,2.680614814163764,0.3723468712879251,0.021072161796054333,0.9770463773858858
10.8,2.5337873297226094,True,2.6806713621936105,0.3724844971664866,0.02105234277214259,0.977456181643145
11.0,2.5337873297226094,True,2.6807259277296267,0.3726172980766819,0.02103321447852911,0.9778516375961909
11.200000000000001,2.5337873297226094,True,2.6807786133248497,0.372745523610795,0.021014741392074335,0.9782334865163177
11.4,2.5337873297226094,True,2.680829514572893,0.37286940642334987,0.02099689038647056,0.9786024194345212
11.600000000000001,2.5337873297226094,True,2.6808787206889173,0.3729891636450744,0.02097963053328652,0.9789590813303497
11.8,2.5337873297226094,True,2.680926315033312,0.3731049981574287,0.02096293292252106,0.9793040749081848
12.0,2.5337873297226094,True,2.6809723755845805,0.37321709974350636,0.020946770500468007,0.9796379640076676
12.200000000000001,2.5337873297226094,True,2.681016975367087,0.37332564612907915,0.02093111792297364,0.9799612766889736
12.4,2.5337873297226094,True,2.681060182838619,0.3734308039258423,0.020915951422406986,0.9802745080285843
12.600000000000001,2.5337873297226094,True,2.6811020622420982,0.3735327294874066,0.02090124868687039,0.9805781226567353
12.8,2.5337873297226094,True,2.6811426739252666,0.373631569687341,0.020886988750354763,0.9808725570640574
13.0,2.5337873297226094,True,2.6811820746316815,0.3737274626273959,0.020873151892699823,0.9811582217014557
13.200000000000001,2.5337873297226094,True,2.681220317766001,0.3738205382831505,0.02085971954835177,0.9814355028946544
13.4,2.5337873297226094,True,2.681257453636154,0.37391091909340846,0.02084667422302913,0.9817047645921173
13.600000000000001,2.5337873297226094,True,2.6812935296747336,0.37399872049900884,0.02083399941750738,0.981966349963114
13.8,2.5337873297226094,True,2.681328590641641,0.3740840514360373,0.020821679557822895,0.9822205828606823
14.0,2.5337873297226094,True,2.6813626788098324,0.37416701478787384,0.020809699931273615,0.9824677691626179
14.200000000000001,2.5337873297226094,True,2.681395834135766,0.374247707800044,0.020798046627662287,0.9827081980022352
14.4,2.5337873297226094,True,2.6814280944160274,0.37432622246139785,0.020786706485287337,0.9829421428993286
14.600000000000001,2.5337873297226094,True,2.681459495431397,0.37440264585474475,0.020775667041240394,0.9831698628006035
14.8,2.5337873297226094,True,2.6814900710795397,0.3744770604797924,0.020764916485613814,0.9833916030380019
15.0,2.5337873297226094,True,2.681519853497342,0.37454954455088785,0.02075444361926471,0.9836075962123282
15.200000000000001,2.5337873297226094,True,2.68154887317383,0.3746201722718372,0.020744237814816623,0.9838180630089144
15.4,2.5337873297226094,True,2.6815771590545037,0.3746890140898315,0.020734288980613188,0.9840232129513301
15.600000000000001,2.5337873297226094,True,2.6816047386378385,0.37475613693031024,0.020724587527366087,0.9842232450985646
15.8,2.5337873297226094,True,2.681631638064636,0.3748216044144276,0.020715124337264804,0.9844183486906116
16.0,2.5337873297226094,True,2.681657882200829,0.3748854770605724,0.02070589073533946,0.9846087037467626
16.2,2.5337873297226094,True,2.681683494714296,0.37494781247133047,0.020696878462886363,0.9847944816207116
16.400000000000002,2.5337873297226094,True,2.6817084981461896,0.3750086655070731,0.020688079652785494,0.9849758455159943
16.6,2.5337873297226094,True,2.6817329139772235,0.37506808844728845,0.020679486806554313,0.9851529509650596
16.8,2.5337873297226094,True,2.6817567626893326,0.3751261311406499,0.020671092772997095,0.9853259462749263
17.0,2.5337873297226094,True,2.681780063823078,0.3751828411447283,0.020662890728321746,0.9854949729421114
17.2,2.5337873297226094,True,2.6818028360311414,0.3752382638561824,0.020654874157607507,0.9856601660393044
17.400000000000002,2.5337873297226094,True,2.681825097128201,0.3752924426321513,0.020647036837518302,0.9858216545759305
17.6,2.5337873297226094,True,2.6818468641374924,0.375345418903571,0.020639372820164096,0.9859795618347511
17.8,2.5337873297226094,True,2.6818681533342916,0.375397232281001,0.020631876418023165,0.9861340056862293
18.0,2.5337873297226094,True,2.681888980286562,0.37544792065355354,0.02062454218984431,0.9862850988824243
18.2,2.5337873297226094,True,2.6819093598929826,0.37549752028144423,0.020617364927455323,0.9864329493319549
18.400000000000002,2.5337873297226094,True,2.6819293064185383,0.3755460658826134,0.02061033964341128,0.9865776603573567
18.6,2.5337873297226094,True,2.6819488335278763,0.37559359071390697,0.02060346155941947,0.9867193309362898
18.8,2.5337873297226094,True,2.681967954316563,0.3756401266471463,0.020596726095486316,0.9868580559275751
19.0,2.5337873297226094,True,2.6819866813404163,0.3756857042405247,0.020590128859732583,0.9869939262833496
19.200000000000003,2.5337873297226094,True,2.682005026643039,0.37573035280560757,0.020583665638830708,0.9871270292481713
19.400000000000002,2.5337873297226094,True,2.6820230017816824,0.37577410047028703,0.02057733238901938,0.9872574485461113
19.6,2.5337873297226094,True,2.6820406178515577,0.37581697423794974,0.020571125227655727,0.9873852645565979
19.8,2.5337873297226094,True,2.682057885508706,0.375859000043131,0.020565040425267644,0.9875105544798289
20.0,2.5337873297226094,True,2.6820748149915206,0.375900202803904,0.020559074398071964,0.987633392492484
0.0,2.7921681345751863,False,2.679668134575186,-0.2878689151397086,0.07329441353259866,-0.8446875723672042
0.2,2.7921681345751863,True,2.867168134575186,0.2169126100931388,0.047117837270956274,0.5748070863756232
0.4,2.7921681345751863,True,2.8927947049368585,0.28590364621928244,0.039473487754068795,0.7875870661512123
0.6000000000000001,2.7921681345751863,True,2.904668134575186,0.3178689151397082,0.03560014371583363,0.8877035650624607
0.8,2.7921681345751863,True,2.911727971144315,0.3368751821864254,0.03319756289316408,0.947691327863388
1.0,2.7921681345751863,True,2.916466681261112,0.3496325865618554,0.03154327105679005,0.9881485183340031
1.2000000000000002,2.7921681345751863,True,2.9198890097861203,0.3588460703629307,0.030327734407750294,1.0174629626499079
1.4000000000000001,2.7921681345751863,True,2.922486040438614,0.3658377135300883,0.02939368602235026,1.0397619248353134
1.6,2.7921681345751863,True,2.9245288160709353,0.3713372089935111,0.028651923896415257,1.057334444284463
1.8,2.7921681345751863,True,2.926180131154802,0.37578282684244,0.028047764893844983,1.0715604766416884
2.0,2.7921681345751863,True,2.9275440767921896,0.37945479782470826,0.027545682229185096,1.0833249635529174
2.2,2.7921681345751863,True,2.928690505190215,0.3825411758264438,0.027121527067718344,1.0932231824194882
2.4000000000000004,2.7921681345751863,True,2.929668134575186,0.385173118504088,0.026758277956345538,1.1016711336200329
2.6,2.7921681345751863,True,2.9305120315455246,0.3874450310364973,0.02644357406540308,1.1089687509495816
2.8000000000000003,2.7921681345751863,True,2.931248108805158,0.3894266747794679,0.02616821209225328,1.1153379918733433
3.0,2.7921681345751863,True,2.931895946113794,0.39117076173816584,0.02592519258909334,1.1209467779892799
3.2,2.7921681345751863,True,2.9324706238673732,0.3927178908740017,0.025709093906220695,1.125924584548942
3.4000000000000004,2.7921681345751863,True,2.93298395175256,0.3940998558490905,0.025515649043078396,1.1303729035503014
3.6,2.7921681345751863,True,2.9334453139942234,0.3953419205745932,0.0253414523284688,1.1343724520065481
3.8000000000000003,2.7921681345751863,True,2.9338622643488055,0.39646442103289825,0.025183751552702624,1.1379882524726144
4.0,2.7921681345751863,True,2.934240953498404,0.3974839158943579,0.02504029775478489,1.1412732866193553
4.2,2.7921681345751863,True,2.9345864416227823,0.3984140280136824,0.024909234772303907,1.1442711699889678
4.4,2.7921681345751863,True,2.9349029307011785,0.39926606982548185,0.024789016755538736,1.1470181417048093
4.6000000000000005,2.7921681345751863,True,2.935193939673451,0.4000495149075096,0.02467834569610226,1.1495445660297239
4.800000000000001,2.7921681345751863,True,2.935462438256241,0.40077235823627444,0.024576123508915495,1.1518760803850423
5.0,2.7921681345751863,True,2.935710950397713,0.4014413947046005,0.02448141484954051,1.1540344835276857
5.2,2.7921681345751863,True,2.935941635134339,0.4020624368016789,0.02439341795488864,1.1560384301747295
5.4,2.7921681345751863,True,2.936156350419618,0.40264048645071393,0.024311441552748003,1.15790397967556
5.6000000000000005,2.7921681345751863,True,2.9363567039758403,0.4031798719104229,0.024234886412585116,1.1596450333797057
5.800000000000001,2.7921681345751863,True,2.936544094152587,0.4036843577729939,0.02416323048213896,1.1612736862379263
6.0,2.7921681345751863,True,2.9367197430151153,0.4041572340435663,0.024096016820543516,1.1628005116775784
6.2,2.7921681345751863,True,2.9368847233369237,0.4046013888087713,0.024032843731570854,1.1642347941018125
6.4,2.7921681345751863,True,2.9370399807701117,0.4050193679230558,0.023973356641912115,1.1655847199343425
6.6000000000000005,2.7921681345751863,True,2.9371863521713166,0.4054134243451927,0.023917241374087742,1.1668575355996507
6.800000000000001,2.7921681345751863,True,2.9373245808404587,0.405785559163541,0.023864218541882504,1.1680596789392768
7.0,2.7921681345751863,True,2.9374553292634644,0.40613755590160366,0.023814038855324765,1.1691968891418791
7.2,2.7921681345751863,True,2.937579189824023,0.4064710093558706,0.023766479167262797,1.1702742991833086
7.4,2.7921681345751863,True,2.9376966938528137,0.4067873499578643,0.02372133912817376,1.1712965139441915
7.6000000000000005,2.7921681345751863,True,2.9378083193081053,0.4070878644516079,0.02367843834260097,1.172267676532703
7.800000000000001,2.7921681345751863,True,2.937914497323612,0.40737371352154855,0.02363761394147773,1.1731915248420357
8.0,2.7921681345751863,True,2.938015617814103,0.4076459468837998,0.023598718500965607,1.1740714399822565
8.200000000000001,2.7921681345751863,True,2.938112034293441,0.4079055162571216,0.023561618251370386,1.1749104879183574
8.4,2.7921681345751863,True,2.9382040680313697,0.4081532865536786,0.023526191529976283,1.1757114554024155
8.6,2.7921681345751863,True,2.9382920116526723,0.4083900455685888,0.02349232743985738,1.1764768810927981
8.8,2.7921681345751863,True,2.9383761322641764,0.4086165123983416,0.023459924683330975,1.177209082596985
9.0,2.7921681345751863,True,2.9384566741804017,0.40883334477870037,0.02342889054405517,1.1779101800484142
9.200000000000001,2.7921681345751863,True,2.9385338613067526,0.40904114550066256,0.023399139996109052,1.1785821167252901
9.4,2.7921681345751863,True,2.9386078992294875,0.40924046803699876,0.023370594921930967,1.1792266771359663
9.600000000000001,2.7921681345751863,True,2.938678977053735,0.4094318214905142,0.023343183423891547,1.1798455029271002
9.8,2.7921681345751863,True,2.9387472690243546,0.4096156749576624,0.023316839216664612,1.1804401069147332
10.0,2.7921681345751863,True,2.9388129359589943,0.409792461386595,0.02329150108953512,1.1810118854918668
10.200000000000001,2.7921681345751863,True,2.9388761265183048,0.40996258099677607,0.023267112429420363,1.1815621296278316
10.4,2.7921681345751863,True,2.938936978334493,0.41012640431724906,0.023243620796747397,1.182092034642579
10.600000000000001,2.7921681345751863,True,2.9389956190163407,0.4102842748923098,0.023220977547471128,1.1826027089123232
10.8,2.7921681345751863,True,2.9390521670461873,0.4104365116963359,0.023199137495476387,1.1830951816405175
11.0,2.7921681345751863,True,2.9391067325822036,0.4105834112936443,0.023178058610413763,1.183570409809304
11.200000000000001,2.7921681345751863,True,2.9391594181774265,0.4107252497742552,0.023157701746701797,1.1840292844105762
11.4,2.7921681345751863,True,2.9392103194254697,0.4108622844922475,0.02313803040000577,1.1844726360423312
11.600000000000001,2.7921681345751863,True,2.939259525541494,0.41099475562983406,0.023119010487993974,1.1849012399445944
11.8,2.7921681345751863,True,2.9393071198858887,0.41112288760719945,0.023100610152592516,1.1853158205392949
12.0,2.7921681345751863,True,2.9393531804371573,0.41124689035558587,0.023082799581316576,1.1857170555302656
12.200000000000001,2.7921681345751863,True,2.939397780219664,0.41136696046885896,0.023065550845563953,1.1861055796123103
12.4,2.7921681345751863,True,2.9394409876911958,0.4114832822468922,0.02304883775401973,1.1864819878322002
12.600000000000001,2.7921681345751863,True,2.939482867094675,0.4115960286424342,0.023032635719549516,1.186846838639095
12.8,2.7921681345751863,True,2.9395234787778435,0.41170536212175207,0.023016921638153283,1.187200656657471
13.0,2.7921681345751863,True,2.9395628794842583,0.4118114354480423,0.023001673778724217,1.1875439352114687
13.200000000000001,2.7921681345751863,True,2.9396011226185776,0.4119143923956223,0.022986871682501964,1.1878771386264186
13.4,2.7921681345751863,True,2.9396382584887313,0.4120143684018993,0.022972496071240602,1.1882007043300533
13.600000000000001,2.7921681345751863,True,2.93967433452731,0.41211149116338375,0.022958528763221256,1.1885150447735562
13.8,2.7921681345751863,True,2.939709395494218,0.4122058811812608,0.0229449525963386,1.188820549190187
14.0,2.7921681345751863,True,2.9397434836624092,0.4122976522614305,0.022931751357575334,1.189117585207275
14.200000000000001,2.7921681345751863,True,2.939776638988343,0.4123869119734005,0.02291890971825368,1.1894065003256913
14.4,2.7921681345751863,True,2.9398088992686042,0.4124737620719331,0.022906413174518754,1.1896876232793512
14.600000000000001,2.7921681345751863,True,2.939840300283974,0.41255829888490436,0.02289424799256772,1.1899612652858749
14.8,2.7921681345751863,True,2.9398708759321166,0.412640613670528,0.022882401158187664,1.1902277211985537
15.0,2.7921681345751863,True,2.9399006583499188,0.41272079294670566,0.02287086033021263,1.190487270568508
15.200000000000001,2.7921681345751863,True,2.939929678026407,0.41279891879502256,0.022859613797548518,1.190740178625151
15.4,2.7921681345751863,True,2.9399579639070805,0.41287506914163136,0.022848650439450877,1.1909866971821748
15.600000000000001,2.7921681345751863,True,2.9399855434904154,0.4129493180170496,0.0228379596887719,1.1912270654755799
15.8,2.7921681345751863,True,2.940012442917213,0.41302173579671303,0.02282753149792009,1.191461510939682
16.0,2.7921681345751863,True,2.9400386870534057,0.4130923894238899,0.022817356307302923,1.1916902499262647
16.2,2.7921681345751863,True,2.9400642995668727,0.41316134261649184,0.02280742501604242,1.1919134883718223
16.400000000000002,2.7921681345751863,True,2.9400893029987665,0.41322865605909126,0.022797728954775703,1.1921314224171151
16.6,2.7921681345751863,True,2.9401137188298003,0.4132943875813804,0.02278825986036886,1.1923442389830083
16.8,2.7921681345751863,True,2.9401375675419095,0.41335859232417127,0.02277900985238907,1.1925521163061477
17.0,2.7921681345751863,True,2.940160868675655,0.4134213228939408,0.022769971411193857,1.1927552244376938
17.2,2.7921681345751863,True,2.9401836408837183,0.4134826295068426,0.022761137357508964,1.192953725708093
17.400000000000002,2.7921681345751863,True,2.940205901980778,0.41354256012298657,0.022752500833378927,1.1931477751604669
17.6,2.7921681345751863,True,2.9402276689900693,0.41360116057178625,0.022744055284382676,1.1933375209551877
17.8,2.7921681345751863,True,2.9402489581868685,0.41365847466901995,0.022735794443018313,1.1935231047477368
18.0,2.7921681345751863,True,2.9402697851391393,0.4137145443262627,0.022727712313167683,1.1937046620419496
18.2,2.7921681345751863,True,2.9402901647455595,0.4137694096532629,0.022719803155559652,1.1938823225205057
18.400000000000002,2.7921681345751863,True,2.940310111271115,0.4138231090537592,0.022712061474158846,1.1940562103542585
18.6,2.7921681345751863,True,2.940329638380453,0.41387567931527997,0.022704482003410218,1.1942264444921513
18.8,2.7921681345751863,True,2.9403487591691397,0.41392715569328953,0.02269705969627926,1.194393138932896
19.0,2.7921681345751863,True,2.9403674861929936,0.4139775719901638,0.022689789713028586,1.1945564029799685
19.200000000000003,2.7921681345751863,True,2.940385831495616,0.4140269606293035,0.022682667410680146,1.194716341480917
19.400000000000002,2.7921681345751863,True,2.940403806634259,0.41407535272477286,0.02267568833311351,1.194873055052232
19.6,2.7921681345751863,True,2.9404214227041345,0.4141227781467484,0.022668848201756603,1.1950266402906942
19.8,2.7921681345751863,True,2.9404386903612827,0.41416926558308154,0.02266214290682759,1.1951771899721828
20.0,2.7921681345751863,True,2.9404556198440974,0.4142148425972499,0.02265556849909006,1.1953247932388316
0.0,3.0768971019326146,False,2.9643971019326143,-0.31990092396741926,0.08076854892573115,-1.0290819208403144
0.2,3.0768971019326146,True,3.1518971019326143,0.23826728264494593,0.05192263859511289,0.6990713190588512
0.4,3.0768971019326146,True,3.177523672294287,0.31455494568708103,0.043498763047142106,0.9560070231108015
0.6000000000000001,3.0768971019326146,True,3.1893971019326144,0.34990092396741884,0.03923043804964084,1.076742554815589
0.8,3.0768971019326146,True,3.1964569385017434,0.37091733099017643,0.03658285609392328,1.149038420160174
1.0,3.0768971019326146,True,3.2011956486185404,0.38502398340376814,0.03475986925654056,1.1977772310293793
1.2000000000000002,3.0768971019326146,True,3.2046179771435486,0.39521190327172695,0.03342037929302075,1.2330827907126727
1.4000000000000001,3.0768971019326146,True,3.207215007796042,0.4029429962947646,0.03239108211907407,1.2599337428838
1.6,3.0768971019326146,True,3.2092577834283635,0.40902412915452113,0.03157367943212591,1.2810901906670291
1.8,3.0768971019326146,True,3.2109090985122304,0.41393992424206116,0.03090791182984726,1.2982155571564504
2.0,3.0768971019326146,True,3.212273044149618,0.41800025005719454,0.030354629713096205,1.3123763059934297
2.2,3.0768971019326146,True,3.2134194725476433,0.421413049432849,0.029887221690303417,1.3242896773428963
2.4000000000000004,3.0768971019326146,True,3.2143971019326143,0.42432335151573436,0.02948693056018756,1.334456820834323
2.6,3.0768971019326146,True,3.215240998902953,0.42683554596106416,0.029140135008008144,1.3432390121551312
2.8000000000000003,3.0768971019326146,True,3.215977076162586,0.4290267722220655,0.02883669323217971,1.3509035712940103
3.0,3.0768971019326146,True,3.216624913471222,0.43095531722866687,0.028568892022171385,1.3576527179684523
3.2,3.0768971019326146,True,3.2171995912248015,0.4326660737678427,0.02833075686016995,1.3636423588025732
3.4000000000000004,3.0768971019326146,True,3.2177129191099882,0.43419419806159654,0.028117585621870996,1.3689946948835292
3.6,3.0768971019326146,True,3.2181742813516516,0.4355676259817458,0.027925625345657186,1.3738069063781926
3.8000000000000003,3.0768971019326146,True,3.2185912317062337,0.4368088442839502,0.02775184316760031,1.3781572729764555
4.0,3.0768971019326146,True,3.2189699208558324,0.43793616291592463,0.027593760790823433,1.3821095748905574
4.2,3.0768971019326146,True,3.2193154089802105,0.43896464551213754,0.027449332772333877,1.3857163145224263
4.4,3.0768971019326146,True,3.2196318980586067,0.43990680093240864,0.027316855625702043,1.3890211128291985
4.6000000000000005,3.0768971019326146,True,3.2199229070308792,0.44077310469860337,0.0271948989792411,1.392060517642912
4.800000000000001,3.0768971019326146,True,3.220191405613669,0.44157239735158277,0.027082252771581394,1.3948653861362095
5.0,3.0768971019326146,True,3.220439917755141,0.442312192425326,0.026977886277332597,1.3974619543189803
5.2,3.0768971019326146,True,3.2206706024917673,0.44299891714924916,0.02688091597429796,1.3998726734239748
5.4,3.0768971019326146,True,3.2208853177770465,0.44363810245973756,0.026790580098370573,1.4021168705206672
5.6000000000000005,3.0768971019326146,True,3.2210856713332685,0.444234534380616,0.02670621831299368,1.4042112750918148
5.800000000000001,3.0768971019326146,True,3.2212730615100154,0.44479237565470503,0.026627255330071598,1.4061704423314727
6.0,3.0768971019326146,True,3.2214487103725435,0.4453152642445226,0.026553187612582664,1.4080070960971431
6.2,3.0768971019326146,True,3.221613690694352,0.4458063936863904,0.02648357250166826,1.4097324087974832
6.4,3.0768971019326146,True,3.22176894812754,0.4462685790893011,0.02641801926670835,1.4113562313682013
6.6000000000000005,3.0768971019326146,True,3.221915319528745,0.4467043116893537,0.026356181692242492,1.4128872834392296
6.800000000000001,3.0768971019326146,True,3.222053548197887,0.44711580421392594,0.02629775190188412,1.4143333115209478
7.0,3.0768971019326146,True,3.2221842966208927,0.44750502881545473,0.026242455184529064,1.4157012213235092
7.2,3.0768971019326146,True,3.2223081571814514,0.4478737489592259,0.026190045637784865,1.4169971890209663
7.4,3.0768971019326146,True,3.222425661210242,0.4482235463619974,0.02614030248165673,1.4182267552739023
7.6000000000000005,3.0768971019326146,True,3.2225372866655335,0.44855584385635694,0.026093026925014928,1.4193949050538182
7.800000000000001,3.0768971019326146,True,3.2226434646810405,0.44887192488300903,0.026048039490358398,1.4205061357126696
8.0,3.0768971019326146,True,3.2227445851715313,0.44917295017809633,0.026005177720428357,1.4215645152715535
8.200000000000001,3.0768971019326146,True,3.222841001650869,0.44945997211601635,0.025964294204479967,1.422573732531874
8.4,3.0768971019326146,True,3.222933035388798,0.44973394708373576,0.025925254873345606,1.423537140318624
8.6,3.0768971019326146,True,3.2230209790101005,0.4499957461951251,0.025887937521479797,1.4244577929307132
8.8,3.0768971019326146,True,3.2231050996216046,0.450246164599725,0.025852230521454918,1.425338478684987
9.0,3.0768971019326146,True,3.22318564153783,0.45048592959671957,0.025818031702259093,1.4261817482887091
9.200000000000001,3.0768971019326146,True,3.223262828664181,0.450715707729461,0.02578524736752552,1.4269899396519152
9.4,3.0768971019326146,True,3.2233368665869158,0.4509361110070827,0.02575379143372075,1.4277651996507388
9.600000000000001,3.0768971019326146,True,3.2234079444111634,0.4511477023760983,0.025723584671515875,1.4285095032704425
9.8,3.0768971019326146,True,3.223476236381783,0.4513510005455197,0.02569455403619506,1.4292246704894287
10.0,3.0768971019326146,True,3.2235419033164225,0.45154648425294175,0.025666632075132714,1.4299123812094343
10.200000000000001,3.0768971019326146,True,3.223605093875733,0.451734596045822,0.02563975640217524,1.430574188491033
10.4,3.0768971019326146,True,3.223665945691921,0.4519157456410801,0.025613869230268912,1.4312115303148534
10.600000000000001,3.0768971019326146,True,3.223724586373769,0.4520903129169285,0.02558891695493357,1.4318257400567798
10.8,3.0768971019326146,True,3.2237811344036156,0.45225865058309894,0.025564849782238438,1.4324180558383925
11.0,3.0768971019326146,True,3.223835699939632,0.4524210865691305,0.025541621395825012,1.4329896288912165
11.200000000000001,3.0768971019326146,True,3.223888385534855,0.4525779261648639,0.025519188658274513,1.4335415310540816
11.4,3.0768971019326146,True,3.223939286782898,0.4527294539426488,0.02549751134275378,1.4340747615067202
11.600000000000001,3.0768971019326146,True,3.2239884928989224,0.4528759354868386,0.025476551891414363,1.434590252828988
11.8,3.0768971019326146,True,3.224036087243317,0.45301761895273557,0.02545627519748241,1.435088876463179
12.0,3.0768971019326146,True,3.2240821477945856,0.45315473647432064,0.025436648408370358,1.4355714476470467
12.200000000000001,3.0768971019326146,True,3.2241267475770923,0.45328750543761115,0.02541764074748058,1.4360387298764181
12.4,3.0768971019326146,True,3.224169955048624,0.4534161296343957,0.025399223352661135,1.4364914389489896
12.600000000000001,3.0768971019326146,True,3.2242118344521034,0.45354080030924393,0.025381369129525534,1.436930246634417
12.8,3.0768971019326146,True,3.2242524461352717,0.45366169711117305,0.025364052618063033,1.4373557840105156
13.0,3.0768971019326146,True,3.2242918468416866,0.4537789889599139,0.025347249871155705,1.4377686445003584
13.200000000000001,3.0768971019326146,True,3.224330089976006,0.45389283483563714,0.025330938343778534,1.4381693866412757
13.4,3.0768971019326146,True,3.2243672258461595,0.454003384499875,0.0253150967918029,1.4385585366128262
13.600000000000001,3.0768971019326146,True,3.2244033018847382,0.4541107791545703,0.025299705179444618,1.4389365905480032
13.8,3.0768971019326146,True,3.224438362851646,0.45421515204534957,0.0252847445945073,1.4393040166490112
14.0,3.0768971019326146,True,3.2244724510198375,0.4543166290144474,0.025270197170665004,1.4396612571266205
14.200000000000001,3.0768971019326146,True,3.224505606345771,0.4544153290081329,0.0252560460161111,1.4400087299800717
14.4,3.0768971019326146,True,3.2245378666260325,0.45451136454295105,0.025242275147972445,1.440346830632642
14.600000000000001,3.0768971019326146,True,3.224569267641402,0.4546048421346025,0.025228869431953373,1.440675933436257
14.8,3.0768971019326146,True,3.224599843289545,0.45469586269294804,0.025215814526727682,1.440996393057357
15.0,3.0768971019326146,True,3.224629625707347,0.4547845218861919,0.025203096832649534,1.4413085457547161
15.200000000000001,3.0768971019326146,True,3.224658645383835,0.4548709104770283,0.025190703444395977,1.44161271055897
15.4,3.0768971019326146,True,3.224686931264509,0.45495511463323224,0.025178622107194126,1.4419091903625363
15.600000000000001,3.0768971019326146,True,3.2247145108478437,0.4550372162149334,0.025166841176320263,1.4421982729277834
15.8,3.0768971019326146,True,3.2247414102746412,0.4551172930406115,0.02515534957958832,1.4424802318205703
16.0,3.0768971019326146,True,3.224767654410834,0.45519541913358574,0.02514413678257445,1.4427553272753952
16.2,3.0768971019326146,True,3.224793266924301,0.45527166495069854,0.02513319275634641,1.4430238069980823
16.400000000000002,3.0768971019326146,True,3.2248182703561947,0.45534609759464145,0.025122507947490415,1.4432859069111044
16.6,3.0768971019326146,True,3.2248426861872286,0.455418781011288,0.025112073250246524,1.4435418518463088
16.8,3.0768971019326146,True,3.2248665348993377,0.45548977617325054,0.025101879980581485,1.443791856189324
17.0,3.0768971019326146,True,3.2248898360330833,0.45555914125076974,0.02509191985204367,1.4440361244795235
17.2,3.0768971019326146,True,3.2249126082411466,0.45562693177095787,0.025082184953258466,1.4442748519691322
17.400000000000002,3.0768971019326146,True,3.224934869338206,0.4556932007662798,0.025072667726936233,1.444508225144575
17.6,3.0768971019326146,True,3.2249566363474975,0.4557579989131575,0.025063360950274394,1.4447364222131684
17.8,3.0768971019326146,True,3.2249779255442967,0.4558213746614117,0.025054257716647887,1.4449596135576612
18.0,3.0768971019326146,True,3.2249987524965675,0.45588337435526766,0.025045351418489507,1.4451779621611744
18.2,3.0768971019326146,True,3.2250191321029877,0.4559440423465591,0.02503663573127084,1.445391624004757
18.400000000000002,3.0768971019326146,True,3.2250390786285434,0.45600342110067915,0.02502810459850299,1.445600748439495
18.6,3.0768971019326146,True,3.2250586057378814,0.4560615512958773,0.025019752217680418,1.4458054785352568
18.8,3.0768971019326146,True,3.225077726526568,0.45611847191630467,0.025011573027101556,1.4460059514075065
19.0,3.0768971019326146,True,3.225096453550422,0.4561742203393424,0.02500356169350094,1.446202298524041
19.200000000000003,3.0768971019326146,True,3.225114798853044,0.4562288324175537,0.02499571310043678,1.4463946459928612
19.400000000000002,3.0768971019326146,True,3.225132773991687,0.456282342555687,0.024988022337379553,1.4465831148326684
19.6,3.0768971019326146,True,3.225150390061563,0.4563347837830471,0.024980484689453453,1.4467678212270998
19.8,3.0768971019326146,True,3.225167657718711,0.45638618782156876,0.024973095627785137,1.4469488767638754
20.0,3.0768971019326146,True,3.2251845872015257,0.4564365851498968,0.024965850800418174,1.4471263886599257
0.0,3.390661063224877,False,3.2781610632248768,-0.3551993696127988,0.08900485290965303,-1.2534055960563515
0.2,3.390661063224877,True,3.4656610632248768,0.2617995797418656,0.05721740544191981,0.8500912044380999
0.4,3.390661063224877,True,3.4912876335865493,0.34612793701501393,0.04793451235978964,1.1604976737795525
0.6000000000000001,3.390661063224877,True,3.503161063224877,0.3851993696127984,0.04323092855611719,1.3061845046502059
0.8,3.390661063224877,True,3.510220899794006,0.40843089892356177,0.040313361685483204,1.3933693158376566
1.0,3.390661063224877,True,3.514959609910803,0.42402438779481544,0.03830447731804607,1.4521241193978853
1.2000000000000002,3.390661063224877,True,3.518381938435811,0.4352861110176244,0.036828394006376525,1.4946743970499985
1.4000000000000001,3.390661063224877,True,3.5209789690883047,0.4438320586657858,0.035694135129797154,1.5270292092396012
1.6,3.390661063224877,True,3.523021744720626,0.4505541408999708,0.03479337850005165,1.5525186570644662
1.8,3.390661063224877,True,3.524673059804493,0.45598805914956647,0.03405971981358309,1.5731491078634314
2.0,3.390661063224877,True,3.5260370054418804,0.46047634195087395,0.03345001722422184,1.5902066046250691
2.2,3.390661063224877,True,3.5271834338399057,0.4642488492420308,0.032934945666408935,1.6045559045593218
2.4000000000000004,3.390661063224877,True,3.5281610632248768,0.46746589619342044,0.03249383518923841,1.6168011381459098
2.6,3.390661063224877,True,3.5290049601952154,0.4702428750950861,0.03211167545600074,1.6273777632510174
2.8000000000000003,3.390661063224877,True,3.5297410374548486,0.47266505587288715,0.031777290463531845,1.6366079542218868
3.0,3.390661063224877,True,3.5303888747634846,0.47479686887971906,0.03148218045322654,1.6447354032122705
3.2,3.390661063224877,True,3.530963552517064,0.4766879385873245,0.031219761660906228,1.6519479754154291
3.4000000000000004,3.390661063224877,True,3.5314768804022507,0.4783771266717763,0.030984852467145503,1.6583929104874915
3.6,3.390661063224877,True,3.531938242643914,0.4798953134364606,0.0307733172052626,1.6641872927865602
3.8000000000000003,3.390661063224877,True,3.532355192998496,0.4812673557335808,0.030581813737613407,1.6694254295085553
4.0,3.390661063224877,True,3.532733882148095,0.4825134933732318,0.030407611045107787,1.6741841555881485
4.2,3.390661063224877,True,3.533079370272473,0.483650377691929,0.03024845510244604,1.678526716745398
4.4,3.390661063224877,True,3.533395859350869,0.4846918359791434,0.030102468711620835,1.6825056575982549
4.6000000000000005,3.390661063224877,True,3.5336868683231417,0.48564944787325,0.02996807564001084,1.6861650009180766
4.800000000000001,3.390661063224877,True,3.5339553669059316,0.48653298570516684,0.029843942431268887,1.6895419135782723
5.0,3.390661063224877,True,3.5342038790474035,0.4873507549328475,0.029728933252660867,1.6926679952876893
5.2,3.390661063224877,True,3.5344345637840298,0.48810986021354424,0.02962207448556653,1.6955702863769755
5.4,3.390661063224877,True,3.534649279069309,0.4888164154424919,0.029522526685632985,1.6982720637554147
5.6000000000000005,3.390661063224877,True,3.534849632625531,0.4894757110888294,0.02942956217904552,1.7007934753424239
5.800000000000001,3.390661063224877,True,3.535037022802278,0.4900923486470819,0.029342547013194883,1.7031520500463615
6.0,3.390661063224877,True,3.535212671664806,0.49067034951980276,0.029260926303300516,1.7053631109293055
6.2,3.390661063224877,True,3.5353776519866145,0.49121324384097653,0.029184212250743705,1.7074401123844962
6.4,3.390661063224877,True,3.5355329094198025,0.49172414343114434,0.029111974280482244,1.7093949171765919
6.6000000000000005,3.390661063224877,True,3.5356792808210074,0.4922058021018588,0.02904383087202898,1.7112380255193984
6.800000000000001,3.390661063224877,True,3.5358175094901494,0.49266066580122514,0.02897944275356506,1.7129787656234816
7.0,3.390661063224877,True,3.535948257913155,0.49309091454588905,0.028918507200555447,1.7146254530807852
7.2,3.390661063224877,True,3.536072118473714,0.493498497669789,0.028860753234920652,1.7161855248838853
7.4,3.390661063224877,True,3.5361896225025045,0.4938851636021016,0.028805937562813955,1.7176656526748892
7.6000000000000005,3.390661063224877,True,3.536301247957796,0.4942524851414945,0.028753841121549488,1.7190718388905595
7.800000000000001,3.390661063224877,True,3.536407425973303,0.4946018810028942,0.028704266131560886,1.720409498747438
8.0,3.390661063224877,True,3.5365085464637938,0.49493463426364565,0.028657033569148768,1.721683530445166
8.200000000000001,3.390661063224877,True,3.5366049629431315,0.49525190821805665,0.028611980991483144,1.7228983755195524
8.4,3.390661063224877,True,3.5366969966810604,0.49555476005596105,0.028568960657807226,1.7240580709231137
8.6,3.390661063224877,True,3.536784940302363,0.4958441527063407,0.02852783790076911,1.7251662941280017
8.8,3.390661063224877,True,3.536869060913867,0.4961209651272325,0.028488489709829326,1.726226402319407
9.0,3.390661063224877,True,3.5369496028300924,0.4963860012749119,0.028450803495174072,1.7272414665645432
9.200000000000001,3.390661063224877,True,3.5370267899564434,0.4966399979461781,0.028414676005829358,1.7282143016937157
9.4,3.390661063224877,True,3.5371008278791782,0.49688363165572286,0.02838001237996672,1.7291474925091033
9.600000000000001,3.390661063224877,True,3.537171905703426,0.49711752468443454,0.028346725308913932,1.7300434168376972
9.8,3.390661063224877,True,3.5372401976740453,0.4973422504130818,0.028314734299282458,1.7309042658635414
10.0,3.390661063224877,True,3.537305864608685,0.4975583380380424,0.02828396502002268,1.7317320621068952
10.200000000000001,3.390661063224877,True,3.5373690551679955,0.4977662767511281,0.028254348723206108,1.732528675362423
10.4,3.390661063224877,True,3.5374299069841837,0.49796651945328524,0.028225821728993444,1.733295836861879
10.600000000000001,3.390661063224877,True,3.5374885476660314,0.49815948606176313,0.028198324966633315,1.7340351518880497
10.8,3.390661063224877,True,3.537545095695878,0.4983455664617815,0.028171803564501264,1.734748111034158
11.0,3.390661063224877,True,3.5375996612318943,0.4985251231465435,0.028146206483167582,1.735436100275633
11.200000000000001,3.390661063224877,True,3.5376523468271173,0.4986984935833372,0.02812148618631195,1.736100409997929
11.4,3.390661063224877,True,3.5377032480751605,0.49886599233834283,0.02809759834500415,1.7367422431045894
11.600000000000001,3.390661063224877,True,3.537752454191185,0.4990279129884162,0.028074501571466137,1.7373627223132084
11.8,3.390661063224877,True,3.5378000485355794,0.4991845298443456,0.028052157178940683,1.7379628967325955
12.0,3.390661063224877,True,3.537846109086848,0.499336099506956,0.0280305289647256,1.7385437478025618
12.200000000000001,3.390661063224877,True,3.5378907088693548,0.49948286227467853,0.028009583013805933,1.7391061946672508
12.4,3.390661063224877,True,3.5379339163408865,0.4996250434188883,0.027989287520836376,1.7396510990441367
12.600000000000001,3.390661063224877,True,3.537975795744366,0.49976285434126877,0.02796961262850345,1.7401792696430225
12.8,3.390661063224877,True,3.538016407427534,0.4998964936257836,0.027950530280533504,1.7406914661829826
13.0,3.390661063224877,True,3.538055808133949,0.5000261479962469,0.02793201408782166,1.7411884030491454
13.200000000000001,3.390661063224877,True,3.5380940512682684,0.5001519931892864,0.027914039206333174,1.7416707526266486
13.4,3.390661063224877,True,3.538131187138422,0.5002741947512496,0.02789658222558751,1.7421391483443693
13.600000000000001,3.390661063224877,True,3.5381672631770007,0.5003929087667173,0.02787962106666845,1.742594187457646
13.8,3.390661063224877,True,3.5382023241439087,0.5005082825253603,0.027863134888824484,1.7430364335956814
14.0,3.390661063224877,True,3.5382364123121,0.500620455133143,0.02784710400382631,1.7434664190965161
14.200000000000001,3.390661063224877,True,3.5382695676380336,0.5007295580732313,0.027831509797339695,1.743884647150016
14.4,3.390661063224877,True,3.538301827918295,0.5008357157213768,0.027816334656651627,1.7442915937670633
14.600000000000001,3.390661063224877,True,3.5383332289336646,0.500939045819999,0.027801561904159527,1.7446877095910667
14.8,3.390661063224877,True,3.5383638045818073,0.501039659914825,0.027787175736092667,1.7450734215665025
15.0,3.390661063224877,True,3.5383935869996095,0.5011376637574553,0.027773161165992908,1.7454491344773535
15.200000000000001,3.390661063224877,True,3.5384226066760975,0.501233157676942,0.027759503972527976,1.7458152323672085
15.4,3.390661063224877,True,3.5384508925567713,0.5013262369231147,0.02774619065125497,1.7461720798514677
15.600000000000001,3.390661063224877,True,3.538478472140106,0.5014169919841339,0.027733208369989385,1.7465200233311164
15.8,3.390661063224877,True,3.5385053715669037,0.5015055088805206,0.027720544927468407,1.746859392116647
16.0,3.390661063224877,True,3.5385316157030964,0.5015918694376272,0.027708188715029298,1.7471904994696343
16.2,3.390661063224877,True,3.5385572282165634,0.501676151538424,0.02769612868104798,1.7475136435691103
16.400000000000002,3.390661063224877,True,3.538582231648457,0.5017584293582038,0.02768435429790944,1.7478291084088682
16.6,3.390661063224877,True,3.538606647479491,0.501838773582714,0.02767285553130162,1.7481371646314452
16.8,3.390661063224877,True,3.5386304961916,0.5019172516110595,0.02766162281164437,1.7484380703039233
17.0,3.390661063224877,True,3.538653797325346,0.5019939277446054,0.027650647007482234,1.7487320716402308
17.2,3.390661063224877,True,3.538676569533409,0.5020688633630028,0.027639919400684883,1.749019403674244
17.400000000000002,3.390661063224877,True,3.5386988306304685,0.5021421170883207,0.02762943166331452,1.7493002908874336
17.6,3.390661063224877,True,3.53872059763976,0.5022137449382593,0.02761917583602943,1.7495749477947897
17.8,3.390661063224877,True,3.538741886836559,0.5022838004692339,0.027609144307907327,1.7498435794920273
18.0,3.390661063224877,True,3.53876271378883,0.502352334910136,0.027599329797579987,1.7501063821671679
18.2,3.390661063224877,True,3.53878309339525,0.5024193972874673,0.027589725335580587,1.7503635435791403
18.400000000000002,3.390661063224877,True,3.538803039920806,0.5024850345424599,0.02758032424781493,1.7506152435057531
18.6,3.390661063224877,True,3.538822567030144,0.5025492916408365,0.027571120140071927,1.7508616541635336
18.8,3.390661063224877,True,3.5388416878188305,0.5026122116756652,0.02756210688350023,1.751102940601166
19.0,3.390661063224877,True,3.5388604148426843,0.5026738359638904,0.027553278600979156,1.7513392610687575
19.200000000000003,3.390661063224877,True,3.5388787601453067,0.5027342041369237,0.027544629654322143,1.7515707673643919
19.400000000000002,3.390661063224877,True,3.5388967352839495,0.5027933542257624,0.027536154632252587,1.7517976051597646
19.6,3.390661063224877,True,3.5389143513538253,0.502851322740989,0.027527848339099246,1.7520199143062407
19.8,3.390661063224877,True,3.5389316190109734,0.5029081447480197,0.027519705784160766,1.7522378291227536
20.0,3.390661063224877,True,3.538948548493788,0.5029638539379384,0.02751172217169368,1.7524514786668153
0.0,3.736420837228581,False,3.6239208372285807,-0.3940973441882155,0.09808104697725027,-1.5262586244773684
0.2,3.736420837228581,True,3.8114208372285807,0.28773156279214335,0.06305210162823233,1.0336139723260866
0.4,3.736420837228581,True,3.837047407590253,0.3809205572420336,0.05282259343054555,1.4087876432328341
0.6000000000000001,3.736420837228581,True,3.848920837228581,0.42409734418821504,0.04763936567466441,1.5846777393846578
0.8,3.736420837228581,True,3.85598067379771,0.44976988099562343,0.04442428240736894,1.689879686368051
1.0,3.736420837228581,True,3.860719383914507,0.4670018252059299,0.04221054376758409,1.7607524551284037
1.2000000000000002,3.736420837228581,True,3.864141712439515,0.47944685196611225,0.040583938117427526,1.81206664146264
1.4000000000000001,3.736420837228581,True,3.8667387430920086,0.4888907483457604,0.03933401415798824,1.8510787836098088
1.6,3.736420837228581,True,3.86878151872433,0.4963191402209173,0.038341403638123474,1.8818089134377105
1.8,3.736420837228581,True,3.870432833808197,0.5023240168007195,0.03753293073197943,1.9066784371039456
2.0,3.736420837228581,True,3.8717967794455843,0.5072838971373635,0.03686105424036842,1.9272391049606807
2.2,3.736420837228581,True,3.8729432078436097,0.511452793252333,0.03629345869914805,1.9445341630601167
2.4000000000000004,3.736420837228581,True,3.8739208372285807,0.5150078651189297,0.03580736635677391,1.9592923336640542
2.6,3.736420837228581,True,3.8747647341989193,0.5180766296463419,0.03538623621023521,1.9720388179560446
2.8000000000000003,3.736420837228581,True,3.8755008114585525,0.5207533163310831,0.035017752592964135,1.9831621474178807
3.0,3.736420837228581,True,3.8761486487671886,0.52310912541934,0.0346925489907112,1.992956180661249
3.2,3.736420837228581,True,3.876723326520768,0.5251988955771482,0.034403370265553276,2.001647439281322
3.4000000000000004,3.736420837228581,True,3.8772366544059547,0.5270655717951719,0.03414450640683738,2.0094134478328365
3.6,3.736420837228581,True,3.877698016647618,0.5287432790642677,0.03391140001679433,2.0163953645264745
3.8000000000000003,3.736420837228581,True,3.8781149670022,0.5302594860217588,0.033700368146140344,2.022706880989736
4.0,3.736420837228581,True,3.878493656151799,0.5316365591361928,0.033508401282439655,2.0284406207056547
4.2,3.736420837228581,True,3.878839144276177,0.5328928993506958,0.03333301554808245,2.0336728221602214
4.4,3.736420837228581,True,3.879155633354573,0.5340437868301313,0.03317214231939344,2.038466821820719
4.6000000000000005,3.736420837228581,True,3.8794466423268457,0.5351020179207239,0.033024044628772266,2.0428756820960996
4.800000000000001,3.736420837228581,True,3.8797151409096355,0.5360783917619464,0.032887253041796495,2.046944200191514
5.0,3.736420837228581,True,3.8799636530511075,0.5369820864914995,0.03276051590015638,2.0507104620264074
5.2,3.736420837228581,True,3.8801943377877337,0.5378209532745982,0.032642760301302136,2.0542070573383953
5.4,3.736420837228581,True,3.880409053073013,0.5386017484120593,0.03253306119925794,2.05746203933985
5.6000000000000005,3.736420837228581,True,3.880609406629235,0.5393303182587169,0.032430616716291626,2.0604996895988243
5.800000000000001,3.736420837228581,True,3.8807967968059818,0.540011747802132,0.032334728253016566,2.063341132855097
6.0,3.736420837228581,True,3.88097244566851,0.5406504809858645,0.03224478434074931,2.066004835102818
6.2,3.736420837228581,True,3.8811374259903184,0.5412504188658219,0.03216024743802247,2.0685070100550553
6.4,3.736420837228581,True,3.8812926834235064,0.5418150002310012,0.032080643062270646,2.0708619531034196
6.6000000000000005,3.736420837228581,True,3.8814390548247113,0.5423472682443169,0.03200555078777997,2.0730823174532054
6.800000000000001,3.736420837228581,True,3.8815772834938533,0.5428499258570865,0.03193459674577681,2.0751793438074126
7.0,3.736420837228581,True,3.881708031916859,0.5433253821469403,0.031867447341649514,2.077163052482425
7.2,3.736420837228581,True,3.881831892477418,0.5437757912702669,0.03180380396455974,2.0790424049455054
7.4,3.736420837228581,True,3.8819493965062084,0.5442030853690186,0.031743398510977974,2.0808254403141
7.6000000000000005,3.736420837228581,True,3.8820610219615,0.5446090025006062,0.031685989579487525,2.0825193912374487
7.800000000000001,3.736420837228581,True,3.882167199977007,0.5449951104486519,0.03163135922211921,2.0841307827094835
8.0,3.736420837228581,True,3.8822683204674977,0.5453628271073425,0.03157931015938438,2.0856655166800446
8.200000000000001,3.736420837228581,True,3.8823647369468355,0.5457134380018596,0.031529663383483814,2.0871289447929593
8.4,3.736420837228581,True,3.8824567706847644,0.5460481114041909,0.031482256087922884,2.0885259311529065
8.6,3.736420837228581,True,3.882544714306067,0.5463679114211971,0.03143693987276118,2.0898609066820533
8.8,3.736420837228581,True,3.882628834917571,0.5466738093657117,0.03139357918356424,2.0911379163539796
9.0,3.736420837228581,True,3.8827093768337964,0.5469666936681431,0.0313520499492679,2.09236066037181
9.200000000000001,3.736420837228581,True,3.8827865639601473,0.5472473785427724,0.03131223838996802,2.0935325301783214
9.4,3.736420837228581,True,3.882860601882882,0.5475166115877494,0.03127403997038201,2.094656640040103
9.600000000000001,3.736420837228581,True,3.88293167970713,0.54777508046891,0.031237358478610113,2.0957358548282428
9.8,3.736420837228581,True,3.8829999716777492,0.5480234188138846,0.03120210521301909,2.096772814520038
10.0,3.736420837228581,True,3.883065638612389,0.5482622114233259,0.031168198262713824,2.0977699558648437
10.200000000000001,3.736420837228581,True,3.8831288291716994,0.548491998889918,0.031135561869254397,2.0987295315901977
10.4,3.736420837228581,True,3.8831896809878876,0.548713281702288,0.031104125859104118,2.0996536274682205
10.600000000000001,3.736420837228581,True,3.8832483216697353,0.548926523899669,0.031073825137822055,2.1005441775155695
10.8,3.736420837228581,True,3.883304869699582,0.5491321563337076,0.031044599238296597,2.1014029775610226
11.0,3.736420837228581,True,3.8833594352355982,0.5493305795858708,0.031016391916395644,2.1022316973818356
11.200000000000001,3.736420837228581,True,3.883412120830821,0.5495221665821621,0.03098915078832311,2.103031891582059
11.4,3.736420837228581,True,3.8834630220788644,0.5497072649411877,0.030962827004743874,2.103805009362468
11.600000000000001,3.736420837228581,True,3.883512228194889,0.5498861990868172,0.030937374957396468,2.1045524033118674
11.8,3.736420837228581,True,3.8835598225392833,0.5500592721525083,0.030912752014474566,2.1052753373322077
12.0,3.736420837228581,True,3.883605883090552,0.5502267677009158,0.030888918281536244,2.105974993795639
12.200000000000001,3.736420837228581,True,3.8836504828730587,0.5503889512793585,0.030865836385111776,2.1066524800189654
12.4,3.736420837228581,True,3.8836936903445904,0.5505460718291604,0.030843471276532877,2.107308834130377
12.600000000000001,3.736420837228581,True,3.8837355697480698,0.5506983629646233,0.030821790053811943,2.107945030393928
12.8,3.736420837228581,True,3.883776181431238,0.5508460441355323,0.03080076179966072,2.10856198404954
13.0,3.736420837228581,True,3.883815582137653,0.5509893216853413,0.03078035743396783,2.1091605557190167
13.200000000000001,3.736420837228581,True,3.8838538252719723,0.5511283898158601,0.03076054957924926,2.109741555423062
13.4,3.736420837228581,True,3.883890961142126,0.551263431467895,0.03074131243776064,2.110305746248589
13.600000000000001,3.736420837228581,True,3.8839270371807046,0.5513946191263088,0.030722621679107092,2.1108538477015206
13.8,3.736420837228581,True,3.8839620981476126,0.5515221155569463,0.03070445433731922,2.1113865387760478
14.0,3.736420837228581,True,3.883996186315804,0.5516460744820588,0.030686788716477297,2.111904460767923
14.200000000000001,3.736420837228581,True,3.8840293416417375,0.551766641200149,0.030669604304066216,2.112408219856421
14.4,3.736420837228581,True,3.884061601921999,0.5518839531555069,0.03065288169133157,2.112898389476892
14.600000000000001,3.736420837228581,True,3.8840930029373686,0.5519981404621069,0.030636602499986443,2.113375512503322
14.8,3.736420837228581,True,3.8841235785855113,0.5521093263861248,0.030620749314684056,2.113840103258627
15.0,3.736420837228581,True,3.8841533610033134,0.5522176277908036,0.030605305620734966,2.114292649368192
15.200000000000001,3.736420837228581,True,3.8841823806798015,0.5523231555470745,0.030590255746598655,2.1147336134708175
15.4,3.736420837228581,True,3.884210666560475,0.5524260149129565,0.030575584810728154,2.115163434799674
15.600000000000001,3.736420837228581,True,3.88423824614381,0.5525263058844766,0.030561278672387872,2.11558253064465
15.8,3.736420837228581,True,3.8842651455706076,0.5526241235205938,0.03054732388610162,2.115991297706447
16.0,3.736420837228581,True,3.8842913897068003,0.5527195582442992,0.030533707659423155,2.1163901133514544
16.2,3.736420837228581,True,3.8843170022202673,0.5528126961219639,0.03052041781374845,2.116779336776022
16.400000000000002,3.736420837228581,True,3.884342005652161,0.5529036191227047,0.030507442747917928,2.1171593100875072
16.6,3.736420837228581,True,3.884366421483195,0.5529924053594353,0.030494771404379083,2.117530359309035
16.8,3.736420837228581,True,3.884390270195304,0.5530791293130899,0.030482393237702004,2.117892795314155
17.0,3.736420837228581,True,3.8844135713290497,0.5531638620413737,0.03047029818525882,2.118246914697043
17.2,3.736420837228581,True,3.884436343537113,0.5532466713732846,0.03045847663989531,2.118593000583425
17.400000000000002,3.736420837228581,True,3.8844586046341725,0.5533276220904909,0.030446919424439296,2.1189313233867337
17.6,3.736420837228581,True,3.884480371643464,0.5534067760966429,0.030435617767901976,2.119262141513997
17.8,3.736420837228581,True,3.884501660840263,0.5534841925754915,0.030424563283243753,2.1195857020250854
18.0,3.736420837228581,True,3.884522487792534,0.5535599281387038,0.03041374794658506,2.119902241249029
18.2,3.736420837228581,True,3.884542867398954,0.5536340369641454,0.030403164077753658,2.120211985360606
18.400000000000002,3.736420837228581,True,3.88456281392451,0.5537065709253061,0.030392804322070262,2.1205151509200277
18.6,3.736420837228581,True,3.884582341033848,0.5537775797125946,0.030382661633279556,2.1208119453787293
18.8,3.736420837228581,True,3.8846014618225344,0.5538471109469982,0.0303727292575458,2.121102567553351
19.0,3.736420837228581,True,3.8846201888463883,0.5539152102867588,0.03036300071843393,2.121387208070602
19.200000000000003,3.736420837228581,True,3.8846385341490106,0.553981921527481,0.03035346980280811,2.121666049784758
19.400000000000002,3.736420837228581,True,3.8846565092876535,0.5540472866961946,0.030344130547581418,2.1219392681699536
19.6,3.736420837228581,True,3.884674125357529,0.5541113461397602,0.03033497722725846,2.1222070316888977
19.8,3.736420837228581,True,3.8846913930146774,0.554174138608024,0.03032600434221537,2.122469502139698
20.0,3.736420837228581,True,3.884708322497492,0.5542357013320948,0.03031720660766681,2.1227268349823563
0.0,4.1174391696932675,False,4.004939169693268,-0.4369619065904928,0.1080827782044483,-1.8580886335725635
0.2,4.1174391696932675,True,4.192439169693268,0.31630793772699484,0.06948178598857391,1.256620001822978
0.4,4.1174391696932675,True,4.21806574005494,0.41926112528287846,0.058209132405179616,1.7102618562874121
0.6000000000000001,4.1174391696932675,True,4.229939169693267,0.46696190659049225,0.05249734941358916,1.9227231100281827
0.8,4.1174391696932675,True,4.236999006262396,0.4953243705549434,0.04895441076848548,2.0497344550503565
1.0,4.1174391696932675,True,4.241737716379193,0.5143618501919853,0.04651492801641025,2.135273131809518
1.2000000000000002,4.1174391696932675,True,4.2451600449042015,0.5281108468599127,0.04472245064050343,2.1971926157297195
1.4000000000000001,4.1174391696932675,True,4.247757075556695,0.5385442595281337,0.04334506674989472,2.244260122161176
1.6,4.1174391696932675,True,4.2497998511890165,0.5467509863683171,0.04225123561770023,2.281331024887822
1.8,4.1174391696932675,True,4.251451166272883,0.5533850442677478,0.041360319375550604,2.311329172474537
2.0,4.1174391696932675,True,4.252815111910271,0.558864612896722,0.04061992885096312,2.3361279423881
2.2,4.1174391696932675,True,4.253961540308296,0.5634703192481971,0.039994453237863443,2.356986613949205
2.4000000000000004,4.1174391696932675,True,4.254939169693268,0.567397885832824,0.03945879204289382,2.374784697188338
2.6,4.1174391696932675,True,4.255783066663605,0.5707881905766466,0.038994717508349895,2.390155998599302
2.8000000000000003,4.1174391696932675,True,4.2565191439232395,0.5737453361914185,0.03858865808805516,2.4035693491473933
3.0,4.1174391696932675,True,4.257166981231875,0.5763479831707202,0.03823029212544727,2.415379311528527
3.2,4.1174391696932675,True,4.257741658985454,0.5786567160879018,0.037911624646092795,2.425859181693085
3.4000000000000004,4.1174391696932675,True,4.258254986870641,0.5807189796407469,0.037626363365865764,2.4352231276597753
3.6,4.1174391696932675,True,4.258716349112305,0.5825724743818235,0.03736948615024115,2.4436414350424402
3.8000000000000003,4.1174391696932675,True,4.259133299466886,0.584247547068138,0.03713693448431884,2.451251248365435
4.0,4.1174391696932675,True,4.259511988616485,0.5857689076908746,0.036925391963195685,2.458164292904868
4.2,4.1174391696932675,True,4.259857476740863,0.5871568852144146,0.03673212141795822,2.4644725260825426
4.4,4.1174391696932675,True,4.260173965819259,0.5884283608347438,0.036554843278793776,2.470252340299083
4.6000000000000005,4.1174391696932675,True,4.260464974791533,0.5895974716786839,0.036391643452310364,2.475567733860365
4.800000000000001,4.1174391696932675,True,4.260733473374322,0.5906761484021901,0.03624090265976187,2.480472734761268
5.0,4.1174391696932675,True,4.2609819855157935,0.5916745308134841,0.03610124160604849,2.4850132754787166
5.2,4.1174391696932675,True,4.26121267025242,0.5926012927102573,0.035971477980296734,2.489228658924615
5.4,4.1174391696932675,True,4.2614273855377,0.5934638983076701,0.03585059240575531,2.4931527161705103
5.6000000000000005,4.1174391696932675,True,4.261627739093921,0.5942688065322227,0.03573770123389327,2.4968147291620655
5.800000000000001,4.1174391696932675,True,4.261815129270668,0.5950216351683023,0.03563203462624656,2.500240172377396
6.0,4.1174391696932675,True,4.261990778133196,0.5957272937887346,0.03553291876013354,2.5034513136496983
6.2,4.1174391696932675,True,4.262155758455005,0.596390092195797,0.03543976127875353,2.506467704459074
6.4,4.1174391696932675,True,4.262311015888193,0.5970138294892722,0.03535203931458563,2.509306582755135
6.6000000000000005,4.1174391696932675,True,4.262457387289398,0.5976018676897955,0.0352692895693619,2.511983206022949
6.800000000000001,4.1174391696932675,True,4.262595615958539,0.5981571929595803,0.03519110004935897,2.514511128314214
7.0,4.1174391696932675,True,4.262726364381546,0.5986824667955403,0.03511710314193878,2.5169024319603905
7.2,4.1174391696932675,True,4.262850224942104,0.5991800690631092,0.03504696978567707,2.5191679224008237
7.4,4.1174391696932675,True,4.262967728970895,0.5996521343509685,0.03498040453741527,2.5213172928092833
7.6000000000000005,4.1174391696932675,True,4.2630793544261865,0.6001005828273919,0.034917141379032846,2.523359263851543
7.800000000000001,4.1174391696932675,True,4.263185532441693,0.6005271465458505,0.03485694013750206,2.5253017028552605
8.0,4.1174391696932675,True,4.263286652932184,0.6009333919652058,0.03479958341592646,2.5271517258506
8.200000000000001,4.1174391696932675,True,4.263383069411522,0.6013207393059024,0.034744873952338946,2.5289157852904647
8.4,4.1174391696932675,True,4.26347510314945,0.6016904792495897,0.03469263233819129,2.5305997457444955
8.6,4.1174391696932675,True,4.263563046770753,0.6020437873985356,0.03464269504058552,2.5322089494497186
8.8,4.1174391696932675,True,4.263647167382258,0.6023817368381715,0.03459491268203921,2.533748273270836
9.0,4.1174391696932675,True,4.263727709298482,0.6027053090872164,0.03454914853944708,2.535222178357024
9.200000000000001,4.1174391696932675,True,4.263804896424834,0.6030154036720158,0.03450527723029619,2.5366347535660427
9.4,4.1174391696932675,True,4.263878934347568,0.6033128465228523,0.03446318355940752,2.5379897535506504
9.600000000000001,4.1174391696932675,True,4.263950012171817,0.6035983973580831,0.03442276150375483,2.5392906322581323
9.8,4.1174391696932675,True,4.264018304142436,0.6038727561958238,0.03438391331643132,2.540540572475504
10.0,4.1174391696932675,True,4.264083971077075,0.6041365691111995,0.034346548733748164,2.5417425119548156
10.200000000000001,4.1174391696932675,True,4.2641471616363855,0.6043904333393275,0.034310584271863016,2.5428991665722154
10.4,4.1174391696932675,True,4.264208013452574,0.604634901809229,0.03427594260135257,2.544013050906672
10.600000000000001,4.1174391696932675,True,4.264266654134422,0.6048704871814223,0.034242551989825724,2.545086496567956
10.8,4.1174391696932675,True,4.2643232021642685,0.6050976654514973,0.034210345804088646,2.5461216685561636
11.0,4.1174391696932675,True,4.264377767700284,0.6053168791732034,0.03417926206456179,2.547120579895366
11.200000000000001,4.1174391696932675,True,4.264430453295508,0.6055285403471315,0.03414924304565607,2.548085104750229
11.4,4.1174391696932675,True,4.264481354543551,0.605733033014807,0.03412023491666704,2.5490169902060904
11.600000000000001,4.1174391696932675,True,4.264530560659575,0.6059307155927111,0.03409218741846958,2.5499178668689724
11.8,4.1174391696932675,True,4.26457815500397,0.6061219229761381,0.03406505357191525,2.550789258421122
12.0,4.1174391696932675,True,4.264624215555239,0.6063069684389825,0.03403878941436038,2.5516325902504104
12.200000000000001,4.1174391696932675,True,4.264668815337745,0.6064861453521841,0.03401335376120752,2.552449197256647
12.4,4.1174391696932675,True,4.2647120228092765,0.6066597287407389,0.033988707989730256,2.5532403309251133
12.600000000000001,4.1174391696932675,True,4.264753902212756,0.6068279766966801,0.03396481584278884,2.5540071657462486
12.8,4.1174391696932675,True,4.264794513895925,0.6069911316633886,0.03394164325033089,2.554750805051168
13.0,4.1174391696932675,True,4.26483391460234,0.6071494216046538,0.03391915816682542,2.5554722863238966
13.200000000000001,4.1174391696932675,True,4.264872157736659,0.6073030610704391,0.03389733042299282,2.5561725860445685
13.4,4.1174391696932675,True,4.264909293606812,0.6074522521697945,0.03387613159038569,2.55685262411096
13.600000000000001,4.1174391696932675,True,4.264945369645392,0.6075971854602696,0.033855534857537874,2.5575132678808115
13.8,4.1174391696932675,True,4.264980430612299,0.607738040762053,0.0338355149165448,2.5581553358722706
14.0,4.1174391696932675,True,4.26501451878049,0.6078749879041665,0.03381604785906382,2.5587796011557216
14.200000000000001,4.1174391696932675,True,4.265047674106424,0.6080081874092561,0.03379711108083356,2.559386794466677
14.4,4.1174391696932675,True,4.265079934386685,0.6081377911228041,0.0337786831939084,2.559977607066205
14.600000000000001,4.1174391696932675,True,4.265111335402055,0.6082639427919181,0.033760743945891285,2.5605526933722658
14.8,4.1174391696932675,True,4.265141911050198,0.6083867785984052,0.03374327414552028,2.561112673383355
15.0,4.1174391696932675,True,4.265171693468,0.6085064276502518,0.03372625559403455,2.5616581349131526
15.200000000000001,4.1174391696932675,True,4.265200713144488,0.6086230124352667,0.03370967102180157,2.5621896356532443
15.4,4.1174391696932675,True,4.265228999025162,0.6087366492402356,0.03369350402974131,2.5627077050791196
15.600000000000001,4.1174391696932675,True,4.265256578608496,0.6088474485386078,0.03367773903512871,2.5632128462131663
15.8,4.1174391696932675,True,4.265283478035294,0.6089555153494677,0.03366236122139659,2.563705537257156
16.0,4.1174391696932675,True,4.265309722171487,0.6090609495701822,0.0336473564915999,2.564186233105096
16.2,4.1174391696932675,True,4.265335334684954,0.6091638462850184,0.033632711425231845,2.564655366746851
16.400000000000002,4.1174391696932675,True,4.265360338116848,0.6092642960516852,0.03361841323811447,2.5651133505714245
16.6,4.1174391696932675,True,4.265384753947882,0.6093623851676421,0.03360444974511079,2.5655605775782666
16.8,4.1174391696932675,True,4.265408602659991,0.609458195917816,0.033590809325429634,2.5659974225040614
17.0,4.1174391696932675,True,4.265431903793736,0.6095518068052241,0.033577480890315245,2.5664242428718036
17.2,4.1174391696932675,True,4.2654546760017995,0.6096432927658778,0.033564453852932025,2.5668413799684155
17.400000000000002,4.1174391696932675,True,4.265476937098859,0.6097327253691645,0.03355171810027347,2.5672491597563294
17.6,4.1174391696932675,True,4.2654987041081505,0.6098201730048995,0.03353926396693669,2.5676478937244704
17.8,4.1174391696932675,True,4.26551999330495,0.6099057010580121,0.03352708221062085,2.5680378796830015
18.0,4.1174391696932675,True,4.26554082025722,0.6099893720718488,0.03351516398921812,2.568419402506322
18.2,4.1174391696932675,True,4.26556119986364,0.6100712459009449,0.03350350083937719,2.568792734828163
18.400000000000002,4.1174391696932675,True,4.265581146389196,0.6101513798540114,0.03349208465643167,2.569158137692192
18.6,4.1174391696932675,True,4.265600673498534,0.6102298288279376,0.03348090767559034,2.569515861161756
18.8,4.1174391696932675,True,4.265619794287221,0.6103066454333621,0.033469962454300804,2.569866144891281
19.0,4.1174391696932675,True,4.265638521311074,0.6103818801125234,0.03345924185569907,2.5702092186625585
19.200000000000003,4.1174391696932675,True,4.265656866613697,0.6104555812498594,0.03344873903307004,2.5705453028880485
19.400000000000002,4.1174391696932675,True,4.2656748417523405,0.6105277952759247,0.03343844741524611,2.5708746090837895
19.6,4.1174391696932675,True,4.265692457822216,0.6105985667650587,0.03342836069287935,2.5711973403138866
19.8,4.1174391696932675,True,4.265709725479364,0.6106679385272549,0.03341847280552644,2.571513691608619
20.0,4.1174391696932675,True,4.265726654962179,0.610735951694637,0.03340877792949056,2.5718238503580158
0.0,4.537311522087318,False,4.424811522087318,-0.4841975462348235,0.11910442745479212,-2.261587309001046
0.2,4.537311522087318,True,4.612311522087318,0.3477983641565486,0.0765671319352235,1.5275872704271465
0.4,4.537311522087318,True,4.637938092448991,0.4615114400939793,0.06414495910388958,2.0763165290089676
0.6000000000000001,4.537311522087318,True,4.649811522087318,0.5141975462348229,0.05785072190661331,2.333070953205093
0.8,4.537311522087318,True,4.6568713586564465,0.5455242403870717,0.053946495110792816,2.486489715400576
1.0,4.537311522087318,True,4.661610068773244,0.5665513733881667,0.05125824818284881,2.5897833384807387
1.2000000000000002,4.537311522087318,True,4.665032397298252,0.5817373111845546,0.04928298445323585,2.6645404189398865
1.4000000000000001,4.537311522087318,True,4.667629427950746,0.5932611452220774,0.047765143013537785,2.7213580368847916
1.6,4.537311522087318,True,4.669672203583067,0.6023255770724169,0.04655976938328363,2.7661032353789117
1.8,4.537311522087318,True,4.6713235186669335,0.6096529765206545,0.04557800271615849,2.802308284730075
2.0,4.537311522087318,True,4.672687464304322,0.6157052282129363,0.044762111498437035,2.832235990078782
2.2,4.537311522087318,True,4.673833892702347,0.6207922881527416,0.04407285354242618,2.8574071831540993
2.4000000000000004,4.537311522087318,True,4.674811522087318,0.625130334287006,0.0434825687533368,2.878883920777856
2.6,4.537311522087318,True,4.675655419057656,0.6288749680369426,0.04297117061339772,2.8974314815982436
2.8000000000000003,4.537311522087318,True,4.67639149631729,0.6321411721422607,0.04252370362957033,2.9136158982485423
3.0,4.537311522087318,True,4.677039333625926,0.6350158280963079,0.042128793603155586,2.9278652118783155
3.2,4.537311522087318,True,4.677614011379505,0.6375658523137534,0.041777630279011733,2.940509333680917
3.4000000000000004,4.537311522087318,True,4.678127339264692,0.6398436480533013,0.04146327972269838,2.951806783090306
3.6,4.537311522087318,True,4.678588701506356,0.641890856044091,0.041180207671799786,2.961963099016327
3.8000000000000003,4.537311522087318,True,4.679005651860937,0.6437409946566153,0.04092394174781565,2.9711438105850685
4.0,4.537311522087318,True,4.679384341010536,0.6454213563834201,0.04069082735827751,2.979483761056079
4.2,4.537311522087318,True,4.679729829134914,0.646954394818467,0.040477848213803264,2.9870939313081024
4.4,4.537311522087318,True,4.680046318213311,0.6483587554526493,0.04028249228739015,2.9940665140501452
4.6000000000000005,4.537311522087318,True,4.680337327185583,0.6496500529183453,0.04010265029760284,3.0004787419842183
4.800000000000001,4.537311522087318,True,4.680605825768373,0.6508414647734219,0.03993653784112427,3.0063958138289752
5.0,4.537311522087318,True,4.680854337909844,0.6519441905621542,0.0397826349704116,3.01187315749757
5.2,4.537311522087318,True,4.681085022646471,0.6529678106019562,0.03963963880944704,3.0169581996696277
5.4,4.537311522087318,True,4.6812997379317505,0.6539205692112942,0.0395064260314033,3.021691763245609
5.6000000000000005,4.537311522087318,True,4.681500091487972,0.6548096003548081,0.03938202287844312,3.0261091810897933
5.800000000000001,4.537311522087318,True,4.681687481664719,0.655641108945214,0.03926558100848077,3.0302411912051017
6.0,4.537311522087318,True,4.681863130527248,0.6564205176667512,0.039156357886340566,3.0341146618992316
6.2,4.537311522087318,True,4.682028110849056,0.6571525867496301,0.03905370075014159,3.037753183528799
6.4,4.537311522087318,True,4.682183368282244,0.6578415123468047,0.03895703341339287,3.0411775546624544
6.6000000000000005,4.537311522087318,True,4.682329739683449,0.6584910078518751,0.038865845333380174,3.0444061840455823
6.800000000000001,4.537311522087318,True,4.68246796835259,0.6591043715181407,0.038779682503671094,3.047455424931188
7.0,4.537311522087318,True,4.682598716775597,0.6596845430020399,0.03869813982464192,3.0503398547134064
7.2,4.537311522087318,True,4.682722577336155,0.6602341508945395,0.03862085467910992,3.053072510043116
7.4,4.537311522087318,True,4.682840081364946,0.6607555528753829,0.03854750149635206,3.055665085492946
7.6000000000000005,4.537311522087318,True,4.682951706820237,0.6612508697943067,0.038477787131276545,3.0581281022083386
7.800000000000001,4.537311522087318,True,4.683057884835744,0.6617220147259087,0.038411446919415705,3.0604710517121454
8.0,4.537311522087318,True,4.683159005326234,0.6621707178434816,0.038348241295009716,3.062702519037028
8.200000000000001,4.537311522087318,True,4.683255421805573,0.6625985477981674,0.03828795288047041,3.064830288575796
8.4,4.537311522087318,True,4.683347455543501,0.6630069301638983,0.038230383972215655,3.066861435418585
8.6,4.537311522087318,True,4.683435399164804,0.6633971634079987,0.03817535436121951,3.0688024044493196
8.8,4.537311522087318,True,4.683519519776309,0.6637704327666717,0.038122699437357965,3.070659079075717
9.0,4.537311522087318,True,4.683600061692533,0.6641278223395484,0.03807226853530357,3.072436841145933
9.200000000000001,4.537311522087318,True,4.683677248818885,0.6644703256646634,0.038023923486768425,3.0741406233440904
9.4,4.537311522087318,True,4.683751286741619,0.6647988549922849,0.03797753734964321,3.075774955144826
9.600000000000001,4.537311522087318,True,4.683822364565867,0.6651142494407857,0.0379329932892939,3.077344003232899
9.8,4.537311522087318,True,4.683890656536486,0.6654172821888799,0.03789018359115614,3.078851607151241
10.0,4.537311522087318,True,4.683956323471126,0.6657086668345773,0.0378490087869783,3.080301310822373
10.200000000000001,4.537311522087318,True,4.684019514030436,0.665989063031492,0.03780937687972433,3.08169639049063
10.4,4.537311522087318,True,4.684080365846625,0.6662590814966038,0.03777120265436884,3.0830398795508795
10.600000000000001,4.537311522087318,True,4.684139006528473,0.6665192884698308,0.03773440706367124,3.0843345906614665
10.8,4.537311522087318,True,4.684195554558319,0.6667702096942206,0.037698916679574514,3.085583135482012
11.0,4.537311522087318,True,4.684250120094335,0.6670123339758934,0.03766466320218428,3.0867879423287974
11.200000000000001,4.537311522087318,True,4.684302805689558,0.6672461163746252,0.03763158301939367,3.0879512719997244
11.4,4.537311522087318,True,4.684353706937602,0.6674719810690563,0.03759961681115799,3.0890752319866603
11.600000000000001,4.537311522087318,True,4.684402913053626,0.6676903239346478,0.03756870919322067,3.0901617892639623
11.8,4.537311522087318,True,4.6844505073980205,0.6679015148674164,0.037538808395774594,3.091212781816801
12.0,4.537311522087318,True,4.68449656794929,0.6681058998822745,0.037509865973122974,3.092229929052064
12.200000000000001,4.537311522087318,True,4.684541167731796,0.6683038030110734,0.03748183654090408,3.0932148412161897
12.4,4.537311522087318,True,4.684584375203327,0.6684955280223412,0.0374546775378719,3.094169027928886
12.600000000000001,4.537311522087318,True,4.6846262546068065,0.6686813599819382,0.03742834900959574,3.0950939059279774
12.8,4.537311522087318,True,4.684666866289975,0.6688615666715934,0.03740281341175861,3.095990806109458
13.0,4.537311522087318,True,4.684706266996391,0.669036399880147,0.03737803543101383,3.0968609799362135
13.200000000000001,4.537311522087318,True,4.6847445101307095,0.6692060965807017,0.03735398182159518,3.0977056052808485
13.4,4.537311522087318,True,4.684781646000863,0.6693708800052167,0.037330621256088575,3.0985257917597964
13.600000000000001,4.537311522087318,True,4.684817722039442,0.6695309606268751,0.0373079241889514,3.0993225856099254
13.8,4.537311522087318,True,4.68485278300635,0.6696865370593112,0.0372858627315271,3.1000969741526725
14.0,4.537311522087318,True,4.684886871174541,0.6698377968807919,0.03726441053744011,3.100849889885861
14.200000000000001,4.537311522087318,True,4.684920026500475,0.6699849173905758,0.03724354269737879,3.101582214238996
14.4,4.537311522087318,True,4.684952286780736,0.670128066303886,0.037223235642379976,3.1022947810239634
14.600000000000001,4.537311522087318,True,4.684983687796105,0.6702674023911908,0.037203467054825655,3.102988379609371
14.8,4.537311522087318,True,4.685014263444248,0.6704030760669895,0.03718421578644133,3.1036637578443034
15.0,4.537311522087318,True,4.685044045862051,0.6705352299326587,0.037165461782663,3.1043216247540806
15.200000000000001,4.537311522087318,True,4.685073065538538,0.6706639992775064,0.037147186012802105,3.104962653028601
15.4,4.537311522087318,True,4.685101351419212,0.6707895125417334,0.037129370405496374,3.1055874813216136
15.600000000000001,4.537311522087318,True,4.685128931002547,0.6709118917446383,0.03711199778898563,3.106196716377468
15.8,4.537311522087318,True,4.685155830429345,0.6710312528811059,0.03709505183579588,3.1067909350004252
16.0,4.537311522087318,True,4.685182074565537,0.6711477062890201,0.03707851701145811,3.107370685879635
16.2,4.537311522087318,True,4.6852076870790045,0.6712613569901363,0.03706237852692077,3.10793649128235
16.400000000000002,4.537311522087318,True,4.685232690510898,0.6713723050065703,0.037046622294350254,3.108488848626086
16.6,4.537311522087318,True,4.685257106341933,0.6714806456549391,0.037031234886040605,3.109028231939832
16.8,4.537311522087318,True,4.685280955054042,0.6715864698199678,0.037016203496180386,3.109555093223291
17.0,4.537311522087318,True,4.685304256187787,0.6716898642092153,0.0370015159052474,3.1100698637123854
17.2,4.537311522087318,True,4.68532702839585,0.6717909115904377,0.03698716044682251,3.1105729550585424
17.400000000000002,4.537311522087318,True,4.68534928949291,0.6718896910129135,0.036973125976634,3.1110647604283312
17.6,4.537311522087318,True,4.685371056502201,0.6719862780140443,0.03695940184365772,3.1115456555299867
17.8,4.537311522087318,True,4.685392345699,0.6720807448122976,0.03694597786311711,3.1120159995721055
18.0,4.537311522087318,True,4.685413172651271,0.6721731604875772,0.0369328442912379,3.112476136159893
18.2,4.537311522087318,True,4.685433552257691,0.672263591149962,0.03691999180162578,3.1129263941336527
18.400000000000002,4.537311522087318,True,4.685453498783247,0.6723521000976356,0.03690741146314786,3.1133670883535824
18.6,4.537311522087318,True,4.685473025892585,0.6724387479648952,0.03689509471920497,3.113798520435294
18.8,4.537311522087318,True,4.685492146681272,0.672523592860845,0.03688303336829678,3.1142209794390654
19.0,4.537311522087318,True,4.685510873705125,0.6726066904995651,0.03687121954578366,3.114634742516746
19.200000000000003,4.537311522087318,True,4.685529219007748,0.6726880943222687,0.03685964570676258,3.1150400755188676
19.400000000000002,4.537311522087318,True,4.685547194146391,0.6727678556120805,0.036848304609976706,3.1154372335650913
19.6,4.537311522087318,True,4.685564810216267,0.6728460236019133,0.03683718930268773,3.115826461580381
19.8,4.537311522087318,True,4.6855820778734145,0.6729226455759365,0.036826293106443794,3.1162079947993284
20.0,4.537311522087318,True,4.685599007356229,0.672997766965093,0.03681560960368155,3.116582059240917
0.0,5.000000000000001,False,4.887500000000001,-0.5362500000000003,0.13125000000000003,-2.7521718750000024
0.2,5.000000000000001,True,5.075000000000001,0.3824999999999998,0.08437500000000003,1.8568124999999993
0.4,5.000000000000001,True,5.1006265703616736,0.5080701947721951,0.07068608667449477,2.520790248389394
0.6000000000000001,5.000000000000001,True,5.112500000000001,0.5662499999999997,0.06375000000000001,2.8312031249999987
0.8,5.000000000000001,True,5.119559836569129,0.600843199188731,0.059447643002012336,3.0166050676403198
1.0,5.000000000000001,True,5.124298546685926,0.6240628787610363,0.056485264383244596,3.141399238292569
1.2000000000000002,5.000000000000001,True,5.127720875210935,0.6408322885335774,0.05430857481719042,3.2317005286056313
1.4000000000000001,5.000000000000001,True,5.1303179058634285,0.6535577387307949,0.052635952789466166,3.3003230167367437
1.6,5.000000000000001,True,5.13236068149575,0.6635673393291704,0.05130766220991649,3.354359259687866
1.8,5.000000000000001,True,5.134011996579616,0.6716587832401165,0.05022578072310876,3.3980784700397177
2.0,5.000000000000001,True,5.135375942217005,0.6783421168633169,0.049326689693376995,3.434215097839057
2.2,5.000000000000001,True,5.13652237061503,0.6839596160136403,0.04856714524436177,3.4646067230069675
2.4000000000000004,5.000000000000001,True,5.137500000000001,0.6887499999999999,0.047916666666666684,3.4905364583333336
2.6,5.000000000000001,True,5.138343896970339,0.6928850951546575,0.04735311913697907,3.5129287808526675
2.8000000000000003,5.000000000000001,True,5.139079974229973,0.6964918737268615,0.04686002208859575,3.532467418395029
3.0,5.000000000000001,True,5.1397278115386085,0.6996662765391762,0.04642484144859301,3.549669378875474
3.2,5.000000000000001,True,5.140302489292187,0.7024821975317158,0.04603786854356498,3.5649331201121597
3.4000000000000004,5.000000000000001,True,5.140815817177375,0.704997504169131,0.045691462357012526,3.5785708581462283
3.6,5.000000000000001,True,5.141277179419038,0.7072581791532823,0.04537952427482376,3.5908308121634085
3.8000000000000003,5.000000000000001,True,5.14169412977362,0.7093012358907332,0.045097125851510024,3.6019128749690466
4.0,5.000000000000001,True,5.142072818923219,0.7111568127237681,0.04484023982064863,3.6119798768783093
4.2,5.000000000000001,True,5.142418307047596,0.7128497045332202,0.04460554230931677,3.6211658284557844
4.4,5.000000000000001,True,5.142734796125993,0.7144005010173617,0.04439026512869766,3.629582049823131
4.6000000000000005,5.000000000000001,True,5.143025805098266,0.7158264449814975,0.04419208390517812,3.6373217946064176
4.800000000000001,5.000000000000001,True,5.1432943036810554,0.7171420880371667,0.04400903227243266,3.644463784059065
5.0,5.000000000000001,True,5.143542815822527,0.7183597975303796,0.04383943528756235,3.6510749404755467
5.2,5.000000000000001,True,5.143773500559154,0.7194901527398488,0.04368185721487717,3.6572125243616154
5.4,5.000000000000001,True,5.143988215844433,0.7205422576377173,0.04353506017725338,3.662925822129108
5.6000000000000005,5.000000000000001,True,5.144188569400654,0.7215239900632038,0.04339797111872766,3.6682574911127563
5.800000000000001,5.000000000000001,True,5.144375959577402,0.7224422019292646,0.04326965518825262,3.673244640600819
6.0,5.000000000000001,True,5.144551608439929,0.7233028813556521,0.04314929413126048,3.677919707536195
6.2,5.000000000000001,True,5.144716588761739,0.7241112849325141,0.0430361686210335,3.68231117108085
6.4,5.000000000000001,True,5.144871846194927,0.724872046355135,0.042929643714954044,3.6864441396712837
6.6000000000000005,5.000000000000001,True,5.145018217596132,0.7255892662210388,0.04282915680814943,3.6903408363913046
6.800000000000001,5.000000000000001,True,5.145156446265273,0.7262665866998336,0.042734207597267995,3.6940210026684572
7.0,5.000000000000001,True,5.145287194688279,0.726907253972563,0.04264434967299695,3.6975022359180523
7.2,5.000000000000001,True,5.145411055248838,0.7275141707193009,0.042559183440575195,3.7008002734287055
7.4,5.000000000000001,True,5.145528559277628,0.7280899404603739,0.04247835012948252,3.70392923223212
7.6000000000000005,5.000000000000001,True,5.14564018473292,0.7286369051913029,0.04240152670140605,3.7069018127303925
7.800000000000001,5.000000000000001,True,5.145746362748427,0.7291571774672877,0.04232842150294447,3.70972947232126
8.0,5.000000000000001,True,5.145847483238917,0.7296526678706914,0.04225877053882364,3.712422574062135
8.200000000000001,5.000000000000001,True,5.145943899718255,0.7301251086194478,0.04219233426456098,3.714990514466815
8.4,5.000000000000001,True,5.146035933456184,0.7305760739352976,0.04212889481591995,3.717441833778463
8.6,5.000000000000001,True,5.146123877077486,0.7310069976796806,0.0420682536072127,3.7197843114629183
8.8,5.000000000000001,True,5.146207997688991,0.7314191886760515,0.04201022924233802,3.7220250491855515
9.0,5.000000000000001,True,5.146288539605216,0.7318138440655545,0.041954655692000006,3.7241705431470016
9.200000000000001,5.000000000000001,True,5.146365726731568,0.7321920609846755,0.04190138069831728,3.726226747338166
9.4,5.000000000000001,True,5.146439764654302,0.7325548468060749,0.04185026437436706,3.7281991290186567
9.600000000000001,5.000000000000001,True,5.14651084247855,0.7329031281448903,0.04180117797140302,3.7300927175127216
9.8,5.000000000000001,True,5.146579134449169,0.7332377588009239,0.04175400279075986,3.7319121472443477
10.0,5.000000000000001,True,5.146644801383808,0.733559526780659,0.041708629220995684,3.73366169579025
10.200000000000001,5.000000000000001,True,5.146707991943119,0.7338691605212795,0.04166495588375507,3.7353453176117015
10.4,5.000000000000001,True,5.1467688437593075,0.7341673344206017,0.04162288887428298,3.73696667402749
10.600000000000001,5.000000000000001,True,5.146827484441156,0.7344546737616565,0.0415823410845638,3.7385291599081927
10.8,5.000000000000001,True,5.146884032471002,0.7347317591079051,0.04154323159877695,3.7400359275030306
11.0,5.000000000000001,True,5.146938598007018,0.7349991302343837,0.041505485152204466,3.7414899077527317
11.200000000000001,5.000000000000001,True,5.146991283602241,0.7352572896509771,0.041469031645949075,3.7428938293926386
11.4,5.000000000000001,True,5.147042184850284,0.7355067057663893,0.04143380571085505,3.744250236109017
11.600000000000001,5.000000000000001,True,5.147091390966309,0.735747815734908,0.041399746314903445,3.745561501976508
11.8,5.000000000000001,True,5.147138985310703,0.7359810280224419,0.04136679640910513,3.7468298453742546
12.0,5.000000000000001,True,5.147185045861972,0.7362067247236583,0.041334902607554666,3.748057341553081
12.200000000000001,5.000000000000001,True,5.147229645644479,0.7364252636579404,0.04130401489785868,3.7492459340038433
12.4,5.000000000000001,True,5.14727285311601,0.7366369802684457,0.04127408637862436,3.7503974447585002
12.600000000000001,5.000000000000001,True,5.147314732519489,0.7368421893454944,0.04124507302110196,3.7515135837388764
12.8,5.000000000000001,True,5.1473553442026585,0.7370411865930202,0.04121693345242476,3.7525959572546266
13.0,5.000000000000001,True,5.147394744909073,0.7372342500544538,0.04118962875819762,3.7536460757390793
13.200000000000001,5.000000000000001,True,5.147432988043392,0.7374216414126171,0.041163122302445614,3.754665360801965
13.4,5.000000000000001,True,5.147470123913545,0.7376036071763694,0.041137379563168305,3.755655151668056
13.600000000000001,5.000000000000001,True,5.147506199952125,0.7377803797654071,0.04111236798194153,3.756616711063525
13.8,5.000000000000001,True,5.1475412609190325,0.7379521785032561,0.04108805682618673,3.7575512306044114
14.0,5.000000000000001,True,5.147575349087224,0.7381192105273918,0.041064417062879145,3.758459835735646
14.200000000000001,5.000000000000001,True,5.147608504413157,0.7382816716244666,0.041041421242601274,3.7593435902638648
14.4,5.000000000000001,True,5.147640764693419,0.7384397469977482,0.041019043392965034,3.760203500522538
14.600000000000001,5.000000000000001,True,5.147672165708788,0.7385936119730592,0.040997258920532305,3.761040519203501
14.8,5.000000000000001,True,5.147702741356931,0.7387434326489581,0.04097604452045131,3.76185554888602
15.0,5.000000000000001,True,5.147732523774733,0.7388893664961889,0.04095537809311099,3.7626494452906294
15.200000000000001,5.000000000000001,True,5.147761543451221,0.7390315629109804,0.0409352386671845,3.763423020282612
15.4,5.000000000000001,True,5.147789829331895,0.7391701637262827,0.040915606328497806,3.7641770446472522
15.600000000000001,5.000000000000001,True,5.1478174089152295,0.7393053036846222,0.04089646215421511,3.764912250656844
15.8,5.000000000000001,True,5.1478443083420276,0.7394371108759317,0.040877788151882165,3.7656293344476555
16.0,5.000000000000001,True,5.147870552478221,0.7395657071432749,0.04085956720291571,3.766328958222681
16.2,5.000000000000001,True,5.147896164991687,0.7396912084592626,0.04084178301016327,3.7670117522953412
16.400000000000002,5.000000000000001,True,5.147921168423581,0.7398137252755421,0.04082442004919639,3.7676783169870744
16.6,5.000000000000001,True,5.147945584254615,0.7399333628476091,0.04080746352303024,3.768329224390987
16.8,5.000000000000001,True,5.1479694329667245,0.7400502215369437,0.04079089931999167,3.768965020012447
17.0,5.000000000000001,True,5.14799273410047,0.7401643970922975,0.040774713974483116,3.7695862242965195
17.2,5.000000000000001,True,5.148015506308533,0.7402759809118075,0.04075889463041229,3.770193334051332
17.400000000000002,5.000000000000001,True,5.148037767405592,0.7403850602873984,0.04074342900707984,3.7707868237753126
17.6,5.000000000000001,True,5.148059534414884,0.7404917186329271,0.040728305367332525,3.7713671468961714
17.8,5.000000000000001,True,5.148080823611683,0.7405960356972433,0.040713512487809855,3.771934736928002
18.0,5.000000000000001,True,5.148101650563953,0.7406980877633685,0.040699039631124485,3.772490008553037
18.2,5.000000000000001,True,5.148122030170374,0.7407979478348284,0.040684876519830986,3.7730333586336524
18.400000000000002,5.000000000000001,True,5.148141976695929,0.7408956858100509,0.0406710133120518,3.7735651671595902
18.6,5.000000000000001,True,5.148161503805268,0.7409913686458083,0.040657440578635844,3.774085798135692
18.8,5.000000000000001,True,5.148180624593954,0.7410850605103719,0.04064414928174177,3.774595600413793
19.0,5.000000000000001,True,5.148199351617808,0.7411768229272547,0.04063113075474003,3.7750949084734993
19.200000000000003,5.000000000000001,True,5.1482176969204305,0.7412667149101057,0.040618376683342526,3.775584043154935
19.400000000000002,5.000000000000001,True,5.148235672059074,0.7413547930894565,0.04060587908787144,3.776063312347242
19.6,5.000000000000001,True,5.14825328812895,0.7414411118318468,0.040593630306588885,3.7765330116357005
19.8,5.000000000000001,True,5.148270555786097,0.741525723351873,0.040581622980013554,3.7769934249104216
20.0,5.000000000000001,True,5.148287485268912,0.7416086778176647,0.04056985003615656,3.777444824939351
