k1,k2,x_mean,x_min,x_max,x_amp,relative_amp_x,y_mean,y_min,y_max,y_amp,relative_amp_y,z_mean,z_min,z_max,z_amp,relative_amp_z,class
0.0,0.0,,,,,,,,,,,,,,,,invalid
0.0,0.1,49.460389357238576,0.06608964678227201,74.99977491247849,74.93368526569621,1.5150241686224832,1.2079650934922597,2.012272939069692e-12,25.81067710379329,25.810677103791278,21.367071981484617,3.9257720530824742,0.8957834333060122,10.231881312907824,9.336097879601812,2.378155876948798,low_density_risk
0.0,0.2,46.169049329714625,0.03807300060187571,74.9996668290167,74.96159382841483,1.6236330380787711,1.2897338710492052,4.827552803435061e-12,24.079524579511446,24.079524579506618,18.670149803772407,3.387478246796621,0.7299231828675924,8.811586574080343,8.08166339121275,2.3857462107255785,low_density_risk
0.0,0.30000000000000004,44.900169262703045,0.023400052361956046,74.99970493310971,74.97630488074776,1.6698445932814379,1.3213498990411967,6.958647863591853e-12,23.193671495284274,23.193671495277314,17.553012651750795,3.047603894869196,0.622633630254069,8.13673857741581,7.514104947161742,2.465577944630427,low_density_risk
0.0,0.4,17.43168459666495,5.0780853240564804e-17,74.99758209304841,74.99758209304841,4.3023714476449815,0.8668377924199048,-2.450229611378094e-12,32.15558903389292,32.155589033895374,37.09527816512388,1.352964856810921,0.06277022664566022,7.779958150589007,7.717187923943347,5.7039086308035065,low_density_risk
0.0,0.5,44.64932487196353,0.012117505889927795,74.99974962033214,74.9876321144422,1.6794796411698312,1.3458384134159684,1.6690052051991866e-11,22.219455994902123,22.219455994885433,16.509750184995937,2.650655427495849,0.5012480273788144,7.28516426280355,6.783916235424735,2.5593353874106293,low_density_risk
0.0,0.6000000000000001,27.289416302501795,1.9828789433698102e-19,74.9980392238326,74.9980392238326,2.7482463674737634,1.62533691797405,5.3597179277070206e-20,32.768606625761535,32.768606625761535,20.161116297405457,1.9330599819183647,0.08730149996199806,7.402727605078242,7.315426105116244,3.7843761567360397,low_density_risk
0.0,0.7000000000000001,26.272640497008737,7.6308830344803e-17,74.99828262826155,74.99828262826155,2.854615341644004,1.4706207276890784,1.1558706488620558e-18,31.214352700670933,31.214352700670933,21.22529086727867,2.0099128054209,0.11834709987340414,7.336635898306889,7.218288798433485,3.5913442508359443,low_density_risk
0.0,0.8,25.458462831812533,6.015221175314452e-15,74.99848879001608,74.99848879001608,2.945915834961414,1.3569796102967113,2.90431202647069e-18,29.600610388138207,29.600610388138207,21.813599971221418,1.9961258876565864,0.14431077722021649,7.184607266404642,7.040296489184426,3.526980203360857,low_density_risk
0.0,0.9,25.236143068144067,1.6809842704312004e-13,74.99862174906598,74.9986217490658,2.9718733780573086,1.2716483860633012,3.068926114159527e-18,28.148120117257267,28.148120117257267,22.135143979834336,1.955925930306541,0.16452244899888252,6.9917566243325835,6.827234175333701,3.4905381996036104,low_density_risk
0.0,1.0,25.386389055145887,2.364309642970486e-12,74.99871540325894,74.99871540325658,2.954288427563951,1.2049690082310573,4.346272887660549e-18,26.50457793358823,26.50457793358823,21.99606608345555,1.908803339726067,0.180245598535181,6.78685006392658,6.606604465391399,3.461123693515778,low_density_risk
0.0,1.1,25.79131167186497,1.969263586873025e-11,74.99879890417934,74.99879890415964,2.9079094486679735,1.1517722885717518,8.878527505039831e-18,25.34603016034825,25.34603016034825,22.0061121558641,1.8614313753669307,0.19215172595030244,6.5838876052001885,6.391735879249886,3.4337746552630737,low_density_risk
0.0,1.2000000000000002,26.388938598222612,1.127369979436048e-10,74.99886288866676,74.99886288855403,2.842056818973486,1.108502824057731,3.081911017110509e-17,24.47053186556876,24.47053186556876,22.07529952514785,1.816378024824359,0.2010430987797747,6.392057830474915,6.19101473169514,3.4084395687898685,low_density_risk
0.0,1.3,27.191097567570438,4.794313242978735e-10,74.99890525410078,74.99890525362134,2.758215444126327,1.0728758753470702,1.5198330567883335e-16,23.434625814222752,23.434625814222752,21.84281178530547,1.7745857451214617,0.20758887504067175,6.2176748865585205,6.010086011517849,3.386754361144212,low_density_risk
0.0,1.4000000000000001,28.209629008932392,1.6533327252072044e-09,74.9989445287357,74.99894452708237,2.6586292398007716,1.0429773750186535,6.513434227497132e-16,22.827812304553692,22.827812304553692,21.887159636730885,1.7362729976706714,0.21221086765160635,6.044720587866845,5.8325097202152385,3.359212363514602,low_density_risk
0.0,1.5,29.357106285480075,4.702083657257837e-09,74.9989762389233,74.99897623422122,2.554712835280802,1.0176663127100012,2.4551030936172442e-15,21.79887293217812,21.798872932178117,21.420452519556477,1.7013756993359104,0.21538709349230287,5.8894159045136245,5.674028811021322,3.334965236210146,low_density_risk
0.0,1.6,30.50414108289468,1.1692751009870304e-08,74.99900146169239,74.99900144999964,2.458649835318693,0.995962475268542,8.215327135245205e-15,21.2018349437314,21.20183494373139,21.28778490172879,1.6696981962322466,0.21747520781338997,5.74165150852371,5.52417630071032,3.308487913068708,low_density_risk
0.0,1.7000000000000002,31.571185313524595,2.6021363966477687e-08,74.99902106980241,74.99902104378104,2.3755529068352805,0.977183507124407,2.4746676689358002e-14,20.762476322530734,20.76247632253071,21.24726437883499,1.6410008467508232,0.21882219311890383,5.602479280266706,5.383657087147801,3.280715605847581,low_density_risk
0.0,1.8,32.52613865455891,5.2357560674660886e-08,74.99903664867813,74.99903659632056,2.305808180701655,0.960786516101459,6.785811710310924e-14,20.223231855949965,20.223231855949898,21.04862164176467,1.615038498905823,0.21924451802040446,5.47190300485558,5.252658486835176,3.252342585263795,low_density_risk
0.0,1.9000000000000001,33.35563848288537,9.811201274693564e-08,74.99904546495036,74.99904536683835,2.2484667893650956,0.946361547663214,1.7138254446023922e-13,19.68930228118778,19.689302281187608,20.805264467670156,1.591578024033464,0.21925040625411762,5.355423042386229,5.136172636132111,3.227094467610525,low_density_risk
0.0,2.0,34.04934486351842,1.728904609072264e-07,74.99906006730896,74.9990598944185,2.2026579423198456,0.933567345443368,4.024957810567062e-13,18.972309980329726,18.972309980329324,20.322379604332358,1.5704062431831327,0.21889753592009015,5.245847122115223,5.026949586195133,3.2010504339326644,low_density_risk
0.1,0.0,11.087806342518798,2.595130578308682e-19,74.98211516292953,74.98211516292953,6.762574385465792,0.899863952110049,9.672495202070853e-20,28.324496170046498,28.324496170046498,31.476420522900415,1.5653789624638819,0.06475134174790315,5.970127038649221,5.905375696901318,3.7724894983912245,low_density_risk
0.1,0.1,21.812422981701364,3.8457136894440396e-20,74.98174810180473,74.98174810180473,3.4375707900357586,1.6329380164139697,5.758750293724144e-19,28.130720711515842,28.130720711515842,17.227059710003793,1.2890286729822007,0.05386761816029129,6.578155776918084,6.524288158757793,5.061398784604709,low_density_risk
0.1,0.2,13.26069092261898,2.1958623297858665e-13,74.97831514317087,74.97831514317066,5.654178623172134,1.1821078775594924,2.2191459335354796e-18,26.164124438178625,26.164124438178625,22.13344901496921,1.906729504811755,0.18390005066219361,6.768969246919744,6.5850691962575505,3.453593800083467,low_density_risk
0.1,0.30000000000000004,22.3446013972845,1.092128443799247e-12,74.98048594637042,74.98048594636933,3.355642135351684,1.1447405467303746,2.3267856622435377e-16,25.280235447182058,25.280235447182058,22.083812370729564,2.063894949076015,0.1924835932996966,6.442529637358079,6.250046044058382,3.0282772128753144,low_density_risk
0.1,0.4,24.931177811087913,6.909705820956869e-09,74.98212586415835,74.98212585724865,3.0075645212356568,0.9014977636590888,1.07741754400133e-15,21.746242640099492,21.746242640099492,24.122347848994718,1.9514030005005671,0.329191346727885,6.155839217495771,5.826647870767886,2.9858762486632786,low_density_risk
0.1,0.5,34.478602630902635,7.561608617319585e-09,74.98275328301384,74.98275327545223,2.174761955353845,1.2525501730519861,2.294505321459728e-13,21.31010482661173,21.3101048266115,17.01337422250312,1.900475579723528,0.3063158992715788,5.9202405573284125,5.613924658056834,2.953957797695336,low_density_risk
0.1,0.6000000000000001,33.458414649830395,1.0303235986244108e-06,74.98289959109407,74.98289856077047,2.2410774492911703,1.0833617930223227,2.0453514619478902e-11,18.543758114969183,18.54375811494873,17.116865514703928,2.1223542219241276,0.3931439606192942,5.585329087983433,5.192185127364138,2.446427214517685,low_density_risk
0.1,0.7000000000000001,33.19659322620957,2.438285617046629e-05,74.98242304921276,74.98239866635659,2.2587377612939443,0.9740233324639448,5.4379291705484064e-11,16.084139725361226,16.084139725306848,16.513094901538942,2.0919767674915586,0.4506765689647385,5.251308719704643,4.800632150739904,2.2947827267192538,low_density_risk
0.1,0.8,34.789245930377774,0.00020647527696606756,74.981789409931,74.98158293465403,2.155309232189433,0.9000601174344647,6.367881862165588e-10,14.4957082719815,14.49570827134471,16.105266737789957,2.018027475878726,0.4874149263993782,4.951837486316565,4.464422559917187,2.2122704538356173,low_density_risk
0.1,0.9,37.94803973635274,0.0009641827787157768,74.98135081221164,74.98038662943293,1.9758698249069941,0.8475365364444615,7.388389127083196e-09,13.209127399468283,13.209127392079894,15.585319126746455,1.9416887872377042,0.5098380271058455,4.695907301965554,4.186069274859708,2.15589094522854,low_density_risk
0.1,1.0,40.520967563918155,0.0030619001632113674,74.98102426722414,74.97796236706093,1.850349754081961,0.8086907471547686,5.0124304795901403e-08,12.137949658183986,12.137949608059682,15.009383563185112,1.8721238326210958,0.5232252501399184,4.473868371462378,3.950643121322459,2.110246690139717,low_density_risk
0.1,1.1,42.53609086605762,0.007564726679585963,74.98046866371061,74.97290393703102,1.7625715577181806,0.7789880819256068,2.2853411806031002e-07,11.114874475093163,11.114874246559046,14.268349547876968,1.8108169909735565,0.5303252677862126,4.279685044474454,3.7493597766882414,2.0705348996479143,low_density_risk
0.1,1.2000000000000002,44.15193202896871,0.01564077691336632,74.97982105600026,74.96418027908689,1.6978686284872002,0.7556505628660312,7.761519947776581e-07,10.435301632564743,10.435300856412749,13.809691104867222,1.75726333187089,0.5331997548116364,4.107165109566428,3.5739653547547916,2.033824578213725,low_density_risk
0.1,1.3,45.47609604828838,0.02847051961577781,74.97900368189909,74.9505331622833,1.6481303294525569,0.7369018534420049,2.108495247188594e-06,9.86086624162685,9.860864133131603,13.381516258995655,1.7105142009847136,0.5332844816030299,3.9535685647079406,3.4202840831049106,1.9995648566576718,low_density_risk
0.1,1.4000000000000001,46.57857037892219,0.04735117960898957,74.97808710139178,74.93073592178278,1.6086954861905542,0.721563073264478,4.834536759954879e-06,9.31327176208287,9.31326692754611,12.907072538230578,1.6696196140452713,0.5315634137739919,3.816892128863447,3.2853287150894555,1.9677109010043092,low_density_risk
0.1,1.5,47.50310400038871,0.07320640478521753,74.97705715271631,74.9038507479311,1.5768201325815803,0.7088257249192116,9.723012278928459e-06,8.869746570278808,8.869736847266529,12.513282934623943,1.6337440321674297,0.5285289684163699,3.6972912909134967,3.168762322497127,1.93957086306311,low_density_risk
0.1,1.6,48.27257480183661,0.10680108240012236,74.97602427372142,74.8692231913213,1.5509680910675436,0.6981189654208425,1.7647176405579088e-05,8.470956385252569,8.470938738076162,12.133947303605407,1.6021817069223887,0.5250108123214656,3.585194749340494,3.0601839370190285,1.9100105336337838,low_density_risk
0.1,1.7000000000000002,48.89089713134298,0.14921512928717295,74.9748976665282,74.82568253724102,1.5304624567682608,0.6890292473106271,2.948175343512642e-05,8.115052791270031,8.115023309516596,11.777472931923914,1.5743428916376199,0.5202363589562895,3.4832824420465167,2.9630460830902274,1.8820843278977215,low_density_risk
0.1,1.8,49.3463711233165,0.20141984881694533,74.97367306662855,74.77225321781161,1.5152533310089682,0.6812503418125653,4.6054592263566434e-05,7.796761198219058,7.796715143626795,11.444713734559105,1.5497340037169862,0.5152600914514837,3.388721854505732,2.873461763054248,1.8541644928487662,low_density_risk
0.1,1.9000000000000001,49.62381674876245,0.26365407512198225,74.97248227758105,74.70882820245907,1.5055034678347408,0.6745517393093708,6.812201929978684e-05,7.486274091879767,7.486205969860467,11.098045611021629,1.5279388132735652,0.5100878420888032,3.3014423429271758,2.7913545008383727,1.8268758386051784,low_density_risk
0.1,2.0,49.725066258270715,0.3339020007300927,74.97122679742408,74.63732479669399,1.5010000068984954,0.6687593200701832,9.638953377012489e-05,7.248583109922774,7.248486720389004,10.838707593065724,1.5086021053434229,0.5048185517532434,3.222781492609563,2.7179629408563195,1.8016433433491676,low_density_risk
0.2,0.0,13.707471103224144,2.895158103266908e-15,74.95442751374844,74.95442751374844,5.468144120042163,0.7268512598184199,8.181617239328993e-18,25.410501658883963,25.410501658883963,34.95969954732828,1.1671442085967672,0.07182211143784857,5.831286166635688,5.7594640551978395,4.934663611206525,low_density_risk
0.2,0.1,13.36980666327216,1.4481650163305981e-12,74.95359118599377,74.95359118599232,5.606183625069892,1.1178939092447873,3.902006510262837e-17,24.140405813031617,24.140405813031617,21.59454096079519,1.8124889137601456,0.18635036059114687,6.478354958884543,6.292004598293396,3.471472046268511,low_density_risk
0.2,0.2,21.700370297172018,1.4926394904597248e-09,74.95549086062093,74.95549085912829,3.4541111433887837,0.9205816057112702,7.098049978870074e-16,21.861564639044968,21.861564639044968,23.747557526016706,1.929174565357935,0.3153157857722369,6.216458631854377,5.9011428460821405,3.058895214588419,low_density_risk
0.2,0.30000000000000004,23.816304415951247,5.136718346560939e-07,74.95136297128991,74.95136245761807,3.1470609859779666,1.0599696582859153,1.0336189990890353e-13,19.16270971702016,19.162709717020057,18.078545519869063,2.3591239407179456,0.44515554631657633,5.829292086527732,5.384136540211156,2.2822609898869213,low_density_risk
0.2,0.4,32.74930718338532,3.631713311146081e-05,74.9476195270106,74.9475832098775,2.2885242362592115,0.9118698971945967,3.5220380895903595e-10,16.19052994197992,16.190529941627716,17.755306970238582,2.3663992341028233,0.5534348174820918,5.454967692138276,4.901532874656184,2.0713042854378876,low_density_risk
0.2,0.5,37.51064938389227,0.0031697859883419513,74.94306619454943,74.93989640856108,1.9978298866971784,0.7435416391129924,1.6275255878796524e-08,12.539486269999406,12.53948625372415,16.86453803537655,2.2645970159368343,0.705965652919573,5.001970166376548,4.296004513456975,1.8970282497161537,low_density_risk
0.2,0.6000000000000001,45.53572315714452,0.03707078395712113,74.93706216951259,74.89999138555547,1.6448622354601186,0.6612357085224586,1.0575051125685551e-06,10.10765100088781,10.107649943382697,15.286001365463324,2.0931978058625336,0.7388653510971154,4.614468880803103,3.8756035297059874,1.8515228321229464,low_density_risk
0.2,0.7000000000000001,47.005093334769,0.10000058479171704,74.92536194756786,74.82536136277615,1.5918564575517458,0.8096597395161663,1.4351908125757544e-05,8.934449170468389,8.934434818560263,11.034801883428509,2.0632599776225065,0.7968542103298926,4.33642038809407,3.5395661777641774,1.7155211733623128,low_density_risk
0.2,0.8,47.907452308873694,0.33107994718849054,74.91162178584233,74.58054183865384,1.556762846786533,0.7582009790584026,7.717417279013634e-05,7.6245447215734785,7.624467547400688,10.055998024243301,2.038530665863286,0.8262601797493211,4.072360826404419,3.246100646655098,1.592372732484175,low_density_risk
0.2,0.9,49.06165552214397,0.7553445537108114,74.89594088887995,74.14059633516914,1.5111719232895489,0.7239175679229051,0.0002405173694608604,6.692657802027251,6.6924172846577905,9.244722854082285,1.9839507611256075,0.8383153799373403,3.8517693588285584,3.013453978891218,1.5189157099745743,oscillatory_coexistence
0.2,1.0,50.26597107628465,1.362985252693668,74.87933655904592,73.51635130635226,1.4625471214866397,0.7007027676582712,0.0005354920282020729,6.054351813634122,6.05381632160592,8.63963523624855,1.9237767761751956,0.839061884962395,3.6633008131404368,2.824238928178042,1.4680699773243204,oscillatory_coexistence
0.2,1.1,51.33640486839104,2.1243167282494864,74.86210682031447,72.73779009206498,1.4168851573953871,0.6845871138721779,0.0009621794015689911,5.556752354446807,5.555790175045239,8.11553425774016,1.8642467148594053,0.833415204567081,3.4992298881523807,2.6658146835852996,1.429968824584956,oscillatory_coexistence
0.2,1.2000000000000002,52.241545794065495,2.9942718570182403,74.84463176575508,71.85035990873685,1.3753490410097606,0.6730175222927574,0.001502321748472847,5.145028974154145,5.143526652405672,7.642485495586601,1.8065915917579787,0.8237427908678155,3.3546887695424967,2.5309459786746813,1.400950823761135,oscillatory_coexistence
0.2,1.3,53.020855178590956,3.879094041813973,74.82676197871231,70.94766793689834,1.338108706431137,0.6630074307703265,0.002130125424288784,4.859513011635364,4.8573828862110755,7.3262872492395985,1.7510805271120702,0.811703698574672,3.223716722909813,2.412013024335141,1.3774426629663463,oscillatory_coexistence
0.2,1.4000000000000001,53.70124121558668,4.989156016611338,74.80857256996752,69.81941655335619,1.3001453034029675,0.642911610459643,0.0028262139294745626,4.603748650935713,4.600922437006238,7.156384115865788,1.7012366053283363,0.7982659524666779,3.105675558399813,2.307409605933135,1.3563131657906289,oscillatory_coexistence
0.2,1.5,54.18683422812865,5.8424220497556245,74.78995105031058,68.94752900055495,1.2724037117629337,0.6085762846206562,0.003571473212782573,4.378890473993889,4.375319000781106,7.189433948286671,1.6631404237553318,0.784523923672792,3.0021639807576146,2.2176400570848225,1.3334051805896883,oscillatory_coexistence
0.2,1.6,54.36478938884501,6.663871887532543,74.77123957172246,68.10736768418992,1.2527845403216713,0.6088837329568985,0.004353503570139819,4.204559762427691,4.200206258857552,6.898207377709625,1.6295432113714325,0.7706595963782762,2.9084401326700466,2.1377805362917703,1.3118894432331687,oscillatory_coexistence
0.2,1.7000000000000002,54.45115430413932,7.46451719384977,74.7518511684636,67.28733397461383,1.2357375125378651,0.6273354840044012,0.005163965358690555,4.064150837800751,4.058986872442061,6.470201313221291,1.5951998877608207,0.7571048771653653,2.820627884203695,2.06352300703833,1.2935827182972035,oscillatory_coexistence
0.2,1.8,54.57819699234741,8.247099938160824,74.73249316217546,66.48539322401463,1.2181676363060427,0.6381134358129739,0.005996215038052056,3.9428294972963926,3.9368332822583407,6.1694881525829945,1.5607551059341727,0.7438966509538592,2.7421553074022356,1.9982586564483764,1.280315309461096,oscillatory_coexistence
0.2,1.9000000000000001,54.734270654056175,8.892653778783194,74.71471186089762,65.82205808211442,1.2025748638935296,0.6423434253351301,0.006784249907175156,3.8328207404653782,3.826036490558203,5.956372151791057,1.527050104936031,0.7296334131852116,2.669841138763741,1.9402077255785293,1.2705593086341689,oscillatory_coexistence
0.2,2.0,54.89067559897363,9.404462685580054,74.6982842010577,65.29382151547765,1.189524829180593,0.6439516745303744,0.007494589189178336,3.7513289980233218,3.7438344088341435,5.813843735337221,1.4942945939650902,0.7150412416821116,2.604497206264278,1.8894559645821665,1.2644467645213495,oscillatory_coexistence
0.30000000000000004,0.0,18.682929428368027,1.1184456395337144e-15,74.93352876091271,74.93352876091271,4.01080189529219,1.3374860551416092,1.2371401586835157e-16,23.897912903553763,23.897912903553763,17.86778472318775,1.542805007176321,0.09280994536795978,5.879167982385379,5.786358037017419,3.750543983263316,low_density_risk
0.30000000000000004,0.1,18.92758384196621,1.5756111622891064e-11,74.92561614020778,74.92561614019202,3.9585409720422478,1.0472784648083642,1.7240269112476276e-15,22.610052427332988,22.610052427332988,21.58934150474362,1.9622304856888022,0.21456434574949734,6.06948236712528,5.8549180213757825,2.983807490544387,low_density_risk
0.30000000000000004,0.2,21.187754700626563,3.395854440272058e-07,74.91471353276644,74.914713193181,3.5357551685720665,1.0586197021588986,8.798337402324772e-14,19.189138387868585,19.189138387868496,18.12656457150472,2.3854066135391103,0.4527930665033704,5.903434262199601,5.450641195696231,2.2849945853076585,low_density_risk
0.30000000000000004,0.30000000000000004,34.22883130747476,0.0005242334519998684,74.90070699694715,74.90018276349515,2.188219109518254,0.7827022657784325,5.737260652017733e-10,14.224503520955741,14.224503520382015,18.173581631601557,2.376280734221282,0.7264913190984206,5.418655960219949,4.692164641121528,1.9745834629498005,low_density_risk
0.30000000000000004,0.4,38.801461489938426,0.04114697649554554,74.87034666532185,74.82919968882631,1.9285149789584155,0.8007555348624384,8.730819796792284e-07,10.056316541627861,10.056315668545881,12.558534072775275,2.484479575508433,0.9366649698830363,4.906756473625744,3.970091503742707,1.597956989816934,low_density_risk
0.30000000000000004,0.5,44.89563005989895,0.510171686969631,74.80964453859517,74.29947285162554,1.6549377467805853,0.8396276611037315,0.0001086682317193829,7.26890258396247,7.26879391573075,8.657163469539473,2.3966745206962408,1.0679459285700053,4.457483254731241,3.389537326161236,1.4142668505422051,oscillatory_coexistence
0.30000000000000004,0.6000000000000001,46.238907265082794,2.3343185152177814,74.71332991143004,72.37901139621225,1.565327030357128,0.7426833480627457,0.0010258761125504447,5.468358160279,5.467332284166449,7.36159266047955,2.3906351626312325,1.144103191796634,4.08597526847559,2.9418720766789557,1.230581781219924,oscillatory_coexistence
0.30000000000000004,0.7000000000000001,48.93678573868277,4.987981965772461,74.60320128640024,69.61521932062777,1.4225539799929692,0.6959436540052449,0.003059287457724817,4.499636025889667,4.496576738431942,6.461121834428845,2.2884435327667028,1.159972038121512,3.7768622526260036,2.6168902145044917,1.1435240490026672,oscillatory_coexistence
0.30000000000000004,0.8,50.49605575533352,7.658569809275527,74.48466542653388,66.82609561725835,1.323392384170494,0.6798422115905057,0.0060522436343296605,3.949866110607785,3.9438138669734553,5.801072366102446,2.1806473491064855,1.1505253547730618,3.5190578568617346,2.368532502088673,1.0861602647755433,oscillatory_coexistence
0.30000000000000004,0.9,51.44775682878845,9.83683204676212,74.37010210106091,64.53327005429878,1.254345651435416,0.6728330775402601,0.009269594141377445,3.5952952858686484,3.586025691727271,5.329740483080464,2.078026226687602,1.1276316020807693,3.310341862660953,2.182710260580184,1.0503766663515113,oscillatory_coexistence
0.30000000000000004,1.0,52.14249797005327,11.578701595331154,74.26022538074938,62.68152378541822,1.2021196955584401,0.6676651327919737,0.012462960168844442,3.346889423460412,3.3344264632915674,4.994159945634737,1.9808553744350668,1.0985283234668577,3.1377762737300743,2.0392479502632166,1.0294784650008957,oscillatory_coexistence
0.30000000000000004,1.1,52.80556838712475,13.090665488456535,74.15064400039047,61.059978511933934,1.1563170396026008,0.6632835648802828,0.015722784136269236,3.161046845084218,3.145324060947949,4.742050349929765,1.887974959257521,1.0704086282771645,2.987325240714208,1.9169166124370434,1.0153294687710734,oscillatory_coexistence
0.30000000000000004,1.2000000000000002,53.67040154649382,14.425559249108467,74.04212188833856,59.61656263923009,1.110790322438413,0.6587267293512599,0.01897760986265604,3.0067283647075675,2.9877507548449116,4.535645240603537,1.7983672145720881,1.0432424731732404,2.8565160443936493,1.8132735712204089,1.0082888280694438,oscillatory_coexistence
0.30000000000000004,1.3,54.82041977500899,15.581441225812839,73.96589972010086,58.384458494288026,1.0650129775347452,0.6482802799307791,0.022194189049283025,2.8790247281375883,2.856830539088305,4.406783034321112,1.7135073498682867,1.017170058198614,2.7402524771636774,1.7230824189650633,1.0055879941784358,oscillatory_coexistence
0.30000000000000004,1.4000000000000001,56.00948736726138,16.597257734448995,73.89567826772094,57.298420533271944,1.023012764918876,0.6135031947633832,0.025308490421492063,2.772047963669974,2.746739473248482,4.47713964114461,1.6433038375221645,0.9921362661194225,2.637616458211918,1.6454801920924957,1.00132437746425,oscillatory_coexistence
0.30000000000000004,1.5,56.841693048166476,17.50348822533288,73.81077309837461,56.30728487304173,0.9905983065164352,0.5666064123260172,0.02637294919875586,2.6805972846822805,2.6542243354835247,4.684423398215334,1.5959167093977717,0.96854865343193,2.5456547882941343,1.5771061348622042,0.9882133106159067,oscillatory_coexistence
0.30000000000000004,1.6,57.2084365594186,18.318424875456696,73.73184107475265,55.41341619929595,0.9686231530159148,0.5439127284702336,0.028834806449341128,2.601342922892683,2.5725081164433417,4.7296339684380015,1.562635971251443,0.9463628701729841,2.4616605822765387,1.5152977121035547,0.9697061503640242,oscillatory_coexistence
0.30000000000000004,1.7000000000000002,57.28501602250903,19.055680120515042,73.65468236296408,54.59900224244904,0.9531114073703754,0.5374939751686257,0.031283140160152004,2.531642625865901,2.500359485705749,4.6518837442162395,1.5355122921475144,0.9254295611402179,2.3857399456276043,1.4603103844873864,0.9510248742093075,oscillatory_coexistence
0.30000000000000004,1.8,57.17708993618211,19.73133623456011,73.58293397149357,53.85159773693346,0.9418387294113548,0.5366891276540382,0.0335985121806669,2.4686351658579615,2.4350366536772947,4.53714548740111,1.5114344723786362,0.9052427970598831,2.316676330557927,1.411433533498044,0.933837066238043,oscillatory_coexistence
0.30000000000000004,1.9000000000000001,56.88883317715387,20.36799470941839,73.51399690628872,53.146002196870334,0.9342079847440505,0.5382955230952293,0.035835582962844406,2.4121299996628056,2.3762944166999613,4.414479249301055,1.4889998108663232,0.8865499405033274,2.252903147163357,1.3663532066600297,0.9176315515205784,oscillatory_coexistence
0.30000000000000004,2.0,56.42190439711553,20.891128783021355,73.44728805944945,52.55615927642809,0.9314850294048919,0.5422014898608585,0.03796478767293421,2.3667955645176826,2.3288307768447485,4.295139021912473,1.4670534949343477,0.8684257275018635,2.1937076170830956,1.3252818895812322,0.903363029471285,oscillatory_coexistence
0.4,0.0,17.387507171843342,5.429225186171222e-13,74.90700180280318,74.90700180280264,4.308093222477564,1.14543587939519,6.970717429786617e-16,22.84849529098235,22.84849529098235,19.947424122096475,1.6652343631563928,0.15444529224476208,5.906788191439555,5.752342899194793,3.4543743670338243,low_density_risk
0.4,0.1,25.40953126805604,1.4018536656569776e-08,74.88769345132184,74.8876934373033,2.9472284493278513,0.8393834810464142,1.0884531872425929e-14,20.40768992318038,20.40768992318037,24.31271329966476,1.8348784382479344,0.25310608441818344,6.016912426575184,5.763806342157,3.1412469741905786,low_density_risk
0.4,0.2,27.92690019188298,2.334402519431722e-05,74.86310273018049,74.86307938615529,2.680679877529399,0.8908292915993037,9.074580379385946e-11,16.194184620918943,16.194184620828196,18.178774287649023,2.4747210921831675,0.6159287665783852,5.647989642264612,5.032060875686227,2.0333850515837213,low_density_risk
0.4,0.30000000000000004,38.68902016893778,0.04688323916630724,74.80341031268631,74.75652707352,1.9322414149308897,0.7696050643831236,8.788843442803267e-07,10.01854240291361,10.018541524029265,13.017769746677281,2.5905349429552333,1.0453948462639657,5.0806466312010325,4.035251784937067,1.5576905441515374,low_density_risk
0.4,0.4,48.14640575610145,1.926562691836364,74.56107915579312,72.63451646395676,1.5086176283211024,0.5890917345407103,0.0007041240939512568,5.62124444300702,5.620540318913069,9.541027295664952,2.56782633667276,1.3397961262779623,4.495760373992394,3.155964247714432,1.2290411554087095,oscillatory_coexistence
0.4,0.5,50.42175840307368,6.831898093674445,74.18678891096805,67.35489081729361,1.3358298669168658,0.6307411376951456,0.005692475886677265,3.9462611181287794,3.940568642242102,6.247521220251277,2.493711138431977,1.428120538136751,3.993534916618078,2.565414378481327,1.0287536270513704,oscillatory_coexistence
0.4,0.6000000000000001,52.43734194740216,11.412023258876449,73.76582120517884,62.35379794630239,1.189110577131195,0.5941273190580707,0.013991364776771289,3.2069292345020717,3.1929378697253004,5.374164370663865,2.354685299956137,1.427054122746833,3.607539170182693,2.1804850474358597,0.9260197307366514,oscillatory_coexistence
0.4,0.7000000000000001,53.32609538336336,15.097950443897785,73.32622051179118,58.22827006789339,1.0919282510614552,0.5770012054799312,0.023718870880583255,2.7630976347509053,2.739378763870322,4.747613588756797,2.226289484849179,1.4029005304302746,3.3067862820747678,1.9038857516444931,0.8551833733215596,oscillatory_coexistence
0.4,0.8,53.694014054692616,18.01055992650425,72.89695241219673,54.886392485692475,1.0222069154633193,0.5682821631267999,0.033732501369555995,2.4715063205078702,2.437773819138314,4.289724325889299,2.1171315730845546,1.3700363409142127,3.069255940885289,1.6992195999710762,0.8026046286271172,oscillatory_coexistence
0.4,0.9,53.766891702273455,20.32470113826266,72.49079981802204,52.16609867975938,0.9702271607706242,0.5641541043165876,0.0434814311108982,2.26759140794959,2.2241099768386916,3.942380211040068,2.0222937316701826,1.334807282143615,2.8748808871383122,1.5400736049946973,0.761547929895432,oscillatory_coexistence
0.4,1.0,53.72767201145529,22.216810059962718,72.12077611362123,49.903966053658515,0.928831720887098,0.5628801495012768,0.05267638247199291,2.1136617899069243,2.0609854074349316,3.66149953814741,1.9367427676846622,1.2994414515626966,2.712917228337684,1.4134757767749873,0.7298211204702417,oscillatory_coexistence
0.4,1.1,53.827337042152266,23.761833526973664,71.77997136032947,48.01813783335581,0.8920771576671505,0.5623349606889749,0.06115121305070733,1.9935915520424232,1.932440338991716,3.4364577593053194,1.857622911526336,1.2645412191694687,2.608392263270924,1.3438510441014553,0.7234251019204656,oscillatory_coexistence
0.4,1.2000000000000002,54.02754787538943,23.397745581843864,71.47684832929704,48.07910274745318,0.8898997759132656,0.5565777311542008,0.06894423448642288,1.8982619322359915,1.8293176977495686,3.28672455858545,1.7879525498606017,1.2314043279379947,2.4913629644124367,1.259958636474442,0.7046935538484902,oscillatory_coexistence
0.4,1.3,54.04975232376945,24.38892698449994,71.20140719654064,46.812480212040704,0.8660998098866981,0.5541476828433551,0.07608119894204676,1.921891830087847,1.8458106311458002,3.330900206370145,1.7305890562202584,1.1998570425224515,2.388951873583946,1.1890948310614946,0.6871040971782656,oscillatory_coexistence
0.4,1.4000000000000001,53.891014699674564,25.260635085063335,70.95093112218575,45.690296037122415,0.8478277184377729,0.5623955363319896,0.08260920588150508,1.8563067181786634,1.7736975122971583,3.1538257288851725,1.6790311129308262,1.169942169783113,2.298377991280632,1.1284358214975192,0.6720755874065433,oscillatory_coexistence
0.4,1.5,53.71442085993093,25.972322492910887,70.72184023649676,44.74951774358587,0.8331006278607501,0.5704901766171202,0.08858837505713965,1.8046344623113237,1.716046087254184,3.0080203964719385,1.6291019224779943,1.1176678641163333,2.217345016895976,1.0996771527796427,0.6750204745362223,oscillatory_coexistence
0.4,1.6,53.5904137883996,26.624237440332227,70.51955194440063,43.89531450406841,0.8190889265641265,0.5757916656704279,0.09409067987669194,1.756620308999942,1.66252962912325,2.887380502780606,1.5797704268201467,1.090025561279416,2.144732341116645,1.054706779837229,0.6676329433255287,oscillatory_coexistence
0.4,1.7000000000000002,53.552703354012536,27.188966512249287,70.3313085335046,43.14234202125531,0.8056053069078535,0.5790093562996854,0.09920702048721086,1.7179728448362817,1.6187658243490708,2.7957507192827284,1.5307234501448814,1.064533068238784,2.079105536996853,1.014572468758069,0.6628058573620061,oscillatory_coexistence
0.4,1.8,53.67641829339848,27.675045986156427,70.64326617197108,42.96822018581465,0.80050460801887,0.5800750487182109,0.10382332994344279,1.683891666482841,1.5800683365393982,2.7239032949756137,1.4821014055356532,1.0403894604112778,2.0188931805471615,0.9785037201358837,0.6602137454836148,oscillatory_coexistence
0.4,1.9000000000000001,54.05437282002002,28.11831584717612,70.62352210721104,42.505206260034925,0.7863416786197833,0.5772391719373196,0.09999468802116923,1.6531855750135067,1.5531908869923374,2.690723295470153,1.4350765068807718,1.0175468716152305,1.9635797902584178,0.9460329186431873,0.6592212429836158,oscillatory_coexistence
0.4,2.0,54.64065021921029,28.521716923847894,70.50054730107682,41.97883037722893,0.7682710620904992,0.566675185674062,0.09632147422800462,1.6253524128949621,1.5290309386669576,2.698249327514618,1.392724708056721,0.9960321815431582,1.9129933921215105,0.9169612105783523,0.6583937265370531,oscillatory_coexistence
0.5,0.0,16.72897430354086,3.7404812268051717e-11,74.87582955650764,74.87582955647024,4.475817118125259,1.013887367499335,2.813638396529413e-15,21.42363718907121,21.423637189071208,21.130194413891964,1.6667099020301734,0.16188305167173345,5.914813077512596,5.752930025840863,3.4516684750177133,low_density_risk
0.5,0.1,22.33668150959705,3.7363857860325747e-08,74.8396341099798,74.83963407261594,3.350526086001514,1.1363198614790542,2.795431657573631e-13,19.436864501557135,19.436864501556855,17.105099682267614,2.2995412292781507,0.382513331620589,5.936393925187962,5.5538805935673725,2.4152124444876235,low_density_risk
0.5,0.2,33.55111235168658,0.0008313099976677842,74.78809312147405,74.78726181147638,2.229054614569722,0.9565017681407626,5.635160233894059e-09,13.521881978386313,13.521881972751153,14.136808130549198,2.5864399438210337,0.8171375399668971,5.446146707239452,4.629009167272555,1.7897222699214024,low_density_risk
0.5,0.30000000000000004,45.311731478410586,1.095304025607981,74.4580422873989,73.36273826179091,1.6190672011009775,0.6800223769301734,0.00028528841685698857,6.266723627731688,6.26643833931483,9.215047257112644,2.6861360357100486,1.4167639548798525,4.788801348750107,3.372037393870255,1.2553487049949952,oscillatory_coexistence
0.5,0.4,49.78854615797559,7.5959716470727985,73.6549332017406,66.0589615546678,1.3267903293473562,0.6520800006906414,0.00970376021353577,3.615444742649938,3.6057409824364024,5.529599096141428,2.6387549609006293,1.6138928693266503,4.109043107518792,2.4951502381921413,0.9455786062604236,oscillatory_coexistence
0.5,0.5,49.62420948471036,14.58864121816627,72.1959263906845,57.60728517251823,1.1608705865685651,0.6178704563419767,0.03238890187206897,2.631758673077871,2.5993697712058017,4.206981810703222,2.530855765924935,1.6492361900137456,3.5896324446745727,1.940396254660827,0.7666957085367196,oscillatory_coexistence
0.5,0.6000000000000001,50.24546266666251,19.559606390771236,70.8554951378647,51.29588874709346,1.0209058893018588,0.5961078980597977,0.05841300326129924,2.147709334142954,2.089296330881655,3.5048962405604054,2.3698084185610084,1.6299741762729605,3.2188810854318533,1.5889069091588928,0.6704790550634621,oscillatory_coexistence
0.5,0.7000000000000001,50.524412622625114,23.11800086204691,69.65455903063196,46.536558168585046,0.9210707409143594,0.5895142393106121,0.08334481555993392,1.8649956519431123,1.7816508363831784,3.022235456879971,2.2228776327612443,1.5927087526636265,2.9429990959550887,1.3502903432914621,0.6074514959303148,oscillatory_coexistence
0.5,0.8,50.96831016950121,25.732483211689548,68.62609289030829,42.89360967861874,0.8415740984146829,0.5845683210206744,0.10555699869676469,1.6802844966454806,1.574727497948716,2.693829688198805,2.0903265966557045,1.548546663902893,2.729407305830157,1.1808606419272638,0.5649168143465942,oscillatory_coexistence
0.5,0.9,51.71453953151611,27.705617296777106,68.49454078549635,40.78892348871925,0.7887322184094995,0.5683653640025246,0.12488411410409404,1.549809737892861,1.424925623788767,2.507059215839076,1.9757441155749482,1.5035323251736639,2.5579607918521687,1.0544284666785049,0.5336867554689029,oscillatory_coexistence
0.5,1.0,52.30825135321783,29.252018344873807,67.96395756021246,38.71193921533866,0.7400732812483224,0.5433149375282772,0.12750600682472576,1.454759006790616,1.3272529999658902,2.44287964178119,1.888126176399546,1.4590922366001402,2.4161350404074153,0.9570428038072751,0.5068743899476814,oscillatory_coexistence
0.5,1.1,52.45078056521767,30.460765745976435,67.41486054295531,36.95409479697888,0.7045480429224346,0.5310961583044945,0.13453068355553358,1.3824320012662914,1.2479013177107579,2.3496711437196014,1.821049412005792,1.416326298764597,2.2965795909883053,0.8802532922237083,0.4833769399226083,oscillatory_coexistence
0.5,1.2000000000000002,52.26084045396651,31.449314173641678,66.94660599379442,35.49729182015274,0.6792330837354124,0.5295763139665284,0.14554992761524357,1.3263776734583406,1.180827745843097,2.2297593655510446,1.7632237790845096,1.3759305324124478,2.193753294214163,0.8178227618017151,0.4638224435844872,oscillatory_coexistence
0.5,1.3,51.911516141425636,32.267994644672974,66.54181473068685,34.27382008601388,0.6602353896318306,0.532482991885819,0.15518096492614739,1.2808304894062048,1.1256495244800575,2.1139633408597547,1.7089413350382285,1.3379075539489746,2.120157139953153,0.7822495860041783,0.45773928570006867,oscillatory_coexistence
0.5,1.4000000000000001,51.61629006617814,32.49093855041288,66.20176043616756,33.71082188575468,0.6531043173101515,0.5376246640293404,0.16364044043196702,1.2427554537835335,1.0791150133515663,2.0071903049646314,1.6558212792000158,1.3020479013771842,2.071158549087814,0.7691106477106298,0.46448892605230263,oscillatory_coexistence
0.5,1.5,51.52227403092272,31.113733269823435,65.90293988369095,34.78920661386751,0.6752265358665457,0.5428430681538526,0.17100786776060387,1.2122214336928685,1.0412135659322646,1.9180747199580075,1.6041733398903264,1.2686159022329384,1.9998883728120969,0.7312724705791585,0.4558562671467274,oscillatory_coexistence
0.5,1.6,51.5300045816248,31.586589705349922,65.64006828009552,34.0534785747456,0.660847575140487,0.5454380877296758,0.17758204719622644,1.2948832840699278,1.1173012368737014,2.048447407701748,1.5567762468993185,1.236950107265985,1.9357216332110236,0.6987715259450387,0.4488580342463187,oscillatory_coexistence
0.5,1.7000000000000002,51.494695138755176,32.006857631730234,65.40732893076265,33.40047129903241,0.6486196531318892,0.5476085345675823,0.18346969019071993,1.2708746716099835,1.0874049814192634,1.9857341746434694,1.5145125768964292,1.207248041568945,1.8773955936490034,0.6701475520800584,0.44248397953412594,oscillatory_coexistence
0.5,1.8,51.40403046816406,32.35863917884356,65.19723905138036,32.838599872536804,0.63883317268038,0.5510508831210461,0.18880589059729333,1.2499586613524054,1.061152770755112,1.925689266194478,1.4753920201621884,1.1553975243456631,1.824384255379078,0.6689867310334148,0.4534298151886576,oscillatory_coexistence
0.5,1.9000000000000001,51.314366457984576,32.668858468243286,65.01498134185566,32.34612287361237,0.6303521821729253,0.5544907907978334,0.19353907887885874,1.2324329339347002,1.0388938550558415,1.8735998366341622,1.4377065149557784,1.118472938079787,1.7756002938095974,0.6571273557298103,0.45706641021207683,oscillatory_coexistence
0.5,2.0,51.278692034707596,32.94856364058249,64.84487916714916,31.896315526566667,0.6220188983170097,0.5569155004202919,0.1979122552691769,1.216538798765781,1.018626543496604,1.8290504443242104,1.4007741072067974,1.0938897201412976,1.7307468321767567,0.6368571120354591,0.454646547761312,oscillatory_coexistence
0.6000000000000001,0.0,16.54536342423438,8.18232991943901e-12,74.81892649317965,74.81892649317146,4.522047934201186,1.1708502183421619,8.904241317120686e-15,21.307226524161038,21.307226524161027,18.198080497702176,1.9478227910964265,0.1764764651334561,5.9176674981888775,5.741191033055421,2.9474914552266664,low_density_risk
0.6000000000000001,0.1,21.97287291996136,2.1408228862988126e-06,74.78544273819365,74.78544059737077,3.4035349346342496,0.8951863767201786,9.727873973004981e-13,17.62691897976186,17.626918979760887,19.690781091110257,2.3479668388468142,0.5275819417468519,5.8602872257487215,5.33270528400187,2.2712012775353827,low_density_risk
0.6000000000000001,0.2,35.18658264495197,0.03053513939452655,74.65231423509584,74.62177909570131,2.120745280911921,0.9280596265572121,3.719308001866605e-07,10.823681790197043,10.823681418266242,11.662700443512216,2.708443923808567,1.069372500664433,5.28386076816161,4.214488267497177,1.5560552058871058,low_density_risk
0.6000000000000001,0.30000000000000004,46.46069071773758,3.964535634107027,73.73518637541032,69.7706507413033,1.5017135919304152,0.6837784716897496,0.0037093330229293793,4.3825189580038355,4.3788096249809065,6.403842481547588,2.847732475455609,1.6599828705877444,4.5057311344646385,2.845748263876894,0.9993032310454666,oscillatory_coexistence
0.6000000000000001,0.4,48.63264990612595,13.56874270965931,71.08707569580413,57.51833298614482,1.1827102388450852,0.5662421319761596,0.03663901037492074,2.495003866012853,2.4583648556379325,4.341543514351375,2.7108316682723888,1.8727400326444548,3.7645393805309966,1.8917993478865418,0.6978667727795457,oscillatory_coexistence
0.6000000000000001,0.5,49.04008515289066,21.467413243499195,68.3466822153362,46.87926897183701,0.9559377563412073,0.5452826839498238,0.08339819310776893,1.7149106184617382,1.6315124253539692,2.992048846174449,2.5049384339289524,1.8803958735009194,3.2718282101543252,1.3914323366534058,0.5554756627173518,oscillatory_coexistence
0.6000000000000001,0.6000000000000001,49.19906065280824,25.55758386931737,66.09617029558058,40.53858642626321,0.82397074026145,0.5364482444156992,0.12617063679241883,1.4181538425458908,1.291983205753472,2.4084023374114962,2.335915459645867,1.840417944132876,2.9366363293359248,1.0962183852030487,0.46928855266396063,oscillatory_coexistence
0.6000000000000001,0.7000000000000001,49.12376751657354,28.214463795188273,64.35881175978464,36.14434796459637,0.7357812682506718,0.5312043399865697,0.16152966640894886,1.2459571814041264,1.0844275149951774,2.041450781483738,2.2027992373549212,1.7853330465590875,2.6912104014822997,0.9058773549232122,0.4112391812930537,oscillatory_coexistence
0.6000000000000001,0.8,48.77813530525781,30.402541545162816,63.02765473761771,32.62511319245489,0.6688470764264239,0.5398309163738735,0.19008487467936305,1.2484633386094448,1.0583784639300817,1.9605740090571517,2.092465974537824,1.7268946082610583,2.5025624705771254,0.7756678623160671,0.3706955676959206,oscillatory_coexistence
0.6000000000000001,0.9,48.469665959788465,31.976435222909867,61.99595612492401,30.01952090201414,0.6193465605254717,0.5525094453221204,0.21296750781528825,1.1638324631317345,0.9508649553164462,1.720993122136325,1.9907810781718047,1.6694957559020118,2.3508740274680475,0.6813782715660357,0.3422668012252879,oscillatory_coexistence
0.6000000000000001,1.0,48.51798627485695,33.18687664537589,61.17926752263994,27.99239087726405,0.5769487364682677,0.5577254053362349,0.23153201242715524,1.1026246161916904,0.8710926037645351,1.5618664587061786,1.894630087524352,1.5733173258308735,2.2250943488619512,0.6517770230310778,0.3440128114308521,oscillatory_coexistence
0.6000000000000001,1.1,48.92542389490806,34.13702743455148,61.45533226928477,27.31830483473329,0.5583662370184573,0.5519896574292852,0.24671462041407483,1.0561513393224076,0.8094367189083327,1.4663983428177954,1.8086050768639008,1.5237082947051341,2.1191156283304498,0.5954073336253156,0.3292080406284248,oscillatory_coexistence
0.6000000000000001,1.2000000000000002,49.338858749617785,34.88126080133905,61.588035534717775,26.706774733378722,0.5412929161760368,0.5395164694236555,0.23819621896400392,1.0207762787196424,0.7825800597556385,1.4505211686868205,1.7381868017015962,1.477238236330283,2.027428125671518,0.5501898893412351,0.3165309325800373,oscillatory_coexistence
0.6000000000000001,1.3,49.49646806385689,35.48237395623956,61.15887766589938,25.67650370965982,0.5187542609410689,0.5308600621609374,0.2353917883694923,0.992659179167502,0.7572673907980098,1.4264915460282026,1.6812791389371158,1.4338934007738964,1.947411017344907,0.5135176165710107,0.3054326938805324,oscillatory_coexistence
0.6000000000000001,1.4000000000000001,49.413015376046665,35.9816756647621,60.7978464267511,24.816170761989,0.5022193155615094,0.5283293848586545,0.2439023591406489,0.9696122536040634,0.7257098944634146,1.3735936619466893,1.6319200359298696,1.3935503708038754,1.8762905143517357,0.4827401435478602,0.295811150619582,oscillatory_coexistence
0.6000000000000001,1.5,49.210506843621005,36.40236256015785,60.4942048973579,24.091842337200056,0.489567043350266,0.5293765654723751,0.25140989544723846,0.9502645973432552,0.6988547018960167,1.320146654529545,1.5862216551098502,1.3559557226390526,1.844393124718837,0.48843740207978437,0.3079250623681914,oscillatory_coexistence
0.6000000000000001,1.6,49.018618550143856,35.88093754639925,60.23573944867068,24.354801902271426,0.4968479859822458,0.5321198222289846,0.2578011749023188,0.9346258246125617,0.6768246497102429,1.2719403063652763,1.5425990578155062,1.3207367019217362,1.7999049640129332,0.479168262091197,0.3106239820795966,oscillatory_coexistence
0.6000000000000001,1.7000000000000002,48.902846303419246,34.522431120805514,60.01046415936071,25.488033038555194,0.5211973323682096,0.535361552142254,0.2634237090251418,0.9208112004485677,0.6573874914234259,1.2279318318464523,1.5009861062023073,1.2877954491435029,1.7469037568956265,0.45910830775212363,0.3058711242260745,oscillatory_coexistence
0.6000000000000001,1.8,48.83657954783487,34.78949678643168,59.812842366503624,25.023345580071947,0.5123893976964818,0.5384335823838862,0.2684350865303385,1.003175671985242,0.7347405854549036,1.3645890774503961,1.4619862458769282,1.2569552992062003,1.6983774697359786,0.4414221705297783,0.30193318970979965,oscillatory_coexistence
0.6000000000000001,1.9000000000000001,48.77339399845274,35.01396482036988,59.63537363309624,24.621408812726365,0.5048122919948309,0.541492627212838,0.27282205030115336,0.9925632323686987,0.7197411820675453,1.3291800218423218,1.4257033178549163,1.2280029397280334,1.653734333164935,0.4257313934369016,0.29861149097776496,oscillatory_coexistence
0.6000000000000001,2.0,48.70497499234026,35.21610759220213,59.48728511195763,24.271177519755504,0.49833056117105257,0.5445748852569345,0.27676258913169693,0.9827551417762218,0.7059925526445249,1.2964104143549255,1.3915173393696425,1.1885934446020017,1.612521605585288,0.42392816098328634,0.30465172728283874,oscillatory_coexistence
0.7000000000000001,0.0,16.207718188238733,1.8452545516565042e-10,74.78089043294581,74.78089043276128,4.613906138065879,0.9654670361134872,2.762213342618436e-14,20.488941976909263,20.488941976909235,21.22179340204797,1.9548779835828944,0.23240611547642684,5.561015472230661,5.328609356754234,2.725801508585845,low_density_risk
0.7000000000000001,0.1,24.604003270596824,5.149794318483241e-06,74.72234205706552,74.7223369072712,3.0369991454425462,0.935248483975366,1.7559489689347873e-11,16.858411552053862,16.8584115520363,18.025596235515863,2.4706220747178063,0.5675176605015606,5.707520121418529,5.1400024609169686,2.0804486908431663,low_density_risk
0.7000000000000001,0.2,39.115785650452914,0.2773158190258274,74.35595035220229,74.07863453317646,1.8938296470677387,0.6402581836106181,2.3522778828115474e-05,7.730265661568697,7.730242138789869,12.073632694836508,2.8549026797061745,1.3983597976134932,5.134230069662978,3.735870272049485,1.3085806036767147,low_density_risk
0.7000000000000001,0.30000000000000004,45.60553150820192,7.759573322133412,71.82793783091537,64.06836450878197,1.4048375797847723,0.6131890306819033,0.01597089862741555,3.2607718100517538,3.2448009114243384,5.291681274550251,2.947027344861851,1.9257933283306679,4.219412100476591,2.2936187721459227,0.7782821479902703,oscillatory_coexistence
0.7000000000000001,0.4,47.364279443438434,21.14878764013548,67.19443096329228,46.045643323156796,0.9721596921608973,0.5330756751291041,0.08011810566564617,1.7198276364160803,1.6397095307504341,3.0759413855270012,2.6833992309806414,2.0430716336372505,3.404342013527324,1.3612703798900734,0.5072932734619937,oscillatory_coexistence
0.7000000000000001,0.5,47.05399303156384,27.40617845738333,63.34432354995049,35.938145092567154,0.763763982122815,0.5337622718328138,0.146034613176036,1.2980885553421246,1.1520539421660887,2.1583652553936585,2.475494915622061,2.0204408639165843,2.969275081831823,0.9488342179152389,0.38329071569772355,oscillatory_coexistence
0.7000000000000001,0.6000000000000001,46.78346019423017,31.12407271938951,60.653058163128115,29.528985443738605,0.6311842972098032,0.533654494346765,0.19783648433097725,1.0985023865738637,0.9006659022428865,1.6877322533255987,2.313038813125937,1.9592981855245015,2.6799136210389984,0.7206154355144969,0.3115448955827575,oscillatory_coexistence
0.7000000000000001,0.7000000000000001,46.66274877287123,33.49292940432889,58.775938002458176,25.283008598129285,0.5418242444565925,0.5327955753817452,0.23689148021725273,0.9842284018969938,0.7473369216797411,1.4026710359651082,2.1774880846441764,1.8885831019646264,2.4732124337730697,0.5846293318084432,0.2684879590988481,oscillatory_coexistence
0.7000000000000001,0.8,46.597001371471066,34.11182797064425,57.4273908195165,23.315562848872254,0.5003661644018721,0.5293686209581479,0.2663638040659311,0.9128601861568765,0.6464963820909454,1.2212593578357123,2.0648673321852216,1.8181416421637477,2.35558255428788,0.5374409121241324,0.26027866475813993,oscillatory_coexistence
0.7000000000000001,0.9,46.36940420097429,34.01889794386255,56.42903879308187,22.410140849219324,0.4832958550014747,0.5310179980495474,0.2888817044358042,0.8926482845139899,0.6037665800781857,1.1369983358279947,1.9712965069370012,1.7514837869805386,2.218063924392248,0.46658013741170934,0.23668693967121388,oscillatory_coexistence
0.7000000000000001,1.0,46.08768409779369,34.968606710229565,55.67068797372007,20.702081263490506,0.4491890115277262,0.5400145586188441,0.30659342027892217,0.9090686780072486,0.6024752577283263,1.1156648429407492,1.886853397609898,1.6893270074885924,2.103681042855494,0.41435403536690174,0.21960054548570113,oscillatory_coexistence
0.7000000000000001,1.1,46.009722520065424,35.71478875683412,55.07981272160417,19.365023964770053,0.420889822935235,0.5468962079964644,0.3206848483667103,0.8774534847665459,0.5567686363998356,1.0180517404545928,1.806956007448896,1.604537752299428,2.006386774312527,0.401849022013099,0.2223900417920062,oscillatory_coexistence
0.7000000000000001,1.2000000000000002,46.19601583245468,36.288161961865015,54.60968830510039,18.321526343235377,0.39660403636720815,0.5466241177743871,0.33207545951857725,0.8532327128189969,0.5211572533004196,0.9534106460969729,1.7335241243134534,1.5418842758119216,1.9221973307998124,0.3803130549878908,0.21938722954795392,oscillatory_coexistence
0.7000000000000001,1.3,46.4770879343685,36.76086087830309,56.02166786675223,19.26080698844914,0.41441509880411204,0.5407189732926064,0.341466037665632,0.8341975220299,0.49273148436426806,0.9112524411025587,1.6696662382859524,1.4949232839871724,1.848366292523172,0.35344300853599964,0.21168482684217524,oscillatory_coexistence
0.7000000000000001,1.4000000000000001,46.66366621792207,37.141591091307966,55.70538796909577,18.5637968777878,0.39782122542822457,0.53432756821975,0.311223931323668,0.818689201096404,0.507465269772736,0.9497269090242482,1.6155308242227364,1.451411229484285,1.7825085780088485,0.33109734852456363,0.20494647552370665,oscillatory_coexistence
0.7000000000000001,1.5,46.697221970204346,37.45770885027271,55.42561213461958,17.967903284346868,0.38477456530093146,0.5306698856245519,0.3167333481825253,0.8059682729447514,0.4892349247622261,0.9219195172258883,1.568518643129402,1.4111076067478248,1.7236629585558174,0.31255535180799265,0.19926785899350494,oscillatory_coexistence
0.7000000000000001,1.6,46.617889477393476,37.71827567038616,55.19087216650534,17.47259649611918,0.37480453731376734,0.5296674240100517,0.32253949746579125,0.7952434299278403,0.472703932462049,0.8924542288864378,1.5259969182534638,1.3734762121319926,1.6788380175036108,0.3053618053716183,0.20010643646706133,oscillatory_coexistence
0.7000000000000001,1.7000000000000002,46.49474108761876,37.941114866884874,54.99275913215168,17.05164426526681,0.3667435040262474,0.5303494623626127,0.3275825993138157,0.7862356835723522,0.45865308425853646,0.8648129522267329,1.486407725536434,1.3385151044657315,1.6604460975227502,0.32193099305701867,0.21658323455000844,oscillatory_coexistence
0.7000000000000001,1.8,46.38019767065772,36.08629784074758,54.81942414356994,18.733126302822363,0.40390354598840805,0.5320112564645306,0.3319655804267235,0.7783726571617094,0.4464070767349859,0.8390932923125264,1.4490957098570445,1.3058203087301323,1.6149393075876664,0.309118998857534,0.2133185522216581,oscillatory_coexistence
0.7000000000000001,1.9000000000000001,46.28908647749829,35.90510212424899,54.67086791262331,18.765765788374317,0.40540367538893185,0.5342830843213235,0.33584670560085667,0.807748553246655,0.4719018476457983,0.8832430999464476,1.413882299076108,1.2751351201558903,1.5730690859598104,0.2979339658039202,0.21072048642124766,oscillatory_coexistence
0.7000000000000001,2.0,46.21313919034775,36.06185159849176,54.542052512114914,18.480200913623158,0.3998906206631944,0.5369591800387628,0.3392817882313319,0.8447085830336334,0.5054267948023015,0.9412760105244383,1.3806528066538992,1.2463093007125192,1.534273118414759,0.2879638177022399,0.2085707690696911,oscillatory_coexistence
0.8,0.0,15.89473781738553,2.155494364228771e-09,74.74035146262906,74.74035146047358,4.702207253693642,0.8874804851986603,7.62694456620864e-14,19.709050647662423,19.709050647662348,22.207869329350174,1.8779309123717933,0.2896494590674814,5.5805590158749725,5.290909556807491,2.8174143798092914,low_density_risk
0.8,0.1,25.531047202377124,8.124346257503732e-05,74.64722011033537,74.6471388668728,2.923778969000523,0.8170954117567545,5.906316635362332e-11,15.157058641840763,15.157058641781699,18.54992504385196,2.4681090832324024,0.7250551440515357,5.654949470546235,4.9298943264947,1.997437779385415,low_density_risk
0.8,0.2,41.744457725764676,0.9534218357838266,73.86378893661964,72.91036710083581,1.7465879561739712,0.6605202822119337,0.000267449612333927,6.0582051609966605,6.0579377113843265,9.171463578814697,2.989399875658926,1.6038544626700895,4.9784861867751165,3.374631724105027,1.1288659478384633,oscillatory_coexistence
0.8,0.30000000000000004,45.41534550343729,14.16979007773907,68.96456595363813,54.79477587589906,1.2065255756284112,0.534532023586171,0.038662058021835345,2.20847398938805,2.1698119313662145,4.059273973530911,2.921274746567779,2.095840546105772,3.870657458655966,1.774816912550194,0.6075487814471501,oscillatory_coexistence
0.8,0.4,44.24400704284674,24.32055625277417,62.582069451644536,38.26151319887036,0.8647840861659821,0.5540566875544376,0.16756882234430726,1.3652287134611474,1.1976598911168401,2.161619772881101,2.6623406744433704,2.1626028519387623,3.200852961793112,1.0382501098543497,0.38997642932042575,oscillatory_coexistence
0.8,0.5,44.05597525473449,29.559916633238295,58.07881770130798,28.518901068069688,0.6473333277307088,0.5469377114192184,0.24764856558282378,1.066074101138177,0.8184255355553531,1.496377957610876,2.457956486859909,2.112016356760362,2.814578674045325,0.7025623172849631,0.2858318774317341,oscillatory_coexistence
0.8,0.6000000000000001,44.140020775089305,32.57017856166861,55.5797968053325,23.009618243663887,0.5212869826434016,0.5387263298042023,0.2895578042069144,0.9236107503315372,0.6340529461246227,1.176948129403457,2.2927809689039953,2.0326486647351283,2.555627820348449,0.5229791556133208,0.22809817540621394,oscillatory_coexistence
0.8,0.7000000000000001,44.142468851418535,34.47180827016083,53.7914536316038,19.319645361442973,0.43766571884485095,0.5348468908516526,0.2967531367806011,0.8422123670402514,0.5454592302596503,1.0198418268639078,2.158625106260444,1.949792946588331,2.3636564190185583,0.41386347243022725,0.1917254975075333,oscillatory_coexistence
0.8,0.8,44.125721931907535,35.75408920516344,52.555026491035626,16.800937285872187,0.3807515560152901,0.5326430356644882,0.3244557512069826,0.7911998362286996,0.466744085021717,0.8762793348805611,2.0456442851493497,1.8706507172850555,2.2132619422870294,0.34261122500197394,0.16748328508971091,oscillatory_coexistence
0.8,0.9,44.072485493897965,36.551207437008685,51.66410726492837,15.112899827919684,0.3429100868389143,0.5302022644431135,0.34521210434715666,0.7564179357416911,0.4112058313945345,0.7755640799189346,1.9501579388175179,1.7976785629002319,2.1307670081069134,0.33308844520668157,0.1708007534038395,oscillatory_coexistence
0.8,1.0,43.90212135363199,35.367207485481124,50.997784107136276,15.630576621655152,0.3560323770177381,0.5313334281568199,0.3611669353878627,0.7319414445622314,0.3707745091743687,0.6978189015132679,1.8685109239471285,1.7306484138019884,2.02391996113002,0.2932715473280314,0.1569546870554838,oscillatory_coexistence
0.8,1.1,43.7061677794172,35.968920791593575,50.48280574435116,14.513884952757586,0.3320786445063793,0.5369726094072647,0.37359840093657515,0.7755038650221604,0.40190546408558525,0.7484654841677656,1.7946965644555268,1.669645827650728,1.9326063491629735,0.26296052151224547,0.14652088086649656,oscillatory_coexistence
0.8,1.2000000000000002,43.64197741917696,36.43177538176566,50.08265154372991,13.650876161964248,0.31279233823088703,0.5419274053785421,0.3835007844724809,0.757600359285128,0.3740995748126471,0.6903130771743204,1.7256722947179386,1.600688515558179,1.8532807781040688,0.25259226254588985,0.14637325019292247,oscillatory_coexistence
0.8,1.3,43.74670440001241,36.809771909009655,49.76020182126192,12.950429912252268,0.29603212607366824,0.5426348109312795,0.39159266210891236,0.7434311213187488,0.3518384592098364,0.648389030931054,1.6621046543191023,1.5304839644497445,1.7833832304298058,0.2528992659800613,0.1521560422340023,oscillatory_coexistence
0.8,1.4000000000000001,43.92793998452508,37.11362984965879,51.14228046575972,14.028650616100926,0.31935598666913617,0.5396230497982608,0.39827316734924545,0.7321894930794016,0.33391632573015617,0.6187955200475085,1.605440104824181,1.4850333910783657,1.720944852986806,0.23591146190844037,0.14694504092641258,oscillatory_coexistence
0.8,1.5,44.07338888108544,37.36375671255083,51.030362717818896,13.666606005268065,0.3100874780049628,0.5355510474535077,0.3710818072264963,0.7228673262381629,0.35178551901166655,0.6568664568647846,1.555788150136773,1.4429073437009419,1.664950065875434,0.22204272217449206,0.14272040968741728,oscillatory_coexistence
0.8,1.6,44.130720884495965,37.57135286292811,50.82196193692891,13.2506090740008,0.3002581604928124,0.5325000029928055,0.37028109552797345,0.7150617855128171,0.3447806899848436,0.647475470509724,1.5118834362808071,1.4039070432796796,1.6141253731422922,0.21021832986261257,0.1390440061831784,oscillatory_coexistence
0.8,1.7000000000000002,44.10664586410503,37.74526487188866,50.64647766263765,12.901212790748993,0.29250042795133496,0.5310014760006214,0.3747574905396891,0.7086707341352484,0.3339132435955593,0.6288367522250347,1.472177002481668,1.367602832148944,1.5676953040960107,0.2000924719470667,0.13591604243894062,oscillatory_coexistence
0.8,1.8,44.03456156158879,37.89747008567442,50.49954583649977,12.60207575082535,0.28618601625450985,0.5307944091650372,0.37857089069410493,0.7030494364738412,0.3244785457797363,0.6113073916689212,1.4355181315646384,1.3337727701176512,1.5551760325706818,0.22140326245303066,0.15423229953324144,oscillatory_coexistence
0.8,1.9000000000000001,43.947318393434834,36.70106455358703,50.37391175446331,13.672847200876276,0.3111190329856056,0.5315391366883252,0.3818821551398927,0.6981879856905069,0.3163058305506142,0.5950753363538104,1.4012221849621986,1.3021301069014555,1.5177519199465686,0.21562181304511308,0.15388124407320605,oscillatory_coexistence
0.8,2.0,43.863469467288496,35.96596420916577,50.260312545508526,14.294348336342757,0.3258827564245128,0.533009956038221,0.38488698954497824,0.6947402124770907,0.3098532229321125,0.5813272705722448,1.3689050017903182,1.2724861854195697,1.4805287482907892,0.20804256287121947,0.15197735606121657,oscillatory_coexistence
0.9,0.0,18.215394638429753,1.588830911243201e-08,74.69472501509766,74.69472499920936,4.100637207256481,0.8238734790715659,1.2282268893875942e-13,18.857326485966357,18.857326485966233,22.88861938752285,1.808428952364426,0.34714371650706005,5.604264717453713,5.257121000946653,2.9070099735299726,low_density_risk
0.9,0.1,30.59288440902567,0.00021193232274562492,74.56592987366561,74.56571794134287,2.4373549399396177,1.002596986479971,8.205998121086083e-10,14.41922848138206,14.41922848056146,14.381878935395275,2.5144003821796295,0.783290312486667,5.599473395641386,4.816183083154719,1.9154400060096453,low_density_risk
0.9,0.2,41.10526261558005,1.9661779791923084,73.18537389976521,71.2191959205729,1.732605301336211,0.663209622279415,0.0014572669894645889,4.962071238423724,4.96061397143426,7.479707478274248,3.128204845922816,1.7559187358250066,4.818619015638787,3.0627002798137806,0.9790600138621386,oscillatory_coexistence
0.9,0.30000000000000004,42.36332366838392,17.145147443671465,65.35583785812514,48.21069041445368,1.1380289892228772,0.5577975188180561,0.08039025693883985,1.783916084356307,1.7035258274174672,3.054021880599426,2.9096110731481164,2.2184788270809532,3.660002696361077,1.4415238692801235,0.4954352430752679,oscillatory_coexistence
0.9,0.4,41.35381240713229,25.88546423920627,55.28027004481581,29.394805805609536,0.7108124763979222,0.5508389081003152,0.22092538718700017,1.1584769393856125,0.9375515521986123,1.7020430808532674,2.660800257092088,2.2476044749657675,3.0596010306053367,0.8119965556395692,0.30517005306015405,oscillatory_coexistence
0.9,0.5,41.32830825369352,30.27979095065005,51.35798231025639,21.07819135960634,0.5100182477883562,0.5465811245826735,0.2988026573527512,0.9327614049463615,0.6339587475936104,1.1598621303955414,2.4502610418646453,2.182794988024736,2.7110166258929027,0.5282216378681666,0.21557769920954015,oscillatory_coexistence
0.9,0.6000000000000001,41.493997118876464,32.77153436859371,49.132066986316566,16.360532617722853,0.3942867343160758,0.543323459783642,0.34805600976810114,0.8242999596731794,0.47624394990507823,0.8765385357993704,2.2795062977879113,2.073284864039823,2.4722048813628743,0.3989200173230514,0.17500281429798992,oscillatory_coexistence
0.9,0.7000000000000001,41.655490383437254,34.332350207365096,49.60853815190765,15.276187944542556,0.3667268781119954,0.5383674780872759,0.38052170048836514,0.7622214165517134,0.38169971606334824,0.708994750980781,2.142013378505938,1.9818944114265427,2.293594419953008,0.3117000085264654,0.14551730239132854,oscillatory_coexistence
0.9,0.8,41.72325408528127,35.378601654245536,48.50166503707679,13.123063382831255,0.31452636354795654,0.535134756128244,0.36540224484178974,0.7227453501629273,0.35734310532113756,0.6677628414679783,2.0286971503847604,1.8972143714965044,2.152112042091692,0.25489767059518775,0.12564599430068626,oscillatory_coexistence
0.9,0.9,41.739425728040914,36.119226231378086,47.72040639541132,11.60118016403323,0.2779429750572533,0.5327956116781226,0.38402189769654516,0.6962447905353693,0.3122228928388241,0.5860087545669597,1.9325400515183326,1.8202053028360003,2.035748364592798,0.21554306175679772,0.11153355480904063,oscillatory_coexistence
0.9,1.0,41.686750473214055,36.245037259905835,47.14123484632358,10.896197586417742,0.2613827526186975,0.5311981063188868,0.39813078947756864,0.6772334069316392,0.2791026174540706,0.5254209571409794,1.8501813920567869,1.7502869921748432,1.9690436726970033,0.21875668052216013,0.11823526139718503,oscillatory_coexistence
0.9,1.1,41.554147855249916,35.40267296625784,46.695901653243354,11.293228686985515,0.27177139394902705,0.532441097944155,0.40914300658877295,0.6695749438890394,0.2604319373002664,0.48912816517235247,1.7781706918863254,1.6870574046172164,1.8817784020848705,0.19472099746765403,0.10950635861677592,oscillatory_coexistence
0.9,1.2000000000000002,41.42235278871003,35.79716649713164,46.351062079358044,10.553895582226403,0.2547874486043847,0.5362758318482015,0.41787016214029377,0.7014108057989747,0.283540643658681,0.5287216518427991,1.7126721590550862,1.629424123377737,1.8056104635406398,0.1761863401629029,0.10287219257420836,oscillatory_coexistence
0.9,1.3,41.383826881205636,36.10948115034656,46.075337572505305,9.965856422158744,0.24081524530744816,0.5396028321655425,0.42487146492973343,0.6901458069115345,0.26527434198180105,0.4916103588943489,1.651839162142989,1.567622673231186,1.7384222228717838,0.17079954964059785,0.10339962482721997,oscillatory_coexistence
0.9,1.4000000000000001,41.45434351278203,36.361807154672015,45.85523947412027,9.493432319448253,0.22900935137281378,0.5403019259546473,0.4306136654003142,0.681236846544195,0.2506231811438808,0.4638576490368723,1.595827763503361,1.5019231105660011,1.678311154931378,0.17638804436537692,0.11053075300434505,oscillatory_coexistence
0.9,1.5,41.57814553121333,36.57064645482724,47.138064424498374,10.567417969671133,0.25415799176848236,0.538577329184217,0.43544573015331556,0.6738533597009108,0.2384076295475952,0.44266183633883843,1.5452312190552584,1.4588683117325054,1.6242094330362895,0.1653411213037841,0.10700089362986419,oscillatory_coexistence
0.9,1.6,41.686886542212626,36.746772605830785,47.12045785427252,10.373685248441738,0.24884768590086417,0.535887407092626,0.41234846271318404,0.6677903119269654,0.2554418492137813,0.47667074432512757,1.5000070340877025,1.419075946782207,1.5750557689287097,0.15597982214650274,0.10398606046621972,oscillatory_coexistence
0.9,1.7000000000000002,41.74209523976091,36.89141522008303,46.96573266068352,10.074317440600488,0.24134671205972627,0.5335323736962491,0.40742506578270443,0.6626694424277905,0.25524437664508604,0.47840466526202496,1.4594180120982536,1.382091072324678,1.5301037330803706,0.14801266075569264,0.10141896257864359,oscillatory_coexistence
0.9,1.8,41.73975579190586,37.01959657218246,46.83592122693778,9.81632465475532,0.23517925461026917,0.532070211202992,0.41088294507552175,0.6583061945659769,0.2474232494904552,0.4650199245896043,1.4225015687037565,1.347668173950035,1.488861450890617,0.14119327694058215,0.09925702723065828,oscillatory_coexistence
0.9,1.9000000000000001,41.69585058248086,37.12604293483033,46.72408801894318,9.598045084112847,0.23019185242728638,0.5315408158620215,0.41392589469205765,0.6545181168334866,0.24059222214142895,0.4526316981900968,1.3884340061063596,1.315518276114407,1.4733307354742022,0.15781245935979515,0.11366219688196863,oscillatory_coexistence
0.9,2.0,41.63092843245335,36.34755724138903,46.62385116462157,10.276293923232537,0.2468427755558152,0.5318189967446888,0.4164890349999078,0.6512346950007216,0.23474566000081382,0.44140141934995064,1.356626977861669,1.2854383585450708,1.4421115953140822,0.15667323676901135,0.1154873368476322,oscillatory_coexistence
1.0,0.0,22.757864321901554,8.26657334616386e-08,74.64569788724205,74.64569780457632,3.2799957302116454,1.1059468465170663,2.929312031208466e-13,18.698320627388735,18.698320627388444,16.907069888808614,1.7673105043320878,0.2968606100866193,5.616824478498024,5.319963868411405,3.0102032751844847,low_density_risk
1.0,0.1,27.63841163399157,0.0015735312273555898,74.45081118456704,74.4492376533397,2.6936872725990644,0.8949721358567396,3.331039218283881e-09,12.943939717523062,12.943939714192023,14.462952750798857,2.7476376327216543,0.9461488440795255,5.53779672779887,4.591647883719345,1.671125707784635,low_density_risk
1.0,0.2,39.56757542916655,3.2249044441009493,71.64078345319128,68.41587900909033,1.729089494795201,0.6454776264313717,0.004464652069169793,4.179915906185368,4.175451254116198,6.468777666538796,3.2182965984585623,1.9781272678719912,4.657148693240432,2.6790214253684406,0.8324345949502461,oscillatory_coexistence
1.0,0.30000000000000004,39.65356012750074,18.891388587330173,58.331252436914845,39.43986384958467,0.9946109182320589,0.5555487613127668,0.13861970354272987,1.522638525871231,1.384018822328501,2.4912643474455076,2.9024982619673874,2.3012893948035593,3.504162516247712,1.2028731214441528,0.41442681885652544,oscillatory_coexistence
1.0,0.4,39.28932430826238,26.354898016607724,51.07499620519514,24.720098188587418,0.6291810466027347,0.5373459811590939,0.26101962431253545,1.035595330610715,0.7745757062981796,1.441484133976256,2.6415578411900564,2.3583963989906715,2.9609780402100365,0.602581641219365,0.22811601238595855,oscillatory_coexistence
1.0,0.5,39.21014926821958,30.06266806861833,47.543073465456295,17.480405396837966,0.4458132836287275,0.5370451895411076,0.3341142790719207,0.8550237554946477,0.520909476422727,0.9699546454682182,2.432514554686736,2.247813994633507,2.637740661433853,0.38992666680034604,0.16029777336744497,oscillatory_coexistence
1.0,0.6000000000000001,39.18993798359384,32.18699889531766,45.58670917325188,13.399710277934226,0.34191710850737833,0.5405550349209209,0.37897467990490735,0.7665817101165828,0.3876070302116755,0.7170537783773716,2.2648501153056295,2.13426202427795,2.4135527518889957,0.2792907276110457,0.12331532480825273,oscillatory_coexistence
1.0,0.7000000000000001,39.30979946343633,33.50759480006991,44.38374061376182,10.876145813691913,0.2766777231669164,0.5400828381932625,0.40821447648720893,0.7158629366681882,0.3076484601809793,0.5696319868440648,2.1266143512533286,1.9950122604472809,2.243742900183769,0.24873063973648812,0.11696085827210785,oscillatory_coexistence
1.0,0.8,39.43007221249416,34.40322352619288,45.144147686366914,10.740924160174032,0.27240437456694017,0.5372665252309928,0.4281727200363092,0.6833466869800962,0.25517396694378697,0.4749485682801517,2.012349657227583,1.9069226183714936,2.1083212856258897,0.20139866725439615,0.10008134845301353,oscillatory_coexistence
1.0,0.9,39.49250792697761,35.03337110088775,44.446312768361864,9.412941667474115,0.23834752872313358,0.5348486251598136,0.40928603162115285,0.6615322694991884,0.2522462378780356,0.4716217374629923,1.9160227590187984,1.8275842036196028,1.9964352113447315,0.16885100772512862,0.08812578396068199,oscillatory_coexistence
1.0,1.0,39.50203821260964,35.4951147144633,43.932122791374255,8.437008076910956,0.21358412017882974,0.5329110669723647,0.4222042808505419,0.6458792749223392,0.2236749940717973,0.4197229292725061,1.833246273917059,1.7560919645111142,1.9082888779684457,0.15219691345733155,0.08302044063728141,oscillatory_coexistence
1.0,1.1,39.44637567064146,35.06470326734367,43.53901787101832,8.474314603674657,0.2148312604035147,0.5320432246733746,0.4320657231990453,0.6342290143304491,0.2021632911314038,0.3799753135755716,1.761262473854264,1.6916509110205908,1.8445577415903827,0.15290683056979182,0.08681660617857308,oscillatory_coexistence
1.0,1.2000000000000002,39.34255802614702,34.687584580167055,43.23357905069661,8.545994470529557,0.2172201020800346,0.533321668818216,0.43987727338188193,0.639301930326231,0.19942465694434902,0.37392940996730717,1.6972612843768298,1.6331974902644084,1.7706889175038332,0.13749142723942476,0.08100781447437859,oscillatory_coexistence
1.0,1.3,39.25325344601877,34.95826983881254,42.99291620698735,8.034646368174812,0.20468739945910178,0.536096480054769,0.4461866338985797,0.658380421654516,0.21219378775593634,0.3958126860558053,1.638730813927978,1.5800226889451439,1.7053588776077753,0.1253361886626314,0.07648369555102748,oscillatory_coexistence
1.0,1.4000000000000001,39.23283209667326,35.17997370411067,42.79810567603336,7.618131971922686,0.1941774673097961,0.5383974618758322,0.45130794052479567,0.6507498955688938,0.19944195504409817,0.3704362839097559,1.5844923043137455,1.522654250004337,1.6468255997565289,0.1241713497521919,0.07836664742016086,oscillatory_coexistence
1.0,1.5,39.28606552721065,35.36228841149263,42.635271592157075,7.272983180664447,0.18512882578243386,0.5389532719250146,0.4555942106782847,0.6445867198230931,0.18899250914480842,0.3506658535895345,1.5344881571380176,1.4641681353360845,1.5940531693510758,0.1298850340149913,0.08464388168179542,oscillatory_coexistence
1.0,1.6,39.376566792874875,35.515975271046074,43.82967953420656,8.313704263160488,0.21113329424810667,0.5378543402621399,0.45916109733163535,0.6394499330876395,0.18028883575600418,0.33520011322730925,1.488915659676903,1.4240557589498533,1.5460826948491537,0.12202693589930047,0.08195691616656012,oscillatory_coexistence
1.0,1.7000000000000002,39.45999331751921,35.64250742791061,43.836620492446535,8.194113064535927,0.2076562202786219,0.5359593562315412,0.4395021869662704,0.635051388718313,0.1955492017520426,0.36485826672871446,1.4476568828959415,1.3867774386239973,1.5022493905945447,0.11547195197054738,0.07976472417930527,oscillatory_coexistence
1.0,1.8,39.508214808965995,35.75333253209468,43.71664028136972,7.963307749275039,0.20156080925903144,0.5341196153447001,0.43247910832659625,0.6313031910084824,0.19882408268188617,0.3722463601214132,1.4102213427951102,1.3521114369766152,1.4618758960966567,0.10976445912004151,0.07783491554765899,oscillatory_coexistence
1.0,1.9000000000000001,39.51428181256296,35.847815764261455,43.6131544315099,7.765338667248443,0.19651979767931338,0.5328114642267493,0.43528652531948386,0.6281138544810304,0.19282732916154655,0.36190536823570085,1.3759614240926517,1.3197801300973824,1.4246009485117008,0.10482081841431845,0.07618005605307149,oscillatory_coexistence
1.0,2.0,39.48589578429942,35.92813502302765,43.52648337920458,7.598348356176928,0.19243196096359114,0.5321810538151405,0.43764123928445925,0.6253515264463817,0.18771028716192245,0.3527188459940424,1.344271409817975,1.2894528427877494,1.407081797468268,0.11762895468051848,0.08750387296889611,oscillatory_coexistence
1.1,0.0,22.337367122093,2.8167080534551355e-08,74.59633127286237,74.59633124469529,3.339531057396272,1.149755529810645,6.837315461958925e-13,18.449944664189605,18.449944664188923,16.04684142481265,2.031147344680456,0.3488459462471943,5.624555404864289,5.2757094586170945,2.597403616449343,low_density_risk
1.1,0.1,30.27324693202692,0.007418439378708031,74.32278314071814,74.31536470133943,2.454819757794684,0.8094266970374691,3.595291696176972e-08,11.577575037878258,11.577575001925341,14.30342617099903,2.7679495287356577,1.068308305274207,5.488250359827129,4.419942054552922,1.5968289915207607,low_density_risk
1.1,0.2,39.83620002442082,5.395539955401523,69.87890548878954,64.48336553338802,1.6187127661236793,0.5495100436465647,0.009818772368440205,3.096722136353713,3.0869033639852725,5.617555856658914,3.194206844910344,2.1025950223709575,4.448572962108285,2.3459779397373275,0.7344477216541814,oscillatory_coexistence
1.1,0.30000000000000004,37.33326251289435,19.680581971807317,54.34511471366393,34.66453274185662,0.9285160312438024,0.5494098592962829,0.1704952448801966,1.3609134208442757,1.190418175964079,2.1667215391559798,2.888739112770687,2.4549660857844695,3.3885995489973353,0.9336334632128658,0.32319757055425585,oscillatory_coexistence
1.1,0.4,37.40654883040225,26.04807953958883,47.5885606166419,21.54048107705307,0.5758478595476688,0.5308335694971171,0.2884623338917114,0.8479316456674985,0.5594693117757871,1.0539448594118566,2.613534423869281,2.3753689820352366,2.888469830251942,0.5131008482167054,0.1963245035268655,oscillatory_coexistence
1.1,0.5,37.3145081498089,29.269890453250156,44.40761107737186,15.137720624121705,0.4056792216943324,0.5314364293392344,0.35690376052690326,0.7331533341163087,0.3762495735894054,0.7079860408826513,2.407750185444543,2.2531362532221006,2.5839309318083292,0.3307946785862286,0.1373874584605282,oscillatory_coexistence
1.1,0.6000000000000001,37.17825620435873,31.11721436777551,42.651438852334564,11.534224484559054,0.3102411372162873,0.5354725608035124,0.39821690261410836,0.7312735470566363,0.3330566444425279,0.6219863888863553,2.245464183624796,2.1342318150838357,2.369544359172973,0.23531254408913727,0.10479461031044966,oscillatory_coexistence
1.1,0.7000000000000001,37.16945677446302,32.28833700874195,41.57520239888326,9.286865390141315,0.24985206123651318,0.5387789514117017,0.42494908797019226,0.6892785057294855,0.2643294177592932,0.49060828576582294,2.110120507478093,2.0256728739791403,2.205924935800143,0.18025206182100284,0.08542263874604268,oscillatory_coexistence
1.1,0.8,37.26391069806154,33.070749405072114,41.36045521980248,8.289705814730368,0.22245936240828784,0.5383991831253834,0.4432296738638688,0.6608688971368387,0.21763922327296992,0.40423394034363064,1.9960436763090812,1.9055504219466086,2.0747598069515,0.16920938500489147,0.08477238600194094,oscillatory_coexistence
1.1,0.9,37.35226642695594,33.628372282168804,41.67649103703748,8.048118754868675,0.21546533918114236,0.5364166666096916,0.4454622295756638,0.6417402200179015,0.19627799044223776,0.36590583898596124,1.8996094203063463,1.8250590660815675,1.9659182497743515,0.14085918369278394,0.07415165569667143,oscillatory_coexistence
1.1,1.0,37.397387341185635,34.03891753053079,41.20903789351923,7.170120362988442,0.19172784177604346,0.534504846768843,0.436898986657546,0.6279760891941932,0.19107710253664723,0.3574843215947951,1.8168205397060753,1.7529153853253758,1.8734672397083687,0.12055185438299287,0.06635319876030758,oscillatory_coexistence
1.1,1.1,37.39295754747933,34.350048792109256,40.85280683159348,6.5027580394842275,0.17390328195428892,0.5330400902466362,0.4461207675979469,0.6176635142411646,0.17154274664321773,0.3218195962775024,1.7447466287277413,1.6880619816707236,1.8059511669606012,0.11788918528987757,0.06756808315243691,oscillatory_coexistence
1.1,1.2000000000000002,37.33708345260821,33.617697749673525,40.57513251855396,6.957434768880432,0.18634114198317836,0.5326851267003554,0.4533792401486688,0.6098380243041669,0.15645878415549808,0.2937172004864614,1.6811690582743362,1.6293374985652849,1.7434376340275621,0.11410013546227726,0.0678695190710501,oscillatory_coexistence
1.1,1.3,37.25509969142706,33.54009992913423,40.35348633260091,6.81338640346668,0.18288466437883014,0.5339174848534906,0.4592327313092385,0.6221514830653713,0.1629187517561328,0.30513844625360664,1.6239344640138333,1.5759995011485604,1.6793883416261748,0.10338884047761443,0.06366564831810236,oscillatory_coexistence
1.1,1.4000000000000001,37.19302244784984,33.74131300840112,40.1750844768703,6.433771468469182,0.17298329216159064,0.5360373013821411,0.4639620062816974,0.6328786052993208,0.1689165990176234,0.3151209786739964,1.5713398960271423,1.52728732033176,1.6220959333619123,0.0948086130301522,0.06033615850383411,oscillatory_coexistence
1.1,1.5,37.183681284299126,33.90858517847017,40.02675749463924,6.118172316169073,0.16453917699515988,0.5377217318562,0.46793412126236006,0.6272116189907928,0.15927749772843275,0.29620803529423145,1.5225763665152787,1.4738393439997326,1.5703427523318152,0.0965034083320826,0.06338165392182371,oscillatory_coexistence
1.1,1.6,37.22697879620169,34.04546713133156,40.005582460200806,5.960115328869243,0.16010204216403398,0.5381606623323677,0.47124740390093944,0.6226391191317743,0.15139171523083483,0.2813132319527548,1.47750447027496,1.4220368829206158,1.5232406971013996,0.10120381418078384,0.06849645210337776,oscillatory_coexistence
1.1,1.7000000000000002,37.29746439430147,34.163656879773214,41.023187746206276,6.859530866433062,0.18391413405252602,0.5373950309560678,0.4740374540008781,0.6186641714481029,0.14462671744722483,0.2691255205498523,1.4361486470305351,1.384753846066176,1.4801783789598904,0.09542453289371444,0.06644474657338106,oscillatory_coexistence
1.1,1.8,37.36426971112282,34.26199556656928,41.0290008980825,6.767005331513218,0.181108994872141,0.5359703402612849,0.4571343913979379,0.6153058986795592,0.15817150728162133,0.29511242581859626,1.3983694989086857,1.3500842925104044,1.440494686023217,0.09041039351281266,0.0646541515552978,oscillatory_coexistence
1.1,1.9000000000000001,37.406072949033216,34.347898121914355,40.93245719933436,6.584559077420003,0.1760291460264077,0.5344798901471126,0.4488316525312772,0.6124304395220964,0.1635987869908192,0.3060896958077945,1.363812355253759,1.3177560226296587,1.4038467729741921,0.0860907503445334,0.06312506996495988,oscillatory_coexistence
1.1,2.0,37.41549328476191,34.42378607722837,40.84981046001891,6.426024382790537,0.1717476857483387,0.5333177939307644,0.45114434376646645,0.6099747789071893,0.15883043514072287,0.29781574316090514,1.3320116996556495,1.2874708614230757,1.3697969146613966,0.08232605323832098,0.061805803402133805,oscillatory_coexistence
1.2000000000000002,0.0,21.56295733091186,1.222676349010207e-07,74.53970149011914,74.5397013678515,3.456840368597803,1.0853279420190813,1.5518849921480822e-12,17.806105129021855,17.806105129020303,16.406198015945712,2.163403047735582,0.40138709341961276,5.624899436865431,5.223512343445818,2.4144887606175907,low_density_risk
1.2000000000000002,0.1,28.597336601314346,0.01945526595700921,74.10901016083594,74.08955489487893,2.590785146455602,0.8902597438390611,2.9336406612002574e-07,10.504893588980732,10.504893295616666,11.799807155499007,2.990955602560506,1.2131874973997983,5.431463142372518,4.21827564497272,1.4103437848960767,low_density_risk
1.2000000000000002,0.2,38.09511339928169,7.871938017760248,67.74476993408425,59.872831916323996,1.571666982292048,0.5566099617623957,0.017153399498405764,2.6733049779692544,2.6561515784708485,4.7720158835388,3.182074264715949,2.198525335862368,4.255854905604857,2.057329569742489,0.6465372579622971,oscillatory_coexistence
1.2000000000000002,0.30000000000000004,35.49186156511528,19.79516085934893,50.90942354056396,31.114262681215028,0.8766590792689262,0.532875618143124,0.19370793524028712,1.073039331823058,0.8793313965827709,1.650162564474742,2.8630529421353326,2.477680970219679,3.3011922731719245,0.8235113029522454,0.28763397659624257,oscillatory_coexistence
1.2000000000000002,0.4,35.54799467866036,27.569769605674704,44.70204109494686,17.132271489272153,0.48194762163493454,0.5309910044239659,0.30572649106625327,0.8146592470672447,0.5089327560009914,0.9584583387662804,2.584601192724258,2.375663409269358,2.814524808395212,0.4388613991258543,0.16979849748622516,oscillatory_coexistence
1.2000000000000002,0.5,35.453139942575845,29.291044716930347,41.781901187030776,12.490856470100429,0.35232017503475754,0.5311331521705871,0.3698849403328403,0.7130906659103252,0.3432057255774849,0.6461764327349112,2.3815920420628114,2.2464004545931644,2.5413989829876344,0.29499852839447005,0.12386610434708782,oscillatory_coexistence
1.2000000000000002,0.6000000000000001,35.31677857940485,29.76378786841557,40.16845370554704,10.404665837131468,0.29460970834975037,0.532375709228852,0.40896714433558584,0.6618959872505288,0.25292884291494294,0.4750946343529387,2.2227744285020274,2.1247700004636925,2.33466784282668,0.20989784236298759,0.09443056374566426,oscillatory_coexistence
1.2000000000000002,0.7000000000000001,35.21677604217311,30.82410241260117,39.17203248600373,8.347930073402559,0.23704413099613186,0.5360261495575553,0.4342081846797889,0.6751292710097063,0.24092108632991743,0.4494577112111567,2.091328297360239,2.0166802665575325,2.1754841481657827,0.1588038816082502,0.07593445840551342,oscillatory_coexistence
1.2000000000000002,0.8,35.23769285419713,31.53955347413109,38.51553405987259,6.975980585741503,0.1979692772340628,0.5380835046149899,0.45143622424845337,0.6490233005057147,0.1975870762572613,0.36720522848637005,1.9790426618838324,1.9085393391439034,2.0473399663730176,0.13880062722911424,0.07013523755820457,oscillatory_coexistence
1.2000000000000002,0.9,35.318296037045044,32.05141424376745,39.01103705248615,6.959622808718706,0.19705431998810538,0.5374253301169452,0.4636890714703964,0.6312398174516244,0.167550745981228,0.3117656288073671,1.8829472436625434,1.8158563112065684,1.9407498930841525,0.12489358187758404,0.06632877383998592,oscillatory_coexistence
1.2000000000000002,1.0,35.38432009999498,32.43027767664235,38.85347928872976,6.423201612087411,0.18152677779127768,0.535793079771485,0.45378811749544007,0.6183475094826673,0.1645593919872272,0.30713235799369487,1.8003080254966886,1.7436468974609733,1.8499988152557816,0.10635191779480824,0.05907428967073989,oscillatory_coexistence
1.2000000000000002,1.1,35.41188831649469,32.71445214026526,38.517229788786146,5.8027776485208875,0.1638652419960846,0.5342281541336853,0.45394341808116756,0.6088907537816206,0.15494733570045305,0.29003962913828196,1.728341982600802,1.6788181716368076,1.7713324278125282,0.09251425617572062,0.0535277491995259,oscillatory_coexistence
1.2000000000000002,1.2000000000000002,35.39572611522333,32.94033772912388,38.255702142044484,5.3153644129206015,0.15016966725353795,0.5331694797481425,0.4609440680429835,0.6015393651547003,0.1405952971117168,0.26369719657972024,1.6649315291683848,1.620268764841272,1.7169318315143012,0.09666306667302926,0.05805828346662,oscillatory_coexistence
1.2000000000000002,1.3,35.34194105820068,32.07454799089654,38.04588150203547,5.97133351113893,0.16895884414795556,0.5331462529114078,0.4665017696458063,0.595755214929901,0.12925344528409471,0.24243525032394844,1.6083087718872986,1.567099147134387,1.6578740706155621,0.09077492348117522,0.05644122886589577,oscillatory_coexistence
1.2000000000000002,1.4000000000000001,35.27595497774804,32.15023067313331,37.87881176171404,5.728581088580732,0.16239336659189355,0.5343100434418806,0.47110879450814885,0.6121026338654113,0.14099383935726245,0.2638801966902109,1.556845853577976,1.5185971140235892,1.6014461397125788,0.08284902568898955,0.05321594652324182,oscillatory_coexistence
1.2000000000000002,1.5,35.23133229527237,32.307190991808405,37.73944234401356,5.4322513522051565,0.15418807630314754,0.5360201871345851,0.47486987056717794,0.6177139766013469,0.14284410603416892,0.2664901611215565,1.5093405864595062,1.474051990672703,1.55048809667222,0.07643610599951711,0.05064205301651918,oscillatory_coexistence
1.2000000000000002,1.6,35.22874078193299,32.43746595892008,37.62356848461462,5.186102525694544,0.14721225938209184,0.5373347074760818,0.4780657169496685,0.6133118386174762,0.1352461216678077,0.2516980939177024,1.465204493477794,1.4243459299287877,1.5041214019944487,0.07977547206566094,0.05444664715452262,oscillatory_coexistence
1.2000000000000002,1.7000000000000002,35.26603633646367,32.5496675408231,37.76042178792528,5.21075424710218,0.14775559684075754,0.5376965945779619,0.480743156054891,0.6096224516736495,0.1288792956187585,0.23968776614565723,1.4242785961225546,1.3780674813550882,1.4616164032187868,0.08354892186369867,0.05866051915060225,oscillatory_coexistence
1.2000000000000002,1.8,35.32422139898241,32.64314392870069,38.58670467629038,5.943560747589693,0.1682573744643312,0.5371215828419964,0.48307799455398737,0.6064526334791748,0.12337463892518741,0.22969592521708534,1.386518927293373,1.3435711540711537,1.422542961933493,0.07897180786233937,0.05695689132527276,oscillatory_coexistence
1.2000000000000002,1.9000000000000001,35.38029720464534,32.72533969806661,38.58616858507174,5.860828887005127,0.1656523361888393,0.5359829132679651,0.46834560587173424,0.603706793304504,0.13536118743276981,0.25254757956219276,1.351791444598149,1.3113527298214223,1.3863813164378558,0.07502858661643352,0.05550307846391348,oscillatory_coexistence
1.2000000000000002,2.0,35.417334378270844,32.79446030714368,38.50707337494272,5.71261306779904,0.16129426926334883,0.5347210071871039,0.4591445920930141,0.6012838127590783,0.14213922066606416,0.2658194062984746,1.3198272100584454,1.2812411511026967,1.3527865907535743,0.07154543965087767,0.05420818657591946,oscillatory_coexistence
1.3,0.0,19.909759831207776,4.360769414577505e-07,74.48097576846422,74.48097533238727,3.7409278647167556,1.0295006979046002,3.4115890065334827e-12,17.180387575095413,17.180387575092002,16.688077638066208,2.2210753404873,0.45310828254019275,5.631079096317946,5.177970813777754,2.3312900374821974,low_density_risk
1.3,0.1,30.166590078102182,0.06251441195871249,73.84029108195584,73.77777666999712,2.445678364010711,0.6867769232415838,1.5565948405555454e-06,9.182883609154135,9.182882052559295,13.370982253164193,3.0163549347476484,1.3733231023632875,5.374641704319558,4.00131860195627,1.3265410366203134,low_density_risk
1.3,0.2,36.33455749201767,8.992661092572256,65.42670668995294,56.43404559738068,1.5531782824044877,0.5582540764225257,0.033423324305651675,2.3687425178895865,2.335319193583935,4.183255066483776,3.1552318919161753,2.2693703431533123,4.124719367311293,1.8553490241579809,0.5880230321298627,oscillatory_coexistence
1.3,0.30000000000000004,33.91294545630546,21.487635041451902,48.045698402386755,26.558063360934852,0.7831246446921675,0.5276793871727742,0.2092185649014219,1.0258309563449484,0.8166123914435265,1.5475540854784262,2.826656142025919,2.482279154392478,3.21972092096761,0.7374417665751318,0.2608883887964994,oscillatory_coexistence
1.3,0.4,33.72390710229217,26.314743179579025,42.27395181194993,15.959208632370903,0.4732313069171543,0.5327082478642562,0.3148569676151328,0.7979169424404788,0.483059974825346,0.9068002546630961,2.5559864765204203,2.3643501832400533,2.7337278177883286,0.3693776345482753,0.14451470613842263,oscillatory_coexistence
1.3,0.5,33.611560442656156,28.435642957073494,39.54592174109806,11.110278784024569,0.3305493299836289,0.5327165087857934,0.3759191011609527,0.7043355967483061,0.3284164955873535,0.6164939328335967,2.355859597452295,2.231024634446228,2.468296504510805,0.23727187006457706,0.10071562427619628,oscillatory_coexistence
1.3,0.6000000000000001,33.520795925342675,28.875287172560572,38.027799945143244,9.152512772582671,0.2730398404908649,0.5318341216692108,0.41332625891596964,0.6561743660982636,0.242848107182294,0.45662378039911394,2.1987303243281984,2.1086425010642023,2.3055944452405783,0.19695194417637607,0.08957530716572226,oscillatory_coexistence
1.3,0.7000000000000001,33.39932903701913,29.219717624464398,37.083314557819286,7.863596933354888,0.23544176365455735,0.5336459323360395,0.43779954030982243,0.638161285758258,0.2003617454484356,0.3754582079750424,2.070323009283105,2.000615051466185,2.149576171024515,0.14896111955833025,0.07195066609912207,oscillatory_coexistence
1.3,0.8,33.347841069164524,29.890657354465965,36.453897717365926,6.563240362899961,0.19681155218676336,0.5366409034278574,0.4546372941724713,0.644337052953043,0.18969975878057171,0.35349478127457024,1.960707828800839,1.9056827829092289,2.0236164556558816,0.11793367274665267,0.0601485193327964,oscillatory_coexistence
1.3,0.9,33.389960831808715,30.37458193038253,36.01113507280936,5.6365531424268305,0.1688098159449483,0.5376606217055098,0.4666554353038347,0.6270795862227542,0.16042415091891948,0.2983743730566332,1.8657160537558524,1.804241021481495,1.918741186195569,0.11450016471407398,0.061370627370394115,oscillatory_coexistence
1.3,1.0,33.459797352338,30.73194224651259,36.76432630271072,6.032384056198129,0.18028752513578616,0.5367664209987194,0.47555878781711897,0.6145398338755184,0.1389810460583994,0.2589227653241596,1.7834283451831001,1.7299280040697491,1.8293247049616583,0.09939670089190922,0.05573349843873243,oscillatory_coexistence
1.3,1.1,33.50830537284799,31.006418902044224,36.45389088447587,5.447471982431644,0.16257079914419081,0.5353148568999433,0.45946742202381985,0.6053053604380575,0.14583793841423764,0.2724339452458426,1.711701948509318,1.6655586501998716,1.751722496926882,0.0861638467270105,0.05033811336255022,oscillatory_coexistence
1.3,1.2000000000000002,33.520754130741665,31.222498221349255,36.1972433535043,4.974745132155043,0.14840791208789028,0.5340148898355769,0.4640311386634532,0.5981441085629241,0.1341129698994709,0.2511408809977436,1.648504143909384,1.6074431293351745,1.6834983088552953,0.07605517952012075,0.04613587402923463,oscillatory_coexistence
1.3,1.3,33.496235807493555,31.281223699971324,35.99739017832847,4.716166478357149,0.14079690940383033,0.5332749189792599,0.4695786670293024,0.5924821614109839,0.12290349438168147,0.23046929455579918,1.592221715806632,1.5547062774113813,1.637947655795465,0.08324137838408374,0.052280017008724644,oscillatory_coexistence
1.3,1.4000000000000001,33.445287051916004,30.489363235895087,35.83214998300289,5.342786747107805,0.1597470740440713,0.533469748407757,0.4741407105386441,0.5878774682473138,0.1137367577086697,0.21320188829437045,1.5414484884442166,1.5065429360764273,1.5833935375167103,0.076850601440283,0.04985609445684327,oscillatory_coexistence
1.3,1.5,33.390761597524005,30.622978105774823,35.69630358185321,5.073325476078384,0.15193799821728024,0.5345788899932437,0.477898127804242,0.6068145001235575,0.12891637231931552,0.24115500019221428,1.4949438855070778,1.462401676116005,1.5330665395533947,0.07066486343738965,0.0472692414226459,oscillatory_coexistence
1.3,1.6,33.35760282495945,30.749194111192754,35.58364305863315,4.834448947440396,0.14492794859416364,0.5360361481103427,0.4810372138353365,0.6092962470872032,0.12825903325186672,0.23927310444225006,1.4518266502905819,1.4217302066213122,1.4872702609047308,0.06554005428341858,0.04514316793279394,oscillatory_coexistence
1.3,1.7000000000000002,33.35943774703437,30.855754025536765,35.48737062587191,4.631616600335146,0.13883976808772067,0.5371281732259768,0.4837452165501008,0.6056307391238542,0.12188552257375346,0.22692074005629884,1.4116526225410244,1.3753723441613852,1.4452946522894898,0.06992230812810463,0.04953223407200029,oscillatory_coexistence
1.3,1.8,33.39324851613731,30.947711420167515,35.74236987592653,4.794658455759013,0.14358167200899447,0.5374419911737756,0.48605014082142034,0.6024862463955436,0.11643610557412326,0.21664869415880525,1.3742722028182601,1.3336197079506646,1.4066422623642754,0.07302255441361072,0.05313543726185256,oscillatory_coexistence
1.3,1.9000000000000001,33.44394837249194,31.028026034669473,36.434946259373284,5.406920224703811,0.16167110905932708,0.5369796917856192,0.48807235951297434,0.5997339472672654,0.11166158775429103,0.20794378160331292,1.339621545881405,1.301680724248458,1.3709041508811777,0.06922342663271963,0.05167386777668043,oscillatory_coexistence
1.3,2.0,33.493283380278505,31.097086739440904,36.42706409298157,5.329977353540663,0.15913570768875104,0.5360153388876985,0.475015396355764,0.5974172439125575,0.12240184755679345,0.22835512097576321,1.3075836286716356,1.2718216520876948,1.3377168298512876,0.06589517776359277,0.05039461822452212,oscillatory_coexistence
1.4000000000000001,0.0,18.289459196036724,1.3109701137077497e-06,74.41622594616821,74.41622463519809,4.068803994560967,0.9806745732517228,3.5286821143479787e-12,16.95760004731283,16.957600047309302,17.291770899151555,2.2437345848310843,0.5034397679306069,5.627733476524321,5.124293708593715,2.28382347147232,low_density_risk
1.4000000000000001,0.1,33.420209925304256,0.14000260672444473,73.51153843792942,73.37153583120497,2.195424145904278,0.7784521715004619,7.111342492946843e-06,8.227763000145146,8.227755888802653,10.569378813515458,2.977579434381575,1.501234913764694,5.332200481197037,3.830965567432343,1.2866039855043276,low_density_risk
1.4000000000000001,0.2,33.691433481154405,9.705637547189284,62.85598089206396,53.15034334487468,1.577562538993872,0.5734454365921156,0.05904125019772441,2.153022818694741,2.0939815684970164,3.6515794439616185,3.144767867758674,2.3187978448483313,4.012454174922574,1.6936563300742429,0.5385632266971743,oscillatory_coexistence
1.4000000000000001,0.30000000000000004,32.32140340547861,21.206569410609298,45.62492246578101,24.418353055171714,0.7554855446354766,0.5304090195671105,0.21775622373083972,1.0007229280010446,0.7829667042702049,1.4761564667730225,2.789587745499633,2.473279155146954,3.0979011070256672,0.624621951878713,0.22391192135331642,oscillatory_coexistence
1.4000000000000001,0.4,31.936718878294037,24.884502069615788,40.227049904072786,15.342547834456997,0.4804046368358824,0.5350123195065706,0.3185046063777669,0.7929482575530254,0.47444365117525855,0.8867901427240781,2.527285241906803,2.344518397132084,2.6998705115708352,0.35535211443875125,0.14060625549750064,oscillatory_coexistence
1.4000000000000001,0.5,31.81550641791348,26.815394684419648,37.625722609269445,10.810327924849798,0.33978173356256197,0.5343764100637789,0.3761617518946485,0.7037386446018995,0.327576892707251,0.6130077723070542,2.3301375970097427,2.209324697439643,2.440682845213988,0.23135814777434494,0.09928947890079398,oscillatory_coexistence
1.4000000000000001,0.6000000000000001,31.764180525872877,27.96729682658024,36.15243094997686,8.185134123396619,0.2576844101716814,0.5327434215406961,0.41284219616726425,0.6567939816707588,0.2439517855034945,0.4579160917605084,2.174267024773697,2.087310655469002,2.2618730949068495,0.17456243943784733,0.08028564911705632,oscillatory_coexistence
1.4000000000000001,0.7000000000000001,31.668538518223112,27.595501008493233,35.232380438666944,7.63687943017371,0.2411503589210143,0.5324815276243241,0.43712075993681954,0.6283753440972111,0.19125458416039154,0.3591759981108042,2.047704896650237,1.9801617622896548,2.126665169769324,0.14650340747966917,0.07154517612340382,oscillatory_coexistence
1.4000000000000001,0.8,31.575575040832007,28.171073025418522,34.61516186617598,6.444088840757459,0.20408460756214483,0.5348296565069237,0.45399573100914403,0.6388340382022194,0.18483830719307537,0.3456022023908409,1.9407341235872777,1.8862538405510885,2.0023895011579445,0.11613566060685598,0.05984109785843797,oscillatory_coexistence
1.4000000000000001,0.9,31.565277713452915,28.64095649218701,34.17757738980221,5.536620897615201,0.17540225522094344,0.5370675757717429,0.4660800699132141,0.6277667159864411,0.16168664607322697,0.3010545662537702,1.8475430784975528,1.803576666569962,1.898781236689048,0.09520457011908601,0.0515303655038215,oscillatory_coexistence
1.4000000000000001,1.0,31.619008339625942,28.987403226159472,34.29564946661896,5.308246240459489,0.16788149025555807,0.5373197407025188,0.4750962979312507,0.6151657620046481,0.14006946407339743,0.26068177560348504,1.7659800936179735,1.7126672275968489,1.8103738798198183,0.09770665222296948,0.05532715378616866,oscillatory_coexistence
1.4000000000000001,1.1,31.678659330625628,29.255672803044156,34.61013486669418,5.3544620636500255,0.16902426355124767,0.5362559552402795,0.4796702834925675,0.6057050575181694,0.12603477402560187,0.2350272715738786,1.6945966988147636,1.649043306974509,1.7336962370890625,0.08465293011455355,0.04995461762300825,oscillatory_coexistence
1.4000000000000001,1.2000000000000002,31.712224937334568,29.467122479363976,34.35449447887308,4.887371999509103,0.15411633870429198,0.5349211044249723,0.4637132471758692,0.5984234393351698,0.13471019215930063,0.2518318889359565,1.6316879484599893,1.591630516585587,1.666196794434215,0.07456627784862802,0.04569885922057526,oscillatory_coexistence
1.4000000000000001,1.3,31.71212731531503,29.636855903867765,34.153986840371225,4.5171309365034595,0.1424417508037002,0.5338349666892029,0.46931974627455386,0.59266241545414,0.12334266917958614,0.23105018755949122,1.5757071639441227,1.5394443597950136,1.6085538878469725,0.06910952805195891,0.043859372879240015,oscillatory_coexistence
1.4000000000000001,1.4000000000000001,31.681679554500082,29.304333911130755,33.98934000687491,4.685006095744157,0.14787745351961773,0.5333446725575249,0.4739492538838721,0.5879633601159867,0.11401410623211461,0.21377190417066297,1.5253844692531409,1.4918554265467283,1.5669239612384689,0.07506853469174057,0.049212861547257285,oscillatory_coexistence
1.4000000000000001,1.5,31.63335711158848,28.887888890472382,33.853191690457294,4.9653027999849115,0.15696414333987266,0.5336986149546168,0.47782377119385494,0.5841562136447228,0.10633244245086787,0.19923687165594509,1.4795950202677732,1.44820743116714,1.5172256114131812,0.06901818024604123,0.04664666973095371,oscillatory_coexistence
1.4000000000000001,1.6,31.587026608411456,29.012462268376833,33.73798878555212,4.725526517175286,0.14960339812158052,0.5347827231537741,0.4810546973279002,0.6052061033233036,0.12415140599540342,0.23215298591363087,1.4373778437743483,1.4079872223667556,1.4718756244045774,0.06388840203782187,0.04444788286844301,oscillatory_coexistence
1.4000000000000001,1.7000000000000002,31.561775443028186,29.118559057520322,33.64239133972775,4.5238322822074295,0.14333263001548208,0.5360914596707101,0.48383483780423003,0.6055394251834967,0.12170458737926665,0.22702205973173997,1.398066992864231,1.3707957773084851,1.4303310523400945,0.05953527503160938,0.04258399299564064,oscillatory_coexistence
1.4000000000000001,1.8,31.56697020013266,29.210786897034673,33.55844581044176,4.347658913407088,0.13772810269224633,0.5370511562044864,0.4862033025659175,0.6023630047917783,0.1161597022258608,0.21629169006279136,1.3613209196949452,1.327291435643572,1.3920973625002753,0.06480592685670317,0.0476051795862931,oscillatory_coexistence
1.4000000000000001,1.9000000000000001,31.599153123625587,29.289135021192955,33.91648988928167,4.627354868088716,0.1464392051896118,0.5373344637958822,0.4882800783743314,0.5995829183147856,0.1113028399404542,0.20713884449914566,1.3270120578964038,1.289342999560096,1.3567231392808972,0.06738013972080115,0.050775830799580084,oscillatory_coexistence
1.4000000000000001,2.0,31.64561354331621,29.358064905457418,34.51242237323083,5.1543574677734085,0.16287746991278937,0.536936494446181,0.4901147835133838,0.5971503100204583,0.10703552650707449,0.1993448529090505,1.2950791745188657,1.2597853428113974,1.323876119689404,0.06409077687800657,0.04948792177263403,oscillatory_coexistence
1.5,0.0,19.750586705828912,3.4041275464319338e-06,74.34908609740165,74.34908269327411,3.764398688537592,0.93757673320915,7.070514972489485e-12,16.38165657889552,16.38165657888845,17.47233692841292,2.248946500102806,0.5538165523188535,5.628284102589769,5.074467550270916,2.2563753962296085,low_density_risk
1.5,0.1,32.7042397799202,0.2215824085936255,73.1849966425015,72.96341423390788,2.2310078058657044,0.7216669082958278,1.6317392097955497e-05,7.600595851959262,7.600579534567164,10.531977352965976,3.1167097257848697,1.5804883507918992,5.286864353958045,3.7063760031661452,1.1891951221834085,low_density_risk
1.5,0.2,31.417921015829805,10.093278903845679,56.67181761686789,46.57853871302221,1.482546814270502,0.5704252957804286,0.07007942614862793,2.011129570408264,1.9410501442596362,3.402812179990338,3.1351784271325127,2.3514405625073254,3.9210084393644995,1.5695678768571741,0.5006311166450028,oscillatory_coexistence
1.5,0.30000000000000004,30.642264896680164,20.107088036306035,43.60141840485757,23.494330368551534,0.766729562836466,0.5359488550026134,0.2212439699011633,0.991320554755288,0.7700765848541247,1.4368471499933195,2.755127119294355,2.4547049441746585,3.0567211873452775,0.6020162431706191,0.21850761039461197,oscillatory_coexistence
1.5,0.4,30.18337092510674,23.349046746962586,38.46514304267746,15.116096295714875,0.5008087510577124,0.5377777311286913,0.34691123519335826,0.7966671077114288,0.44975587251807053,0.8363229759872797,2.4983854860767716,2.318221421910595,2.670279723523065,0.35205830161246965,0.14091432390009911,oscillatory_coexistence
1.5,0.5,30.07941391630298,25.124595595486944,35.946552871063304,10.82195727557636,0.35977952581418227,0.5358459843023063,0.37847605843540455,0.7098872840313787,0.33141122559597413,0.6184822417338198,2.303749926285229,2.1825242146676636,2.4158958542219917,0.23337163955432816,0.10130076919005529,oscillatory_coexistence
1.5,0.6000000000000001,30.049143965802923,26.218197409685693,34.50058509689753,8.282387687211838,0.2756280743517099,0.5340462025247864,0.4083471857465349,0.6623732496476651,0.2540260639011302,0.4756630843917752,2.149411806237301,2.0616820470723836,2.2288564916181075,0.16717444454572394,0.07777683367167178,oscillatory_coexistence
1.5,0.7000000000000001,29.99330775038461,26.713512949355092,33.5867967649068,6.873283815551709,0.22916058051194246,0.5325015561001718,0.432866734626177,0.6334679688475613,0.20060123422138432,0.3767148319530383,2.024001308260932,1.9560787297874398,2.1032717879162814,0.14719305812884165,0.0727237959422272,oscillatory_coexistence
1.5,0.8,29.895092315401637,26.40806948415703,32.961320964810035,6.553251480653007,0.2192082704249293,0.5333475349102104,0.4499890699747419,0.6143471430725441,0.1643580730978022,0.30816318130197023,1.9191217034831034,1.8636029219036823,1.982780057414838,0.11917713551115572,0.0620998320715114,oscillatory_coexistence
1.5,0.9,29.837685656048393,26.86653289397224,32.51995744466323,5.6534245506909855,0.1894726225036422,0.5358571514209214,0.46248823370937997,0.6324222549148297,0.16993402120544976,0.31712560101982795,1.8280815989080332,1.7822114753861051,1.8801900665662012,0.09797859118009611,0.05359639921903267,oscillatory_coexistence
1.5,1.0,29.858394134803195,27.213488446281673,32.19287503549218,4.979386589210506,0.16676672451738872,0.5373189067873569,0.4718536677029553,0.6193752879147524,0.1475216202117971,0.2745513294768613,1.7477247164039933,1.7001482191109505,1.7926020250655323,0.09245380595458186,0.05289952421383386,oscillatory_coexistence
1.5,1.1,29.916768615309973,27.481770988898816,32.80859885629992,5.326827867401107,0.17805492083375987,0.5369974339610964,0.4790920293292333,0.6095498972313257,0.1304578679020924,0.24293946237236708,1.6768597498028537,1.6296504944599133,1.7166119993296654,0.08696150486975207,0.05185973655812549,oscillatory_coexistence
1.5,1.2000000000000002,29.965892176330044,27.693317347847092,32.69169732596087,4.998379978113775,0.16680230806082294,0.535810222414468,0.47130372049989877,0.6019230163394093,0.13061929583951049,0.24377902916945118,1.6142924133694967,1.5731126738723844,1.6497407183143078,0.07662804444192339,0.04746850310838726,oscillatory_coexistence
1.5,1.3,29.985950973355237,27.864692722278058,32.48397967524065,4.6192869529625895,0.1540483727551952,0.5345662115567531,0.46616738338671804,0.595779469092222,0.12961208570550398,0.24246217382091506,1.5586433185871775,1.5216907538680686,1.590202558176553,0.06851180430848447,0.04395605042630447,oscillatory_coexistence
1.5,1.4000000000000001,29.975233773545654,28.005445873392652,32.31567320277054,4.310227329377888,0.14379295127238317,0.5336620067550156,0.4710213715490434,0.5909078874797704,0.11988651593072702,0.2246487747169489,1.5086957100574947,1.4747768895794524,1.5439621772499292,0.06918528767047682,0.04585768171090934,oscillatory_coexistence
1.5,1.5,29.940249827604255,27.398636297206448,32.17682602741123,4.778189730204783,0.15959084368759133,0.533379470268403,0.47507725732064043,0.5868565445426748,0.11177928722203434,0.2095680344906715,1.4634271358098854,1.431748454113982,1.5023967349298788,0.0706482808158968,0.04827591281253,oscillatory_coexistence
1.5,1.6,29.89400672037329,27.241851764666634,32.05806659437493,4.816214829708294,0.16110971255070328,0.5338707936016648,0.4784564421477543,0.5844330762434354,0.10597663409568114,0.19850614674110573,1.421928399920454,1.3921121508096923,1.457473494963905,0.06536134415421269,0.04596669154215021,oscillatory_coexistence
1.5,1.7000000000000002,29.853686550027135,27.34881003267811,31.959987906659812,4.611177873981703,0.15445924463145932,0.5349650112945533,0.4813702712332082,0.6067479408327274,0.12537766959951924,0.2343661117124005,1.3834418919636255,1.3553988074497256,1.4163218289504056,0.060923021500679964,0.04403728255919964,oscillatory_coexistence
1.5,1.8,29.834351938955606,27.44130797205324,31.874442610781742,4.4331346387285,0.14859161840682972,0.5361976826705267,0.4838913036538303,0.6055754146871074,0.12168411103327709,0.22693889765991485,1.3474533230286192,1.3213298388208914,1.3784388791256028,0.05710904030471142,0.04238294516674406,oscillatory_coexistence
1.5,1.9000000000000001,29.84262894879707,27.522187375083444,31.800284270582715,4.278096895499271,0.14335522861740282,0.5370815087480808,0.4860790789010115,0.602589805912692,0.11651072701168047,0.21693304482413886,1.3136990584045576,1.280085473159875,1.343388129975888,0.0633026568160131,0.04818657394247037,oscillatory_coexistence
1.5,2.0,29.874725520816824,27.59131353942563,32.26428172086591,4.672968181440279,0.15641878209672522,0.5373425978585102,0.48801329961512696,0.6000813097989395,0.11206801018381252,0.2085596984684118,1.2820783875448916,1.2454699022223479,1.3108066585907585,0.06533675636841063,0.05096159252280658,oscillatory_coexistence
1.6,0.0,21.034641604237194,7.959806158469095e-06,74.28601296991854,74.28600501011239,3.5316030768570252,1.061710790186019,1.3904309461159414e-11,16.453849465840644,16.45384946582674,15.497487279872528,2.2510768119687286,0.505398153862828,5.628426071239755,5.123027917376927,2.2758121313924398,low_density_risk
1.6,0.1,35.60158611177817,0.32347120021747083,72.8048420473269,72.48137084710943,2.035902856112587,0.6713564695718647,3.8954750236215444e-05,7.065858482875162,7.065819528124925,10.524691201114653,3.1229739995288734,1.6526471444823565,5.226083125352279,3.573435980869922,1.1442413486016407,low_density_risk
1.6,0.2,29.86361087698126,10.233529214139507,54.262388513943534,44.028859299804026,1.4743314022263734,0.5553405981493592,0.07840781573185131,1.9068254621859606,1.8284176464541093,3.2924256799231215,3.110630421003128,2.4884257597280737,3.8429596659106346,1.354533906182561,0.4354531792128845,oscillatory_coexistence
1.6,0.30000000000000004,28.93364231195818,18.91151182574881,41.863342780532285,22.951830954783475,0.7932575756387492,0.541001060926522,0.23862841101655752,0.9933805690581312,0.7547521580415737,1.3951029167070117,2.7228136564836833,2.429257150569143,3.0212253905579933,0.5919682399888502,0.21741048586964884,oscillatory_coexistence
1.6,0.4,28.471436697487366,21.7634824903125,36.960522684185534,15.197040193873033,0.5337644304831886,0.5405144137684287,0.3522257716437658,0.8079385592517616,0.45571278760799583,0.8431094083688815,2.4691883517755,2.287078731675317,2.6442454420918433,0.35716671041652637,0.1446494392214173,oscillatory_coexistence
1.6,0.5,28.403085339602143,23.401695824171664,34.489983255963445,11.08828743179178,0.39039024455315424,0.5373063826466961,0.40153233519844433,0.7211897623060463,0.3196574271076019,0.5949257954696523,2.276321259319678,2.151509488725818,2.39316795223188,0.24165846350606213,0.10616184447452738,oscillatory_coexistence
1.6,0.6000000000000001,28.384170443579634,24.43899944021777,33.04703654991708,8.60803710969931,0.30326893388727183,0.5352398046826449,0.40060894244307105,0.6727930974243506,0.2721841549812795,0.508527491041431,2.123779628785432,2.0322623039235195,2.2078822210718756,0.17561991714835612,0.08269215636497496,oscillatory_coexistence
1.6,0.7000000000000001,28.359501855422145,25.144173243287323,32.11253017449961,6.968356931212288,0.2457150681537708,0.5332572464590737,0.42526342462201394,0.6424511758159019,0.217187751193888,0.4072851379623013,1.9994340814039815,1.9285558420287248,2.0639383223841468,0.135382480355422,0.06771039946477762,oscillatory_coexistence
1.6,0.8,28.281274602278717,24.718917515123465,31.476954201948217,6.758036686824752,0.23895799541792914,0.5325812577553435,0.4429942669615147,0.622249016705664,0.1792547497441493,0.3365772774267594,1.8960204976975488,1.8378483475384664,1.9643375485380434,0.12648920099957706,0.0667129923717142,oscillatory_coexistence
1.6,0.9,28.195354416411107,25.07366253258968,31.019584624622198,5.945922092032518,0.2108830413768973,0.5344173107370216,0.45602584540101077,0.6289982347704813,0.17297238936947057,0.3236653938671981,1.8070842261618332,1.7580784215002734,1.8625305992918642,0.10445217779159077,0.05780149938743296,oscillatory_coexistence
1.6,1.0,28.174629124819816,25.418107422128948,30.67703892558563,5.258931503456683,0.18665486172535833,0.5367156372616891,0.4659596865002018,0.6272777691982221,0.16131808269802028,0.3005652742311755,1.7283688528195682,1.687207961595233,1.7756549733780396,0.08844701178280667,0.05117368994382639,oscillatory_coexistence
1.6,1.1,28.21719163885581,25.686866581402757,30.561810373126203,4.874943791723446,0.17276502403628108,0.5374244762092057,0.47369592108344344,0.6167484292996802,0.14305250821623677,0.2661816023434777,1.6583139678235195,1.6086486403849765,1.7002430902819143,0.09159444989693788,0.05523347910836042,oscillatory_coexistence
1.6,1.2000000000000002,28.275015822678757,25.90250486894541,31.18367691131654,5.281172042371129,0.18677874755193,0.536653852271505,0.479798642320836,0.6084324360539923,0.1286337937331563,0.239696022284096,1.596157257910734,1.5519709795018002,1.633878818620681,0.08190783911888078,0.05131564494217913,oscillatory_coexistence
1.6,1.3,28.312643762286722,26.078423454730107,30.969090204029044,4.890666749298937,0.1727379043215059,0.5353755640720108,0.4639044399811297,0.6019139435140554,0.13800950353292568,0.2577807296302095,1.5408624964393576,1.501492956406985,1.5748103901448898,0.07331743373790478,0.04758207426508202,oscillatory_coexistence
1.6,1.4000000000000001,28.319830760627777,26.223648545730768,30.79429373902219,4.570645193291423,0.16139380323012714,0.5342158732408909,0.4654476855622479,0.5965888417904183,0.13114115622817035,0.2454834511605576,1.4912907787381071,1.4553822755299188,1.521802283616431,0.06642000808651227,0.04453860309031796,oscillatory_coexistence
1.6,1.5,28.299707940415736,26.343936427839488,30.647406376312176,4.303469948472689,0.15206764527511646,0.5334801788088899,0.46975616649756474,0.5921733165311297,0.12241715003356496,0.2294689754109671,1.446458631957018,1.4130704027038314,1.4844214189170972,0.07135101621326578,0.04932807246390484,oscillatory_coexistence
1.6,1.6,28.26092862694336,25.544384390450034,30.526004070282305,4.981619679832271,0.17627232797590117,0.53338974288641,0.47337629638590456,0.588435666899531,0.11505937051362641,0.21571350414571736,1.4055280834928792,1.3740800941600357,1.443687592219836,0.06960749805980027,0.04952408911444094,oscillatory_coexistence
1.6,1.7000000000000002,28.21627289369636,25.554415905276144,30.421036610398275,4.866620705122131,0.1724756747092981,0.5340216422569583,0.47650102440605313,0.5933330214939015,0.11683199708784842,0.2187776446547328,1.3677553953163242,1.3379720185441817,1.402890971707497,0.06491895316331542,0.04746386187586851,oscillatory_coexistence
1.6,1.8,28.18066673726583,25.649815597944954,30.331278947064035,4.681463349119081,0.16612322883504368,0.535162632442695,0.4791977689054706,0.6111783005885307,0.13198053168306012,0.2466176143136188,1.3325341744974553,1.3044279423213718,1.365346247855068,0.06091830553369615,0.04571612998715386,oscillatory_coexistence
1.6,1.9000000000000001,28.166316597030807,25.728489377884802,30.254043730723076,4.525554352838274,0.16067256566004734,0.5363712402591906,0.48155849812698986,0.6088263775365969,0.127267879409607,0.2372757334041066,1.2994622892466559,1.2731693447528862,1.3305974134792558,0.05742806872636952,0.04419371704862509,oscillatory_coexistence
1.6,2.0,28.17793932491532,25.800339345570293,30.18576536799334,4.385426022423047,0.15563331199827085,0.5372139977124943,0.48366608547805123,0.6060761121278826,0.12241002664983136,0.227860828591281,1.2683384145311647,1.2335277801024138,1.2983059348574892,0.06477815475507542,0.05107324197774873,oscillatory_coexistence
1.7000000000000002,0.0,20.356200206829342,4.413384011641697e-06,74.21631422728845,74.21630981390445,3.645882289416756,1.0179021549675795,2.6672361975228952e-11,15.98604959114896,15.986049591122288,15.704898072070337,2.4187483830592065,0.5545070295757684,5.6242926822108865,5.069785652635118,2.0960368131474727,low_density_risk
1.7000000000000002,0.1,34.407456696206474,0.4456338995448047,72.39172435291403,71.94609045336922,2.0910028627980344,0.7352308317870375,9.745466614680125e-05,6.595462240670713,6.595364786004566,8.970468186113786,3.2174889688138992,1.715613760705624,5.168931985550347,3.4533182248447227,1.073296057365097,low_density_risk
1.7000000000000002,0.2,28.644900178292602,10.177522618726869,52.15035179166022,41.97282917293335,1.4652810417101516,0.5374846215879421,0.08426030814910827,1.6503883197479354,1.5661280115988272,2.913809900214358,3.0729680673385587,2.4868898179046686,3.7784715206744526,1.291581702769784,0.42030430335320046,oscillatory_coexistence
1.7000000000000002,0.30000000000000004,27.280286139980443,17.666527643601537,40.40899224234407,22.742464598742533,0.8336593128842454,0.5439631876641993,0.2615599519434642,1.0041030534930186,0.7425431015495545,1.3650613100064743,2.690794084358121,2.3986643030754693,2.9907678359640872,0.592103532888618,0.22004787966881606,oscillatory_coexistence
1.7000000000000002,0.4,26.818958201474363,20.16894260176627,35.14781802032397,14.978875418557699,0.5585181686040915,0.5424850610751939,0.341472807183957,0.8249864078897894,0.4835136007058324,0.8912938537821251,2.4393234470435194,2.2514526135498727,2.620336516487009,0.36888390293713647,0.1512238581497159,oscillatory_coexistence
1.7000000000000002,0.5,26.78085368823419,21.662237676111996,33.22345701725208,11.561219341140085,0.43169719217049907,0.5388754279613805,0.39029699312394367,0.7378835048154555,0.34758651169151183,0.6450220100141163,2.2477111810144006,2.1166847979356316,2.371898391062838,0.2552135931272064,0.11354376633563479,oscillatory_coexistence
1.7000000000000002,0.6000000000000001,26.774172151366084,22.646211374545405,31.754884748804425,9.10867337425902,0.3402037352551322,0.5362659197865562,0.4032799850097336,0.6875187993952979,0.2842388143855643,0.5300333358833741,2.0969374523671584,1.9993283536315123,2.187973047281392,0.1886446936498798,0.08996200312834104,oscillatory_coexistence
1.7000000000000002,0.7000000000000001,26.76451996049995,23.332075005638305,30.800840255749296,7.468765250110991,0.27905470604865645,0.5342592547942577,0.4145986427161453,0.6556498741280037,0.24105123141185836,0.4511877506066518,1.9739130519519388,1.897742251043974,2.0437462739363763,0.14600402289240222,0.07396679542087711,oscillatory_coexistence
1.7000000000000002,0.8,26.71460538281794,23.585578247472753,30.13843966407007,6.552861416597317,0.2452913424209396,0.5325807719039006,0.43296392157858266,0.6337437097365953,0.20077978815801267,0.37699406127614493,1.8715765261891673,1.809046060267286,1.94386280027141,0.13481674000412402,0.07203378441519605,oscillatory_coexistence
1.7000000000000002,0.9,26.62273654037075,23.260665804889463,29.660828197733014,6.400162392843551,0.24040212331809307,0.5331574019827156,0.4467611597046194,0.6183146444647417,0.17155348476012233,0.32176892625296827,1.7844182999861073,1.7310341528313933,1.845563203056115,0.11452905022472182,0.06418284895730407,oscillatory_coexistence
1.7000000000000002,1.0,26.56289224665774,23.60261958459831,29.30264621438315,5.700026629784837,0.214586069049082,0.5356108125385426,0.45734909890140735,0.6387748382320035,0.1814257393305962,0.3387268051411902,1.707596811062468,1.6616967661537931,1.7592442034998688,0.09754743734607563,0.05712556776521761,oscillatory_coexistence
1.7000000000000002,1.1,26.576159939437968,23.87716381261057,29.025325591872974,5.148161779262406,0.19371353088609858,0.53740037561018,0.4656364077988558,0.6273618706610086,0.16172546286215278,0.3009403606728486,1.6387248387467528,1.594528384241037,1.6843180880692024,0.08978970382816542,0.05479242256239863,oscillatory_coexistence
1.7000000000000002,1.2000000000000002,26.632656515113514,24.09465883680101,29.568679064832583,5.4740202280315735,0.2055378976154695,0.5373869283885662,0.47224671633573234,0.618283030389268,0.14603631405353568,0.27175263546356687,1.5771230161546947,1.528273209173277,1.6183681874091858,0.09009497823590884,0.05712615776511792,oscillatory_coexistence
1.7000000000000002,1.3,26.685285881239253,24.27543204209894,29.594519246689607,5.319087204590666,0.1993265962471844,0.5362493104450418,0.47364044413722145,0.6110631794435248,0.1374227353063034,0.25626650259372424,1.5221942277880727,1.4787894589390989,1.5597804867459302,0.08099102780683132,0.05320676318978532,oscillatory_coexistence
1.7000000000000002,1.4000000000000001,26.70980580472174,24.424846751810318,29.40877480773515,4.983928055924832,0.18659544335000708,0.5349107951802141,0.45739774097510405,0.6051666939678555,0.14776895299275145,0.2762497117723921,1.4730062417127021,1.4335796670656535,1.507127441255316,0.07354777418966241,0.049930388688710914,oscillatory_coexistence
1.7000000000000002,1.5,26.70415002352294,24.548910902610167,29.256318382644434,4.7074074800342665,0.17627999677531273,0.5338463452115955,0.4618735031370061,0.6003441324959349,0.1384706293589288,0.2593829303144993,1.4285980774119234,1.3921143381505046,1.459472634610991,0.06735829646048641,0.04714992797867045,oscillatory_coexistence
1.7000000000000002,1.6,26.67536147073608,24.29273760338003,29.126918069627916,4.834180466247886,0.18122267889606636,0.5332862243535621,0.46576164787269675,0.5962571391046979,0.13049549123200116,0.2447006603066491,1.3881572486178475,1.3538043002975957,1.42916967438617,0.07536537408857424,0.05429166916324452,oscillatory_coexistence
1.7000000000000002,1.7000000000000002,26.63329091835299,23.742154968321593,29.016209774718835,5.274054806397242,0.19802490133739706,0.5333962021122194,0.4691333125479673,0.5927619419077975,0.12362862935983021,0.23177635849306,1.3509870867396938,1.3183639656420743,1.3899541488507803,0.07159018320870603,0.052991019611756604,oscillatory_coexistence
1.7000000000000002,1.8,26.59002932771868,23.829590091224826,28.921377698593336,5.091787607368509,0.19149236522505084,0.5341894148465555,0.4720893969183006,0.6052470142206235,0.13315761730232295,0.24927041532697325,1.3164727465434076,1.2854311750061662,1.3526841794827025,0.06725300447653626,0.05108575521450619,oscillatory_coexistence
1.7000000000000002,1.9000000000000001,26.558602997132798,23.910732632740725,28.83847229357383,4.9277396608331046,0.1855421258928757,0.5354132604882528,0.47460800351599053,0.6182877189661973,0.14367971545020675,0.2683529267073332,1.284124033192879,1.25472495120631,1.3181891044405754,0.06346415323426546,0.04942213648662672,oscillatory_coexistence
1.7000000000000002,2.0,26.549091653232995,23.983260373500435,28.765151746195272,4.781891372694837,0.18011506514620607,0.5366345176884253,0.476884317651988,0.6153088098942817,0.1384244922422937,0.257949288909526,1.253625927499267,1.2260250063793132,1.2861722679896064,0.06014726161029316,0.04797863564470698,oscillatory_coexistence
1.8,0.0,20.095542666989516,9.935590742894972e-06,74.15196418284393,74.15195424725319,3.6899702325061967,0.8936583203461205,4.988512885935051e-11,15.712605680582332,15.712605680532446,17.582341396910238,2.4908536792302374,0.601495430843454,5.613763179030062,5.012267748186608,2.0122690425290517,low_density_risk
1.8,0.1,33.76819309079824,0.5839357238091802,71.91416674858864,71.33023102477947,2.112349654983899,0.6903193429564173,0.00018054774340626968,6.101063071639424,6.100882523896018,8.837768470689303,3.2882840178693016,1.7735903018381944,5.10943236069352,3.335842058855326,1.0144628750821305,oscillatory_coexistence
1.8,0.2,27.47900668803315,9.969736206507426,50.312578078604055,40.34284187209663,1.4681331945548124,0.5328189952528911,0.08785355969833034,1.5203161362354372,1.4324625765371068,2.688460038581265,3.029851974419982,2.478428238315056,3.722246624218507,1.2438183859034506,0.4105211727847364,oscillatory_coexistence
1.8,0.30000000000000004,25.73860772826431,16.42696440752681,39.1493496409356,22.722385233408787,0.882813300288026,0.5450074207314552,0.252294095569565,1.0215310648883653,0.7692369693188004,1.4114247624096474,2.657494378257866,2.364831490914935,2.962581843415333,0.5977503525003978,0.22493005343327616,oscillatory_coexistence
1.8,0.4,25.246661142332943,18.591510172069274,32.542046419614366,13.950536247545092,0.5525695524210386,0.5432034888903382,0.3278623239232582,0.8479858947356457,0.5201235708123875,0.9575114693647198,2.408199631703794,2.2150080259122027,2.5983722947170715,0.38336426880486885,0.15919123305133992,oscillatory_coexistence
1.8,0.5,25.20977505397327,19.942684403615985,31.704388616133002,11.761704212517017,0.4665533185970578,0.540451162980364,0.37592819177954817,0.7597270990423808,0.3837989072628326,0.7101453999018722,2.217853348041262,2.0786077811782255,2.3519439008493013,0.27333611967107574,0.12324354985524824,oscillatory_coexistence
1.8,0.6000000000000001,25.21882976032958,20.859783816540034,30.629399100104788,9.769615283564754,0.38739368069062574,0.5372775549928781,0.4084952852990889,0.7073013497461799,0.29880606444709096,0.5561484221139587,2.0685632060707326,1.9632638555944741,2.168943566458577,0.20567971086410286,0.09943119468642932,oscillatory_coexistence
1.8,0.7000000000000001,25.21164225301525,21.514847684081165,29.643184569260985,8.12833688517982,0.32240410218447274,0.5351884054274734,0.4009771992002618,0.6730837685811477,0.2721065693808859,0.5084313610326379,1.9471378837670394,1.8638113944729595,2.0254780862757533,0.1616666918027938,0.08302786009686255,oscillatory_coexistence
1.8,0.8,25.183442236071713,22.006244253140174,28.949176201327813,6.942931948187638,0.275694318636179,0.5331426596239638,0.42004933666405997,0.6494281201172645,0.2293787834532045,0.4302390351103394,1.8458267668615245,1.7770956236802375,1.9110719089626562,0.13397628528241867,0.07258334730411735,oscillatory_coexistence
1.8,0.9,25.10332630398463,21.469271001434834,28.441272081450307,6.972001080015474,0.27773216169000425,0.5323818294079732,0.4345701952180737,0.6322241600733643,0.19765396485529063,0.37126354420232066,1.7600340900384188,1.7009142293953567,1.8291523370126241,0.1282381076172674,0.07286114987374778,oscillatory_coexistence
1.8,1.0,25.015867856507896,21.777601423892335,28.05767355589657,6.280072132004236,0.25104354436259224,0.534241363658387,0.44588782695967377,0.6405462955631054,0.1946584686034316,0.3643642777303534,1.6851142944975868,1.6333010433379729,1.7432483680999704,0.10994732476199753,0.06524621215364673,oscillatory_coexistence
1.8,1.1,24.99111864502803,22.051276971886214,27.75893084921832,5.707653877332106,0.22838729063724456,0.536838176754397,0.45489777595285097,0.6417625610154124,0.18686478506256143,0.3480840095835878,1.617788039297912,1.5727869565851427,1.66874619152525,0.09595923494010727,0.059315084924037614,oscillatory_coexistence
1.8,1.2000000000000002,25.03338896995516,22.26963215878224,27.575527295552753,5.305895136770513,0.21195273013727337,0.5378837409512653,0.4620508566804283,0.6318568959238429,0.16980603924341459,0.3156928278642356,1.5569908293565784,1.5041531548477718,1.603224677938594,0.09907152309082212,0.06363012628128291,oscillatory_coexistence
1.8,1.3,25.096126438121537,22.451454353925154,28.35342542234415,5.9019710684189945,0.2351745829369724,0.5371768441798713,0.4680002657943441,0.6238558783881905,0.15585561259384634,0.2901383674337396,1.5024663359150716,1.4534451380580073,1.5449744716693787,0.09152933361137139,0.06091939062019973,oscillatory_coexistence
1.8,1.4000000000000001,25.138533582112075,22.60373488739192,28.157574564001113,5.5538396766091935,0.22092934174016182,0.535739477686887,0.4555719400290895,0.6172621273185996,0.16169018728951012,0.3018074904379329,1.4536471029237894,1.4092233723462961,1.4926676669810823,0.0834442946347862,0.057403405865765714,oscillatory_coexistence
1.8,1.5,25.14771468031983,22.733723552570908,27.99153534054855,5.257811787977641,0.20907712111479082,0.5343833500587214,0.45114164495496106,0.6118008701103357,0.16065922515537462,0.30064414457789473,1.409669075289775,1.3685961459375455,1.445337777217563,0.07674163128001754,0.0544394657052315,oscillatory_coexistence
1.8,1.6,25.128938599024487,22.841936574251925,27.854970986187578,5.013034411935653,0.19949248521503654,0.5334471637775785,0.45537360460608545,0.6072071207997766,0.15183351619369112,0.28462709430903205,1.3697048494614856,1.331106705041477,1.4070518640184073,0.07594515897693022,0.0554463678848282,oscillatory_coexistence
1.8,1.7000000000000002,25.09213691965663,22.200089449719684,27.73684589337556,5.536756443655875,0.2206570313793514,0.5330934435208271,0.4590260954919123,0.6033039049163912,0.14427780942447888,0.2706426259368758,1.3330721338271998,1.2963940548507247,1.3772696678662972,0.08087561301557256,0.06066859471686731,oscillatory_coexistence
1.8,1.8,25.047427827395634,21.987657258631867,27.634878530701425,5.647221272069558,0.22546112562874351,0.533434399106538,0.4622467676622441,0.5999156399041651,0.13766887224192098,0.2580802296819399,1.2991861264008404,1.2641264265908279,1.3403195324946016,0.0761931059037737,0.05864679768001698,oscillatory_coexistence
1.8,1.9000000000000001,25.005850554559114,22.06596775435538,27.54852643209189,5.48255867773651,0.21925103750316943,0.5344218168610154,0.4649855212188869,0.6208716444385125,0.15588612321962558,0.2916911666049638,1.2675356475662565,1.234048225516516,1.3060726814256602,0.0720244559091443,0.05682243023884866,oscillatory_coexistence
1.8,2.0,24.97877723380703,22.136149051132538,27.46867597877532,5.332526927642782,0.21348230450709837,0.5357606244610386,0.4674984291684448,0.6281770953529416,0.16067866618449683,0.29990756850755046,1.2377238231266046,1.2058649740499465,1.2743093055324213,0.06844433148247475,0.05529854900063469,oscillatory_coexistence
1.9000000000000001,0.0,19.841934571694967,2.0669905086714023e-05,74.08381182946007,74.08379115955499,3.7336979865478295,0.858126318850738,9.07661401108752e-11,15.222449496662486,15.22244949657172,17.73917098468782,2.4981924797129658,0.6485701371181206,5.477958313138835,4.829388176020714,1.9331529556816462,low_density_risk
1.9000000000000001,0.1,33.78939478901547,0.724167246098775,71.04670481589383,70.32253756979506,2.081201454151348,0.6927185516587898,0.0003069135474370247,5.8061556158212175,5.805848702273781,8.381251936104013,3.296862911127178,1.822688559391433,5.058449120445566,3.235760561054133,0.9814665178015739,oscillatory_coexistence
1.9000000000000001,0.2,26.330080333696117,10.860065887123229,48.693150524177284,37.83308463705406,1.4368769163470971,0.5352318852748059,0.08964199792794407,1.5091706324091505,1.4195286344812064,2.652175017095106,2.9881418749904336,2.4621423788141277,3.6304177429773294,1.1682753641632018,0.3909705137968226,oscillatory_coexistence
1.9000000000000001,0.30000000000000004,24.330895742546197,15.207492879797485,37.11571799318149,21.908225113384006,0.9004282187224744,0.5449083050061981,0.24115234996679782,1.0448566934376753,0.8037043434708775,1.4749350231691931,2.6222948580024177,2.3277695756199175,2.937546115165969,0.6097765395460515,0.2325354594221062,oscillatory_coexistence
1.9000000000000001,0.4,23.771604290241864,17.068291332226867,31.611178592104057,14.54288725987719,0.6117755908399657,0.5426807845880469,0.31213510775607634,0.8751693906708382,0.5630342829147619,1.0375054708102995,2.3752837171364587,2.1929436681488608,2.577747888245661,0.38480422009680026,0.16200347660385678,oscillatory_coexistence
1.9000000000000001,0.5,23.6937451216474,18.248018926418034,29.74728859582463,11.499269669406598,0.48532933946773976,0.5417439174953328,0.3590135615671371,0.7860324547014039,0.42701889313426683,0.7882301569858556,2.1866472627125093,2.039576210949102,2.332983998717782,0.2934077877686798,0.13418158144289666,oscillatory_coexistence
1.9000000000000001,0.6000000000000001,23.71528542603771,19.08824094815249,29.64278522522996,10.554544277077472,0.445052382354584,0.538464973877484,0.3916448384759497,0.7315750491147387,0.339930210638789,0.631294934915305,2.0384817952606458,1.9241532119860931,2.1508273385203753,0.2266741265342822,0.11119752310821487,oscillatory_coexistence
1.9000000000000001,0.7000000000000001,23.706144909935762,19.7030093601798,28.625470062467837,8.922460702288038,0.3763775483608077,0.5359501012552944,0.39261743130715077,0.6951544835231872,0.30253705221603644,0.5644873496746696,1.9187330739779735,1.8266484173611557,2.0076335593456442,0.18098514198448856,0.09432533604539924,oscillatory_coexistence
1.9000000000000001,0.8,23.684419772402045,20.174311827310767,27.892969712951086,7.718657885640319,0.3258960092674112,0.5339401286094778,0.4042313844515402,0.6693028498135303,0.26507146536199006,0.49644417259255313,1.8186529674352878,1.7420508032170923,1.8911012178627706,0.14905041464567836,0.08195649049845459,oscillatory_coexistence
1.9000000000000001,0.9,23.62294702178026,20.02592608002132,27.357572716758806,7.331646636737485,0.3103612191136621,0.5322155578342358,0.41944232623349914,0.6505141612046141,0.231071834971115,0.43416963591028773,1.733913193511333,1.6677775963724237,1.812129443040008,0.14435184666758416,0.08325206083424233,oscillatory_coexistence
1.9000000000000001,1.0,23.52398989729532,19.947858847795437,26.94781256472081,6.999953716925372,0.29756660105222615,0.5329153737693968,0.4313897857076881,0.636311599217903,0.20492181351021493,0.3845297463655162,1.6606810585988627,1.6018251721581802,1.727662664855546,0.12583749269736577,0.07577462996022888,oscillatory_coexistence
1.9000000000000001,1.1,23.459870145549317,20.211590002614464,26.624784772866825,6.41319477025236,0.27336872414311997,0.5357604535585685,0.4410852510854718,0.6604059576349057,0.21932070654943392,0.4093633732991619,1.5951489117514077,1.5428335165770992,1.6534870608809273,0.11065354430382812,0.06936878650549667,oscillatory_coexistence
1.9000000000000001,1.2000000000000002,23.474286263368565,20.429106748941273,26.368856817988892,5.939750069047619,0.25303219030417545,0.5379832885307024,0.4488450908441453,0.6494828910182726,0.2006378001741273,0.3729442985519504,1.535490867585023,1.4857798732236733,1.5882482828919864,0.10246840966831305,0.06673332406685412,oscillatory_coexistence
1.9000000000000001,1.3,23.538283138411444,20.60969695398546,26.98745007734257,6.37775312335711,0.27095234966178006,0.5380966664586043,0.455316815188418,0.6405971337104132,0.18528031852199517,0.3443253416547683,1.481484779436893,1.425276724770016,1.5303241198036124,0.10504739503359639,0.07090683380051573,oscillatory_coexistence
1.9000000000000001,1.4000000000000001,23.598511212149237,20.761963979582823,27.0316239649563,6.269659985373476,0.2656803189408575,0.5367359792711508,0.46073927807901294,0.6331632449908097,0.17242396691179673,0.3212454047623469,1.4330049748057705,1.3820828671828256,1.478319818207713,0.0962369510248875,0.06715744377500454,oscillatory_coexistence
1.9000000000000001,1.5,23.624766079115314,20.89345709454169,26.85877683909392,5.965319744552229,0.2525028067823037,0.5350782158444102,0.43907991041086436,0.6271680637696513,0.18808815335878692,0.35151525102103504,1.389439469752585,1.34241769477283,1.4313311576242445,0.08891346285141455,0.0639923255290734,oscillatory_coexistence
1.9000000000000001,1.6,23.616065138219483,21.002180071566396,26.711068461863373,5.708888390296977,0.24173749339205766,0.5337738292924582,0.44204622215975975,0.6219695312270356,0.17992330906727583,0.33707780185745595,1.3499682714162442,1.305768002396427,1.3884890599273014,0.08272105753087433,0.061276297585891294,oscillatory_coexistence
1.9000000000000001,1.7000000000000002,23.584106778732,21.032886837398973,26.583582850328565,5.550696012929592,0.2353574831137951,0.5330291510546489,0.4460167501351073,0.6175157744677362,0.17149902433262892,0.3217441747660143,1.3138680673439556,1.2718378288355516,1.359933232912295,0.08809540407674343,0.067050418734025,oscillatory_coexistence
1.9000000000000001,1.8,23.540352906689968,20.183047530715235,26.475250352006995,6.29220282129176,0.26729432843393364,0.5329403041589764,0.44940224849088306,0.6136998744242913,0.16429762593340824,0.30828523316954815,1.280561065921883,1.240251314034232,1.3281503614728178,0.0878990474385859,0.06864104319401453,oscillatory_coexistence
1.9000000000000001,1.9000000000000001,23.49417395413426,20.195551928334492,26.381509686371103,6.185957758036611,0.26329752091359687,0.5335625554932515,0.45245211576336913,0.610371742525407,0.1579196267620379,0.295972093873329,1.249555844140864,1.2107911750258002,1.2941988296985814,0.0834076546727811,0.0667498416047676,oscillatory_coexistence
1.9000000000000001,2.0,23.455218563057066,20.262478094098917,26.298484985189116,6.036006891090199,0.2573417457126962,0.5347818151433266,0.45507728034223366,0.6404544236893733,0.18537714334713967,0.3466407011186613,1.2204292670395125,1.1832423851157228,1.2626596537791506,0.0794172686634278,0.065073225305397,oscillatory_coexistence
2.0,0.0,19.616602890714894,3.972912551468531e-05,74.0100719218453,74.01003219271978,3.77282614145934,0.8277827011213115,1.193445380043704e-10,14.94393080465023,14.943930804530886,18.05296339760403,2.4863725302075874,0.6938104711816846,5.486329661745789,4.7925191905641045,1.9275145346630937,low_density_risk
2.0,0.1,31.564978588952037,0.8742400950741448,70.26285472926865,69.38861463419451,2.198278526901292,0.7028312820850903,0.0004801356536988099,5.445543409989107,5.445063274335409,7.747326297392152,3.382209860093066,1.867381777975461,4.99981591570891,3.1324341377334495,0.9261501406794226,oscillatory_coexistence
2.0,0.2,25.246753284333842,10.909648814095608,47.32915849981171,36.41950968571611,1.442542305363033,0.5372883692072471,0.0898953575407985,1.5053318234395323,1.4154364658987337,2.6344074188401536,2.9482630560045098,2.4420099052465023,3.5314744525407553,1.089464547294253,0.36952759187313744,oscillatory_coexistence
2.0,0.30000000000000004,23.058164451098328,14.046823012792009,34.586608883115325,20.539785870323314,0.8907814806283965,0.5443567217564594,0.22865375547424066,1.0729378568967811,0.8442841014225404,1.5509757989150266,2.5853694947262693,2.2902088147507986,2.913953180865264,0.6237443661144653,0.24125927353384513,oscillatory_coexistence
2.0,0.4,22.40543562412736,15.598419771492217,30.824043532992192,15.225623761499975,0.6795504455670364,0.541281786522401,0.2949524400707922,0.907497375230241,0.6125449351594487,1.131656284047102,2.340364243141071,2.159872704332095,2.5584189551889627,0.3985462508568678,0.17029240299868748,oscillatory_coexistence
2.0,0.5,22.244047393764447,16.620841857387084,28.728816648745074,12.10797479135799,0.5443242669385612,0.5424503826951405,0.3398744945372863,0.8174920618940541,0.4776175673567678,0.8804815750757993,2.1539523500843685,2.0085499694437905,2.3147888874512894,0.3062389180074989,0.1421753447774096,oscillatory_coexistence
2.0,0.6000000000000001,22.26278498410955,17.354048251868154,28.694873488884447,11.340825237016293,0.5094073021461824,0.5399416880106229,0.37226040452846476,0.7607970903151936,0.38853668578672884,0.7195900861397557,2.006661280996834,1.8824988522701223,2.13331905936134,0.2508202070912178,0.12499379415269063,oscillatory_coexistence
2.0,0.7000000000000001,22.253811824539337,17.91582359496956,27.74848366989732,9.832660074927759,0.4418416113362124,0.5366301978116796,0.3930574108834372,0.7222623329899766,0.32920492210653934,0.6134670084694976,1.8883752987878073,1.7867899922359058,1.990478699188386,0.2036887069524802,0.10786452623221926,oscillatory_coexistence
2.0,0.8,22.22188017400523,18.353539594112227,26.98368367014799,8.630144076035762,0.3883624611625243,0.5346636971669841,0.385594613845672,0.6943573892391659,0.3087627753934939,0.5774896949782712,1.789803229629426,1.7039429111003501,1.8741732778591098,0.1702303667587597,0.09511121889857709,oscillatory_coexistence
2.0,0.9,22.173181196257424,18.702619358083332,26.407740313781854,7.705120955698522,0.34749731612704765,0.5325765616797807,0.4012653443550977,0.6738586278140813,0.27259328345898365,0.5118386783652196,1.7060209390889423,1.6314133559206,1.7868844223626092,0.15547106644200914,0.09113080788149261,oscillatory_coexistence
2.0,1.0,22.077181674031443,18.128311626336703,25.969207432914313,7.84089580657761,0.3551583676914796,0.5319292840383725,0.4138886898376733,0.6580288121584548,0.24414012232078147,0.458971012964029,1.6341302146211387,1.567157800565015,1.7123072975995612,0.14514949703454616,0.08882370311481523,oscillatory_coexistence
2.0,1.1,21.98015054400501,18.37623537148202,25.619127631711205,7.242892260229183,0.329519683940669,0.5343184304213903,0.4239834620643583,0.6749654007508052,0.25098193868644697,0.469723528885276,1.5704472679222565,1.509726175867206,1.6384912614631506,0.12876508559594457,0.08199261969885956,oscillatory_coexistence
2.0,1.2000000000000002,21.955448654843345,18.582259043586063,25.341725218504894,6.759466174918831,0.3078719219626329,0.5375497557933506,0.4323853145977268,0.6717160706144812,0.23933075601675446,0.4452253087960006,1.5122759535493877,1.457913943448809,1.5735975520540464,0.1156836086052373,0.07649636188001638,oscillatory_coexistence
2.0,1.3,22.007770304273375,18.75609387661086,25.346018830272566,6.589924953661708,0.29943628375573356,0.5388717367189458,0.43939882698694543,0.6618883506837127,0.22248952369676722,0.412880298846321,1.4590082919146383,1.3961127936700053,1.5159180019894025,0.11980520831939723,0.08211413806435344,oscillatory_coexistence
2.0,1.4000000000000001,22.082764546816538,18.904379591059588,26.034966112353914,7.130586521294326,0.3229028007873205,0.537920931161504,0.4452895328622012,0.6538386517554432,0.208549118893242,0.3876947462195705,1.4108616792408544,1.3520441226013924,1.4641549846791135,0.11211086207772114,0.07946268845998102,oscillatory_coexistence
2.0,1.5,22.129595734884184,19.027499524058847,25.848676498814083,6.821176974755236,0.30823775799945163,0.5359866360431652,0.43392703697499857,0.6470206599571182,0.21309362298211965,0.39757264202490444,1.3676488027606013,1.3132745340651637,1.4174533180379758,0.1041787839728121,0.0761736373858924,oscillatory_coexistence
2.0,1.6,22.133009992811505,19.13543275151244,25.69048840639393,6.555055654881489,0.2961664797065643,0.5342291951844451,0.42559723169708163,0.6411859712321779,0.21558873953509627,0.4035510254363012,1.3286714044064034,1.2775036494873366,1.374843619534732,0.09733997004739536,0.07326113117547649,oscillatory_coexistence
2.0,1.7000000000000002,22.104397189834078,19.229573989319203,25.558084160048264,6.328510170729061,0.2863009615860182,0.5330901759273237,0.42972919257315123,0.6362164253693333,0.20648723279618209,0.387340157669582,1.2931403987751842,1.244372014838687,1.3358661623595458,0.09149414752085883,0.0707534522991069,oscillatory_coexistence
2.0,1.8,22.060216043723013,18.676940381967857,25.441091504892,6.764151122924144,0.30662216133864656,0.5326403129345113,0.43342273850513985,0.6319316528275479,0.19850891432240808,0.372688490715952,1.260420163606786,1.2135386227744192,1.3151078985483522,0.10156927577393304,0.08058366464338719,oscillatory_coexistence
2.0,1.9000000000000001,22.01155140543831,18.310148468274846,25.339852457315533,7.029703989040687,0.3193643128354672,0.5329043937259551,0.4366133973174068,0.628114941340747,0.1915015440233402,0.3593544100547613,1.2300241996888948,1.1847509513745553,1.2824078777046874,0.09765692633013212,0.07939431301819322,oscillatory_coexistence
2.0,2.0,21.96592189902993,18.370023633273128,25.248422289817746,6.8783986565446185,0.3131395389714134,0.5338699609971468,0.4394347580572312,0.6397344543956665,0.20029969633843525,0.3751844287398117,1.2015461499902276,1.1578121071270486,1.2511029406646481,0.09329083353759948,0.0776423223846047,oscillatory_coexistence
