k,alpha,class,class_code,amplitude,x_mean,y_mean
0.0,0.01,oscillatory_coexistence,1,2.698718591326712,59.79850885124729,9.409376491488564
0.0,0.011077568505097092,oscillatory_coexistence,1,2.698718591326712,59.79850885124729,9.409376491488564
0.0,0.012271252398511897,oscillatory_coexistence,1,2.698718591326712,59.79850885124729,9.409376491488564
0.0,0.013593563908785255,oscillatory_coexistence,1,2.698718591326712,59.79850885124729,9.409376491488564
0.0,0.015058363542798407,oscillatory_coexistence,1,2.698718591326712,59.79850885124729,9.409376491488564
0.0,0.016681005372000592,oscillatory_coexistence,1,2.698718591326712,59.79850885124729,9.409376491488564
0.0,0.018478497974222907,oscillatory_coexistence,1,2.698718591326712,59.79850885124729,9.409376491488564
0.0,0.02046968271807521,oscillatory_coexistence,1,2.698718591326712,59.79850885124729,9.409376491488564
0.0,0.02267543125870802,oscillatory_coexistence,1,2.698718591326712,59.79850885124729,9.409376491488564
0.0,0.025118864315095794,oscillatory_coexistence,1,2.698718591326712,59.79850885124729,9.409376491488564
0.0,0.027825594022071243,oscillatory_coexistence,1,2.698718591326712,59.79850885124729,9.409376491488564
0.0,0.030823992397451434,oscillatory_coexistence,1,2.698718591326712,59.79850885124729,9.409376491488564
0.0,0.034145488738336005,oscillatory_coexistence,1,2.698718591326712,59.79850885124729,9.409376491488564
0.0,0.037824899063893865,oscillatory_coexistence,1,2.698718591326712,59.79850885124729,9.409376491488564
0.0,0.04190079105786669,oscillatory_coexistence,1,2.698718591326712,59.79850885124729,9.409376491488564
0.0,0.046415888336127795,oscillatory_coexistence,1,2.698718591326712,59.79850885124729,9.409376491488564
0.0,0.051417518276839276,oscillatory_coexistence,1,2.698718591326712,59.79850885124729,9.409376491488564
0.0,0.056958108107376865,oscillatory_coexistence,1,2.698718591326712,59.79850885124729,9.409376491488564
0.0,0.06309573444801933,oscillatory_coexistence,1,2.698718591326712,59.79850885124729,9.409376491488564
0.0,0.06989473207273486,oscillatory_coexistence,1,2.698718591326712,59.79850885124729,9.409376491488564
0.0,0.0774263682681127,oscillatory_coexistence,1,2.698718591326712,59.79850885124729,9.409376491488564
0.0,0.08576958985908942,oscillatory_coexistence,1,2.698718591326712,59.79850885124729,9.409376491488564
0.0,0.0950118507318144,oscillatory_coexistence,1,2.698718591326712,59.79850885124729,9.409376491488564
0.0,0.10525002852777332,oscillatory_coexistence,1,2.698718591326712,59.79850885124729,9.409376491488564
0.0,0.11659144011798317,oscillatory_coexistence,1,2.698718591326712,59.79850885124729,9.409376491488564
0.0,0.1291549665014884,oscillatory_coexistence,1,2.698718591326712,59.79850885124729,9.409376491488564
0.0,0.14307229891937578,oscillatory_coexistence,1,2.698718591326712,59.79850885124729,9.409376491488564
0.0,0.15848931924611134,oscillatory_coexistence,1,2.698718591326712,59.79850885124729,9.409376491488564
0.0,0.17556762912750015,oscillatory_coexistence,1,2.698718591326712,59.79850885124729,9.409376491488564
0.0,0.19448624389373625,oscillatory_coexistence,1,2.698718591326712,59.79850885124729,9.409376491488564
0.0,0.21544346900318845,oscillatory_coexistence,1,2.698718591326712,59.79850885124729,9.409376491488564
0.0,0.2386589786858581,oscillatory_coexistence,1,2.698718591326712,59.79850885124729,9.409376491488564
0.0,0.26437611857491,oscillatory_coexistence,1,2.698718591326712,59.79850885124729,9.409376491488564
0.0,0.29286445646252374,oscillatory_coexistence,1,2.698718591326712,59.79850885124729,9.409376491488564
0.0,0.324422607917163,oscillatory_coexistence,1,2.698718591326712,59.79850885124729,9.409376491488564
0.0,0.35938136638046275,oscillatory_coexistence,1,2.698718591326712,59.79850885124729,9.409376491488564
0.0,0.3981071705534973,oscillatory_coexistence,1,2.698718591326712,59.79850885124729,9.409376491488564
0.0,0.44100594541767385,oscillatory_coexistence,1,2.698718591326712,59.79850885124729,9.409376491488564
0.0,0.4885273571519389,oscillatory_coexistence,1,2.698718591326712,59.79850885124729,9.409376491488564
0.0,0.5411695265464638,oscillatory_coexistence,1,2.698718591326712,59.79850885124729,9.409376491488564
0.0,0.5994842503189411,oscillatory_coexistence,1,2.698718591326712,59.79850885124729,9.409376491488564
0.0,0.6640827850634842,oscillatory_coexistence,1,2.698718591326712,59.79850885124729,9.409376491488564
0.0,0.7356422544596414,oscillatory_coexistence,1,2.698718591326712,59.79850885124729,9.409376491488564
0.0,0.8149127469020745,oscillatory_coexistence,1,2.698718591326712,59.79850885124729,9.409376491488564
0.0,0.9027251779484579,oscillatory_coexistence,1,2.698718591326712,59.79850885124729,9.409376491488564
0.0,1.0,oscillatory_coexistence,1,2.698718591326712,59.79850885124729,9.409376491488564
0.0,1.1077568505097097,oscillatory_coexistence,1,2.698718591326712,59.79850885124729,9.409376491488564
0.0,1.2271252398511903,oscillatory_coexistence,1,2.698718591326712,59.79850885124729,9.409376491488564
0.0,1.3593563908785256,oscillatory_coexistence,1,2.698718591326712,59.79850885124729,9.409376491488564
0.0,1.5058363542798414,oscillatory_coexistence,1,2.698718591326712,59.79850885124729,9.409376491488564
0.0,1.6681005372000592,oscillatory_coexistence,1,2.698718591326712,59.79850885124729,9.409376491488564
0.0,1.8478497974222907,oscillatory_coexistence,1,2.698718591326712,59.79850885124729,9.409376491488564
0.0,2.046968271807522,oscillatory_coexistence,1,2.698718591326712,59.79850885124729,9.409376491488564
0.0,2.267543125870802,oscillatory_coexistence,1,2.698718591326712,59.79850885124729,9.409376491488564
0.0,2.5118864315095797,oscillatory_coexistence,1,2.698718591326712,59.79850885124729,9.409376491488564
0.0,2.782559402207126,oscillatory_coexistence,1,2.698718591326712,59.79850885124729,9.409376491488564
0.0,3.0823992397451434,oscillatory_coexistence,1,2.698718591326712,59.79850885124729,9.409376491488564
0.0,3.414548873833601,oscillatory_coexistence,1,2.698718591326712,59.79850885124729,9.409376491488564
0.0,3.782489906389386,oscillatory_coexistence,1,2.698718591326712,59.79850885124729,9.409376491488564
0.0,4.190079105786669,oscillatory_coexistence,1,2.698718591326712,59.79850885124729,9.409376491488564
0.0,4.641588833612782,oscillatory_coexistence,1,2.698718591326712,59.79850885124729,9.409376491488564
0.0,5.141751827683928,oscillatory_coexistence,1,2.698718591326712,59.79850885124729,9.409376491488564
0.0,5.695810810737687,oscillatory_coexistence,1,2.698718591326712,59.79850885124729,9.409376491488564
0.0,6.309573444801936,oscillatory_coexistence,1,2.698718591326712,59.79850885124729,9.409376491488564
0.0,6.989473207273487,oscillatory_coexistence,1,2.698718591326712,59.79850885124729,9.409376491488564
0.0,7.742636826811269,oscillatory_coexistence,1,2.698718591326712,59.79850885124729,9.409376491488564
0.0,8.576958985908945,oscillatory_coexistence,1,2.698718591326712,59.79850885124729,9.409376491488564
0.0,9.50118507318144,oscillatory_coexistence,1,2.698718591326712,59.79850885124729,9.409376491488564
0.0,10.525002852777327,oscillatory_coexistence,1,2.698718591326712,59.79850885124729,9.409376491488564
0.0,11.659144011798324,oscillatory_coexistence,1,2.698718591326712,59.79850885124729,9.409376491488564
0.0,12.91549665014884,oscillatory_coexistence,1,2.698718591326712,59.79850885124729,9.409376491488564
0.0,14.307229891937586,oscillatory_coexistence,1,2.698718591326712,59.79850885124729,9.409376491488564
0.0,15.848931924611142,oscillatory_coexistence,1,2.698718591326712,59.79850885124729,9.409376491488564
0.0,17.556762912750013,oscillatory_coexistence,1,2.698718591326712,59.79850885124729,9.409376491488564
0.0,19.448624389373634,oscillatory_coexistence,1,2.698718591326712,59.79850885124729,9.409376491488564
0.0,21.544346900318846,oscillatory_coexistence,1,2.698718591326712,59.79850885124729,9.409376491488564
0.0,23.865897868585808,oscillatory_coexistence,1,2.698718591326712,59.79850885124729,9.409376491488564
0.0,26.437611857491014,oscillatory_coexistence,1,2.698718591326712,59.79850885124729,9.409376491488564
0.0,29.286445646252375,oscillatory_coexistence,1,2.698718591326712,59.79850885124729,9.409376491488564
0.0,32.4422607917163,oscillatory_coexistence,1,2.698718591326712,59.79850885124729,9.409376491488564
0.0,35.938136638046295,oscillatory_coexistence,1,2.698718591326712,59.79850885124729,9.409376491488564
0.0,39.810717055349734,oscillatory_coexistence,1,2.698718591326712,59.79850885124729,9.409376491488564
0.0,44.100594541767364,oscillatory_coexistence,1,2.698718591326712,59.79850885124729,9.409376491488564
0.0,48.852735715193916,oscillatory_coexistence,1,2.698718591326712,59.79850885124729,9.409376491488564
0.0,54.116952654646376,oscillatory_coexistence,1,2.698718591326712,59.79850885124729,9.409376491488564
0.0,59.948425031894146,oscillatory_coexistence,1,2.698718591326712,59.79850885124729,9.409376491488564
0.0,66.40827850634845,oscillatory_coexistence,1,2.698718591326712,59.79850885124729,9.409376491488564
0.0,73.56422544596414,oscillatory_coexistence,1,2.698718591326712,59.79850885124729,9.409376491488564
0.0,81.49127469020749,oscillatory_coexistence,1,2.698718591326712,59.79850885124729,9.409376491488564
0.0,90.27251779484578,oscillatory_coexistence,1,2.698718591326712,59.79850885124729,9.409376491488564
0.0,100.0,oscillatory_coexistence,1,2.698718591326712,59.79850885124729,9.409376491488564
0.2222222222222222,0.01,oscillatory_coexistence,1,0.004831777955259724,29.998119701335106,4.714386224835744
0.2222222222222222,0.011077568505097092,oscillatory_coexistence,1,0.005853404369284154,29.998355948918707,4.713768908434101
0.2222222222222222,0.012271252398511897,oscillatory_coexistence,1,0.0065014590525419285,29.997543387857952,4.713427610659717
0.2222222222222222,0.013593563908785255,oscillatory_coexistence,1,0.006794361097998478,29.996096348992737,4.713203054581177
0.2222222222222222,0.015058363542798407,oscillatory_coexistence,1,0.008849334903950895,29.994471558681894,4.7129619997501
0.2222222222222222,0.016681005372000592,oscillatory_coexistence,1,0.011353695050837683,29.99319232894652,4.7126089986326685
0.2222222222222222,0.018478497974222907,oscillatory_coexistence,1,0.01300891883471514,29.992892302294873,4.712098319474396
0.2222222222222222,0.02046968271807521,oscillatory_coexistence,1,0.014985638497463465,29.994273678339262,4.711458413886202
0.2222222222222222,0.02267543125870802,oscillatory_coexistence,1,0.01965137181289383,29.997869650326155,4.710820573982132
0.2222222222222222,0.025118864315095794,oscillatory_coexistence,1,0.02205188785276824,30.00359245031529,4.710417856511536
0.2222222222222222,0.027825594022071243,oscillatory_coexistence,1,0.021540104831394274,30.010257786727067,4.710513767705527
0.2222222222222222,0.030823992397451434,oscillatory_coexistence,1,0.028243452907178248,30.015499339428022,4.711256786039612
0.2222222222222222,0.034145488738336005,oscillatory_coexistence,1,0.032105787707583155,30.01648087767038,4.712527109110101
0.2222222222222222,0.037824899063893865,oscillatory_coexistence,1,0.038672975427363664,30.011390667467204,4.713888394363116
0.2222222222222222,0.04190079105786669,oscillatory_coexistence,1,0.04559840067866522,30.001009484106273,4.714726689950116
0.2222222222222222,0.046415888336127795,oscillatory_coexistence,1,0.04251080827895514,29.989176659224583,4.71455615334632
0.2222222222222222,0.051417518276839276,oscillatory_coexistence,1,0.04027538397462298,29.981339680078918,4.713340064880465
0.2222222222222222,0.056958108107376865,oscillatory_coexistence,1,0.04426782368253471,29.981659377885197,4.711604672240199
0.2222222222222222,0.06309573444801933,oscillatory_coexistence,1,0.04849660936750342,29.990312541309,4.710204410223589
0.2222222222222222,0.06989473207273486,oscillatory_coexistence,1,0.049227064737696856,30.00285507466019,4.709810279266147
0.2222222222222222,0.0774263682681127,oscillatory_coexistence,1,0.03787315551862346,30.012754605684265,4.710472474704557
0.2222222222222222,0.08576958985908942,oscillatory_coexistence,1,0.034435356362488824,30.015632809178573,4.711657962259394
0.2222222222222222,0.0950118507318144,oscillatory_coexistence,1,0.03304211471020695,30.011629000315008,4.712692696795374
0.2222222222222222,0.10525002852777332,oscillatory_coexistence,1,0.030637451608542525,30.004361875953396,4.71316916534923
0.2222222222222222,0.11659144011798317,oscillatory_coexistence,1,0.025194706374923218,29.998024494730064,4.713078935439549
0.2222222222222222,0.1291549665014884,oscillatory_coexistence,1,0.015935675251797368,29.99490808975825,4.712685054179546
0.2222222222222222,0.14307229891937578,oscillatory_coexistence,1,0.012813457626135415,29.99488167271125,4.712279824784476
0.2222222222222222,0.15848931924611134,oscillatory_coexistence,1,0.010410106359527077,29.996513118138637,4.712023011255258
0.2222222222222222,0.17556762912750015,oscillatory_coexistence,1,0.008259273631604516,29.99838853529122,4.711930497408866
0.2222222222222222,0.19448624389373625,oscillatory_coexistence,1,0.0063459927667651895,29.99974569818276,4.7119443271342725
0.2222222222222222,0.21544346900318845,oscillatory_coexistence,1,0.004307793826786283,30.00044306203088,4.711999942930726
0.2222222222222222,0.2386589786858581,oscillatory_coexistence,1,0.002605200030737763,30.000655568454448,4.7120566712859695
0.2222222222222222,0.26437611857491,oscillatory_coexistence,1,0.0015501630059548228,30.000612809545355,4.712098603257631
0.2222222222222222,0.29286445646252374,oscillatory_coexistence,1,0.0011349415885620199,30.00047990286054,4.712124445885309
0.2222222222222222,0.324422607917163,stable_coexistence,0,0.0008334172399704249,30.00034257472875,4.71213832110551
0.2222222222222222,0.35938136638046275,stable_coexistence,0,0.0006162951881454689,30.000232325042337,4.712144816418784
0.2222222222222222,0.3981071705534973,stable_coexistence,0,0.0004605144979026676,30.000153498226428,4.712147305504433
0.2222222222222222,0.44100594541767385,stable_coexistence,0,0.0003486431398669121,30.0001004946074,4.712147845292782
0.2222222222222222,0.4885273571519389,stable_coexistence,0,0.0002679427583315495,30.000065978813822,4.7121475494289395
0.2222222222222222,0.5411695265464638,stable_coexistence,0,0.00020929976517703404,30.00004381224761,4.712146967282356
0.2222222222222222,0.5994842503189411,stable_coexistence,0,0.00016627741406134513,30.00002960404843,4.7121463456298
0.2222222222222222,0.6640827850634842,stable_coexistence,0,0.00013424899096629587,30.00002044134303,4.712145781547704
0.2222222222222222,0.7356422544596414,stable_coexistence,0,0.0001098076676843808,30.0000144645083,4.712145303337597
0.2222222222222222,0.8149127469020745,stable_coexistence,0,9.108666245217148e-05,30.000010507420036,4.712144910466793
0.2222222222222222,0.9027251779484579,stable_coexistence,0,7.667047753437777e-05,30.000007842773233,4.712144592127242
0.2222222222222222,1.0,stable_coexistence,0,6.54795576656938e-05,30.000006015767124,4.712144335293535
0.2222222222222222,1.1077568505097097,stable_coexistence,0,5.6710559528614885e-05,30.000004739768546,4.712144127873231
0.2222222222222222,1.2271252398511903,stable_coexistence,0,4.9768829088185396e-05,30.000003832094947,4.712143959680945
0.2222222222222222,1.3593563908785256,stable_coexistence,0,4.42179147537586e-05,30.000003174755733,4.712143822515942
0.2222222222222222,1.5058363542798414,stable_coexistence,0,3.9734255990321927e-05,30.00000269042668,4.712143709918723
0.2222222222222222,1.6681005372000592,stable_coexistence,0,3.607831692696181e-05,30.00000232765918,4.712143616850818
0.2222222222222222,1.8478497974222907,stable_coexistence,0,3.3070149214492494e-05,30.000002051689254,4.712143539393865
0.2222222222222222,2.046968271807522,stable_coexistence,0,3.057413071240745e-05,30.00000183866693,4.7121434744971795
0.2222222222222222,2.267543125870802,stable_coexistence,0,2.8487284239073535e-05,30.00000167198091,4.7121434197765995
0.2222222222222222,2.5118864315095797,stable_coexistence,0,2.672956423989428e-05,30.000001539892324,4.712143373359361
0.2222222222222222,2.782559402207126,stable_coexistence,0,2.5239775076290425e-05,30.00000143398721,4.712143333765259
0.2222222222222222,3.0823992397451434,stable_coexistence,0,2.396919505369667e-05,30.000001348153642,4.712143299816548
0.2222222222222222,3.414548873833601,stable_coexistence,0,2.2879742098813466e-05,30.00000127789196,4.7121432705697135
0.2222222222222222,3.782489906389386,stable_coexistence,0,2.194115712741833e-05,30.000001219849523,4.712143245263713
0.2222222222222222,4.190079105786669,stable_coexistence,0,2.1128741265724683e-05,30.000001171496848,4.712143223280239
0.2222222222222222,4.641588833612782,stable_coexistence,0,2.042268020131446e-05,30.000001130904607,4.712143204113687
0.2222222222222222,5.141751827683928,stable_coexistence,0,1.9806790626407008e-05,30.000001096583016,4.712143187347962
0.2222222222222222,5.695810810737687,stable_coexistence,0,1.926776026671938e-05,30.000001067368796,4.7121431726383785
0.2222222222222222,6.309573444801936,stable_coexistence,0,1.87945628154297e-05,30.000001042342408,4.7121431596978445
0.2222222222222222,6.989473207273487,stable_coexistence,0,1.8378003402431636e-05,30.00000102076531,4.712143148285833
0.2222222222222222,7.742636826811269,stable_coexistence,0,1.801036120907405e-05,30.00000100203086,4.712143138199857
0.2222222222222222,8.576958985908945,stable_coexistence,0,1.7685103158941263e-05,30.000000985622446,4.712143129268833
0.2222222222222222,9.50118507318144,stable_coexistence,0,1.739664560886315e-05,30.000000971068562,4.712143121347899
0.2222222222222222,10.525002852777327,stable_coexistence,0,1.7140137874193306e-05,30.00000095788188,4.712143114314657
0.2222222222222222,11.659144011798324,stable_coexistence,0,1.6911222339835834e-05,30.000000945440814,4.712143108067321
0.2222222222222222,12.91549665014884,stable_coexistence,0,1.6705654285829587e-05,30.000000932706676,4.712143102525855
0.2222222222222222,14.307229891937586,stable_coexistence,0,1.6518434575938664e-05,30.00000091734837,4.712143097642701
0.2222222222222222,15.848931924611142,stable_coexistence,0,1.6347050847755312e-05,30.000000899358383,4.712143093345122
0.2222222222222222,17.556762912750013,stable_coexistence,0,1.6197536636553632e-05,30.00000088714708,4.712143089443592
0.2222222222222222,19.448624389373634,stable_coexistence,0,1.6060998702178924e-05,30.000000873441913,4.712143085993009
0.2222222222222222,21.544346900318846,stable_coexistence,0,1.5932977524337706e-05,30.00000085538379,4.712143082986792
0.2222222222222222,23.865897868585808,stable_coexistence,0,1.5794537720586534e-05,30.000000815443027,4.712143080629922
0.2222222222222222,26.437611857491014,stable_coexistence,0,1.56055640107216e-05,30.0000007166102,4.712143079323606
0.2222222222222222,29.286445646252375,oscillatory_coexistence,1,0.003592853605716459,29.919718075652224,7.391122918808826
0.2222222222222222,32.4422607917163,oscillatory_coexistence,1,0.007170843016158287,29.897960086404,7.738268468496374
0.2222222222222222,35.938136638046295,oscillatory_coexistence,1,0.0045925330650034655,29.896053749169827,7.566212221052054
0.2222222222222222,39.810717055349734,oscillatory_coexistence,1,0.0034256322702290593,29.894094401512643,7.400894960964829
0.2222222222222222,44.100594541767364,oscillatory_coexistence,1,0.0029607012869932495,29.892338575174875,7.242315591121931
0.2222222222222222,48.852735715193916,oscillatory_coexistence,1,0.002190720914149134,29.890890370948856,7.090447697091134
0.2222222222222222,54.116952654646376,oscillatory_coexistence,1,0.0014641746211976972,29.889746909456537,6.945249847302775
0.2222222222222222,59.948425031894146,stable_coexistence,0,0.0009784100064553509,29.88884701144062,6.806669502016702
0.2222222222222222,66.40827850634845,stable_coexistence,0,0.0006553584954297059,29.88811088235596,6.674642949661182
0.2222222222222222,73.56422544596414,stable_coexistence,0,0.0005857835333832538,29.887466140047835,6.549093440370054
0.2222222222222222,81.49127469020749,stable_coexistence,0,0.0005604470434328834,29.886860563195015,6.429929092251857
0.2222222222222222,90.27251779484578,stable_coexistence,0,0.00045905994671293287,29.88626468986706,6.317041465735394
0.2222222222222222,100.0,stable_coexistence,0,0.0003302543225879919,29.885668237040548,6.210305129670127
0.4444444444444444,0.01,oscillatory_coexistence,1,0.2564520917192784,29.953697773859947,3.0764744107399014
0.4444444444444444,0.011077568505097092,oscillatory_coexistence,1,0.13995574922612106,30.084386632601433,3.071949476543267
0.4444444444444444,0.012271252398511897,oscillatory_coexistence,1,0.13388137988271978,30.07687577906626,3.0774437988097865
0.4444444444444444,0.013593563908785255,oscillatory_coexistence,1,0.09633767336711328,30.032288053636783,3.0823860529652682
0.4444444444444444,0.015058363542798407,oscillatory_coexistence,1,0.08366087942707164,29.984243134592212,3.08390089281981
0.4444444444444444,0.016681005372000592,oscillatory_coexistence,1,0.09287341569743841,29.94893667784197,3.0812987152180025
0.4444444444444444,0.018478497974222907,oscillatory_coexistence,1,0.1064219116287871,29.937876141669676,3.07569611243272
0.4444444444444444,0.02046968271807521,oscillatory_coexistence,1,0.09113136088766646,29.953743664269712,3.069680856404583
0.4444444444444444,0.02267543125870802,oscillatory_coexistence,1,0.06817969342559903,29.98700106274894,3.0659323472112705
0.4444444444444444,0.025118864315095794,oscillatory_coexistence,1,0.05572955084424227,30.020287609326264,3.065626865810089
0.4444444444444444,0.027825594022071243,oscillatory_coexistence,1,0.06392994522786545,30.038260365368153,3.0680262939436056
0.4444444444444444,0.030823992397451434,oscillatory_coexistence,1,0.06265790000384353,30.035249462674894,3.0713090060318935
0.4444444444444444,0.034145488738336005,oscillatory_coexistence,1,0.04999354310924428,30.016508298469528,3.0736826363627374
0.4444444444444444,0.037824899063893865,oscillatory_coexistence,1,0.045800708118952524,29.99413083904279,3.074176237211768
0.4444444444444444,0.04190079105786669,oscillatory_coexistence,1,0.0400501218274815,29.980208153409155,3.0729684305213527
0.4444444444444444,0.046415888336127795,oscillatory_coexistence,1,0.03906810420015348,29.980245877775126,3.071134843598777
0.4444444444444444,0.051417518276839276,oscillatory_coexistence,1,0.031381064359926165,29.990816610434976,3.069860844288416
0.4444444444444444,0.056958108107376865,oscillatory_coexistence,1,0.028015829686685114,30.003236227557196,3.0696720606906758
0.4444444444444444,0.06309573444801933,oscillatory_coexistence,1,0.01998935273381747,30.010073003610216,3.0702910196062234
0.4444444444444444,0.06989473207273486,oscillatory_coexistence,1,0.017800860850530002,30.009397125058936,3.071075607914198
0.4444444444444444,0.0774263682681127,oscillatory_coexistence,1,0.014670405098968808,30.00431863935573,3.0715394352823218
0.4444444444444444,0.08576958985908942,oscillatory_coexistence,1,0.01199947173411376,29.999318219175365,3.07157996249601
0.4444444444444444,0.0950118507318144,oscillatory_coexistence,1,0.006678250309523485,29.996956507059217,3.071376187421343
0.4444444444444444,0.10525002852777332,oscillatory_coexistence,1,0.0053654894224418725,29.997162039456096,3.0711542245607952
0.4444444444444444,0.11659144011798317,oscillatory_coexistence,1,0.004119400552298274,29.99851560990045,3.0710324888921625
0.4444444444444444,0.1291549665014884,oscillatory_coexistence,1,0.003216614295781961,29.999750146416282,3.0710115561811167
0.4444444444444444,0.14307229891937578,oscillatory_coexistence,1,0.0019385796361793516,30.000373688193008,3.0710409379582373
0.4444444444444444,0.15848931924611134,stable_coexistence,0,0.0009163102976160679,30.000484508708016,3.071076883318888
0.4444444444444444,0.17556762912750015,stable_coexistence,0,0.0006456256142487695,30.000358163041312,3.071100619104046
0.4444444444444444,0.19448624389373625,stable_coexistence,0,0.00046064103298840776,30.00019651705158,3.0711111561603244
0.4444444444444444,0.21544346900318845,stable_coexistence,0,0.0003263473929266638,30.00008112096751,3.0711136520167845
0.4444444444444444,0.2386589786858581,stable_coexistence,0,0.00021826681462821065,30.0000193223349,3.0711128094348874
0.4444444444444444,0.26437611857491,stable_coexistence,0,0.00013221502534112092,29.999993531122037,3.0711112171005763
0.4444444444444444,0.29286445646252374,stable_coexistence,0,7.55964285314314e-05,29.999986226906884,3.071109859410788
0.4444444444444444,0.324422607917163,stable_coexistence,0,4.2013217674096256e-05,29.99998650489265,3.0711089318969558
0.4444444444444444,0.35938136638046275,stable_coexistence,0,2.320284291473025e-05,29.999989044537482,3.071108359513249
0.4444444444444444,0.3981071705534973,stable_coexistence,0,1.3834124964820303e-05,29.999991726392118,3.071108023350833
0.4444444444444444,0.44100594541767385,stable_coexistence,0,9.946432933923612e-06,29.999993911134727,3.0711078298165013
0.4444444444444444,0.4885273571519389,stable_coexistence,0,7.255748471506516e-06,29.999995529554283,3.071107718511216
0.4444444444444444,0.5411695265464638,stable_coexistence,0,5.36488410311762e-06,29.999996683242998,3.0711076537531676
0.4444444444444444,0.5994842503189411,stable_coexistence,0,4.042087162032757e-06,29.9999974959592,3.0711076153163597
0.4444444444444444,0.6640827850634842,stable_coexistence,0,3.1139360882818117e-06,29.999998069780595,3.0711075919150344
0.4444444444444444,0.7356422544596414,stable_coexistence,0,2.476054342897973e-06,29.999998479015975,3.071107577253565
0.4444444444444444,0.8149127469020745,stable_coexistence,0,2.007912754384476e-06,29.99999877503553,3.071107567785953
0.4444444444444444,0.9027251779484579,stable_coexistence,0,1.6587062393021864e-06,29.99999899263676,3.0711075614825782
0.4444444444444444,1.0,stable_coexistence,0,1.3941138035364394e-06,29.99999915528589,3.071107557158437
0.4444444444444444,1.1077568505097097,stable_coexistence,0,1.1906479872762013e-06,29.999999278879073,3.071107554105993
0.4444444444444444,1.2271252398511903,stable_coexistence,0,1.0319822099986448e-06,29.99999937428681,3.071107551892642
0.4444444444444444,1.3593563908785256,stable_coexistence,0,9.066303921660219e-07,29.99999944903389,3.0711075502475094
0.4444444444444444,1.5058363542798414,stable_coexistence,0,8.063972157381796e-07,29.999999508401864,3.0711075489968653
0.4444444444444444,1.6681005372000592,stable_coexistence,0,7.253510789482041e-07,29.999999556150964,3.0711075480266468
0.4444444444444444,1.8478497974222907,stable_coexistence,0,6.591552454843512e-07,29.99999959499745,3.0711075472602523
0.4444444444444444,2.046968271807522,stable_coexistence,0,6.045715909510183e-07,29.999999626930705,3.071107546645073
0.4444444444444444,2.267543125870802,stable_coexistence,0,5.591783721746081e-07,29.99999965342859,3.0711075461442197
0.4444444444444444,2.5118864315095797,stable_coexistence,0,5.21134546903635e-07,29.999999675603263,3.071107545731367
0.4444444444444444,2.782559402207126,stable_coexistence,0,4.890297222079656e-07,29.999999694302335,3.0711075453873313
0.4444444444444444,3.0823992397451434,stable_coexistence,0,4.6175717799563154e-07,29.999999710178788,3.0711075450978957
0.4444444444444444,3.414548873833601,stable_coexistence,0,4.3845229386054155e-07,29.99999972374229,3.0711075448523566
0.4444444444444444,3.782489906389386,stable_coexistence,0,4.1843024241509374e-07,29.999999735393928,3.071107544642536
0.4444444444444444,4.190079105786669,stable_coexistence,0,4.0115375433227406e-07,29.99999974545333,3.071107544462092
0.4444444444444444,4.641588833612782,stable_coexistence,0,3.861797053068179e-07,29.99999975417704,3.0711075443060305
0.4444444444444444,5.141751827683928,stable_coexistence,0,3.7314673662333747e-07,29.99999976177296,3.071107544170387
0.4444444444444444,5.695810810737687,stable_coexistence,0,3.617633168533633e-07,29.99999976841085,3.071107544051961
0.4444444444444444,6.309573444801936,stable_coexistence,0,3.517881295725518e-07,29.99999977423068,3.0711075439481283
0.4444444444444444,6.989473207273487,stable_coexistence,0,3.4302849382384654e-07,29.999999779348634,3.07110754385673
0.4444444444444444,7.742636826811269,stable_coexistence,0,3.3531101183345857e-07,29.999999783861846,3.071107543775936
0.4444444444444444,8.576958985908945,stable_coexistence,0,3.2882720287591034e-07,29.99999978785245,3.071107543704141
0.4444444444444444,9.50118507318144,stable_coexistence,0,3.2316333083426345e-07,29.999999791390817,3.0711075436398607
0.4444444444444444,10.525002852777327,stable_coexistence,0,3.181299349355401e-07,29.99999979453868,3.071107543581509
0.4444444444444444,11.659144011798324,stable_coexistence,0,3.1363630225388317e-07,29.999999797353766,3.0711075435270048
0.4444444444444444,12.91549665014884,stable_coexistence,0,3.0958670823713003e-07,29.99999979989968,3.0711075434724733
0.4444444444444444,14.307229891937586,stable_coexistence,0,3.058361107076367e-07,29.999999802281067,3.071107543407196
0.4444444444444444,15.848931924611142,stable_coexistence,0,3.0228686551785027e-07,29.99999980456662,3.071107543325239
0.4444444444444444,17.556762912750013,stable_coexistence,0,2.9932889652055134e-07,29.99999980644093,3.0711075432766926
0.4444444444444444,19.448624389373634,stable_coexistence,0,2.966187494008963e-07,29.99999980816866,3.0711075432256565
0.4444444444444444,21.544346900318846,stable_coexistence,0,2.9402517631752747e-07,29.9999998098478,3.0711075431605095
0.4444444444444444,23.865897868585808,stable_coexistence,0,2.908014550573054e-07,29.999999812064278,3.07110754299908
0.4444444444444444,26.437611857491014,stable_coexistence,0,2.886997531608476e-07,29.99999981640009,3.071107542531968
0.4444444444444444,29.286445646252375,stable_coexistence,0,0.00016981167354034615,29.922453817379672,6.023664008717339
0.4444444444444444,32.4422607917163,stable_coexistence,0,0.0007175513097689508,29.888267504882382,6.7040191233761055
0.4444444444444444,35.938136638046295,stable_coexistence,0,0.0005790381708242944,29.88760789160485,6.577007870699131
0.4444444444444444,39.810717055349734,stable_coexistence,0,0.0005751710919508215,29.886996975374398,6.456404039808437
0.4444444444444444,44.100594541767364,stable_coexistence,0,0.00048701497862165184,29.886400364132705,6.342103036334375
0.4444444444444444,48.852735715193916,stable_coexistence,0,0.0003570245875061051,29.885804013412365,6.233983273735063
0.4444444444444444,54.116952654646376,stable_coexistence,0,0.0002537737693447976,29.88520832403164,6.131906486206084
0.4444444444444444,59.948425031894146,stable_coexistence,0,0.00019122990373294323,29.884621677503194,6.035718804696057
0.4444444444444444,66.40827850634845,stable_coexistence,0,0.00014269070383975818,29.884055057464906,5.9452523156284665
0.4444444444444444,73.56422544596414,stable_coexistence,0,0.00016250856907659047,29.883518424322816,5.860326849871624
0.4444444444444444,81.49127469020749,stable_coexistence,0,0.00016312269060322963,29.88301883071189,5.78075182131576
0.4444444444444444,90.27251779484578,stable_coexistence,0,0.00014565233687386286,29.88255990092623,5.706328012148019
0.4444444444444444,100.0,stable_coexistence,0,0.00011663064358737727,29.88214218315303,5.63684926414388
0.6666666666666666,0.01,oscillatory_coexistence,1,2.147425418931814,32.84855699272761,2.481427364782445
0.6666666666666666,0.011077568505097092,oscillatory_coexistence,1,1.5336103055661034,30.9426395850592,2.518650171497011
0.6666666666666666,0.012271252398511897,oscillatory_coexistence,1,1.5111567377442847,29.72498494800903,2.463503753149501
0.6666666666666666,0.013593563908785255,oscillatory_coexistence,1,1.3433279412728076,29.606387151856662,2.3317571082519986
0.6666666666666666,0.015058363542798407,oscillatory_coexistence,1,0.4309296005898827,30.036170020730594,2.2793063078548625
0.6666666666666666,0.016681005372000592,oscillatory_coexistence,1,0.37278658964884837,30.265125991222043,2.2906058289297424
0.6666666666666666,0.018478497974222907,oscillatory_coexistence,1,0.3659683047432135,30.266759330615216,2.3113953351272243
0.6666666666666666,0.02046968271807521,oscillatory_coexistence,1,0.2774982960166893,30.166212572202245,2.327596105380669
0.6666666666666666,0.02267543125870802,oscillatory_coexistence,1,0.18681989341448013,30.037714656321956,2.334579424099927
0.6666666666666666,0.025118864315095794,oscillatory_coexistence,1,0.1679725420303325,29.94081075686426,2.331967404392179
0.6666666666666666,0.027825594022071243,oscillatory_coexistence,1,0.1723925409858637,29.911119322043444,2.3237808271728992
0.6666666666666666,0.030823992397451434,oscillatory_coexistence,1,0.1308534653619415,29.942124072693648,2.316314404904226
0.6666666666666666,0.034145488738336005,oscillatory_coexistence,1,0.08890065451064688,29.99559931882751,2.313490225257681
0.6666666666666666,0.037824899063893865,oscillatory_coexistence,1,0.0711774504393339,30.03346625164745,2.3148980881008385
0.6666666666666666,0.04190079105786669,oscillatory_coexistence,1,0.06880773969794117,30.04018301134677,2.317920369997155
0.6666666666666666,0.046415888336127795,oscillatory_coexistence,1,0.0481645868465232,30.023378995936785,2.320238845923547
0.6666666666666666,0.051417518276839276,oscillatory_coexistence,1,0.038862526348238585,30.001230946056243,2.320900280363376
0.6666666666666666,0.056958108107376865,oscillatory_coexistence,1,0.026252342961594566,29.988194942452473,2.3202658295410665
0.6666666666666666,0.06309573444801933,oscillatory_coexistence,1,0.023145142361629102,29.987632974187132,2.3192928724287194
0.6666666666666666,0.06989473207273486,oscillatory_coexistence,1,0.01537592472068664,29.994114967186626,2.3187012858123888
0.6666666666666666,0.0774263682681127,oscillatory_coexistence,1,0.01218172212909734,30.000558720818876,2.318628538480943
0.6666666666666666,0.08576958985908942,oscillatory_coexistence,1,0.006771087324270487,30.003370513739732,2.3188341782381126
0.6666666666666666,0.0950118507318144,oscillatory_coexistence,1,0.005309648258228994,30.002945989222265,2.3190493972595614
0.6666666666666666,0.10525002852777332,oscillatory_coexistence,1,0.0035401232054998407,30.001333751078068,2.3191552540084666
0.6666666666666666,0.11659144011798317,oscillatory_coexistence,1,0.002554398466375009,30.00006893181022,2.3191650819028315
0.6666666666666666,0.1291549665014884,oscillatory_coexistence,1,0.0013003743978605873,29.99956487502951,2.3191355275097676
0.6666666666666666,0.14307229891937578,stable_coexistence,0,0.0007392181774583621,29.999571499458664,2.3191067097990863
0.6666666666666666,0.15848931924611134,stable_coexistence,0,0.000457718462594427,29.99974521767266,2.319091181489285
0.6666666666666666,0.17556762912750015,stable_coexistence,0,0.000313499565051741,29.999896272944216,2.319086314796385
0.6666666666666666,0.19448624389373625,stable_coexistence,0,0.0002019391730613019,29.999978933205263,2.3190864622059815
0.6666666666666666,0.21544346900318845,stable_coexistence,0,0.00010990782646804574,30.000010452045327,2.319087922156669
0.6666666666666666,0.2386589786858581,stable_coexistence,0,5.329381373159977e-05,30.000016625248715,2.3190892069659506
0.6666666666666666,0.26437611857491,stable_coexistence,0,2.3810340364822878e-05,30.000013931356563,2.3190900180279717
0.6666666666666666,0.29286445646252374,stable_coexistence,0,1.549861684269907e-05,30.000009709144557,2.319090456207668
0.6666666666666666,0.324422607917163,stable_coexistence,0,9.999163288804726e-06,30.000006280091846,2.319090672560718
0.6666666666666666,0.35938136638046275,stable_coexistence,0,6.350923829635577e-06,30.000003962011483,2.319090773501753
0.6666666666666666,0.3981071705534973,stable_coexistence,0,4.13260620346808e-06,30.000002507455303,2.319090818775678
0.6666666666666666,0.44100594541767385,stable_coexistence,0,2.899062664324203e-06,30.00000161921123,2.319090838389872
0.6666666666666666,0.4885273571519389,stable_coexistence,0,2.079757679752629e-06,30.000001077613426,2.319090846514471
0.6666666666666666,0.5411695265464638,stable_coexistence,0,1.5269534062299027e-06,30.000000742894493,2.319090849610639
0.6666666666666666,0.5994842503189411,stable_coexistence,0,1.1474400844441239e-06,30.000000531391457,2.3190908505645886
0.6666666666666666,0.6640827850634842,stable_coexistence,0,8.821411957811045e-07,30.000000394119358,2.319090850647275
0.6666666666666666,0.7356422544596414,stable_coexistence,0,6.932334689681649e-07,30.00000030243837,2.3190908504096153
0.6666666666666666,0.8149127469020745,stable_coexistence,0,5.562633380303071e-07,30.000000239425294,2.319090850084094
0.6666666666666666,0.9027251779484579,stable_coexistence,0,4.551691350974604e-07,30.00000019490506,2.319090849763539
0.6666666666666666,1.0,stable_coexistence,0,3.792662638629422e-07,30.000000162628385,2.3190908494803883
0.6666666666666666,1.1077568505097097,stable_coexistence,0,3.213992323783256e-07,30.000000138667172,2.319090849241804
0.6666666666666666,1.2271252398511903,stable_coexistence,0,2.7663287016558943e-07,30.000000120492338,2.3190908490451876
0.6666666666666666,1.3593563908785256,stable_coexistence,0,2.4151545009992926e-07,30.000000106438733,2.3190908488847186
0.6666666666666666,1.5058363542798414,stable_coexistence,0,2.1360764147301942e-07,30.00000009538281,2.319090848754165
0.6666666666666666,1.6681005372000592,stable_coexistence,0,1.9116128346550172e-07,30.000000086551072,2.31909084864789
0.6666666666666666,1.8478497974222907,stable_coexistence,0,1.729072975033457e-07,30.000000079399474,2.3190908485611037
0.6666666666666666,2.046968271807522,stable_coexistence,0,1.5791614590569352e-07,30.000000073538622,2.3190908484899517
0.6666666666666666,2.267543125870802,stable_coexistence,0,1.4549684138234954e-07,30.00000006868423,2.319090848431354
0.6666666666666666,2.5118864315095797,stable_coexistence,0,1.3512685116528403e-07,30.000000064625556,2.319090848382833
0.6666666666666666,2.782559402207126,stable_coexistence,0,1.26400947643225e-07,30.000000061203796,2.319090848342454
0.6666666666666666,3.0823992397451434,stable_coexistence,0,1.1900866568329423e-07,30.000000058297736,2.3190908483086643
0.6666666666666666,3.414548873833601,stable_coexistence,0,1.1270750510416774e-07,30.000000055813523,2.3190908482802497
0.6666666666666666,3.782489906389386,stable_coexistence,0,1.073093458097049e-07,30.00000005367764,2.3190908482562334
0.6666666666666666,4.190079105786669,stable_coexistence,0,1.0265915566547736e-07,30.00000005183158,2.3190908482358465
0.6666666666666666,4.641588833612782,stable_coexistence,0,9.863433289153699e-08,30.000000050228763,2.319090848218448
0.6666666666666666,5.141751827683928,stable_coexistence,0,9.513977181686993e-08,30.000000048831534,2.3190908482035493
0.6666666666666666,5.695810810737687,stable_coexistence,0,9.20907758661728e-08,30.000000047608935,2.319090848190748
0.6666666666666666,6.309573444801936,stable_coexistence,0,8.942461560326612e-08,30.00000004653565,2.319090848179711
0.6666666666666666,6.989473207273487,stable_coexistence,0,8.70828544542827e-08,30.000000045590575,2.319090848170164
0.6666666666666666,7.742636826811269,stable_coexistence,0,8.502432783654137e-08,30.000000044755986,2.3190908481618955
0.6666666666666666,8.576958985908945,stable_coexistence,0,8.320663896781148e-08,30.00000004401679,2.319090848154743
0.6666666666666666,9.50118507318144,stable_coexistence,0,8.160013761038647e-08,30.000000043359766,2.3190908481485963
0.6666666666666666,10.525002852777327,stable_coexistence,0,8.017702117450509e-08,30.00000004277294,2.3190908481434085
0.6666666666666666,11.659144011798324,stable_coexistence,0,7.891309307477903e-08,30.00000004224382,2.3190908481392762
0.6666666666666666,12.91549665014884,stable_coexistence,0,7.778844544334985e-08,30.000000041755108,2.319090848136674
0.6666666666666666,14.307229891937586,stable_coexistence,0,7.678526473712782e-08,30.000000041264812,2.319090848137627
0.6666666666666666,15.848931924611142,stable_coexistence,0,7.588771899828711e-08,30.000000040727986,2.3190908481443806
0.6666666666666666,17.556762912750013,stable_coexistence,0,7.508987815506427e-08,30.000000040353985,2.3190908481441954
0.6666666666666666,19.448624389373634,stable_coexistence,0,7.437624858664809e-08,30.00000004000076,2.3190908481451586
0.6666666666666666,21.544346900318846,stable_coexistence,0,7.373595200229618e-08,30.000000039627846,2.3190908481493926
0.6666666666666666,23.865897868585808,stable_coexistence,0,7.314749922195515e-08,30.000000038939046,2.319090848174027
0.6666666666666666,26.437611857491014,stable_coexistence,0,7.256225205802754e-08,30.00000003705452,2.3190908482677894
0.6666666666666666,29.286445646252375,stable_coexistence,0,4.9014994080257355e-05,29.926810277728194,5.31896614458183
0.6666666666666666,32.4422607917163,stable_coexistence,0,0.0003617185191247455,29.88582687377763,6.23797480952329
0.6666666666666666,35.938136638046295,stable_coexistence,0,0.00025705355737308923,29.885230946373415,6.1356714214742425
0.6666666666666666,39.810717055349734,stable_coexistence,0,0.0001930362052253954,29.884643673003158,6.039263252369927
0.6666666666666666,44.100594541767364,stable_coexistence,0,0.00014433517369603796,29.884076031357747,5.948582886678008
0.6666666666666666,48.852735715193916,stable_coexistence,0,0.00016224044798565017,29.88353807041602,5.863450584038273
0.6666666666666666,54.116952654646376,stable_coexistence,0,0.00016357633682289991,29.88303696828661,5.783676118651262
0.6666666666666666,59.948425031894146,stable_coexistence,0,0.0001466208638006662,29.88257647173826,5.709060567687995
0.6666666666666666,66.40827850634845,stable_coexistence,0,0.00011777370708750885,29.882157226499153,5.639398006217225
0.6666666666666666,73.56422544596414,stable_coexistence,0,9.147415327325536e-05,29.88177754725063,5.5744771061398275
0.6666666666666666,81.49127469020749,stable_coexistence,0,8.284481658972032e-05,29.881434292379424,5.514082654872806
0.6666666666666666,90.27251779484578,stable_coexistence,0,7.097366885629091e-05,29.88112363947949,5.457997011932501
0.6666666666666666,100.0,stable_coexistence,0,5.770590656290407e-05,29.880841668389696,5.406001515004456
0.8888888888888888,0.01,oscillatory_coexistence,1,3.0755770303463317,40.215021099239785,1.7660587557674714
0.8888888888888888,0.011077568505097092,oscillatory_coexistence,1,2.7804347535002436,37.550248177509594,1.8623467076271942
0.8888888888888888,0.012271252398511897,oscillatory_coexistence,1,2.4773919326058804,34.81163067125465,1.9451900504487596
0.8888888888888888,0.013593563908785255,oscillatory_coexistence,1,2.008347390678355,32.207592431420515,2.003720410526231
0.8888888888888888,0.015058363542798407,oscillatory_coexistence,1,1.6365917156930239,30.259729035595264,2.0050459896292905
0.8888888888888888,0.016681005372000592,oscillatory_coexistence,1,1.6191303838098758,29.57478701025502,1.9163430865362197
0.8888888888888888,0.018478497974222907,oscillatory_coexistence,1,0.7598310085694066,29.87816784865819,1.8373065496020444
0.8888888888888888,0.02046968271807521,oscillatory_coexistence,1,0.4616889167254934,30.243551789627265,1.8360297783269437
0.8888888888888888,0.02267543125870802,oscillatory_coexistence,1,0.454730793572466,30.343782377921098,1.8568853294426015
0.8888888888888888,0.025118864315095794,oscillatory_coexistence,1,0.37759735061757865,30.259928544792952,1.8761209205809788
0.8888888888888888,0.027825594022071243,oscillatory_coexistence,1,0.2260045837078132,30.10177692151022,1.8864722458947472
0.8888888888888888,0.030823992397451434,oscillatory_coexistence,1,0.17689661449554708,29.96712373527757,1.8865200366233599
0.8888888888888888,0.034145488738336005,oscillatory_coexistence,1,0.17006646346550883,29.91494216991713,1.8800486017376978
0.8888888888888888,0.037824899063893865,oscillatory_coexistence,1,0.1327552796014224,29.93881323702629,1.8736029364476905
0.8888888888888888,0.04190079105786669,oscillatory_coexistence,1,0.08072625309420715,29.990173805526545,1.871126333695878
0.8888888888888888,0.046415888336127795,oscillatory_coexistence,1,0.0583380159942522,30.025409152609694,1.8721100881024348
0.8888888888888888,0.051417518276839276,oscillatory_coexistence,1,0.05244635066048709,30.030541608408768,1.8741968054917837
0.8888888888888888,0.056958108107376865,oscillatory_coexistence,1,0.033652491523186355,30.01634265485804,1.8756254357332935
0.8888888888888888,0.06309573444801933,oscillatory_coexistence,1,0.024730264871290222,30.0004179233246,1.8759285251923796
0.8888888888888888,0.06989473207273486,oscillatory_coexistence,1,0.014795895131221466,29.9928602735515,1.875544701113163
0.8888888888888888,0.0774263682681127,oscillatory_coexistence,1,0.011792693757085783,29.993476636467392,1.8750854058275188
0.8888888888888888,0.08576958985908942,oscillatory_coexistence,1,0.00714472573432595,29.99727093134534,1.8748577917362346
0.8888888888888888,0.0950118507318144,oscillatory_coexistence,1,0.004975842533757961,30.000224959776737,1.8748466185345758
0.8888888888888888,0.10525002852777332,oscillatory_coexistence,1,0.002362749413255477,30.001225677570368,1.8749197289525301
0.8888888888888888,0.11659144011798317,oscillatory_coexistence,1,0.001693408881407911,30.000983971820805,1.8749828189623503
0.8888888888888888,0.1291549665014884,stable_coexistence,0,0.0009822261297741531,30.000446258779593,1.875010551948634
0.8888888888888888,0.14307229891937578,stable_coexistence,0,0.0006620335161686454,30.000080523801373,1.8750141370169298
0.8888888888888888,0.15848931924611134,stable_coexistence,0,0.00033450455454821026,29.999938191472733,1.8750092602072455
0.8888888888888888,0.17556762912750015,stable_coexistence,0,0.0001354152739569632,29.999921991531515,1.8750043131856289
0.8888888888888888,0.19448624389373625,stable_coexistence,0,8.716708651572659e-05,29.99994607913473,1.875001438736403
0.8888888888888888,0.21544346900318845,stable_coexistence,0,4.8750936198796925e-05,29.999970799123023,1.8750002126651306
0.8888888888888888,0.2386589786858581,stable_coexistence,0,2.9885597361756973e-05,29.999986450916587,1.8749998342849115
0.8888888888888888,0.26437611857491,stable_coexistence,0,1.907070316908241e-05,29.999994467472046,1.8749997854089633
0.8888888888888888,0.29286445646252374,stable_coexistence,0,1.1425384283683862e-05,29.999998059737454,1.8749998291305179
0.8888888888888888,0.324422607917163,stable_coexistence,0,6.678559679554647e-06,29.99999950639552,1.8749998816118307
0.8888888888888888,0.35938136638046275,stable_coexistence,0,3.921864903603142e-06,30.0000000234431,1.8749999217345468
0.8888888888888888,0.3981071705534973,stable_coexistence,0,2.3574792657779688e-06,30.00000017191632,1.8749999485966946
0.8888888888888888,0.44100594541767385,stable_coexistence,0,1.46739274556194e-06,30.00000018770115,1.8749999657578367
0.8888888888888888,0.4885273571519389,stable_coexistence,0,9.515969656514667e-07,30.000000163000017,1.8749999766156802
0.8888888888888888,0.5411695265464638,stable_coexistence,0,6.443310163013656e-07,30.00000013111046,1.8749999835485585
0.8888888888888888,0.5994842503189411,stable_coexistence,0,4.5525721987568403e-07,30.000000102572614,1.8749999880600077
0.8888888888888888,0.6640827850634842,stable_coexistence,0,3.348639390652332e-07,30.000000079690025,1.8749999910662216
0.8888888888888888,0.7356422544596414,stable_coexistence,0,2.555539752001679e-07,30.000000062093534,1.8749999931210664
0.8888888888888888,0.8149127469020745,stable_coexistence,0,2.0158784759794665e-07,30.000000048755844,1.8749999945617744
0.8888888888888888,0.9027251779484579,stable_coexistence,0,1.6373831715295866e-07,30.00000003866211,1.874999995596833
0.8888888888888888,1.0,stable_coexistence,0,1.3644858301730631e-07,30.00000003098537,1.8749999963575688
0.8888888888888888,1.1077568505097097,stable_coexistence,0,1.1627470425643951e-07,30.000000025097705,1.8749999969285094
0.8888888888888888,1.2271252398511903,stable_coexistence,0,1.010228086566211e-07,30.000000020536927,1.8749999973652474
0.8888888888888888,1.3593563908785256,stable_coexistence,0,8.926045426630315e-08,30.000000016967142,1.874999997705109
0.8888888888888888,1.5058363542798414,stable_coexistence,0,8.002640490206858e-08,30.000000014143193,1.8749999979737018
0.8888888888888888,1.6681005372000592,stable_coexistence,0,7.266260041150183e-08,30.000000011886186,1.8749999981889218
0.8888888888888888,1.8478497974222907,stable_coexistence,0,6.670823725242069e-08,30.000000010064554,1.8749999983635255
0.8888888888888888,2.046968271807522,stable_coexistence,0,6.183415981916284e-08,30.00000000858068,1.8749999985067505
0.8888888888888888,2.267543125870802,stable_coexistence,0,5.780133644372042e-08,30.000000007361574,1.874999998625403
0.8888888888888888,2.5118864315095797,stable_coexistence,0,5.4432184259511274e-08,30.0000000063518,1.8749999987245642
0.8888888888888888,2.782559402207126,stable_coexistence,0,5.1593467858878323e-08,30.000000005509285,1.8749999988080925
0.8888888888888888,3.0823992397451434,stable_coexistence,0,4.918424090920899e-08,30.00000000480154,1.8749999988789567
0.8888888888888888,3.414548873833601,stable_coexistence,0,4.712540188528728e-08,30.000000004203194,1.8749999989394472
0.8888888888888888,3.782489906389386,stable_coexistence,0,4.53560935124192e-08,30.000000003694336,1.874999998991384
0.8888888888888888,4.190079105786669,stable_coexistence,0,4.38274379111419e-08,30.000000003259345,1.8749999990361927
0.8888888888888888,4.641588833612782,stable_coexistence,0,4.250056910439538e-08,30.000000002885646,1.8749999990750297
0.8888888888888888,5.141751827683928,stable_coexistence,0,4.134411603830899e-08,30.00000000256326,1.8749999991088302
0.8888888888888888,5.695810810737687,stable_coexistence,0,4.033246542363991e-08,30.000000002283933,1.8749999991383575
0.8888888888888888,6.309573444801936,stable_coexistence,0,3.94445118911025e-08,30.000000002041126,1.8749999991642323
0.8888888888888888,6.989473207273487,stable_coexistence,0,3.866271296953179e-08,30.000000001829328,1.8749999991869783
0.8888888888888888,7.742636826811269,stable_coexistence,0,3.797232442347665e-08,30.000000001644146,1.8749999992070203
0.8888888888888888,8.576958985908945,stable_coexistence,0,3.7361123023110006e-08,30.00000000148197,1.8749999992247282
0.8888888888888888,9.50118507318144,stable_coexistence,0,3.681788053528063e-08,30.00000000133983,1.8749999992404067
0.8888888888888888,10.525002852777327,stable_coexistence,0,3.6332697323327416e-08,30.000000001215742,1.8749999992543154
0.8888888888888888,11.659144011798324,stable_coexistence,0,3.589519200261265e-08,30.000000001108745,1.8749999992666853
0.8888888888888888,12.91549665014884,stable_coexistence,0,3.549031302794025e-08,30.000000001020943,1.87499999927772
0.8888888888888888,14.307229891937586,stable_coexistence,0,3.5077316220894233e-08,30.00000000096668,1.8749999992876474
0.8888888888888888,15.848931924611142,stable_coexistence,0,3.4593514540705595e-08,30.000000000970974,1.87499999929671
0.8888888888888888,17.556762912750013,stable_coexistence,0,3.428306160334241e-08,30.000000000919844,1.8749999993045647
0.8888888888888888,19.448624389373634,stable_coexistence,0,3.399123056998268e-08,30.00000000088084,1.87499999931161
0.8888888888888888,21.544346900318846,stable_coexistence,0,3.368024910720215e-08,30.00000000086871,1.8749999993180004
0.8888888888888888,23.865897868585808,stable_coexistence,0,3.3054506449369986e-08,30.000000001014683,1.8749999993243958
0.8888888888888888,26.437611857491014,stable_coexistence,0,3.115195591676127e-08,30.000000001727454,1.874999999333866
0.8888888888888888,29.286445646252375,stable_coexistence,0,1.1937573103061074e-05,29.930653486037702,4.859305275036535
0.8888888888888888,32.4422607917163,stable_coexistence,0,0.00015283040746430314,29.88418123074687,5.965279838353089
0.8888888888888888,35.938136638046295,stable_coexistence,0,0.00015966557037306182,29.88363698513828,5.8791139093186775
0.8888888888888888,39.810717055349734,stable_coexistence,0,0.0001649647172580675,29.883128518522902,5.798342466244322
0.8888888888888888,44.100594541767364,stable_coexistence,0,0.0001509876727358537,29.882660218073944,5.722768095367308
0.8888888888888888,48.852735715193916,stable_coexistence,0,0.00012365747273735843,29.882233260420307,5.652186068755666
0.8888888888888888,54.116952654646376,stable_coexistence,0,9.587853709599285e-05,29.881846329343958,5.5863859603502
0.8888888888888888,59.948425031894146,stable_coexistence,0,8.445051676085041e-05,29.881496490837534,5.525153178203916
0.8888888888888888,66.40827850634845,stable_coexistence,0,7.360510892976142e-05,29.88117999768884,5.468270431530435
0.8888888888888888,73.56422544596414,stable_coexistence,0,5.9969190113014796e-05,29.88089291196312,5.415519145794822
0.8888888888888888,81.49127469020749,stable_coexistence,0,6.492976646279948e-05,29.88063151761947,5.366680829564425
0.8888888888888888,90.27251779484578,stable_coexistence,0,7.180278866306178e-05,29.88039254542125,5.321538387431819
0.8888888888888888,100.0,stable_coexistence,0,7.40620001299665e-05,29.88017325471016,5.279877366366052
1.1111111111111112,0.01,oscillatory_coexistence,1,3.8212116609287365,46.90993002266146,1.2970999595809056
1.1111111111111112,0.011077568505097092,oscillatory_coexistence,1,3.3817027181298993,43.913808003006835,1.3942928009377107
1.1111111111111112,0.012271252398511897,oscillatory_coexistence,1,3.0149028495147197,40.78358370130928,1.4857503737687874
1.1111111111111112,0.013593563908785255,oscillatory_coexistence,1,2.6954920880553925,37.556481722318715,1.5681244153049139
1.1111111111111112,0.015058363542798407,oscillatory_coexistence,1,2.3514328989098368,34.38045598764269,1.636741630509315
1.1111111111111112,0.016681005372000592,oscillatory_coexistence,1,1.8313505097493812,31.606758913799894,1.6795419662437279
1.1111111111111112,0.018478497974222907,oscillatory_coexistence,1,1.5876876015057744,29.92233488227697,1.6615403754954412
1.1111111111111112,0.02046968271807521,oscillatory_coexistence,1,1.4712530654755642,29.639151706816612,1.579784141059377
1.1111111111111112,0.02267543125870802,oscillatory_coexistence,1,0.4928064289140506,30.020772552122686,1.5402005669519032
1.1111111111111112,0.025118864315095794,oscillatory_coexistence,1,0.4728527800531638,30.299767284623172,1.5500480132824974
1.1111111111111112,0.027825594022071243,oscillatory_coexistence,1,0.439929969337118,30.32710817096919,1.569167025812363
1.1111111111111112,0.030823992397451434,oscillatory_coexistence,1,0.315777573445278,30.196138205417995,1.583277487994746
1.1111111111111112,0.034145488738336005,oscillatory_coexistence,1,0.1939479792010157,30.03301339875262,1.5880796060368865
1.1111111111111112,0.037824899063893865,oscillatory_coexistence,1,0.15680141504478845,29.93678572562121,1.584946592402878
1.1111111111111112,0.04190079105786669,oscillatory_coexistence,1,0.13810516166560827,29.930355800810013,1.5793739346786988
1.1111111111111112,0.046415888336127795,oscillatory_coexistence,1,0.07635897097299367,29.971887033804023,1.576152222414368
1.1111111111111112,0.051417518276839276,oscillatory_coexistence,1,0.052662919759244024,30.01062550110166,1.5760448082583653
1.1111111111111112,0.056958108107376865,oscillatory_coexistence,1,0.04091776272641988,30.023615932213684,1.5773653738252367
1.1111111111111112,0.06309573444801933,oscillatory_coexistence,1,0.029592264784965832,30.016143347904663,1.578513105391673
1.1111111111111112,0.06989473207273486,oscillatory_coexistence,1,0.018458450292521356,30.003772121796747,1.5789152441668224
1.1111111111111112,0.0774263682681127,oscillatory_coexistence,1,0.010444417361834787,29.99662750799713,1.5787849744721687
1.1111111111111112,0.08576958985908942,oscillatory_coexistence,1,0.007347131544126638,29.99574623068221,1.5785301940527274
1.1111111111111112,0.0950118507318144,oscillatory_coexistence,1,0.004363214594173332,29.997721974561387,1.5783774185484902
1.1111111111111112,0.10525002852777332,oscillatory_coexistence,1,0.00287376456954391,29.99959284231583,1.5783439154343808
1.1111111111111112,0.11659144011798317,oscillatory_coexistence,1,0.0014318677072615081,30.00040427736866,1.5783656510501534
1.1111111111111112,0.1291549665014884,stable_coexistence,0,0.0007568045545615411,30.0004581833048,1.5783920981267567
1.1111111111111112,0.14307229891937578,stable_coexistence,0,0.00045179012160464165,30.000265044814824,1.5784065283170907
1.1111111111111112,0.15848931924611134,stable_coexistence,0,0.0002622020029865315,30.000098296310554,1.5784109240688053
1.1111111111111112,0.17556762912750015,stable_coexistence,0,0.00015318666909516806,30.0000150723691,1.5784108649892115
1.1111111111111112,0.19448624389373625,stable_coexistence,0,7.255186755399257e-05,29.99998842451182,1.5784097986035468
1.1111111111111112,0.21544346900318845,stable_coexistence,0,2.949618852656629e-05,29.999985925455007,1.5784089440110824
1.1111111111111112,0.2386589786858581,stable_coexistence,0,1.558822311557205e-05,29.99998987267362,1.5784084641562723
1.1111111111111112,0.26437611857491,stable_coexistence,0,9.402834826009056e-06,29.99999384884741,1.5784082374261286
1.1111111111111112,0.29286445646252374,stable_coexistence,0,5.3865886551823106e-06,29.999996508765808,1.5784081411560127
1.1111111111111112,0.324422607917163,stable_coexistence,0,3.0555871798716716e-06,29.99999805186822,1.5784081033453192
1.1111111111111112,0.35938136638046275,stable_coexistence,0,1.91384659301169e-06,29.99999889758289,1.5784080895514092
1.1111111111111112,0.3981071705534973,stable_coexistence,0,1.2682962674600828e-06,29.999999354705178,1.5784080850238342
1.1111111111111112,0.44100594541767385,stable_coexistence,0,8.572808074559807e-07,29.999999604667583,1.5784080838643204
1.1111111111111112,0.4885273571519389,stable_coexistence,0,5.904253051339299e-07,29.999999745119084,1.5784080838281576
1.1111111111111112,0.5411695265464638,stable_coexistence,0,4.169723862558548e-07,29.99999982694837,1.5784080841010837
1.1111111111111112,0.5994842503189411,stable_coexistence,0,3.0275684448547644e-07,29.999999876596767,1.5784080844080264
1.1111111111111112,0.6640827850634842,stable_coexistence,0,2.2607261542552682e-07,29.99999990799671,1.5784080846693664
1.1111111111111112,0.7356422544596414,stable_coexistence,0,1.734241581727164e-07,29.999999928670587,1.5784080848722943
1.1111111111111112,0.8149127469020745,stable_coexistence,0,1.3643282689634765e-07,29.999999942801725,1.5784080850241153
1.1111111111111112,0.9027251779484579,stable_coexistence,0,1.0984548434809479e-07,29.999999952794955,1.5784080851360374
1.1111111111111112,1.0,stable_coexistence,0,9.031930557707374e-08,29.99999996007951,1.5784080852182292
1.1111111111111112,1.1077568505097097,stable_coexistence,0,7.568783854290184e-08,29.999999965532876,1.5784080852786624
1.1111111111111112,1.2271252398511903,stable_coexistence,0,6.45195433139227e-08,29.999999969711602,1.578408085323295
1.1111111111111112,1.3593563908785256,stable_coexistence,0,5.584997772994146e-08,29.999999972979147,1.5784080853564204
1.1111111111111112,1.5058363542798414,stable_coexistence,0,4.901670480906415e-08,29.999999975579215,1.5784080853811546
1.1111111111111112,1.6681005372000592,stable_coexistence,0,4.355623681268669e-08,29.999999977679906,1.5784080853997187
1.1111111111111112,1.8478497974222907,stable_coexistence,0,3.9138505796518134e-08,29.9999999793996,1.578408085413732
1.1111111111111112,2.046968271807522,stable_coexistence,0,3.552449122325986e-08,29.999999980823656,1.5784080854243563
1.1111111111111112,2.267543125870802,stable_coexistence,0,3.253836443717781e-08,29.99999998201456,1.5784080854324476
1.1111111111111112,2.5118864315095797,stable_coexistence,0,3.004886699685297e-08,29.9999999830192,1.5784080854386269
1.1111111111111112,2.782559402207126,stable_coexistence,0,2.7956813886346254e-08,29.999999983873252,1.5784080854433613
1.1111111111111112,3.0823992397451434,stable_coexistence,0,2.6186004844613234e-08,29.999999984604045,1.5784080854470017
1.1111111111111112,3.414548873833601,stable_coexistence,0,2.4677450376791497e-08,29.999999985233025,1.5784080854497975
1.1111111111111112,3.782489906389386,stable_coexistence,0,2.3384865492158956e-08,29.99999998577722,1.5784080854519482
1.1111111111111112,4.190079105786669,stable_coexistence,0,2.227156107965746e-08,29.999999986250174,1.578408085453604
1.1111111111111112,4.641588833612782,stable_coexistence,0,2.131020812612407e-08,29.999999986662843,1.5784080854548819
1.1111111111111112,5.141751827683928,stable_coexistence,0,2.047825826835417e-08,29.999999987024268,1.5784080854558544
1.1111111111111112,5.695810810737687,stable_coexistence,0,1.9755061713338627e-08,29.999999987341756,1.5784080854565987
1.1111111111111112,6.309573444801936,stable_coexistence,0,1.9124109947984986e-08,29.999999987621496,1.57840808545716
1.1111111111111112,6.989473207273487,stable_coexistence,0,1.8571800223722433e-08,29.999999987868605,1.578408085457585
1.1111111111111112,7.742636826811269,stable_coexistence,0,1.8086834555770168e-08,29.999999988087414,1.5784080854578981
1.1111111111111112,8.576958985908945,stable_coexistence,0,1.7660098812447995e-08,29.999999988281644,1.5784080854581166
1.1111111111111112,9.50118507318144,stable_coexistence,0,1.728350595160168e-08,29.999999988454576,1.5784080854582616
1.1111111111111112,10.525002852777327,stable_coexistence,0,1.6950220670531087e-08,29.999999988609133,1.5784080854583296
1.1111111111111112,11.659144011798324,stable_coexistence,0,1.6654973347455354e-08,29.999999988748243,1.578408085458298
1.1111111111111112,12.91549665014884,stable_coexistence,0,1.6392458715032755e-08,29.999999988875963,1.5784080854580766
1.1111111111111112,14.307229891937586,stable_coexistence,0,1.615824274973634e-08,29.99999998900323,1.5784080854572298
1.1111111111111112,15.848931924611142,stable_coexistence,0,1.594700952607467e-08,29.999999989151764,1.5784080854547955
1.1111111111111112,17.556762912750013,stable_coexistence,0,1.5761300655453164e-08,29.999999989248114,1.57840808545435
1.1111111111111112,19.448624389373634,stable_coexistence,0,1.5595201698536355e-08,29.999999989337415,1.5784080854537974
1.1111111111111112,21.544346900318846,stable_coexistence,0,1.544587747137854e-08,29.999999989429266,1.5784080854527252
1.1111111111111112,23.865897868585808,stable_coexistence,0,1.5305262366495434e-08,29.999999989602376,1.5784080854474292
1.1111111111111112,26.437611857491014,stable_coexistence,0,1.5146012686057038e-08,29.999999990144513,1.5784080854249047
1.1111111111111112,29.286445646252375,stable_coexistence,0,1.0092731076792609e-05,29.93400155219058,4.524807550012532
1.1111111111111112,32.4422607917163,stable_coexistence,0,0.00016376299082369105,29.883040920984715,5.784324695442585
1.1111111111111112,35.938136638046295,stable_coexistence,0,0.0001468706657594082,29.88258007987863,5.709666648335615
1.1111111111111112,39.810717055349734,stable_coexistence,0,0.00011802914833251288,29.882160508585315,5.639963343766281
1.1111111111111112,44.100594541767364,stable_coexistence,0,9.166553011169625e-05,29.881780531493476,5.575003492675839
1.1111111111111112,48.852735715193916,stable_coexistence,0,8.295184042437846e-05,29.88143701067915,5.51457190932683
1.1111111111111112,54.116952654646376,stable_coexistence,0,7.109656674393578e-05,29.881126123121525,5.45845096818128
1.1111111111111112,59.948425031894146,stable_coexistence,0,5.7804442661234535e-05,29.880843945481647,5.406422010256736
1.1111111111111112,66.40827850634845,stable_coexistence,0,6.655392028502932e-05,29.880586830144225,5.358266700879555
1.1111111111111112,73.56422544596414,stable_coexistence,0,7.256640025517408e-05,29.88035160056494,5.3137683316670214
1.1111111111111112,81.49127469020749,stable_coexistence,0,7.403581885736872e-05,29.880135612333902,5.272713053177198
1.1111111111111112,90.27251779484578,stable_coexistence,0,7.15931055374028e-05,29.87993672772479,5.234891021573305
1.1111111111111112,100.0,stable_coexistence,0,6.608576652952391e-05,29.87975324391587,5.200097442573558
1.3333333333333333,0.01,low_density_risk,4,4.618910881895742,53.041181448424645,0.9768239725877944
1.3333333333333333,0.011077568505097092,low_density_risk,4,3.964781998582429,49.62502647645042,1.0773059872840394
1.3333333333333333,0.012271252398511897,oscillatory_coexistence,1,3.4756216442429384,46.17346106240437,1.1632610234823764
1.3333333333333333,0.013593563908785255,oscillatory_coexistence,1,3.068031779477573,42.63195392823475,1.2468021848409292
1.3333333333333333,0.015058363542798407,oscillatory_coexistence,1,2.724308981892597,39.00997436846859,1.3238122277151998
1.3333333333333333,0.016681005372000592,oscillatory_coexistence,1,2.3948130331282083,35.467475509826215,1.3888930452785972
1.3333333333333333,0.018478497974222907,oscillatory_coexistence,1,1.9523969799925385,32.31878273946474,1.4363526956704975
1.3333333333333333,0.02046968271807521,oscillatory_coexistence,1,1.531689263461158,30.221398540331343,1.4409774109792215
1.3333333333333333,0.02267543125870802,oscillatory_coexistence,1,1.4713224831902076,29.626620607072084,1.3823663044905856
1.3333333333333333,0.025118864315095794,oscillatory_coexistence,1,0.6899536649376158,29.91358929425276,1.3359684263165732
1.3333333333333333,0.027825594022071243,oscillatory_coexistence,1,0.4641238848972827,30.23594723799714,1.3380812454823587
1.3333333333333333,0.030823992397451434,oscillatory_coexistence,1,0.4291333378677936,30.31689117282894,1.3540866599319068
1.3333333333333333,0.034145488738336005,oscillatory_coexistence,1,0.3220572185434563,30.209403013986048,1.3672314750004722
1.3333333333333333,0.037824899063893865,oscillatory_coexistence,1,0.18548890892383627,30.048697232268204,1.3724050855994345
1.3333333333333333,0.04190079105786669,oscillatory_coexistence,1,0.13860009370038948,29.9488597686994,1.3704484513481847
1.3333333333333333,0.046415888336127795,oscillatory_coexistence,1,0.12039340583472674,29.937678571864787,1.366129735734142
1.3333333333333333,0.051417518276839276,oscillatory_coexistence,1,0.06681773329878836,29.9733216188578,1.3635681528707737
1.3333333333333333,0.056958108107376865,oscillatory_coexistence,1,0.04320336188241373,30.006807655141362,1.3634090679527358
1.3333333333333333,0.06309573444801933,oscillatory_coexistence,1,0.030786955374633954,30.017756403649166,1.3643139133489348
1.3333333333333333,0.06989473207273486,oscillatory_coexistence,1,0.021591748504928607,30.01196900084248,1.365081831143243
1.3333333333333333,0.0774263682681127,oscillatory_coexistence,1,0.012698358475912058,30.002854975780963,1.3653390708803095
1.3333333333333333,0.08576958985908942,oscillatory_coexistence,1,0.006838965768648128,29.997937473196803,1.365263212267126
1.3333333333333333,0.0950118507318144,oscillatory_coexistence,1,0.004387303995482326,29.9973946178734,1.3651208973913123
1.3333333333333333,0.10525002852777332,oscillatory_coexistence,1,0.002539162691331033,29.998611027623433,1.365039140144185
1.3333333333333333,0.11659144011798317,oscillatory_coexistence,1,0.0015470347157863253,29.999693066255674,1.3650203045043157
1.3333333333333333,0.1291549665014884,stable_coexistence,0,0.000761925381382796,30.000152278012568,1.365028675645721
1.3333333333333333,0.14307229891937578,stable_coexistence,0,0.00033688274013531674,30.000204684756916,1.3650396879966908
1.3333333333333333,0.15848931924611134,stable_coexistence,0,0.00020598964560219124,30.000127745778293,1.3650459195053017
1.3333333333333333,0.17556762912750015,stable_coexistence,0,0.00010285250823802718,30.000056005431706,1.3650481467879596
1.3333333333333333,0.19448624389373625,stable_coexistence,0,6.336978383244502e-05,30.000017383469782,1.365048517359593
1.3333333333333333,0.21544346900318845,stable_coexistence,0,3.3026304799113193e-05,30.000002206190267,1.3650483445010217
1.3333333333333333,0.2386589786858581,stable_coexistence,0,1.553693765385243e-05,29.99999799367234,1.3650481286544274
1.3333333333333333,0.26437611857491,stable_coexistence,0,6.936891856415777e-06,29.999997635992944,1.365047983544632
1.3333333333333333,0.29286445646252374,stable_coexistence,0,3.0508420314541822e-06,29.999998214184284,1.3650479025730464
1.3333333333333333,0.324422607917163,stable_coexistence,0,1.7580758859414003e-06,29.9999988107975,1.3650478606625964
1.3333333333333333,0.35938136638046275,stable_coexistence,0,1.1059542887494648e-06,29.999999237738283,1.3650478394422232
1.3333333333333333,0.3981071705534973,stable_coexistence,0,7.043635928475445e-07,29.999999511253396,1.365047828593196
1.3333333333333333,0.44100594541767385,stable_coexistence,0,4.580861104618413e-07,29.999999680478883,1.3650478228790217
1.3333333333333333,0.4885273571519389,stable_coexistence,0,3.0670541639585134e-07,29.999999785036202,1.3650478197405973
1.3333333333333333,0.5411695265464638,stable_coexistence,0,2.1208701127655628e-07,29.999999850636197,1.3650478179320022
1.3333333333333333,0.5994842503189411,stable_coexistence,0,1.5151342287506422e-07,29.999999892776312,1.3650478168366635
1.3333333333333333,0.6640827850634842,stable_coexistence,0,1.1167105306799565e-07,29.999999920591446,1.3650478161406088
1.3333333333333333,0.7356422544596414,stable_coexistence,0,8.472724867783847e-08,29.999999939470896,1.365047815678157
1.3333333333333333,0.8149127469020745,stable_coexistence,0,6.600724166181934e-08,29.99999995263863,1.3650478153583907
1.3333333333333333,0.9027251779484579,stable_coexistence,0,5.2665283619254925e-08,29.999999962060567,1.3650478151294028
1.3333333333333333,1.0,stable_coexistence,0,4.292920445649658e-08,29.999999968963163,1.3650478149603744
1.3333333333333333,1.1077568505097097,stable_coexistence,0,3.5669755779984975e-08,29.99999997412981,1.3650478148322915
1.3333333333333333,1.2271252398511903,stable_coexistence,0,3.015024965435223e-08,29.999999978072587,1.3650478147330514
1.3333333333333333,1.3593563908785256,stable_coexistence,0,2.587926620400176e-08,29.99999998113407,1.3650478146546738
1.3333333333333333,1.5058363542798414,stable_coexistence,0,2.252192818534364e-08,29.999999983548385,1.3650478145917357
1.3333333333333333,1.6681005372000592,stable_coexistence,0,1.9845206728539887e-08,29.999999985479157,1.3650478145404876
1.3333333333333333,1.8478497974222907,stable_coexistence,0,1.7684052018912235e-08,29.99999998704231,1.3650478144982494
1.3333333333333333,2.046968271807522,stable_coexistence,0,1.59193103112153e-08,29.99999998832189,1.3650478144630633
1.3333333333333333,2.267543125870802,stable_coexistence,0,1.4464226042542768e-08,29.999999989379866,1.3650478144334905
1.3333333333333333,2.5118864315095797,stable_coexistence,0,1.3261343076624184e-08,29.999999990262136,1.3650478144084277
1.3333333333333333,2.782559402207126,stable_coexistence,0,1.2260674823770681e-08,29.99999999100387,1.3650478143870486
1.3333333333333333,3.0823992397451434,stable_coexistence,0,1.1421937622300438e-08,29.9999999916319,1.3650478143686977
1.3333333333333333,3.414548873833601,stable_coexistence,0,1.0713669097806982e-08,29.99999999216706,1.3650478143528584
1.3333333333333333,3.782489906389386,stable_coexistence,0,1.0111789071725352e-08,29.99999999262557,1.365047814339121
1.3333333333333333,4.190079105786669,stable_coexistence,0,9.597402128733656e-09,29.999999993020477,1.365047814327156
1.3333333333333333,4.641588833612782,stable_coexistence,0,9.15543270025789e-09,29.999999993362184,1.3650478143166969
1.3333333333333333,5.141751827683928,stable_coexistence,0,8.77379254836874e-09,29.999999993659074,1.3650478143075284
1.3333333333333333,5.695810810737687,stable_coexistence,0,8.442967923681393e-09,29.999999993917992,1.3650478142994633
1.3333333333333333,6.309573444801936,stable_coexistence,0,8.1548768483511e-09,29.999999994144613,1.3650478142923494
1.3333333333333333,6.989473207273487,stable_coexistence,0,7.903379068786563e-09,29.999999994343465,1.3650478142860594
1.3333333333333333,7.742636826811269,stable_coexistence,0,7.682934725483452e-09,29.999999994518515,1.3650478142804867
1.3333333333333333,8.576958985908945,stable_coexistence,0,7.502302306653682e-09,29.99999999467286,1.3650478142755378
1.3333333333333333,9.50118507318144,stable_coexistence,0,7.451597384867985e-09,29.999999994809368,1.3650478142711313
1.3333333333333333,10.525002852777327,stable_coexistence,0,7.405430936388253e-09,29.999999994930228,1.3650478142671967
1.3333333333333333,11.659144011798324,stable_coexistence,0,7.3623045450077395e-09,29.99999999503726,1.3650478142636664
1.3333333333333333,12.91549665014884,stable_coexistence,0,7.319018636786379e-09,29.99999999513179,1.3650478142604496
1.3333333333333333,14.307229891937586,stable_coexistence,0,7.262536410453922e-09,29.999999995213695,1.3650478142573328
1.3333333333333333,15.848931924611142,stable_coexistence,0,7.157986086467635e-09,29.999999995279754,1.365047814253808
1.3333333333333333,17.556762912750013,stable_coexistence,0,7.119982708223892e-09,29.999999995345632,1.365047814251423
1.3333333333333333,19.448624389373634,stable_coexistence,0,7.082305113826478e-09,29.99999999540403,1.3650478142492415
1.3333333333333333,21.544346900318846,stable_coexistence,0,7.033245098497701e-09,29.999999995454186,1.3650478142470772
1.3333333333333333,23.865897868585808,stable_coexistence,0,6.8650996601519696e-09,29.999999995483105,1.365047814243438
1.3333333333333333,26.437611857491014,stable_coexistence,0,6.3507645135032366e-09,29.99999999545042,1.3650478142322875
1.3333333333333333,29.286445646252375,stable_coexistence,0,4.698547217942671e-06,29.936936994047457,4.265340133703528
1.3333333333333333,32.4422607917163,stable_coexistence,0,0.00012486152311723725,29.882248663430424,5.654775796962966
1.3333333333333333,35.938136638046295,stable_coexistence,0,9.67925483681315e-05,29.88186027476273,5.58879812741569
1.3333333333333333,39.810717055349734,stable_coexistence,0,8.47661183970403e-05,29.88150911140553,5.527395984319119
1.3333333333333333,44.100594541767364,stable_coexistence,0,7.412079695597435e-05,29.881191441554233,5.470352153475428
1.3333333333333333,48.852735715193916,stable_coexistence,0,6.0436589849249565e-05,29.880903323928248,5.4174480841345725
1.3333333333333333,54.116952654646376,stable_coexistence,0,6.463166138039947e-05,29.880641028034553,5.36846525766939
1.3333333333333333,59.948425031894146,stable_coexistence,0,7.167575221411238e-05,29.8804012652518,5.32318650271366
1.3333333333333333,66.40827850634845,stable_coexistence,0,7.409049454794152e-05,29.880181274909717,5.281397244316944
1.3333333333333333,73.56422544596414,stable_coexistence,0,7.242903725235395e-05,29.879978813881042,5.24288667085842
1.3333333333333333,81.49127469020749,stable_coexistence,0,6.750962430503041e-05,29.879792091963672,5.207448801780249
1.3333333333333333,90.27251779484578,stable_coexistence,0,6.0222340087751865e-05,29.879619684803508,5.1748834409943
1.3333333333333333,100.0,stable_coexistence,0,5.2681264693499364e-05,29.879460445278283,5.144997004260554
1.5555555555555554,0.01,low_density_risk,4,5.691905679737809,58.62415001101453,0.7241716834488544
1.5555555555555554,0.011077568505097092,low_density_risk,4,4.5997845197800755,54.933798787967824,0.8453593216927664
1.5555555555555554,0.012271252398511897,low_density_risk,4,3.9196337013520903,51.04501659107894,0.9359367322909867
1.5555555555555554,0.013593563908785255,oscillatory_coexistence,1,3.421065610645785,47.19383991169441,1.0118536172795598
1.5555555555555554,0.015058363542798407,oscillatory_coexistence,1,3.001878260450454,43.29687839788124,1.0879943373912075
1.5555555555555554,0.016681005372000592,oscillatory_coexistence,1,2.6529206241138614,39.363390739087365,1.1580526474475281
1.5555555555555554,0.018478497974222907,oscillatory_coexistence,1,2.3241545231209106,35.589165370204746,1.21670646898857
1.5555555555555554,0.02046968271807521,oscillatory_coexistence,1,1.9564359492479664,32.307834404992185,1.2602064619588706
1.5555555555555554,0.02267543125870802,oscillatory_coexistence,1,1.4501031978403016,30.201139190703824,1.2658145683578437
1.5555555555555554,0.025118864315095794,oscillatory_coexistence,1,1.3789295278699383,29.64050773855791,1.2170963561967065
1.5555555555555554,0.027825594022071243,oscillatory_coexistence,1,0.6501784516164216,29.91522039604038,1.1795633036704922
1.5555555555555554,0.030823992397451434,oscillatory_coexistence,1,0.43797114621409944,30.218399265094533,1.1817562897847944
1.5555555555555554,0.034145488738336005,oscillatory_coexistence,1,0.39750217924903425,30.288910145513004,1.1953237259877265
1.5555555555555554,0.037824899063893865,oscillatory_coexistence,1,0.2836960651202938,30.178072466818044,1.2059420845563782
1.5555555555555554,0.04190079105786669,oscillatory_coexistence,1,0.1621735533800232,30.028785120154136,1.2094669535996359
1.5555555555555554,0.046415888336127795,oscillatory_coexistence,1,0.11852277575170939,29.948948631164622,1.2073866478108792
1.5555555555555554,0.051417518276839276,oscillatory_coexistence,1,0.09694736258574932,29.94939761686662,1.204086465333063
1.5555555555555554,0.056958108107376865,oscillatory_coexistence,1,0.04833862881790573,29.98294970396713,1.2024877061673334
1.5555555555555554,0.06309573444801933,oscillatory_coexistence,1,0.030857827812841968,30.008126121916458,1.2025971079340856
1.5555555555555554,0.06989473207273486,oscillatory_coexistence,1,0.022586319574488353,30.01343638100645,1.2032686439436358
1.5555555555555554,0.0774263682681127,oscillatory_coexistence,1,0.013966888598950527,30.00752634304441,1.2037262910943365
1.5555555555555554,0.08576958985908942,oscillatory_coexistence,1,0.008232912353549525,30.001132869319402,1.203835432674325
1.5555555555555554,0.0950118507318144,oscillatory_coexistence,1,0.003827932040527136,29.99841454523661,1.2037693845405508
1.5555555555555554,0.10525002852777332,oscillatory_coexistence,1,0.0025629743601280146,29.998446485659432,1.2036898444722313
1.5555555555555554,0.11659144011798317,oscillatory_coexistence,1,0.00133521677249834,29.999269244100542,1.2036514585869849
1.5555555555555554,0.1291549665014884,stable_coexistence,0,0.0008019353652238221,29.99985739466993,1.2036446089981214
1.5555555555555554,0.14307229891937578,stable_coexistence,0,0.0003684320703358265,30.000075035633035,1.2036489669247439
1.5555555555555554,0.15848931924611134,stable_coexistence,0,0.00015169262650002705,30.0000937895487,1.2036536893055143
1.5555555555555554,0.17556762912750015,stable_coexistence,0,9.111163224181652e-05,30.000058407589997,1.2036562380267422
1.5555555555555554,0.19448624389373625,stable_coexistence,0,4.486977653872793e-05,30.0000273755351,1.203657188275846
1.5555555555555554,0.21544346900318845,stable_coexistence,0,2.573441158914702e-05,30.00001049886061,1.2036574162656093
1.5555555555555554,0.2386589786858581,stable_coexistence,0,1.4230132087867385e-05,30.000003248178533,1.2036574128030002
1.5555555555555554,0.26437611857491,stable_coexistence,0,7.333401823971679e-06,30.000000638334658,1.2036573661031709
1.5555555555555554,0.29286445646252374,stable_coexistence,0,3.706573884094265e-06,29.99999987055328,1.2036573273655378
1.5555555555555554,0.324422607917163,stable_coexistence,0,1.9011823692833507e-06,29.99999972810196,1.2036573028007596
1.5555555555555554,0.35938136638046275,stable_coexistence,0,1.0129814010807253e-06,29.999999760368937,1.2036572885374974
1.5555555555555554,0.3981071705534973,stable_coexistence,0,5.690297140707906e-07,29.99999982223367,1.2036572804468055
1.5555555555555554,0.44100594541767385,stable_coexistence,0,3.39568988740935e-07,29.99999987523071,1.203657275820361
1.5555555555555554,0.4885273571519389,stable_coexistence,0,2.1564958011791237e-07,29.99999991366446,1.2036572731094302
1.5555555555555554,0.5411695265464638,stable_coexistence,0,1.4538681398961537e-07,29.999999940060142,1.2036572714685063
1.5555555555555554,0.5994842503189411,stable_coexistence,0,1.0351972840134011e-07,29.999999957930868,1.2036572704393738
1.5555555555555554,0.6640827850634842,stable_coexistence,0,7.735037909758321e-08,29.999999970072867,1.2036572697706074
1.5555555555555554,0.7356422544596414,stable_coexistence,0,6.024873120295305e-08,29.999999978421837,1.2036572693210639
1.5555555555555554,0.8149127469020745,stable_coexistence,0,4.861162603895409e-08,29.999999984254014,1.203657269009283
1.5555555555555554,0.9027251779484579,stable_coexistence,0,4.040292120207998e-08,29.99999998839842,1.203657268786836
1.5555555555555554,1.0,stable_coexistence,0,3.442582883453603e-08,29.999999991395075,1.2036572686240208
1.5555555555555554,1.1077568505097097,stable_coexistence,0,2.995102086984162e-08,29.99999999359807,1.203657268502133
1.5555555555555554,1.2271252398511903,stable_coexistence,0,2.651950481856452e-08,29.999999995243222,1.2036572684090334
1.5555555555555554,1.3593563908785256,stable_coexistence,0,2.383241337890087e-08,29.99999999649006,1.2036572683366542
1.5555555555555554,1.5058363542798414,stable_coexistence,0,2.1690105476511492e-08,29.999999997447706,1.2036572682794904
1.5555555555555554,1.6681005372000592,stable_coexistence,0,1.9955404796471074e-08,29.999999998192564,1.2036572682337117
1.5555555555555554,1.8478497974222907,stable_coexistence,0,1.8531846517358824e-08,29.999999998778662,1.2036572681965938
1.5555555555555554,2.046968271807522,stable_coexistence,0,1.7349996521395014e-08,29.999999999244668,1.203657268166169
1.5555555555555554,2.267543125870802,stable_coexistence,0,1.635894714526796e-08,29.99999999961896,1.2036572681409856
1.5555555555555554,2.5118864315095797,stable_coexistence,0,1.55207275772706e-08,29.999999999922096,1.2036572681199622
1.5555555555555554,2.782559402207126,stable_coexistence,0,1.4806339265676702e-08,30.000000000169727,1.203657268102273
1.5555555555555554,3.0823992397451434,stable_coexistence,0,1.4193500774518437e-08,30.000000000373543,1.2036572680872846
1.5555555555555554,3.414548873833601,stable_coexistence,0,1.3664754542464756e-08,30.000000000542617,1.203657268074505
1.5555555555555554,3.782489906389386,stable_coexistence,0,1.3206255881151037e-08,30.00000000068369,1.2036572680635502
1.5555555555555554,4.190079105786669,stable_coexistence,0,1.2806929442526934e-08,30.000000000802117,1.2036572680541087
1.5555555555555554,4.641588833612782,stable_coexistence,0,1.2457784374082377e-08,30.00000000090221,1.2036572680459379
1.5555555555555554,5.141751827683928,stable_coexistence,0,1.215144311058977e-08,30.000000000987185,1.2036572680388349
1.5555555555555554,5.695810810737687,stable_coexistence,0,1.1881830866928063e-08,30.0000000010597,1.2036572680326392
1.5555555555555554,6.309573444801936,stable_coexistence,0,1.1643939145775459e-08,30.000000001121812,1.2036572680272177
1.5555555555555554,6.989473207273487,stable_coexistence,0,1.1433449031535495e-08,30.000000001175252,1.2036572680224575
1.5555555555555554,7.742636826811269,stable_coexistence,0,1.1246821547688237e-08,30.00000000122137,1.2036572680182667
1.5555555555555554,8.576958985908945,stable_coexistence,0,1.1080930306195786e-08,30.000000001261355,1.2036572680145703
1.5555555555555554,9.50118507318144,stable_coexistence,0,1.0933083060631997e-08,30.000000001295977,1.2036572680113027
1.5555555555555554,10.525002852777327,stable_coexistence,0,1.0800818135688559e-08,30.000000001325905,1.20365726800841
1.5555555555555554,11.659144011798324,stable_coexistence,0,1.0681587051419774e-08,30.000000001351438,1.2036572680058448
1.5555555555555554,12.91549665014884,stable_coexistence,0,1.0571759408141358e-08,30.000000001371983,1.2036572680035766
1.5555555555555554,14.307229891937586,stable_coexistence,0,1.046027596344468e-08,30.000000001382745,1.2036572680016056
1.5555555555555554,15.848931924611142,stable_coexistence,0,1.0314622637019905e-08,30.000000001366896,1.2036572680000164
1.5555555555555554,17.556762912750013,stable_coexistence,0,1.0231386226662997e-08,30.000000001378247,1.2036572679984343
1.5555555555555554,19.448624389373634,stable_coexistence,0,1.0154489397018997e-08,30.000000001386955,1.2036572679970294
1.5555555555555554,21.544346900318846,stable_coexistence,0,1.0074555352453557e-08,30.000000001388567,1.203657267995815
1.5555555555555554,23.865897868585808,stable_coexistence,0,9.90801431966173e-09,30.00000000133784,1.203657267995078
1.5555555555555554,26.437611857491014,stable_coexistence,0,9.30082381449574e-09,30.000000001049262,1.203657267995801
1.5555555555555554,29.286445646252375,stable_coexistence,0,3.1051156112201935e-06,29.939528255058995,4.055442084872758
1.5555555555555554,32.4422607917163,stable_coexistence,0,8.757318163330507e-05,29.881678040757873,5.557151787827188
1.5555555555555554,35.938136638046295,stable_coexistence,0,8.011278689022765e-05,29.881344332588963,5.497983534162192
1.5555555555555554,39.810717055349734,stable_coexistence,0,6.694770505773584e-05,29.881042116850264,5.443063019666511
1.5555555555555554,44.100594541767364,stable_coexistence,0,5.943317593361849e-05,29.88076751878346,5.39217154203401
1.5555555555555554,48.852735715193916,stable_coexistence,0,6.881069021921678e-05,29.880517012818856,5.34509110426764
1.5555555555555554,54.116952654646376,stable_coexistence,0,7.346467673439256e-05,29.880287574041947,5.301605698276953
1.5555555555555554,59.948425031894146,stable_coexistence,0,7.372061024946217e-05,29.880076709522424,5.261502514535655
1.5555555555555554,66.40827850634845,stable_coexistence,0,7.029511206916306e-05,29.879882415734812,5.224573060835721
1.5555555555555554,73.56422544596414,stable_coexistence,0,6.40628614891121e-05,29.879703099265353,5.190614173846733
1.5555555555555554,81.49127469020749,stable_coexistence,0,5.6218001401558966e-05,29.879537486938638,5.159428909922199
1.5555555555555554,90.27251779484578,stable_coexistence,0,5.194480692938524e-05,29.8793845413772,5.130827305570976
1.5555555555555554,100.0,stable_coexistence,0,5.2339795163016806e-05,29.879243390103237,5.104627002509297
1.7777777777777777,0.01,low_density_risk,4,6.860579085752589,63.35360894694022,0.5517303524963806
1.7777777777777777,0.011077568505097092,low_density_risk,4,5.464952022520609,59.773144558257655,0.651707440395938
1.7777777777777777,0.012271252398511897,low_density_risk,4,4.394682389579839,55.61150272760716,0.7626792292083073
1.7777777777777777,0.013593563908785255,low_density_risk,4,3.7561274099792294,51.33821326299084,0.8400453186928903
1.7777777777777777,0.015058363542798407,oscillatory_coexistence,1,3.271417901779238,47.170000970986635,0.9083641400815844
1.7777777777777777,0.016681005372000592,oscillatory_coexistence,1,2.860845728557804,42.980529339999364,0.9782573779393535
1.7777777777777777,0.018478497974222907,oscillatory_coexistence,1,2.523080629955297,38.83335332547124,1.040357504098829
1.7777777777777777,0.02046968271807521,oscillatory_coexistence,1,2.1870634620298444,34.965488541530796,1.091837354823948
1.7777777777777777,0.02267543125870802,oscillatory_coexistence,1,1.8537115267098905,31.769752789809512,1.127938853779989
1.7777777777777777,0.025118864315095794,oscillatory_coexistence,1,1.3544010277184901,29.976020943319526,1.1245146770469816
1.7777777777777777,0.027825594022071243,oscillatory_coexistence,1,1.2394100584739658,29.669909501576516,1.079396468536723
1.7777777777777777,0.030823992397451434,oscillatory_coexistence,1,0.47159370798801015,29.980881760093446,1.0556004976614584
1.7777777777777777,0.034145488738336005,oscillatory_coexistence,1,0.4014215433830783,30.23091557268081,1.0611115852369335
1.7777777777777777,0.037824899063893865,oscillatory_coexistence,1,0.35258141121520514,30.250264917539305,1.072683311612237
1.7777777777777777,0.04190079105786669,oscillatory_coexistence,1,0.21879186519624924,30.122717964576744,1.0802059200555023
1.7777777777777777,0.046415888336127795,oscillatory_coexistence,1,0.1277489903581347,29.995984087688242,1.0815085135488214
1.7777777777777777,0.051417518276839276,oscillatory_coexistence,1,0.09863164230931037,29.948887278921962,1.0791424958988762
1.7777777777777777,0.056958108107376865,oscillatory_coexistence,1,0.06998317172041316,29.964464660983552,1.0768414981458139
1.7777777777777777,0.06309573444801933,oscillatory_coexistence,1,0.037091795916753684,29.9941229316057,1.0761218773913532
1.7777777777777777,0.06989473207273486,oscillatory_coexistence,1,0.020583706606236766,30.009480644950916,1.0764395585006468
1.7777777777777777,0.0774263682681127,oscillatory_coexistence,1,0.015726350671276666,30.009382525147213,1.0769089464969024
1.7777777777777777,0.08576958985908942,oscillatory_coexistence,1,0.007841812987784464,30.003834869731094,1.0771376356912443
1.7777777777777777,0.0950118507318144,oscillatory_coexistence,1,0.0048241884090081235,29.999899092220385,1.0771548822659005
1.7777777777777777,0.10525002852777332,oscillatory_coexistence,1,0.0021504900833065146,29.998800066123756,1.0771018414492444
1.7777777777777777,0.11659144011798317,oscillatory_coexistence,1,0.0014130730057440209,29.999137139583297,1.077060597058605
1.7777777777777777,0.1291549665014884,stable_coexistence,0,0.0006788963803049982,29.999663865956176,1.0770451060434778
1.7777777777777777,0.14307229891937578,stable_coexistence,0,0.0003952837618337611,29.99995491908497,1.0770438071415267
1.7777777777777777,0.15848931924611134,stable_coexistence,0,0.00016613296740097634,30.00004272816539,1.0770462504406488
1.7777777777777777,0.17556762912750015,stable_coexistence,0,6.841922352014367e-05,30.000043696761153,1.0770482786767053
1.7777777777777777,0.19448624389373625,stable_coexistence,0,3.9977844321258586e-05,30.000026288502784,1.0770492939220986
1.7777777777777777,0.21544346900318845,stable_coexistence,0,2.001523372735603e-05,30.000012779485296,1.0770496770351679
1.7777777777777777,0.2386589786858581,stable_coexistence,0,1.0483888328058546e-05,30.00000552420942,1.077049786690785
1.7777777777777777,0.26437611857491,stable_coexistence,0,6.060543714076759e-06,30.000002229209873,1.077049804059097
1.7777777777777777,0.29286445646252374,stable_coexistence,0,3.344082592346473e-06,30.000000865870756,1.0770497980727
1.7777777777777777,0.324422607917163,stable_coexistence,0,1.8426449048346224e-06,30.000000331181294,1.077049789627501
1.7777777777777777,0.35938136638046275,stable_coexistence,0,1.041504235098553e-06,30.000000127738744,1.0770497832975796
1.7777777777777777,0.3981071705534973,stable_coexistence,0,6.133148055290859e-07,30.000000051681965,1.0770497792088298
1.7777777777777777,0.44100594541767385,stable_coexistence,0,3.7915900362864376e-07,30.0000000236101,1.0770497766850076
1.7777777777777777,0.4885273571519389,stable_coexistence,0,2.4658778261620026e-07,30.00000001338719,1.0770497751353867
1.7777777777777777,0.5411695265464638,stable_coexistence,0,1.684384183585233e-07,30.00000000971601,1.0770497741712628
1.7777777777777777,0.5994842503189411,stable_coexistence,0,1.2039649842606003e-07,30.000000008392398,1.0770497735581428
1.7777777777777777,0.6640827850634842,stable_coexistence,0,8.962787392873325e-08,30.000000007869268,1.0770497731581785
1.7777777777777777,0.7356422544596414,stable_coexistence,0,6.914908549194596e-08,30.000000007590554,1.0770497728903372
1.7777777777777777,0.8149127469020745,stable_coexistence,0,5.503012953599686e-08,30.000000007367976,1.0770497727063484
1.7777777777777777,0.9027251779484579,stable_coexistence,0,4.4982533479933116e-08,30.000000007146543,1.077049772576883
1.7777777777777777,1.0,stable_coexistence,0,3.76277783363274e-08,30.000000006916594,1.0770497724837476
1.7777777777777777,1.1077568505097097,stable_coexistence,0,3.2108696139185674e-08,30.000000006682548,1.0770497724153802
1.7777777777777777,1.2271252398511903,stable_coexistence,0,2.787579932210148e-08,30.000000006451028,1.0770497723642762
1.7777777777777777,1.3593563908785256,stable_coexistence,0,2.4566864804017432e-08,30.00000000622719,1.0770497723254362
1.7777777777777777,1.5058363542798414,stable_coexistence,0,2.193669020808166e-08,30.000000006014965,1.077049772295474
1.7777777777777777,1.6681005372000592,stable_coexistence,0,1.9815401582400966e-08,30.0000000058165,1.0770497722720473
1.7777777777777777,1.8478497974222907,stable_coexistence,0,1.8082634408658053e-08,30.00000000563283,1.0770497722535037
1.7777777777777777,2.046968271807522,stable_coexistence,0,1.6651376689271303e-08,30.00000000546411,1.0770497722386614
1.7777777777777777,2.267543125870802,stable_coexistence,0,1.545755949631872e-08,30.000000005309975,1.077049772226663
1.7777777777777777,2.5118864315095797,stable_coexistence,0,1.445319869463055e-08,30.000000005169706,1.077049772216871
1.7777777777777777,2.782559402207126,stable_coexistence,0,1.360182402037145e-08,30.000000005042384,1.0770497722088146
1.7777777777777777,3.0823992397451434,stable_coexistence,0,1.287527394118412e-08,30.0000000049272,1.077049772202133
1.7777777777777777,3.414548873833601,stable_coexistence,0,1.2251588304859664e-08,30.000000004823068,1.0770497721965544
1.7777777777777777,3.782489906389386,stable_coexistence,0,1.1713372196265018e-08,30.000000004729042,1.0770497721918648
1.7777777777777777,4.190079105786669,stable_coexistence,0,1.1246741373499692e-08,30.000000004644214,1.0770497721879009
1.7777777777777777,4.641588833612782,stable_coexistence,0,1.0840505499021257e-08,30.000000004567713,1.0770497721845285
1.7777777777777777,5.141751827683928,stable_coexistence,0,1.0485514203481033e-08,30.000000004498766,1.077049772181645
1.7777777777777777,5.695810810737687,stable_coexistence,0,1.0174286300839975e-08,30.00000000443663,1.0770497721791703
1.7777777777777777,6.309573444801936,stable_coexistence,0,9.900614963455265e-09,30.000000004380585,1.0770497721770353
1.7777777777777777,6.989473207273487,stable_coexistence,0,9.659319387394194e-09,30.000000004330104,1.0770497721751875
1.7777777777777777,7.742636826811269,stable_coexistence,0,9.446040156126417e-09,30.000000004284548,1.0770497721735826
1.7777777777777777,8.576958985908945,stable_coexistence,0,9.257107790117775e-09,30.000000004243486,1.0770497721721841
1.7777777777777777,9.50118507318144,stable_coexistence,0,9.089352439801063e-09,30.000000004206314,1.0770497721709642
1.7777777777777777,10.525002852777327,stable_coexistence,0,8.940030699674176e-09,30.000000004172577,1.0770497721699004
1.7777777777777777,11.659144011798324,stable_coexistence,0,8.806621800958865e-09,30.000000004141626,1.0770497721689765
1.7777777777777777,12.91549665014884,stable_coexistence,0,8.686374995878261e-09,30.000000004112174,1.0770497721681969
1.7777777777777777,14.307229891937586,stable_coexistence,0,8.57365425945454e-09,30.000000004079325,1.0770497721676477
1.7777777777777777,15.848931924611142,stable_coexistence,0,8.45197180278296e-09,30.00000000402534,1.077049772167702
1.7777777777777777,17.556762912750013,stable_coexistence,0,8.364666824739465e-09,30.000000004001738,1.0770497721672139
1.7777777777777777,19.448624389373634,stable_coexistence,0,8.285708000092371e-09,30.00000000397952,1.0770497721668026
1.7777777777777777,21.544346900318846,stable_coexistence,0,8.210688069101113e-09,30.00000000395443,1.0770497721665504
1.7777777777777777,23.865897868585808,stable_coexistence,0,8.104325032237032e-09,30.000000003886107,1.0770497721673387
1.7777777777777777,26.437611857491014,stable_coexistence,0,7.798891605654523e-09,30.000000003591424,1.0770497721730516
1.7777777777777777,29.286445646252375,stable_coexistence,0,3.028983211463156e-06,29.941833858599228,3.8805123531143493
1.7777777777777777,32.4422607917163,stable_coexistence,0,7.65653776790959e-05,29.881249055713408,5.480802751178321
1.7777777777777777,35.938136638046295,stable_coexistence,0,6.283264062719193e-05,29.88095566106048,5.427133527809814
1.7777777777777777,39.810717055349734,stable_coexistence,0,6.280189595101182e-05,29.880688761748228,5.377426756478965
1.7777777777777777,44.100594541767364,stable_coexistence,0,7.073837655625024e-05,29.88044497517735,5.3314649135944805
1.7777777777777777,48.852735715193916,stable_coexistence,0,7.399071114177798e-05,29.8802214395547,5.289032841782868
1.7777777777777777,54.116952654646376,stable_coexistence,0,7.303434011725484e-05,29.88001581807616,5.24991893365237
1.7777777777777777,59.948425031894146,stable_coexistence,0,6.865500575039049e-05,29.87982624168257,5.213916219507901
1.7777777777777777,66.40827850634845,stable_coexistence,0,6.174135633699563e-05,29.87965122423991,5.180823343375825
1.7777777777777777,73.56422544596414,stable_coexistence,0,5.399374869202706e-05,29.879489573023772,5.150445414897904
1.7777777777777777,81.49127469020749,stable_coexistence,0,5.2248203026864125e-05,29.879340307830716,5.122594728855044
1.7777777777777777,90.27251779484578,stable_coexistence,0,5.2152127239004494e-05,29.879202594920812,5.097091348624399
1.7777777777777777,100.0,stable_coexistence,0,5.065013725571935e-05,29.87907569722536,5.0737635542460895
2.0,0.01,low_density_risk,4,7.71862135177366,67.71734937832242,0.4527878921735152
2.0,0.011077568505097092,low_density_risk,4,6.434824483187626,63.88431198799545,0.5100082326845132
2.0,0.012271252398511897,low_density_risk,4,5.0249387767899485,59.84580066696119,0.613446746398036
2.0,0.013593563908785255,low_density_risk,4,4.095022205242262,55.230800879352024,0.7073345113755493
2.0,0.015058363542798407,low_density_risk,4,3.5271829297099813,50.692924886269815,0.7720971419462871
2.0,0.016681005372000592,oscillatory_coexistence,1,3.064834599447907,46.28240040913551,0.8359406946100991
2.0,0.018478497974222907,oscillatory_coexistence,1,2.6793957004364635,41.87570422717749,0.8992828871330772
2.0,0.02046968271807521,oscillatory_coexistence,1,2.3590769348897225,37.637000448131204,0.9529903202361513
2.0,0.02267543125870802,oscillatory_coexistence,1,2.072252424552857,33.829976081778604,0.997271068840291
2.0,0.025118864315095794,oscillatory_coexistence,1,1.590009632556664,30.978321940428827,1.0224471539841247
2.0,0.027825594022071243,oscillatory_coexistence,1,1.2561933679753798,29.748796488201908,1.0049668958904152
2.0,0.030823992397451434,oscillatory_coexistence,1,0.9616365837269094,29.75384926812087,0.9666301548170387
2.0,0.034145488738336005,oscillatory_coexistence,1,0.40334391302568334,30.075620834811772,0.9569301445742915
2.0,0.037824899063893865,oscillatory_coexistence,1,0.3594622610865343,30.240875633447356,0.9650532478704379
2.0,0.04190079105786669,oscillatory_coexistence,1,0.2874959430717538,30.19288157268653,0.9742296933075555
2.0,0.046415888336127795,oscillatory_coexistence,1,0.14791125003205455,30.058468651452486,0.9784858721563024
2.0,0.051417518276839276,oscillatory_coexistence,1,0.09546853841011486,29.969243814156084,0.9779107124088032
2.0,0.056958108107376865,oscillatory_coexistence,1,0.07934591534426609,29.95648497474069,0.9757076166705325
2.0,0.06309573444801933,oscillatory_coexistence,1,0.04257405147411554,29.980921725755174,0.9744046022901018
2.0,0.06989473207273486,oscillatory_coexistence,1,0.024587763743450737,30.002553854060185,0.974296510611872
2.0,0.0774263682681127,oscillatory_coexistence,1,0.014810231130048356,30.00871285997725,0.974652867796135
2.0,0.08576958985908942,oscillatory_coexistence,1,0.009591712899730164,30.005520866460916,0.9749294181021729
2.0,0.0950118507318144,oscillatory_coexistence,1,0.005036471428088272,30.001333025626664,0.9750124006615022
2.0,0.10525002852777332,oscillatory_coexistence,1,0.002437709802693147,29.999393672742833,0.9749924447335996
2.0,0.11659144011798317,oscillatory_coexistence,1,0.0012687511079765362,29.999207165688887,0.9749577744812666
2.0,0.1291549665014884,stable_coexistence,0,0.0007124343989332958,29.99957102669896,0.9749390798644217
2.0,0.14307229891937578,stable_coexistence,0,0.00036454534530669575,29.999867341445004,0.9749340295628692
2.0,0.15848931924611134,stable_coexistence,0,0.00018344731197404875,29.999994860567835,0.9749344358714894
2.0,0.17556762912750015,stable_coexistence,0,7.099163448571112e-05,30.00002419850719,0.9749357206543778
2.0,0.19448624389373625,stable_coexistence,0,3.078784868507443e-05,30.000020324491604,0.9749365728214101
2.0,0.21544346900318845,stable_coexistence,0,1.754906695625212e-05,30.00001179653512,0.9749369714229648
2.0,0.2386589786858581,stable_coexistence,0,8.945872701661635e-06,30.000005917086504,0.9749371241680439
2.0,0.26437611857491,stable_coexistence,0,4.357722339664735e-06,30.000002795878007,0.9749371740364672
2.0,0.29286445646252374,stable_coexistence,0,2.580252800650237e-06,30.00000131063164,0.9749371873972353
2.0,0.324422607917163,stable_coexistence,0,1.5057758507719834e-06,30.00000063272876,0.9749371895496941
2.0,0.35938136638046275,stable_coexistence,0,8.859440803310573e-07,30.000000323438307,0.9749371888994528
2.0,0.3981071705534973,stable_coexistence,0,5.361716851944908e-07,30.000000178301217,0.9749371878864865
2.0,0.44100594541767385,stable_coexistence,0,3.3712188843323793e-07,30.000000106838577,0.9749371870764282
2.0,0.4885273571519389,stable_coexistence,0,2.210337464086679e-07,30.000000069444702,0.974937186518544
2.0,0.5411695265464638,stable_coexistence,0,1.5108993865647523e-07,30.00000004852389,0.9749371861527419
2.0,0.5994842503189411,stable_coexistence,0,1.074175345308076e-07,30.000000036009023,0.974937185916019
2.0,0.6640827850634842,stable_coexistence,0,7.915248845990725e-08,30.000000028039935,0.9749371857624614
2.0,0.7356422544596414,stable_coexistence,0,6.022005289873828e-08,30.000000022677593,0.9749371856619286
2.0,0.8149127469020745,stable_coexistence,0,4.7127803970348156e-08,30.000000018895673,0.9749371855953562
2.0,0.9027251779484579,stable_coexistence,0,3.7807448766171906e-08,30.000000016122502,0.9749371855507545
2.0,1.0,stable_coexistence,0,3.0996970901456965e-08,30.00000001402262,0.974937185520562
2.0,1.1077568505097097,stable_coexistence,0,2.590350641062582e-08,30.000000012390718,0.974937185499947
2.0,1.2271252398511903,stable_coexistence,0,2.2014944289031687e-08,30.000000011095096,0.97493718548579
2.0,1.3593563908785256,stable_coexistence,0,1.89917661385508e-08,30.00000001004837,0.9749371854760357
2.0,1.5058363542798414,stable_coexistence,0,1.6603370406785477e-08,30.00000000919022,0.9749371854693167
2.0,1.6681005372000592,stable_coexistence,0,1.4689530180682744e-08,30.000000008478267,0.9749371854647172
2.0,1.8478497974222907,stable_coexistence,0,1.3136643887754598e-08,30.000000007881464,0.9749371854615932
2.0,2.046968271807522,stable_coexistence,0,1.186257634052964e-08,30.000000007376784,0.97493718545952
2.0,2.267543125870802,stable_coexistence,0,1.0806948696387585e-08,30.000000006946845,0.974937185458188
2.0,2.5118864315095797,stable_coexistence,0,9.924623728070939e-09,30.00000000657814,0.9749371854573788
2.0,2.782559402207126,stable_coexistence,0,9.181392118741094e-09,30.000000006260223,0.9749371854569386
2.0,3.0823992397451434,stable_coexistence,0,8.550953602744847e-09,30.00000000598486,0.9749371854567537
2.0,3.414548873833601,stable_coexistence,0,8.01285544429244e-09,30.00000000574526,0.9749371854567497
2.0,3.782489906389386,stable_coexistence,0,7.566851441353396e-09,30.00000000553589,0.9749371854568674
2.0,4.190079105786669,stable_coexistence,0,7.297992532901613e-09,30.00000000535247,0.9749371854570669
2.0,4.641588833612782,stable_coexistence,0,7.062759265162372e-09,30.00000000519115,0.9749371854573176
2.0,5.141751827683928,stable_coexistence,0,6.856286384331634e-09,30.000000005048967,0.9749371854575973
2.0,5.695810810737687,stable_coexistence,0,6.6745162477835214e-09,30.0000000049234,0.9749371854578937
2.0,6.309573444801936,stable_coexistence,0,6.514095424331281e-09,30.000000004812126,0.974937185458193
2.0,6.989473207273487,stable_coexistence,0,6.3721750689599635e-09,30.0000000047134,0.9749371854584892
2.0,7.742636826811269,stable_coexistence,0,6.2463526181277525e-09,30.000000004625658,0.9749371854587776
2.0,8.576958985908945,stable_coexistence,0,6.134581827437887e-09,30.000000004547527,0.9749371854590542
2.0,9.50118507318144,stable_coexistence,0,6.035071421674085e-09,30.00000000447783,0.9749371854593175
2.0,10.525002852777327,stable_coexistence,0,5.946260839134864e-09,30.00000000441554,0.9749371854595714
2.0,11.659144011798324,stable_coexistence,0,5.86664770894109e-09,30.00000000435951,0.974937185459819
2.0,12.91549665014884,stable_coexistence,0,5.794474349403954e-09,30.000000004308536,0.9749371854600788
2.0,14.307229891937586,stable_coexistence,0,5.725423935290956e-09,30.000000004259316,0.9749371854604456
2.0,15.848931924611142,stable_coexistence,0,5.6441885224025355e-09,30.000000004199812,0.9749371854613282
2.0,17.556762912750013,stable_coexistence,0,5.591187729250703e-09,30.00000000416213,0.9749371854615702
2.0,19.448624389373634,stable_coexistence,0,5.5430790647251665e-09,30.000000004127877,0.9749371854618077
2.0,21.544346900318846,stable_coexistence,0,5.4964125304813955e-09,30.000000004094332,0.9749371854621243
2.0,23.865897868585808,stable_coexistence,0,5.4213755219967756e-09,30.000000004037865,0.9749371854633524
2.0,26.437611857491014,stable_coexistence,0,5.1696247152855214e-09,30.000000003840903,0.9749371854695078
2.0,29.286445646252375,stable_coexistence,0,1.8587637305389768e-06,29.94390204585187,3.7314463865250227
2.0,32.4422607917163,stable_coexistence,0,6.0909133179571974e-05,29.880913770285773,5.419382667837989
2.0,35.938136638046295,stable_coexistence,0,6.431589913534242e-05,29.880650566219458,5.370255018616156
2.0,39.810717055349734,stable_coexistence,0,7.153291771168096e-05,29.88041000777813,5.324839642048621
2.0,44.100594541767364,stable_coexistence,0,7.410682797399718e-05,29.880189314143383,5.282921842921378
2.0,48.852735715193916,stable_coexistence,0,7.257626696546797e-05,29.879986223882476,5.244290646725276
2.0,54.116952654646376,stable_coexistence,0,6.775451976828192e-05,29.87979893161783,5.208739871454873
2.0,59.948425031894146,stable_coexistence,0,6.053241497888861e-05,29.879626001266182,5.176069085602776
2.0,66.40827850634845,stable_coexistence,0,5.2940946587227626e-05,29.879466277161345,5.146084440494277
2.0,73.56422544596414,stable_coexistence,0,5.2340642028842204e-05,29.8793188051412,5.118599369402286
2.0,81.49127469020749,stable_coexistence,0,5.201129978104387e-05,29.879182768937707,5.093435150425959
2.0,90.27251779484578,stable_coexistence,0,5.0322954266140896e-05,29.879057442770804,5.070421334432899
2.0,100.0,stable_coexistence,0,4.7585052821873414e-05,29.878942158566414,5.04939604314887
2.2222222222222223,0.01,low_density_risk,4,8.527316334559401,72.20405473140977,0.3803874446340164
2.2222222222222223,0.011077568505097092,low_density_risk,4,7.172398959424934,67.55740178981944,0.42398944196797766
2.2222222222222223,0.012271252398511897,low_density_risk,4,5.808980770098301,63.5368080411105,0.4909535328221995
2.2222222222222223,0.013593563908785255,low_density_risk,4,4.50569803403446,58.91120350702058,0.593897387648929
2.2222222222222223,0.015058363542798407,low_density_risk,4,3.7714922124684715,53.984209065416294,0.6661517528829309
2.2222222222222223,0.016681005372000592,low_density_risk,4,3.2629221536723994,49.29326176369948,0.7234967005712623
2.2222222222222223,0.018478497974222907,oscillatory_coexistence,1,2.8303641595873295,44.691984500486825,0.7842308609969173
2.2222222222222223,0.02046968271807521,oscillatory_coexistence,1,2.481996861524985,40.17649693406551,0.8394648838522453
2.2222222222222223,0.02267543125870802,oscillatory_coexistence,1,2.167626141992749,35.985564796186644,0.8855264460799571
2.2222222222222223,0.025118864315095794,oscillatory_coexistence,1,1.9543723482885949,32.43634833978795,0.921692220348983
2.2222222222222223,0.027825594022071243,oscillatory_coexistence,1,1.2468550136426504,30.2371613922908,0.93098614247081
2.2222222222222223,0.030823992397451434,oscillatory_coexistence,1,1.159808989765261,29.664488131791895,0.9015359905707743
2.2222222222222223,0.034145488738336005,oscillatory_coexistence,1,0.5885099534400343,29.892162847983606,0.8770085596734354
2.2222222222222223,0.037824899063893865,oscillatory_coexistence,1,0.3597256326036784,30.162073293739102,0.8777558864615056
2.2222222222222223,0.04190079105786669,oscillatory_coexistence,1,0.3151967462088292,30.220788391941994,0.8862974109966882
2.2222222222222223,0.046415888336127795,oscillatory_coexistence,1,0.20192559635161467,30.11788679566371,0.8924612362868515
2.2222222222222223,0.051417518276839276,oscillatory_coexistence,1,0.11073845888652167,30.0031668293601,0.8938082514830763
2.2222222222222223,0.056958108107376865,oscillatory_coexistence,1,0.07745388120691146,29.959465031862077,0.8922716676596947
2.2222222222222223,0.06309573444801933,oscillatory_coexistence,1,0.05420525742585908,29.971328200949735,0.8907132324579016
2.2222222222222223,0.06989473207273486,oscillatory_coexistence,1,0.02733651166411464,29.99473734674888,0.8902234105328518
2.2222222222222223,0.0774263682681127,oscillatory_coexistence,1,0.013748941584958306,30.006262633356407,0.8904049770643738
2.2222222222222223,0.08576958985908942,oscillatory_coexistence,1,0.010131561155463441,30.006159330572252,0.8906732760619525
2.2222222222222223,0.0950118507318144,oscillatory_coexistence,1,0.004862291648020182,30.002482229025958,0.8907984206303903
2.2222222222222223,0.10525002852777332,oscillatory_coexistence,1,0.002798455789228465,30.000047464463172,0.8908092021030231
2.2222222222222223,0.11659144011798317,oscillatory_coexistence,1,0.0010974932726372346,29.9993943218331,0.8907852341116599
2.2222222222222223,0.1291549665014884,stable_coexistence,0,0.0007036933614095884,29.999554708588192,0.8907668917744932
2.2222222222222223,0.14307229891937578,stable_coexistence,0,0.0003242458066615237,29.99981322428181,0.8907597910466698
2.2222222222222223,0.15848931924611134,stable_coexistence,0,0.00018059419850976913,29.999956864804687,0.8907586736778774
2.2222222222222223,0.17556762912750015,stable_coexistence,0,8.049501614197017e-05,30.000005521322972,0.890759255377698
2.2222222222222223,0.19448624389373625,stable_coexistence,0,2.937025955095906e-05,30.000012912341248,0.8907598727877305
2.2222222222222223,0.21544346900318845,stable_coexistence,0,1.3816875662741426e-05,30.00000936616482,0.8907602216609721
2.2222222222222223,0.2386589786858581,stable_coexistence,0,7.756995738211421e-06,30.000005320180975,0.8907603780308416
2.2222222222222223,0.26437611857491,stable_coexistence,0,4.0556455985679375e-06,30.000002763864252,0.8907604398963189
2.2222222222222223,0.29286445646252374,stable_coexistence,0,2.0896775943785415e-06,30.00000140731171,0.8907604626342498
2.2222222222222223,0.324422607917163,stable_coexistence,0,1.099649262649385e-06,30.00000073154605,0.8907604706287515
2.2222222222222223,0.35938136638046275,stable_coexistence,0,6.679399636244908e-07,30.000000398069485,0.8907604733632887
2.2222222222222223,0.3981071705534973,stable_coexistence,0,4.1320127151193096e-07,30.000000229833503,0.8907604742814851
2.2222222222222223,0.44100594541767385,stable_coexistence,0,2.624426851308492e-07,30.000000141427073,0.890760474586616
2.2222222222222223,0.4885273571519389,stable_coexistence,0,1.7224268145248479e-07,30.000000092558615,0.8907604746896409
2.2222222222222223,0.5411695265464638,stable_coexistence,0,1.1699973705611894e-07,30.00000006404863,0.8907604747284104
2.2222222222222223,0.5994842503189411,stable_coexistence,0,8.216882012421936e-08,30.000000046514028,0.8907604747480107
2.2222222222222223,0.6640827850634842,stable_coexistence,0,5.9519332799889375e-08,30.000000035188535,0.8907604747624651
2.2222222222222223,0.7356422544596414,stable_coexistence,0,4.4335128002169676e-08,30.000000027546584,0.8907604747756661
2.2222222222222223,0.8149127469020745,stable_coexistence,0,3.385730745110278e-08,30.00000002218889,0.8907604747883926
2.2222222222222223,0.9027251779484579,stable_coexistence,0,2.64315992931329e-08,30.000000018306963,0.8907604748005804
2.2222222222222223,1.0,stable_coexistence,0,2.1357875384915202e-08,30.000000015414077,0.8907604748120417
2.2222222222222223,1.1077568505097097,stable_coexistence,0,1.8152493738825422e-08,30.000000013205753,0.8907604748226433
2.2222222222222223,1.2271252398511903,stable_coexistence,0,1.5680169994081844e-08,30.00000001148531,0.8907604748323183
2.2222222222222223,1.3593563908785256,stable_coexistence,0,1.3737864414705984e-08,30.000000010121234,0.8907604748410755
2.2222222222222223,1.5058363542798414,stable_coexistence,0,1.2187437341403927e-08,30.000000009023253,0.8907604748489606
2.2222222222222223,1.6681005372000592,stable_coexistence,0,1.0932552960439722e-08,30.000000008128048,0.8907604748560012
2.2222222222222223,1.8478497974222907,stable_coexistence,0,9.904561471085788e-09,30.000000007389975,0.8907604748623018
2.2222222222222223,2.046968271807522,stable_coexistence,0,9.053498750817088e-09,30.000000006775455,0.8907604748679203
2.2222222222222223,2.267543125870802,stable_coexistence,0,8.34237645476468e-09,30.00000000625941,0.8907604748729289
2.2222222222222223,2.5118864315095797,stable_coexistence,0,7.743311891690834e-09,30.000000005822688,0.8907604748773905
2.2222222222222223,2.782559402207126,stable_coexistence,0,7.23500647946048e-09,30.000000005450776,0.8907604748813667
2.2222222222222223,3.0823992397451434,stable_coexistence,0,6.800955200397147e-09,30.000000005132012,0.8907604748849097
2.2222222222222223,3.414548873833601,stable_coexistence,0,6.428194366698507e-09,30.000000004857466,0.8907604748880696
2.2222222222222223,3.782489906389386,stable_coexistence,0,6.106457449555538e-09,30.00000000461994,0.8907604748908882
2.2222222222222223,4.190079105786669,stable_coexistence,0,5.827498795201559e-09,30.000000004413433,0.8907604748934067
2.2222222222222223,4.641588833612782,stable_coexistence,0,5.5846588887492324e-09,30.000000004233275,0.8907604748956559
2.2222222222222223,5.141751827683928,stable_coexistence,0,5.372491064394527e-09,30.000000004075606,0.8907604748976647
2.2222222222222223,5.695810810737687,stable_coexistence,0,5.186517589513278e-09,30.000000003937185,0.8907604748994654
2.2222222222222223,6.309573444801936,stable_coexistence,0,5.023035479184782e-09,30.000000003815344,0.8907604749010773
2.2222222222222223,6.989473207273487,stable_coexistence,0,4.878940507813784e-09,30.000000003707804,0.8907604749025215
2.2222222222222223,7.742636826811269,stable_coexistence,0,4.7516289946532924e-09,30.000000003612687,0.8907604749038166
2.2222222222222223,8.576958985908945,stable_coexistence,0,4.638908937151992e-09,30.000000003528445,0.8907604749049784
2.2222222222222223,9.50118507318144,stable_coexistence,0,4.53889431821734e-09,30.00000000345357,0.8907604749060233
2.2222222222222223,10.525002852777327,stable_coexistence,0,4.449978807669027e-09,30.00000000338694,0.8907604749069644
2.2222222222222223,11.659144011798324,stable_coexistence,0,4.370730941965705e-09,30.000000003327504,0.8907604749078162
2.2222222222222223,12.91549665014884,stable_coexistence,0,4.299793541612199e-09,30.000000003274273,0.8907604749086014
2.2222222222222223,14.307229891937586,stable_coexistence,0,4.235132270698712e-09,30.000000003225665,0.8907604749093933
2.2222222222222223,15.848931924611142,stable_coexistence,0,4.170958457677565e-09,30.000000003177206,0.8907604749105096
2.2222222222222223,17.556762912750013,stable_coexistence,0,4.120188677316827e-09,30.000000003139046,0.8907604749111054
2.2222222222222223,19.448624389373634,stable_coexistence,0,4.074605568597968e-09,30.000000003104756,0.890760474911653
2.2222222222222223,21.544346900318846,stable_coexistence,0,4.032778041892488e-09,30.000000003073247,0.8907604749122111
2.2222222222222223,23.865897868585808,stable_coexistence,0,3.985396411717069e-09,30.000000003037275,0.8907604749133485
2.2222222222222223,26.437611857491014,stable_coexistence,0,3.879632382085437e-09,30.000000002955463,0.8907604749180399
2.2222222222222223,29.286445646252375,stable_coexistence,0,1.4472457725134274e-06,29.945771532843477,3.6022075653190657
2.2222222222222223,32.4422607917163,stable_coexistence,0,6.46072612390579e-05,29.88064315307571,5.368861135106454
2.2222222222222223,35.938136638046295,stable_coexistence,0,7.16823083914293e-05,29.880403219962503,5.32355215124638
2.2222222222222223,39.810717055349734,stable_coexistence,0,7.41232081343772e-05,29.880183077029844,5.2817344530458525
2.2222222222222223,44.100594541767364,stable_coexistence,0,7.248081727859556e-05,29.87998047748966,5.243197192762977
2.2222222222222223,48.852735715193916,stable_coexistence,0,6.757324894525758e-05,29.879793628273216,5.20773434515208
2.2222222222222223,54.116952654646376,stable_coexistence,0,6.02915500813498e-05,29.879621102938685,5.175145661898143
2.2222222222222223,59.948425031894146,stable_coexistence,0,5.273883022778636e-05,29.87946175293709,5.145237500103598
2.2222222222222223,66.40827850634845,stable_coexistence,0,5.235729279718987e-05,29.879314629096804,5.117823517401885
2.2222222222222223,73.56422544596414,stable_coexistence,0,5.1982283352808114e-05,29.879178918495022,5.092725230811667
2.2222222222222223,81.49127469020749,stable_coexistence,0,5.025739012651874e-05,29.879053897510435,5.0697724407544795
2.2222222222222223,90.27251779484578,stable_coexistence,0,4.749204701034816e-05,29.878938899440488,5.048803525419765
2.2222222222222223,100.0,stable_coexistence,0,4.3983533463170186e-05,29.87883329393895,5.029665613718919
2.444444444444444,0.01,low_density_risk,4,10.995782955587282,76.96006647926346,0.2751031082393402
2.444444444444444,0.011077568505097092,low_density_risk,4,7.719855261751309,71.19513512249446,0.3668736761218211
2.444444444444444,0.012271252398511897,low_density_risk,4,6.51360983037075,66.72535796292341,0.4072601065870757
2.444444444444444,0.013593563908785255,low_density_risk,4,5.047535544213598,62.275546175208596,0.49251416383534435
2.444444444444444,0.015058363542798407,low_density_risk,4,4.030339312829836,57.117646279476304,0.5784537122787223
2.444444444444444,0.016681005372000592,low_density_risk,4,3.4494694037031275,52.08015092787614,0.6343832908258944
2.444444444444444,0.018478497974222907,oscillatory_coexistence,1,2.980988495921071,47.28498336369511,0.689689978680762
2.444444444444444,0.02046968271807521,oscillatory_coexistence,1,2.5929209852661326,42.560492900843315,0.745168348191767
2.444444444444444,0.02267543125870802,oscillatory_coexistence,1,2.278571438872425,38.079706323779924,0.7919455659560346
2.444444444444444,0.025118864315095794,oscillatory_coexistence,1,2.0781695462094927,34.08959027284491,0.8313027751766043
2.444444444444444,0.027825594022071243,oscillatory_coexistence,1,1.6005835904000267,31.094946002703374,0.8557580665722194
2.444444444444444,0.030823992397451434,oscillatory_coexistence,1,1.1424389705050382,29.785199762185343,0.845551164736841
2.444444444444444,0.034145488738336005,oscillatory_coexistence,1,0.9065945885540612,29.744206502588384,0.8157503149844625
2.444444444444444,0.037824899063893865,oscillatory_coexistence,1,0.35915661285828604,30.042668475050903,0.806872873030638
2.444444444444444,0.04190079105786669,oscillatory_coexistence,1,0.3148087697210616,30.204425278322752,0.8127362017966868
2.444444444444444,0.046415888336127795,oscillatory_coexistence,1,0.24570771987027087,30.16170636648855,0.8196592086954095
2.444444444444444,0.051417518276839276,oscillatory_coexistence,1,0.12356636579536961,30.042746331211845,0.8226403217651886
2.444444444444444,0.056958108107376865,oscillatory_coexistence,1,0.07523007311408145,29.971582506647955,0.8220590658220692
2.444444444444444,0.06309573444801933,oscillatory_coexistence,1,0.05988878718665194,29.966413926942494,0.8205434719303984
2.444444444444444,0.06989473207273486,oscillatory_coexistence,1,0.02878662777324559,29.987435552837205,0.8197719750732262
2.444444444444444,0.0774263682681127,oscillatory_coexistence,1,0.016321708703741673,30.002776309906242,0.8197628093372056
2.444444444444444,0.08576958985908942,oscillatory_coexistence,1,0.009677540579357815,30.005914625771933,0.8199856734307465
2.444444444444444,0.0950118507318144,oscillatory_coexistence,1,0.005683328351994011,30.003272930794743,0.8201312588777775
2.444444444444444,0.10525002852777332,oscillatory_coexistence,1,0.00291488891911491,30.000661419323144,0.8201668483708409
2.444444444444444,0.11659144011798317,oscillatory_coexistence,1,0.0012730660853834822,29.999637598483456,0.8201545578779189
2.444444444444444,0.1291549665014884,stable_coexistence,0,0.0006385959797433191,29.9995900579268,0.8201385946851065
2.444444444444444,0.14307229891937578,stable_coexistence,0,0.0003430431923602167,29.99978667803316,0.8201306966641585
2.444444444444444,0.15848931924611134,stable_coexistence,0,0.00016509693784726558,29.999929600052575,0.8201285588698116
2.444444444444444,0.17556762912750015,stable_coexistence,0,8.302244902203446e-05,29.999989752757585,0.82012856556235
2.444444444444444,0.19448624389373625,stable_coexistence,0,3.398675386177997e-05,30.000005689331672,0.8201289490092372
2.444444444444444,0.21544346900318845,stable_coexistence,0,1.2105635999983886e-05,30.00000648937242,0.8201292244144037
2.444444444444444,0.2386589786858581,stable_coexistence,0,6.1971510495620414e-06,30.000004285538488,0.8201293650712832
2.444444444444444,0.26437611857491,stable_coexistence,0,3.4718743909103044e-06,30.000002425960137,0.820129427344921
2.444444444444444,0.29286445646252374,stable_coexistence,0,1.8753351355975895e-06,30.00000131118297,0.8201294532432591
2.444444444444444,0.324422607917163,stable_coexistence,0,1.0198299986671722e-06,30.00000071219038,0.8201294638682308
2.444444444444444,0.35938136638046275,stable_coexistence,0,5.724889984381546e-07,30.000000399778457,0.8201294683262474
2.444444444444444,0.3981071705534973,stable_coexistence,0,3.3606408007623417e-07,30.000000235249843,0.8201294702948076
2.444444444444444,0.44100594541767385,stable_coexistence,0,2.0733334187992656e-07,30.000000145872317,0.8201294712299255
2.444444444444444,0.4885273571519389,stable_coexistence,0,1.3441937307783347e-07,30.00000009524865,0.8201294717142955
2.444444444444444,0.5411695265464638,stable_coexistence,0,9.129594593779217e-08,30.00000006523269,0.8201294719888389
2.444444444444444,0.5994842503189411,stable_coexistence,0,6.46630983297023e-08,30.000000046606637,0.8201294721580924
2.444444444444444,0.6640827850634842,stable_coexistence,0,4.752320789803401e-08,30.000000034543458,0.8201294722702247
2.444444444444444,0.7356422544596414,stable_coexistence,0,3.606623213690432e-08,30.000000026420764,0.8201294723489604
2.444444444444444,0.8149127469020745,stable_coexistence,0,2.814163464353563e-08,30.000000020759153,0.820129472406807
2.444444444444444,0.9027251779484579,stable_coexistence,0,2.24911883334814e-08,30.000000016691377,0.8201294724508144
2.444444444444444,1.0,stable_coexistence,0,1.8353001776093444e-08,30.0000000136907,0.8201294724852077
2.444444444444444,1.1077568505097097,stable_coexistence,0,1.525046297147429e-08,30.00000001142574,0.820129472512657
2.444444444444444,1.2271252398511903,stable_coexistence,0,1.2876182639088111e-08,30.00000000968175,0.8201294725349351
2.444444444444444,1.3593563908785256,stable_coexistence,0,1.1026380513185502e-08,30.00000000831575,0.8201294725532619
2.444444444444444,1.5058363542798414,stable_coexistence,0,9.562401205420965e-09,30.000000007229364,0.8201294725685094
2.444444444444444,1.6681005372000592,stable_coexistence,0,8.387705893036199e-09,30.00000000635396,0.8201294725813141
2.444444444444444,1.8478497974222907,stable_coexistence,0,7.433628104826847e-09,30.00000000564021,0.8201294725921525
2.444444444444444,2.046968271807522,stable_coexistence,0,6.650370827724051e-09,30.000000005052453,0.8201294726013891
2.444444444444444,2.267543125870802,stable_coexistence,0,6.001205288923284e-09,30.000000004563812,0.8201294726093118
2.444444444444444,2.5118864315095797,stable_coexistence,0,5.458599325905964e-09,30.00000000415439,0.8201294726161341
2.444444444444444,2.782559402207126,stable_coexistence,0,5.001617031884893e-09,30.000000003808864,0.8201294726220424
2.444444444444444,3.0823992397451434,stable_coexistence,0,4.614601047894895e-09,30.000000003515325,0.8201294726271777
2.444444444444444,3.414548873833601,stable_coexistence,0,4.289334989968187e-09,30.000000003264415,0.8201294726316566
2.444444444444444,3.782489906389386,stable_coexistence,0,4.015062630724847e-09,30.00000000304891,0.8201294726355803
2.444444444444444,4.190079105786669,stable_coexistence,0,3.782243380449426e-09,30.00000000286289,0.8201294726390255
2.444444444444444,4.641588833612782,stable_coexistence,0,3.5834678057454997e-09,30.000000002701668,0.8201294726420585
2.444444444444444,5.141751827683928,stable_coexistence,0,3.412824766943328e-09,30.000000002561354,0.820129472644735
2.444444444444444,5.695810810737687,stable_coexistence,0,3.26566099800055e-09,30.000000002438842,0.8201294726471018
2.444444444444444,6.309573444801936,stable_coexistence,0,3.138143720612177e-09,30.000000002331532,0.8201294726491994
2.444444444444444,6.989473207273487,stable_coexistence,0,3.027246430184417e-09,30.000000002237268,0.8201294726510614
2.444444444444444,7.742636826811269,stable_coexistence,0,2.930456763754633e-09,30.000000002154238,0.8201294726527171
2.444444444444444,8.576958985908945,stable_coexistence,0,2.845685665595737e-09,30.00000000208094,0.8201294726541913
2.444444444444444,9.50118507318144,stable_coexistence,0,2.786806400273005e-09,30.000000002016105,0.8201294726555071
2.444444444444444,10.525002852777327,stable_coexistence,0,2.7861157527392266e-09,30.00000000195867,0.8201294726566827
2.444444444444444,11.659144011798324,stable_coexistence,0,2.784872776651614e-09,30.000000001907726,0.8201294726577365
2.444444444444444,12.91549665014884,stable_coexistence,0,2.7824103908051817e-09,30.00000000186257,0.8201294726586886
2.444444444444444,14.307229891937586,stable_coexistence,0,2.7748955724121103e-09,30.00000000182311,0.8201294726595857
2.444444444444444,15.848931924611142,stable_coexistence,0,2.741572539195331e-09,30.000000001791673,0.8201294726606148
2.444444444444444,17.556762912750013,stable_coexistence,0,2.73776201693035e-09,30.00000000176008,0.8201294726613109
2.444444444444444,19.448624389373634,stable_coexistence,0,2.7336421717274294e-09,30.000000001731934,0.8201294726619399
2.444444444444444,21.544346900318846,stable_coexistence,0,2.725965349589165e-09,30.000000001707352,0.820129472662537
2.444444444444444,23.865897868585808,stable_coexistence,0,2.6799221803159824e-09,30.000000001691106,0.8201294726633989
2.444444444444444,26.437611857491014,stable_coexistence,0,2.408781440839803e-09,30.000000001705995,0.820129472666208
2.444444444444444,29.286445646252375,stable_coexistence,0,8.987057081347574e-07,29.947473119901353,3.488600767375328
2.444444444444444,32.4422607917163,stable_coexistence,0,7.135564510046186e-05,29.88041903745064,5.326549214318215
2.444444444444444,35.938136638046295,stable_coexistence,0,7.409988955733132e-05,29.880197613694357,5.284498578926537
2.444444444444444,39.810717055349734,stable_coexistence,0,7.271172636629612e-05,29.879993871747224,5.245742716631424
2.444444444444444,44.100594541767364,stable_coexistence,0,6.799799075922926e-05,29.879805990138376,5.210075239168859
2.444444444444444,48.852735715193916,stable_coexistence,0,6.084974991392318e-05,29.879632520246425,5.177295473579285
2.444444444444444,54.116952654646376,stable_coexistence,0,5.321085574525138e-05,29.879472297192645,5.1472092996337855
2.444444444444444,59.948425031894146,stable_coexistence,0,5.23290836412805e-05,29.879324360397167,5.119629854250535
2.444444444444444,66.40827850634845,stable_coexistence,0,5.20571987848103e-05,29.879187889320402,5.094378099707993
2.444444444444444,73.56422544596414,stable_coexistence,0,5.041417482260908e-05,29.879062155442494,5.071283256795215
2.444444444444444,81.49127469020749,stable_coexistence,0,4.770982307783523e-05,29.878946488957975,5.050183107847243
2.444444444444444,90.27251779484578,stable_coexistence,0,4.4237058028494956e-05,29.878840257504386,5.03092417772139
2.444444444444444,100.0,stable_coexistence,0,4.081044851012829e-05,29.878742853962788,5.0133618031076495
2.6666666666666665,0.01,low_density_risk,4,24.450839836165304,80.58791068915615,0.08332812962086399
2.6666666666666665,0.011077568505097092,low_density_risk,4,8.34881545675036,74.95077487692251,0.317381977403549
2.6666666666666665,0.012271252398511897,low_density_risk,4,7.0263756128938,69.69632477080202,0.35283928919527796
2.6666666666666665,0.013593563908785255,low_density_risk,4,5.665874194068405,65.22484681784881,0.40963766566227067
2.6666666666666665,0.015058363542798407,low_density_risk,4,4.342714235293973,60.090127135500694,0.500722003444049
2.6666666666666665,0.016681005372000592,low_density_risk,4,3.6286620362800717,54.71211369819067,0.5619642151922252
2.6666666666666665,0.018478497974222907,low_density_risk,4,3.127646537727596,49.678390721049915,0.612077279740898
2.6666666666666665,0.02046968271807521,oscillatory_coexistence,1,2.70229726107323,44.78801985120252,0.6656866740335613
2.6666666666666665,0.02267543125870802,oscillatory_coexistence,1,2.3664791759312034,40.07211844891174,0.7131263649954425
2.6666666666666665,0.025118864315095794,oscillatory_coexistence,1,2.0749011188847284,35.7712687388074,0.7530688201141912
2.6666666666666665,0.027825594022071243,oscillatory_coexistence,1,1.8974019052564401,32.20924292665169,0.784320762384942
2.6666666666666665,0.030823992397451434,oscillatory_coexistence,1,1.1346756843376524,30.13800778214995,0.79110566089779
2.6666666666666665,0.034145488738336005,oscillatory_coexistence,1,1.0451709049090512,29.677853754285543,0.7668380817187076
2.6666666666666665,0.037824899063893865,oscillatory_coexistence,1,0.48591365855529317,29.91339321496911,0.7492989567277426
2.6666666666666665,0.04190079105786669,oscillatory_coexistence,1,0.3138492720027024,30.15196641085199,0.7508205158720339
2.6666666666666665,0.046415888336127795,oscillatory_coexistence,1,0.2678140365980603,30.183751233511686,0.757438487911597
2.6666666666666665,0.051417518276839276,oscillatory_coexistence,1,0.15183764789449317,30.081266990506375,0.7615880850152514
2.6666666666666665,0.056958108107376865,oscillatory_coexistence,1,0.08220820277985993,29.990182046770432,0.762028937583123
2.6666666666666665,0.06309573444801933,oscillatory_coexistence,1,0.05971137761712331,29.966210002392437,0.7607791007617634
2.6666666666666665,0.06989473207273486,oscillatory_coexistence,1,0.035932026954202285,29.981464684929815,0.7598421355113166
2.6666666666666665,0.0774263682681127,oscillatory_coexistence,1,0.018416238183358878,29.99885217234439,0.7596549838442146
2.6666666666666665,0.08576958985908942,oscillatory_coexistence,1,0.009089418878829254,30.005002844635456,0.759811331539578
2.6666666666666665,0.0950118507318144,oscillatory_coexistence,1,0.00610163090179772,30.003711360705537,0.7599600354326651
2.6666666666666665,0.10525002852777332,oscillatory_coexistence,1,0.0028349153240508165,30.00118687361998,0.7600136825030186
2.6666666666666665,0.11659144011798317,oscillatory_coexistence,1,0.0014498319464434693,29.99989773696076,0.7600123851522261
2.6666666666666665,0.1291549665014884,stable_coexistence,0,0.0005665932949606647,29.99965740625423,0.7599997887462535
2.6666666666666665,0.14307229891937578,stable_coexistence,0,0.00033975088784429124,29.99978082010693,0.7599919332482863
2.6666666666666665,0.15848931924611134,stable_coexistence,0,0.00014898589570376693,29.999911808565223,0.7599891844428049
2.6666666666666665,0.17556762912750015,stable_coexistence,0,8.068955415299161e-05,29.99997735416743,0.7599887566314261
2.6666666666666665,0.19448624389373625,stable_coexistence,0,3.6204831616412216e-05,29.999999330541645,0.7599889355726583
2.6666666666666665,0.21544346900318845,stable_coexistence,0,1.418557622167377e-05,30.000003664597195,0.7599891344643819
2.6666666666666665,0.2386589786858581,stable_coexistence,0,5.135068737029103e-06,30.000003118952673,0.7599892515794134
2.6666666666666665,0.26437611857491,stable_coexistence,0,2.7885067939541437e-06,30.000001957262175,0.7599893083843693
2.6666666666666665,0.29286445646252374,stable_coexistence,0,1.5775997397793306e-06,30.000001120970982,0.7599893339246839
2.6666666666666665,0.324422607917163,stable_coexistence,0,8.838184274686692e-07,30.000000631200283,0.7599893452305385
2.6666666666666665,0.35938136638046275,stable_coexistence,0,5.048308008673676e-07,30.000000362070388,0.7599893503514561
2.6666666666666665,0.3981071705534973,stable_coexistence,0,2.9875138192653925e-07,30.000000215304787,0.7599893527865075
2.6666666666666665,0.44100594541767385,stable_coexistence,0,1.844170634675355e-07,30.000000133668532,0.75998935402098
2.6666666666666665,0.4885273571519389,stable_coexistence,0,1.1888416890369783e-07,30.00000008671906,0.7599893546924767
2.6666666666666665,0.5411695265464638,stable_coexistence,0,7.986953159676108e-08,30.00000005864358,0.7599893550840535
2.6666666666666665,0.5994842503189411,stable_coexistence,0,5.571503242449248e-08,30.00000004116829,0.7599893553274476
2.6666666666666665,0.6640827850634842,stable_coexistence,0,4.018311438655084e-08,30.00000002986448,0.7599893554873982
2.6666666666666665,0.7356422544596414,stable_coexistence,0,2.9836909062018004e-08,30.000000022288457,0.759989355597575
2.6666666666666665,0.8149127469020745,stable_coexistence,0,2.2720208362690437e-08,30.000000017045735,0.7599893556764896
2.6666666666666665,0.9027251779484579,stable_coexistence,0,1.7682177838756988e-08,30.00000001331308,0.7599893557348578
2.6666666666666665,1.0,stable_coexistence,0,1.402357141296529e-08,30.00000001058802,0.7599893557791966
2.6666666666666665,1.1077568505097097,stable_coexistence,0,1.130623401588269e-08,30.000000008554583,0.7599893558136283
2.6666666666666665,1.2271252398511903,stable_coexistence,0,9.247591815728709e-09,30.00000000700751,0.759989355840864
2.6666666666666665,1.3593563908785256,stable_coexistence,0,7.685788243591155e-09,30.00000000581038,0.7599893558627359
2.6666666666666665,1.5058363542798414,stable_coexistence,0,6.49753948644725e-09,30.000000004870067,0.7599893558805378
2.6666666666666665,1.6681005372000592,stable_coexistence,0,5.579229753733369e-09,30.00000000412152,0.75998935589519
2.6666666666666665,1.8478497974222907,stable_coexistence,0,4.866053870384761e-09,30.000000003518764,0.7599893559073703
2.6666666666666665,2.046968271807522,stable_coexistence,0,4.771287956839084e-09,30.000000003027974,0.759989355917578
2.6666666666666665,2.267543125870802,stable_coexistence,0,4.684165351484569e-09,30.000000002624677,0.7599893559262032
2.6666666666666665,2.5118864315095797,stable_coexistence,0,4.6041061330289944e-09,30.00000000229043,0.7599893559335361
2.6666666666666665,2.782559402207126,stable_coexistence,0,4.530625474481927e-09,30.000000002011237,0.7599893559398078
2.6666666666666665,3.0823992397451434,stable_coexistence,0,4.463270404851522e-09,30.000000001776435,0.7599893559452
2.6666666666666665,3.414548873833601,stable_coexistence,0,4.401641362274389e-09,30.00000000157769,0.759989355949857
2.6666666666666665,3.782489906389386,stable_coexistence,0,4.345346245585479e-09,30.00000000140848,0.7599893559538967
2.6666666666666665,4.190079105786669,stable_coexistence,0,4.29396168973907e-09,30.00000000126372,0.7599893559574135
2.6666666666666665,4.641588833612782,stable_coexistence,0,4.24714391047566e-09,30.000000001139114,0.7599893559604878
2.6666666666666665,5.141751827683928,stable_coexistence,0,4.204514543789068e-09,30.000000001031488,0.7599893559631832
2.6666666666666665,5.695810810737687,stable_coexistence,0,4.165754082296281e-09,30.00000000093814,0.7599893559655526
2.6666666666666665,6.309573444801936,stable_coexistence,0,4.130518386466018e-09,30.000000000856875,0.7599893559676414
2.6666666666666665,6.989473207273487,stable_coexistence,0,4.0985264366466096e-09,30.000000000785892,0.7599893559694859
2.6666666666666665,7.742636826811269,stable_coexistence,0,4.0694708046813115e-09,30.00000000072373,0.7599893559711187
2.6666666666666665,8.576958985908945,stable_coexistence,0,4.043075681565082e-09,30.000000000669115,0.759989355972567
2.6666666666666665,9.50118507318144,stable_coexistence,0,4.019081600775746e-09,30.000000000621093,0.7599893559738534
2.6666666666666665,10.525002852777327,stable_coexistence,0,3.997151054513973e-09,30.00000000057876,0.7599893559749987
2.6666666666666665,11.659144011798324,stable_coexistence,0,3.976896915412679e-09,30.000000000541448,0.7599893559760196
2.6666666666666665,12.91549665014884,stable_coexistence,0,3.957397964815035e-09,30.000000000508763,0.7599893559769338
2.6666666666666665,14.307229891937586,stable_coexistence,0,3.934555910644933e-09,30.000000000481553,0.7599893559777617
2.6666666666666665,15.848931924611142,stable_coexistence,0,3.885044463853264e-09,30.00000000046746,0.7599893559785692
2.6666666666666665,17.556762912750013,stable_coexistence,0,3.869045054651484e-09,30.0000000004452,0.7599893559792223
2.6666666666666665,19.448624389373634,stable_coexistence,0,3.854029983985938e-09,30.000000000425555,0.7599893559798082
2.6666666666666665,21.544346900318846,stable_coexistence,0,3.836579409669348e-09,30.000000000409425,0.7599893559803412
2.6666666666666665,23.865897868585808,stable_coexistence,0,3.7811547078050874e-09,30.000000000408974,0.7599893559809069
2.6666666666666665,26.437611857491014,stable_coexistence,0,3.4830393975839463e-09,30.000000000492502,0.7599893559820483
2.6666666666666665,29.286445646252375,stable_coexistence,0,1.1526725771806223e-06,29.949031374225036,3.387600152009117
2.6666666666666665,32.4422607917163,stable_coexistence,0,7.397409202062053e-05,29.880229601559066,5.290581106916095
2.6666666666666665,35.938136638046295,stable_coexistence,0,7.315608770645888e-05,29.88002333807353,5.251345094993479
2.6666666666666665,39.810717055349734,stable_coexistence,0,6.888244000064204e-05,29.879833181439437,5.215228034360966
2.6666666666666665,44.100594541767364,stable_coexistence,0,6.20413658280647e-05,29.879657633060212,5.182028339672401
2.6666666666666665,48.852735715193916,stable_coexistence,0,5.426330952955476e-05,29.879495491025313,5.151550861227968
2.6666666666666665,54.116952654646376,stable_coexistence,0,5.2235844624915334e-05,29.87934576871412,5.123607609625338
2.6666666666666665,59.948425031894146,stable_coexistence,0,5.2195089613698526e-05,29.879207628113363,5.09801834439944
2.6666666666666665,66.40827850634845,stable_coexistence,0,5.073671071628002e-05,29.879080329415313,5.074611027171106
2.6666666666666665,73.56422544596414,stable_coexistence,0,4.817132967860211e-05,29.878963195665147,5.0532221437232145
2.6666666666666665,81.49127469020749,stable_coexistence,0,4.479417168174729e-05,29.878855589876522,5.033696902642937
2.6666666666666665,90.27251779484578,stable_coexistence,0,4.12895252064185e-05,29.87875690165947,5.015889320623559
2.6666666666666665,100.0,stable_coexistence,0,3.82933287037778e-05,29.878666540599394,4.999662206206418
2.888888888888889,0.01,low_density_risk,4,30.34885431491464,81.45214066216059,0.012611179952436465
2.888888888888889,0.011077568505097092,low_density_risk,4,9.998939754936735,78.8212469332594,0.2489426653791781
2.888888888888889,0.012271252398511897,low_density_risk,4,7.4223642171107675,72.65736841003486,0.3134809680249789
2.888888888888889,0.013593563908785255,low_density_risk,4,6.220275533449876,67.81969236860547,0.34988140153009206
2.888888888888889,0.015058363542798407,low_density_risk,4,4.738157990178014,62.8447915841979,0.42998256458312606
2.888888888888889,0.016681005372000592,low_density_risk,4,3.8135769514875526,57.22969016359977,0.5005938248270406
2.888888888888889,0.018478497974222907,low_density_risk,4,3.2670932706565665,51.91072184019469,0.5481701434472508
2.888888888888889,0.02046968271807521,oscillatory_coexistence,1,2.8120274268930725,46.86431942451469,0.5981931429292344
2.888888888888889,0.02267543125870802,oscillatory_coexistence,1,2.4465476269880986,41.95756870608177,0.6459116937163815
2.888888888888889,0.025118864315095794,oscillatory_coexistence,1,2.145186238287004,37.4089982964822,0.6858507167082423
2.888888888888889,0.027825594022071243,oscillatory_coexistence,1,2.039795735125641,33.45441185195539,0.719596383483627
2.888888888888889,0.030823992397451434,oscillatory_coexistence,1,1.3910199617524193,30.708162638239614,0.7375423825799682
2.888888888888889,0.034145488738336005,oscillatory_coexistence,1,1.0336269317805518,29.72099255150052,0.724450614498317
2.888888888888889,0.037824899063893865,oscillatory_coexistence,1,0.7109778506266412,29.799938257609885,0.7022815187359687
2.888888888888889,0.04190079105786669,oscillatory_coexistence,1,0.31269196406163163,30.07589899740711,0.6984607681484857
2.888888888888889,0.046415888336127795,oscillatory_coexistence,1,0.26972494662091356,30.18298199710763,0.7038461974186017
2.888888888888889,0.051417518276839276,oscillatory_coexistence,1,0.18558014964028605,30.11382647202821,0.7086587546379067
2.888888888888889,0.056958108107376865,oscillatory_coexistence,1,0.09452381240144837,30.012529325760344,0.7100447587404792
2.888888888888889,0.06309573444801933,oscillatory_coexistence,1,0.05814566701889445,29.970197426678524,0.7092015463756174
2.888888888888889,0.06989473207273486,oscillatory_coexistence,1,0.04095984084949805,29.977219045157703,0.7082087715302676
2.888888888888889,0.0774263682681127,oscillatory_coexistence,1,0.01935366462428845,29.994923329490597,0.7078720164292838
2.888888888888889,0.08576958985908942,oscillatory_coexistence,1,0.009035704247259841,30.00363019531416,0.7079527476274493
2.888888888888889,0.0950118507318144,oscillatory_coexistence,1,0.006158674531429157,30.003838648264367,0.7080918975485627
2.888888888888889,0.10525002852777332,oscillatory_coexistence,1,0.0029374200537311463,30.00160523025837,0.7081572931930525
2.888888888888889,0.11659144011798317,oscillatory_coexistence,1,0.001552553080400198,30.000151145283855,0.7081655450516431
2.888888888888889,0.1291549665014884,stable_coexistence,0,0.0005692227884649246,29.999742636051163,0.7081566545467649
2.888888888888889,0.14307229891937578,stable_coexistence,0,0.0003206319374437252,29.999789660412212,0.708149365888397
2.888888888888889,0.15848931924611134,stable_coexistence,0,0.000156369574443196,29.999901690820494,0.708146312583012
2.888888888888889,0.17556762912750015,stable_coexistence,0,7.52101693280851e-05,29.999968111440154,0.70814557517911
2.888888888888889,0.19448624389373625,stable_coexistence,0,3.661901473317179e-05,29.999994036131252,0.7081455869610671
2.888888888888889,0.21544346900318845,stable_coexistence,0,1.5430796228234187e-05,30.000001113170793,0.7081457155708478
2.888888888888889,0.2386589786858581,stable_coexistence,0,6.038901299749116e-06,30.000001977206615,0.7081458073977978
2.888888888888889,0.26437611857491,stable_coexistence,0,2.310285764513535e-06,30.000001454983504,0.7081458561937702
2.888888888888889,0.29286445646252374,stable_coexistence,0,1.264821768012779e-06,30.000000894430315,0.7081458795617102
2.888888888888889,0.324422607917163,stable_coexistence,0,7.256443251746899e-07,30.00000052287642,0.7081458904524427
2.888888888888889,0.35938136638046275,stable_coexistence,0,4.212598926028174e-07,30.00000030578378,0.7081458956085064
2.888888888888889,0.3981071705534973,stable_coexistence,0,2.5066412408052867e-07,30.000000183108547,0.7081458981528319
2.888888888888889,0.44100594541767385,stable_coexistence,0,1.543068655115456e-07,30.000000113400997,0.7081458994799473
2.888888888888889,0.4885273571519389,stable_coexistence,0,9.853074094208759e-08,30.00000007282949,0.7081459002155452
2.888888888888889,0.5411695265464638,stable_coexistence,0,6.518777891548675e-08,30.000000048441674,0.7081459006484684
2.888888888888889,0.5994842503189411,stable_coexistence,0,4.4549358877836835e-08,30.000000033261372,0.7081459009177796
2.888888888888889,0.6640827850634842,stable_coexistence,0,3.1326533475827574e-08,30.000000023481075,0.7081459010937605
2.888888888888889,0.7356422544596414,stable_coexistence,0,2.257422824043449e-08,30.00000001697269,0.7081459012137457
2.888888888888889,0.8149127469020745,stable_coexistence,0,1.6667556714786555e-08,30.00000001251162,0.7081459012985699
2.888888888888889,0.9027251779484579,stable_coexistence,0,1.2627923480107164e-08,30.000000009371817,0.7081459013604036
2.888888888888889,1.0,stable_coexistence,0,9.801178803439096e-09,30.000000007109414,0.7081459014066565
2.888888888888889,1.1077568505097097,stable_coexistence,0,8.708234605906514e-09,30.000000005444814,0.7081459014420247
2.888888888888889,1.2271252398511903,stable_coexistence,0,8.153682291166682e-09,30.000000004197325,0.7081459014695803
2.888888888888889,1.3593563908785256,stable_coexistence,0,7.69028538544246e-09,30.000000003247017,0.7081459014913953
2.888888888888889,1.5058363542798414,stable_coexistence,0,7.296854438583443e-09,30.000000002512486,0.7081459015089057
2.888888888888889,1.6681005372000592,stable_coexistence,0,6.958798337114717e-09,30.000000001937227,0.708145901523132
2.888888888888889,1.8478497974222907,stable_coexistence,0,6.665697800800814e-09,30.000000001481485,0.7081459015348119
2.888888888888889,2.046968271807522,stable_coexistence,0,6.409783518533337e-09,30.000000001116547,0.7081459015444922
2.888888888888889,2.267543125870802,stable_coexistence,0,6.185130866565884e-09,30.000000000821526,0.7081459015525804
2.888888888888889,2.5118864315095797,stable_coexistence,0,5.987106987843191e-09,30.00000000058091,0.708145901559389
2.888888888888889,2.782559402207126,stable_coexistence,0,5.811945295327032e-09,30.000000000382972,0.7081459015651589
2.888888888888889,3.0823992397451434,stable_coexistence,0,5.6566031266019646e-09,30.00000000021897,0.7081459015700763
2.888888888888889,3.414548873833601,stable_coexistence,0,5.518511514408952e-09,30.000000000082142,0.7081459015742902
2.888888888888889,3.782489906389386,stable_coexistence,0,5.395546883359924e-09,29.999999999967333,0.7081459015779173
2.888888888888889,4.190079105786669,stable_coexistence,0,5.2858818359634685e-09,29.999999999870347,0.7081459015810578
2.888888888888889,4.641588833612782,stable_coexistence,0,5.187921322202451e-09,29.999999999788038,0.7081459015837855
2.888888888888889,5.141751827683928,stable_coexistence,0,5.100336271890313e-09,29.99999999971775,0.7081459015861623
2.888888888888889,5.695810810737687,stable_coexistence,0,5.0219358154024095e-09,29.999999999657547,0.7081459015882408
2.888888888888889,6.309573444801936,stable_coexistence,0,4.951699021251644e-09,29.99999999960572,0.7081459015900641
2.888888888888889,6.989473207273487,stable_coexistence,0,4.888709644580575e-09,29.999999999560842,0.708145901591668
2.888888888888889,7.742636826811269,stable_coexistence,0,4.832175903934198e-09,29.999999999522,0.7081459015930811
2.888888888888889,8.576958985908945,stable_coexistence,0,4.7813858354914875e-09,29.999999999488196,0.7081459015943306
2.888888888888889,9.50118507318144,stable_coexistence,0,4.73568905580179e-09,29.999999999458716,0.7081459015954359
2.888888888888889,10.525002852777327,stable_coexistence,0,4.6944575635105965e-09,29.999999999432983,0.7081459015964164
2.888888888888889,11.659144011798324,stable_coexistence,0,4.657034461858781e-09,29.999999999410544,0.7081459015972872
2.888888888888889,12.91549665014884,stable_coexistence,0,4.6223503840290374e-09,29.99999999939131,0.7081459015980598
2.888888888888889,14.307229891937586,stable_coexistence,0,4.586503503011454e-09,29.999999999376648,0.7081459015987394
2.888888888888889,15.848931924611142,stable_coexistence,0,4.526575144438163e-09,29.999999999377614,0.7081459015992935
2.888888888888889,17.556762912750013,stable_coexistence,0,4.499981306196821e-09,29.999999999365148,0.708145901599837
2.888888888888889,19.448624389373634,stable_coexistence,0,4.475583755551492e-09,29.999999999354326,0.7081459016003213
2.888888888888889,21.544346900318846,stable_coexistence,0,4.450213945595588e-09,29.99999999934646,0.7081459016007471
2.888888888888889,23.865897868585808,stable_coexistence,0,4.3918066221704895e-09,29.999999999357456,0.708145901601057
2.888888888888889,26.437611857491014,stable_coexistence,0,4.10405374876614e-09,29.999999999483297,0.7081459016009374
2.888888888888889,29.286445646252375,stable_coexistence,0,1.127497629409374e-06,29.950466057364455,3.296956393587374
2.888888888888889,32.4422607917163,stable_coexistence,0,7.366185900864663e-05,29.88006684572199,5.259619953730557
2.888888888888889,35.938136638046295,stable_coexistence,0,7.00651680357709e-05,29.879873319758826,5.222840802675022
2.888888888888889,39.810717055349734,stable_coexistence,0,6.370630671616233e-05,29.87969469999077,5.189022412832812
2.888888888888889,44.100594541767364,stable_coexistence,0,5.585092087794596e-05,29.87952972729971,5.157968166083297
2.888888888888889,48.852735715193916,stable_coexistence,0,5.202962238384353e-05,29.879377374463097,5.129488458257237
2.888888888888889,54.116952654646376,stable_coexistence,0,5.233764902513713e-05,29.87923677599328,5.10340131751005
2.888888888888889,59.948425031894146,stable_coexistence,0,5.1160897641083444e-05,29.87910717422538,5.079532886737483
2.888888888888889,66.40827850634845,stable_coexistence,0,4.880988631134712e-05,29.878987880875158,5.05771777365537
2.888888888888889,73.56422544596414,stable_coexistence,0,4.5585388322862315e-05,29.878878251689677,5.037799275546087
2.888888888888889,81.49127469020749,stable_coexistence,0,4.200690633797243e-05,29.878777671253804,5.019629488294838
2.888888888888889,90.27251779484578,stable_coexistence,0,3.890701219158027e-05,29.878685545115708,5.003069311193857
2.888888888888889,100.0,stable_coexistence,0,3.77860730608076e-05,29.878601296793747,4.987988360117665
3.1111111111111107,0.01,low_density_risk,4,31.327443836097515,80.9162287752287,0.0017866024226793713
3.1111111111111107,0.011077568505097092,low_density_risk,4,18.49321486264606,82.223918097988,0.12406883922981876
3.1111111111111107,0.012271252398511897,low_density_risk,4,7.834977629794529,75.67838255186247,0.27976514952862924
3.1111111111111107,0.013593563908785255,low_density_risk,4,6.646236211529066,70.22589586714139,0.308247229546871
3.1111111111111107,0.015058363542798407,low_density_risk,4,5.200254453158185,65.32638542736485,0.368523320602589
3.1111111111111107,0.016681005372000592,low_density_risk,4,4.021848614662837,59.6401905276762,0.4461966148448853
3.1111111111111107,0.018478497974222907,low_density_risk,4,3.3999243878715255,54.02142072928146,0.4948431628114695
3.1111111111111107,0.02046968271807521,oscillatory_coexistence,1,2.920747512583462,48.80097453593466,0.540762573103746
3.1111111111111107,0.02267543125870802,oscillatory_coexistence,1,2.524488208797926,43.7386864037848,0.5879103035816409
3.1111111111111107,0.025118864315095794,oscillatory_coexistence,1,2.213507731316486,38.979258019600756,0.6278680017224907
3.1111111111111107,0.027825594022071243,oscillatory_coexistence,1,2.0804823269599,34.73867157540621,0.662193503411906
3.1111111111111107,0.030823992397451434,oscillatory_coexistence,1,1.6888937249023719,31.45325862582306,0.6864251238432013
3.1111111111111107,0.034145488738336005,oscillatory_coexistence,1,1.0243949566969486,29.88661433646819,0.6849365876258628
3.1111111111111107,0.037824899063893865,oscillatory_coexistence,1,0.8751886102549341,29.72144040991462,0.6631883832001367
3.1111111111111107,0.04190079105786669,oscillatory_coexistence,1,0.324529613431182,29.98902334676744,0.6539998596282198
3.1111111111111107,0.046415888336127795,oscillatory_coexistence,1,0.26840230114882124,30.16180384270511,0.6573874130049006
3.1111111111111107,0.051417518276839276,oscillatory_coexistence,1,0.20962155624536669,30.137374538323346,0.6623820832544007
3.1111111111111107,0.056958108107376865,oscillatory_coexistence,1,0.1009794462058938,30.03617139479858,0.6645573109512402
3.1111111111111107,0.06309573444801933,oscillatory_coexistence,1,0.05680352170980177,29.97760902457233,0.6641908088706721
3.1111111111111107,0.06989473207273486,oscillatory_coexistence,1,0.04366834532952128,29.974816907996132,0.663234497435299
3.1111111111111107,0.0774263682681127,oscillatory_coexistence,1,0.01958561891768915,29.99128134406615,0.6627832826590705
3.1111111111111107,0.08576958985908942,oscillatory_coexistence,1,0.010591918950745894,30.001971223254614,0.6627875397122371
3.1111111111111107,0.0950118507318144,oscillatory_coexistence,1,0.00592142703165679,30.003707456495462,0.6629085162259435
3.1111111111111107,0.10525002852777332,oscillatory_coexistence,1,0.003257109421290409,30.001914429704176,0.662980275310017
3.1111111111111107,0.11659144011798317,oscillatory_coexistence,1,0.0015913635157660646,30.00038458487282,0.6629963764020221
3.1111111111111107,0.1291549665014884,stable_coexistence,0,0.0006581221883814753,29.9998361086933,0.662991150608549
3.1111111111111107,0.14307229891937578,stable_coexistence,0,0.00029193268766005787,29.99980850097099,0.6629847308563284
3.1111111111111107,0.15848931924611134,stable_coexistence,0,0.00015753374765595246,29.99989751388128,0.6629815915691346
3.1111111111111107,0.17556762912750015,stable_coexistence,0,6.783276221467802e-05,29.999961578472337,0.662980646333794
3.1111111111111107,0.19448624389373625,stable_coexistence,0,3.575323154793777e-05,29.999989788427047,0.6629805271576851
3.1111111111111107,0.21544346900318845,stable_coexistence,0,1.6012560115643118e-05,29.99999891242246,0.6629805951339437
3.1111111111111107,0.2386589786858581,stable_coexistence,0,6.641459573415243e-06,30.000000933155594,0.6629806629028901
3.1111111111111107,0.26437611857491,stable_coexistence,0,2.7005811432361976e-06,30.00000096964349,0.6629807029873793
3.1111111111111107,0.29286445646252374,stable_coexistence,0,1.1258877986070781e-06,30.000000663432303,0.662980723378067
3.1111111111111107,0.324422607917163,stable_coexistence,0,5.813168637924631e-07,30.00000040683843,0.6629807332909441
3.1111111111111107,0.35938136638046275,stable_coexistence,0,3.3669696231508184e-07,30.000000243093503,0.6629807381362741
3.1111111111111107,0.3981071705534973,stable_coexistence,0,2.0006900420727167e-07,30.000000146403764,0.6629807405851359
3.1111111111111107,0.44100594541767385,stable_coexistence,0,1.2231810193589588e-07,30.000000090156416,0.6629807418837715
3.1111111111111107,0.4885273571519389,stable_coexistence,0,7.707901415364523e-08,30.000000057039504,0.6629807426105288
3.1111111111111107,0.5411695265464638,stable_coexistence,0,5.0103694035948275e-08,30.000000037062517,0.6629807430397099
3.1111111111111107,0.5994842503189411,stable_coexistence,0,3.359657772173302e-08,30.000000024656718,0.6629807433062436
3.1111111111111107,0.6640827850634842,stable_coexistence,0,2.3224172571722744e-08,30.000000016718648,0.6629807434794328
3.1111111111111107,0.7356422544596414,stable_coexistence,0,1.8321640375605707e-08,30.0000000114912,0.6629807435965256
3.1111111111111107,0.8149127469020745,stable_coexistence,0,1.5728051035160698e-08,30.000000007956533,0.6629807436784466
3.1111111111111107,0.9027251779484579,stable_coexistence,0,1.3810062898114827e-08,30.00000000550862,0.6629807437374778
3.1111111111111107,1.0,stable_coexistence,0,1.234021359016434e-08,30.000000003776968,0.6629807437811006
3.1111111111111107,1.1077568505097097,stable_coexistence,0,1.1180737401640599e-08,30.00000000252854,0.6629807438140417
3.1111111111111107,1.2271252398511903,stable_coexistence,0,1.0244700613212254e-08,30.00000000161364,0.6629807438393849
3.1111111111111107,1.3593563908785256,stable_coexistence,0,9.474869836565329e-09,30.00000000093302,0.6629807438592025
3.1111111111111107,1.5058363542798414,stable_coexistence,0,8.832329356654548e-09,30.000000000420155,0.6629807438749162
3.1111111111111107,1.6681005372000592,stable_coexistence,0,8.289678513990845e-09,30.00000000002916,0.6629807438875339
3.1111111111111107,1.8478497974222907,stable_coexistence,0,7.826976992527942e-09,29.99999999972798,0.6629807438977754
3.1111111111111107,2.046968271807522,stable_coexistence,0,7.4293718437771386e-09,29.99999999949349,0.6629807439061706
3.1111111111111107,2.267543125870802,stable_coexistence,0,7.085521621445549e-09,29.999999999309534,0.6629807439131143
3.1111111111111107,2.5118864315095797,stable_coexistence,0,6.786551528344965e-09,29.999999999163993,0.6629807439189023
3.1111111111111107,2.782559402207126,stable_coexistence,0,6.525436191602864e-09,29.99999999904797,0.6629807439237613
3.1111111111111107,3.0823992397451434,stable_coexistence,0,6.296525967505815e-09,29.999999998954927,0.6629807439278665
3.1111111111111107,3.414548873833601,stable_coexistence,0,6.09517544607291e-09,29.999999998879694,0.6629807439313576
3.1111111111111107,3.782489906389386,stable_coexistence,0,5.917566762762259e-09,29.999999998818616,0.6629807439343416
3.1111111111111107,4.190079105786669,stable_coexistence,0,5.760509106995992e-09,29.99999999876865,0.6629807439369045
3.1111111111111107,4.641588833612782,stable_coexistence,0,5.621328824883815e-09,29.999999998727564,0.6629807439391145
3.1111111111111107,5.141751827683928,stable_coexistence,0,5.497741521530668e-09,29.999999998693657,0.6629807439410299
3.1111111111111107,5.695810810737687,stable_coexistence,0,5.387821034004006e-09,29.99999999866551,0.662980743942695
3.1111111111111107,6.309573444801936,stable_coexistence,0,5.289905284421322e-09,29.999999998641997,0.6629807439441477
3.1111111111111107,6.989473207273487,stable_coexistence,0,5.202552107876753e-09,29.999999998622293,0.6629807439454187
3.1111111111111107,7.742636826811269,stable_coexistence,0,5.124531554894824e-09,29.999999998605634,0.6629807439465346
3.1111111111111107,8.576958985908945,stable_coexistence,0,5.054748442272198e-09,29.999999998591672,0.6629807439475164
3.1111111111111107,9.50118507318144,stable_coexistence,0,4.992238800364106e-09,29.99999999857984,0.6629807439483815
3.1111111111111107,10.525002852777327,stable_coexistence,0,4.9361275957914875e-09,29.999999998569837,0.6629807439491454
3.1111111111111107,11.659144011798324,stable_coexistence,0,4.885539439903895e-09,29.999999998561467,0.6629807439498207
3.1111111111111107,12.91549665014884,stable_coexistence,0,4.8393358063910024e-09,29.999999998554838,0.6629807439504153
3.1111111111111107,14.307229891937586,stable_coexistence,0,4.7940597864191235e-09,29.99999999855162,0.6629807439509235
3.1111111111111107,15.848931924611142,stable_coexistence,0,4.729117009331986e-09,29.999999998564647,0.662980743951242
3.1111111111111107,17.556762912750013,stable_coexistence,0,4.6946772397761706e-09,29.999999998561158,0.6629807439516522
3.1111111111111107,19.448624389373634,stable_coexistence,0,4.663370608413719e-09,29.9999999985584,0.6629807439520161
3.1111111111111107,21.544346900318846,stable_coexistence,0,4.63248485519809e-09,29.99999999855784,0.6629807439523252
3.1111111111111107,23.865897868585808,stable_coexistence,0,4.575420931236026e-09,29.99999999857652,0.6629807439524369
3.1111111111111107,26.437611857491014,stable_coexistence,0,4.319842972406225e-09,29.999999998723617,0.6629807439514583
3.1111111111111107,29.286445646252375,stable_coexistence,0,9.010528397050882e-07,29.951793239330076,3.214955099062371
3.1111111111111107,32.4422607917163,stable_coexistence,0,7.137344588606315e-05,29.879925156745127,5.2326819114123335
3.1111111111111107,35.938136638046295,stable_coexistence,0,6.568571754720729e-05,29.879742562547285,5.198066729897298
3.1111111111111107,39.810717055349734,stable_coexistence,0,5.796292670123321e-05,29.8795739360833,5.166269256584639
3.1111111111111107,44.100594541767364,stable_coexistence,0,5.164637052592723e-05,29.879418193890725,5.13709788498014
3.1111111111111107,48.852735715193916,stable_coexistence,0,5.241606999077673e-05,29.879274431994773,5.110368483978214
3.1111111111111107,54.116952654646376,stable_coexistence,0,5.161745224683715e-05,29.879141867486045,5.085904917579721
3.1111111111111107,59.948425031894146,stable_coexistence,0,4.955890654602149e-05,29.879019796004375,5.063539430908175
3.1111111111111107,66.40827850634845,stable_coexistence,0,4.654618636092191e-05,29.878907563064153,5.043112908664233
3.1111111111111107,73.56422544596414,stable_coexistence,0,4.2952063184078586e-05,29.878804546355322,5.024475014999321
3.1111111111111107,81.49127469020749,stable_coexistence,0,3.9714340325815414e-05,29.87871014611643,5.007484225847861
3.1111111111111107,90.27251779484578,stable_coexistence,0,3.694367576187379e-05,29.87862378100835,4.992007766080636
3.1111111111111107,100.0,stable_coexistence,0,4.0566785839714154e-05,29.878544887438586,4.9779214644939715
3.333333333333333,0.01,low_density_risk,4,31.46270949427332,80.11676380645254,0.0002741224645152381
3.333333333333333,0.011077568505097092,low_density_risk,4,27.730043397666996,84.0787203872974,0.03412796573928271
3.333333333333333,0.012271252398511897,low_density_risk,4,8.516870559967467,78.75906096994972,0.24326900207349408
3.333333333333333,0.013593563908785255,low_density_risk,4,6.972009366220293,72.58051895504903,0.27756208635865454
3.333333333333333,0.015058363542798407,low_density_risk,4,5.662986716616371,67.53739741533646,0.31945515256235496
3.333333333333333,0.016681005372000592,low_density_risk,4,4.270777228113451,61.92655033368854,0.3964146526849134
3.333333333333333,0.018478497974222907,low_density_risk,4,3.530344880383457,56.040036842976626,0.4493466372677429
3.333333333333333,0.02046968271807521,low_density_risk,4,3.0264544836819436,50.61536786737774,0.4918319912067179
3.333333333333333,0.02267543125870802,oscillatory_coexistence,1,2.602345288222665,45.419641081701656,0.5374190960073885
3.333333333333333,0.025118864315095794,oscillatory_coexistence,1,2.273530821953927,40.47768229938374,0.5774537185365801
3.333333333333333,0.027825594022071243,oscillatory_coexistence,1,2.067226064915114,36.01078873265677,0.6116249828292171
3.333333333333333,0.030823992397451434,oscillatory_coexistence,1,1.890921308167062,32.31687495087146,0.6390102820601689
3.333333333333333,0.034145488738336005,oscillatory_coexistence,1,1.0203306468455993,30.176320260111876,0.6469330167261311
3.333333333333333,0.037824899063893865,oscillatory_coexistence,1,0.9305117086306319,29.691126560617814,0.6295966703347374
3.333333333333333,0.04190079105786669,oscillatory_coexistence,1,0.4465655497155351,29.902465744387264,0.6160660011492879
3.333333333333333,0.046415888336127795,oscillatory_coexistence,1,0.2671587831303398,30.124479921095016,0.6168903580266492
3.333333333333333,0.051417518276839276,oscillatory_coexistence,1,0.2230474373412803,30.150475795132994,0.6216365905614082
3.333333333333333,0.056958108107376865,oscillatory_coexistence,1,0.11616718907990845,30.059087022951573,0.6244104585894624
3.333333333333333,0.06309573444801933,oscillatory_coexistence,1,0.06059626881175959,29.987603351755144,0.6245367957260047
3.333333333333333,0.06989473207273486,oscillatory_coexistence,1,0.04410613178031796,29.974207096502482,0.6236882759245362
3.333333333333333,0.0774263682681127,oscillatory_coexistence,1,0.023340625546337646,29.98810877880933,0.6231589140814642
3.333333333333333,0.08576958985908942,oscillatory_coexistence,1,0.011775188139995472,30.00016474362918,0.6230911477991155
3.333333333333333,0.0950118507318144,oscillatory_coexistence,1,0.005639470127473839,30.00337066557188,0.6231885723259732
3.333333333333333,0.10525002852777332,oscillatory_coexistence,1,0.0034602911428399724,30.002120905007853,0.6232623377586713
3.333333333333333,0.11659144011798317,oscillatory_coexistence,1,0.0015774021025701777,30.000591365979275,0.6232845964652898
3.333333333333333,0.1291549665014884,stable_coexistence,0,0.0007261667224539953,29.99993146159888,0.623282786204486
3.333333333333333,0.14307229891937578,stable_coexistence,0,0.0002663042360146613,29.999833833498332,0.6232773877135778
3.333333333333333,0.15848931924611134,stable_coexistence,0,0.00015397164021249002,29.999897806886064,0.6232743125241477
3.333333333333333,0.17556762912750015,stable_coexistence,0,6.807784094054229e-05,29.999957271848253,0.6232732386308382
3.333333333333333,0.19448624389373625,stable_coexistence,0,3.401767985580343e-05,29.999986480816077,0.6232730201607003
3.333333333333333,0.21544346900318845,stable_coexistence,0,1.6093770553904033e-05,29.99999706878105,0.6232730377285459
3.333333333333333,0.2386589786858581,stable_coexistence,0,6.995422724361858e-06,30.000000014408858,0.6232730839546345
3.333333333333333,0.26437611857491,stable_coexistence,0,2.97540515298464e-06,30.000000525092986,0.6232731155789244
3.333333333333333,0.29286445646252374,stable_coexistence,0,1.2965601048858018e-06,30.000000444442914,0.6232731327587174
3.333333333333333,0.324422607917163,stable_coexistence,0,5.990954310980685e-07,30.00000029369752,0.6232731414491711
3.333333333333333,0.35938136638046275,stable_coexistence,0,3.0040863707332193e-07,30.000000180743296,0.6232731458121866
3.333333333333333,0.3981071705534973,stable_coexistence,0,1.653376514694792e-07,30.00000010952272,0.6232731480575993
3.333333333333333,0.44100594541767385,stable_coexistence,0,9.991422138496153e-08,30.000000066782178,0.6232731492618303
3.333333333333333,0.4885273571519389,stable_coexistence,0,6.577403252993603e-08,30.000000041272568,0.6232731499394714
3.333333333333333,0.5411695265464638,stable_coexistence,0,4.658977875032922e-08,30.00000002584244,0.6232731503399273
3.333333333333333,0.5994842503189411,stable_coexistence,0,3.503458061013755e-08,30.000000016307894,0.6232731505878361
3.333333333333333,0.6640827850634842,stable_coexistence,0,2.762490667863819e-08,30.000000010274047,0.6232731507479298
3.333333333333333,0.7356422544596414,stable_coexistence,0,2.260613361209842e-08,30.00000000636464,0.6232731508552614
3.333333333333333,0.8149127469020745,stable_coexistence,0,1.9043990441474345e-08,30.000000003776133,0.6232731509296134
3.333333333333333,0.9027251779484579,stable_coexistence,0,1.6414337029221266e-08,30.000000002028596,0.6232731509826008
3.333333333333333,1.0,stable_coexistence,0,1.440911082263078e-08,30.000000000828983,0.6232731510212896
3.333333333333333,1.1077568505097097,stable_coexistence,0,1.2838815048139244e-08,29.9999999999938,0.6232731510501439
3.333333333333333,1.2271252398511903,stable_coexistence,0,1.1582178771848084e-08,29.999999999405595,0.6232731510720623
3.333333333333333,1.3593563908785256,stable_coexistence,0,1.0558632368785563e-08,29.9999999989876,0.6232731510889815
3.333333333333333,1.5058363542798414,stable_coexistence,0,9.712859139623882e-09,29.99999999868854,0.6232731511022276
3.333333333333333,1.6681005372000592,stable_coexistence,0,9.005619835499789e-09,29.99999999847339,0.6232731511127297
3.333333333333333,1.8478497974222907,stable_coexistence,0,8.408391731504638e-09,29.999999998318277,0.6232731511211503
3.333333333333333,2.046968271807522,stable_coexistence,0,7.899903546613987e-09,29.999999998206523,0.6232731511279688
3.333333333333333,2.267543125870802,stable_coexistence,0,7.463936432346525e-09,29.99999999812622,0.6232731511335416
3.333333333333333,2.5118864315095797,stable_coexistence,0,7.0879288221036945e-09,29.999999998068873,0.623273151138134
3.333333333333333,2.782559402207126,stable_coexistence,0,6.761983921392426e-09,29.999999998028244,0.623273151141947
3.333333333333333,3.0823992397451434,stable_coexistence,0,6.478177876048449e-09,29.99999999800009,0.6232731511451355
3.333333333333333,3.414548873833601,stable_coexistence,0,6.230112722432162e-09,29.99999999798096,0.6232731511478184
3.333333333333333,3.782489906389386,stable_coexistence,0,6.012554602752378e-09,29.99999999796843,0.6232731511500892
3.333333333333333,4.190079105786669,stable_coexistence,0,5.8211726406110535e-09,29.99999999796088,0.623273151152022
3.333333333333333,4.641588833612782,stable_coexistence,0,5.652378358345161e-09,29.99999999795688,0.6232731511536763
3.333333333333333,5.141751827683928,stable_coexistence,0,5.503146146562089e-09,29.999999997955445,0.6232731511550967
3.333333333333333,5.695810810737687,stable_coexistence,0,5.370938538728649e-09,29.999999997955832,0.6232731511563223
3.333333333333333,6.309573444801936,stable_coexistence,0,5.253585418906012e-09,29.9999999979575,0.6232731511573846
3.333333333333333,6.989473207273487,stable_coexistence,0,5.149246007713365e-09,29.999999997960007,0.6232731511583084
3.333333333333333,7.742636826811269,stable_coexistence,0,5.056320636604877e-09,29.999999997963076,0.6232731511591132
3.333333333333333,8.576958985908945,stable_coexistence,0,4.973444352985094e-09,29.999999997966505,0.6232731511598173
3.333333333333333,9.50118507318144,stable_coexistence,0,4.899412076374107e-09,29.99999999797018,0.6232731511604347
3.333333333333333,10.525002852777327,stable_coexistence,0,4.83315443995454e-09,29.999999997973973,0.6232731511609765
3.333333333333333,11.659144011798324,stable_coexistence,0,4.773659512446814e-09,29.999999997977877,0.6232731511614527
3.333333333333333,12.91549665014884,stable_coexistence,0,4.719762240611736e-09,29.99999999798218,0.6232731511618674
3.333333333333333,14.307229891937586,stable_coexistence,0,4.6685569783547395e-09,29.999999997988617,0.623273151162208
3.333333333333333,15.848931924611142,stable_coexistence,0,4.602877723719398e-09,29.99999999801061,0.6232731511623285
3.333333333333333,17.556762912750013,stable_coexistence,0,4.56334987605443e-09,29.999999998014847,0.6232731511626083
3.333333333333333,19.448624389373634,stable_coexistence,0,4.527620116159953e-09,29.999999998019,0.6232731511628544
3.333333333333333,21.544346900318846,stable_coexistence,0,4.493464445272674e-09,29.999999998024506,0.6232731511630537
3.333333333333333,23.865897868585808,stable_coexistence,0,4.440353981091009e-09,29.99999999804791,0.6232731511630205
3.333333333333333,26.437611857491014,stable_coexistence,0,4.227869373368879e-09,29.99999999820087,0.6232731511615139
3.333333333333333,29.286445646252375,stable_coexistence,0,7.908674800290514e-07,29.953026139111852,3.1402618079391154
3.333333333333333,32.4422607917163,stable_coexistence,0,6.781526679417661e-05,29.879800466284408,5.209026332578324
3.333333333333333,35.938136638046295,stable_coexistence,0,6.0601345773182776e-05,29.879627418164898,5.176332162596263
3.333333333333333,39.810717055349734,stable_coexistence,0,5.299899548714552e-05,29.879467584224162,5.146325733038047
3.333333333333333,44.100594541767364,stable_coexistence,0,5.235394276099637e-05,29.87932000926564,5.118820413427436
3.333333333333333,48.852735715193916,stable_coexistence,0,5.203270714398226e-05,29.87918387638033,5.0936374139441885
3.333333333333333,54.116952654646376,stable_coexistence,0,5.0349850446707525e-05,29.879058459407343,5.070606214488713
3.333333333333333,59.948425031894146,stable_coexistence,0,4.761521393803698e-05,29.878943090047024,5.049564863836023
3.333333333333333,66.40827850634845,stable_coexistence,0,4.41232995520318e-05,29.878837136909926,5.030360157018815
3.333333333333333,73.56422544596414,stable_coexistence,0,4.0713726360772454e-05,29.87873999356635,5.012847701391279
3.333333333333333,81.49127469020749,stable_coexistence,0,3.780032062477351e-05,29.878651072883443,4.996891883384286
3.333333333333333,90.27251779484578,stable_coexistence,0,3.935558724783635e-05,29.878569805419293,4.982365748820857
3.333333333333333,100.0,stable_coexistence,0,4.290057191658251e-05,29.878495640169252,4.969150809920181
3.5555555555555554,0.01,low_density_risk,4,31.471939747539775,79.3056493302928,4.61281405626141e-05
3.5555555555555554,0.011077568505097092,low_density_risk,4,30.677436147031266,84.39680236716019,0.007553739995598082
3.5555555555555554,0.012271252398511897,low_density_risk,4,10.396161556066069,81.80000506657508,0.18894640290849932
3.5555555555555554,0.013593563908785255,low_density_risk,4,7.255614639219303,74.9493132857582,0.2527121707383801
3.5555555555555554,0.015058363542798407,low_density_risk,4,6.064996314716715,69.54363227199815,0.28246300014424097
3.5555555555555554,0.016681005372000592,low_density_risk,4,4.568861944636523,64.0615096644898,0.3507142591630281
3.5555555555555554,0.018478497974222907,low_density_risk,4,3.66477086918113,57.982692449625304,0.40948869557119316
3.5555555555555554,0.02046968271807521,low_density_risk,4,3.1279770260649262,52.32767449873604,0.4499685659503115
3.5555555555555554,0.02267543125870802,oscillatory_coexistence,1,2.6804567492035027,47.005602633393174,0.49322670247647965
3.5555555555555554,0.025118864315095794,oscillatory_coexistence,1,2.329814884937025,41.90612200202982,0.5332362444507388
3.5555555555555554,0.027825594022071243,oscillatory_coexistence,1,2.0388423494348116,37.24709551598055,0.5670562126033285
3.5555555555555554,0.030823992397451434,oscillatory_coexistence,1,2.006219250670093,33.24553121389447,0.5957947953329252
3.5555555555555554,0.034145488738336005,oscillatory_coexistence,1,1.280231743038725,30.582008395272894,0.6103979698170712
3.5555555555555554,0.037824899063893865,oscillatory_coexistence,1,0.9217734948510129,29.717444859609117,0.5995536378627139
3.5555555555555554,0.04190079105786669,oscillatory_coexistence,1,0.5923121674387379,29.825108604476956,0.5834732748711691
3.5555555555555554,0.046415888336127795,oscillatory_coexistence,1,0.2659165974732645,30.075916767735478,0.5814185987196366
3.5555555555555554,0.051417518276839276,oscillatory_coexistence,1,0.22578696092356795,30.152958955668566,0.5855449260440037
3.5555555555555554,0.056958108107376865,oscillatory_coexistence,1,0.13825217388942332,30.079726424258865,0.5887192548755679
3.5555555555555554,0.06309573444801933,oscillatory_coexistence,1,0.06911300364978559,29.99936019646161,0.5893169109647443
3.5555555555555554,0.06989473207273486,oscillatory_coexistence,1,0.04318137481295744,29.9752410154093,0.5886270291170291
3.5555555555555554,0.0774263682681127,oscillatory_coexistence,1,0.026413375025748476,29.985508792087685,0.5880537345913748
3.5555555555555554,0.08576958985908942,oscillatory_coexistence,1,0.012580070443378435,29.99831685855289,0.5879215568324268
3.5555555555555554,0.0950118507318144,oscillatory_coexistence,1,0.005397874841155448,30.002876404790715,0.5879925168620581
3.5555555555555554,0.10525002852777332,oscillatory_coexistence,1,0.003557221196231304,30.00223497283278,0.5880648954051618
3.5555555555555554,0.11659144011798317,oscillatory_coexistence,1,0.0015211117151260963,30.000768818388227,0.5880917558220611
3.5555555555555554,0.1291549665014884,stable_coexistence,0,0.0007748707645207568,30.00002462331879,0.5880930104000465
3.5555555555555554,0.14307229891937578,stable_coexistence,0,0.0002552091758488573,29.99986310808772,0.5880886878922894
3.5555555555555554,0.15848931924611134,stable_coexistence,0,0.00014692667299524316,29.999901390614976,0.5880857760846973
3.5555555555555554,0.17556762912750015,stable_coexistence,0,6.963983096754116e-05,29.999954748620443,0.5880846334064047
3.5555555555555554,0.19448624389373625,stable_coexistence,0,3.1716998565533015e-05,29.99998397980446,0.5880843419536363
3.5555555555555554,0.21544346900318845,stable_coexistence,0,1.580989931387451e-05,29.99999555646859,0.5880843186447019
3.5555555555555554,0.2386589786858581,stable_coexistence,0,7.1539645278753274e-06,29.999999225204125,0.5880843462434457
3.5555555555555554,0.26437611857491,stable_coexistence,0,3.1529356006878076e-06,30.000000130467185,0.5880843701102431
3.5555555555555554,0.29286445646252374,stable_coexistence,0,1.4194870009589825e-06,30.000000245075025,0.5880843841528758
3.5555555555555554,0.324422607917163,stable_coexistence,0,6.751439526115895e-07,30.00000018875031,0.5880843915587682
3.5555555555555554,0.35938136638046275,stable_coexistence,0,3.46544092749733e-07,30.000000122218353,0.588084395371746
3.5555555555555554,0.3981071705534973,stable_coexistence,0,1.938193013400335e-07,30.000000074734352,0.5880843973647167
3.5555555555555554,0.44100594541767385,stable_coexistence,0,1.1807631844269962e-07,30.00000004476636,0.5880843984428105
3.5555555555555554,0.4885273571519389,stable_coexistence,0,7.777962812120161e-08,30.00000002652164,0.5880843990514452
3.5555555555555554,0.5411695265464638,stable_coexistence,0,5.4797363773863135e-08,30.000000015456077,0.5880843994107742
3.5555555555555554,0.5994842503189411,stable_coexistence,0,4.0808877687496186e-08,30.000000008681365,0.5880843996322495
3.5555555555555554,0.6640827850634842,stable_coexistence,0,3.1781325892170333e-08,30.000000004474533,0.5880843997742714
3.5555555555555554,0.7356422544596414,stable_coexistence,0,2.5649423798155453e-08,30.00000000182466,0.5880843998686204
3.5555555555555554,0.8149127469020745,stable_coexistence,0,2.1298214036750866e-08,30.00000000013503,0.5880843999332779
3.5555555555555554,0.9027251779484579,stable_coexistence,0,1.8094834312976405e-08,29.999999999048466,0.5880843999788017
3.5555555555555554,1.0,stable_coexistence,0,1.5663281872388177e-08,29.999999998347164,0.5880844000116124
3.5555555555555554,1.1077568505097097,stable_coexistence,0,1.3770281034926663e-08,29.99999999789599,0.5880844000357475
3.5555555555555554,1.2271252398511903,stable_coexistence,0,1.226553531431945e-08,29.99999999760926,0.5880844000538167
3.5555555555555554,1.3593563908785256,stable_coexistence,0,1.1048643364118575e-08,29.99999999743125,0.58808440006756
3.5555555555555554,1.5058363542798414,stable_coexistence,0,1.005038801901566e-08,29.999999997325965,0.5880844000781571
3.5555555555555554,1.6681005372000592,stable_coexistence,0,9.221652775566243e-09,29.999999997269317,0.5880844000864297
3.5555555555555554,1.8478497974222907,stable_coexistence,0,8.526688333959955e-09,29.999999997245048,0.588084400092959
3.5555555555555554,2.046968271807522,stable_coexistence,0,7.938918145830408e-09,29.99999999724222,0.588084400098165
3.5555555555555554,2.267543125870802,stable_coexistence,0,7.438143494405649e-09,29.9999999972534,0.5880844001023539
3.5555555555555554,2.5118864315095797,stable_coexistence,0,7.00877329570669e-09,29.999999997273285,0.5880844001057531
3.5555555555555554,2.782559402207126,stable_coexistence,0,6.638602320313683e-09,29.999999997298502,0.5880844001085337
3.5555555555555554,3.0823992397451434,stable_coexistence,0,6.317912475229347e-09,29.99999999732654,0.5880844001108226
3.5555555555555554,3.414548873833601,stable_coexistence,0,6.038909461913352e-09,29.999999997355793,0.5880844001127226
3.5555555555555554,3.782489906389386,stable_coexistence,0,5.795256660247779e-09,29.999999997385068,0.5880844001143068
3.5555555555555554,4.190079105786669,stable_coexistence,0,5.5817656871756885e-09,29.99999999741366,0.5880844001156371
3.5555555555555554,4.641588833612782,stable_coexistence,0,5.394138114416697e-09,29.999999997441208,0.5880844001167609
3.5555555555555554,5.141751827683928,stable_coexistence,0,5.228800740976133e-09,29.99999999746732,0.5880844001177128
3.5555555555555554,5.695810810737687,stable_coexistence,0,5.082759221341405e-09,29.999999997491862,0.5880844001185241
3.5555555555555554,6.309573444801936,stable_coexistence,0,4.953481062778205e-09,29.99999999751476,0.5880844001192193
3.5555555555555554,6.989473207273487,stable_coexistence,0,4.838815689272737e-09,29.999999997535976,0.5880844001198153
3.5555555555555554,7.742636826811269,stable_coexistence,0,4.736939374469672e-09,29.999999997555587,0.5880844001203314
3.5555555555555554,8.576958985908945,stable_coexistence,0,4.646267134372931e-09,29.99999999757364,0.5880844001207783
3.5555555555555554,9.50118507318144,stable_coexistence,0,4.565438516490953e-09,29.999999997590233,0.5880844001211666
3.5555555555555554,10.525002852777327,stable_coexistence,0,4.4932572037041555e-09,29.99999999760549,0.5880844001215043
3.5555555555555554,11.659144011798324,stable_coexistence,0,4.428624933790495e-09,29.999999997619586,0.588084400121797
3.5555555555555554,12.91549665014884,stable_coexistence,0,4.370399272454498e-09,29.99999999763288,0.5880844001220473
3.5555555555555554,14.307229891937586,stable_coexistence,0,4.3162324680729774e-09,29.999999997647105,0.5880844001222388
3.5555555555555554,15.848931924611142,stable_coexistence,0,4.252907359943805e-09,29.99999999767536,0.5880844001222005
3.5555555555555554,17.556762912750013,stable_coexistence,0,4.210679094610095e-09,29.999999997685897,0.5880844001223626
3.5555555555555554,19.448624389373634,stable_coexistence,0,4.172644097231937e-09,29.999999997695628,0.588084400122503
3.5555555555555554,21.544346900318846,stable_coexistence,0,4.137079301674781e-09,29.999999997705956,0.588084400122607
3.5555555555555554,23.865897868585808,stable_coexistence,0,4.0893315403672486e-09,29.999999997731916,0.588084400122473
3.5555555555555554,26.437611857491014,stable_coexistence,0,3.92382245241896e-09,29.999999997880153,0.5880844001206881
3.5555555555555554,29.286445646252375,stable_coexistence,0,6.519047558210026e-07,29.95417575203837,3.0718189658923274
3.5555555555555554,32.4422607917163,stable_coexistence,0,6.34911603101089e-05,29.87968974094208,5.188084688713751
3.5555555555555554,35.938136638046295,stable_coexistence,0,5.563599261649742e-05,29.879525146448564,5.157107668709168
3.5555555555555554,39.810717055349734,stable_coexistence,0,5.2068831695852355e-05,29.879373144538356,5.128699805191865
3.5555555555555554,44.100594541767364,stable_coexistence,0,5.232795930881963e-05,29.87923287364308,5.102679355290741
3.5555555555555554,48.852735715193916,stable_coexistence,0,5.111114080193714e-05,29.87910357866855,5.0788727028517835
3.5555555555555554,54.116952654646376,stable_coexistence,0,4.87292625935191e-05,29.87898457297264,5.057114704775108
3.5555555555555554,59.948425031894146,stable_coexistence,0,4.548213038196132e-05,29.878875213353265,5.037248912263148
3.5555555555555554,66.40827850634845,stable_coexistence,0,4.1910383584503384e-05,29.87877488511099,5.019127676669463
3.5555555555555554,73.56422544596414,stable_coexistence,0,3.882393508831846e-05,29.878682994350548,5.002612151466291
3.5555555555555554,81.49127469020749,stable_coexistence,0,3.7911972509310275e-05,29.87859896510085,4.987572202960333
3.5555555555555554,90.27251779484578,stable_coexistence,0,4.1656435775676295e-05,29.87852223936512,4.973886242850393
3.5555555555555554,100.0,stable_coexistence,0,4.486687567155796e-05,29.87845227870421,4.96144099565976
3.7777777777777777,0.01,low_density_risk,4,31.461196023035814,78.51977497789646,8.461539302546776e-06
3.7777777777777777,0.011077568505097092,low_density_risk,4,31.38604798731152,84.02380926951676,0.001669392015368683
3.7777777777777777,0.012271252398511897,low_density_risk,4,17.099784236289683,84.44835881195247,0.10849792558732006
3.7777777777777777,0.013593563908785255,low_density_risk,4,7.565581387741402,77.34814271117493,0.2302754526054961
3.7777777777777777,0.015058363542798407,low_density_risk,4,6.3883161049409996,71.43275843438923,0.2546670495661088
3.7777777777777777,0.016681005372000592,low_density_risk,4,4.906337653294294,66.02431396587652,0.31000189132375267
3.7777777777777777,0.018478497974222907,low_density_risk,4,3.810583400935711,59.85359497965349,0.37364875481895776
3.7777777777777777,0.02046968271807521,low_density_risk,4,3.2254531330743497,53.95722089081254,0.4138513352281696
3.7777777777777777,0.02267543125870802,oscillatory_coexistence,1,2.758315751355172,48.50311612401822,0.4544293511594729
3.7777777777777777,0.025118864315095794,oscillatory_coexistence,1,2.384540028226374,43.267942161784475,0.49413963040065134
3.7777777777777777,0.027825594022071243,oscillatory_coexistence,1,2.0892439979169843,38.438714724703,0.5276262376576417
3.7777777777777777,0.030823992397451434,oscillatory_coexistence,1,2.0581482509324442,34.198816548302894,0.5567460880279912
3.7777777777777777,0.034145488738336005,oscillatory_coexistence,1,1.5235500336589036,31.08718088421426,0.5757050873843254
3.7777777777777777,0.037824899063893865,oscillatory_coexistence,1,0.9147263750080936,29.805145677590684,0.5717435031680296
3.7777777777777777,0.04190079105786669,oscillatory_coexistence,1,0.7140812949813395,29.76371995167161,0.5551703529220006
3.7777777777777777,0.046415888336127795,oscillatory_coexistence,1,0.27727789260245744,30.020886629897372,0.5502096712427483
3.7777777777777777,0.051417518276839276,oscillatory_coexistence,1,0.22454847051763127,30.145546885411378,0.5534072945419093
3.7777777777777777,0.056958108107376865,oscillatory_coexistence,1,0.15646810480023154,30.096992661947834,0.5567913937627431
3.7777777777777777,0.06309573444801933,oscillatory_coexistence,1,0.07543757210352381,30.01213007615038,0.5578146587221928
3.7777777777777777,0.06989473207273486,oscillatory_coexistence,1,0.042336925387274245,29.977719364100665,0.5573161782853441
3.7777777777777777,0.0774263682681127,oscillatory_coexistence,1,0.028728082880052477,29.983528700702422,0.556729353000439
3.7777777777777777,0.08576958985908942,oscillatory_coexistence,1,0.013022502689222415,29.996506215843493,0.556542031204873
3.7777777777777777,0.0950118507318144,oscillatory_coexistence,1,0.005580956443435961,30.002266303914936,0.5565854263470437
3.7777777777777777,0.10525002852777332,oscillatory_coexistence,1,0.0035604942678119835,30.00226827390652,0.5566538609397417
3.7777777777777777,0.11659144011798317,oscillatory_coexistence,1,0.0016167607468644172,30.000916667018306,0.5566839544902703
3.7777777777777777,0.1291549665014884,stable_coexistence,0,0.0008063233888675909,30.000113086968142,0.5566878854635143
3.7777777777777777,0.14307229891937578,stable_coexistence,0,0.0002898648881051182,29.99989450352901,0.5566846319609327
3.7777777777777777,0.15848931924611134,stable_coexistence,0,0.00013738778119266258,29.999907347257825,0.5566819461216806
3.7777777777777777,0.17556762912750015,stable_coexistence,0,6.974862509930177e-05,29.999953631093014,0.5566807790097259
3.7777777777777777,0.19448624389373625,stable_coexistence,0,2.9070912716949767e-05,29.99998215329743,0.5566804358090958
3.7777777777777777,0.21544346900318845,stable_coexistence,0,1.526708517472926e-05,29.999994337402143,0.5566803799813008
3.7777777777777777,0.2386589786858581,stable_coexistence,0,7.16339384084283e-06,29.99999855845284,0.556680391828999
3.7777777777777777,0.26437611857491,stable_coexistence,0,3.252041307758164e-06,29.99999978708065,0.5566804088155333
3.7777777777777777,0.29286445646252374,stable_coexistence,0,1.5019562664105227e-06,30.00000006800553,0.5566804199477016
3.7777777777777777,0.324422607917163,stable_coexistence,0,7.298309707265165e-07,30.00000009424733,0.5566804261067536
3.7777777777777777,0.35938136638046275,stable_coexistence,0,3.808061375082797e-07,30.000000069107593,0.5566804293615994
3.7777777777777777,0.3981071705534973,stable_coexistence,0,2.15241317556189e-07,30.000000043096836,0.5566804310879889
3.7777777777777777,0.44100594541767385,stable_coexistence,0,1.317231562439344e-07,30.000000024800805,0.5566804320286941
3.7777777777777777,0.4885273571519389,stable_coexistence,0,8.669185235478676e-08,30.00000001323615,0.556680432560787
3.7777777777777777,0.5411695265464638,stable_coexistence,0,6.075681361206056e-08,30.000000006195215,0.5566804328742068
3.7777777777777777,0.5994842503189411,stable_coexistence,0,4.486889745379415e-08,30.0000000019648,0.556680433066311
3.7777777777777777,0.6640827850634842,stable_coexistence,0,3.458027571021926e-08,29.99999999943896,0.5566804331884901
3.7777777777777777,0.7356422544596414,stable_coexistence,0,2.758611520145046e-08,29.999999997942993,0.5566804332688058
3.7777777777777777,0.8149127469020745,stable_coexistence,0,2.262957241075094e-08,29.999999997072567,0.5566804333231685
3.7777777777777777,0.9027251779484579,stable_coexistence,0,1.8991527523138682e-08,29.999999996584638,0.5566804333609099
3.7777777777777777,1.0,stable_coexistence,0,1.6241706174560202e-08,29.99999999633183,0.5566804333876937
3.7777777777777777,1.1077568505097097,stable_coexistence,0,1.4111873745411127e-08,29.999999996223835,0.5566804334070669
3.7777777777777777,1.2271252398511903,stable_coexistence,0,1.2428396446902356e-08,29.999999996204075,0.5566804334213115
3.7777777777777777,1.3593563908785256,stable_coexistence,0,1.1074994434036144e-08,29.99999999623747,0.5566804334319418
3.7777777777777777,1.5058363542798414,stable_coexistence,0,9.971367022195957e-09,29.999999996301582,0.5566804334399746
3.7777777777777777,1.6681005372000592,stable_coexistence,0,9.060545736998667e-09,29.99999999638241,0.5566804334461143
3.7777777777777777,1.8478497974222907,stable_coexistence,0,8.301105936947076e-09,29.999999996470876,0.5566804334508552
3.7777777777777777,2.046968271807522,stable_coexistence,0,7.662292134992374e-09,29.99999999656119,0.5566804334545498
3.7777777777777777,2.267543125870802,stable_coexistence,0,7.120834293383201e-09,29.999999996650107,0.5566804334574533
3.7777777777777777,2.5118864315095797,stable_coexistence,0,6.658836327502958e-09,29.99999999673533,0.5566804334597523
3.7777777777777777,2.782559402207126,stable_coexistence,0,6.262323993365373e-09,29.999999996815646,0.5566804334615875
3.7777777777777777,3.0823992397451434,stable_coexistence,0,5.920263272825038e-09,29.99999999689068,0.5566804334630605
3.7777777777777777,3.414548873833601,stable_coexistence,0,5.623822711793977e-09,29.99999999696011,0.5566804334642514
3.7777777777777777,3.782489906389386,stable_coexistence,0,5.36586881647533e-09,29.99999999702397,0.5566804334652209
3.7777777777777777,4.190079105786669,stable_coexistence,0,5.1405840182190774e-09,29.999999997082433,0.556680433466012
3.7777777777777777,4.641588833612782,stable_coexistence,0,4.943194298806619e-09,29.99999999713579,0.556680433466663
3.7777777777777777,5.141751827683928,stable_coexistence,0,4.7697388561805746e-09,29.99999999718438,0.5566804334672003
3.7777777777777777,5.695810810737687,stable_coexistence,0,4.616912363957424e-09,29.999999997228517,0.5566804334676468
3.7777777777777777,6.309573444801936,stable_coexistence,0,4.4819395606346134e-09,29.999999997268553,0.5566804334680197
3.7777777777777777,6.989473207273487,stable_coexistence,0,4.362483826425205e-09,29.99999999730486,0.5566804334683321
3.7777777777777777,7.742636826811269,stable_coexistence,0,4.256548773088973e-09,29.999999997337728,0.5566804334685954
3.7777777777777777,8.576958985908945,stable_coexistence,0,4.162442716795585e-09,29.999999997367496,0.5566804334688179
3.7777777777777777,9.50118507318144,stable_coexistence,0,4.078699926304729e-09,29.999999997394422,0.5566804334690065
3.7777777777777777,10.525002852777327,stable_coexistence,0,4.004048293271612e-09,29.99999999741884,0.5566804334691655
3.7777777777777777,11.659144011798324,stable_coexistence,0,3.937357936322415e-09,29.999999997441012,0.5566804334692999
3.7777777777777777,12.91549665014884,stable_coexistence,0,3.877525501012098e-09,29.99999999746144,0.5566804334694087
3.7777777777777777,14.307229891937586,stable_coexistence,0,3.822737919126207e-09,29.99999999748168,0.5566804334694745
3.7777777777777777,15.848931924611142,stable_coexistence,0,3.763860808522882e-09,29.999999997513882,0.556680433469317
3.7777777777777777,17.556762912750013,stable_coexistence,0,3.720834722119968e-09,29.99999999752937,0.5566804334693788
3.7777777777777777,19.448624389373634,stable_coexistence,0,3.682187355326746e-09,29.99999999754349,0.5566804334694295
3.7777777777777777,21.544346900318846,stable_coexistence,0,3.6466493235455127e-09,29.999999997557502,0.5566804334694537
3.7777777777777777,23.865897868585808,stable_coexistence,0,3.6048791214269046e-09,29.99999999758443,0.5566804334692531
3.7777777777777777,26.437611857491014,stable_coexistence,0,3.485952386274962e-09,29.999999997721158,0.5566804334673663
3.7777777777777777,29.286445646252375,stable_coexistence,0,4.4620473957350123e-07,29.955251318556165,3.008775356091106
3.7777777777777777,32.4422607917163,stable_coexistence,0,5.8780237121990164e-05,29.879590662926763,5.169413128254262
3.7777777777777777,35.938136638046295,stable_coexistence,0,5.1497166126977245e-05,29.87943363969346,5.139980466908883
3.7777777777777777,39.810717055349734,stable_coexistence,0,5.2419387163129804e-05,29.87928868309363,5.113008340307095
3.7777777777777777,44.100594541767364,stable_coexistence,0,5.1766589924569635e-05,29.879155000082445,5.088319770677133
3.7777777777777777,48.852735715193916,stable_coexistence,0,4.982166829099014e-05,29.879031879828485,5.065746127705501
3.7777777777777777,54.116952654646376,stable_coexistence,0,4.689229459235761e-05,29.8789186637457,5.045127399731214
3.7777777777777777,59.948425031894146,stable_coexistence,0,4.3314951503599394e-05,29.87881472680592,5.026312345327466
3.7777777777777777,66.40827850634845,stable_coexistence,0,4.002409827832067e-05,29.87871946721017,5.009158536134098
3.7777777777777777,73.56422544596414,stable_coexistence,0,3.7209454660005515e-05,29.878632301806384,4.993532303199231
3.7777777777777777,81.49127469020749,stable_coexistence,0,4.019808749527639e-05,29.87855266514244,4.9793085998071485
3.7777777777777777,90.27251779484578,stable_coexistence,0,4.36235824065508e-05,29.87848001055888,4.966370793904678
3.7777777777777777,100.0,stable_coexistence,0,4.6530670626677166e-05,29.8784138122105,4.954610402913945
4.0,0.01,low_density_risk,4,31.447004056342298,77.76289070217132,1.679136268219763e-06
4.0,0.011077568505097092,low_density_risk,4,31.54592901859503,83.47331094467924,0.0003891599915313031
4.0,0.012271252398511897,low_density_risk,4,25.377830241984014,86.2350418896168,0.043489421335247226
4.0,0.013593563908785255,low_density_risk,4,8.013400399432182,79.76661480177171,0.20708631709205938
4.0,0.015058363542798407,low_density_risk,4,6.647921661548699,73.27495140396267,0.23299762224524015
4.0,0.016681005372000592,low_density_risk,4,5.255608564581425,67.81410843519843,0.27541675013664035
4.0,0.018478497974222907,low_density_risk,4,3.975092308566393,61.64851193757412,0.3407413166473736
4.0,0.02046968271807521,low_density_risk,4,3.320205036149376,55.51984885085711,0.3823186425699554
4.0,0.02267543125870802,low_density_risk,4,2.8351441240642172,49.9201180021343,0.42029759307276343
4.0,0.025118864315095794,oscillatory_coexistence,1,2.438773283017188,44.56661724299542,0.4593344929162101
4.0,0.027825594022071243,oscillatory_coexistence,1,2.1336847515770803,39.58375298219759,0.49256117665046384
4.0,0.030823992397451434,oscillatory_coexistence,1,2.0694802489732584,35.15061705433961,0.5215689854684994
4.0,0.034145488738336005,oscillatory_coexistence,1,1.7187596325729309,31.669836535370926,0.5431845595208626
4.0,0.037824899063893865,oscillatory_coexistence,1,0.9099958794903102,29.9560338763198,0.5454473133552598
4.0,0.04190079105786669,oscillatory_coexistence,1,0.7931710154411378,29.723306432122445,0.5302310060638112
4.0,0.046415888336127795,oscillatory_coexistence,1,0.28954428998791093,29.9636258459647,0.5226307646189764
4.0,0.051417518276839276,oscillatory_coexistence,1,0.22342265597444394,30.129521809384464,0.5246568461068958
4.0,0.056958108107376865,oscillatory_coexistence,1,0.1702943508071459,30.11019300954105,0.5280751612564932
4.0,0.06309573444801933,oscillatory_coexistence,1,0.07941181692935256,30.02525721812055,0.5294643039852616
4.0,0.06989473207273486,oscillatory_coexistence,1,0.041587582313510896,29.98142161428124,0.5291750075452655
4.0,0.0774263682681127,oscillatory_coexistence,1,0.030262894418137447,29.982177626803196,0.5286005178527029
4.0,0.08576958985908942,oscillatory_coexistence,1,0.013130055117943995,29.99478943920298,0.5283679547710765
4.0,0.0950118507318144,oscillatory_coexistence,1,0.006309860210792047,30.001575302772178,0.5283839765394638
4.0,0.10525002852777332,oscillatory_coexistence,1,0.003483084137784152,30.002232405927735,0.5284466051394133
4.0,0.11659144011798317,oscillatory_coexistence,1,0.001741037359692338,30.00103600829812,0.5284787619062824
4.0,0.1291549665014884,stable_coexistence,0,0.0008227511972910376,30.000195398183067,0.5284849799519211
4.0,0.14307229891937578,stable_coexistence,0,0.00031939078382753783,29.999926736996493,0.5284827510074727
4.0,0.15848931924611134,stable_coexistence,0,0.00012749127138081713,29.999914974284383,0.5284803276870251
4.0,0.17556762912750015,stable_coexistence,0,6.871856909576959e-05,29.999953608793895,0.528479168405728
4.0,0.19448624389373625,stable_coexistence,0,2.9655929332070906e-05,29.999980882191174,0.528478790284409
4.0,0.21544346900318845,stable_coexistence,0,1.4545999116330661e-05,29.999993371066743,0.5284787090234176
4.0,0.2386589786858581,stable_coexistence,0,7.061532790670508e-06,29.999998002225805,0.5284787077572468
4.0,0.26437611857491,stable_coexistence,0,3.2896180408525196e-06,29.999999492326843,0.5284787187680396
4.0,0.29286445646252374,stable_coexistence,0,1.5514234755990442e-06,29.999999913260098,0.5284787272812649
4.0,0.324422607917163,stable_coexistence,0,7.665255179841856e-07,30.000000010745083,0.5284787322817863
4.0,0.35938136638046275,stable_coexistence,0,4.048157276653747e-07,30.00000002192664,0.5284787350029256
4.0,0.3981071705534973,stable_coexistence,0,2.3046518779640916e-07,30.00000001497858,0.5284787364682967
4.0,0.44100594541767385,stable_coexistence,0,1.4137960535224303e-07,30.000000007123283,0.5284787372721972
4.0,0.4885273571519389,stable_coexistence,0,9.287752066210079e-08,30.000000001558803,0.5284787377273454
4.0,0.5411695265464638,stable_coexistence,0,6.475332033938059e-08,29.999999998137653,0.528478737994523
4.0,0.5994842503189411,stable_coexistence,0,4.7453862712013624e-08,29.999999996193697,0.5284787381571445
4.0,0.6640827850634842,stable_coexistence,0,3.623161646842942e-08,29.999999995173923,0.5284787382595393
4.0,0.7356422544596414,stable_coexistence,0,2.8604717769862938e-08,29.999999994707608,0.5284787383260094
4.0,0.8149127469020745,stable_coexistence,0,2.3209934363837553e-08,29.999999994564394,0.5284787383703259
4.0,0.9027251779484579,stable_coexistence,0,1.926260431508495e-08,29.999999994604604,0.5284787384005608
4.0,1.0,stable_coexistence,0,1.6291093987786225e-08,29.99999999474498,0.5284787384215996
4.0,1.1077568505097097,stable_coexistence,0,1.4000311194209188e-08,29.999999994935205,0.5284787384364841
4.0,1.2271252398511903,stable_coexistence,0,1.219878018056238e-08,29.999999995146204,0.5284787384471629
4.0,1.3593563908785256,stable_coexistence,0,1.0758058149686663e-08,29.999999995360792,0.5284787384549167
4.0,1.5058363542798414,stable_coexistence,0,9.589436920023752e-09,29.99999999556914,0.5284787384606053
4.0,1.6681005372000592,stable_coexistence,0,8.629984905691536e-09,29.99999999576591,0.5284787384648125
4.0,1.8478497974222907,stable_coexistence,0,7.834033630271285e-09,29.99999999594883,0.528478738467946
4.0,2.046968271807522,stable_coexistence,0,7.167745982863805e-09,29.999999996116745,0.5284787384702934
4.0,2.267543125870802,stable_coexistence,0,6.605593702476132e-09,29.999999996269715,0.5284787384720586
4.0,2.5118864315095797,stable_coexistence,0,6.1280105737887e-09,29.99999999640854,0.528478738473392
4.0,2.782559402207126,stable_coexistence,0,5.719786363724712e-09,29.999999996533965,0.5284787384744002
4.0,3.0823992397451434,stable_coexistence,0,5.368953282559033e-09,29.999999996647016,0.528478738475164
4.0,3.414548873833601,stable_coexistence,0,5.065974662537571e-09,29.999999996748766,0.5284787384757442
4.0,3.782489906389386,stable_coexistence,0,4.803189431881561e-09,29.999999996840227,0.5284787384761815
4.0,4.190079105786669,stable_coexistence,0,4.574376552090418e-09,29.999999996922398,0.5284787384765117
4.0,4.641588833612782,stable_coexistence,0,4.37444711608949e-09,29.999999996996205,0.5284787384767594
4.0,5.141751827683928,stable_coexistence,0,4.1992075006514155e-09,29.99999999706247,0.528478738476945
4.0,5.695810810737687,stable_coexistence,0,4.045164914534042e-09,29.999999997121964,0.528478738477082
4.0,6.309573444801936,stable_coexistence,0,3.909414066914036e-09,29.999999997175415,0.5284787384771825
4.0,6.989473207273487,stable_coexistence,0,3.789502045843274e-09,29.99999999722349,0.5284787384772546
4.0,7.742636826811269,stable_coexistence,0,3.6833589219083066e-09,29.999999997266684,0.528478738477305
4.0,8.576958985908945,stable_coexistence,0,3.5892238517857995e-09,29.999999997305522,0.5284787384773387
4.0,9.50118507318144,stable_coexistence,0,3.5055879979760903e-09,29.999999997340467,0.5284787384773599
4.0,10.525002852777327,stable_coexistence,0,3.4564011327656065e-09,29.99999999737193,0.5284787384773711
4.0,11.659144011798324,stable_coexistence,0,3.416270995521653e-09,29.99999999740035,0.5284787384773737
4.0,12.91549665014884,stable_coexistence,0,3.379859047086923e-09,29.999999997426244,0.5284787384773659
4.0,14.307229891937586,stable_coexistence,0,3.3452728955301857e-09,29.99999999745104,0.5284787384773294
4.0,15.848931924611142,stable_coexistence,0,3.299005089252884e-09,29.99999999748548,0.5284787384770862
4.0,17.556762912750013,stable_coexistence,0,3.2722099287224354e-09,29.99999999750466,0.5284787384770658
4.0,19.448624389373634,stable_coexistence,0,3.2479834045313145e-09,29.999999997522046,0.5284787384770436
4.0,21.544346900318846,stable_coexistence,0,3.224893617989111e-09,29.999999997538755,0.5284787384770042
4.0,23.865897868585808,stable_coexistence,0,3.189325977190319e-09,29.999999997565574,0.5284787384767629
4.0,26.437611857491014,stable_coexistence,0,3.0355876197339634e-09,29.999999997686704,0.5284787384748937
4.0,29.286445646252375,stable_coexistence,0,4.6643016460352033e-07,29.956260677217426,2.9504364964379
4.0,32.4422607917163,stable_coexistence,0,5.453491246197313e-05,29.87950142355542,5.152659956314568
4.0,35.938136638046295,stable_coexistence,0,5.221775872698078e-05,29.879351243678375,5.12462387958612
4.0,39.810717055349734,stable_coexistence,0,5.2233703080583004e-05,29.879212675079263,5.09894848159784
4.0,44.100594541767364,stable_coexistence,0,5.082027470934707e-05,29.879084975122986,5.075461406021429
4.0,48.852735715193916,stable_coexistence,0,4.828839906915682e-05,29.87896746507786,5.053998810779115
4.0,54.116952654646376,stable_coexistence,0,4.493427696592049e-05,29.878859506814617,5.034405571199866
4.0,59.948425031894146,stable_coexistence,0,4.1412931033958794e-05,29.878760489134844,5.016535369416376
4.0,66.40827850634845,stable_coexistence,0,3.839875616487826e-05,29.87866982094819,5.000250681732729
4.0,73.56422544596414,stable_coexistence,0,3.8516499872634125e-05,29.878586928944163,4.985422676700073
4.0,81.49127469020749,stable_coexistence,0,4.2179080022108715e-05,29.878511257949548,4.971931037018202
4.0,90.27251779484578,stable_coexistence,0,4.531103485703088e-05,29.87844227265378,4.959663718243678
4.0,100.0,stable_coexistence,0,4.794497183204889e-05,29.878379459807288,4.948516656742116
4.222222222222222,0.01,predator_extinct,2,31.43216486234924,77.033843727728,3.579762839882003e-07
4.222222222222222,0.011077568505097092,low_density_risk,4,31.579730811860358,82.89542489644097,9.641548826488805e-05
4.222222222222222,0.012271252398511897,low_density_risk,4,29.41123830649916,87.0173540723625,0.014360076579251379
4.222222222222222,0.013593563908785255,low_density_risk,4,8.871859071966282,82.1663941834094,0.17857541042217084
4.222222222222222,0.015058363542798407,low_density_risk,4,6.870126219213521,75.1105550696622,0.21515840581544826
4.222222222222222,0.016681005372000592,low_density_risk,4,5.585436055902148,69.45305801214185,0.2472130191960195
4.222222222222222,0.018478497974222907,low_density_risk,4,4.163854429331753,63.358668439138725,0.31019341245422316
4.222222222222222,0.02046968271807521,low_density_risk,4,3.414354578061967,57.0267955467068,0.35439888675485065
4.222222222222222,0.02267543125870802,low_density_risk,4,2.910232219570468,51.2654841170178,0.39019927130450166
4.222222222222222,0.025118864315095794,oscillatory_coexistence,1,2.49297361986544,45.80549397412092,0.4281820528768189
4.222222222222222,0.027825594022071243,oscillatory_coexistence,1,2.174727112157306,40.68328522831202,0.46120237146959964
4.222222222222222,0.030823992397451434,oscillatory_coexistence,1,2.0569716611119193,36.08589641968532,0.48987296241262546
4.222222222222222,0.034145488738336005,oscillatory_coexistence,1,1.8618510091352902,32.30661505677611,0.5129940375331418
4.222222222222222,0.037824899063893865,oscillatory_coexistence,1,0.9499796904103656,30.169301422800746,0.52036969512566
4.222222222222222,0.04190079105786669,oscillatory_coexistence,1,0.8191730267845744,29.707477366768906,0.5078686238784298
4.222222222222222,0.046415888336127795,oscillatory_coexistence,1,0.3822710055803129,29.90769455584847,0.4981467386346359
4.222222222222222,0.051417518276839276,oscillatory_coexistence,1,0.22237234583222168,30.106453234304215,0.4988284433203815
4.222222222222222,0.056958108107376865,oscillatory_coexistence,1,0.17948867453438436,30.118976472605247,0.5021239607038412
4.222222222222222,0.06309573444801933,oscillatory_coexistence,1,0.08221884239243651,30.038187368596777,0.5038124678587663
4.222222222222222,0.06989473207273486,oscillatory_coexistence,1,0.04133417408504344,29.98612416739506,0.5037382901607758
4.222222222222222,0.0774263682681127,oscillatory_coexistence,1,0.03103287037090166,29.98143928802744,0.5031973480056654
4.222222222222222,0.08576958985908942,oscillatory_coexistence,1,0.013926580200163758,29.993205945101316,0.5029294134444967
4.222222222222222,0.0950118507318144,oscillatory_coexistence,1,0.006935813515224795,30.0008321568435,0.50291914516015
4.222222222222222,0.10525002852777332,oscillatory_coexistence,1,0.0033600487657296347,30.00213823886694,0.5029746682151283
4.222222222222222,0.11659144011798317,oscillatory_coexistence,1,0.0018354326295299457,30.00112867370816,0.5030079080403072
4.222222222222222,0.1291549665014884,stable_coexistence,0,0.000826286517991816,30.000270802198752,0.5030160432078921
4.222222222222222,0.14307229891937578,stable_coexistence,0,0.0003440032058046141,29.999958917417995,0.5030147729851215
4.222222222222222,0.15848931924611134,stable_coexistence,0,0.0001190555593202494,29.99992373934834,0.5030126305330759
4.222222222222222,0.17556762912750015,stable_coexistence,0,6.681000130406527e-05,29.999954431606195,0.5030115021089294
4.222222222222222,0.19448624389373625,stable_coexistence,0,3.015514864674354e-05,29.999980063953636,0.5030111022343192
4.222222222222222,0.21544346900318845,stable_coexistence,0,1.3706800889720839e-05,29.999992619114394,0.5030110014273766
4.222222222222222,0.2386589786858581,stable_coexistence,0,6.878191788874505e-06,29.999997543155583,0.5030109893714884
4.222222222222222,0.26437611857491,stable_coexistence,0,3.2798044215237257e-06,29.999999241843692,0.5030109952645849
4.222222222222222,0.29286445646252374,stable_coexistence,0,1.5746019877264208e-06,29.999999779528498,0.5030110014663464
4.222222222222222,0.324422607917163,stable_coexistence,0,7.885243795138023e-07,29.99999993790058,0.5030110054185375
4.222222222222222,0.35938136638046275,stable_coexistence,0,4.2030169191469576e-07,29.999999980608084,0.5030110076466694
4.222222222222222,0.3981071705534973,stable_coexistence,0,2.404848897976519e-07,29.99999999037143,0.5030110088670618
4.222222222222222,0.44100594541767385,stable_coexistence,0,1.47676783198374e-07,29.99999999172409,0.5030110095411962
4.222222222222222,0.4885273571519389,stable_coexistence,0,9.677610845818339e-08,29.999999991466513,0.5030110099229741
4.222222222222222,0.5411695265464638,stable_coexistence,0,6.71183684826513e-08,29.999999991247943,0.5030110101460299
4.222222222222222,0.5994842503189411,stable_coexistence,0,4.882796675067444e-08,29.999999991323886,0.5030110102806093
4.222222222222222,0.6640827850634842,stable_coexistence,0,3.695495916236073e-08,29.999999991630187,0.5030110103643028
4.222222222222222,0.7356422544596414,stable_coexistence,0,2.8893293099055173e-08,29.999999992066464,0.5030110104177763
4.222222222222222,0.8149127469020745,stable_coexistence,0,2.3203643338430392e-08,29.999999992557026,0.5030110104527448
4.222222222222222,0.9027251779484579,stable_coexistence,0,1.905397357371995e-08,29.999999993054853,0.5030110104760561
4.222222222222222,1.0,stable_coexistence,0,1.594252031474023e-08,29.999999993533034,0.5030110104918436
4.222222222222222,1.1077568505097097,stable_coexistence,0,1.3554537761584996e-08,29.99999999397805,0.5030110105026624
4.222222222222222,1.2271252398511903,stable_coexistence,0,1.1685491806009237e-08,29.999999994384503,0.503011010510142
4.222222222222222,1.3593563908785256,stable_coexistence,0,1.019810582825977e-08,29.999999994751207,0.5030110105153384
4.222222222222222,1.5058363542798414,stable_coexistence,0,8.997564531945728e-09,29.999999995079563,0.5030110105189557
4.222222222222222,1.6681005372000592,stable_coexistence,0,8.016691193598807e-09,29.999999995372317,0.5030110105214688
4.222222222222222,1.8478497974222907,stable_coexistence,0,7.206807004069528e-09,29.999999995632376,0.503011010523206
4.222222222222222,2.046968271807522,stable_coexistence,0,6.531929605511002e-09,29.99999999586331,0.5030110105243891
4.222222222222222,2.267543125870802,stable_coexistence,0,5.964990517123857e-09,29.999999996068095,0.5030110105251803
4.222222222222222,2.5118864315095797,stable_coexistence,0,5.485305958287085e-09,29.999999996249688,0.5030110105256894
4.222222222222222,2.782559402207126,stable_coexistence,0,5.076864203716632e-09,29.999999996410757,0.5030110105259977
4.222222222222222,3.0823992397451434,stable_coexistence,0,4.7271073579444455e-09,29.99999999655371,0.5030110105261636
4.222222222222222,3.414548873833601,stable_coexistence,0,4.426073019693331e-09,29.999999996680685,0.5030110105262293
4.222222222222222,3.782489906389386,stable_coexistence,0,4.22314605942996e-09,29.999999996793484,0.503011010526225
4.222222222222222,4.190079105786669,stable_coexistence,0,4.0817089493138814e-09,29.999999996893987,0.5030110105261731
4.222222222222222,4.641588833612782,stable_coexistence,0,3.956519145037959e-09,29.99999999698351,0.503011010526089
4.222222222222222,5.141751827683928,stable_coexistence,0,3.845504349224879e-09,29.999999997063313,0.5030110105259838
4.222222222222222,5.695810810737687,stable_coexistence,0,3.746894203235461e-09,29.999999997134537,0.5030110105258668
4.222222222222222,6.309573444801936,stable_coexistence,0,3.65916908118383e-09,29.999999997198156,0.5030110105257438
4.222222222222222,6.989473207273487,stable_coexistence,0,3.5810172711397413e-09,29.99999999725503,0.5030110105256197
4.222222222222222,7.742636826811269,stable_coexistence,0,3.5113084892743765e-09,29.999999997305917,0.5030110105254968
4.222222222222222,8.576958985908945,stable_coexistence,0,3.4490479710463335e-09,29.999999997351477,0.503011010525378
4.222222222222222,9.50118507318144,stable_coexistence,0,3.3933747054780364e-09,29.999999997392315,0.5030110105252636
4.222222222222222,10.525002852777327,stable_coexistence,0,3.343517954211701e-09,29.99999999742898,0.5030110105251547
4.222222222222222,11.659144011798324,stable_coexistence,0,3.29876326132977e-09,29.99999999746194,0.5030110105250506
4.222222222222222,12.91549665014884,stable_coexistence,0,3.2583473927998403e-09,29.999999997491784,0.503011010524949
4.222222222222222,14.307229891937586,stable_coexistence,0,3.220608361269769e-09,29.999999997519772,0.5030110105248313
4.222222222222222,15.848931924611142,stable_coexistence,0,3.1741056020105594e-09,29.999999997554998,0.5030110105245282
4.222222222222222,17.556762912750013,stable_coexistence,0,3.14464693137103e-09,29.999999997576843,0.5030110105244422
4.222222222222222,19.448624389373634,stable_coexistence,0,3.1180875789066735e-09,29.999999997596547,0.5030110105243617
4.222222222222222,21.544346900318846,stable_coexistence,0,3.0932050017299055e-09,29.9999999976151,0.5030110105242719
4.222222222222222,23.865897868585808,stable_coexistence,0,3.0591446346362638e-09,29.999999997641094,0.5030110105240071
4.222222222222222,26.437611857491014,stable_coexistence,0,2.9280023553491187e-09,29.9999999977445,0.5030110105222305
4.222222222222222,29.286445646252375,stable_coexistence,0,5.630818331346919e-07,29.957210533241327,2.896228980352944
4.222222222222222,32.4422607917163,stable_coexistence,0,5.16294397373033e-05,29.87942058567105,5.137542818817962
4.222222222222222,35.938136638046295,stable_coexistence,0,5.24244220196508e-05,29.879276637670614,5.110775931818855
4.222222222222222,39.810717055349734,stable_coexistence,0,5.1646159776091005e-05,29.8791438987564,5.086277619598503
4.222222222222222,44.100594541767364,stable_coexistence,0,4.960302500844582e-05,29.879021663676003,5.0638799914451615
4.222222222222222,48.852735715193916,stable_coexistence,0,4.66013362659716e-05,29.87890927738343,5.043423793065508
4.222222222222222,54.116952654646376,stable_coexistence,0,4.300796141309985e-05,29.878806117193715,5.024758548264909
4.222222222222222,59.948425031894146,stable_coexistence,0,3.976192977606779e-05,29.87871158305166,5.007742592898393
4.222222222222222,66.40827850634845,stable_coexistence,0,3.698472670553652e-05,29.878625093345292,4.992243013439026
4.222222222222222,73.56422544596414,stable_coexistence,0,4.0521162890484935e-05,29.878546084189885,4.978135503172219
4.222222222222222,81.49127469020749,stable_coexistence,0,4.390010711510588e-05,29.87847401064278,4.965304149119168
4.222222222222222,90.27251779484578,stable_coexistence,0,4.676389596400389e-05,29.87840834876671,4.953641162427913
4.222222222222222,100.0,stable_coexistence,0,4.915219264809636e-05,29.878348597839608,4.943046564253521
4.444444444444445,0.01,predator_extinct,2,31.417193530747504,76.33085198283106,8.148856457055633e-08
4.444444444444445,0.011077568505097092,low_density_risk,4,31.583559362529574,82.32494027297896,2.5324039217778134e-05
4.444444444444445,0.012271252398511897,low_density_risk,4,30.907957642868233,87.09031763809494,0.004516702904105758
4.444444444444445,0.013593563908785255,low_density_risk,4,10.916945108190243,84.45286622839124,0.13883660088040672
4.444444444444445,0.015058363542798407,low_density_risk,4,7.083283190288643,76.95563521611848,0.19956766379723861
4.444444444444445,0.016681005372000592,low_density_risk,4,5.875932078453584,70.97852799545717,0.2246455749139733
4.444444444444445,0.018478497974222907,low_density_risk,4,4.378581208224198,64.97461716423506,0.28190097343632836
4.444444444444445,0.02046968271807521,low_density_risk,4,3.5104543302367386,58.48478474383349,0.32931036447693574
4.444444444444445,0.02267543125870802,low_density_risk,4,2.9831778051889755,52.54832913905538,0.3635663979698583
4.444444444444445,0.025118864315095794,oscillatory_coexistence,1,2.5472325257057817,46.987886005441815,0.40018438737765094
4.444444444444445,0.027825594022071243,oscillatory_coexistence,1,2.213804872622768,41.73946103342204,0.4330026100474348
4.444444444444445,0.030823992397451434,oscillatory_coexistence,1,2.0314286046855643,36.99688769298326,0.4612569879224414
4.444444444444445,0.034145488738336005,oscillatory_coexistence,1,1.9577111175724093,32.97641003316846,0.48513566064161934
4.444444444444445,0.037824899063893865,oscillatory_coexistence,1,1.1497166725989056,30.441629338651552,0.4964490750592404
4.444444444444445,0.04190079105786669,oscillatory_coexistence,1,0.8137364287827316,29.718752261070367,0.4874525486116317
4.444444444444445,0.046415888336127795,oscillatory_coexistence,1,0.4740783316925923,29.855985807544773,0.476297725479419
4.444444444444445,0.051417518276839276,oscillatory_coexistence,1,0.22137029824672202,30.077997050211753,0.4755360293685586
4.444444444444445,0.056958108107376865,oscillatory_coexistence,1,0.1839967799743853,30.12326731518117,0.4785714666210839
4.444444444444445,0.06309573444801933,oscillatory_coexistence,1,0.09578826236662702,30.050466972927214,0.48049095754499105
4.444444444444445,0.06989473207273486,oscillatory_coexistence,1,0.04670505053370096,29.9916112145749,0.4806288225988207
4.444444444444445,0.0774263682681127,oscillatory_coexistence,1,0.031077385247812762,29.981281088297326,0.4801382138844032
4.444444444444445,0.08576958985908942,oscillatory_coexistence,1,0.01560290338852076,29.991781933634467,0.4798443253416478
4.444444444444445,0.0950118507318144,oscillatory_coexistence,1,0.007455593046821835,30.000060202040693,0.4798094410638922
4.444444444444445,0.10525002852777332,oscillatory_coexistence,1,0.003249142399186551,30.00199561429618,0.4798570059395268
4.444444444444445,0.11659144011798317,oscillatory_coexistence,1,0.0019020465825698542,30.001196839276147,0.4798905204012849
4.444444444444445,0.1291549665014884,stable_coexistence,0,0.0008188815308601001,30.000339003355084,0.4799002322605633
4.444444444444445,0.14307229891937578,stable_coexistence,0,0.0003640447319748325,29.99999043634684,0.4798998440531342
4.444444444444445,0.15848931924611134,stable_coexistence,0,0.00011179823779931013,29.999933241780305,0.4798979882839048
4.444444444444445,0.17556762912750015,stable_coexistence,0,6.423350332803658e-05,29.99995590034455,0.4798969067656877
4.444444444444445,0.19448624389373625,stable_coexistence,0,3.028163469594598e-05,29.99997961253799,0.4798964953409773
4.444444444444445,0.21544346900318845,stable_coexistence,0,1.2793850206575203e-05,29.999992047242763,0.4798963798175114
4.444444444444445,0.2386589786858581,stable_coexistence,0,6.636480216680351e-06,29.999997168139124,0.47989635897292826
4.444444444444445,0.26437611857491,stable_coexistence,0,3.234069419185432e-06,29.99999903068592,0.4798963605268731
4.444444444444445,0.29286445646252374,stable_coexistence,0,1.5771861173828609e-06,29.99999966490551,0.47989636471473684
4.444444444444445,0.324422607917163,stable_coexistence,0,7.987592081234804e-07,29.999999874930975,0.47989636773438515
4.444444444444445,0.35938136638046275,stable_coexistence,0,4.288703818939966e-07,29.99999994478719,0.47989636951687836
4.444444444444445,0.3981071705534973,stable_coexistence,0,2.462527302241975e-07,29.99999996907199,0.4798963705132389
4.444444444444445,0.44100594541767385,stable_coexistence,0,1.5122724144549548e-07,29.999999978466075,0.4798963710678496
4.444444444444445,0.4885273571519389,stable_coexistence,0,9.881365077017915e-08,29.99999998285254,0.47989637138183544
4.444444444444445,0.5411695265464638,stable_coexistence,0,6.816748235861476e-08,29.999999985435558,0.4798963715641444
4.444444444444445,0.5994842503189411,stable_coexistence,0,4.923755994643437e-08,29.999999987274514,0.47989637167290156
4.444444444444445,0.6640827850634842,stable_coexistence,0,3.694991419407882e-08,29.999999988733954,0.47989637173946087
4.444444444444445,0.7356422544596414,stable_coexistence,0,2.8618332246915013e-08,29.9999999899512,0.4798963717811032
4.444444444444445,0.8149127469020745,stable_coexistence,0,2.275279568400421e-08,29.999999990987057,0.4798963718076209
4.444444444444445,0.9027251779484579,stable_coexistence,0,1.848907753326055e-08,29.99999999187566,0.4798963718247276
4.444444444444445,1.0,stable_coexistence,0,1.5304682917344442e-08,29.99999999264023,0.4798963718358427
4.444444444444445,1.1077568505097097,stable_coexistence,0,1.2871383369423975e-08,29.999999993299383,0.4798963718430743
4.444444444444445,1.2271252398511903,stable_coexistence,0,1.097566707373949e-08,29.999999993868627,0.4798963718477506
4.444444444444445,1.3593563908785256,stable_coexistence,0,9.474213297153039e-09,29.99999999436087,0.4798963718507267
4.444444444444445,1.5058363542798414,stable_coexistence,0,8.268093766632366e-09,29.99999999478745,0.4798963718525609
4.444444444444445,1.6681005372000592,stable_coexistence,0,7.287297522151038e-09,29.999999995157676,0.47989637185362743
4.444444444444445,1.8478497974222907,stable_coexistence,0,6.481188327740747e-09,29.999999995479854,0.4798963718541785
4.444444444444445,2.046968271807522,stable_coexistence,0,5.812424557297845e-09,29.999999995760724,0.4798963718543819
4.444444444444445,2.267543125870802,stable_coexistence,0,5.277118362401686e-09,29.999999996006085,0.47989637185435474
4.444444444444445,2.5118864315095797,stable_coexistence,0,4.974350573956905e-09,29.999999996220943,0.47989637185417844
4.444444444444445,2.782559402207126,stable_coexistence,0,4.711258810380255e-09,29.999999996409432,0.4798963718539088
4.444444444444445,3.0823992397451434,stable_coexistence,0,4.481791974989742e-09,29.999999996575184,0.4798963718535846
4.444444444444445,3.414548873833601,stable_coexistence,0,4.280996015776472e-09,29.99999999672129,0.4798963718532297
4.444444444444445,3.782489906389386,stable_coexistence,0,4.104764418302082e-09,29.999999996850285,0.4798963718528644
4.444444444444445,4.190079105786669,stable_coexistence,0,3.949684707356188e-09,29.999999996964366,0.47989637185250084
4.444444444444445,4.641588833612782,stable_coexistence,0,3.812887956117087e-09,29.999999997065416,0.47989637185214695
4.444444444444445,5.141751827683928,stable_coexistence,0,3.6919563632612233e-09,29.999999997155054,0.47989637185180856
4.444444444444445,5.695810810737687,stable_coexistence,0,3.5848370764257257e-09,29.999999997234728,0.47989637185148803
4.444444444444445,6.309573444801936,stable_coexistence,0,3.489785396664906e-09,29.99999999730562,0.4798963718511873
4.444444444444445,6.989473207273487,stable_coexistence,0,3.4053034716517967e-09,29.999999997368768,0.47989637185090717
4.444444444444445,7.742636826811269,stable_coexistence,0,3.330102007847415e-09,29.999999997425103,0.4798963718506474
4.444444444444445,8.576958985908945,stable_coexistence,0,3.263070658160365e-09,29.999999997475427,0.47989637185040745
4.444444444444445,9.50118507318144,stable_coexistence,0,3.2032346444950975e-09,29.999999997520387,0.47989637185018647
4.444444444444445,10.525002852777327,stable_coexistence,0,3.1497492054380863e-09,29.999999997560668,0.4798963718499833
4.444444444444445,11.659144011798324,stable_coexistence,0,3.1018409499430755e-09,29.999999997596763,0.47989637184979594
4.444444444444445,12.91549665014884,stable_coexistence,0,3.058727233107446e-09,29.999999997629313,0.4798963718496206
4.444444444444445,14.307229891937586,stable_coexistence,0,3.0189858528801495e-09,29.999999997659383,0.47989637184944095
4.444444444444445,15.848931924611142,stable_coexistence,0,2.97337024030213e-09,29.999999997694324,0.4798963718490999
4.444444444444445,17.556762912750013,stable_coexistence,0,2.942175837492815e-09,29.999999997717932,0.47989637184896317
4.444444444444445,19.448624389373634,stable_coexistence,0,2.9141092381371275e-09,29.999999997739213,0.47989637184883766
4.444444444444445,21.544346900318846,stable_coexistence,0,2.8881537904394905e-09,29.999999997758902,0.47989637184871
4.444444444444445,23.865897868585808,stable_coexistence,0,2.856066853183874e-09,29.99999999778358,0.47989637184843525
4.444444444444445,26.437611857491014,stable_coexistence,0,2.7483524277166864e-09,29.99999999786849,0.4798963718467978
4.444444444444445,29.286445646252375,stable_coexistence,0,5.969176728198394e-07,29.958106665412583,2.845674329900603
4.444444444444445,32.4422607917163,stable_coexistence,0,5.224427969025964e-05,29.8793469894058,5.123832364063109
4.444444444444445,35.938136638046295,stable_coexistence,0,5.2212987752881746e-05,29.87920875162023,5.0982240464172754
4.444444444444445,39.810717055349734,stable_coexistence,0,5.076136965555101e-05,29.879081361647344,5.074799087381923
4.444444444444445,44.100594541767364,stable_coexistence,0,4.8200297463995045e-05,29.87896414226131,5.053393900091606
4.444444444444445,48.852735715193916,stable_coexistence,0,4.482552446759624e-05,29.87885645630217,5.033853619305525
4.444444444444445,54.116952654646376,stable_coexistence,0,4.131662891807945e-05,29.878757693247955,5.016032187615697
4.444444444444445,59.948425031894146,stable_coexistence,0,3.8316551703553614e-05,29.878667262553616,4.999792339990773
4.444444444444445,66.40827850634845,stable_coexistence,0,3.863656441270128e-05,29.878584591431974,4.985005499412605
4.444444444444445,73.56422544596414,stable_coexistence,0,4.2283079214544105e-05,29.87850912526425,4.971551596726945
4.444444444444445,81.49127469020749,stable_coexistence,0,4.539951755935744e-05,29.878440329355648,4.959318827676654
4.444444444444445,90.27251779484578,stable_coexistence,0,4.801902046389304e-05,29.878377691136247,4.94820335953599
4.444444444444445,100.0,stable_coexistence,0,5.018697461373872e-05,29.878320722271205,4.93810899891059
4.666666666666666,0.01,predator_extinct,2,31.402191575358238,75.65217896787465,1.9700610597105348e-08
4.666666666666666,0.011077568505097092,low_density_risk,4,31.579864503441378,81.76922648083605,7.022256201950761e-06
4.666666666666666,0.012271252398511897,low_density_risk,4,31.408099412423027,86.8395692042739,0.0014418975897519852
4.666666666666666,0.013593563908785255,low_density_risk,4,16.147257827126953,86.4603614300705,0.08982410567581738
4.666666666666666,0.015058363542798407,low_density_risk,4,7.319981027431053,78.81110862154286,0.18503542087287345
4.666666666666666,0.016681005372000592,low_density_risk,4,6.122502843100843,72.43071523696011,0.20651061338954246
4.666666666666666,0.018478497974222907,low_density_risk,4,4.615323419881674,66.48976246486876,0.25608949922815155
4.666666666666666,0.02046968271807521,low_density_risk,4,3.611259582407859,59.89678298906522,0.30644382176941654
4.666666666666666,0.02267543125870802,low_density_risk,4,3.053920007493473,53.77730338623872,0.33988716820581033
4.666666666666666,0.025118864315095794,low_density_risk,4,2.60144821081196,48.11719744671085,0.3749443386137075
4.666666666666666,0.027825594022071243,oscillatory_coexistence,1,2.2517537636337868,42.75467459060861,0.4075119831509939
4.666666666666666,0.030823992397451434,oscillatory_coexistence,1,1.999362741119178,37.88017185637642,0.4353468146589533
4.666666666666666,0.034145488738336005,oscillatory_coexistence,1,2.015506995063586,33.66229610205897,0.45950987554501127
4.666666666666666,0.037824899063893865,oscillatory_coexistence,1,1.3377118009132496,30.76737964615675,0.47371682258425807
4.666666666666666,0.04190079105786669,oscillatory_coexistence,1,0.8088151667862276,29.75879401371344,0.46851066312404144
4.666666666666666,0.046415888336127795,oscillatory_coexistence,1,0.5580664169562722,29.810802543134695,0.4566842983368445
4.666666666666666,0.051417518276839276,oscillatory_coexistence,1,0.22632756342536606,30.04576138526448,0.454455806227642
4.666666666666666,0.056958108107376865,oscillatory_coexistence,1,0.18411919424583606,30.12320075411569,0.4571137750725773
4.666666666666666,0.06309573444801933,oscillatory_coexistence,1,0.10811254626708161,30.061737520014848,0.4591971938142208
4.666666666666666,0.06989473207273486,oscillatory_coexistence,1,0.05139852631407541,29.997680942184704,0.45953742869803565
4.666666666666666,0.0774263682681127,oscillatory_coexistence,1,0.030620323719997098,29.981660495014356,0.45910992294471953
4.666666666666666,0.08576958985908942,oscillatory_coexistence,1,0.01707230311860779,29.990533577900404,0.45879879884787905
4.666666666666666,0.0950118507318144,oscillatory_coexistence,1,0.007869752763358665,29.999278165522153,0.45874134044590026
4.666666666666666,0.10525002852777332,oscillatory_coexistence,1,0.0031503891972209795,30.001813255841157,0.45878044457997946
4.666666666666666,0.11659144011798317,oscillatory_coexistence,1,0.0019432444792870376,30.0012427901502,0.4588135758481357
4.666666666666666,0.1291549665014884,stable_coexistence,0,0.0008022657126742142,30.000400002240372,0.4588245576069735
4.666666666666666,0.14307229891937578,stable_coexistence,0,0.00037991061211175415,30.00002088816085,0.45882497061015404
4.666666666666666,0.15848931924611134,stable_coexistence,0,0.0001226985266982289,29.999943181625717,0.45882339885974116
4.666666666666666,0.17556762912750015,stable_coexistence,0,6.115727671735892e-05,29.9999578574384,0.45882237506851
4.666666666666666,0.19448624389373625,stable_coexistence,0,3.0106363529694838e-05,29.99997945678592,0.458821959931391
4.666666666666666,0.21544346900318845,stable_coexistence,0,1.2769900068596134e-05,29.99999162570355,0.4588218336195774
4.666666666666666,0.2386589786858581,stable_coexistence,0,6.354062242853112e-06,29.999996865124796,0.4588218056842379
4.666666666666666,0.26437611857491,stable_coexistence,0,3.1615146210440933e-06,29.999998853940728,0.4588218035871808
4.666666666666666,0.29286445646252374,stable_coexistence,0,1.5638466387300437e-06,29.999999567300417,0.4588218060361219
4.666666666666666,0.324422607917163,stable_coexistence,0,7.997124825846018e-07,29.999999820871523,0.45882180823570307
4.666666666666666,0.35938136638046275,stable_coexistence,0,4.319182098152312e-07,29.999999913965993,0.4588218096210712
4.666666666666666,0.3981071705534973,stable_coexistence,0,2.486097953213749e-07,29.99999995078773,0.4588218104159855
4.666666666666666,0.44100594541767385,stable_coexistence,0,1.5257641957695828e-07,29.999999967154714,0.4588218108625585
4.666666666666666,0.4885273571519389,stable_coexistence,0,9.936786572040913e-08,29.99999997557372,0.4588218111151579
4.666666666666666,0.5411695265464638,stable_coexistence,0,6.817777612067436e-08,29.99999998058742,0.4588218112606001
4.666666666666666,0.5994842503189411,stable_coexistence,0,4.8895399518385196e-08,29.999999983951643,0.45882181134607447
4.666666666666666,0.6640827850634842,stable_coexistence,0,3.6386110733516776e-08,29.999999986404752,0.4588218113972548
4.666666666666666,0.7356422544596414,stable_coexistence,0,2.7919049720046872e-08,29.999999988291016,0.4588218114283409
4.666666666666666,0.8149127469020745,stable_coexistence,0,2.1974188875989922e-08,29.999999989790993,0.4588218114473719
4.666666666666666,0.9027251779484579,stable_coexistence,0,1.766764418257936e-08,29.999999991009354,0.458821811459011
4.666666666666666,1.0,stable_coexistence,0,1.4464078412917846e-08,29.999999992013663,0.4588218114660466
4.666666666666666,1.1077568505097097,stable_coexistence,0,1.2026798167639557e-08,29.999999992850398,0.4588218114701708
4.666666666666666,1.2271252398511903,stable_coexistence,0,1.0136703922871754e-08,29.999999993553175,0.4588218114724391
4.666666666666666,1.3593563908785256,stable_coexistence,0,8.646758333252105e-09,29.999999994147448,0.4588218114735219
4.666666666666666,1.5058363542798414,stable_coexistence,0,7.455557950116733e-09,29.999999994652693,0.45882181147385
4.666666666666666,1.6681005372000592,stable_coexistence,0,6.510629103533517e-09,29.999999995084544,0.4588218114737025
4.666666666666666,1.8478497974222907,stable_coexistence,0,5.9887716562966915e-09,29.999999995455227,0.45882181147326573
4.666666666666666,2.046968271807522,stable_coexistence,0,5.544461463991623e-09,29.999999995774694,0.45882181147265694
4.666666666666666,2.267543125870802,stable_coexistence,0,5.163920365321336e-09,29.999999996051024,0.4588218114719582
4.666666666666666,2.5118864315095797,stable_coexistence,0,4.836291171119972e-09,29.999999996290896,0.4588218114712219
4.666666666666666,2.782559402207126,stable_coexistence,0,4.5529202156206e-09,29.999999996499902,0.4588218114704824
4.666666666666666,3.0823992397451434,stable_coexistence,0,4.306817152645998e-09,29.9999999966825,0.45882181146976037
4.666666666666666,3.414548873833601,stable_coexistence,0,4.092294537434465e-09,29.999999996842437,0.45882181146907003
4.666666666666666,3.782489906389386,stable_coexistence,0,3.9046835088455445e-09,29.999999996982893,0.45882181146841877
4.666666666666666,4.190079105786669,stable_coexistence,0,3.74011516712416e-09,29.99999999710653,0.4588218114678103
4.666666666666666,4.641588833612782,stable_coexistence,0,3.595373212592776e-09,29.999999997215617,0.4588218114672446
4.666666666666666,5.141751827683928,stable_coexistence,0,3.467758199027893e-09,29.999999997312056,0.45882181146672246
4.666666666666666,5.695810810737687,stable_coexistence,0,3.354993164349643e-09,29.999999997397467,0.45882181146624296
4.666666666666666,6.309573444801936,stable_coexistence,0,3.2551463203790063e-09,29.999999997473218,0.4588218114658036
4.666666666666666,6.989473207273487,stable_coexistence,0,3.1665814484566788e-09,29.99999999754054,0.45882181146540224
4.666666666666666,7.742636826811269,stable_coexistence,0,3.0878874854191382e-09,29.999999997600472,0.45882181146503637
4.666666666666666,8.576958985908945,stable_coexistence,0,3.0178602546680373e-09,29.99999999765384,0.4588218114647032
4.666666666666666,9.50118507318144,stable_coexistence,0,2.9554512889672347e-09,29.999999997701483,0.4588218114644003
4.666666666666666,10.525002852777327,stable_coexistence,0,2.8997485936218287e-09,29.999999997744023,0.45882181146412504
4.666666666666666,11.659144011798324,stable_coexistence,0,2.849941923411371e-09,29.99999999778211,0.45882181146387385
4.666666666666666,12.91549665014884,stable_coexistence,0,2.8052518846207456e-09,29.99999999781634,0.4588218114636429
4.666666666666666,14.307229891937586,stable_coexistence,0,2.7644681303505834e-09,29.999999997847596,0.4588218114634166
4.666666666666666,15.848931924611142,stable_coexistence,0,2.7205923293288925e-09,29.999999997881456,0.4588218114630541
4.666666666666666,17.556762912750013,stable_coexistence,0,2.6884472385246095e-09,29.99999999790611,0.45882181146287937
4.666666666666666,19.448624389373634,stable_coexistence,0,2.659574101093816e-09,29.99999999792825,0.45882181146272005
4.666666666666666,21.544346900318846,stable_coexistence,0,2.633143676967707e-09,29.99999999794857,0.45882181146256473
4.666666666666666,23.865897868585808,stable_coexistence,0,2.603306641721844e-09,29.99999999797165,0.45882181146228923
4.666666666666666,26.437611857491014,stable_coexistence,0,2.518800497056951e-09,29.999999998038138,0.4588218114608144
4.666666666666666,29.286445646252375,stable_coexistence,0,5.711773972186542e-07,29.95895408741071,2.7983694853482315
4.666666666666666,32.4422607917163,stable_coexistence,0,5.242713989848205e-05,29.879279685984958,5.1113403281227665
4.666666666666666,35.938136638046295,stable_coexistence,0,5.167965869927218e-05,29.879146707546123,5.086793896811392
4.666666666666666,39.810717055349734,stable_coexistence,0,4.96604458379489e-05,29.879024247856076,5.064351754584604
4.666666666666666,44.100594541767364,stable_coexistence,0,4.66759985267053e-05,29.87891165101058,5.043854455012346
4.666666666666666,48.852735715193916,stable_coexistence,0,4.308513018740896e-05,29.878808293755906,5.025151327846994
4.666666666666666,54.116952654646376,stable_coexistence,0,3.98279350166743e-05,29.8787135756074,5.00810051521767
4.666666666666666,59.948425031894146,stable_coexistence,0,3.704152559925755e-05,29.87862691456516,4.992568912160094
4.666666666666666,66.40827850634845,stable_coexistence,0,4.0444240138157915e-05,29.878547746346925,4.978432024483322
4.666666666666666,73.56422544596414,stable_coexistence,0,4.383495543592953e-05,29.87847552556816,4.965573757079527
4.666666666666666,81.49127469020749,stable_coexistence,0,4.6709282210012754e-05,29.878409727802016,4.953886145427329
4.666666666666666,90.27251779484578,stable_coexistence,0,4.910745799158404e-05,29.878349851785494,4.943269042328979
4.666666666666666,100.0,stable_coexistence,0,5.107755239499927e-05,29.878295421369472,4.9336297709689365
4.888888888888888,0.01,predator_extinct,2,31.387178185752497,74.99623269526975,5.034381173577086e-09
4.888888888888888,0.011077568505097092,low_density_risk,4,31.57417395664392,81.22934235661897,2.047321254074671e-06
4.888888888888888,0.012271252398511897,low_density_risk,4,31.572341466413036,86.47741465425821,0.0004764295251699938
4.888888888888888,0.013593563908785255,low_density_risk,4,22.862325742294644,88.00754245992835,0.04749097107982979
4.888888888888888,0.015058363542798407,low_density_risk,4,7.628040658774339,80.66864678859686,0.1704355052579199
4.888888888888888,0.016681005372000592,low_density_risk,4,6.331101208038828,73.84308261442033,0.1916319459416807
4.888888888888888,0.018478497974222907,low_density_risk,4,4.8646585708455925,67.90297845311419,0.23307448137614298
4.888888888888888,0.02046968271807521,low_density_risk,4,3.719495384037586,61.262987424665795,0.2853421212786165
4.888888888888888,0.02267543125870802,low_density_risk,4,3.1227538847265697,54.96005256263388,0.3187072701394455
4.888888888888888,0.025118864315095794,low_density_risk,4,2.65540627861762,49.196984194421404,0.35213533872239666
4.888888888888888,0.027825594022071243,oscillatory_coexistence,1,2.2890694192682663,43.73124002148443,0.38436177186814263
4.888888888888888,0.030823992397451434,oscillatory_coexistence,1,2.00276778625543,38.7347767168457,0.41180831633705567
4.888888888888888,0.034145488738336005,oscillatory_coexistence,1,2.0449746349945173,34.351855839768604,0.4359633727383928
4.888888888888888,0.037824899063893865,oscillatory_coexistence,1,1.5060034439341368,31.139087442956395,0.4522166621016055
4.888888888888888,0.04190079105786669,oscillatory_coexistence,1,0.8048054875742214,29.82856344129637,0.4507144855549928
4.888888888888888,0.046415888336127795,oscillatory_coexistence,1,0.6279852422626525,29.773954259142744,0.4389583522592041
4.888888888888888,0.051417518276839276,oscillatory_coexistence,1,0.24098255034979796,30.011227540444313,0.43531350807265573
4.888888888888888,0.056958108107376865,oscillatory_coexistence,1,0.18324091469698542,30.11906459980801,0.4374962822353062
4.888888888888888,0.06309573444801933,oscillatory_coexistence,1,0.11894663280315786,30.07172728523992,0.43967986999963504
4.888888888888888,0.06989473207273486,oscillatory_coexistence,1,0.05533481836794626,30.004148790326465,0.44020817599882195
4.888888888888888,0.0774263682681127,oscillatory_coexistence,1,0.030176979275102017,29.982529465998116,0.43985301337020555
4.888888888888888,0.08576958985908942,oscillatory_coexistence,1,0.018320549142250134,29.98946952081534,0.4395325439156639
4.888888888888888,0.0950118507318144,oscillatory_coexistence,1,0.008181394589850566,29.9985009254936,0.43945475827556574
4.888888888888888,0.10525002852777332,oscillatory_coexistence,1,0.00306193801281063,30.001598791275633,0.43948516992809045
4.888888888888888,0.11659144011798317,oscillatory_coexistence,1,0.001961459961858841,30.001268782455842,0.43951738961293124
4.888888888888888,0.1291549665014884,stable_coexistence,0,0.0008000683482236718,30.000453985861107,0.4395293687304945
4.888888888888888,0.14307229891937578,stable_coexistence,0,0.00039200899043072545,30.00005001221889,0.4395305023054855
4.888888888888888,0.15848931924611134,stable_coexistence,0,0.00013364931866992986,29.99995333548846,0.4395292063164512
4.888888888888888,0.17556762912750015,stable_coexistence,0,5.7786575698667745e-05,29.999960178722024,0.4395282471821569
4.888888888888888,0.19448624389373625,stable_coexistence,0,2.96886768437478e-05,29.999979538351944,0.4395278342991672
4.888888888888888,0.21544346900318845,stable_coexistence,0,1.2959288504097976e-05,29.99999132916318,0.4395277003747515
4.888888888888888,0.2386589786858581,stable_coexistence,0,6.044353308794047e-06,29.99999662340685,0.4395276667761367
4.888888888888888,0.26437611857491,stable_coexistence,0,3.069285044081466e-06,29.999998707025078,0.4395276616265309
4.888888888888888,0.29286445646252374,stable_coexistence,0,1.5383581130319358e-06,29.999999484654538,0.4395276625838319
4.888888888888888,0.324422607917163,stable_coexistence,0,7.934302912236913e-07,29.99999977472193,0.4395276640680213
4.888888888888888,0.35938136638046275,stable_coexistence,0,4.3061514847206295e-07,29.999999887606787,0.4395276651029694
4.888888888888888,0.3981071705534973,stable_coexistence,0,2.4826836865189354e-07,29.999999935196875,0.4395276657188152
4.888888888888888,0.44100594541767385,stable_coexistence,0,1.5218728959321714e-07,29.99999995757725,0.43952766606897614
4.888888888888888,0.4885273571519389,stable_coexistence,0,9.87586687804381e-08,29.999999969477184,0.43952766626674
4.888888888888888,0.5411695265464638,stable_coexistence,0,6.738218616486754e-08,29.999999976586206,0.43952766637929735
4.888888888888888,0.5994842503189411,stable_coexistence,0,4.797851446543032e-08,29.999999981260956,0.4395276664440674
4.888888888888888,0.6640827850634842,stable_coexistence,0,3.540272586541284e-08,29.99999998456349,0.43952766648163777
4.888888888888888,0.7356422544596414,stable_coexistence,0,2.6907981277010898e-08,29.999999987018313,0.43952766650343394
4.888888888888888,0.8149127469020745,stable_coexistence,0,2.0960915381521534e-08,29.999999988909416,0.4395276665159176
4.888888888888888,0.9027251779484579,stable_coexistence,0,1.666813094007385e-08,29.999999990403495,0.4395276665228159
4.888888888888888,1.0,stable_coexistence,0,1.3487782272613282e-08,29.99999999160624,0.439527666526333
4.888888888888888,1.1077568505097097,stable_coexistence,0,1.1078875538230818e-08,29.999999992588158,0.43952766652779945
4.888888888888888,1.2271252398511903,stable_coexistence,0,9.219481476578766e-09,29.99999999339899,0.43952766652802494
4.888888888888888,1.3593563908785256,stable_coexistence,0,7.857490901026324e-09,29.99999999407446,0.43952766652751407
4.888888888888888,1.5058363542798414,stable_coexistence,0,7.061725046919922e-09,29.999999994641723,0.4395276665265839
4.888888888888888,1.6681005372000592,stable_coexistence,0,6.398172116980693e-09,29.999999995121186,0.43952766652542985
4.888888888888888,1.8478497974222907,stable_coexistence,0,5.8402013181584e-09,29.99999999552878,0.4395276665241798
4.888888888888888,2.046968271807522,stable_coexistence,0,5.367595107269866e-09,29.999999995877065,0.43952766652291075
4.888888888888888,2.267543125870802,stable_coexistence,0,4.96475539065078e-09,29.999999996176303,0.43952766652167186
4.888888888888888,2.5118864315095797,stable_coexistence,0,4.619460632567833e-09,29.999999996434408,0.43952766652048647
4.888888888888888,2.782559402207126,stable_coexistence,0,4.322019537107555e-09,29.999999996657884,0.43952766651937225
4.888888888888888,3.0823992397451434,stable_coexistence,0,4.064658758935735e-09,29.99999999685209,0.43952766651833625
4.888888888888888,3.414548873833601,stable_coexistence,0,3.841094502904578e-09,29.999999997021433,0.43952766651738084
4.888888888888888,3.782489906389386,stable_coexistence,0,3.6461824279770014e-09,29.999999997169525,0.43952766651650416
4.888888888888888,4.190079105786669,stable_coexistence,0,3.4757016788682283e-09,29.999999997299398,0.4395276665157036
4.888888888888888,4.641588833612782,stable_coexistence,0,3.3261509159295576e-09,29.999999997413596,0.43952766651497416
4.888888888888888,5.141751827683928,stable_coexistence,0,3.194608377755896e-09,29.999999997514248,0.4395276665143116
4.888888888888888,5.695810810737687,stable_coexistence,0,3.0786246547902986e-09,29.999999997603137,0.4395276665137105
4.888888888888888,6.309573444801936,stable_coexistence,0,2.976134912710465e-09,29.999999997681794,0.4395276665131663
4.888888888888888,6.989473207273487,stable_coexistence,0,2.8853866503813897e-09,29.999999997751544,0.4395276665126738
4.888888888888888,7.742636826811269,stable_coexistence,0,2.804889686130255e-09,29.99999999781351,0.439527666512228
4.888888888888888,8.576958985908945,stable_coexistence,0,2.733363744372904e-09,29.999999997868592,0.43952766651182557
4.888888888888888,9.50118507318144,stable_coexistence,0,2.669709659832742e-09,29.999999997917655,0.4395276665114613
4.888888888888888,10.525002852777327,stable_coexistence,0,2.6129769191383153e-09,29.999999997961435,0.43952766651113223
4.888888888888888,11.659144011798324,stable_coexistence,0,2.562328297583363e-09,29.999999998000536,0.43952766651083414
4.888888888888888,12.91549665014884,stable_coexistence,0,2.5169902242935667e-09,29.999999998035562,0.43952766651056224
4.888888888888888,14.307229891937586,stable_coexistence,0,2.4759614143886986e-09,29.999999998067302,0.4395276665103025
4.888888888888888,15.848931924611142,stable_coexistence,0,2.4344432025026584e-09,29.999999998099533,0.4395276665099309
4.888888888888888,17.556762912750013,stable_coexistence,0,2.401995409073661e-09,29.99999999812463,0.43952766650972847
4.888888888888888,19.448624389373634,stable_coexistence,0,2.372892220362091e-09,29.999999998147146,0.4395276665095451
4.888888888888888,21.544346900318846,stable_coexistence,0,2.3464794164285475e-09,29.999999998167592,0.43952766650937003
4.888888888888888,23.865897868585808,stable_coexistence,0,2.3190398155634647e-09,29.99999999818891,0.4395276665090995
4.888888888888888,26.437611857491014,stable_coexistence,0,2.2568424439196242e-09,29.999999998237666,0.4395276665077975
4.888888888888888,29.286445646252375,stable_coexistence,0,4.967393146863438e-07,29.95975717516204,2.7539720177974956
4.888888888888888,32.4422607917163,stable_coexistence,0,5.226575896475537e-05,29.879217890156223,5.09991070383443
4.888888888888888,35.938136638046295,stable_coexistence,0,5.0901109502408686e-05,29.879089777082687,5.07634115449823
4.888888888888888,39.810717055349734,stable_coexistence,0,4.8406058878296224e-05,29.87897187963013,5.05480233229545
4.888888888888888,44.100594541767364,stable_coexistence,0,4.5077779638386296e-05,29.878863558425806,5.03513876912847
4.888888888888888,48.852735715193916,stable_coexistence,0,4.1540644441087176e-05,29.87876420140458,5.017203802204963
4.888888888888888,54.116952654646376,stable_coexistence,0,3.850776858196166e-05,29.878673216765943,5.0008595651624415
4.888888888888888,59.948425031894146,stable_coexistence,0,3.8369560293879914e-05,29.878590030510207,4.985976889391246
4.888888888888888,66.40827850634845,stable_coexistence,0,4.2053156887952904e-05,29.87851408672607,4.972435128669663
4.888888888888888,73.56422544596414,stable_coexistence,0,4.520500009940485e-05,29.878444849277177,4.960121920106063
4.888888888888888,81.49127469020749,stable_coexistence,0,4.785716801545764e-05,29.87838180399995,4.948932893851821
4.888888888888888,90.27251779484578,stable_coexistence,0,5.0054279685818564e-05,29.878324460828754,4.938771343220039
4.888888888888888,100.0,stable_coexistence,0,5.184676672730999e-05,29.8782723555433,4.929547865801292
5.111111111111111,0.01,predator_extinct,2,31.37214941091893,74.36156743088965,1.3541706730635686e-09
5.111111111111111,0.011077568505097092,predator_extinct,2,31.567925544407746,80.70488193830313,6.25210855227149e-07
5.111111111111111,0.012271252398511897,low_density_risk,4,31.626483446714076,86.08446727331426,0.00016358738144662285
5.111111111111111,0.013593563908785255,low_density_risk,4,27.310952796614842,88.99158639600515,0.021809108422856726
5.111111111111111,0.015058363542798407,low_density_risk,4,8.095365078940658,82.51162784735914,0.15440178072866603
5.111111111111111,0.016681005372000592,low_density_risk,4,6.512330888370995,75.23855762443775,0.17906249169502458
5.111111111111111,0.018478497974222907,low_density_risk,4,5.114310396624236,69.21973007543302,0.2130299520276827
5.111111111111111,0.02046968271807521,low_density_risk,4,3.8376078087937913,62.58180948140932,0.2656837821860979
5.111111111111111,0.02267543125870802,low_density_risk,4,3.190237686882898,56.10290591906956,0.2996314500487012
5.111111111111111,0.025118864315095794,low_density_risk,4,2.70884233842696,50.23094305470954,0.33148017110580896
5.111111111111111,0.027825594022071243,oscillatory_coexistence,1,2.3260474423097617,44.67129544880463,0.36324944374823703
5.111111111111111,0.030823992397451434,oscillatory_coexistence,1,2.033026511923421,39.561033804420944,0.39034968746421983
5.111111111111111,0.034145488738336005,oscillatory_coexistence,1,2.054498977087548,35.0365855737125,0.4143216671503312
5.111111111111111,0.037824899063893865,oscillatory_coexistence,1,1.649565760886493,31.548231807750184,0.43196973943750233
5.111111111111111,0.04190079105786669,oscillatory_coexistence,1,0.8018123062880583,29.928401131567423,0.4338519629581877
5.111111111111111,0.046415888336127795,oscillatory_coexistence,1,0.6788658474626298,29.74684975463124,0.42281784515578275
5.111111111111111,0.051417518276839276,oscillatory_coexistence,1,0.2504731693460893,29.975711839293812,0.41787466348173113
5.111111111111111,0.056958108107376865,oscillatory_coexistence,1,0.18243096887021945,30.111248931571975,0.4195038403947403
5.111111111111111,0.06309573444801933,oscillatory_coexistence,1,0.12812747280664172,30.08024181919918,0.4217282757242161
5.111111111111111,0.06989473207273486,oscillatory_coexistence,1,0.058464418921080015,30.010848858507785,0.4224272905987383
5.111111111111111,0.0774263682681127,oscillatory_coexistence,1,0.02977316309034059,29.983837490828208,0.42215068352051255
5.111111111111111,0.08576958985908942,oscillatory_coexistence,1,0.019341286541034102,29.988592805744137,0.42182788009583366
5.111111111111111,0.0950118507318144,oscillatory_coexistence,1,0.008395189107108134,29.997740182082122,0.42173210189635146
5.111111111111111,0.10525002852777332,oscillatory_coexistence,1,0.0032743446905422356,30.001358829540994,0.42175379626903176
5.111111111111111,0.11659144011798317,oscillatory_coexistence,1,0.001959068186797126,30.00127696586409,0.4217846857687944
5.111111111111111,0.1291549665014884,stable_coexistence,0,0.0008500689122195808,30.00050125386371,0.42179742261660014
5.111111111111111,0.14307229891937578,stable_coexistence,0,0.00040073126800260067,30.000077651102263,0.4217991988883009
5.111111111111111,0.15848931924611134,stable_coexistence,0,0.00014346783580874149,29.999963537994027,0.4217981668497912
5.111111111111111,0.17556762912750015,stable_coexistence,0,5.472011230331762e-05,29.999962766578044,0.4217972764241283
5.111111111111111,0.19448624389373625,stable_coexistence,0,2.9077909164316006e-05,29.999979809629842,0.42179687029013246
5.111111111111111,0.21544346900318845,stable_coexistence,0,1.3045192456123075e-05,29.999991136278812,0.4217967313086024
5.111111111111111,0.2386589786858581,stable_coexistence,0,5.717465764995104e-06,29.999996433669835,0.42179669323937863
5.111111111111111,0.26437611857491,stable_coexistence,0,2.96293771804111e-06,29.999998585812328,0.4217966855522099
5.111111111111111,0.29286445646252374,stable_coexistence,0,1.5037225123851089e-06,29.999999415048723,0.4217966852364879
5.111111111111111,0.324422607917163,stable_coexistence,0,7.815754276881074e-07,29.999999735520284,0.4217966861001848
5.111111111111111,0.35938136638046275,stable_coexistence,0,4.2592277594182514e-07,29.999999865181803,0.4217966868280196
5.111111111111111,0.3981071705534973,stable_coexistence,0,2.4581868125019463e-07,29.99999992198092,0.42179668728593533
5.111111111111111,0.44100594541767385,stable_coexistence,0,1.504436169286156e-07,29.999999949523872,0.42179668755081146
5.111111111111111,0.4885273571519389,stable_coexistence,0,9.725006897247496e-08,29.999999964413984,0.4217966877000511
5.111111111111111,0.5411695265464638,stable_coexistence,0,6.597133748862371e-08,29.999999973319618,0.421796687783558
5.111111111111111,0.5994842503189411,stable_coexistence,0,4.6630365616112326e-08,29.999999979113763,0.42179668783010293
5.111111111111111,0.6640827850634842,stable_coexistence,0,3.41114325126434e-08,29.999999983137823,0.42179668785574814
5.111111111111111,0.7356422544596414,stable_coexistence,0,2.56743256107763e-08,29.9999999860722,0.4217966878694524
5.111111111111111,0.8149127469020745,stable_coexistence,0,1.978579896250857e-08,29.99999998829014,0.4217966878762702
5.111111111111111,0.9027251779484579,stable_coexistence,0,1.5551048690994487e-08,29.999999990012288,0.4217966878791027
5.111111111111111,1.0,stable_coexistence,0,1.2426865703001181e-08,29.999999991377216,0.42179668787962427
5.111111111111111,1.1077568505097097,stable_coexistence,0,1.0071268029478638e-08,29.99999999247631,0.4217966878788424
5.111111111111111,1.2271252398511903,stable_coexistence,0,8.76050808519601e-09,29.999999993372732,0.42179668787735375
5.111111111111111,1.3593563908785256,stable_coexistence,0,7.73584433515806e-09,29.999999994111825,0.4217966878755177
5.111111111111111,1.5058363542798414,stable_coexistence,0,6.894446996849208e-09,29.9999999947265,0.42179668787354785
5.111111111111111,1.6681005372000592,stable_coexistence,0,6.1965048655998275e-09,29.99999999524168,0.42179668787157454
5.111111111111111,1.8478497974222907,stable_coexistence,0,5.61250085915395e-09,29.99999999567634,0.4217966878696663
5.111111111111111,2.046968271807522,stable_coexistence,0,5.120123215036939e-09,29.999999996045524,0.4217966878678662
5.111111111111111,2.267543125870802,stable_coexistence,0,4.702233619067281e-09,29.99999999636069,0.42179668786619307
5.111111111111111,2.5118864315095797,stable_coexistence,0,4.345466913068474e-09,29.999999996631047,0.42179668786465363
5.111111111111111,2.782559402207126,stable_coexistence,0,4.0392756322740505e-09,29.999999996863988,0.4217966878632472
5.111111111111111,3.0823992397451434,stable_coexistence,0,3.775247626050061e-09,29.999999997065558,0.4217966878619689
5.111111111111111,3.414548873833601,stable_coexistence,0,3.5466087172413325e-09,29.999999997240614,0.4217966878608103
5.111111111111111,3.782489906389386,stable_coexistence,0,3.3478514404661882e-09,29.999999997393147,0.42179668785976354
5.111111111111111,4.190079105786669,stable_coexistence,0,3.1744655121723535e-09,29.99999999752652,0.4217966878588184
5.111111111111111,4.641588833612782,stable_coexistence,0,3.022734498721076e-09,29.999999997643418,0.4217966878579666
5.111111111111111,5.141751827683928,stable_coexistence,0,2.8895715715775494e-09,29.999999997746215,0.42179668785718494
5.111111111111111,5.695810810737687,stable_coexistence,0,2.772398429405923e-09,29.999999997836735,0.4217966878564944
5.111111111111111,6.309573444801936,stable_coexistence,0,2.669049225384749e-09,29.999999997916685,0.4217966878558731
5.111111111111111,6.989473207273487,stable_coexistence,0,2.577695814761144e-09,29.99999999798743,0.4217966878553136
5.111111111111111,7.742636826811269,stable_coexistence,0,2.496786557866494e-09,29.9999999980502,0.42179668785481017
5.111111111111111,8.576958985908945,stable_coexistence,0,2.4250022319664288e-09,29.999999998105864,0.4217966878543573
5.111111111111111,9.50118507318144,stable_coexistence,0,2.3611995721074895e-09,29.99999999815539,0.42179668785394914
5.111111111111111,10.525002852777327,stable_coexistence,0,2.3044103498721903e-09,29.999999998199485,0.4217966878535819
5.111111111111111,11.659144011798324,stable_coexistence,0,2.2537825453101734e-09,29.999999998238827,0.4217966878532506
5.111111111111111,12.91549665014884,stable_coexistence,0,2.208560211156252e-09,29.999999998273985,0.4217966878529493
5.111111111111111,14.307229891937586,stable_coexistence,0,2.1679260715544486e-09,29.99999999830561,0.4217966878526671
5.111111111111111,15.848931924611142,stable_coexistence,0,2.1292015410788626e-09,29.999999998335745,0.42179668785229624
5.111111111111111,17.556762912750013,stable_coexistence,0,2.0969811313886474e-09,29.99999999836084,0.4217966878520747
5.111111111111111,19.448624389373634,stable_coexistence,0,2.0681185278482844e-09,29.999999998383323,0.4217966878518743
5.111111111111111,21.544346900318846,stable_coexistence,0,2.0421107307280577e-09,29.999999998403595,0.42179668785168645
5.111111111111111,23.865897868585808,stable_coexistence,0,2.0171238045929296e-09,29.99999999842309,0.42179668785142566
5.111111111111111,26.437611857491014,stable_coexistence,0,1.975941655870081e-09,29.999999998455124,0.42179668785029634
5.111111111111111,29.286445646252375,stable_coexistence,0,5.03211876622779e-07,29.960519768602012,2.7121887634796313
5.111111111111111,32.4422607917163,stable_coexistence,0,5.183255743102085e-05,29.879160945302633,5.089413098836758
5.111111111111111,35.938136638046295,stable_coexistence,0,4.993860257139204e-05,29.87903735011457,5.066745288916309
5.111111111111111,39.810717055349734,stable_coexistence,0,4.7046429795041276e-05,29.878923688776307,5.046039597884343
5.111111111111111,44.100594541767364,stable_coexistence,0,4.348002521587411e-05,29.878819335031906,5.027144377168529
5.111111111111111,48.852735715193916,stable_coexistence,0,4.016493367748829e-05,29.878723686168644,5.009916791509643
5.111111111111111,54.116952654646376,stable_coexistence,0,3.7330313599523475e-05,29.878636158226744,4.994222769480849
5.111111111111111,59.948425031894146,stable_coexistence,0,4.0037691023661045e-05,29.878556184919947,4.979936869885779
5.111111111111111,66.40827850634845,stable_coexistence,0,4.348731133688771e-05,29.878483218670294,4.966942077153626
5.111111111111111,73.56422544596414,stable_coexistence,0,4.6417384403301494e-05,29.878416732610237,4.955129538541075
5.111111111111111,81.49127469020749,stable_coexistence,0,4.8865863959978666e-05,29.87835622279501,4.944398255275369
5.111111111111111,90.27251779484578,stable_coexistence,0,5.08807543062837e-05,29.878301210200437,4.934654738839186
5.111111111111111,100.0,stable_coexistence,0,5.2513510796623786e-05,29.87825124223907,4.925812642500374
5.333333333333333,0.01,predator_extinct,2,31.357076722762223,73.7468697928677,3.819789654563539e-10
5.333333333333333,0.011077568505097092,predator_extinct,2,31.561513219868704,80.19512201049852,1.993112355197745e-07
5.333333333333333,0.012271252398511897,low_density_risk,4,31.643862122063734,85.6876508757359,5.832808039404921e-05
5.333333333333333,0.013593563908785255,low_density_risk,4,29.681190753737486,89.45092140059045,0.009373203018897089
5.333333333333333,0.015058363542798407,low_density_risk,4,8.902675180040339,84.31208329996439,0.13518778723133146
5.333333333333333,0.016681005372000592,low_density_risk,4,6.677940104778051,76.63010970709854,0.168094638715194
5.333333333333333,0.018478497974222907,low_density_risk,4,5.352798333045907,70.4514642563598,0.1958829283336542
5.333333333333333,0.02046968271807521,low_density_risk,4,3.967411354656148,63.85076279184587,0.24726963207611535
5.333333333333333,0.02267543125870802,low_density_risk,4,3.2570887134949174,57.210780755457925,0.2823221872531294
5.333333333333333,0.025118864315095794,low_density_risk,4,2.761535365229593,51.22284662080894,0.31273706669898227
5.333333333333333,0.027825594022071243,oscillatory_coexistence,1,2.3628674859646384,45.57680268128437,0.34392570558710234
5.333333333333333,0.030823992397451434,oscillatory_coexistence,1,2.061467982439893,40.35992038000659,0.3707188774821882
5.333333333333333,0.034145488738336005,oscillatory_coexistence,1,2.050553188997353,35.71099851125188,0.3944083796601629
5.333333333333333,0.037824899063893865,oscillatory_coexistence,1,1.76656130104092,31.986092476608714,0.4129663354734461
5.333333333333333,0.04190079105786669,oscillatory_coexistence,1,0.8005372192524024,30.05805585682347,0.41779605913269463
5.333333333333333,0.046415888336127795,oscillatory_coexistence,1,0.7075349709327925,29.73057681446065,0.40800365638671837
5.333333333333333,0.051417518276839276,oscillatory_coexistence,1,0.2803714664083947,29.940355037672713,0.4019370987751335
5.333333333333333,0.056958108107376865,oscillatory_coexistence,1,0.1816767521588321,30.10020464781671,0.40295324056460247
5.333333333333333,0.06309573444801933,oscillatory_coexistence,1,0.135554740013888,30.08715401681447,0.4051642300800823
5.333333333333333,0.06989473207273486,oscillatory_coexistence,1,0.06076252810197516,30.017634157540957,0.4060147370822837
5.333333333333333,0.0774263682681127,oscillatory_coexistence,1,0.029403703683942028,29.985533654323827,0.4058203504652446
5.333333333333333,0.08576958985908942,oscillatory_coexistence,1,0.02013386477041046,29.987902357943018,0.40550134629401224
5.333333333333333,0.0950118507318144,oscillatory_coexistence,1,0.008516793663950606,29.997005030545797,0.4053899149576397
5.333333333333333,0.10525002852777332,oscillatory_coexistence,1,0.0035819036534048745,30.00109906081489,0.40540302322154803
5.333333333333333,0.11659144011798317,oscillatory_coexistence,1,0.0019383170793116596,30.001269343764108,0.40543225618993894
5.333333333333333,0.1291549665014884,stable_coexistence,0,0.0008931207229640186,30.000542169226687,0.4054455417062105
5.333333333333333,0.14307229891937578,stable_coexistence,0,0.0004064478455931538,30.000103720516712,0.4054478870605552
5.333333333333333,0.15848931924611134,stable_coexistence,0,0.00015220652550179393,29.999973667681793,0.40544710504233455
5.333333333333333,0.17556762912750015,stable_coexistence,0,5.201150895765779e-05,29.999965544378785,0.4054462852627274
5.333333333333333,0.19448624389373625,stable_coexistence,0,2.831438489034916e-05,29.99998023187794,0.4054458892194631
5.333333333333333,0.21544346900318845,stable_coexistence,0,1.3045109281496627e-05,29.999991029184834,0.40544574722879456
5.333333333333333,0.2386589786858581,stable_coexistence,0,5.570742685637954e-06,29.999996287908942,0.4054457056813991
5.333333333333333,0.26437611857491,stable_coexistence,0,2.8467759982966606e-06,29.999998486664232,0.40544569589688
5.333333333333333,0.29286445646252374,stable_coexistence,0,1.4623146429174548e-06,29.999999356749147,0.40544569449926554
5.333333333333333,0.324422607917163,stable_coexistence,0,7.654785776061636e-07,29.99999970238041,0.4054456948271463
5.333333333333333,0.35938136638046275,stable_coexistence,0,4.1862027718321754e-07,29.99999984619824,0.4054456952871806
5.333333333333333,0.3981071705534973,stable_coexistence,0,2.4174044313775605e-07,29.99999991084127,0.4054456956066198
5.333333333333333,0.44100594541767385,stable_coexistence,0,1.4765802226878236e-07,29.999999942798492,0.4054456957965353
5.333333333333333,0.4885273571519389,stable_coexistence,0,9.505644532998413e-08,29.999999960246285,0.40544569590312557
5.333333333333333,0.5411695265464638,stable_coexistence,0,6.409900219837418e-08,29.999999970684957,0.4054456959611593
5.333333333333333,0.5994842503189411,stable_coexistence,0,4.49655291709967e-08,29.999999977430196,0.4054456959917737
5.333333333333333,0.6640827850634842,stable_coexistence,0,3.26003450800025e-08,29.99999998206317,0.4054456960070468
5.333333333333333,0.7356422544596414,stable_coexistence,0,2.4287693172176632e-08,29.999999985398805,0.4054456960137518
5.333333333333333,0.8149127469020745,stable_coexistence,0,1.8504960415921056e-08,29.99999998788759,0.4054456960157021
5.333333333333333,0.9027251779484579,stable_coexistence,0,1.4362447117980753e-08,29.99999998979639,0.40544569601505376
5.333333333333333,1.0,stable_coexistence,0,1.158633791423246e-08,29.99999999129203,0.4054456960130418
5.333333333333333,1.1077568505097097,stable_coexistence,0,9.920004574087812e-09,29.999999992484017,0.4054456960103762
5.333333333333333,1.2271252398511903,stable_coexistence,0,8.594167339219506e-09,29.999999993447197,0.4054456960074656
5.333333333333333,1.3593563908785256,stable_coexistence,0,7.52393370470808e-09,29.999999994234496,0.40544569600454083
5.333333333333333,1.5058363542798414,stable_coexistence,0,6.649482975806789e-09,29.99999999488431,0.4054456960017262
5.333333333333333,1.6681005372000592,stable_coexistence,0,5.927573772588111e-09,29.999999995425117,0.40544569599908875
5.333333333333333,1.8478497974222907,stable_coexistence,0,5.326234098183089e-09,29.999999995878824,0.4054456959966577
5.333333333333333,2.046968271807522,stable_coexistence,0,4.82139873341208e-09,29.999999996261845,0.40544569599443986
5.333333333333333,2.267543125870802,stable_coexistence,0,4.39463756136605e-09,29.999999996587146,0.40544569599243074
5.333333333333333,2.5118864315095797,stable_coexistence,0,4.031648556116058e-09,29.999999996864872,0.40544569599061925
5.333333333333333,2.782559402207126,stable_coexistence,0,3.721192729489986e-09,29.999999997103213,0.4054456959889912
5.333333333333333,3.0823992397451434,stable_coexistence,0,3.45434836106264e-09,29.999999997308596,0.40544569598753055
5.333333333333333,3.414548873833601,stable_coexistence,0,3.223953895499192e-09,29.99999999748634,0.4054456959862201
5.333333333333333,3.782489906389386,stable_coexistence,0,3.0242182855975303e-09,29.999999997640764,0.40544569598504693
5.333333333333333,4.190079105786669,stable_coexistence,0,2.850420740106992e-09,29.999999997775333,0.405445695983996
5.333333333333333,4.641588833612782,stable_coexistence,0,2.6986807083773724e-09,29.99999999789298,0.40544569598305513
5.333333333333333,5.141751827683928,stable_coexistence,0,2.5657956373881937e-09,29.99999999799623,0.40544569598221275
5.333333333333333,5.695810810737687,stable_coexistence,0,2.4490940631346644e-09,29.999999998086917,0.4054456959814584
5.333333333333333,6.309573444801936,stable_coexistence,0,2.346349491784982e-09,29.999999998166796,0.4054456959807822
5.333333333333333,6.989473207273487,stable_coexistence,0,2.255678946480883e-09,29.999999998237413,0.4054456959801763
5.333333333333333,7.742636826811269,stable_coexistence,0,2.1754954582145727e-09,29.999999998299895,0.40544569597963276
5.333333333333333,8.576958985908945,stable_coexistence,0,2.104450425077078e-09,29.999999998355296,0.4054456959791453
5.333333333333333,9.50118507318144,stable_coexistence,0,2.041392127346746e-09,29.999999998404558,0.40544569597870717
5.333333333333333,10.525002852777327,stable_coexistence,0,1.9853442320070265e-09,29.9999999984483,0.4054456959783139
5.333333333333333,11.659144011798324,stable_coexistence,0,1.935881895228147e-09,29.999999998487247,0.4054456959779601
5.333333333333333,12.91549665014884,stable_coexistence,0,1.8922429173322046e-09,29.99999999852199,0.40544569597764024
5.333333333333333,14.307229891937586,stable_coexistence,0,1.8535663837198474e-09,29.999999998553033,0.4054456959773431
5.333333333333333,15.848931924611142,stable_coexistence,0,1.8185280631564945e-09,29.999999998580826,0.4054456959769794
5.333333333333333,17.556762912750013,stable_coexistence,0,1.7881734301770924e-09,29.999999998605503,0.4054456959767458
5.333333333333333,19.448624389373634,stable_coexistence,0,1.7611879744340012e-09,29.999999998627587,0.405445695976535
5.333333333333333,21.544346900318846,stable_coexistence,0,1.7371175525229525e-09,29.999999998647354,0.40544569597633945
5.333333333333333,23.865897868585808,stable_coexistence,0,1.7150284116503324e-09,29.999999998664943,0.40544569597609026
5.333333333333333,26.437611857491014,stable_coexistence,0,1.6882034190003873e-09,29.99999999868145,0.40544569597512775
5.333333333333333,29.286445646252375,stable_coexistence,0,4.6635078095781497e-07,29.961245253755,2.6727669768531723
5.333333333333333,32.4422607917163,stable_coexistence,0,5.1186104758758364e-05,29.87910829737046,5.0797376734335655
5.333333333333333,35.938136638046295,stable_coexistence,0,4.884025918669082e-05,29.878988911184482,5.0579048469012475
5.333333333333333,39.810717055349734,stable_coexistence,0,4.561847116500612e-05,29.878879195034887,5.037970002385566
5.333333333333333,44.100594541767364,stable_coexistence,0,4.203714118833646e-05,29.878778533363633,5.019785156635992
5.333333333333333,48.852735715193916,stable_coexistence,0,3.893268050495366e-05,29.87868633158645,5.003211130195949
5.333333333333333,54.116952654646376,stable_coexistence,0,3.777392783463649e-05,29.87860201307166,4.988117461343113
5.333333333333333,59.948425031894146,stable_coexistence,0,4.1538604682447175e-05,29.87852501911166,4.974382241373418
5.333333333333333,66.40827850634845,stable_coexistence,0,4.4768410616788396e-05,29.878454810471332,4.96189188427149
5.333333333333333,73.56422544596414,stable_coexistence,0,4.7492714222070075e-05,29.878390869551456,4.95054084333156
5.333333333333333,81.49127469020749,stable_coexistence,0,4.975469786683879e-05,29.878332702550775,4.940231286504378
5.333333333333333,90.27251779484578,stable_coexistence,0,5.160425009138341e-05,29.87827984128293,4.930872741225802
5.333333333333333,100.0,stable_coexistence,0,5.309312214869127e-05,29.878231844471053,4.922381718347249
5.555555555555555,0.01,predator_extinct,2,31.341865106985473,73.15094382133907,1.126144146887796e-10
5.555555555555555,0.011077568505097092,predator_extinct,2,31.555050177434268,79.69930368478893,6.612839353043794e-08
5.555555555555555,0.012271252398511897,low_density_risk,4,31.648563736774822,85.2956240119942,2.1553755657116807e-05
5.555555555555555,0.013593563908785255,low_density_risk,4,30.795849443796076,89.5428634046651,0.003964081958364878
5.555555555555555,0.015058363542798407,low_density_risk,4,10.42475623372909,86.02674197622963,0.11131797959043647
5.555555555555555,0.016681005372000592,low_density_risk,4,6.840033587398807,78.02311659640655,0.15819985481258456
5.555555555555555,0.018478497974222907,low_density_risk,4,5.572323812891028,71.61359585433624,0.1813474421177678
5.555555555555555,0.02046968271807521,low_density_risk,4,4.109767113931871,65.06723206824303,0.2300071476310109
5.555555555555555,0.02267543125870802,low_density_risk,4,3.324152743192514,58.287249825829626,0.26649561958028023
5.555555555555555,0.025118864315095794,low_density_risk,4,2.813300303272677,52.17644826110533,0.29569126547855323
5.555555555555555,0.027825594022071243,oscillatory_coexistence,1,2.39960542954405,46.449580048795944,0.3261837315073565
5.555555555555555,0.030823992397451434,oscillatory_coexistence,1,2.088648793261425,41.13269220768917,0.3526992860327216
5.555555555555555,0.034145488738336005,oscillatory_coexistence,1,2.037826214646131,36.37177118614714,0.3760554725450632
5.555555555555555,0.037824899063893865,oscillatory_coexistence,1,1.8578168453682697,32.44447761277844,0.3951698503083126
5.555555555555555,0.04190079105786669,oscillatory_coexistence,1,0.939525524747178,30.216689051137497,0.40247571126987425
5.555555555555555,0.046415888336127795,oscillatory_coexistence,1,0.7129925178818206,29.725966659749975,0.39429714073865246
5.555555555555555,0.051417518276839276,oscillatory_coexistence,1,0.3361753745184135,29.906128458667936,0.3873251540728096
5.555555555555555,0.056958108107376865,oscillatory_coexistence,1,0.18096706147280409,30.08641082192233,0.38768738325731666
5.555555555555555,0.06309573444801933,oscillatory_coexistence,1,0.14117664755478385,30.092394296057005,0.38983590190927037
5.555555555555555,0.06989473207273486,oscillatory_coexistence,1,0.06222462389208796,30.024376154152165,0.390817746088674
5.555555555555555,0.0774263682681127,oscillatory_coexistence,1,0.029064547868964813,29.987568012768392,0.39070713725144185
5.555555555555555,0.08576958985908942,oscillatory_coexistence,1,0.02070208900789166,29.987394115693473,0.3903972202624355
5.555555555555555,0.0950118507318144,oscillatory_coexistence,1,0.008552309468705289,29.996302441617242,0.39027242234242066
5.555555555555555,0.10525002852777332,oscillatory_coexistence,1,0.0038652588724147497,30.000824362151743,0.3902771912596655
5.555555555555555,0.11659144011798317,oscillatory_coexistence,1,0.0019012984120970664,30.001247756443785,0.390304518343944
5.555555555555555,0.1291549665014884,stable_coexistence,0,0.0009295684866820278,30.000577125555665,0.3903181712488574
5.555555555555555,0.14307229891937578,stable_coexistence,0,0.0004094955898135799,30.000128187603543,0.390321017109976
5.555555555555555,0.15848931924611134,stable_coexistence,0,0.00015993016797957258,29.999983636309842,0.39032047006309417
5.555555555555555,0.17556762912750015,stable_coexistence,0,4.9605301381220555e-05,29.999968452047028,0.39031972132733384
5.555555555555555,0.19448624389373625,stable_coexistence,0,2.743133900660789e-05,29.999980773606257,0.3903193378153339
5.555555555555555,0.21544346900318845,stable_coexistence,0,1.2973886815433222e-05,29.9999909929829,0.39031919445022434
5.555555555555555,0.2386589786858581,stable_coexistence,0,5.641467974902372e-06,29.999996179298655,0.3903191502480655
5.555555555555555,0.26437611857491,stable_coexistence,0,2.7241154577612102e-06,29.9999984064143,0.3903191387407983
5.555555555555555,0.29286445646252374,stable_coexistence,0,1.4160033084117523e-06,29.999999308220286,0.3903191364271901
5.555555555555555,0.324422607917163,stable_coexistence,0,7.46205611715116e-07,29.999999674505922,0.3903191362939669
5.555555555555555,0.35938136638046275,stable_coexistence,0,4.093343947131712e-07,29.999999830209568,0.3903191365213698
5.555555555555555,0.3981071705534973,stable_coexistence,0,2.364212678138731e-07,29.999999901506555,0.39031913671989743
5.555555555555555,0.44100594541767385,stable_coexistence,0,1.4408256993973316e-07,29.99999993722363,0.3903191368442247
5.555555555555555,0.4885273571519389,stable_coexistence,0,9.234972408971563e-08,29.999999956850022,0.3903191369135205
5.555555555555555,0.5411695265464638,stable_coexistence,0,6.188775317960691e-08,29.999999968590984,0.39031913694931614
5.555555555555555,0.5994842503189411,stable_coexistence,0,4.3074557643916076e-08,29.999999976139655,0.3903191369660858
5.555555555555555,0.6640827850634842,stable_coexistence,0,3.0938408595085174e-08,29.999999981283473,0.3903191369723891
5.555555555555555,0.7356422544596414,stable_coexistence,0,2.2801845164198086e-08,29.99999998495217,0.39031913697308146
5.555555555555555,0.8149127469020745,stable_coexistence,0,1.7161190283302658e-08,29.999999987663138,0.39031913697087656
5.555555555555555,0.9027251779484579,stable_coexistence,0,1.367777581213689e-08,29.999999989722745,0.39031913696728826
5.555555555555555,1.0,stable_coexistence,0,1.1450809332806423e-08,29.99999999132211,0.39031913696314974
5.555555555555555,1.1077568505097097,stable_coexistence,0,9.717710012549738e-09,29.999999992586098,0.3903191369589193
5.555555555555555,1.2271252398511903,stable_coexistence,0,8.34539329818659e-09,29.999999993599708,0.3903191369548391
5.555555555555555,1.3593563908785256,stable_coexistence,0,7.242896332956691e-09,29.999999994422325,0.390319136951026
5.555555555555555,1.5058363542798414,stable_coexistence,0,6.3462561405007e-09,29.99999999509678,0.39031913694753295
5.555555555555555,1.6681005372000592,stable_coexistence,0,5.6093078546783545e-09,29.999999995655067,0.3903191369443721
5.555555555555555,1.8478497974222907,stable_coexistence,0,4.998042998090834e-09,29.99999999612071,0.39031913694152875
5.555555555555555,2.046968271807522,stable_coexistence,0,4.486929257555852e-09,29.999999996511836,0.3903191369389866
5.555555555555555,2.267543125870802,stable_coexistence,0,4.05649516343311e-09,29.99999999684246,0.39031913693671955
5.555555555555555,2.5118864315095797,stable_coexistence,0,3.6916799120473097e-09,29.9999999971236,0.3903191369347011
5.555555555555555,2.782559402207126,stable_coexistence,0,3.3806964597543903e-09,29.99999999736389,0.390319136932906
5.555555555555555,3.0823992397451434,stable_coexistence,0,3.114222433892612e-09,29.999999997570225,0.3903191369313095
5.555555555555555,3.414548873833601,stable_coexistence,0,2.884808071311152e-09,29.999999997748194,0.39031913692989006
5.555555555555555,3.782489906389386,stable_coexistence,0,2.6864524030483098e-09,29.999999997902343,0.3903191369286265
5.555555555555555,4.190079105786669,stable_coexistence,0,2.5142806995831936e-09,29.99999999803635,0.3903191369275019
5.555555555555555,4.641588833612782,stable_coexistence,0,2.364302412554624e-09,29.99999999815317,0.39031913692650005
5.555555555555555,5.141751827683928,stable_coexistence,0,2.2333338071319233e-09,29.999999998255376,0.39031913692560694
5.555555555555555,5.695810810737687,stable_coexistence,0,2.1203644108783962e-09,29.999999998345068,0.39031913692480985
5.555555555555555,6.309573444801936,stable_coexistence,0,2.023141887132099e-09,29.99999999842399,0.39031913692409814
5.555555555555555,6.989473207273487,stable_coexistence,0,1.9390619049619863e-09,29.999999998493504,0.3903191369234619
5.555555555555555,7.742636826811269,stable_coexistence,0,1.866056018045355e-09,29.999999998554927,0.3903191369228931
5.555555555555555,8.576958985908945,stable_coexistence,0,1.8024255518168592e-09,29.9999999986093,0.3903191369223838
5.555555555555555,9.50118507318144,stable_coexistence,0,1.7467811600081674e-09,29.99999999865753,0.39031913692192727
5.555555555555555,10.525002852777327,stable_coexistence,0,1.6979782568103333e-09,29.999999998700364,0.3903191369215184
5.555555555555555,11.659144011798324,stable_coexistence,0,1.655037231506158e-09,29.99999999873846,0.39031913692115117
5.555555555555555,12.91549665014884,stable_coexistence,0,1.61718113674546e-09,29.999999998772385,0.39031913692082015
5.555555555555555,14.307229891937586,stable_coexistence,0,1.5836434072312567e-09,29.999999998802494,0.3903191369205155
5.555555555555555,15.848931924611142,stable_coexistence,0,1.5532680795622995e-09,29.999999998827803,0.39031913692016346
5.555555555555555,17.556762912750013,stable_coexistence,0,1.5269541257681384e-09,29.99999999885179,0.39031913691992315
5.555555555555555,19.448624389373634,stable_coexistence,0,1.5035760175076123e-09,29.999999998873246,0.39031913691970693
5.555555555555555,21.544346900318846,stable_coexistence,0,1.4827166237944413e-09,29.99999999889234,0.39031913691950776
5.555555555555555,23.865897868585808,stable_coexistence,0,1.4636236013224526e-09,29.999999998908084,0.3903191369192721
5.555555555555555,26.437611857491014,stable_coexistence,0,1.4405442970879777e-09,29.99999999891034,0.39031913691846704
5.555555555555555,29.286445646252375,stable_coexistence,0,3.9344417168231394e-07,29.961936629716146,2.6354873648942965
5.555555555555555,32.4422607917163,stable_coexistence,0,5.037451990817924e-05,29.879059475071756,5.070791235765847
5.555555555555555,35.938136638046295,stable_coexistence,0,4.764437202906231e-05,29.878944021466125,5.049733814873066
5.555555555555555,39.810717055349734,stable_coexistence,0,4.415426019821556e-05,29.878837989480154,5.030514288568746
5.555555555555555,44.100594541767364,stable_coexistence,0,4.0740137092782296e-05,29.878740772551787,5.012988190147902
5.555555555555555,48.852735715193916,stable_coexistence,0,3.782297473538638e-05,29.87865178341719,4.997019832642642
5.555555555555555,54.116952654646376,stable_coexistence,0,3.934221941879611e-05,29.878570452484432,4.982482189809653
5.555555555555555,59.948425031894146,stable_coexistence,0,4.2891159932183795e-05,29.87849622857556,4.969256703695678
5.555555555555555,66.40827850634845,stable_coexistence,0,4.5914706856932695e-05,29.878428580814628,4.957233031678234
5.555555555555555,73.56422544596414,stable_coexistence,0,4.844896812433163e-05,29.878367000846822,4.946308745264021
5.555555555555555,81.49127469020749,stable_coexistence,0,5.054011932884721e-05,29.878311004897753,4.936388992033852
5.555555555555555,90.27251779484578,stable_coexistence,0,5.223965721737719e-05,29.878260135388846,4.927386131049025
5.555555555555555,100.0,stable_coexistence,0,5.359868315677495e-05,29.878213962011266,4.919219350858498
5.777777777777778,0.01,predator_extinct,2,31.32622099459663,72.57269754729346,3.459673791314863e-11
5.777777777777778,0.011077568505097092,predator_extinct,2,31.5485701401769,79.21670148897861,2.277273180074676e-08
5.777777777777778,0.012271252398511897,low_density_risk,4,31.648738942263595,84.91104742064823,8.23621596505766e-06
5.777777777777778,0.013593563908785255,low_density_risk,4,31.292382076803694,89.43308942138599,0.0016915196973028117
5.777777777777778,0.015058363542798407,low_density_risk,4,13.397324866854774,87.59690334625193,0.08362763460558753
5.777777777777778,0.016681005372000592,low_density_risk,4,7.011908163301834,79.41776343563058,0.1489581458315426
5.777777777777778,0.018478497974222907,low_density_risk,4,5.769527012486172,72.72286640454902,0.16902552076305163
5.777777777777778,0.02046968271807521,low_density_risk,4,4.264174651783342,66.22911699111854,0.21388669712850256
5.777777777777778,0.02267543125870802,low_density_risk,4,3.3923410922694903,59.33470852309117,0.25191597817783257
5.777777777777778,0.025118864315095794,low_density_risk,4,2.8640349924907236,53.09537936611511,0.2801502301036542
5.777777777777778,0.027825594022071243,oscillatory_coexistence,1,2.4362916834254995,47.291340422012176,0.30985038819903293
5.777777777777778,0.030823992397451434,oscillatory_coexistence,1,2.114937633637384,41.88068518481297,0.33610510279422173
5.777777777777778,0.034145488738336005,oscillatory_coexistence,1,2.019586607858408,37.01706034512832,0.3591079837894062
5.777777777777778,0.037824899063893865,oscillatory_coexistence,1,1.9259137901690244,32.916199231908436,0.37852463850824136
5.777777777777778,0.04190079105786669,oscillatory_coexistence,1,1.0774859883062424,30.402886775395775,0.38785267995235345
5.777777777777778,0.046415888336127795,oscillatory_coexistence,1,0.7097160645475148,29.733643760032923,0.38151743707717
5.777777777777778,0.051417518276839276,oscillatory_coexistence,1,0.39101495783888046,29.873848985041764,0.373885221874483
5.777777777777778,0.056958108107376865,oscillatory_coexistence,1,0.18029284289298694,30.070350174857055,0.3735706985000003
5.777777777777778,0.06309573444801933,oscillatory_coexistence,1,0.14497808120909067,30.09594122580684,0.3756130150017039
5.777777777777778,0.06989473207273486,oscillatory_coexistence,1,0.06457729450299082,30.030963893727353,0.3767057838285263
5.777777777777778,0.0774263682681127,oscillatory_coexistence,1,0.030198773141666788,29.989892488587568,0.37667879385566766
5.777777777777778,0.08576958985908942,oscillatory_coexistence,1,0.02105275997062471,29.987061890958348,0.3763824587142711
5.777777777777778,0.0950118507318144,oscillatory_coexistence,1,0.008744860511360045,29.995637659283965,0.3762464890916307
5.777777777777778,0.10525002852777332,oscillatory_coexistence,1,0.00412358133277312,30.000538899524393,0.37624324920903557
5.777777777777778,0.11659144011798317,oscillatory_coexistence,1,0.0018567945840570466,30.001213878072868,0.37626848497062826
5.777777777777778,0.1291549665014884,stable_coexistence,0,0.0009597993073938612,30.000606525652174,0.3762823488756543
5.777777777777778,0.14307229891937578,stable_coexistence,0,0.0004101815364442773,30.00015105530753,0.37628563201767345
5.777777777777778,0.15848931924611134,stable_coexistence,0,0.00016670725269227055,29.999993380761275,0.37628530446578495
5.777777777777778,0.17556762912750015,stable_coexistence,0,4.9472916944588363e-05,29.9999714425492,0.3762846260635188
5.777777777777778,0.19448624389373625,stable_coexistence,0,2.6455741494181902e-05,29.999981409228198,0.37628425682053673
5.777777777777778,0.21544346900318845,stable_coexistence,0,1.2844091843000752e-05,29.99999101527072,0.37628411338002077
5.777777777777778,0.2386589786858581,stable_coexistence,0,5.6813639872777254e-06,29.999996102045987,0.37628406720475116
5.777777777777778,0.26437611857491,stable_coexistence,0,2.5974990001238132e-06,29.999998342329725,0.37628405429251505
5.777777777777778,0.29286445646252374,stable_coexistence,0,1.3662558834749908e-06,29.99999926811789,0.3762840512062182
5.777777777777778,0.324422607917163,stable_coexistence,0,7.245987916516498e-07,29.999999651192514,0.37628405067733367
5.777777777777778,0.35938136638046275,stable_coexistence,0,3.985663428985331e-07,29.99999981681854,0.3762840507032232
5.777777777777778,0.3981071705534973,stable_coexistence,0,2.3017173055050472e-07,29.999999893735176,0.37628405079651
5.777777777777778,0.44100594541767385,stable_coexistence,0,1.3991898634117524e-07,29.99999993264149,0.37628405086365774
5.777777777777778,0.4885273571519389,stable_coexistence,0,8.926712621275946e-08,29.99999995411571,0.3762840509004577
5.777777777777778,0.5411695265464638,stable_coexistence,0,5.943455298913859e-08,29.99999996695739,0.37628405091693495
5.777777777777778,0.5994842503189411,stable_coexistence,0,4.1028463741883555e-08,29.99999997518116,0.3762840509217197
5.777777777777778,0.6640827850634842,stable_coexistence,0,2.9179055161196323e-08,29.999999980750385,0.3762840509203043
5.777777777777778,0.7356422544596414,stable_coexistence,0,2.1257914195349074e-08,29.999999984693066,0.37628405091585193
5.777777777777778,0.8149127469020745,stable_coexistence,0,1.655069196425736e-08,29.999999987584115,0.3762840509101261
5.777777777777778,0.9027251779484579,stable_coexistence,0,1.3519700372461247e-08,29.99999998976352,0.3762840509040652
5.777777777777778,1.0,stable_coexistence,0,1.1219799943655969e-08,29.999999991443467,0.37628405089815653
5.777777777777778,1.1077568505097097,stable_coexistence,0,9.43796442883677e-09,29.999999992761836,0.37628405089263733
5.777777777777778,1.2271252398511903,stable_coexistence,0,8.033432353050397e-09,29.999999993812,0.3762840508876022
5.777777777777778,1.3593563908785256,stable_coexistence,0,6.910122867109787e-09,29.99999999465899,0.3762840508830768
5.777777777777778,1.5058363542798414,stable_coexistence,0,6.0005502561397034e-09,29.999999995349597,0.37628405087904715
5.777777777777778,1.6681005372000592,stable_coexistence,0,5.256142048104154e-09,29.9999999959181,0.3762840508754723
5.777777777777778,1.8478497974222907,stable_coexistence,0,4.641193013437245e-09,29.99999999638991,0.3762840508723133
5.777777777777778,2.046968271807522,stable_coexistence,0,4.128983497969225e-09,29.999999996784393,0.3762840508695257
5.777777777777778,2.267543125870802,stable_coexistence,0,3.6992021682979143e-09,29.99999999711644,0.3762840508670674
5.777777777777778,2.5118864315095797,stable_coexistence,0,3.3361971077463173e-09,29.99999999739766,0.3762840508648993
5.777777777777778,2.782559402207126,stable_coexistence,0,3.027760213721603e-09,29.999999997637165,0.37628405086298583
5.777777777777778,3.0823992397451434,stable_coexistence,0,2.7642693422105355e-09,29.999999997842068,0.37628405086129535
5.777777777777778,3.414548873833601,stable_coexistence,0,2.5380687044915594e-09,29.99999999801834,0.37628405085980104
5.777777777777778,3.782489906389386,stable_coexistence,0,2.3466106983793925e-09,29.99999999817048,0.3762840508584781
5.777777777777778,4.190079105786669,stable_coexistence,0,2.1857363105657012e-09,29.99999999830238,0.3762840508573055
5.777777777777778,4.641588833612782,stable_coexistence,0,2.049633514684065e-09,29.99999999841723,0.3762840508562648
5.777777777777778,5.141751827683928,stable_coexistence,0,1.9338213987651785e-09,29.999999998517353,0.3762840508553404
5.777777777777778,5.695810810737687,stable_coexistence,0,1.8346928390004466e-09,29.99999999860502,0.37628405085451755
5.777777777777778,6.309573444801936,stable_coexistence,0,1.7494245097406356e-09,29.999999998681982,0.37628405085378525
5.777777777777778,6.989473207273487,stable_coexistence,0,1.675728747131488e-09,29.99999999874972,0.3762840508531321
5.777777777777778,7.742636826811269,stable_coexistence,0,1.6117685749484984e-09,29.99999999880948,0.37628405085254885
5.777777777777778,8.576958985908945,stable_coexistence,0,1.6111165735466588e-09,29.999999998862307,0.37628405085202826
5.777777777777778,9.50118507318144,stable_coexistence,0,1.6240966498176947e-09,29.99999999890909,0.37628405085156286
5.777777777777778,10.525002852777327,stable_coexistence,0,1.6353961740950563e-09,29.999999998950614,0.37628405085114613
5.777777777777778,11.659144011798324,stable_coexistence,0,1.645190295163092e-09,29.999999998987523,0.37628405085077243
5.777777777777778,12.91549665014884,stable_coexistence,0,1.6534843420923057e-09,29.999999999020265,0.3762840508504361
5.777777777777778,14.307229891937586,stable_coexistence,0,1.6592803576102808e-09,29.999999999049166,0.3762840508501294
5.777777777777778,15.848931924611142,stable_coexistence,0,1.6473090151727799e-09,29.99999999907186,0.37628405084979294
5.777777777777778,17.556762912750013,stable_coexistence,0,1.6525146881014283e-09,29.99999999909491,0.3762840508495503
5.777777777777778,19.448624389373634,stable_coexistence,0,1.6570195290451448e-09,29.999999999115524,0.3762840508493322
5.777777777777778,21.544346900318846,stable_coexistence,0,1.6599850975757076e-09,29.999999999133752,0.37628405084913263
5.777777777777778,23.865897868585808,stable_coexistence,0,1.650192871285571e-09,29.999999999147665,0.37628405084891126
5.777777777777778,26.437611857491014,stable_coexistence,0,1.5131198220747409e-09,29.99999999913692,0.37628405084825206
5.777777777777778,29.286445646252375,stable_coexistence,0,2.9493631030508684e-07,29.962596563728777,2.6001585449564923
5.777777777777778,32.4422607917163,stable_coexistence,0,4.943661022370966e-05,29.879014074624894,5.062494196382039
5.777777777777778,35.938136638046295,stable_coexistence,0,4.638090597099154e-05,29.878902304795123,5.04215878424158
5.777777777777778,39.810717055349734,stable_coexistence,0,4.27811121998725e-05,29.878799721602995,5.023604858052358
5.777777777777778,44.100594541767364,stable_coexistence,0,3.956832766052888e-05,29.87870572629314,5.006691324785538
5.777777777777778,48.852735715193916,stable_coexistence,0,3.688408247226831e-05,29.878619738406247,4.991285835051624
5.777777777777778,54.116952654646376,stable_coexistence,0,4.0767249836447616e-05,29.87854119523411,4.97726463439995
5.777777777777778,59.948425031894146,stable_coexistence,0,4.411143761603142e-05,29.878469553125488,4.964512346190402
5.777777777777778,66.40827850634845,stable_coexistence,0,4.694253620976503e-05,29.878404289570998,4.952921698737129
5.777777777777778,73.56422544596414,stable_coexistence,0,4.9301087705384616e-05,29.87834490541255,4.942393208692365
5.777777777777778,81.49127469020749,stable_coexistence,0,5.123599628523933e-05,29.878290926749575,4.932834831663656
5.777777777777778,90.27251779484578,stable_coexistence,0,5.279890908201311e-05,29.878241906357847,4.924161589938126
5.777777777777778,100.0,stable_coexistence,0,5.404072243852258e-05,29.87819742454276,4.916295185988676
6.0,0.01,predator_extinct,2,31.30927341477091,72.01113130481627,1.1045613293503748e-11
6.0,0.011077568505097092,predator_extinct,2,31.5420828061286,78.74663804580986,8.11988810336883e-09
6.0,0.012271252398511897,low_density_risk,4,31.647241886305824,84.53459480748899,3.247635616198924e-06
6.0,0.013593563908785255,low_density_risk,4,31.510874040138972,89.22886264129569,0.0007358078921559048
6.0,0.015058363542798407,low_density_risk,4,18.3920029468137,88.95703568737795,0.056430188933883664
6.0,0.016681005372000592,low_density_risk,4,7.2103129647324415,80.8107517446521,0.1399952208374741
6.0,0.018478497974222907,low_density_risk,4,5.9448251352750034,73.7949538128385,0.15850169781839937
6.0,0.02046968271807521,low_density_risk,4,4.4287488865322775,67.33533927235796,0.19894823416448607
6.0,0.02267543125870802,low_density_risk,4,3.4625576290833484,60.354588089831346,0.23838974746630562
6.0,0.025118864315095794,low_density_risk,4,2.913728408079619,53.9830556072495,0.26594100589689085
6.0,0.027825594022071243,low_density_risk,4,2.4729070338153516,48.10372311657334,0.2947791955768423
6.0,0.030823992397451434,oscillatory_coexistence,1,2.1405920720637073,42.6052132904047,0.3207768881158963
6.0,0.034145488738336005,oscillatory_coexistence,1,1.9980579137030894,37.64600238016112,0.34342564366326495
6.0,0.037824899063893865,oscillatory_coexistence,1,1.9742847535723234,33.39528514590713,0.3629636957590176
6.0,0.04190079105786669,oscillatory_coexistence,1,1.2110372659705881,30.614703107176233,0.373905157013553
6.0,0.046415888336127795,oscillatory_coexistence,1,0.7067153843935137,29.754062470910785,0.36951810222655906
6.0,0.051417518276839276,oscillatory_coexistence,1,0.4430338885062774,29.844197706296846,0.3614823081502075
6.0,0.056958108107376865,oscillatory_coexistence,1,0.18127549061816164,30.05249160693289,0.3604855066449567
6.0,0.06309573444801933,oscillatory_coexistence,1,0.14697155662898215,30.097812818037188,0.3623830838571972
6.0,0.06989473207273486,oscillatory_coexistence,1,0.07172198866120619,30.037302883969527,0.36356660208662905
6.0,0.0774263682681127,oscillatory_coexistence,1,0.03295900401948439,29.992461428614547,0.3636216967763735
6.0,0.08576958985908942,oscillatory_coexistence,1,0.021195027064012214,29.986898022382757,0.36334270720110273
6.0,0.0950118507318144,oscillatory_coexistence,1,0.009477435387855048,29.99501452780568,0.36319764410460437
6.0,0.10525002852777332,oscillatory_coexistence,1,0.004356538769826098,30.000246221842854,0.36318678482092365
6.0,0.11659144011798317,oscillatory_coexistence,1,0.001815966541497885,30.001169221689732,0.3632097966410576
6.0,0.1291549665014884,stable_coexistence,0,0.0009842137097142354,30.00063076772991,0.36322373724092005
6.0,0.14307229891937578,stable_coexistence,0,0.00040878075284066863,30.000172351109068,0.3632273998048589
6.0,0.15848931924611134,stable_coexistence,0,0.00017260765718791793,30.000002856915728,0.3632272763150443
6.0,0.17556762912750015,stable_coexistence,0,5.320915907196719e-05,29.999974479129865,0.36322666675124987
6.0,0.19448624389373625,stable_coexistence,0,2.5409628661518534e-05,29.999982117952268,0.36322631296829716
6.0,0.21544346900318845,stable_coexistence,0,1.2666225621373701e-05,29.999991085732546,0.36322617047927963
6.0,0.2386589786858581,stable_coexistence,0,5.695168684066196e-06,29.99999605124659,0.3632261228942233
6.0,0.26437611857491,stable_coexistence,0,2.5150792281258927e-06,29.99999829206391,0.36322610884613216
6.0,0.29286445646252374,stable_coexistence,0,1.3142139755575218e-06,29.999999235274043,0.3632261051105489
6.0,0.324422607917163,stable_coexistence,0,7.013258863348213e-07,29.99999963182307,0.3632261042430565
6.0,0.35938136638046275,stable_coexistence,0,3.8671507633508135e-07,29.999999805675905,0.363226104094831
6.0,0.3981071705534973,stable_coexistence,0,2.2323958741792832e-07,29.999999887314683,0.36322610409675504
6.0,0.44100594541767385,stable_coexistence,0,1.353277860388587e-07,29.999999928913805,0.363226104114189
6.0,0.4885273571519389,stable_coexistence,0,8.591713108809892e-08,29.999999951947835,0.363226104122764
6.0,0.5411695265464638,stable_coexistence,0,5.6815681705810544e-08,29.99999996571502,0.36322610412251
6.0,0.5994842503189411,stable_coexistence,0,3.888244881966561e-08,29.999999974502156,0.36322610411696393
6.0,0.6640827850634842,stable_coexistence,0,2.7363358411822026e-08,29.999999980422466,0.36322610410892736
6.0,0.7356422544596414,stable_coexistence,0,2.060396670819603e-08,29.999999984588293,0.3632261041001027
6.0,0.8149127469020745,stable_coexistence,0,1.637973078875493e-08,29.99999998762312,0.3632261040914029
6.0,0.9027251779484579,stable_coexistence,0,1.3266338210448518e-08,29.99999998989602,0.36322610408327455
6.0,1.0,stable_coexistence,0,1.0913593189231988e-08,29.999999991636624,0.363226104075902
6.0,1.1077568505097097,stable_coexistence,0,9.09858449576833e-09,29.99999999299429,0.36322610406932976
6.0,1.2271252398511903,stable_coexistence,0,7.674093902100931e-09,29.99999999406931,0.3632261040635277
6.0,1.3593563908785256,stable_coexistence,0,6.539722982184777e-09,29.99999999493152,0.3632261040584371
6.0,1.5058363542798414,stable_coexistence,0,5.6250690317527e-09,29.999999995630958,0.3632261040539844
6.0,1.6681005372000592,stable_coexistence,0,4.879566738094138e-09,29.999999996203794,0.3632261040500965
6.0,1.8478497974222907,stable_coexistence,0,4.266148718112058e-09,29.99999999667702,0.3632261040467024
6.0,2.046968271807522,stable_coexistence,0,3.757143153940692e-09,29.99999999707095,0.36322610404373784
6.0,2.267543125870802,stable_coexistence,0,3.3315869223199294e-09,29.999999997401204,0.3632261040411431
6.0,2.5118864315095797,stable_coexistence,0,2.9733745407861123e-09,29.999999997679836,0.36322610403887096
6.0,2.782559402207126,stable_coexistence,0,2.6728249612375417e-09,29.999999997916234,0.3632261040368783
6.0,3.0823992397451434,stable_coexistence,0,2.4262048991263174e-09,29.9999999981179,0.3632261040351271
6.0,3.414548873833601,stable_coexistence,0,2.2224673288931273e-09,29.999999998290754,0.36322610403358624
6.0,3.782489906389386,stable_coexistence,0,2.052723768902467e-09,29.99999999843967,0.363226104032228
6.0,4.190079105786669,stable_coexistence,0,1.9102367928664312e-09,29.999999998568317,0.3632261040310282
6.0,4.641588833612782,stable_coexistence,0,1.789827821001244e-09,29.999999998679954,0.3632261040299667
6.0,5.141751827683928,stable_coexistence,0,1.8034107541378233e-09,29.999999998777202,0.3632261040290267
6.0,5.695810810737687,stable_coexistence,0,1.824598072699783e-09,29.999999998862144,0.36322610402819216
6.0,6.309573444801936,stable_coexistence,0,1.8425903174270211e-09,29.99999999893659,0.3632261040274509
6.0,6.989473207273487,stable_coexistence,0,1.8579079608734492e-09,29.999999999002025,0.36322610402679145
6.0,7.742636826811269,stable_coexistence,0,1.870989526330791e-09,29.999999999059654,0.3632261040262039
6.0,8.576958985908945,stable_coexistence,0,1.8821804559923862e-09,29.999999999110464,0.36322610402567956
6.0,9.50118507318144,stable_coexistence,0,1.8917637827146115e-09,29.999999999155403,0.3632261040252116
6.0,10.525002852777327,stable_coexistence,0,1.899968774953512e-09,29.999999999195197,0.36322610402479344
6.0,11.659144011798324,stable_coexistence,0,1.906950567873034e-09,29.999999999230507,0.3632261040244191
6.0,12.91549665014884,stable_coexistence,0,1.912685713562872e-09,29.999999999261817,0.36322610402408334
6.0,14.307229891937586,stable_coexistence,0,1.916115503346714e-09,29.99999999928932,0.3632261040237784
6.0,15.848931924611142,stable_coexistence,0,1.9009436395797674e-09,29.99999999930936,0.36322610402345956
6.0,17.556762912750013,stable_coexistence,0,1.904254295031933e-09,29.99999999933134,0.36322610402321776
6.0,19.448624389373634,stable_coexistence,0,1.907048149067758e-09,29.999999999350944,0.36322610402300076
6.0,21.544346900318846,stable_coexistence,0,1.9084409312525693e-09,29.999999999368203,0.36322610402280336
6.0,23.865897868585808,stable_coexistence,0,1.8969162833488966e-09,29.999999999380368,0.36322610402259586
6.0,26.437611857491014,stable_coexistence,0,1.750966897437022e-09,29.9999999993579,0.36322610402207056
6.0,29.286445646252375,stable_coexistence,0,2.4093528799035626e-07,29.963227436860745,2.5666125928920462
6.0,32.4422607917163,stable_coexistence,0,4.840374311461441e-05,29.87897174783168,5.054778168970575
6.0,35.938136638046295,stable_coexistence,0,4.507364899317736e-05,29.87886343671046,5.035116720163154
6.0,39.810717055349734,stable_coexistence,0,4.153676422217105e-05,29.87876408914567,5.017183700556139
6.0,44.100594541767364,stable_coexistence,0,3.850450300922017e-05,29.878673113369086,5.000841254070887
6.0,48.852735715193916,stable_coexistence,0,3.8380704217044747e-05,29.87858993540553,4.985960222218723
6.0,54.116952654646376,stable_coexistence,0,4.206350328498954e-05,29.87851399936242,4.972419968654122
6.0,59.948425031894146,stable_coexistence,0,4.521450624167501e-05,29.87844476912308,4.960108140048992
6.0,66.40827850634845,stable_coexistence,0,4.78658306530296e-05,29.878381730541598,4.948920375753007
6.0,73.56422544596414,stable_coexistence,0,5.0062088101915895e-05,29.878324393573987,4.938759977870963
6.0,81.49127469020749,stable_coexistence,0,5.1853801941500815e-05,29.8782722940204,4.929537552351536
6.0,90.27251779484578,stable_coexistence,0,5.329248566388258e-05,29.87822499473769,4.921170630522342
6.0,100.0,stable_coexistence,0,5.4428259149840484e-05,29.878182086287218,4.913583279301202
6.222222222222221,0.01,predator_extinct,2,31.288529595366576,71.465327611826,3.655924110748363e-12
6.222222222222221,0.011077568505097092,predator_extinct,2,31.53558909731244,78.28848450271383,2.991103395729888e-09
6.222222222222221,0.012271252398511897,low_density_risk,4,31.645106642426803,84.16627274561263,1.318817130069701e-06
6.222222222222221,0.013593563908785255,low_density_risk,4,31.607653942988605,88.98468688377953,0.000327416222049539
6.222222222222221,0.015058363542798407,low_density_risk,4,22.98394331623887,90.05006794841215,0.0345345566547687
6.222222222222221,0.016681005372000592,low_density_risk,4,7.45917466886291,82.19620078781838,0.13092933234133453
6.222222222222221,0.018478497974222907,low_density_risk,4,6.101024327251489,74.84291043086567,0.14940002540763977
6.222222222222221,0.02046968271807521,low_density_risk,4,4.600274764417351,68.38619152681385,0.18524362555137425
6.222222222222221,0.02267543125870802,low_density_risk,4,3.535692323781816,61.34757735845363,0.2257603195109444
6.222222222222221,0.025118864315095794,low_density_risk,4,2.962428143315337,54.84260280038479,0.2529086461385045
6.222222222222221,0.027825594022071243,low_density_risk,4,2.509409133008585,48.8883162539261,0.2808447565957065
6.222222222222221,0.030823992397451434,oscillatory_coexistence,1,2.1657900634992906,43.30752063804965,0.3065776196314769
6.222222222222221,0.034145488738336005,oscillatory_coexistence,1,1.9747271972708969,38.25836432711608,0.32888282964830357
6.222222222222221,0.037824899063893865,oscillatory_coexistence,1,2.00652611676865,33.87698741117822,0.34841476114517456
6.222222222222221,0.04190079105786669,oscillatory_coexistence,1,1.3371668750037646,30.84974502997588,0.3606173786572023
6.222222222222221,0.046415888336127795,oscillatory_coexistence,1,0.7040551382530265,29.787532224231235,0.358183056264298
6.222222222222221,0.051417518276839276,oscillatory_coexistence,1,0.4904885371148656,29.81773907676912,0.34999737776033524
6.222222222222221,0.056958108107376865,oscillatory_coexistence,1,0.19313400932657507,30.033278569684917,0.34832909872750534
6.222222222222221,0.06309573444801933,oscillatory_coexistence,1,0.14719268230928956,30.098058613462292,0.35004842638625666
6.222222222222221,0.06989473207273486,oscillatory_coexistence,1,0.07846014207595957,30.043313856666384,0.3513031069713098
6.222222222222221,0.0774263682681127,oscillatory_coexistence,1,0.035521646723493484,29.995231928209204,0.3514376692192838
6.222222222222221,0.08576958985908942,oscillatory_coexistence,1,0.021139467669007775,29.986893869370764,0.3511791246402567
6.222222222222221,0.0950118507318144,oscillatory_coexistence,1,0.010158906182211522,29.994435759379733,0.35102691475352116
6.222222222222221,0.10525002852777332,oscillatory_coexistence,1,0.004564200541577522,29.999949345207877,0.35100886486614463
6.222222222222221,0.11659144011798317,oscillatory_coexistence,1,0.0017785071211750179,30.001115148562793,0.3510295635999118
6.222222222222221,0.1291549665014884,oscillatory_coexistence,1,0.0010032104463058866,30.00065023681298,0.3510434660470058
6.222222222222221,0.14307229891937578,stable_coexistence,0,0.00040553827806000047,30.000192118906114,0.35104745537644033
6.222222222222221,0.15848931924611134,stable_coexistence,0,0.00017769927475872559,30.00001203500401,0.3510475208730764
6.222222222222221,0.17556762912750015,stable_coexistence,0,5.669742455479664e-05,29.999977533142868,0.35104697811023405
6.222222222222221,0.19448624389373625,stable_coexistence,0,2.435205068521059e-05,29.999982882875717,0.35104664055400997
6.222222222222221,0.21544346900318845,stable_coexistence,0,1.2449120680926234e-05,29.999991195786926,0.35104649982292707
6.222222222222221,0.2386589786858581,stable_coexistence,0,5.68694877896891e-06,29.999996022754534,0.35104645129287
6.222222222222221,0.26437611857491,stable_coexistence,0,2.539155638951349e-06,29.999998253607938,0.35104643633652716
6.222222222222221,0.29286445646252374,stable_coexistence,0,1.2607677616950233e-06,29.99999920867936,0.3510464320576877
6.222222222222221,0.324422607917163,stable_coexistence,0,6.769135915134882e-07,29.999999615861334,0.3510464309011965
6.222222222222221,0.35938136638046275,stable_coexistence,0,3.740966768872025e-07,29.999999796476665,0.35104643060286367
6.222222222222221,0.3981071705534973,stable_coexistence,0,2.15821465252083e-07,29.999999882059473,0.35104643052564527
6.222222222222221,0.44100594541767385,stable_coexistence,0,1.3043643838744424e-07,29.999999925920367,0.351046430499957
6.222222222222221,0.4885273571519389,stable_coexistence,0,8.238536787925388e-08,29.999999950263767,0.3510464304840765
6.222222222222221,0.5411695265464638,stable_coexistence,0,5.40906316520616e-08,29.99999996480422,0.35104643046936873
6.222222222222221,0.5994842503189411,stable_coexistence,0,3.6679214956316995e-08,29.99999997405784,0.35104643045494094
6.222222222222221,0.6640827850634842,stable_coexistence,0,2.64938021106268e-08,29.999999980265148,0.3510464304412506
6.222222222222221,0.7356422544596414,stable_coexistence,0,2.043091641572324e-08,29.999999984610092,0.3510464304287174
6.222222222222221,0.8149127469020745,stable_coexistence,0,1.6110180329160224e-08,29.999999987757533,0.35104643041752137
6.222222222222221,0.9027251779484579,stable_coexistence,0,1.2937293851303255e-08,29.999999990101152,0.3510464304076772
6.222222222222221,1.0,stable_coexistence,0,1.0549062667752059e-08,29.999999991885666,0.3510464303991052
6.222222222222221,1.1077568505097097,stable_coexistence,0,8.71424794737003e-09,29.999999993269757,0.35104643039168115
6.222222222222221,1.2271252398511903,stable_coexistence,0,7.280239674005801e-09,29.99999999435974,0.3510464303852702
6.222222222222221,1.3593563908785256,stable_coexistence,0,6.143058498020816e-09,29.999999995229587,0.35104643037973965
6.222222222222221,1.5058363542798414,stable_coexistence,0,5.22991694547356e-09,29.9999999959317,0.35104643037496874
6.222222222222221,1.6681005372000592,stable_coexistence,0,4.48864159388841e-09,29.999999996504055,0.3510464303708463
6.222222222222221,1.8478497974222907,stable_coexistence,0,3.881073337273964e-09,29.999999996974715,0.3510464303672797
6.222222222222221,2.046968271807522,stable_coexistence,0,3.3788116196969967e-09,29.999999997364917,0.3510464303641879
6.222222222222221,2.267543125870802,stable_coexistence,0,2.9643819128425562e-09,29.999999997690743,0.35104643036150207
6.222222222222221,2.5118864315095797,stable_coexistence,0,2.6314601032093205e-09,29.99999999796463,0.3510464303591639
6.222222222222221,2.782559402207126,stable_coexistence,0,2.3619451493971853e-09,29.99999999819612,0.35104643035712335
6.222222222222221,3.0823992397451434,stable_coexistence,0,2.141535728041164e-09,29.999999998392997,0.3510464303553386
6.222222222222221,3.414548873833601,stable_coexistence,0,1.9796075890593647e-09,29.999999998561265,0.3510464303537737
6.222222222222221,3.782489906389386,stable_coexistence,0,2.012937727700309e-09,29.999999998705665,0.35104643035239935
6.222222222222221,4.190079105786669,stable_coexistence,0,2.0402609380539383e-09,29.999999998830184,0.3510464303511891
6.222222222222221,4.641588833612782,stable_coexistence,0,2.0626786797844207e-09,29.99999999893799,0.3510464303501218
6.222222222222221,5.141751827683928,stable_coexistence,0,2.08110530296883e-09,29.999999999031676,0.351046430349178
6.222222222222221,5.695810810737687,stable_coexistence,0,2.096262719026633e-09,29.999999999113392,0.35104643034834304
6.222222222222221,6.309573444801936,stable_coexistence,0,2.108751810264652e-09,29.999999999184755,0.3510464303476024
6.222222222222221,6.989473207273487,stable_coexistence,0,2.1190622590515477e-09,29.99999999924734,0.35104643034694405
6.222222222222221,7.742636826811269,stable_coexistence,0,2.127585929706039e-09,29.99999999930234,0.35104643034635935
6.222222222222221,8.576958985908945,stable_coexistence,0,2.134648250801051e-09,29.999999999350834,0.3510464303458385
6.222222222222221,9.50118507318144,stable_coexistence,0,2.1404809776921883e-09,29.99999999939364,0.3510464303453739
6.222222222222221,10.525002852777327,stable_coexistence,0,2.1452986942856093e-09,29.999999999431516,0.3510464303449592
6.222222222222221,11.659144011798324,stable_coexistence,0,2.1492085741105896e-09,29.99999999946506,0.3510464303445885
6.222222222222221,12.91549665014884,stable_coexistence,0,2.1521612344469627e-09,29.999999999494758,0.3510464303442564
6.222222222222221,14.307229891937586,stable_coexistence,0,2.1530699001803637e-09,29.999999999520707,0.35104643034395633
6.222222222222221,15.848931924611142,stable_coexistence,0,2.1347847934167824e-09,29.999999999538115,0.3510464303436563
6.222222222222221,17.556762912750013,stable_coexistence,0,2.1360608097449602e-09,29.999999999558867,0.351046430343418
6.222222222222221,19.448624389373634,stable_coexistence,0,2.137017081842199e-09,29.999999999577383,0.35104643034320454
6.222222222222221,21.544346900318846,stable_coexistence,0,2.1367466019062955e-09,29.999999999593584,0.3510464303430113
6.222222222222221,23.865897868585808,stable_coexistence,0,2.1235866398963605e-09,29.99999999960409,0.35104643034281846
6.222222222222221,26.437611857491014,stable_coexistence,0,1.970638763310471e-09,29.999999999571067,0.35104643034241473
6.222222222222221,29.286445646252375,stable_coexistence,0,3.173804538912722e-07,29.96383138220522,2.53470143540564
6.222222222222221,32.4422607917163,stable_coexistence,0,4.7301277286052165e-05,29.878932192656748,5.047584062506981
6.222222222222221,35.938136638046295,stable_coexistence,0,4.3760950073016564e-05,29.87882713575685,5.028553188743953
6.222222222222221,39.810717055349734,stable_coexistence,0,4.040464349222908e-05,29.878730830013904,5.011200749914471
6.222222222222221,44.100594541767364,stable_coexistence,0,3.753552583302756e-05,29.87864269008912,4.995391996371738
6.222222222222221,48.852735715193916,stable_coexistence,0,3.975262654613721e-05,29.87856214830503,4.981000821813125
6.222222222222221,54.116952654646376,stable_coexistence,0,4.324381258480372e-05,29.87848865556071,4.967909563734984
6.222222222222221,59.948425031894146,stable_coexistence,0,4.621283226084189e-05,29.878421683288202,4.9560087447167245
6.222222222222221,66.40827850634845,stable_coexistence,0,4.8696858607707315e-05,29.878360725677002,4.945196766732854
6.222222222222221,73.56422544596414,stable_coexistence,0,5.074340104016779e-05,29.87830530169262,4.935379569773377
6.222222222222221,81.49127469020749,stable_coexistence,0,5.240367725009591e-05,29.878254956638777,4.92647026496447
6.222222222222221,90.27251779484578,stable_coexistence,0,5.372901601957609e-05,29.878209263171016,4.918388751199692
6.222222222222221,100.0,stable_coexistence,0,5.476853975382065e-05,29.878167821747642,4.911061323082151
6.444444444444444,0.01,predator_extinct,2,31.25709425669864,70.93444239472798,1.2516838132451526e-12
6.444444444444444,0.011077568505097092,predator_extinct,2,31.52908380154527,77.84165737001098,1.1360234493177175e-09
6.444444444444444,0.012271252398511897,predator_extinct,2,31.64272025726235,83.80586588587995,5.50547447620454e-07
6.444444444444444,0.013593563908785255,low_density_risk,4,31.651020762463002,88.725463674093,0.00014911976903713374
6.444444444444444,0.015058363542798407,low_density_risk,4,26.391988586964857,90.84337602900118,0.0196863506318048
6.444444444444444,0.016681005372000592,low_density_risk,4,7.7960551739286155,83.56589835209982,0.1213320463583032
6.444444444444444,0.018478497974222907,low_density_risk,4,6.242131152900233,75.87653762448312,0.14140582170304639
6.444444444444444,0.02046968271807521,low_density_risk,4,4.7747399922481755,69.38350482525699,0.17280401087514646
6.444444444444444,0.02267543125870802,low_density_risk,4,3.612586635912546,62.313830985453016,0.2139034407070124
6.444444444444444,0.025118864315095794,low_density_risk,4,3.010256779065451,55.67680727428491,0.24091503587092003
6.444444444444444,0.027825594022071243,low_density_risk,4,2.5457422974609902,49.646669688363076,0.2679384100538812
6.444444444444444,0.030823992397451434,oscillatory_coexistence,1,2.1906576598196676,43.988763291542426,0.2933892590315888
6.444444444444444,0.034145488738336005,oscillatory_coexistence,1,1.950578252335291,38.85430765304742,0.31536770246951146
6.444444444444444,0.037824899063893865,oscillatory_coexistence,1,2.0259795372896208,34.357667318481134,0.334804631938537
6.444444444444444,0.04190079105786669,oscillatory_coexistence,1,1.453464934297127,31.10529394484582,0.3479738264000609
6.444444444444444,0.046415888336127795,oscillatory_coexistence,1,0.7017761954554974,29.834233187689993,0.3474220808172301
6.444444444444444,0.051417518276839276,oscillatory_coexistence,1,0.531833178118344,29.794938873865096,0.3393252915845592
6.444444444444444,0.056958108107376865,oscillatory_coexistence,1,0.20292999561312033,30.013122053731262,0.33701137467387604
6.444444444444444,0.06309573444801933,oscillatory_coexistence,1,0.1466479311958686,30.096752627397375,0.3385237695353211
6.444444444444444,0.06989473207273486,oscillatory_coexistence,1,0.08472744115241923,30.048931482765475,0.3398308545862186
6.444444444444444,0.0774263682681127,oscillatory_coexistence,1,0.03786689612239423,29.99816399327701,0.3400414320112351
6.444444444444444,0.08576958985908942,oscillatory_coexistence,1,0.02093759438779662,29.987040184711205,0.33980583467417
6.444444444444444,0.0950118507318144,oscillatory_coexistence,1,0.01078633812680638,29.993903152669546,0.33964828554043386
6.444444444444444,0.10525002852777332,oscillatory_coexistence,1,0.004746896559954541,29.999650827108486,0.3396234981434837
6.444444444444444,0.11659144011798317,oscillatory_coexistence,1,0.0017440019333013956,30.001052879670578,0.3396418302836244
6.444444444444444,0.1291549665014884,oscillatory_coexistence,1,0.0010171808476168243,30.00066529963693,0.33965559679104657
6.444444444444444,0.14307229891937578,stable_coexistence,0,0.0004006732858411804,30.000210413172184,0.339659865161932
6.444444444444444,0.15848931924611134,stable_coexistence,0,0.000182047543134866,30.000020896082088,0.3396601051292007
6.444444444444444,0.17556762912750015,stable_coexistence,0,5.9945667926095694e-05,29.999980582345458,0.33965962676809597
6.444444444444444,0.19448624389373625,stable_coexistence,0,2.3391391533763107e-05,29.999983690253337,0.33965930587708837
6.444444444444444,0.21544346900318845,stable_coexistence,0,1.2200175503318934e-05,29.999991338291665,0.33965916753188946
6.444444444444444,0.2386589786858581,stable_coexistence,0,5.660185585157793e-06,29.99999601306641,0.33965911843961555
6.444444444444444,0.26437611857491,stable_coexistence,0,2.553415976557339e-06,29.999998225244642,0.33965910276734157
6.444444444444444,0.29286445646252374,stable_coexistence,0,1.2066090886692915e-06,29.999999187464518,0.3396590980362635
6.444444444444444,0.324422607917163,stable_coexistence,0,6.517749230830526e-07,29.99999960284303,0.33965909663379573
6.444444444444444,0.35938136638046275,stable_coexistence,0,3.609613403960019e-07,29.9999997889565,0.3396590962063264
6.444444444444444,0.3981071705534973,stable_coexistence,0,2.0807330852747814e-07,29.99999987780868,0.3396590960606857
6.444444444444444,0.44100594541767385,stable_coexistence,0,1.2534528706200254e-07,29.999999923556963,0.3396590959976742
6.444444444444444,0.4885273571519389,stable_coexistence,0,7.873899933610152e-08,29.999999948992325,0.33965909596065097
6.444444444444444,0.5411695265464638,stable_coexistence,0,5.130578966322921e-08,29.999999964173732,0.33965909593349347
6.444444444444444,0.5994842503189411,stable_coexistence,0,3.5347889783212e-08,29.999999973810088,0.339659095911456
6.444444444444444,0.6640827850634842,stable_coexistence,0,2.633189303188435e-08,29.99999998024894,0.3396590958929552
6.444444444444444,0.7356422544596414,stable_coexistence,0,2.0151896406156723e-08,29.999999984735105,0.3396590958772931
6.444444444444444,0.8149127469020745,stable_coexistence,0,1.576151453543619e-08,29.99999998796833,0.3396590958640137
6.444444444444444,0.9027251779484579,stable_coexistence,0,1.254895214108103e-08,29.999999990363285,0.3396590958527555
6.444444444444444,1.0,stable_coexistence,0,1.0140132265110697e-08,29.999999992177486,0.3396590958432094
6.444444444444444,1.1077568505097097,stable_coexistence,0,8.296928824083536e-09,29.999999993577163,0.33965909583510645
6.444444444444444,1.2271252398511903,stable_coexistence,0,6.862249058437562e-09,29.99999999467391,0.3396590958282204
6.444444444444444,1.3593563908785256,stable_coexistence,0,5.729206996510869e-09,29.999999995544925,0.33965909582235443
6.444444444444444,1.5058363542798414,stable_coexistence,0,4.823085959595933e-09,29.999999996244647,0.33965909581734516
6.444444444444444,1.6681005372000592,stable_coexistence,0,4.090441572685428e-09,29.999999996812484,0.33965909581305614
6.444444444444444,1.8478497974222907,stable_coexistence,0,3.492885956800827e-09,29.9999999972774,0.339659095809373
6.444444444444444,2.046968271807522,stable_coexistence,0,3.017985208552074e-09,29.999999997661263,0.3396590958062008
6.444444444444444,2.267543125870802,stable_coexistence,0,2.6428716014556473e-09,29.99999999798056,0.33965909580346043
6.444444444444444,2.5118864315095797,stable_coexistence,0,2.3429407810355027e-09,29.999999998247834,0.3396590958010868
6.444444444444444,2.782559402207126,stable_coexistence,0,2.203261573298093e-09,29.999999998473108,0.3396590957990242
6.444444444444444,3.0823992397451434,stable_coexistence,0,2.2418177537563423e-09,29.999999998663984,0.3396590957972271
6.444444444444444,3.414548873833601,stable_coexistence,0,2.272192034613655e-09,29.99999999882655,0.3396590957956568
6.444444444444444,3.782489906389386,stable_coexistence,0,2.2960234011137502e-09,29.99999999896573,0.3396590957942819
6.444444444444444,4.190079105786669,stable_coexistence,0,2.3146553711460474e-09,29.999999999085436,0.33965909579307424
6.444444444444444,4.641588833612782,stable_coexistence,0,2.3291465349629216e-09,29.999999999188823,0.3396590957920123
6.444444444444444,5.141751827683928,stable_coexistence,0,2.3403630441591595e-09,29.99999999927836,0.33965909579107534
6.444444444444444,5.695810810737687,stable_coexistence,0,2.348981453842883e-09,29.999999999356223,0.33965909579024745
6.444444444444444,6.309573444801936,stable_coexistence,0,2.3555463950209553e-09,29.99999999942417,0.33965909578951503
6.444444444444444,6.989473207273487,stable_coexistence,0,2.3605032595648227e-09,29.99999999948364,0.3396590957888656
6.444444444444444,7.742636826811269,stable_coexistence,0,2.3641842262033796e-09,29.999999999535813,0.3396590957882887
6.444444444444444,8.576958985908945,stable_coexistence,0,2.3668595380237243e-09,29.999999999581732,0.3396590957877756
6.444444444444444,9.50118507318144,stable_coexistence,0,2.3687537265303024e-09,29.999999999622204,0.33965909578731823
6.444444444444444,10.525002852777327,stable_coexistence,0,2.370005110708957e-09,29.99999999965795,0.3396590957869108
6.444444444444444,11.659144011798324,stable_coexistence,0,2.3706969424835164e-09,29.99999999968959,0.3396590957865472
6.444444444444444,12.91549665014884,stable_coexistence,0,2.3707523648146995e-09,29.999999999717513,0.33965909578622183
6.444444444444444,14.307229891937586,stable_coexistence,0,2.3690399568195833e-09,29.999999999741807,0.33965909578592945
6.444444444444444,15.848931924611142,stable_coexistence,0,2.347779807621563e-09,29.99999999975662,0.3396590957856492
6.444444444444444,17.556762912750013,stable_coexistence,0,2.3469501305522456e-09,29.99999999977607,0.3396590957854169
6.444444444444444,19.448624389373634,stable_coexistence,0,2.3460111483255774e-09,29.999999999793385,0.33965909578520853
6.444444444444444,21.544346900318846,stable_coexistence,0,2.344038681689914e-09,29.999999999808484,0.3396590957850206
6.444444444444444,23.865897868585808,stable_coexistence,0,2.3293458421515027e-09,29.99999999981739,0.33965909578484194
6.444444444444444,26.437611857491014,stable_coexistence,0,2.171050894633397e-09,29.999999999774946,0.33965909578454745
6.444444444444444,29.286445646252375,stable_coexistence,0,3.787080821443515e-07,29.96441031699041,2.5042939027629156
6.444444444444444,32.4422607917163,stable_coexistence,0,4.6149735473938406e-05,29.878895145701577,5.040860551083693
6.444444444444444,35.938136638046295,stable_coexistence,0,4.254916039997957e-05,29.87879315651407,5.0224209362874515
6.444444444444444,39.810717055349734,stable_coexistence,0,3.937034725351202e-05,29.87869971577704,5.005612567531148
6.444444444444444,44.100594541767364,stable_coexistence,0,3.716476489006875e-05,29.87861424421292,4.990303677236012
6.444444444444444,48.852735715193916,stable_coexistence,0,4.1011316058150244e-05,29.878536180338077,4.976371080199277
6.444444444444444,54.116952654646376,stable_coexistence,0,4.431998766683318e-05,29.878464981844807,4.96369995233826
6.444444444444444,59.948425031894146,stable_coexistence,0,4.711783168932834e-05,29.87840012772141,4.952183554535012
6.444444444444444,66.40827850634845,stable_coexistence,0,4.944623371793283e-05,29.87834112044254,4.9417229134909455
6.444444444444444,73.56422544596414,stable_coexistence,0,5.135442019442379e-05,29.878287487854447,4.932226470513497
6.444444444444444,81.49127469020749,stable_coexistence,0,5.289410202584892e-05,29.878238784554025,4.9236097080288515
6.444444444444444,90.27251779484578,stable_coexistence,0,5.4116067876485114e-05,29.878194592704368,4.915794762415064
6.444444444444444,100.0,stable_coexistence,0,5.506803258538277e-05,29.87815452230541,4.908710030545989
6.666666666666666,0.01,predator_extinct,2,31.196525110806512,70.41769735401915,4.4239092035701374e-13
6.666666666666666,0.011077568505097092,predator_extinct,2,31.522551858574236,77.40561468385934,4.4404218494700007e-10
6.666666666666666,0.012271252398511897,predator_extinct,2,31.640232109482653,83.45309117836307,2.3587455407164042e-07
6.666666666666666,0.013593563908785255,low_density_risk,4,31.67059508105945,88.46213981499064,6.947550759651503e-05
6.666666666666666,0.015058363542798407,low_density_risk,4,28.625613221874588,91.34383035518951,0.010765481240382697
6.666666666666666,0.016681005372000592,low_density_risk,4,8.282482135574652,84.90914993741231,0.11072491958449118
6.666666666666666,0.018478497974222907,low_density_risk,4,6.3726450558369185,76.90246691172467,0.1342656551838009
6.666666666666666,0.02046968271807521,low_density_risk,4,4.947964935012778,70.33062213681856,0.1616201988543129
6.666666666666666,0.02267543125870802,low_density_risk,4,3.693950444102385,63.2531536813074,0.20272338534012188
6.666666666666666,0.025118864315095794,low_density_risk,4,3.0573877833965644,56.48809108943293,0.229837773592369
6.666666666666666,0.027825594022071243,low_density_risk,4,2.5818407745762832,50.380300031848215,0.2559648851790282
6.666666666666666,0.030823992397451434,oscillatory_coexistence,1,2.2152779783889622,44.65000687816671,0.28110981801860707
6.666666666666666,0.034145488738336005,oscillatory_coexistence,1,1.934341090183571,39.434231379328175,0.30278099271091286
6.666666666666666,0.037824899063893865,oscillatory_coexistence,1,2.035535652926671,34.834624983883586,0.3220619624990865
6.666666666666666,0.04190079105786669,oscillatory_coexistence,1,1.5582621061324131,31.378447979649202,0.3359565504512794
6.666666666666666,0.046415888336127795,oscillatory_coexistence,1,0.6998994172629351,29.894224539014335,0.33716620873662484
6.666666666666666,0.051417518276839276,oscillatory_coexistence,1,0.5657886593770228,29.77618016050245,0.32937317928415544
6.666666666666666,0.056958108107376865,oscillatory_coexistence,1,0.21062508169059074,29.992397067493172,0.3264529191468117
6.666666666666666,0.06309573444801933,oscillatory_coexistence,1,0.14613790427286807,30.093987176031327,0.32773431258940366
6.666666666666666,0.06989473207273486,oscillatory_coexistence,1,0.09047367425151805,30.05410308891954,0.3290760314517804
6.666666666666666,0.0774263682681127,oscillatory_coexistence,1,0.039979768688720746,30.001220590965218,0.32935854395114633
6.666666666666666,0.08576958985908942,oscillatory_coexistence,1,0.020737596079531403,29.98732739444133,0.3291478639903206
6.666666666666666,0.0950118507318144,oscillatory_coexistence,1,0.011357836945057686,29.993417770986934,0.3289866416374445
6.666666666666666,0.10525002852777332,oscillatory_coexistence,1,0.0049051879236543024,29.99935283104088,0.32895558246640455
6.666666666666666,0.11659144011798317,oscillatory_coexistence,1,0.0017121292506468483,30.000983507922715,0.3289715235940519
6.666666666666666,0.1291549665014884,oscillatory_coexistence,1,0.0010264990284133768,30.00067630189978,0.32898507128149584
6.666666666666666,0.14307229891937578,stable_coexistence,0,0.00039437927589079685,30.000227294766827,0.3289895755758673
6.666666666666666,0.15848931924611134,stable_coexistence,0,0.00018571318153579755,30.0000294293504,0.32898997618148756
6.666666666666666,0.17556762912750015,stable_coexistence,0,6.296356348778685e-05,29.999983609558758,0.32898955959587395
6.666666666666666,0.19448624389373625,stable_coexistence,0,2.2519910534395968e-05,29.99998452890367,0.3289892555558009
6.666666666666666,0.21544346900318845,stable_coexistence,0,1.1925550195074659e-05,29.99999150729733,0.32898912007995323
6.666666666666666,0.2386589786858581,stable_coexistence,0,5.617838701965905e-06,29.99999601921981,0.3289890707400951
6.666666666666666,0.26437611857491,stable_coexistence,0,2.5592693350182362e-06,29.99999820550733,0.32898905451429555
6.666666666666666,0.29286445646252374,stable_coexistence,0,1.1937181663214576e-06,29.999999170881214,0.3289890494090501
6.666666666666666,0.324422607917163,stable_coexistence,0,6.262337916796023e-07,29.999999592366226,0.3289890477978824
6.666666666666666,0.35938136638046275,stable_coexistence,0,3.475065461151438e-07,29.999999782886583,0.3289890472595595
6.666666666666666,0.3981071705534973,stable_coexistence,0,2.0011785142456524e-07,29.99999987442374,0.3289890470548824
6.666666666666666,0.44100594541767385,stable_coexistence,0,1.2013338160065813e-07,29.999999921734027,0.328989046959625
6.666666666666666,0.4885273571519389,stable_coexistence,0,7.503047914486034e-08,29.999999948072485,0.32898904690437014
6.666666666666666,0.5411695265464638,stable_coexistence,0,4.919491947408868e-08,29.999999963780162,0.32898904686651365
6.666666666666666,0.5994842503189411,stable_coexistence,0,3.5214234818145413e-08,29.999999973726656,0.32898904683797536
6.666666666666666,0.6640827850634842,stable_coexistence,0,2.6051460439194422e-08,29.999999980349145,0.32898904681539703
6.666666666666666,0.7356422544596414,stable_coexistence,0,1.978683145156992e-08,29.999999984943802,0.3289890467971087
6.666666666666666,0.8149127469020745,stable_coexistence,0,1.5350072413635647e-08,29.999999988240095,0.3289890467821016
6.666666666666666,0.9027251779484579,stable_coexistence,0,1.2114891066040106e-08,29.9999999906699,0.3289890467696878
6.666666666666666,1.0,stable_coexistence,0,9.698247038227066e-09,29.99999999250145,0.3289890467593595
6.666666666666666,1.1077568505097097,stable_coexistence,0,7.856336179785283e-09,29.999999993907608,0.32898904675072604
6.666666666666666,1.2271252398511903,stable_coexistence,0,6.428448357526396e-09,29.99999999500424,0.3289890467434747
6.666666666666666,1.3593563908785256,stable_coexistence,0,5.305356430100239e-09,29.999999995871086,0.3289890467373604
6.666666666666666,1.5058363542798414,stable_coexistence,0,4.41082755075514e-09,29.99999999656419,0.3289890467321843
6.666666666666666,1.6681005372000592,stable_coexistence,0,3.6950250508453954e-09,29.99999999712417,0.32898904672778395
6.666666666666666,1.8478497974222907,stable_coexistence,0,3.141032820225337e-09,29.999999997580797,0.3289890467240293
6.666666666666666,2.046968271807522,stable_coexistence,0,2.7098596417567575e-09,29.99999999795615,0.3289890467208132
6.666666666666666,2.267543125870802,stable_coexistence,0,2.4194465691565034e-09,29.99999999826714,0.32898904671804874
6.666666666666666,2.5118864315095797,stable_coexistence,0,2.4664803534125796e-09,29.999999998526626,0.328989046715664
6.666666666666666,2.782559402207126,stable_coexistence,0,2.5018362493848396e-09,29.999999998744425,0.3289890467135998
6.666666666666666,3.0823992397451434,stable_coexistence,0,2.5280587106098777e-09,29.99999999892832,0.3289890467118073
6.666666666666666,3.414548873833601,stable_coexistence,0,2.547171599646508e-09,29.999999999084533,0.3289890467102461
6.666666666666666,3.782489906389386,stable_coexistence,0,2.5607604926093715e-09,29.999999999217906,0.32898904670888296
6.666666666666666,4.190079105786669,stable_coexistence,0,2.5701054322367556e-09,29.99999999933215,0.3289890467076889
6.666666666666666,4.641588833612782,stable_coexistence,0,2.5762025994440013e-09,29.999999999430518,0.3289890467066404
6.666666666666666,5.141751827683928,stable_coexistence,0,2.5798340649354377e-09,29.999999999515563,0.3289890467057181
6.666666666666666,5.695810810737687,stable_coexistence,0,2.581617645619663e-09,29.999999999589356,0.3289890467049048
6.666666666666666,6.309573444801936,stable_coexistence,0,2.5820314183339306e-09,29.9999999996536,0.32898904670418594
6.666666666666666,6.989473207273487,stable_coexistence,0,2.5814334966169534e-09,29.99999999970971,0.3289890467035491
6.666666666666666,7.742636826811269,stable_coexistence,0,2.580121005755976e-09,29.999999999758856,0.32898904670298446
6.666666666666666,8.576958985908945,stable_coexistence,0,2.5783088849284847e-09,29.999999999802018,0.3289890467024833
6.666666666666666,9.50118507318144,stable_coexistence,0,2.5761493087036567e-09,29.999999999839986,0.3289890467020376
6.666666666666666,10.525002852777327,stable_coexistence,0,2.573760700870721e-09,29.99999999987351,0.3289890467016403
6.666666666666666,11.659144011798324,stable_coexistence,0,2.5711771674809524e-09,29.99999999990308,0.3289890467012862
6.666666666666666,12.91549665014884,stable_coexistence,0,2.5682849032727997e-09,29.99999999992915,0.3289890467009699
6.666666666666666,14.307229891937586,stable_coexistence,0,2.5639367369993768e-09,29.99999999995171,0.3289890467006864
6.666666666666666,15.848931924611142,stable_coexistence,0,2.5398584568878067e-09,29.999999999963993,0.328989046700426
6.666666666666666,17.556762912750013,stable_coexistence,0,2.536897270034994e-09,29.999999999982073,0.32898904670020074
6.666666666666666,19.448624389373634,stable_coexistence,0,2.5340445593733467e-09,29.99999999999815,0.32898904669999873
6.666666666666666,21.544346900318846,stable_coexistence,0,2.530366553324298e-09,30.00000000001209,0.32898904669981754
6.666666666666666,23.865897868585808,stable_coexistence,0,2.5142531020096963e-09,30.000000000019476,0.3289890466996522
6.666666666666666,26.437611857491014,stable_coexistence,0,2.3520263662652427e-09,29.999999999968672,0.32898904669945567
6.666666666666666,29.286445646252375,stable_coexistence,0,4.201140243526647e-07,29.9649659697427,2.475273302885562
6.666666666666666,32.4422607917163,stable_coexistence,0,4.496543112956645e-05,29.878860376130977,5.03456283685187
6.666666666666666,35.938136638046295,stable_coexistence,0,4.14402828291811e-05,29.878761283960426,5.01667874153526
6.666666666666666,39.810717055349734,stable_coexistence,0,3.8422221597994416e-05,29.87867054641018,5.000381279552178
6.666666666666666,44.100594541767364,stable_coexistence,0,3.850022089745102e-05,29.87858759002655,4.985541547046028
6.666666666666666,48.852735715193916,stable_coexistence,0,4.216692629950163e-05,29.878511859472674,4.972039156088887
6.666666666666666,54.116952654646376,stable_coexistence,0,4.530259312240538e-05,29.87844281924574,4.959761993867686
6.666666666666666,59.948425031894146,stable_coexistence,0,4.793976868569594e-05,29.878379955879723,4.948605931012749
6.666666666666666,66.40827850634845,stable_coexistence,0,5.0123209319219585e-05,29.878322780067833,4.938474490673302
6.666666666666666,73.56422544596414,stable_coexistence,0,5.1903414365617455e-05,29.878270828389454,4.929278488897544
6.666666666666666,81.49127469020749,stable_coexistence,0,5.333231607850473e-05,29.8782236645106,4.92093565572201
6.666666666666666,90.27251779484578,stable_coexistence,0,5.4459736997183606e-05,29.878180879810518,4.913370245161431
6.666666666666666,100.0,stable_coexistence,0,5.533215709751902e-05,29.878142093483284,4.906512641095813
6.888888888888888,0.01,predator_extinct,2,31.059239881142098,69.91437329907008,1.6111362517495595e-13
6.888888888888888,0.011077568505097092,predator_extinct,2,31.51595693773775,76.97985229112923,1.7832744116914875e-10
6.888888888888888,0.012271252398511897,predator_extinct,2,31.637701511059735,83.10765235345269,1.035591873957391e-07
6.888888888888888,0.013593563908785255,low_density_risk,4,31.67936232473735,88.19947083095104,3.308078162590437e-05
6.888888888888888,0.015058363542798407,low_density_risk,4,29.969220771170317,91.59974179392424,0.005781448028143765
6.888888888888888,0.016681005372000592,low_density_risk,4,9.02016166245075,86.21246705538744,0.09866284498240897
6.888888888888888,0.018478497974222907,low_density_risk,4,6.497175916046665,77.9246195759431,0.12777750135331933
6.888888888888888,0.02046968271807521,low_density_risk,4,5.1161839206210535,71.2321863913073,0.15163842597268737
6.888888888888888,0.02267543125870802,low_density_risk,4,3.7803486484210342,64.16515727169663,0.19214956385443152
6.888888888888888,0.025118864315095794,low_density_risk,4,3.104030013364658,57.27850932924241,0.2195689860155423
6.888888888888888,0.027825594022071243,low_density_risk,4,2.6176422345803902,51.09068972349518,0.24483976141625843
6.888888888888888,0.030823992397451434,oscillatory_coexistence,1,2.2397132639958786,45.292232040786345,0.2696508730274238
6.888888888888888,0.034145488738336005,oscillatory_coexistence,1,1.9536858945702662,39.998669320080694,0.29103469014507893
6.888888888888888,0.037824899063893865,oscillatory_coexistence,1,2.0375779437242434,35.30591897382936,0.3101189291187347
6.888888888888888,0.04190079105786669,oscillatory_coexistence,1,1.6506527247462408,31.666265101379658,0.32454440138416824
6.888888888888888,0.046415888336127795,oscillatory_coexistence,1,0.6984290849265142,29.96744770226932,0.3273633242564165
6.888888888888888,0.051417518276839276,oscillatory_coexistence,1,0.5913913564528785,29.761776994843636,0.3200591231080524
6.888888888888888,0.056958108107376865,oscillatory_coexistence,1,0.2162175809893191,29.971441638208802,0.3165834242530784
6.888888888888888,0.06309573444801933,oscillatory_coexistence,1,0.14565855645611325,30.089867568352574,0.31761414752166756
6.888888888888888,0.06989473207273486,oscillatory_coexistence,1,0.09566143444859886,30.05878740618787,0.3189738131896771
6.888888888888888,0.0774263682681127,oscillatory_coexistence,1,0.04184938008733332,30.00436762482254,0.3193237253409337
6.888888888888888,0.08576958985908942,oscillatory_coexistence,1,0.020550865803226136,29.987745806859486,0.31913946232257207
6.888888888888888,0.0950118507318144,oscillatory_coexistence,1,0.01187232604649304,29.99298008749866,0.31897609256500986
6.888888888888888,0.10525002852777332,oscillatory_coexistence,1,0.005039764301274365,29.99905718238022,0.3189392310660843
6.888888888888888,0.11659144011798317,oscillatory_coexistence,1,0.0016825997150456166,30.000908010304055,0.31895278038935865
6.888888888888888,0.1291549665014884,oscillatory_coexistence,1,0.0010315186871821577,30.000683567078266,0.31896603936786116
6.888888888888888,0.14307229891937578,stable_coexistence,0,0.00040750360036714443,30.000242827943044,0.3189707407237152
6.888888888888888,0.15848931924611134,stable_coexistence,0,0.0001887533348354691,30.000037630108157,0.3189712888872914
6.888888888888888,0.17556762912750015,stable_coexistence,0,6.576203047845433e-05,29.999986601612765,0.31897093132367493
6.888888888888888,0.19448624389373625,stable_coexistence,0,2.172618445936537e-05,29.999985389729897,0.3189706441267628
6.888888888888888,0.21544346900318845,stable_coexistence,0,1.1630418637381766e-05,29.99999169784335,0.31897051188680586
6.888888888888888,0.2386589786858581,stable_coexistence,0,5.562442704226778e-06,29.99999603870891,0.31897046255725
6.888888888888888,0.26437611857491,stable_coexistence,0,2.557935622203636e-06,29.999998193143238,0.3189704459150131
6.888888888888888,0.29286445646252374,stable_coexistence,0,1.2003768636621396e-06,29.99999915828636,0.31897044050251816
6.888888888888888,0.324422607917163,stable_coexistence,0,6.005426379953998e-07,29.999999584084964,0.3189704387149043
6.888888888888888,0.35938136638046275,stable_coexistence,0,3.3388682489710837e-07,29.999999778068958,0.3189704380816577
6.888888888888888,0.3981071705534973,stable_coexistence,0,1.920517926534465e-07,29.999999871784258,0.3189704378261533
6.888888888888888,0.44100594541767385,stable_coexistence,0,1.1486263810600621e-07,29.999999920374208,0.31897043770307626
6.888888888888888,0.4885273571519389,stable_coexistence,0,7.186396601992567e-08,29.999999947451794,0.31897043763213145
6.888888888888888,0.5411695265464638,stable_coexistence,0,4.911158424052219e-08,29.99999996358641,0.31897043758510923
6.888888888888888,0.5994842503189411,stable_coexistence,0,3.4942409044722106e-08,29.999999973780074,0.31897043755103455
6.888888888888888,0.6640827850634842,stable_coexistence,0,2.567359917145845e-08,29.999999980544963,0.31897043752501875
6.888888888888888,0.7356422544596414,stable_coexistence,0,1.9352556167632997e-08,29.99999998522022,0.3189704375045375
6.888888888888888,0.8149127469020745,stable_coexistence,0,1.4889494272348957e-08,29.99999998855979,0.3189704374881064
6.888888888888888,0.9027251779484579,stable_coexistence,0,1.1646334761875474e-08,29.99999999101039,0.3189704374747822
6.888888888888888,1.0,stable_coexistence,0,9.232729332385026e-09,29.999999992849002,0.3189704374638056
6.888888888888888,1.1077568505097097,stable_coexistence,0,7.40030799525669e-09,29.999999994253965,0.31897043745476195
6.888888888888888,1.2271252398511903,stable_coexistence,0,5.9854767563878734e-09,29.999999995344716,0.3189704374472415
6.888888888888888,1.3593563908785256,stable_coexistence,0,4.87716612884902e-09,29.999999996202863,0.31897043744095277
6.888888888888888,1.5058363542798414,stable_coexistence,0,4.006266851646379e-09,29.999999996885983,0.31897043743566783
6.888888888888888,1.6681005372000592,stable_coexistence,0,3.3453549187358193e-09,29.999999997435424,0.3189704374312022
6.888888888888888,1.8478497974222907,stable_coexistence,0,2.83925061248146e-09,29.999999997881527,0.31897043742741255
6.888888888888888,2.046968271807522,stable_coexistence,0,2.6861849042970182e-09,29.99999999824682,0.31897043742418235
6.888888888888888,2.267543125870802,stable_coexistence,0,2.7307683819226145e-09,29.99999999854821,0.31897043742141734
6.888888888888888,2.5118864315095797,stable_coexistence,0,2.7619522077929474e-09,29.999999998798664,0.3189704374190411
6.888888888888888,2.782559402207126,stable_coexistence,0,2.7828447695290644e-09,29.999999999008136,0.31897043741699216
6.888888888888888,3.0823992397451434,stable_coexistence,0,2.7959474144080623e-09,29.99999999918443,0.31897043741521824
6.888888888888888,3.414548873833601,stable_coexistence,0,2.803191160737806e-09,29.99999999933371,0.3189704374136776
6.888888888888888,3.782489906389386,stable_coexistence,0,2.806091359325799e-09,29.999999999460567,0.31897043741233555
6.888888888888888,4.190079105786669,stable_coexistence,0,2.805813773953548e-09,29.999999999569006,0.3189704374111631
6.888888888888888,4.641588833612782,stable_coexistence,0,2.8032675440512144e-09,29.999999999662123,0.3189704374101357
6.888888888888888,5.141751827683928,stable_coexistence,0,2.799143080310169e-09,29.999999999742396,0.31897043740923303
6.888888888888888,5.695810810737687,stable_coexistence,0,2.7939561183326064e-09,29.999999999811862,0.318970437408439
6.888888888888888,6.309573444801936,stable_coexistence,0,2.788109299001971e-09,29.9999999998722,0.3189704374077384
6.888888888888888,6.989473207273487,stable_coexistence,0,2.7818992739103143e-09,29.999999999924785,0.31897043740711883
6.888888888888888,7.742636826811269,stable_coexistence,0,2.7755456007628804e-09,29.999999999970733,0.31897043740657016
6.888888888888888,8.576958985908945,stable_coexistence,0,2.7692061384707035e-09,30.000000000011024,0.31897043740608344
6.888888888888888,9.50118507318144,stable_coexistence,0,2.7629817841021876e-09,30.000000000046416,0.31897043740565073
6.888888888888888,10.525002852777327,stable_coexistence,0,2.7569418155740043e-09,30.00000000007758,0.31897043740526565
6.888888888888888,11.659144011798324,stable_coexistence,0,2.7510796011539015e-09,30.000000000105047,0.3189704374049224
6.888888888888888,12.91549665014884,stable_coexistence,0,2.745245453172174e-09,30.00000000012921,0.3189704374046164
6.888888888888888,14.307229891937586,stable_coexistence,0,2.7382775158320763e-09,30.000000000149985,0.3189704374043435
6.888888888888888,15.848931924611142,stable_coexistence,0,2.711554832505909e-09,30.000000000159815,0.3189704374041029
6.888888888888888,17.556762912750013,stable_coexistence,0,2.7064817942186834e-09,30.000000000176485,0.31897043740388564
6.888888888888888,19.448624389373634,stable_coexistence,0,2.701728973857879e-09,30.00000000019129,0.31897043740369124
6.888888888888888,21.544346900318846,stable_coexistence,0,2.6963610603356775e-09,30.000000000204047,0.3189704374035173
6.888888888888888,23.865897868585808,stable_coexistence,0,2.678935591859692e-09,30.000000000210026,0.31897043740336484
6.888888888888888,26.437611857491014,stable_coexistence,0,2.5139981355802542e-09,30.000000000151857,0.3189704374032556
6.888888888888888,29.286445646252375,stable_coexistence,0,4.3924385044154546e-07,29.96549990345699,2.4475354106607567
6.888888888888888,32.4422607917163,stable_coexistence,0,4.3780534572363485e-05,29.878827680730915,5.028651642503579
6.888888888888888,35.938136638046295,stable_coexistence,0,4.0421375842810316e-05,29.87873132887095,5.011290481530029
6.888888888888888,39.810717055349734,stable_coexistence,0,3.7549858389415465e-05,29.878643145990406,4.995473712428558
6.888888888888888,44.100594541767364,stable_coexistence,0,3.973503093333518e-05,29.878562564317935,4.981075182547193
6.888888888888888,48.852735715193916,stable_coexistence,0,4.322911802754953e-05,29.87848903464456,4.967977184285254
6.888888888888888,54.116952654646376,stable_coexistence,0,4.620072143958524e-05,29.878422028284085,4.956070196664078
6.888888888888888,59.948425031894146,stable_coexistence,0,4.86871584028061e-05,29.878361039292063,4.945252579862637
6.888888888888888,66.40827850634845,stable_coexistence,0,5.073574797961653e-05,29.87830558649247,4.935430234002413
6.888888888888888,73.56422544596414,stable_coexistence,0,5.239785577352386e-05,29.8782552150381,4.926516232380485
6.888888888888888,81.49127469020749,stable_coexistence,0,5.372469735600929e-05,29.87820949743039,4.918430438168552
6.888888888888888,90.27251779484578,stable_coexistence,0,5.476552872597369e-05,29.87816803397358,4.911099112383246
6.888888888888888,100.0,stable_coexistence,0,5.5565416429548844e-05,29.87813045271767,4.904454519747356
7.111111111111111,0.01,predator_extinct,2,30.727905053143253,69.42380430876354,6.035885211892501e-14
7.111111111111111,0.011077568505097092,predator_extinct,2,31.509215195095955,76.5639004534865,7.34694137546785e-11
7.111111111111111,0.012271252398511897,predator_extinct,2,31.635152593042417,82.76925917952421,4.652836189882016e-08
7.111111111111111,0.013593563908785255,low_density_risk,4,31.683117667448915,87.93950172379614,1.6080668779973246e-05
7.111111111111111,0.015058363542798407,low_density_risk,4,30.7371068737408,91.68019306575732,0.0030961713415220706
7.111111111111111,0.016681005372000592,low_density_risk,4,10.174588639881641,87.45935421418004,0.08495657095852632
7.111111111111111,0.018478497974222907,low_density_risk,4,6.6205045684247334,78.94477989023618,0.1217781817929554
7.111111111111111,0.02046968271807521,low_density_risk,4,5.276522605180365,72.09378008397246,0.14276805523956118
7.111111111111111,0.02267543125870802,low_density_risk,4,3.872143077711666,65.04939143213076,0.18213318578309567
7.111111111111111,0.025118864315095794,low_density_risk,4,3.1504288423393234,58.04976497484579,0.2100140703782636
7.111111111111111,0.027825594022071243,low_density_risk,4,2.6530940572045605,51.779282048726,0.23448756093779902
7.111111111111111,0.030823992397451434,oscillatory_coexistence,1,2.264017451390557,45.91634325170952,0.2589354703145132
7.111111111111111,0.034145488738336005,oscillatory_coexistence,1,1.9722810189831663,40.548223608664685,0.2800507647836637
7.111111111111111,0.037824899063893865,oscillatory_coexistence,1,2.034010742051586,35.77020072571928,0.2989121069446805
7.111111111111111,0.04190079105786669,oscillatory_coexistence,1,1.7304320720448996,31.965889353102444,0.3137132915991679
7.111111111111111,0.046415888336127795,oscillatory_coexistence,1,0.7444817736922462,30.05372697004112,0.3179742106996028
7.111111111111111,0.051417518276839276,oscillatory_coexistence,1,0.6080187766890045,29.751985920706137,0.3113110563020243
7.111111111111111,0.056958108107376865,oscillatory_coexistence,1,0.2243258936485283,29.9505575442415,0.3073403895796588
7.111111111111111,0.06309573444801933,oscillatory_coexistence,1,0.14520597394938714,30.08450762317858,0.308104960643205
7.111111111111111,0.06989473207273486,oscillatory_coexistence,1,0.10026336035455291,30.062953370182978,0.3094670209214092
7.111111111111111,0.0774263682681127,oscillatory_coexistence,1,0.04346836454307742,30.00757385965365,0.30987948399971166
7.111111111111111,0.08576958985908942,oscillatory_coexistence,1,0.020376174431477982,29.988285767414073,0.3097227241048286
7.111111111111111,0.0950118507318144,oscillatory_coexistence,1,0.012329407458906176,29.99259010356047,0.30955859637917216
7.111111111111111,0.10525002852777332,oscillatory_coexistence,1,0.005151435426650353,29.998765416463563,0.30951639892946803
7.111111111111111,0.11659144011798317,oscillatory_coexistence,1,0.0017718871458678688,30.00082725946952,0.30952757473651693
7.111111111111111,0.1291549665014884,oscillatory_coexistence,1,0.0010325734636375016,30.000687396268354,0.3095404864180829
7.111111111111111,0.14307229891937578,stable_coexistence,0,0.00042276641779727706,30.0002570782279,0.30954534987611393
7.111111111111111,0.15848931924611134,stable_coexistence,0,0.0001912205374349822,30.000045498196805,0.3095460332989263
7.111111111111111,0.17556762912750015,stable_coexistence,0,6.83529136972022e-05,29.999989548514503,0.30954573195009744
7.111111111111111,0.19448624389373625,stable_coexistence,0,2.100070948390649e-05,29.99998626533508,0.30954546144159145
7.111111111111111,0.21544346900318845,stable_coexistence,0,1.1319081226538363e-05,29.999991905788846,0.30954533270950574
7.111111111111111,0.2386589786858581,stable_coexistence,0,5.496151654547576e-06,29.99999606941183,0.3095452836010555
7.111111111111111,0.26437611857491,stable_coexistence,0,2.550465392260182e-06,29.999998187081875,0.3095452666580071
7.111111111111111,0.29286445646252374,stable_coexistence,0,1.2037150116065717e-06,29.99999914912716,0.30954526099564345
7.111111111111111,0.324422607917163,stable_coexistence,0,5.980449063946381e-07,29.999999577700358,0.3095452590595135
7.111111111111111,0.35938136638046275,stable_coexistence,0,3.2022332795383956e-07,29.999999774332885,0.309545258345198
7.111111111111111,0.3981071705534973,stable_coexistence,0,1.839506265523634e-07,29.999999869786837,0.3095452580460093
7.111111111111111,0.44100594541767385,stable_coexistence,0,1.1094544774195844e-07,29.999999919411337,0.309545257899033
7.111111111111111,0.4885273571519389,stable_coexistence,0,7.185642316507016e-08,29.999999947085637,0.3095452578146173
7.111111111111111,0.5411695265464638,stable_coexistence,0,4.886013040217915e-08,29.9999999635609,0.30954525775976055
7.111111111111111,0.5994842503189411,stable_coexistence,0,3.45556464622892e-08,29.99999997394733,0.30954525772099045
7.111111111111111,0.6640827850634842,stable_coexistence,0,2.5216261932818716e-08,29.999999980819087,0.30954525769208147
7.111111111111111,0.7356422544596414,stable_coexistence,0,1.886320717674365e-08,29.999999985550712,0.30954525766978064
7.111111111111111,0.8149127469020745,stable_coexistence,0,1.439113629187037e-08,29.999999988916773,0.30954525765219054
7.111111111111111,0.9027251779484579,stable_coexistence,0,1.1152505320905734e-08,29.99999999137623,0.30954525763809787
7.111111111111111,1.0,stable_coexistence,0,8.751161575129384e-09,29.99999999321319,0.3095452576266725
7.111111111111111,1.1077568505097097,stable_coexistence,0,6.935134904424048e-09,29.999999994610615,0.30954525761732393
7.111111111111111,1.2271252398511903,stable_coexistence,0,5.538581701938178e-09,29.999999995690562,0.3095452576096134
7.111111111111111,1.3593563908785256,stable_coexistence,0,4.457449109692994e-09,29.999999996536395,0.3095452576032118
7.111111111111111,1.5058363542798414,stable_coexistence,0,3.6503711370726705e-09,29.99999999720669,0.3095452575978639
7.111111111111111,1.6681005372000592,stable_coexistence,0,3.043166139506615e-09,29.999999997743434,0.309545257593372
7.111111111111111,1.8478497974222907,stable_coexistence,0,2.9572179965855027e-09,29.999999998177383,0.30954525758957735
7.111111111111111,2.046968271807522,stable_coexistence,0,2.998913117982233e-09,29.99999999853114,0.3095452575863565
7.111111111111111,2.267543125870802,stable_coexistence,0,3.025009339434243e-09,29.9999999988219,0.3095452575836109
7.111111111111111,2.5118864315095797,stable_coexistence,0,3.039421277719855e-09,29.999999999062496,0.30954525758125945
7.111111111111111,2.782559402207126,stable_coexistence,0,3.045204029754666e-09,29.99999999926301,0.30954525757923845
7.111111111111111,3.0823992397451434,stable_coexistence,0,3.0447173079635914e-09,29.99999999943117,0.3095452575774935
7.111111111111111,3.414548873833601,stable_coexistence,0,3.0397825886492862e-09,29.999999999572868,0.30954525757598245
7.111111111111111,3.782489906389386,stable_coexistence,0,3.0317750088525933e-09,29.999999999693006,0.30954525757466866
7.111111111111111,4.190079105786669,stable_coexistence,0,3.0217349215621017e-09,29.99999999979536,0.3095452575735238
7.111111111111111,4.641588833612782,stable_coexistence,0,3.0104568319798813e-09,29.999999999882967,0.309545257572523
7.111111111111111,5.141751827683928,stable_coexistence,0,2.9985257536247926e-09,29.99999999995827,0.30954525757164536
7.111111111111111,5.695810810737687,stable_coexistence,0,2.9863509591124235e-09,30.00000000002327,0.3095452575708739
7.111111111111111,6.309573444801936,stable_coexistence,0,2.9742546795732707e-09,30.000000000079577,0.30954525757019424
7.111111111111111,6.989473207273487,stable_coexistence,0,2.9624446303336116e-09,30.000000000128516,0.30954525756959406
7.111111111111111,7.742636826811269,stable_coexistence,0,2.9510784334568766e-09,30.000000000171184,0.30954525756906354
7.111111111111111,8.576958985908945,stable_coexistence,0,2.94024727526072e-09,30.000000000208523,0.3095452575685934
7.111111111111111,9.50118507318144,stable_coexistence,0,2.9300018411268797e-09,30.000000000241258,0.30954525756817614
7.111111111111111,10.525002852777327,stable_coexistence,0,2.920349354906436e-09,30.000000000270013,0.3095452575678053
7.111111111111111,11.659144011798324,stable_coexistence,0,2.911250263053706e-09,30.00000000029533,0.30954525756747514
7.111111111111111,12.91549665014884,stable_coexistence,0,2.9025204165763026e-09,30.00000000031757,0.3095452575671811
7.111111111111111,14.307229891937586,stable_coexistence,0,2.892986117298564e-09,30.00000000033657,0.3095452575669194
7.111111111111111,15.848931924611142,stable_coexistence,0,2.863792876880532e-09,30.000000000343995,0.3095452575666981
7.111111111111111,17.556762912750013,stable_coexistence,0,2.856644224838472e-09,30.00000000035921,0.3095452575664895
7.111111111111111,19.448624389373634,stable_coexistence,0,2.8500249271347178e-09,30.000000000372705,0.30954525756630324
7.111111111111111,21.544346900318846,stable_coexistence,0,2.8430079623467094e-09,30.000000000384276,0.309545257566137
7.111111111111111,23.865897868585808,stable_coexistence,0,2.82437540018668e-09,30.000000000388855,0.3095452575659968
7.111111111111111,26.437611857491014,stable_coexistence,0,2.6577813135206885e-09,30.000000000324054,0.3095452575659652
7.111111111111111,29.286445646252375,stable_coexistence,0,4.3567243707564225e-07,29.966013535321125,2.4209867906017357
7.111111111111111,32.4422607917163,stable_coexistence,0,4.2680653697153e-05,29.878796879858058,5.023092385028578
7.111111111111111,35.938136638046295,stable_coexistence,0,3.9482288935565604e-05,29.87870312403874,5.006224366056346
7.111111111111111,39.810717055349734,stable_coexistence,0,3.701025123579946e-05,29.878617359168764,4.990860684926626
7.111111111111111,44.100594541767364,stable_coexistence,0,4.087737806241371e-05,29.878539023067226,4.976877833279006
7.111111111111111,48.852735715193916,stable_coexistence,0,4.420630361578146e-05,29.878467572658543,4.964160673382328
7.111111111111111,54.116952654646376,stable_coexistence,0,4.7022728017849345e-05,29.878402486076205,4.952602163847154
7.111111111111111,59.948425031894146,stable_coexistence,0,4.936795008178118e-05,29.878343264860835,4.94210304190973
7.111111111111111,66.40827850634845,stable_coexistence,0,5.129100544884456e-05,29.87828943585874,4.932571473253399
7.111111111111111,73.56422544596414,stable_coexistence,0,5.2843549723567945e-05,29.87824055262584,4.923922679203883
7.111111111111111,81.49127469020749,stable_coexistence,0,5.4076643332917526e-05,29.878196196263684,4.916078549941177
7.111111111111111,90.27251779484578,stable_coexistence,0,5.503805868880282e-05,29.878155975710776,4.908967251160921
7.111111111111111,100.0,stable_coexistence,0,5.577157008874563e-05,29.878119527544193,4.902522830449666
7.333333333333333,0.01,predator_extinct,2,29.933145990142048,68.94537259846636,2.322526825706701e-14
7.333333333333333,0.011077568505097092,predator_extinct,2,31.502138156943623,76.15732079565703,3.1008557103858864e-11
7.333333333333333,0.012271252398511897,predator_extinct,2,31.632595287340738,82.43763394840663,2.136575856031165e-08
7.333333333333333,0.013593563908785255,low_density_risk,4,31.68450013220848,87.68308411294485,7.971772939607257e-06
7.333333333333333,0.015058363542798407,low_density_risk,4,31.165238637116115,91.64906429424158,0.0016679938408735713
7.333333333333333,0.016681005372000592,low_density_risk,4,12.008279958751118,88.63057441972816,0.06997433501838742
7.333333333333333,0.018478497974222907,low_density_risk,4,6.747720558557086,79.96312631312254,0.11613132569530923
7.333333333333333,0.02046968271807521,low_density_risk,4,5.427165961131779,72.92147968987575,0.13489512306895815
7.333333333333333,0.02267543125870802,low_density_risk,4,3.969444757131122,65.90545064863316,0.17264364533748522
7.333333333333333,0.025118864315095794,low_density_risk,4,3.196835897040365,58.80323633485802,0.20109040976494413
7.333333333333333,0.027825594022071243,low_density_risk,4,2.688139499451557,52.44747378129161,0.22484032563651207
7.333333333333333,0.030823992397451434,oscillatory_coexistence,1,2.2882103660426174,46.52317853255782,0.248896364688521
7.333333333333333,0.034145488738336005,oscillatory_coexistence,1,1.9902854006452844,41.083522326295125,0.2697599803833823
7.333333333333333,0.037824899063893865,oscillatory_coexistence,1,2.026324363140936,36.226574077512964,0.28838282793796305
7.333333333333333,0.04190079105786669,oscillatory_coexistence,1,1.7979603651976617,32.274648839615416,0.3034369146920702
7.333333333333333,0.046415888336127795,oscillatory_coexistence,1,0.8361213700783509,30.152769812891254,0.308969182245078
7.333333333333333,0.051417518276839276,oscillatory_coexistence,1,0.6153905036633962,29.74701541037999,0.30306580483412615
7.333333333333333,0.056958108107376865,oscillatory_coexistence,1,0.2561198152769428,29.930012161183484,0.29866804559671106
7.333333333333333,0.06309573444801933,oscillatory_coexistence,1,0.14477689112280365,30.07802595257158,0.29915495791091246
7.333333333333333,0.06989473207273486,oscillatory_coexistence,1,0.10426067178204024,30.06657898446701,0.30050501388360756
7.333333333333333,0.0774263682681127,oscillatory_coexistence,1,0.04483243815003821,30.010810813831345,0.30097498191347677
7.333333333333333,0.08576958985908942,oscillatory_coexistence,1,0.020212373808108936,29.988937772242405,0.3008464503790048
7.333333333333333,0.0950118507318144,oscillatory_coexistence,1,0.01272919895121007,29.99224744517436,0.3006828232689555
7.333333333333333,0.10525002852777332,oscillatory_coexistence,1,0.005241054769400617,29.998478819854387,0.30063574809212984
7.333333333333333,0.11659144011798317,oscillatory_coexistence,1,0.001890397003063162,30.000742034546903,0.3006445839700394
7.333333333333333,0.1291549665014884,oscillatory_coexistence,1,0.0010299778127279735,30.000688068684074,0.3006570995833999
7.333333333333333,0.14307229891937578,stable_coexistence,0,0.0004367061890020057,30.000270110935944,0.30066209374339276
7.333333333333333,0.15848931924611134,stable_coexistence,0,0.00019316342927620803,30.00005303680778,0.3006629009116445
7.333333333333333,0.17556762912750015,stable_coexistence,0,7.074755646039198e-05,29.99999244279112,0.3006626529702986
7.333333333333333,0.19448624389373625,stable_coexistence,0,2.038856191979687e-05,29.999987149707547,0.3006623988850404
7.333333333333333,0.21544346900318845,stable_coexistence,0,1.0995152352996115e-05,29.999992127674165,0.30066227385636857
7.333333333333333,0.2386589786858581,stable_coexistence,0,5.420794442012821e-06,29.999996109529842,0.3006622251405824
7.333333333333333,0.26437611857491,stable_coexistence,0,2.537764725641528e-06,29.999998186407677,0.3006622079941911
7.333333333333333,0.29286445646252374,stable_coexistence,0,1.204189588040298e-06,29.999999142928164,0.3006622021311406
7.333333333333333,0.324422607917163,stable_coexistence,0,6.000409923410923e-07,29.99999957295477,0.30066220007066125
7.333333333333333,0.35938136638046275,stable_coexistence,0,3.1932707947459164e-07,29.999999771531282,0.3006621992873568
7.333333333333333,0.3981071705534973,stable_coexistence,0,1.8222018141729266e-07,29.999999868342393,0.30066219895074425
7.333333333333333,0.44100594541767385,stable_coexistence,0,1.1103030291378301e-07,29.999999918788333,0.3006621987832484
7.333333333333333,0.4885273571519389,stable_coexistence,0,7.16349872535873e-08,29.99999994693569,0.3006621986872799
7.333333333333333,0.5411695265464638,stable_coexistence,0,4.846730612718848e-08,29.999999963676878,0.3006621986257537
7.333333333333333,0.5994842503189411,stable_coexistence,0,3.407387834580325e-08,29.99999997420891,0.30066219858301807
7.333333333333333,0.6640827850634842,stable_coexistence,0,2.4694630981779986e-08,29.999999981156765,0.3006621985516959
7.333333333333333,0.7356422544596414,stable_coexistence,0,1.833063753415606e-08,29.999999985924042,0.30066219852793036
7.333333333333333,0.8149127469020745,stable_coexistence,0,1.386438819640463e-08,29.99999998930231,0.30066219850940773
7.333333333333333,0.9027251779484579,stable_coexistence,0,1.064095642823008e-08,29.99999999176048,0.3006621984947299
7.333333333333333,1.0,stable_coexistence,0,8.259677279712622e-09,29.99999999358845,0.30066219848294357
7.333333333333333,1.1077568505097097,stable_coexistence,0,6.465825924573554e-09,29.999999994972942,0.30066219847337605
7.333333333333333,1.2271252398511903,stable_coexistence,0,5.096340794762135e-09,29.99999999603807,0.30066219846554276
7.333333333333333,1.3593563908785256,stable_coexistence,0,4.086171701153705e-09,29.99999999686855,0.30066219845908004
7.333333333333333,1.5058363542798414,stable_coexistence,0,3.340582409867434e-09,29.999999997523688,0.30066219845367487
7.333333333333333,1.6681005372000592,stable_coexistence,0,3.2353775956744655e-09,29.999999998046015,0.3006621984491849
7.333333333333333,1.8478497974222907,stable_coexistence,0,3.2740468708204294e-09,29.999999998466414,0.30066219844540937
7.333333333333333,2.046968271807522,stable_coexistence,0,3.2943378396890855e-09,29.99999999880775,0.30066219844221803
7.333333333333333,2.267543125870802,stable_coexistence,0,3.30114081265838e-09,29.99999999908694,0.30066219843950687
7.333333333333333,2.5118864315095797,stable_coexistence,0,3.298256245973379e-09,29.999999999317115,0.30066219843719283
7.333333333333333,2.782559402207126,stable_coexistence,0,3.288575219601271e-09,29.99999999950819,0.30066219843520875
7.333333333333333,3.0823992397451434,stable_coexistence,0,3.274293902713801e-09,29.99999999966765,0.30066219843350195
7.333333333333333,3.414548873833601,stable_coexistence,0,3.2570641887471987e-09,29.999999999801606,0.3006621984320268
7.333333333333333,3.782489906389386,stable_coexistence,0,3.2381019347456306e-09,29.999999999914756,0.3006621984307475
7.333333333333333,4.190079105786669,stable_coexistence,0,3.2183094115593044e-09,30.00000000001081,0.30066219842963515
7.333333333333333,4.641588833612782,stable_coexistence,0,3.19833593682457e-09,30.000000000092754,0.3006621984286642
7.333333333333333,5.141751827683928,stable_coexistence,0,3.1786402843008674e-09,30.00000000016297,0.3006621984278145
7.333333333333333,5.695810810737687,stable_coexistence,0,3.159554277445568e-09,30.000000000223373,0.30066219842706876
7.333333333333333,6.309573444801936,stable_coexistence,0,3.1412792367002786e-09,30.000000000275566,0.3006621984264123
7.333333333333333,6.989473207273487,stable_coexistence,0,3.1239640207679877e-09,30.000000000320817,0.3006621984258342
7.333333333333333,7.742636826811269,stable_coexistence,0,3.107667131000482e-09,30.00000000036016,0.3006621984253235
7.333333333333333,8.576958985908945,stable_coexistence,0,3.0924275288243313e-09,30.000000000394508,0.3006621984248716
7.333333333333333,9.50118507318144,stable_coexistence,0,3.078232306046416e-09,30.00000000042459,0.3006621984245094
7.333333333333333,10.525002852777327,stable_coexistence,0,3.0650483040056765e-09,30.00000000045089,0.3006621984241534
7.333333333333333,11.659144011798324,stable_coexistence,0,3.0527864680124996e-09,30.000000000473975,0.30066219842383707
7.333333333333333,12.91549665014884,stable_coexistence,0,3.041226529818763e-09,30.000000000494182,0.3006621984235553
7.333333333333333,14.307229891937586,stable_coexistence,0,3.0291923043492386e-09,30.000000000511342,0.3006621984233056
7.333333333333333,15.848931924611142,stable_coexistence,0,2.997713840069619e-09,30.000000000516465,0.3006621984231028
7.333333333333333,17.556762912750013,stable_coexistence,0,2.988544049215841e-09,30.00000000053025,0.30066219842290376
7.333333333333333,19.448624389373634,stable_coexistence,0,2.980115591283192e-09,30.00000000054245,0.3006621984227258
7.333333333333333,21.544346900318846,stable_coexistence,0,2.971499313220915e-09,30.000000000552816,0.30066219842256753
7.333333333333333,23.865897868585808,stable_coexistence,0,2.9517532121703928e-09,30.00000000055611,0.30066219842243896
7.333333333333333,26.437611857491014,stable_coexistence,0,2.7843989632026787e-09,30.000000000485546,0.30066219842247593
7.333333333333333,29.286445646252375,stable_coexistence,0,4.23379717197186e-07,29.966508153752265,2.3955433891231843
7.333333333333333,32.4422607917163,stable_coexistence,0,4.166510691993955e-05,29.878767814081733,5.017854493752708
7.333333333333333,35.938136638046295,stable_coexistence,0,3.8614753592820734e-05,29.878676521152702,5.001452306164877
7.333333333333333,39.810717055349734,stable_coexistence,0,3.8231118968669694e-05,29.878593048236123,4.986516424490178
7.333333333333333,44.100594541767364,stable_coexistence,0,4.1934930640694914e-05,29.878516838705906,4.972925883105795
7.333333333333333,48.852735715193916,stable_coexistence,0,4.510608320632097e-05,29.878447355627113,4.960568009803295
7.333333333333333,54.116952654646376,stable_coexistence,0,4.777603671541707e-05,29.878384083946184,4.949338137227395
7.333333333333333,59.948425031894146,stable_coexistence,0,4.998896206392838e-05,29.878326532633853,4.939139274296067
7.333333333333333,66.40827850634845,stable_coexistence,0,5.1795125815551765e-05,29.878274236443975,4.929881748237109
7.333333333333333,73.56422544596414,stable_coexistence,0,5.324630180018175e-05,29.87822675715225,4.921482826726284
7.333333333333333,81.49127469020749,stable_coexistence,0,5.439272895919365e-05,29.878183684222446,4.91386632840164
7.333333333333333,90.27251779484578,stable_coexistence,0,5.528121362532867e-05,29.878144634943606,4.906962228832968
7.333333333333333,100.0,stable_coexistence,0,5.595405276831333e-05,29.878109254099574,4.900706267866794
7.555555555555555,0.01,predator_extinct,2,28.137160261513678,68.47850399337052,9.16587269847885e-15
7.555555555555555,0.011077568505097092,predator_extinct,2,31.49431163055239,75.75970357502213,1.3390108288758371e-11
7.555555555555555,0.012271252398511897,predator_extinct,2,31.63003350216961,82.11251324033762,1.0015770255328637e-08
7.555555555555555,0.013593563908785255,low_density_risk,4,31.684736444930426,87.43053801439096,4.026123159103993e-06
7.555555555555555,0.015058363542798407,low_density_risk,4,31.40213941140525,91.55261135443807,0.0009080259738224247
7.555555555555555,0.016681005372000592,low_density_risk,4,14.930460643966567,89.70524598665713,0.05475128455625164
7.555555555555555,0.018478497974222907,low_density_risk,4,6.884660766339188,80.97865529438292,0.11071692061849926
7.555555555555555,0.02046968271807521,low_density_risk,4,5.567350457357514,73.72140156493164,0.12789625064098362
7.555555555555555,0.02267543125870802,low_density_risk,4,4.0720678804019395,66.73306021581112,0.16366446321144257
7.555555555555555,0.025118864315095794,low_density_risk,4,3.2435164707431983,59.540012281231945,0.19272611716567328
7.555555555555555,0.027825594022071243,low_density_risk,4,2.722754500179647,53.09660682505294,0.21583655479498048
7.555555555555555,0.030823992397451434,low_density_risk,4,2.3123154282976515,47.11351879576235,0.23947454072529425
7.555555555555555,0.034145488738336005,oscillatory_coexistence,1,2.00781611719508,41.60519304698412,0.2601008241254468
7.555555555555555,0.037824899063893865,oscillatory_coexistence,1,2.0156641743935375,36.67448176391919,0.27847721289190447
7.555555555555555,0.04190079105786669,oscillatory_coexistence,1,1.8540079977733608,32.59012131939504,0.2936875859583879
7.555555555555555,0.046415888336127795,oscillatory_coexistence,1,0.9282551160014157,30.264168833626343,0.3003253452674012
7.555555555555555,0.051417518276839276,oscillatory_coexistence,1,0.6146792003674493,29.74703348438058,0.2952682229882672
7.555555555555555,0.056958108107376865,oscillatory_coexistence,1,0.2878891018456359,29.910040959017937,0.2905164580480067
7.555555555555555,0.06309573444801933,oscillatory_coexistence,1,0.14436908039545004,30.07054294119046,0.2907179695764697
7.555555555555555,0.06989473207273486,oscillatory_coexistence,1,0.10764216187262844,30.06965025403229,0.2920427708957542
7.555555555555555,0.0774263682681127,oscillatory_coexistence,1,0.045939821428729835,30.01405263155308,0.29256509471167097
7.555555555555555,0.08576958985908942,oscillatory_coexistence,1,0.02005850186417593,29.98969255011762,0.2924652034462325
7.555555555555555,0.0950118507318144,oscillatory_coexistence,1,0.013072256425158484,29.99195144164399,0.2923032112766123
7.555555555555555,0.10525002852777332,oscillatory_coexistence,1,0.005309546383821973,29.998198465696355,0.2922517046929403
7.555555555555555,0.11659144011798317,oscillatory_coexistence,1,0.0020042286271622365,30.00065303103797,0.2922582463866232
7.555555555555555,0.1291549665014884,oscillatory_coexistence,1,0.0010240229427107943,30.00068584255754,0.29227032567861505
7.555555555555555,0.14307229891937578,stable_coexistence,0,0.00044938120773657783,30.000281990147073,0.2922754223730725
7.555555555555555,0.15848931924611134,stable_coexistence,0,0.00019462605674936174,30.000060251572023,0.2922763425432418
7.555555555555555,0.17556762912750015,stable_coexistence,0,7.295760836852752e-05,29.999995278967884,0.29227614524067347
7.555555555555555,0.19448624389373625,stable_coexistence,0,2.154744948139988e-05,29.999988037968585,0.2922759072318454
7.555555555555555,0.21544346900318845,stable_coexistence,0,1.0661629649981148e-05,29.99999236060604,0.29227578604047677
7.555555555555555,0.2386589786858581,stable_coexistence,0,5.337940369783435e-06,29.999996157535858,0.29227573785630323
7.555555555555555,0.26437611857491,stable_coexistence,0,2.5206197668373064e-06,29.999998190336395,0.29227572058866547
7.555555555555555,0.29286445646252374,stable_coexistence,0,1.202200693451487e-06,29.99999913928021,0.2922757145670854
7.555555555555555,0.324422607917163,stable_coexistence,0,6.006708109138346e-07,29.999999569626116,0.2922757124031709
7.555555555555555,0.35938136638046275,stable_coexistence,0,3.198889039594564e-07,29.999999769536977,0.2922757115613485
7.555555555555555,0.3981071705534973,stable_coexistence,0,1.823536062147593e-07,29.999999867374154,0.2922757111927657
7.555555555555555,0.44100594541767385,stable_coexistence,0,1.1083007945780921e-07,29.999999918456417,0.292275711007713
7.555555555555555,0.4885273571519389,stable_coexistence,0,7.123196923343331e-08,29.9999999469694,0.2922757109019218
7.555555555555555,0.5411695265464638,stable_coexistence,0,4.795614877161052e-08,29.999999963911442,0.29227571083473497
7.555555555555555,0.5994842503189411,stable_coexistence,0,3.351403357721126e-08,29.999999974548363,0.2922757107886612
7.555555555555555,0.6640827850634842,stable_coexistence,0,2.4121535636333786e-08,29.999999981545876,0.2922757107553355
7.555555555555555,0.7356422544596414,stable_coexistence,0,1.7764764094226134e-08,29.9999999863311,0.2922757107303275
7.555555555555555,0.8149127469020745,stable_coexistence,0,1.3317026798090283e-08,29.9999999897093,0.29227571071106484
7.555555555555555,0.9027251779484579,stable_coexistence,0,1.011784853974002e-08,29.999999992157477,0.2922757106959415
7.555555555555555,1.0,stable_coexistence,0,7.763208263290102e-09,29.99999999397019,0.29227571068389335
7.555555555555555,1.1077568505097097,stable_coexistence,0,5.996485060045431e-09,29.99999999533735,0.2922757106741842
7.555555555555555,1.2271252398511903,stable_coexistence,0,4.6988210649193005e-09,29.999999996384343,0.2922757106662818
7.555555555555555,1.3593563908785256,stable_coexistence,0,3.760718792303374e-09,29.999999997196987,0.2922757106597966
7.555555555555555,1.5058363542798414,stable_coexistence,0,3.523704113934314e-09,29.99999999783521,0.29227571065443536
7.555555555555555,1.6681005372000592,stable_coexistence,0,3.5596336547008297e-09,29.99999999834173,0.29227571064997326
7.555555555555555,1.8478497974222907,stable_coexistence,0,3.573594043054113e-09,29.999999998747498,0.29227571064623614
7.555555555555555,2.046968271807522,stable_coexistence,0,3.5717542110245266e-09,29.99999999907547,0.2922757106430894
7.555555555555555,2.267543125870802,stable_coexistence,0,3.5588219779302386e-09,29.99999999934259,0.29227571064042474
7.555555555555555,2.5118864315095797,stable_coexistence,0,3.5383932821318706e-09,29.999999999561936,0.2922757106381582
7.555555555555555,2.782559402207126,stable_coexistence,0,3.5131365668725454e-09,29.999999999743025,0.29227571063622004
7.555555555555555,3.0823992397451434,stable_coexistence,0,3.4850412333876997e-09,29.999999999893614,0.292275710634557
7.555555555555555,3.414548873833601,stable_coexistence,0,3.455552051905988e-09,30.00000000001961,0.2922757106331231
7.555555555555555,3.782489906389386,stable_coexistence,0,3.4257220467612234e-09,30.000000000125606,0.29227571063188224
7.555555555555555,4.190079105786669,stable_coexistence,0,3.3962752610006707e-09,30.000000000215252,0.29227571063080565
7.555555555555555,4.641588833612782,stable_coexistence,0,3.3677274302263222e-09,30.000000000291433,0.2922757106298679
7.555555555555555,5.141751827683928,stable_coexistence,0,3.3404147595756735e-09,30.000000000356476,0.29227571062904845
7.555555555555555,5.695810810737687,stable_coexistence,0,3.3145403458471134e-09,30.00000000041226,0.29227571062833063
7.555555555555555,6.309573444801936,stable_coexistence,0,3.290224744457942e-09,30.000000000460307,0.29227571062769986
7.555555555555555,6.989473207273487,stable_coexistence,0,3.2675202987228646e-09,30.000000000501867,0.2922757106271446
7.555555555555555,7.742636826811269,stable_coexistence,0,3.246415521534201e-09,30.000000000537828,0.29227571062665453
7.555555555555555,8.576958985908945,stable_coexistence,0,3.2268817543348264e-09,30.000000000569113,0.292275710626221
7.555555555555555,9.50118507318144,stable_coexistence,0,3.208850666598234e-09,30.0000000005964,0.2922757106258374
7.555555555555555,10.525002852777327,stable_coexistence,0,3.1922342694489083e-09,30.00000000062025,0.29227571062549723
7.555555555555555,11.659144011798324,stable_coexistence,0,3.1769025335661497e-09,30.00000000064114,0.29227571062519503
7.555555555555555,12.91549665014884,stable_coexistence,0,3.1626022688884142e-09,30.000000000659377,0.29227571062492647
7.555555555555555,14.307229891937586,stable_coexistence,0,3.1481574087642756e-09,30.000000000674724,0.292275710624689
7.555555555555555,15.848931924611142,stable_coexistence,0,3.1145649614224068e-09,30.00000000067766,0.29227571062450425
7.555555555555555,17.556762912750013,stable_coexistence,0,3.1034399938075843e-09,30.00000000069001,0.29227571062431495
7.555555555555555,19.448624389373634,stable_coexistence,0,3.0932638375927165e-09,30.00000000070092,0.2922757106241457
7.555555555555555,21.544346900318846,stable_coexistence,0,3.0831124319499935e-09,30.00000000071011,0.2922757106239956
7.555555555555555,23.865897868585808,stable_coexistence,0,3.062337938713487e-09,30.000000000712188,0.2922757106238778
7.555555555555555,26.437611857491014,stable_coexistence,0,2.8949891372416985e-09,30.000000000636575,0.2922757106239754
7.555555555555555,29.286445646252375,stable_coexistence,0,4.4278237933708486e-07,29.966984933057596,2.3711293464234737
7.555555555555555,32.4422607917163,stable_coexistence,0,4.072561474797209e-05,29.878740341405095,5.012910844059111
7.555555555555555,35.938136638046295,stable_coexistence,0,3.781050295419647e-05,29.878651388182096,4.996949390130363
7.555555555555555,39.810717055349734,stable_coexistence,0,3.936850416567603e-05,29.878570090688655,4.982418083174175
7.555555555555555,44.100594541767364,stable_coexistence,0,4.2914759594738044e-05,29.878495897833595,4.969198403857194
7.555555555555555,48.852735715193916,stable_coexistence,0,4.593554952155835e-05,29.878428278831695,4.957180046886376
7.555555555555555,54.116952654646376,stable_coexistence,0,4.8467309545167e-05,29.878366725428478,4.946260619611555
7.555555555555555,59.948425031894146,stable_coexistence,0,5.055606548574543e-05,29.878310753954516,4.9363453038245
7.555555555555555,66.40827850634845,stable_coexistence,0,5.225348462343301e-05,29.87825990694267,4.927346491064863
7.555555555555555,73.56422544596414,stable_coexistence,0,5.361062310970046e-05,29.87821375420017,4.919183400565721
7.555555555555555,81.49127469020749,stable_coexistence,0,5.467708729946284e-05,29.878171893314708,4.911781687764168
7.555555555555555,90.27251779484578,stable_coexistence,0,5.549844549274161e-05,29.87813394964797,4.905073050109333
7.555555555555555,100.0,stable_coexistence,0,5.611560329370614e-05,29.878099575886015,4.898994835767583
7.777777777777778,0.01,predator_extinct,2,24.562650893643614,68.02266392427249,3.705191640659809e-15
7.777777777777778,0.011077568505097092,predator_extinct,2,31.484844442844334,75.37066523893456,5.908793942981274e-12
7.777777777777778,0.012271252398511897,predator_extinct,2,31.627468258632685,81.79364793727319,4.7879494645762194e-09
7.777777777777778,0.013593563908785255,low_density_risk,4,31.68440842502365,87.1819440983343,2.0696001531953216e-06
7.777777777777778,0.015058363542798407,low_density_risk,4,31.533515299064085,91.41992343583495,0.0005005354030681249
7.777777777777778,0.016681005372000592,low_density_risk,4,18.53861291365658,90.66269365563187,0.04065475074845397
7.777777777777778,0.018478497974222907,low_density_risk,4,7.0384606799863425,81.98948798531,0.10542263253293184
7.777777777777778,0.02046968271807521,low_density_risk,4,5.697178196642888,74.49930920867281,0.12164967453002898
7.777777777777778,0.02267543125870802,low_density_risk,4,4.179532216242646,67.53214352922824,0.1551888524862953
7.777777777777778,0.025118864315095794,low_density_risk,4,3.2907468744335673,60.260931287251786,0.18485885429557897
7.777777777777778,0.027825594022071243,low_density_risk,4,2.7569152279221036,53.72795992833261,0.20742040353935895
7.777777777777778,0.030823992397451434,low_density_risk,4,2.3363399161025904,47.68809619690616,0.23061797201423637
7.777777777777778,0.034145488738336005,oscillatory_coexistence,1,2.024959463432684,42.11384684630135,0.2510185567348496
7.777777777777778,0.037824899063893865,oscillatory_coexistence,1,2.0029041636567766,37.11361656739337,0.26914600940200273
7.777777777777778,0.04190079105786669,oscillatory_coexistence,1,1.8996032121516546,32.91016916252976,0.28443702789397196
7.777777777777778,0.046415888336127795,oscillatory_coexistence,1,1.019825023824937,30.38740678710079,0.2920244663851737
7.777777777777778,0.051417518276839276,oscillatory_coexistence,1,0.6128928056733624,29.752173741914063,0.28787039145112225
7.777777777777778,0.056958108107376865,oscillatory_coexistence,1,0.3191693340032751,29.890850317043206,0.28284077968851035
7.777777777777778,0.06309573444801933,oscillatory_coexistence,1,0.14397894826760885,30.062178344822275,0.2827526997746682
7.777777777777778,0.06989473207273486,oscillatory_coexistence,1,0.11040253234463339,30.072160192340526,0.28404012389837524
7.777777777777778,0.0774263682681127,oscillatory_coexistence,1,0.04679113481022356,30.017275943787688,0.2846096267165294
7.777777777777778,0.08576958985908942,oscillatory_coexistence,1,0.019913720941924312,29.9905411202799,0.2845385171986994
7.777777777777778,0.0950118507318144,oscillatory_coexistence,1,0.013359480534287088,29.991701189739043,0.28437917724538964
7.777777777777778,0.10525002852777332,oscillatory_coexistence,1,0.005357822597729942,29.99792524398316,0.28432367097018796
7.777777777777778,0.11659144011798317,oscillatory_coexistence,1,0.00211321048586004,30.00056086979261,0.2843279737752976
7.777777777777778,0.1291549665014884,oscillatory_coexistence,1,0.0010149772702570622,30.000680956274994,0.2843395838774082
7.777777777777778,0.14307229891937578,stable_coexistence,0,0.00046085170589717114,30.00029277802019,0.28434475786653163
7.777777777777778,0.15848931924611134,stable_coexistence,0,0.00019564896572635702,30.00006714986286,0.2843457810389961
7.777777777777778,0.17556762912750015,stable_coexistence,0,7.499402532168546e-05,29.999998053157107,0.28434563167237675
7.777777777777778,0.19448624389373625,stable_coexistence,0,2.265358768807216e-05,29.999988926167216,0.2843454093340365
7.777777777777778,0.21544346900318845,stable_coexistence,0,1.0329480896410086e-05,29.999992602163022,0.2843452920640785
7.777777777777778,0.2386589786858581,stable_coexistence,0,5.248909663716219e-06,29.99999621213269,0.28434524452323545
7.777777777777778,0.26437611857491,stable_coexistence,0,2.49969965322138e-06,29.999998198196298,0.28434522720339905
7.777777777777778,0.29286445646252374,stable_coexistence,0,1.1980928311072752e-06,29.999999137831143,0.28434522105943344
7.777777777777778,0.324422607917163,stable_coexistence,0,6.001198234159464e-07,29.999999567522657,0.2843452188101933
7.777777777777778,0.35938136638046275,stable_coexistence,0,3.197770355981855e-07,29.999999768240343,0.2843452179190041
7.777777777777778,0.3981071705534973,stable_coexistence,0,1.8208851489950984e-07,29.999999866815955,0.28434521752320663
7.777777777777778,0.44100594541767385,stable_coexistence,0,1.1038593666632452e-07,29.999999918373394,0.28434521732318974
7.777777777777778,0.4885273571519389,stable_coexistence,0,7.067529655902228e-08,29.999999947158543,0.2843452172090304
7.777777777777778,0.5411695265464638,stable_coexistence,0,4.734635702487745e-08,29.999999964245262,0.284345217137064
7.777777777777778,0.5994842503189411,stable_coexistence,0,3.289050837914633e-08,29.999999974951823,0.284345217088209
7.777777777777778,0.6640827850634842,stable_coexistence,0,2.350778257075038e-08,29.999999981976046,0.28434521705323984
7.777777777777778,0.7356422544596414,stable_coexistence,0,1.7173824392470995e-08,29.99999998676402,0.28434521702725407
7.777777777777778,0.8149127469020745,stable_coexistence,0,1.2755443506792408e-08,29.99999999013174,0.2843452170074152
7.777777777777778,0.9027251779484579,stable_coexistence,0,9.58819510468862e-09,29.999999992562593,0.2843452169919621
7.777777777777778,1.0,stable_coexistence,0,7.265698902792919e-09,29.999999994355033,0.2843452169797381
7.777777777777778,1.1077568505097097,stable_coexistence,0,5.559163116838913e-09,29.999999995700968,0.2843452169699456
7.777777777777778,1.2271252398511903,stable_coexistence,0,4.348116858885983e-09,29.99999999672714,0.28434521696202075
7.777777777777778,1.3593563908785256,stable_coexistence,0,3.825219963321333e-09,29.999999997519968,0.2843452169555497
7.777777777777778,1.5058363542798414,stable_coexistence,0,3.859298777089368e-09,29.999999998139742,0.2843452169502242
7.777777777777778,1.6681005372000592,stable_coexistence,0,3.866760304718735e-09,29.999999998629313,0.28434521694581
7.777777777777778,1.8478497974222907,stable_coexistence,0,3.855361778100975e-09,29.999999999019753,0.2843452169421277
7.777777777777778,2.046968271807522,stable_coexistence,0,3.831018702356732e-09,29.99999999933373,0.28434521693903714
7.777777777777778,2.267543125870802,stable_coexistence,0,3.798191509507854e-09,29.9999999995884,0.28434521693642884
7.777777777777778,2.5118864315095797,stable_coexistence,0,3.760181854798304e-09,29.999999999796373,0.2843452169342158
7.777777777777778,2.782559402207126,stable_coexistence,0,3.7194109125989115e-09,29.99999999996738,0.28434521693233034
7.777777777777778,3.0823992397451434,stable_coexistence,0,3.6776150125072654e-09,30.00000000010893,0.28434521693071524
7.777777777777778,3.414548873833601,stable_coexistence,0,3.6360257619311946e-09,30.000000000226834,0.2843452169293262
7.777777777777778,3.782489906389386,stable_coexistence,0,3.595497470086012e-09,30.000000000325596,0.28434521692812764
7.777777777777778,4.190079105786669,stable_coexistence,0,3.556582820795836e-09,30.00000000040874,0.2843452169270889
7.777777777777778,4.641588833612782,stable_coexistence,0,3.519649519926007e-09,30.00000000047913,0.28434521692618603
7.777777777777778,5.141751827683928,stable_coexistence,0,3.4848913087954854e-09,30.000000000538986,0.2843452169253984
7.777777777777778,5.695810810737687,stable_coexistence,0,3.452413939847845e-09,30.000000000590173,0.2843452169247093
7.777777777777778,6.309573444801936,stable_coexistence,0,3.4222265317146703e-09,30.00000000063401,0.28434521692410514
7.777777777777778,6.989473207273487,stable_coexistence,0,3.394285149169962e-09,30.00000000067174,0.28434521692357323
7.777777777777778,7.742636826811269,stable_coexistence,0,3.368526435486314e-09,30.000000000704336,0.2843452169231049
7.777777777777778,8.576958985908945,stable_coexistence,0,3.344835045892849e-09,30.000000000732594,0.28434521692269166
7.777777777777778,9.50118507318144,stable_coexistence,0,3.323094451380816e-09,30.000000000757176,0.284345216922326
7.777777777777778,10.525002852777327,stable_coexistence,0,3.3031655039977276e-09,30.00000000077861,0.2843452169220019
7.777777777777778,11.659144011798324,stable_coexistence,0,3.2848749497397975e-09,30.000000000797304,0.28434521692171405
7.777777777777778,12.91549665014884,stable_coexistence,0,3.2679322950518534e-09,30.000000000813586,0.2843452169214586
7.777777777777778,14.307229891937586,stable_coexistence,0,3.251167749743315e-09,30.000000000827143,0.2843452169212333
7.777777777777778,15.848931924611142,stable_coexistence,0,3.2156310206292677e-09,30.000000000827974,0.28434521692106585
7.777777777777778,17.556762912750013,stable_coexistence,0,3.202632351820466e-09,30.000000000838888,0.28434521692088627
7.777777777777778,19.448624389373634,stable_coexistence,0,3.190773748831304e-09,30.000000000848534,0.2843452169207258
7.777777777777778,21.544346900318846,stable_coexistence,0,3.179145953807647e-09,30.00000000085656,0.28434521692058395
7.777777777777778,23.865897868585808,stable_coexistence,0,3.1574365047549133e-09,30.000000000857476,0.2843452169204766
7.777777777777778,26.437611857491014,stable_coexistence,0,2.990739863092232e-09,30.00000000077749,0.2843452169206272
7.777777777777778,29.286445646252375,stable_coexistence,0,4.401020032028143e-07,29.967444946096318,2.347675988400425
7.777777777777778,32.4422607917163,stable_coexistence,0,3.9853337302676796e-05,29.878714334927714,5.008237284500747
7.777777777777778,35.938136638046295,stable_coexistence,0,3.7063165195042914e-05,29.87862760720431,4.992693446085736
7.777777777777778,39.810717055349734,stable_coexistence,0,4.0428412055864615e-05,29.878548377183684,4.978545333863833
7.777777777777778,44.100594541767364,stable_coexistence,0,4.382319782378154e-05,29.878476099305384,4.965676783190373
7.777777777777778,48.852735715193916,stable_coexistence,0,4.67011319796535e-05,29.878410248941865,4.9539797624674815
7.777777777777778,54.116952654646376,stable_coexistence,0,4.910233080576177e-05,29.87835032460713,4.943354060209846
7.777777777777778,59.948425031894146,stable_coexistence,0,5.107505811776206e-05,29.878295849911986,4.933706938343153
7.777777777777778,66.40827850634845,stable_coexistence,0,5.267079533052869e-05,29.87824637502988,4.9249527617175515
7.777777777777778,73.56422544596414,stable_coexistence,0,5.39406249050585e-05,29.878201477608272,4.91701261262879
7.777777777777778,81.49127469020749,stable_coexistence,0,5.4933314770651544e-05,29.878160763122427,4.9098138979302774
7.777777777777778,90.27251779484578,stable_coexistence,0,5.56928025814607e-05,29.8781238647354,4.903289955140734
7.777777777777778,100.0,stable_coexistence,0,5.625894256628219e-05,29.878090442740397,4.897379662840025
8.0,0.01,predator_extinct,2,18.86521091790439,67.57735387503853,1.532304451541549e-15
8.0,0.011077568505097092,predator_extinct,2,31.471857531529047,74.98984623633481,2.661642756779863e-12
8.0,0.012271252398511897,predator_extinct,2,31.62489867659256,81.48080260579219,2.3317565354986367e-09
8.0,0.013593563908785255,low_density_risk,4,31.683797415468618,86.93727490229816,1.0818503381548419e-06
8.0,0.015058363542798407,low_density_risk,4,31.606896594609662,91.26795246381336,0.00027959965685082065
8.0,0.016681005372000592,low_density_risk,4,21.83445577584921,91.48472453665453,0.028789908430066128
8.0,0.018478497974222907,low_density_risk,4,7.218379927116725,82.99307678484405,0.10013700507729334
8.0,0.02046968271807521,low_density_risk,4,5.817413299357723,75.26032726281578,0.11604236594286024
8.0,0.02267543125870802,low_density_risk,4,4.291085345872175,68.30287204803459,0.14721520238212116
8.0,0.025118864315095794,low_density_risk,4,3.3387833984617528,60.966621186826714,0.17743475451818036
8.0,0.027825594022071243,low_density_risk,4,2.7906150283893356,54.34274125677971,0.1995410645351029
8.0,0.030823992397451434,low_density_risk,4,2.3602823598202574,48.24760126784489,0.2222805805471769
8.0,0.034145488738336005,oscillatory_coexistence,1,2.041784088499028,42.61006915429599,0.24246437760832815
8.0,0.037824899063893865,oscillatory_coexistence,1,1.988704019647011,37.543853235677986,0.2603443227941557
8.0,0.04190079105786669,oscillatory_coexistence,1,1.9358988815555396,33.23294903084045,0.27565702447629054
8.0,0.046415888336127795,oscillatory_coexistence,1,1.109803498499537,30.521865427522798,0.2840513811886818
8.0,0.051417518276839276,oscillatory_coexistence,1,0.6112112236265582,29.762540026109694,0.28083086057187223
8.0,0.056958108107376865,oscillatory_coexistence,1,0.34951166830838515,29.87262042627148,0.2756006224141917
8.0,0.06309573444801933,oscillatory_coexistence,1,0.1436046237517422,30.053049429428174,0.2752220941045902
8.0,0.06989473207273486,oscillatory_coexistence,1,0.112541236154242,30.074107903108445,0.2764611147739418
8.0,0.0774263682681127,oscillatory_coexistence,1,0.047388701510835414,30.020459724001093,0.2770726523159747
8.0,0.08576958985908942,oscillatory_coexistence,1,0.01977716356233299,29.991474831874516,0.27703023400101423
8.0,0.0950118507318144,oscillatory_coexistence,1,0.01359204873984005,29.991495606051245,0.27687445398868893
8.0,0.10525002852777332,oscillatory_coexistence,1,0.00538683221734261,29.997659887469023,0.2768153632523992
8.0,0.11659144011798317,oscillatory_coexistence,1,0.0022172373866977124,30.000466105084172,0.2768174898535318
8.0,0.1291549665014884,oscillatory_coexistence,1,0.0010030932811642811,30.00067362962697,0.27682860429422046
8.0,0.14307229891937578,stable_coexistence,0,0.00047117580961104287,30.000302534349284,0.2768338329840478
8.0,0.15848931924611134,stable_coexistence,0,0.0001962697647428622,30.00007374026397,0.2768349498693831
8.0,0.17556762912750015,stable_coexistence,0,7.68674840166077e-05,30.00000076272649,0.2768348458206362
8.0,0.19448624389373625,stable_coexistence,0,2.370862913925174e-05,29.99998981111304,0.276834638705397
8.0,0.21544346900318845,stable_coexistence,0,1.002162686846697e-05,29.99999285031672,0.2768345254010628
8.0,0.2386589786858581,stable_coexistence,0,5.154833230312894e-06,29.99999627221602,0.27683447859262234
8.0,0.26437611857491,stable_coexistence,0,2.4755846614003143e-06,29.99999820941059,0.2768344612785766
8.0,0.29286445646252374,stable_coexistence,0,1.1921663485783296e-06,29.99999913827696,0.27683445504318543
8.0,0.324422607917163,stable_coexistence,0,5.9854974080707e-07,29.99999956647864,0.27683445272429624
8.0,0.35938136638046275,stable_coexistence,0,3.190832268280778e-07,29.999999767546573,0.2768344517916914
8.0,0.3981071705534973,stable_coexistence,0,1.814810140066062e-07,29.999999866610736,0.2768344513728332
8.0,0.44100594541767385,stable_coexistence,0,1.0973368236461324e-07,29.999999918503264,0.2768344511601001
8.0,0.4885273571519389,stable_coexistence,0,6.998909394726883e-08,29.999999947479303,0.2768344510388589
8.0,0.5411695265464638,stable_coexistence,0,4.665488759470816e-08,29.999999964661868,0.276834450962882
8.0,0.5994842503189411,stable_coexistence,0,3.221557466305116e-08,29.999999975407544,0.2768344509117157
8.0,0.6640827850634842,stable_coexistence,0,2.2862456807604347e-08,29.999999982438904,0.2768344508754087
8.0,0.7356422544596414,stable_coexistence,0,1.6564699748323413e-08,29.999999987216427,0.27683445084865094
8.0,0.8149127469020745,stable_coexistence,0,1.2184891006267365e-08,29.999999990564763,0.276834450828377
8.0,0.9027251779484579,stable_coexistence,0,9.056045838031921e-09,29.999999992972153,0.27683445081269303
8.0,1.0,stable_coexistence,0,6.777184587538937e-09,29.999999994739966,0.2768344508003627
8.0,1.1077568505097097,stable_coexistence,0,5.170882367379581e-09,29.99999999606162,0.27683445079054003
8.0,1.2271252398511903,stable_coexistence,0,4.142955253340938e-09,29.999999997064744,0.2768344507826303
8.0,1.3593563908785256,stable_coexistence,0,4.1768120224768675e-09,29.999999997836184,0.2768344507762014
8.0,1.5058363542798414,stable_coexistence,0,4.178051090500746e-09,29.99999999843637,0.276834450770933
8.0,1.6681005372000592,stable_coexistence,0,4.156406892888899e-09,29.999999998908148,0.2768344507665828
8.0,1.8478497974222907,stable_coexistence,0,4.1193077986690565e-09,29.999999999282533,0.27683445076296687
8.0,2.046968271807522,stable_coexistence,0,4.072364134856215e-09,29.999999999582197,0.2768344507599421
8.0,2.267543125870802,stable_coexistence,0,4.019675259338261e-09,29.99999999982402,0.2768344507573968
8.0,2.5118864315095797,stable_coexistence,0,3.964222964704e-09,30.00000000002045,0.27683445075524465
8.0,2.782559402207126,stable_coexistence,0,3.9081211155908415e-09,30.000000000181217,0.27683445075341423
8.0,3.0823992397451434,stable_coexistence,0,3.852855575281906e-09,30.000000000313634,0.2768344507518507
8.0,3.414548873833601,stable_coexistence,0,3.7994055900899594e-09,30.000000000423373,0.27683445075050994
8.0,3.782489906389386,stable_coexistence,0,3.748414556461532e-09,30.00000000051483,0.27683445074935475
8.0,4.190079105786669,stable_coexistence,0,3.7002754045289447e-09,30.000000000591495,0.2768344507483556
8.0,4.641588833612782,stable_coexistence,0,3.6551816387634726e-09,30.0000000006561,0.27683445074748847
8.0,5.141751827683928,stable_coexistence,0,3.613205734523826e-09,30.00000000071082,0.276834450746733
8.0,5.695810810737687,stable_coexistence,0,3.5743273229179967e-09,30.000000000757257,0.2768344507460738
8.0,6.309573444801936,stable_coexistence,0,3.538457941375161e-09,30.00000000079692,0.2768344507454967
8.0,6.989473207273487,stable_coexistence,0,3.5054702843216683e-09,30.0000000008309,0.27683445074499013
8.0,7.742636826811269,stable_coexistence,0,3.4752164404445535e-09,30.000000000860176,0.27683445074454405
8.0,8.576958985908945,stable_coexistence,0,3.4475251689444023e-09,30.000000000885436,0.2768344507441505
8.0,9.50118507318144,stable_coexistence,0,3.4222144524569805e-09,30.00000000090736,0.27683445074380264
8.0,10.525002852777327,stable_coexistence,0,3.3990996682947253e-09,30.000000000926363,0.27683445074349455
8.0,11.659144011798324,stable_coexistence,0,3.3779657588562237e-09,30.00000000094291,0.2768344507432216
8.0,12.91549665014884,stable_coexistence,0,3.3584916772486766e-09,30.000000000957233,0.27683445074297935
8.0,14.307229891937586,stable_coexistence,0,3.339509646485924e-09,30.00000000096906,0.2768344507427665
8.0,15.848931924611142,stable_coexistence,0,3.302187797172514e-09,30.000000000967876,0.2768344507426157
8.0,17.556762912750013,stable_coexistence,0,3.287392521056582e-09,30.000000000977412,0.2768344507424456
8.0,19.448624389373634,stable_coexistence,0,3.273928446756191e-09,30.000000000985764,0.2768344507422941
8.0,21.544346900318846,stable_coexistence,0,3.260894842930031e-09,30.000000000992678,0.2768344507421603
8.0,23.865897868585808,stable_coexistence,0,3.2383220844535915e-09,30.0000000009925,0.2768344507420627
8.0,26.437611857491014,stable_coexistence,0,3.072828036372507e-09,30.000000000908674,0.27683445074225976
8.0,29.286445646252375,stable_coexistence,0,4.157122979647242e-07,29.967889175352354,2.3251209670742394
8.0,32.4422607917163,stable_coexistence,0,3.9041884410890634e-05,29.8786896808784,5.003812239795687
8.0,35.938136638046295,stable_coexistence,0,3.763176888845258e-05,29.878605072562326,4.988664675040419
8.0,39.810717055349734,stable_coexistence,0,4.1416936960780295e-05,29.87852780981683,4.9748800316479915
8.0,44.100594541767364,stable_coexistence,0,4.466617634243879e-05,29.87845735262274,4.962344412655334
8.0,48.852735715193916,stable_coexistence,0,4.740845959503175e-05,29.878393182506525,4.950951971988956
8.0,54.116952654646376,stable_coexistence,0,4.968659787201661e-05,29.87833480471318,4.940604591173247
8.0,59.948425031894146,stable_coexistence,0,5.155029411443121e-05,29.87828175004102,4.931211525135412
8.0,66.40827850634845,stable_coexistence,0,5.305129613555412e-05,29.878233576159268,4.9226890267662675
8.0,73.56422544596414,stable_coexistence,0,5.424015923798559e-05,29.87818986836185,4.914959958696371
8.0,81.49127469020749,stable_coexistence,0,5.516420541249179e-05,29.878150239777817,4.907953399541138
8.0,90.27251779484578,stable_coexistence,0,5.586683030236587e-05,29.878114331108982,4.901604250706654
8.0,100.0,stable_coexistence,0,5.63859976891517e-05,29.878081809971963,4.895852848755079
8.222222222222221,0.01,predator_extinct,2,12.24807192950644,67.14210822186553,6.475745274017338e-16
8.222222222222221,0.011077568505097092,predator_extinct,2,31.451465836908486,74.61690905340076,1.2226330961112088e-12
8.222222222222221,0.012271252398511897,predator_extinct,2,31.62232181940962,81.17375468052607,1.1558104545065326e-09
8.222222222222221,0.013593563908785255,predator_extinct,2,31.683042000529344,86.69645475638725,5.74606408242144e-07
8.222222222222221,0.015058363542798407,low_density_risk,4,31.648264617139237,91.10621510668602,0.00015828682953369298
8.222222222222221,0.016681005372000592,low_density_risk,4,24.59508623692576,92.1584418724763,0.01962068150837053
8.222222222222221,0.018478497974222907,low_density_risk,4,7.43689935575148,83.98633562136868,0.09474512801738934
8.222222222222221,0.02046968271807521,low_density_risk,4,5.929203142297387,76.00877633154543,0.1109736144479001
8.222222222222221,0.02267543125870802,low_density_risk,4,4.405741443555592,69.04569845757544,0.1397429105128889
8.222222222222221,0.025118864315095794,low_density_risk,4,3.387888402736836,61.657537482331776,0.17040746248423366
8.222222222222221,0.027825594022071243,low_density_risk,4,2.8238628280025395,54.94208235244,0.1921522751743846
8.222222222222221,0.030823992397451434,low_density_risk,4,2.3841481432080687,48.792688808815136,0.2144213642590481
8.222222222222221,0.034145488738336005,oscillatory_coexistence,1,2.0583431864327624,43.094415051361906,0.23439469516487252
8.222222222222221,0.037824899063893865,oscillatory_coexistence,1,1.9735587402018415,37.96519707110881,0.25203129573312155
8.222222222222221,0.04190079105786669,oscillatory_coexistence,1,1.9640766193508215,33.5569030123477,0.2673199247212465
8.222222222222221,0.046415888336127795,oscillatory_coexistence,1,1.1972336282908773,30.666838261416736,0.2763928564254048
8.222222222222221,0.051417518276839276,oscillatory_coexistence,1,0.6096483222458959,29.778209932437232,0.27411393158464453
8.222222222222221,0.056958108107376865,oscillatory_coexistence,1,0.3784876975472219,29.85550812768568,0.26875952801507086
8.222222222222221,0.06309573444801933,oscillatory_coexistence,1,0.1490488262007865,30.043269573590987,0.26809280391795437
8.222222222222221,0.06989473207273486,oscillatory_coexistence,1,0.11406214949988806,30.07549773643254,0.2692734527522424
8.222222222222221,0.0774263682681127,oscillatory_coexistence,1,0.048395699375383794,30.023585142864853,0.2699219605319872
8.222222222222221,0.08576958985908942,oscillatory_coexistence,1,0.020979668741851684,29.992485389394737,0.269907945060695
8.222222222222221,0.0950118507318144,oscillatory_coexistence,1,0.013771306090022974,29.991333469721262,0.26975653071350997
8.222222222222221,0.10525002852777332,oscillatory_coexistence,1,0.005397492950323462,29.9974029938589,0.2696942530237484
8.222222222222221,0.11659144011798317,oscillatory_coexistence,1,0.0023162319699576743,30.000369231833098,0.26969427170386634
8.222222222222221,0.1291549665014884,stable_coexistence,0,0.000989264467020296,30.000664065102754,0.2697048695487876
8.222222222222221,0.14307229891937578,stable_coexistence,0,0.00048041128769280353,30.000311316300056,0.26971013273286115
8.222222222222221,0.15848931924611134,stable_coexistence,0,0.00019652173340209826,30.00008003216383,0.26971133471393927
8.222222222222221,0.17556762912750015,stable_coexistence,0,7.858829138767259e-05,30.000003406038292,0.2697112734621051
8.222222222222221,0.19448624389373625,stable_coexistence,0,2.4714149601070594e-05,29.999990690240107,0.2697110810950076
8.222222222222221,0.21544346900318845,stable_coexistence,0,9.736723581736701e-06,29.999993103368215,0.2697109717684188
8.222222222222221,0.2386589786858581,stable_coexistence,0,5.056684130287181e-06,29.99999633684539,0.2697109257625754
8.222222222222221,0.26437611857491,stable_coexistence,0,2.4487789489804373e-06,29.99999822348372,0.2697109085029244
8.222222222222221,0.29286445646252374,stable_coexistence,0,1.184682714329702e-06,29.999999140355282,0.26971090220266
8.222222222222221,0.324422607917163,stable_coexistence,0,5.961015505150357e-07,29.999999566350564,0.2697108998277067
8.222222222222221,0.35938136638046275,stable_coexistence,0,3.1788795857504966e-07,29.99999976737366,0.26971089886061433
8.222222222222221,0.3981071705534973,stable_coexistence,0,1.8057940614581835e-07,29.99999986670917,0.2697108984223185
8.222222222222221,0.44100594541767385,stable_coexistence,0,1.0890435227036838e-07,29.999999918814947,0.2697108981988522
8.222222222222221,0.4885273571519389,stable_coexistence,0,6.919413846207413e-08,29.999999947911235,0.26971089807165555
8.222222222222221,0.5411695265464638,stable_coexistence,0,4.5896172914098294e-08,29.999999965147186,0.26971089799233416
8.222222222222221,0.5994842503189411,stable_coexistence,0,3.1499608261554296e-08,29.999999975905528,0.2697108979392769
8.222222222222221,0.6640827850634842,stable_coexistence,0,2.219319155417026e-08,29.999999982927093,0.2697108979018978
8.222222222222221,0.7356422544596414,stable_coexistence,0,1.5943073310126012e-08,29.999999987682997,0.2697108978745449
8.222222222222221,0.8149127469020745,stable_coexistence,0,1.1609671286630174e-08,29.999999991004454,0.2697108978539569
8.222222222222221,0.9027251779484579,stable_coexistence,0,8.524655347523997e-09,29.999999993383163,0.2697108978381259
8.222222222222221,1.0,stable_coexistence,0,6.33506828207265e-09,29.999999995122764,0.26971089782574936
8.222222222222221,1.1077568505097097,stable_coexistence,0,4.824649277387422e-09,29.999999996417586,0.26971089781593904
8.222222222222221,1.2271252398511903,stable_coexistence,0,4.5160832707000416e-09,29.999999997395836,0.26971089780807617
8.222222222222221,1.3593563908785256,stable_coexistence,0,4.511943056489588e-09,29.999999998144578,0.2697108978017126
8.222222222222221,1.5058363542798414,stable_coexistence,0,4.479655520792936e-09,29.999999998724256,0.26971089779651797
8.222222222222221,1.6681005372000592,stable_coexistence,0,4.428576616654447e-09,29.999999999177728,0.2697108977922444
8.222222222222221,1.8478497974222907,stable_coexistence,0,4.365738111830649e-09,29.999999999535618,0.26971089778870433
8.222222222222221,2.046968271807522,stable_coexistence,0,4.296285164691559e-09,29.99999999982072,0.26971089778575225
8.222222222222221,2.267543125870802,stable_coexistence,0,4.223932492657113e-09,30.000000000049354,0.2697108977832766
8.222222222222221,2.5118864315095797,stable_coexistence,0,4.151294419297636e-09,30.00000000023419,0.2697108977811872
8.222222222222221,2.782559402207126,stable_coexistence,0,4.080153814759324e-09,30.00000000038464,0.2697108977794165
8.222222222222221,3.0823992397451434,stable_coexistence,0,4.011705219803533e-09,30.000000000507885,0.26971089777790747
8.222222222222221,3.414548873833601,stable_coexistence,0,3.94668949365512e-09,30.000000000609447,0.26971089777661555
8.222222222222221,3.782489906389386,stable_coexistence,0,3.885531777716903e-09,30.00000000069365,0.26971089777550417
8.222222222222221,4.190079105786669,stable_coexistence,0,3.828438484653043e-09,30.000000000763883,0.26971089777454615
8.222222222222221,4.641588833612782,stable_coexistence,0,3.775450944365573e-09,30.000000000822702,0.2697108977737162
8.222222222222221,5.141751827683928,stable_coexistence,0,3.726500826327735e-09,30.00000000087215,0.2697108977729948
8.222222222222221,5.695810810737687,stable_coexistence,0,3.6814477983489372e-09,30.000000000913992,0.26971089777236595
8.222222222222221,6.309573444801936,stable_coexistence,0,3.6401066456225237e-09,30.000000000949523,0.26971089777181567
8.222222222222221,6.989473207273487,stable_coexistence,0,3.602266810650966e-09,30.00000000097984,0.2697108977713333
8.222222222222221,7.742636826811269,stable_coexistence,0,3.5676957091119675e-09,30.000000001005805,0.26971089777090934
8.222222222222221,8.576958985908945,stable_coexistence,0,3.536161348802202e-09,30.00000000102814,0.26971089777053564
8.222222222222221,9.50118507318144,stable_coexistence,0,3.507432211213526e-09,30.000000001047393,0.2697108977702059
8.222222222222221,10.525002852777327,stable_coexistence,0,3.481266119696773e-09,30.000000001064052,0.2697108977699142
8.222222222222221,11.659144011798324,stable_coexistence,0,3.4574126079375457e-09,30.000000001078455,0.2697108977696558
8.222222222222221,12.91549665014884,stable_coexistence,0,3.4355175888058316e-09,30.00000000109087,0.2697108977694267
8.222222222222221,14.307229891937586,stable_coexistence,0,3.4144171933005288e-09,30.000000001100965,0.26971089776922585
8.222222222222221,15.848931924611142,stable_coexistence,0,3.375465714223093e-09,30.000000001097884,0.26971089776909024
8.222222222222221,17.556762912750013,stable_coexistence,0,3.358957674842871e-09,30.000000001106027,0.26971089776893004
8.222222222222221,19.448624389373634,stable_coexistence,0,3.343959065081049e-09,30.000000001113147,0.2697108977687871
8.222222222222221,21.544346900318846,stable_coexistence,0,3.329585496079248e-09,30.000000001118945,0.2697108977686613
8.222222222222221,23.865897868585808,stable_coexistence,0,3.306223561471195e-09,30.00000000111775,0.2697108977685726
8.222222222222221,26.437611857491014,stable_coexistence,0,3.142392538664324e-09,30.000000001030642,0.26971089776881035
8.222222222222221,29.286445646252375,stable_coexistence,0,3.7110306981891685e-07,29.96831852254714,2.303407524210027
8.222222222222221,32.4422607917163,stable_coexistence,0,3.828518306271421e-05,29.87866627695897,4.999616375853203
8.222222222222221,35.938136638046295,stable_coexistence,0,3.869921913807949e-05,29.878583689305263,4.9848453414005585
8.222222222222221,39.810717055349734,stable_coexistence,0,4.233915519220373e-05,29.87850830066508,4.9714059283946765
8.222222222222221,44.100594541767364,stable_coexistence,0,4.5449120574420854e-05,29.878439576567704,4.959186424891747
8.222222222222221,48.852735715193916,stable_coexistence,0,4.806247567231871e-05,29.878377004685056,4.948083086903326
8.222222222222221,54.116952654646376,stable_coexistence,0,5.022452441435273e-05,29.878320096941707,4.937999805817522
8.222222222222221,59.948425031894146,stable_coexistence,0,5.1986103857227485e-05,29.87826839122434,4.928847747618157
8.222222222222221,66.40827850634845,stable_coexistence,0,5.3398651062866426e-05,29.878221452546207,4.92054497324379
8.222222222222221,73.56422544596414,stable_coexistence,0,5.451211592574702e-05,29.8781788736537,4.9130160482212935
8.222222222222221,81.49127469020749,stable_coexistence,0,5.537287156513694e-05,29.8781402750992,4.906191648510809
8.222222222222221,90.27251779484578,stable_coexistence,0,5.6022713149725844e-05,29.878105304870218,4.90000816835251
8.222222222222221,100.0,stable_coexistence,0,5.649865224192473e-05,29.87807363763619,4.894407334839792
8.444444444444445,0.01,predator_extinct,2,6.8015391592939265,66.71649141347669,2.793783638160292e-16
8.444444444444445,0.011077568505097092,predator_extinct,2,31.415792399470174,74.25153644662468,5.72175464156116e-13
8.444444444444445,0.012271252398511897,predator_extinct,2,31.61973159578374,80.87229361460807,5.826262942360641e-10
8.444444444444445,0.013593563908785255,predator_extinct,2,31.68221165473502,86.45938758053411,3.0985804736042597e-07
8.444444444444445,0.015058363542798407,low_density_risk,4,31.67180641970011,90.93997044431151,9.079356968601602e-05
8.444444444444445,0.016681005372000592,low_density_risk,4,26.746014180740477,92.67962343516206,0.013005902093993311
8.444444444444445,0.018478497974222907,low_density_risk,4,7.711275061362935,84.96571392665403,0.08912825070412052
8.444444444444445,0.02046968271807521,low_density_risk,4,6.03395820541208,76.74811647689789,0.10635602319647453
8.444444444444445,0.02267543125870802,low_density_risk,4,4.522325168341025,69.76137299628643,0.1327689942528105
8.444444444444445,0.025118864315095794,low_density_risk,4,3.438300590731508,62.33399881568498,0.16373728932188544
8.444444444444445,0.027825594022071243,low_density_risk,4,2.856686568668787,55.52703378298545,0.18521190910100493
8.444444444444445,0.030823992397451434,low_density_risk,4,2.407921208319512,49.323982624992034,0.2070036658051022
8.444444444444445,0.034145488738336005,oscillatory_coexistence,1,2.0746774521792877,43.567407413560964,0.22677049114377418
8.444444444444445,0.037824899063893865,oscillatory_coexistence,1,1.9578382242824184,38.377745509196714,0.24416977113890498
8.444444444444445,0.04190079105786669,oscillatory_coexistence,1,1.9852744927470167,33.88073772710092,0.2593990047753402
8.444444444444445,0.046415888336127795,oscillatory_coexistence,1,1.2812611674720475,30.82154667609777,0.2690368136271958
8.444444444444445,0.051417518276839276,oscillatory_coexistence,1,0.608215478151052,29.79923735319054,0.26768897514033546
8.444444444444445,0.056958108107376865,oscillatory_coexistence,1,0.40570057904100243,29.83964959267542,0.2622845198602467
8.444444444444445,0.06309573444801933,oscillatory_coexistence,1,0.15657147398161544,30.032947261352067,0.2613347303674203
8.444444444444445,0.06989473207273486,oscillatory_coexistence,1,0.11497251454559158,30.07633851770952,0.2624480543776582
8.444444444444445,0.0774263682681127,oscillatory_coexistence,1,0.05190084554299435,30.026635424809584,0.26312858437361764
8.444444444444445,0.08576958985908942,oscillatory_coexistence,1,0.022296295773712352,29.9935648675071,0.2631425159103952
8.444444444444445,0.0950118507318144,oscillatory_coexistence,1,0.013898813292947695,29.991213457298027,0.2629961783903492
8.444444444444445,0.10525002852777332,oscillatory_coexistence,1,0.005463791126305244,29.997155044822353,0.2629310927935285
8.444444444444445,0.11659144011798317,oscillatory_coexistence,1,0.002410167567009435,30.000270692050112,0.2629290759528213
8.444444444444445,0.1291549665014884,stable_coexistence,0,0.0009760569233571526,30.000652449171216,0.26293914105681243
8.444444444444445,0.14307229891937578,stable_coexistence,0,0.0004886141527975703,30.000319178269596,0.26294442068080137
8.444444444444445,0.15848931924611134,stable_coexistence,0,0.0001964358064698803,30.000086035445367,0.2629456997728963
8.444444444444445,0.17556762912750015,stable_coexistence,0,8.016585356200455e-05,30.000005982240243,0.26294567890175924
8.444444444444445,0.19448624389373625,stable_coexistence,0,2.5672036496725324e-05,29.9999915614969,0.26294550079104306
8.444444444444445,0.21544346900318845,stable_coexistence,0,9.472440899211351e-06,29.999993359893992,0.2629453954288209
8.444444444444445,0.2386589786858581,stable_coexistence,0,4.9552740031754235e-06,29.999996405218408,0.2629453502800236
8.444444444444445,0.26437611857491,stable_coexistence,0,2.4197095337715298e-06,29.999998239989115,0.26294533311538876
8.444444444444445,0.29286445646252374,stable_coexistence,0,1.175867013106865e-06,29.999999143839105,0.2629453267729692
8.444444444444445,0.324422607917163,stable_coexistence,0,5.92897789591317e-07,29.999999567014374,0.262945324353711
8.444444444444445,0.35938136638046275,stable_coexistence,0,3.1626133121651534e-07,29.99999976765069,0.26294532335816745
8.444444444444445,0.3981071705534973,stable_coexistence,0,1.7942593588795595e-07,29.99999986706881,0.26294532290360123
8.444444444444445,0.44100594541767385,stable_coexistence,0,1.079248014750282e-07,29.999999919281727,0.2629453226711222
8.444444444444445,0.4885273571519389,stable_coexistence,0,6.830831199127622e-08,29.99999994843673,0.2629453225389431
8.444444444444445,0.5411695265464638,stable_coexistence,0,4.50825837542001e-08,29.99999996568919,0.26294532245685787
8.444444444444445,0.5994842503189411,stable_coexistence,0,3.075142457158277e-08,29.99999997643753,0.26294532240226537
8.444444444444445,0.6640827850634842,stable_coexistence,0,2.1506389289825027e-08,29.999999983434602,0.262945322364044
8.444444444444445,0.7356422544596414,stable_coexistence,0,1.531366219530604e-08,29.999999988159328,0.26294532233624707
8.444444444444445,0.8149127469020745,stable_coexistence,0,1.1033283628821702e-08,29.99999999144752,0.26294532231544765
8.444444444444445,0.9027251779484579,stable_coexistence,0,8.008692874365748e-09,29.999999993793143,0.26294532229954054
8.444444444444445,1.0,stable_coexistence,0,5.938676359654908e-09,29.999999995501614,0.26294532228716655
8.444444444444445,1.1077568505097097,stable_coexistence,0,4.8811754051363214e-09,29.999999996767524,0.2629453222774045
8.444444444444445,1.2271252398511903,stable_coexistence,0,4.873170312095962e-09,29.99999999771948,0.26294532226961426
8.444444444444445,1.3593563908785256,stable_coexistence,0,4.830265136267397e-09,29.99999999844456,0.2629453222633345
8.444444444444445,1.5058363542798414,stable_coexistence,0,4.7641190549703145e-09,29.999999999003077,0.2629453222582275
8.444444444444445,1.6681005372000592,stable_coexistence,0,4.6835905229089475e-09,29.99999999943765,0.2629453222540412
8.444444444444445,1.8478497974222907,stable_coexistence,0,4.595144531583395e-09,29.999999999778858,0.2629453222505843
8.444444444444445,2.046968271807522,stable_coexistence,0,4.503442359760114e-09,30.000000000049074,0.2629453222477106
8.444444444444445,2.267543125870802,stable_coexistence,0,4.411744924898106e-09,30.00000000026456,0.26294532224530737
8.444444444444445,2.5118864315095797,stable_coexistence,0,4.322257870070634e-09,30.00000000043774,0.26294532224328504
8.444444444444445,2.782559402207126,stable_coexistence,0,4.236438281579416e-09,30.000000000577856,0.2629453222415753
8.444444444444445,3.0823992397451434,stable_coexistence,0,4.155158232207479e-09,30.000000000691944,0.2629453222401216
8.444444444444445,3.414548873833601,stable_coexistence,0,4.078915693987792e-09,30.000000000785384,0.26294532223888006
8.444444444444445,3.782489906389386,stable_coexistence,0,4.007914947956112e-09,30.0000000008624,0.2629453222378146
8.444444444444445,4.190079105786669,stable_coexistence,0,3.9421734024088894e-09,30.00000000092618,0.2629453222368976
8.444444444444445,4.641588833612782,stable_coexistence,0,3.8815697913854506e-09,30.000000000979192,0.2629453222361048
8.444444444444445,5.141751827683928,stable_coexistence,0,3.825902320748484e-09,30.000000001023565,0.2629453222354169
8.444444444444445,5.695810810737687,stable_coexistence,0,3.774916971469699e-09,30.00000000106084,0.2629453222348179
8.444444444444445,6.309573444801936,stable_coexistence,0,3.728323131569966e-09,30.00000000109232,0.2629453222342949
8.444444444444445,6.989473207273487,stable_coexistence,0,3.685828531137155e-09,30.00000000111901,0.2629453222338371
8.444444444444445,7.742636826811269,stable_coexistence,0,3.6471243209286706e-09,30.00000000114172,0.2629453222334352
8.444444444444445,8.576958985908945,stable_coexistence,0,3.6119163362518117e-09,30.00000000116115,0.2629453222330813
8.444444444444445,9.50118507318144,stable_coexistence,0,3.5799192941981022e-09,30.000000001177813,0.26294532223276906
8.444444444444445,10.525002852777327,stable_coexistence,0,3.5508405695841453e-09,30.000000001192134,0.2629453222324933
8.444444444444445,11.659144011798324,stable_coexistence,0,3.5243909715164463e-09,30.000000001204462,0.26294532223224926
8.444444444444445,12.91549665014884,stable_coexistence,0,3.500188109579361e-09,30.000000001214993,0.2629453222320334
8.444444444444445,14.307229891937586,stable_coexistence,0,3.477075930741884e-09,30.00000000122342,0.2629453222318443
8.444444444444445,15.848931924611142,stable_coexistence,0,3.436633022462523e-09,30.000000001218513,0.26294532223172357
8.444444444444445,17.556762912750013,stable_coexistence,0,3.418494998046737e-09,30.000000001225313,0.26294532223157285
8.444444444444445,19.448624389373634,stable_coexistence,0,3.402039894100639e-09,30.00000000123122,0.2629453222314385
8.444444444444445,21.544346900318846,stable_coexistence,0,3.3863930325165762e-09,30.00000000123593,0.2629453222313205
8.444444444444445,23.865897868585808,stable_coexistence,0,3.3623119102363774e-09,30.00000000123375,0.26294532223124045
8.444444444444445,26.437611857491014,stable_coexistence,0,3.200528316323616e-09,30.000000001143846,0.26294532223151357
8.444444444444445,29.286445646252375,stable_coexistence,0,3.0863833854679576e-07,29.968733817036856,2.2824838577067137
8.444444444444445,32.4422607917163,stable_coexistence,0,3.757767024669514e-05,29.878644030922587,4.995632315799248
8.444444444444445,35.938136638046295,stable_coexistence,0,3.9700478478893804e-05,29.87856337186778,4.981219510738039
8.444444444444445,39.810717055349734,stable_coexistence,0,4.320019001724424e-05,29.878489770549255,4.968108431016873
8.444444444444445,44.100594541767364,stable_coexistence,0,4.6176834176796906e-05,29.878422698048567,4.956189471153139
8.444444444444445,48.852735715193916,stable_coexistence,0,4.866797797672911e-05,29.878361648166802,4.945360910235942
8.444444444444445,54.116952654646376,stable_coexistence,0,5.0720567410457536e-05,29.878306139449332,4.935528571032667
8.444444444444445,59.948425031894146,stable_coexistence,0,5.2386256326995704e-05,29.878255716761714,4.926605453440966
8.444444444444445,66.40827850634845,stable_coexistence,0,5.371603808312994e-05,29.878209952307238,4.918511351318793
8.444444444444445,73.56422544596414,stable_coexistence,0,5.475942944957522e-05,29.878168446089855,4.911172460509537
8.444444444444445,81.49127469020749,stable_coexistence,0,5.556135792258651e-05,29.878130825864435,4.904520984695807
8.444444444444445,90.27251779484578,stable_coexistence,0,5.61624687764691e-05,29.878096746654336,4.898494744584719
8.444444444444445,100.0,stable_coexistence,0,5.659851750907648e-05,29.878065889925224,4.8930367948871485
8.666666666666666,0.01,predator_extinct,2,3.4079063968377135,66.30009544888173,1.229232472936291e-16
8.666666666666666,0.011077568505097092,predator_extinct,2,31.349190236138938,73.89342985016206,2.72564419749267e-13
8.666666666666666,0.012271252398511897,predator_extinct,2,31.61711644770866,80.5762200601274,2.9843521519757167e-10
8.666666666666666,0.013593563908785255,predator_extinct,2,31.68134178920023,86.22596993429029,1.6952505974689569e-07
8.666666666666666,0.015058363542798407,low_density_risk,4,31.685314303626868,90.77211048037152,5.2746644203729775e-05
8.666666666666666,0.016681005372000592,low_density_risk,4,28.32722507470183,93.05522695428589,0.00847008398122014
8.666666666666666,0.018478497974222907,low_density_risk,4,8.065510392755673,85.92722782007579,0.08316983336976289
8.666666666666666,0.02046968271807521,low_density_risk,4,6.13324311389259,77.48097245638571,0.10211489306568133
8.666666666666666,0.02267543125870802,low_density_risk,4,4.639607000247094,70.45094277463168,0.12628578170644505
8.666666666666666,0.025118864315095794,low_density_risk,4,3.490249102481056,62.99621884358161,0.1573904722716185
8.666666666666666,0.027825594022071243,low_density_risk,4,2.889111633138192,56.09856259915712,0.17868162410337332
8.666666666666666,0.030823992397451434,low_density_risk,4,2.4316016812655596,49.842079241812364,0.1999945599307706
8.666666666666666,0.034145488738336005,oscillatory_coexistence,1,2.0908221705974905,44.029536849801985,0.2195567675716058
8.666666666666666,0.037824899063893865,oscillatory_coexistence,1,1.9418167139548435,38.78165962421195,0.23672595914854833
8.666666666666666,0.04190079105786669,oscillatory_coexistence,1,2.000547746710628,34.20339684053216,0.25186870991282784
8.666666666666666,0.046415888336127795,oscillatory_coexistence,1,1.3611632701315628,30.98515846235216,0.2619718280028416
8.666666666666666,0.051417518276839276,oscillatory_coexistence,1,0.6069215037840427,29.82565423744316,0.2615297901065375
8.666666666666666,0.056958108107376865,oscillatory_coexistence,1,0.4307870323856357,29.825162793236004,0.2561457210728408
8.666666666666666,0.06309573444801933,oscillatory_coexistence,1,0.1633588891869803,30.02218539824658,0.2549206346218506
8.666666666666666,0.06989473207273486,oscillatory_coexistence,1,0.11528219012778711,30.076642847014185,0.25595865163290116
8.666666666666666,0.0774263682681127,oscillatory_coexistence,1,0.055294068636477754,30.02959570833684,0.25666640022582543
8.666666666666666,0.08576958985908942,oscillatory_coexistence,1,0.023565008157044844,29.994705717862676,0.256707682263664
8.666666666666666,0.0950118507318144,oscillatory_coexistence,1,0.013976212845294647,29.991134171166543,0.25656704538303154
8.666666666666666,0.10525002852777332,oscillatory_coexistence,1,0.005745504022062486,29.996916422302363,0.2564995121126293
8.666666666666666,0.11659144011798317,oscillatory_coexistence,1,0.0024990434085264066,30.00017088056702,0.2564955350454
8.666666666666666,0.1291549665014884,stable_coexistence,0,0.0009636141962026225,30.000638953522472,0.2565050554018941
8.666666666666666,0.14307229891937578,stable_coexistence,0,0.0004958379318320044,30.000326171840623,0.25651033535007073
8.666666666666666,0.15848931924611134,stable_coexistence,0,0.000196040304513649,30.00009176025252,0.2565116841604643
8.666666666666666,0.17556762912750015,stable_coexistence,0,8.160936345097801e-05,30.000008491096985,0.25651170136257134
8.666666666666666,0.19448624389373625,stable_coexistence,0,2.6584271613374206e-05,29.999992423254273,0.2565115370081014
8.666666666666666,0.21544346900318845,stable_coexistence,0,9.226645871090691e-06,29.999993618701627,0.25651143557659606
8.666666666666666,0.2386589786858581,stable_coexistence,0,4.851303938417344e-06,29.99999647665046,0.2565113913261623
8.666666666666666,0.26437611857491,stable_coexistence,0,2.388748323702222e-06,29.99999825855963,0.2565113742903815
8.666666666666666,0.29286445646252374,stable_coexistence,0,1.1659158865474647e-06,29.999999148532545,0.256511367925257
8.666666666666666,0.324422607917163,stable_coexistence,0,5.890459446771537e-07,29.999999568362377,0.256511365471881
8.666666666666666,0.35938136638046275,stable_coexistence,0,3.1426425131953743e-07,29.999999768316066,0.2565113644531373
8.666666666666666,0.3981071705534973,stable_coexistence,0,1.7805763596667272e-07,29.999999867652765,0.2565113639850686
8.666666666666666,0.44100594541767385,stable_coexistence,0,1.0681827874464951e-07,29.99999991988042,0.25651136374507616
8.666666666666666,0.4885273571519389,stable_coexistence,0,6.734703080791469e-08,29.999999949040763,0.25651136360877297
8.666666666666666,0.5411695265464638,stable_coexistence,0,4.422474296735595e-08,29.99999996627776,0.25651136352442777
8.666666666666666,0.5994842503189411,stable_coexistence,0,2.997846983126094e-08,29.99999997699636,0.2565113634686097
8.666666666666666,0.6640827850634842,stable_coexistence,0,2.0807393844543195e-08,29.999999983956442,0.25651136342974434
8.666666666666666,0.7356422544596414,stable_coexistence,0,1.4680372329647532e-08,29.99999998864193,0.25651136340163394
8.666666666666666,0.8149127469020745,stable_coexistence,0,1.0458562992343078e-08,29.99999999189134,0.2565113633807098
8.666666666666666,0.9027251779484579,stable_coexistence,0,7.541303138318235e-09,29.99999999420037,0.2565113633647877
8.666666666666666,1.0,stable_coexistence,0,5.58193157204304e-09,29.999999995875108,0.25651136335245767
8.666666666666666,1.1077568505097097,stable_coexistence,0,5.2669386486887694e-09,29.99999999711047,0.25651136334277397
8.666666666666666,1.2271252398511903,stable_coexistence,0,5.213839079336886e-09,29.99999999803502,0.25651136333507807
8.666666666666666,1.3593563908785256,stable_coexistence,0,5.131778853930084e-09,29.999999998735717,0.25651136332889857
8.666666666666666,1.5058363542798414,stable_coexistence,0,5.031752673904349e-09,29.999999999272596,0.25651136332388963
8.666666666666666,1.6681005372000592,stable_coexistence,0,4.921930951746884e-09,29.999999999687937,0.25651136331979746
8.666666666666666,1.8478497974222907,stable_coexistence,0,4.808180283549668e-09,30.000000000012307,0.25651136331642926
8.666666666666666,2.046968271807522,stable_coexistence,0,4.694603461488419e-09,30.000000000267494,0.25651136331363755
8.666666666666666,2.267543125870802,stable_coexistence,0,4.583964970497076e-09,30.000000000469807,0.25651136331130975
8.666666666666666,2.5118864315095797,stable_coexistence,0,4.478048272839912e-09,30.00000000063134,0.25651136330935587
8.666666666666666,2.782559402207126,stable_coexistence,0,4.377944051614457e-09,30.00000000076117,0.25651136330770835
8.666666666666666,3.0823992397451434,stable_coexistence,0,4.284225122688137e-09,30.00000000086614,0.2565113633063112
8.666666666666666,3.414548873833601,stable_coexistence,0,4.197122294025237e-09,30.000000000951548,0.2565113633051206
8.666666666666666,3.782489906389386,stable_coexistence,0,4.1166175652090046e-09,30.000000001021416,0.2565113633041014
8.666666666666666,4.190079105786669,stable_coexistence,0,4.042543129729441e-09,30.000000001078757,0.256511363303225
8.666666666666666,4.641588833612782,stable_coexistence,0,3.974619152171989e-09,30.000000001126132,0.25651136330246815
8.666666666666666,5.141751827683928,stable_coexistence,0,3.9125055194134595e-09,30.000000001165475,0.2565113633018136
8.666666666666666,5.695810810737687,stable_coexistence,0,3.8558293149411195e-09,30.000000001198273,0.25651136330124463
8.666666666666666,6.309573444801936,stable_coexistence,0,3.804210161543564e-09,30.00000000122576,0.2565113633007486
8.666666666666666,6.989473207273487,stable_coexistence,0,3.75726235293892e-09,30.000000001248885,0.25651136330031477
8.666666666666666,7.742636826811269,stable_coexistence,0,3.714612735767009e-09,30.000000001268443,0.2565113632999344
8.666666666666666,8.576958985908945,stable_coexistence,0,3.6758996437752512e-09,30.000000001285017,0.25651136329960017
8.666666666666666,9.50118507318144,stable_coexistence,0,3.6407814243314684e-09,30.000000001299124,0.2565113632993057
8.666666666666666,10.525002852777327,stable_coexistence,0,3.6089264908255926e-09,30.00000000131116,0.2565113632990457
8.666666666666666,11.659144011798324,stable_coexistence,0,3.5800078751753504e-09,30.000000001321443,0.25651136329881596
8.666666666666666,12.91549665014884,stable_coexistence,0,3.5536100283041003e-09,30.000000001330157,0.2565113632986129
8.666666666666666,14.307229891937586,stable_coexistence,0,3.5285864895077804e-09,30.000000001336943,0.25651136329843566
8.666666666666666,15.848931924611142,stable_coexistence,0,3.4867888130793246e-09,30.000000001330324,0.2565113632983288
8.666666666666666,17.556762912750013,stable_coexistence,0,3.4671007396857563e-09,30.000000001335795,0.25651136329818747
8.666666666666666,19.448624389373634,stable_coexistence,0,3.4492631564236955e-09,30.000000001340528,0.25651136329806157
8.666666666666666,21.544346900318846,stable_coexistence,0,3.432410740664852e-09,30.000000001344176,0.2565113632979513
8.666666666666666,23.865897868585808,stable_coexistence,0,3.407668339945464e-09,30.00000000134107,0.2565113632978792
8.666666666666666,26.437611857491014,stable_coexistence,0,3.2482566561093338e-09,30.000000001248775,0.256511363298183
8.666666666666666,29.286445646252375,stable_coexistence,0,2.3397914738282558e-07,29.96913582322767,2.2623025741392904
8.666666666666666,32.4422607917163,stable_coexistence,0,3.691555821216447e-05,29.878622859368253,4.991844398157132
8.666666666666666,35.938136638046295,stable_coexistence,0,4.0640357058334516e-05,29.878544042937772,4.977772826595048
8.666666666666666,39.810717055349734,stable_coexistence,0,4.400461716574527e-05,29.878472147970392,4.964974395816952
8.666666666666666,44.100594541767364,stable_coexistence,0,4.685395687127737e-05,29.87840665110572,4.9533415321160374
8.666666666666666,48.852735715193916,stable_coexistence,0,4.922896808636928e-05,29.878347052248476,4.942774462803373
8.666666666666666,54.116952654646376,stable_coexistence,0,5.117842962137737e-05,29.87829287649494,4.933180867880954
8.666666666666666,59.948425031894146,stable_coexistence,0,5.275404169342765e-05,29.878243675575295,4.924475508467668
8.666666666666666,66.40827850634845,stable_coexistence,0,5.4006677839689825e-05,29.87819902872639,4.916579840701879
8.666666666666666,73.56422544596414,stable_coexistence,0,5.4984457093791366e-05,29.878158543018035,4.909421622632991
8.666666666666666,81.49127469020749,stable_coexistence,0,5.5731808712278803e-05,29.878121853187093,4.902934520442291
8.666666666666666,90.27251779484578,stable_coexistence,0,5.628783492805217e-05,29.8780886210581,4.89705771922405
8.666666666666666,100.0,stable_coexistence,0,5.668703978115487e-05,29.87805853464235,4.891735542536406
8.88888888888889,0.01,predator_extinct,2,1.6252454072158637,65.8925376156035,5.5108985595932923e-17
8.88888888888889,0.011077568505097092,predator_extinct,2,31.221290888256714,73.54230793730646,1.3205727701777386e-13
8.88888888888889,0.012271252398511897,predator_extinct,2,31.614455117283107,80.2853451004359,1.5521969964535716e-10
8.88888888888889,0.013593563908785255,predator_extinct,2,31.680450730956316,85.99609717635137,9.403617100681596e-08
8.88888888888889,0.015058363542798407,low_density_risk,4,31.693108253256074,90.60422408097129,3.1021466606711704e-05
8.88888888888889,0.016681005372000592,low_density_risk,4,29.439779994265688,93.30278836224345,0.005464612107890749
8.88888888888889,0.018478497974222907,low_density_risk,4,8.533120392598779,86.86646006535638,0.0767709063396987
8.88888888888889,0.02046968271807521,low_density_risk,4,6.228660949091406,78.20921030708219,0.09818676464452063
8.88888888888889,0.02267543125870802,low_density_risk,4,4.756354159538006,71.11573427234386,0.120279778140648
8.88888888888889,0.025118864315095794,low_density_risk,4,3.543926685901723,63.64433422231658,0.15133852146421398
8.88888888888889,0.027825594022071243,low_density_risk,4,2.92118027842177,56.657551571813066,0.1725265483377301
8.88888888888889,0.030823992397451434,low_density_risk,4,2.4551693136982706,50.34755074923152,0.19336434035039843
8.88888888888889,0.034145488738336005,oscillatory_coexistence,1,2.106803838263893,44.48126272969128,0.2127220658371915
8.88888888888889,0.037824899063893865,oscillatory_coexistence,1,1.9256972646512067,39.17714312707711,0.229669119889398
8.88888888888889,0.04190079105786669,oscillatory_coexistence,1,2.01084372653469,34.524031048896724,0.24470480078657264
8.88888888888889,0.046415888336127795,oscillatory_coexistence,1,1.436365763525546,31.156807501959236,0.25518682802960646
8.88888888888889,0.051417518276839276,oscillatory_coexistence,1,0.6057698788188604,29.857471734377498,0.25561400696737535
8.88888888888889,0.056958108107376865,oscillatory_coexistence,1,0.45342730793582664,29.812149737874307,0.2503160273734059
8.88888888888889,0.06309573444801933,oscillatory_coexistence,1,0.1693913670534145,30.011080890194084,0.248825803270213
8.88888888888889,0.06989473207273486,oscillatory_coexistence,1,0.11507307668862375,30.076426466009433,0.24978145663207166
8.88888888888889,0.0774263682681127,oscillatory_coexistence,1,0.05856133468788256,30.03245291132606,0.25051178538794394
8.88888888888889,0.08576958985908942,oscillatory_coexistence,1,0.024781835974537612,29.995900769894057,0.25057970435367394
8.88888888888889,0.0950118507318144,oscillatory_coexistence,1,0.014005251054296878,29.991094162706116,0.25044531148629073
8.88888888888889,0.10525002852777332,oscillatory_coexistence,1,0.0060162491465553525,29.996687422516324,0.25037567190825316
8.88888888888889,0.11659144011798317,oscillatory_coexistence,1,0.002582885975827181,30.00007015012568,0.2503698117950164
8.88888888888889,0.1291549665014884,stable_coexistence,0,0.0009518801086974992,30.00062373624855,0.2503787789701921
8.88888888888889,0.14307229891937578,stable_coexistence,0,0.0005021337378392078,30.000332345795155,0.250384044872341
8.88888888888889,0.15848931924611134,stable_coexistence,0,0.00019536058819408502,30.000097216812822,0.2503854565604904
8.88888888888889,0.17556762912750015,stable_coexistence,0,8.29272456236486e-05,30.00001093285692,0.25038550963852735
8.88888888888889,0.19448624389373625,stable_coexistence,0,2.7452749536366903e-05,29.999993274232175,0.25038535853825744
8.88888888888889,0.21544346900318845,stable_coexistence,0,8.997592088013213e-06,29.99999387879293,0.2503852609878702
8.88888888888889,0.2386589786858581,stable_coexistence,0,4.7453738727882866e-06,29.999996550556073,0.2503852176662182
8.88888888888889,0.26437611857491,stable_coexistence,0,2.3562193994659767e-06,29.999998278877896,0.250385200787362
8.88888888888889,0.29286445646252374,stable_coexistence,0,1.1549992190698722e-06,29.999999154265428,0.25038519441617124
8.88888888888889,0.324422607917163,stable_coexistence,0,5.846387022107599e-07,29.999999570301135,0.2503851919375093
8.88888888888889,0.35938136638046275,stable_coexistence,0,3.1195004360655175e-07,29.99999976931676,0.2503851909001612
8.88888888888889,0.3981071705534973,stable_coexistence,0,1.7650615068517702e-07,29.999999868429306,0.25038519042101054
8.88888888888889,0.44100594541767385,stable_coexistence,0,1.0560502449761094e-07,29.99999992059122,0.25038519017482724
8.88888888888889,0.4885273571519389,stable_coexistence,0,6.632354579272748e-08,29.999999949710503,0.25038519003514503
8.88888888888889,0.5411695265464638,stable_coexistence,0,4.3331621487526266e-08,29.999999966904277,0.25038518994898207
8.88888888888889,0.5994842503189411,stable_coexistence,0,2.918704725095243e-08,29.99999997757612,0.25038518989221087
8.88888888888889,0.6640827850634842,stable_coexistence,0,2.0100675822456827e-08,29.999999984488497,0.25038518985287345
8.88888888888889,0.7356422544596414,stable_coexistence,0,1.4046387749622466e-08,29.999999989127733,0.25038518982456104
8.88888888888889,0.8149127469020745,stable_coexistence,0,9.895475254111098e-09,29.999999992333823,0.25038518980358715
8.88888888888889,0.9027251779484579,stable_coexistence,0,7.118555880059377e-09,29.999999994603264,0.2503851897876994
8.88888888888889,1.0,stable_coexistence,0,5.699315509136735e-09,29.999999996242217,0.25038518977544966
8.88888888888889,1.1077568505097097,stable_coexistence,0,5.6367120753545246e-09,29.99999999744569,0.2503851897658677
8.88888888888889,1.2271252398511903,stable_coexistence,0,5.538021834016213e-09,29.999999998341984,0.2503851897582819
8.88888888888889,1.3593563908785256,stable_coexistence,0,5.416722833413908e-09,29.999999999017657,0.2503851897522131
8.88888888888889,1.5058363542798414,stable_coexistence,0,5.2829991641439594e-09,29.99999999953257,0.25038518974731044
8.88888888888889,1.6681005372000592,stable_coexistence,0,5.144234549460147e-09,29.999999999928583,0.2503851897433186
8.88888888888889,1.8478497974222907,stable_coexistence,0,5.0056057668811064e-09,30.00000000023596,0.25038518974004254
8.88888888888889,2.046968271807522,stable_coexistence,0,4.870605962914855e-09,30.000000000476145,0.2503851897373365
8.88888888888889,2.267543125870802,stable_coexistence,0,4.741482584231e-09,30.00000000066532,0.25038518973508467
8.88888888888889,2.5118864315095797,stable_coexistence,0,4.6195951359280085e-09,30.00000000081529,0.2503851897332015
8.88888888888889,2.782559402207126,stable_coexistence,0,4.5056413709704585e-09,30.000000000934897,0.25038518973161683
8.88888888888889,3.0823992397451434,stable_coexistence,0,4.399893782496077e-09,30.000000001030877,0.250385189730276
8.88888888888889,3.414548873833601,stable_coexistence,0,4.3023154222815415e-09,30.00000000110835,0.25038518972913587
8.88888888888889,3.782489906389386,stable_coexistence,0,4.212664705795936e-09,30.000000001171056,0.2503851897281618
8.88888888888889,4.190079105786669,stable_coexistence,0,4.130583401076045e-09,30.00000000122215,0.25038518972732615
8.88888888888889,4.641588833612782,stable_coexistence,0,4.055633340101049e-09,30.000000001263984,0.2503851897266069
8.88888888888889,5.141751827683928,stable_coexistence,0,3.9873427224940845e-09,30.000000001298375,0.25038518972598517
8.88888888888889,5.695810810737687,stable_coexistence,0,3.925228260770801e-09,30.000000001326786,0.2503851897254456
8.88888888888889,6.309573444801936,stable_coexistence,0,3.868805364785228e-09,30.000000001350365,0.25038518972497603
8.88888888888889,6.989473207273487,stable_coexistence,0,3.817609102740467e-09,30.000000001370015,0.25038518972456597
8.88888888888889,7.742636826811269,stable_coexistence,0,3.771194674883833e-09,30.000000001386436,0.2503851897242068
8.88888888888889,8.576958985908945,stable_coexistence,0,3.7291429794249385e-09,30.000000001400238,0.2503851897238917
8.88888888888889,9.50118507318144,stable_coexistence,0,3.691058599331281e-09,30.000000001411856,0.2503851897236144
8.88888888888889,10.525002852777327,stable_coexistence,0,3.6565686180903344e-09,30.000000001421668,0.25038518972336987
8.88888888888889,11.659144011798324,stable_coexistence,0,3.625298105985169e-09,30.000000001429964,0.2503851897231539
8.88888888888889,12.91549665014884,stable_coexistence,0,3.596816710965489e-09,30.000000001436884,0.2503851897229634
8.88888888888889,14.307229891937586,stable_coexistence,0,3.569982827702598e-09,30.00000000144207,0.25038518972279744
8.88888888888889,15.848931924611142,stable_coexistence,0,3.526951412237692e-09,30.000000001433808,0.2503851897227037
8.88888888888889,17.556762912750013,stable_coexistence,0,3.505797962875689e-09,30.000000001437996,0.2503851897225713
8.88888888888889,19.448624389373634,stable_coexistence,0,3.4866487177236654e-09,30.000000001441588,0.2503851897224536
8.88888888888889,21.544346900318846,stable_coexistence,0,3.4686564729930994e-09,30.000000001444207,0.25038518972235074
8.88888888888889,23.865897868585808,stable_coexistence,0,3.4433073872013774e-09,30.000000001440227,0.25038518972228596
8.88888888888889,26.437611857491014,stable_coexistence,0,3.2865307511015507e-09,30.00000000134593,0.2503851897226162
8.88888888888889,29.286445646252375,stable_coexistence,0,1.9398699230236972e-07,29.969525247054502,2.2428202138862154
8.88888888888889,32.4422607917163,stable_coexistence,0,3.7753901224488634e-05,29.878602686705353,4.9882384700520115
8.88888888888889,35.938136638046295,stable_coexistence,0,4.1522777572865776e-05,29.878525632482248,4.974492319702377
8.88888888888889,39.810717055349734,stable_coexistence,0,4.475653250034032e-05,29.878455368204584,4.961991952772696
8.88888888888889,44.100594541767364,stable_coexistence,0,4.748434108797896e-05,29.878391376068297,4.950631756301147
8.88888888888889,48.852735715193916,stable_coexistence,0,4.9749349779878334e-05,29.87833316204515,4.940313834852224
8.88888888888889,54.116952654646376,stable_coexistence,0,5.160150503478498e-05,29.878280257708614,4.930947655561822
8.88888888888889,59.948425031894146,stable_coexistence,0,5.309245690781389e-05,29.878232221533104,4.922449672204538
8.88888888888889,66.40827850634845,stable_coexistence,0,5.427268530334301e-05,29.878188639630167,4.914742936708665
8.88888888888889,73.56422544596414,stable_coexistence,0,5.5189651323823397e-05,29.878149125947193,4.90775670533573
8.88888888888889,81.49127469020749,stable_coexistence,0,5.588609622868797e-05,29.87811332198923,4.901426045584168
8.88888888888889,90.27251779484578,stable_coexistence,0,5.6400312501050104e-05,29.87808089615348,4.895691448784826
8.88888888888889,100.0,stable_coexistence,0,5.6765551938243214e-05,29.878051542759408,4.890498452363823
9.11111111111111,0.01,predator_extinct,2,1.236202954340703,65.49345845654595,2.5153197510050085e-17
9.11111111111111,0.011077568505097092,predator_extinct,2,30.97486548055773,73.19790531860558,6.502479979415992e-14
9.11111111111111,0.012271252398511897,predator_extinct,2,31.61170920210295,79.99948953969242,8.191855390331562e-11
9.11111111111111,0.013593563908785255,predator_extinct,2,31.679548088949062,85.76966635182323,5.285382758108594e-08
9.11111111111111,0.015058363542798407,low_density_risk,4,31.697609534278264,90.43718244944748,1.8460661975744073e-05
9.11111111111111,0.016681005372000592,low_density_risk,4,30.199169805741796,93.44632462267813,0.0035143100022626216
9.11111111111111,0.018478497974222907,low_density_risk,4,9.160604770515201,87.77854564500949,0.06987586305370197
9.11111111111111,0.02046968271807521,low_density_risk,4,6.321840686557961,78.9340389082644,0.09451763257266863
9.11111111111111,0.02267543125870802,low_density_risk,4,4.871460190197659,71.75732003245028,0.1147315988465527
9.11111111111111,0.025118864315095794,low_density_risk,4,3.5995039857826057,64.27842872940109,0.14555763368187846
9.11111111111111,0.027825594022071243,low_density_risk,4,2.9529413383113354,57.2048000719261,0.1667149939310522
9.11111111111111,0.030823992397451434,low_density_risk,4,2.4786158719850007,50.84094692306882,0.1870860900143299
9.11111111111111,0.034145488738336005,oscillatory_coexistence,1,2.1226469308604132,44.92301483872009,0.20623804833550752
9.11111111111111,0.037824899063893865,oscillatory_coexistence,1,1.909627406493024,39.564426972369624,0.22297126814224885
9.11111111111111,0.04190079105786669,oscillatory_coexistence,1,2.0169961904058304,34.841968294863996,0.2378844267644599
9.11111111111111,0.046415888336127795,oscillatory_coexistence,1,1.5064505873804304,31.33561334987431,0.24867093496759413
9.11111111111111,0.051417518276839276,oscillatory_coexistence,1,0.6047654237154395,29.894680877368565,0.249922539984784
9.11111111111111,0.056958108107376865,oscillatory_coexistence,1,0.473345192281596,29.80069846793449,0.2447708249067888
9.11111111111111,0.06309573444801933,oscillatory_coexistence,1,0.17465747539054313,29.999724432198377,0.24302775998989642
9.11111111111111,0.06989473207273486,oscillatory_coexistence,1,0.11479789059435216,30.075707689053154,0.24389487350689387
9.11111111111111,0.0774263682681127,oscillatory_coexistence,1,0.06169088479388858,30.0351956020954,0.24464332412792347
9.11111111111111,0.08576958985908942,oscillatory_coexistence,1,0.025943264472330006,29.997143227145127,0.24473707010742637
9.11111111111111,0.0950118507318144,oscillatory_coexistence,1,0.013987725483123867,29.991091951128602,0.244609390751834
9.11111111111111,0.10525002852777332,oscillatory_coexistence,1,0.006275651307204216,29.996468267991627,0.2445379675361945
9.11111111111111,0.11659144011798317,oscillatory_coexistence,1,0.0026617384292285428,29.99996881589578,0.244530302615353
9.11111111111111,0.1291549665014884,stable_coexistence,0,0.0009407956181696018,30.00060694295107,0.24453871125592294
9.11111111111111,0.14307229891937578,stable_coexistence,0,0.0005075515796865282,30.000337746177323,0.24454395031312728
9.11111111111111,0.15848931924611134,stable_coexistence,0,0.00019442034472287893,30.000102415305573,0.24454541855208664
9.11111111111111,0.17556762912750015,stable_coexistence,0,8.412724654469021e-05,30.000013308143885,0.24454550541833095
9.11111111111111,0.19448624389373625,stable_coexistence,0,2.8279521060514856e-05,29.999994113437186,0.24454536707332336
9.11111111111111,0.21544346900318845,stable_coexistence,0,8.78367206480874e-06,29.999994139333175,0.24454527334205842
9.11111111111111,0.2386589786858581,stable_coexistence,0,4.637986057010459e-06,29.99999662643504,0.24454523097048508
9.11111111111111,0.26437611857491,stable_coexistence,0,2.322395481902918e-06,29.99999830067044,0.24454521427169465
9.11111111111111,0.29286445646252374,stable_coexistence,0,1.1432662691190397e-06,29.999999160889992,0.24454520790864281
9.11111111111111,0.324422607917163,stable_coexistence,0,5.797564486688032e-07,29.99999957274975,0.24454520541233787
9.11111111111111,0.35938136638046275,stable_coexistence,0,3.0936475165276085e-07,29.999999770606216,0.24454520436037405
9.11111111111111,0.3981071705534973,stable_coexistence,0,1.7479932210082702e-07,29.99999986937063,0.24454520387224912
9.11111111111111,0.44100594541767385,stable_coexistence,0,1.0430239241907893e-07,29.999999921397034,0.24454520362102686
9.11111111111111,0.4885273571519389,stable_coexistence,0,6.524929009361559e-08,29.999999950434763,0.24454520347861722
9.11111111111111,0.5411695265464638,stable_coexistence,0,4.2410931906451994e-08,29.99999996756141,0.24454520339102032
9.11111111111111,0.5994842503189411,stable_coexistence,0,2.8382470844299744e-08,29.99999997817175,0.24454520333352633
9.11111111111111,0.6640827850634842,stable_coexistence,0,1.938997588844497e-08,29.99999998502719,0.24454520329386314
9.11111111111111,0.7356422544596414,stable_coexistence,0,1.3414334078541526e-08,29.99999998961429,0.24454520326544435
9.11111111111111,0.8149127469020745,stable_coexistence,0,9.379188618641334e-09,29.99999999277318,0.24454520324448437
9.11111111111111,0.9027251779484579,stable_coexistence,0,6.734982179674024e-09,29.999999995000543,0.24454520322867365
9.11111111111111,1.0,stable_coexistence,0,6.106452825567537e-09,29.999999996602156,0.2445452032165339
9.11111111111111,1.1077568505097097,stable_coexistence,0,5.990303720172048e-09,29.9999999977727,0.24454520320707301
9.11111111111111,1.2271252398511903,stable_coexistence,0,5.845859026748904e-09,29.999999998640032,0.24454520319960965
9.11111111111111,1.3593563908785256,stable_coexistence,0,5.6855013735362624e-09,29.999999999290356,0.24454520319365894
9.11111111111111,1.5058363542798414,stable_coexistence,0,5.518437144324293e-09,29.999999999783054,0.2445452031888693
9.11111111111111,1.6681005372000592,stable_coexistence,0,5.351194332064259e-09,30.000000000159705,0.24454520318498144
9.11111111111111,1.8478497974222907,stable_coexistence,0,5.188194999465028e-09,30.000000000450015,0.24454520318180112
9.11111111111111,2.046968271807522,stable_coexistence,0,5.032292449300665e-09,30.000000000675314,0.244545203179181
9.11111111111111,2.267543125870802,stable_coexistence,0,4.885200984341183e-09,30.000000000851415,0.24454520317700795
9.11111111111111,2.5118864315095797,stable_coexistence,0,4.747824533367518e-09,30.000000000989903,0.2445452031751936
9.11111111111111,2.782559402207126,stable_coexistence,0,4.620485682779707e-09,30.000000001099437,0.24454520317367182
9.11111111111111,3.0823992397451434,stable_coexistence,0,4.5031352867037276e-09,30.00000000118661,0.2445452031723874
9.11111111111111,3.414548873833601,stable_coexistence,0,4.395466745948077e-09,30.000000001256097,0.24454520317129796
9.11111111111111,3.782489906389386,stable_coexistence,0,4.297030050112637e-09,30.000000001311854,0.24454520317036946
9.11111111111111,4.190079105786669,stable_coexistence,0,4.207268844234733e-09,30.00000000135682,0.24454520316957457
9.11111111111111,4.641588833612782,stable_coexistence,0,4.125594680504956e-09,30.000000001393182,0.2445452031688911
9.11111111111111,5.141751827683928,stable_coexistence,0,4.051399452764971e-09,30.000000001422748,0.2445452031683013
9.11111111111111,5.695810810737687,stable_coexistence,0,3.9840881998971445e-09,30.000000001446875,0.2445452031677903
9.11111111111111,6.309573444801936,stable_coexistence,0,3.923084079623663e-09,30.000000001466628,0.2445452031673462
9.11111111111111,6.989473207273487,stable_coexistence,0,3.867840447733028e-09,30.000000001482853,0.24454520316695888
9.11111111111111,7.742636826811269,stable_coexistence,0,3.8178453581840325e-09,30.00000000149624,0.24454520316662
9.11111111111111,8.576958985908945,stable_coexistence,0,3.772617063001768e-09,30.000000001507324,0.24454520316632353
9.11111111111111,9.50118507318144,stable_coexistence,0,3.731715617808963e-09,30.000000001516515,0.2445452031660629
9.11111111111111,10.525002852777327,stable_coexistence,0,3.6947193154919125e-09,30.000000001524167,0.24454520316583345
9.11111111111111,11.659144011798324,stable_coexistence,0,3.6612221993009027e-09,30.000000001530506,0.24454520316563097
9.11111111111111,12.91549665014884,stable_coexistence,0,3.630763482271789e-09,30.0000000015357,0.24454520316545253
9.11111111111111,14.307229891937586,stable_coexistence,0,3.602215414659234e-09,30.00000000153933,0.24454520316529765
9.11111111111111,15.848931924611142,stable_coexistence,0,3.5580670260141034e-09,30.00000000152951,0.2445452031652163
9.11111111111111,17.556762912750013,stable_coexistence,0,3.5355263603845964e-09,30.000000001532474,0.2445452031650927
9.11111111111111,19.448624389373634,stable_coexistence,0,3.5151361523448233e-09,30.000000001534914,0.24454520316498282
9.11111111111111,21.544346900318846,stable_coexistence,0,3.496068145912539e-09,30.000000001536556,0.24454520316488712
9.11111111111111,23.865897868585808,stable_coexistence,0,3.47016306043029e-09,30.000000001531753,0.24454520316482925
9.11111111111111,26.437611857491014,stable_coexistence,0,3.3162415034671496e-09,30.00000000143576,0.24454520316518225
9.11111111111111,29.286445646252375,stable_coexistence,0,2.6072011714965735e-07,29.969902741728315,2.223996837678269
9.11111111111111,32.4422607917163,stable_coexistence,0,3.8713674449458115e-05,29.878583444254577,4.984801709656035
9.11111111111111,35.938136638046295,stable_coexistence,0,4.235189156849478e-05,29.878508076912706,4.971366244246352
9.11111111111111,39.810717055349734,stable_coexistence,0,4.546019493132754e-05,29.87843937252052,4.959150354800645
9.11111111111111,44.100594541767364,stable_coexistence,0,4.807199532911765e-05,29.878376818819188,4.94805032151472
9.11111111111111,48.852735715193916,stable_coexistence,0,5.023257349744094e-05,29.878319927811173,4.9379700588821995
9.11111111111111,54.116952654646376,stable_coexistence,0,5.199288777443717e-05,29.878268237460073,4.928820754840515
9.11111111111111,59.948425031894146,stable_coexistence,0,5.3404318380603354e-05,29.87822131286322,4.920520491085997
9.11111111111111,66.40827850634845,stable_coexistence,0,5.451680974524487e-05,29.87817874684931,4.912993852684342
9.11111111111111,73.56422544596414,stable_coexistence,0,5.537672518813274e-05,29.8781401600535,4.906171533914117
9.11111111111111,81.49127469020749,stable_coexistence,0,5.602584774347245e-05,29.87810520054582,4.899989946127425
9.11111111111111,90.27251779484578,stable_coexistence,0,5.650120137214287e-05,29.87807354307297,4.894390832349967
9.11111111111111,100.0,stable_coexistence,0,5.68349391603119e-05,29.878044888041412,4.889320892370308
9.333333333333332,0.01,predator_extinct,2,1.2482198127597952,65.10251993810671,1.1679000283377974e-17
9.333333333333332,0.011077568505097092,predator_extinct,2,30.506555804403686,72.85997136135164,3.251705871013801e-14
9.333333333333332,0.012271252398511897,predator_extinct,2,31.60881031322215,79.7184832485436,4.384075095663605e-11
9.333333333333332,0.013593563908785255,predator_extinct,2,31.678638938894924,85.54657750325458,3.008339154851724e-08
9.333333333333332,0.015058363542798407,low_density_risk,4,31.700190996848814,90.27145941118154,1.1110690176461204e-05
9.333333333333332,0.016681005372000592,low_density_risk,4,30.70775261760114,93.51097205221934,0.0022624617920155013
9.333333333333332,0.018478497974222907,low_density_risk,4,10.011889152120048,88.65816878452625,0.06250447270546555
9.333333333333332,0.02046968271807521,low_density_risk,4,6.414499198168923,79.65611736058922,0.09106113433047633
9.333333333333332,0.02267543125870802,low_density_risk,4,4.983924168736348,72.37747174277395,0.10961671359653846
9.333333333333332,0.025118864315095794,low_density_risk,4,3.6571148450124857,64.8985537541602,0.1400281529572786
9.333333333333332,0.027825594022071243,low_density_risk,4,2.9844531811863604,57.74102638482596,0.16121819178646926
9.333333333333332,0.030823992397451434,low_density_risk,4,2.501931439692625,51.322796760598614,0.18113532112071365
9.333333333333332,0.034145488738336005,oscillatory_coexistence,1,2.1383669153697333,45.35519535672907,0.20007913424539944
9.333333333333332,0.037824899063893865,oscillatory_coexistence,1,1.8937146514842884,39.94375814280259,0.21660690244185984
9.333333333333332,0.04190079105786669,oscillatory_coexistence,1,2.0197254073764825,35.156685897710084,0.23138614582930003
9.333333333333332,0.046415888336127795,oscillatory_coexistence,1,1.5711511157847098,31.520699574716243,0.24241339514788401
9.333333333333332,0.051417518276839276,oscillatory_coexistence,1,0.6039039730461376,29.937252955452674,0.244439091179243
9.333333333333332,0.056958108107376865,oscillatory_coexistence,1,0.4903150779450636,29.79088482088538,0.23948774512412674
9.333333333333332,0.06309573444801933,oscillatory_coexistence,1,0.1791524639064726,29.988200461101847,0.23750601618077216
9.333333333333332,0.06989473207273486,oscillatory_coexistence,1,0.11453580541658721,30.074506894883594,0.23827924985567056
9.333333333333332,0.0774263682681127,oscillatory_coexistence,1,0.06467240277515389,30.037813876644556,0.23904155440192154
9.333333333333332,0.08576958985908942,oscillatory_coexistence,1,0.02704649262243969,29.99842666032436,0.23916023928574268
9.333333333333332,0.0950118507318144,oscillatory_coexistence,1,0.013925596160070807,29.991126038767277,0.23903967525397088
9.333333333333332,0.10525002852777332,oscillatory_coexistence,1,0.0065234165966479045,29.996259117922442,0.23896677271646663
9.333333333333332,0.11659144011798317,oscillatory_coexistence,1,0.002735664933073218,29.99986715948058,0.23895738160587238
9.333333333333332,0.1291549665014884,stable_coexistence,0,0.0009303037268726045,30.000588707774767,0.23896522901082012
9.333333333333332,0.14307229891937578,stable_coexistence,0,0.0005121369190469469,30.000342416382086,0.2389704298385376
9.333333333333332,0.15848931924611134,stable_coexistence,0,0.00019324092500019348,30.000107365764997,0.23897194877804737
9.333333333333332,0.17556762912750015,stable_coexistence,0,8.521710434280517e-05,30.000015617870684,0.23897206745241706
9.333333333333332,0.19448624389373625,stable_coexistence,0,2.9066409021928783e-05,29.99999494011341,0.23897194137060607
9.333333333333332,0.21544346900318845,stable_coexistence,0,8.583406195354486e-06,29.999994399625372,0.23897185138691085
9.333333333333332,0.2386589786858581,stable_coexistence,0,4.529579143024435e-06,29.999996703859512,0.23897180997912992
9.333333333333332,0.26437611857491,stable_coexistence,0,2.2875171508817053e-06,29.999998323700577,0.23897179347936157
9.333333333333332,0.29286445646252374,stable_coexistence,0,1.1308449982180231e-06,29.999999168278386,0.2389717871365583
9.333333333333332,0.324422607917163,stable_coexistence,0,5.744706867680152e-07,29.999999575637265,0.23897178462922633
9.333333333333332,0.35938136638046275,stable_coexistence,0,3.065490678663995e-07,29.999999772144132,0.23897178356613677
9.333333333333332,0.3981071705534973,stable_coexistence,0,1.7296131150702127e-07,29.999999870452978,0.23897178307088188
9.333333333333332,0.44100594541767385,stable_coexistence,0,1.029255172830684e-07,29.999999922282946,0.23897178281562773
9.333333333333332,0.4885273571519389,stable_coexistence,0,6.413404523932866e-08,29.99999995120409,0.23897178267105973
9.333333333333332,0.5411695265464638,stable_coexistence,0,4.14692688953173e-08,29.999999968242715,0.23897178258236113
9.333333333333332,0.5994842503189411,stable_coexistence,0,2.7569219224823026e-08,29.99999997877894,0.23897178252435075
9.333333333333332,0.6640827850634842,stable_coexistence,0,1.8678368386508206e-08,29.999999985569595,0.23897178248448891
9.333333333333332,0.7356422544596414,stable_coexistence,0,1.2786340693657558e-08,29.999999990099564,0.23897178245604506
9.333333333333332,0.8149127469020745,stable_coexistence,0,8.90841743669894e-09,29.999999993208128,0.2389717824351511
9.333333333333332,0.9027251779484579,stable_coexistence,0,6.63318301128924e-09,29.999999995391327,0.23897178241945313
9.333333333333332,1.0,stable_coexistence,0,6.497771684333791e-09,29.999999996954326,0.23897178240744407
9.333333333333332,1.1077568505097097,stable_coexistence,0,6.327803229950737e-09,29.999999998091127,0.23897178239812075
9.333333333333332,1.2271252398511903,stable_coexistence,0,6.137703797275425e-09,29.999999998929066,0.23897178239079161
9.333333333333332,1.3593563908785256,stable_coexistence,0,5.938653657810495e-09,29.999999999553815,0.2389717823849689
9.333333333333332,1.5058363542798414,stable_coexistence,0,5.738749919710166e-09,30.00000000002418,0.2389717823802972
9.333333333333332,1.6681005372000592,stable_coexistence,0,5.543573540881716e-09,30.00000000038151,0.23897178237651395
9.333333333333332,1.8478497974222907,stable_coexistence,0,5.356762855395985e-09,30.00000000065476,0.23897178237343114
9.333333333333332,2.046968271807522,stable_coexistence,0,5.180526703765322e-09,30.000000000865274,0.23897178237089792
9.333333333333332,2.267543125870802,stable_coexistence,0,5.0160038491436344e-09,30.000000001028443,0.23897178236880795
9.333333333333332,2.5118864315095797,stable_coexistence,0,4.863643946656047e-09,30.000000001155584,0.23897178236706426
9.333333333333332,2.782559402207126,stable_coexistence,0,4.72338660016798e-09,30.00000000125519,0.23897178236560418
9.333333333333332,3.0823992397451434,stable_coexistence,0,4.594863393269494e-09,30.000000001333525,0.2389717823643748
9.333333333333332,3.414548873833601,stable_coexistence,0,4.477507194432619e-09,30.000000001395307,0.23897178236333516
9.333333333333332,3.782489906389386,stable_coexistence,0,4.3706380142584624e-09,30.000000001444242,0.23897178236245112
9.333333333333332,4.190079105786669,stable_coexistence,0,4.27352624378063e-09,30.000000001483173,0.23897178236169583
9.333333333333332,4.641588833612782,stable_coexistence,0,4.185419655089138e-09,30.00000000151422,0.23897178236104802
9.333333333333332,5.141751827683928,stable_coexistence,0,4.10558556019934e-09,30.00000000153905,0.23897178236048994
9.333333333333332,5.695810810737687,stable_coexistence,0,4.0333214691929364e-09,30.00000000155898,0.23897178236000746
9.333333333333332,6.309573444801936,stable_coexistence,0,3.9679531954373374e-09,30.00000000157499,0.23897178235958882
9.333333333333332,6.989473207273487,stable_coexistence,0,3.908859369310007e-09,30.000000001587907,0.23897178235922448
9.333333333333332,7.742636826811269,stable_coexistence,0,3.855460661633649e-09,30.00000000159834,0.23897178235890634
9.333333333333332,8.576958985908945,stable_coexistence,0,3.8072175336241926e-09,30.00000000160677,0.23897178235862793
9.333333333333332,9.50118507318144,stable_coexistence,0,3.763639947641503e-09,30.000000001613603,0.23897178235838343
9.333333333333332,10.525002852777327,stable_coexistence,0,3.7242667614500485e-09,30.000000001619135,0.23897178235816852
9.333333333333332,11.659144011798324,stable_coexistence,0,3.6886598070294333e-09,30.000000001623594,0.2389717823579791
9.333333333333332,12.91549665014884,stable_coexistence,0,3.656329875706094e-09,30.00000000162709,0.23897178235781252
9.333333333333332,14.307229891937586,stable_coexistence,0,3.6261609416898335e-09,30.00000000162923,0.23897178235766814
9.333333333333332,15.848931924611142,stable_coexistence,0,3.5810039376316625e-09,30.000000001617927,0.2389717823575983
9.333333333333332,17.556762912750013,stable_coexistence,0,3.557149241636437e-09,30.000000001619668,0.23897178235748315
9.333333333333332,19.448624389373634,stable_coexistence,0,3.535587703897008e-09,30.000000001621054,0.23897178235738087
9.333333333333332,21.544346900318846,stable_coexistence,0,3.5155008976056595e-09,30.00000000162169,0.23897178235729202
9.333333333333332,23.865897868585808,stable_coexistence,0,3.489090971509846e-09,30.00000000161612,0.23897178235724065
9.333333333333332,26.437611857491014,stable_coexistence,0,3.3381981029583735e-09,30.000000001518778,0.23897178235761316
9.333333333333332,29.286445646252375,stable_coexistence,0,3.246828542322116e-07,29.970268912764976,2.2057956653580555
9.333333333333332,32.4422607917163,stable_coexistence,0,3.9619750606252095e-05,29.87856506947842,4.981522473155648
9.333333333333332,35.938136638046295,stable_coexistence,0,4.313106097655933e-05,29.87849131835943,4.9683839368095075
9.333333333333332,39.810717055349734,stable_coexistence,0,4.611875195410897e-05,29.878424107498297,4.956439847942989
9.333333333333332,44.100594541767364,stable_coexistence,0,4.8620047302977506e-05,29.878362930170063,4.945588315570754
9.333333333333332,48.852735715193916,stable_coexistence,0,5.068169636051207e-05,29.878307304353,4.9357350002035725
9.333333333333332,54.116952654646376,stable_coexistence,0,5.2355141986010313e-05,29.878256774317705,4.926792747765486
9.333333333333332,59.948425031894146,stable_coexistence,0,5.369175069944748e-05,29.878210911655163,4.918681206699927
9.333333333333332,66.40827850634845,stable_coexistence,0,5.474078942011513e-05,29.87816931575259,4.911326436113732
9.333333333333332,73.56422544596414,stable_coexistence,0,5.5547439656836676e-05,29.87813161375593,4.90466051161494
9.333333333333332,81.49127469020749,stable_coexistence,0,5.6152481235730465e-05,29.87809746009258,4.898621134373588
9.333333333333332,90.27251779484578,stable_coexistence,0,5.659163660360406e-05,29.87806653565501,4.8931512478878565
9.333333333333332,100.0,stable_coexistence,0,5.6896259276032026e-05,29.878038546713423,4.888198665992395
9.555555555555555,0.01,predator_extinct,2,1.2600225556391949,64.71940379588133,5.512404504999481e-18
9.555555555555555,0.011077568505097092,predator_extinct,2,29.6421016251311,72.52826911713348,1.650330612124641e-14
9.555555555555555,0.012271252398511897,predator_extinct,2,31.605638228218904,79.44216456246194,2.3777904185649172e-11
9.555555555555555,0.013593563908785255,predator_extinct,2,31.67772594079807,85.32673421413057,1.7330482202958933e-08
9.555555555555555,0.015058363542798407,low_density_risk,4,31.701640187965094,90.10730707913798,6.759922039297568e-06
9.555555555555555,0.016681005372000592,low_density_risk,4,31.044888900389147,93.51895388461381,0.0014621225699800026
9.555555555555555,0.018478497974222907,low_density_risk,4,11.174171713793903,89.49960116872153,0.05477787983346124
9.555555555555555,0.02046968271807521,low_density_risk,4,6.508405902974071,80.37565634816606,0.087776868075126
9.555555555555555,0.02267543125870802,low_density_risk,4,5.092979324618877,72.97810315476747,0.1049066865447669
9.555555555555555,0.025118864315095794,low_density_risk,4,3.7168517032367325,65.50474550327625,0.13473406028591337
9.555555555555555,0.027825594022071243,low_density_risk,4,3.015780275212275,58.26687120955417,0.15601004442113686
9.555555555555555,0.030823992397451434,low_density_risk,4,2.5251026349053602,51.79360955266095,0.17548967331413295
9.555555555555555,0.034145488738336005,oscillatory_coexistence,1,2.153981752576268,45.77818096248961,0.19422218207832012
9.555555555555555,0.037824899063893865,oscillatory_coexistence,1,1.878035449763811,40.3153915346475,0.21055275903047962
9.555555555555555,0.04190079105786669,oscillatory_coexistence,1,2.019647345427356,35.467785484539334,0.22518990674231312
9.555555555555555,0.046415888336127795,oscillatory_coexistence,1,1.630344229621039,31.71120997380679,0.23640357003002035
9.555555555555555,0.051417518276839276,oscillatory_coexistence,1,0.6201905876755226,29.98513970677813,0.23914970763827517
9.555555555555555,0.056958108107376865,oscillatory_coexistence,1,0.5041599419544353,29.782773974076857,0.23444645024480842
9.555555555555555,0.06309573444801933,oscillatory_coexistence,1,0.18287702732724354,29.97658723363197,0.23224185456151294
9.555555555555555,0.06989473207273486,oscillatory_coexistence,1,0.11428545690223658,30.072846075082396,0.23291666151149762
9.555555555555555,0.0774263682681127,oscillatory_coexistence,1,0.06749754475584688,30.040299242266773,0.23368874880904278
9.555555555555555,0.08576958985908942,oscillatory_coexistence,1,0.028089003895169176,29.99974499799703,0.2338314221367288
9.555555555555555,0.0950118507318144,oscillatory_coexistence,1,0.013847151006446765,29.991194923449104,0.23371831335747853
9.555555555555555,0.10525002852777332,oscillatory_coexistence,1,0.006759339516043066,29.99606007709326,0.23364421792677004
9.555555555555555,0.11659144011798317,oscillatory_coexistence,1,0.00280473382498299,29.99976543247267,0.23363317907042802
9.555555555555555,0.1291549665014884,stable_coexistence,0,0.0009203695509445851,30.00056915436216,0.2336404648182653
9.555555555555555,0.14307229891937578,stable_coexistence,0,0.0005159355287014327,30.000346397263645,0.23364561730513425
9.555555555555555,0.15848931924611134,stable_coexistence,0,0.0001918416108478542,30.00011207800784,0.23364718153667863
9.555555555555555,0.17556762912750015,stable_coexistence,0,8.620346647856147e-05,30.000017863169806,0.23364733014379485
9.555555555555555,0.19448624389373625,stable_coexistence,0,2.981540399509928e-05,29.999995753700066,0.23364721584284462
9.555555555555555,0.21544346900318845,stable_coexistence,0,8.814772073925347e-06,29.999994659088856,0.23364712952800984
9.555555555555555,0.2386589786858581,stable_coexistence,0,4.421980055222038e-06,29.99999678246304,0.2336470890914995
9.555555555555555,0.26437611857491,stable_coexistence,0,2.2517907027106138e-06,29.999998347763626,0.23364707280614197
9.555555555555555,0.29286445646252374,stable_coexistence,0,1.1178468023555682e-06,29.99999917631888,0.23364706649389141
9.555555555555555,0.324422607917163,stable_coexistence,0,5.688427993721736e-07,29.999999578902276,0.23364706398124857
9.555555555555555,0.35938136638046275,stable_coexistence,0,3.0353791244128614e-07,29.999999773895443,0.23364706291009316
9.555555555555555,0.3981071705534973,stable_coexistence,0,1.7101315996213418e-07,29.999999871655508,0.23364706240932948
9.555555555555555,0.44100594541767385,stable_coexistence,0,1.0148741895797921e-07,29.99999992323623,0.23364706215092443
9.555555555555555,0.4885273571519389,stable_coexistence,0,6.29862656609983e-08,29.999999952010292,0.2336470620046564
9.555555555555555,0.5411695265464638,stable_coexistence,0,4.0512194669536175e-08,29.999999968943012,0.23364706191514792
9.555555555555555,0.5994842503189411,stable_coexistence,0,2.675108212670937e-08,29.99999997939414,0.23364706185683995
9.555555555555555,0.6640827850634842,stable_coexistence,0,1.7968423088085654e-08,29.999999986113295,0.23364706181688927
9.555555555555555,0.7356422544596414,stable_coexistence,0,1.2190355541209443e-08,29.999999990581937,0.2336470617884896
9.555555555555555,0.8149127469020745,stable_coexistence,0,8.4779977090906e-09,29.999999993637473,0.23364706176770833
9.555555555555555,0.9027251779484579,stable_coexistence,0,7.072658667133089e-09,29.99999999577493,0.23364706175215355
9.555555555555555,1.0,stable_coexistence,0,6.873247926983444e-09,29.999999997298275,0.23364706174029756
9.555555555555555,1.1077568505097097,stable_coexistence,0,6.649431346634696e-09,29.999999998400764,0.23364706173112468
9.555555555555555,1.2271252398511903,stable_coexistence,0,6.414018116798554e-09,29.999999999209056,0.23364706172393807
9.555555555555555,1.3593563908785256,stable_coexistence,0,6.17676848931761e-09,29.999999999808097,0.2336470617182461
9.555555555555555,1.5058363542798414,stable_coexistence,0,5.944613808562764e-09,30.00000000025612,0.23364706171369412
9.555555555555555,1.6681005372000592,stable_coexistence,0,5.7221285486552164e-09,30.00000000059405,0.23364706170997251
9.555555555555555,1.8478497974222907,stable_coexistence,0,5.512138301199396e-09,30.000000000850484,0.23364706170698674
9.555555555555555,2.046968271807522,stable_coexistence,0,5.316145864075646e-09,30.000000001046352,0.2336470617045407
9.555555555555555,2.267543125870802,stable_coexistence,0,5.134752238010564e-09,30.00000000119672,0.23364706170257288
9.555555555555555,2.5118864315095797,stable_coexistence,0,4.967920711626589e-09,30.0000000013127,0.2336470617008988
9.555555555555555,2.782559402207126,stable_coexistence,0,4.8152171433101215e-09,30.000000001402547,0.2336470616995008
9.555555555555555,3.0823992397451434,stable_coexistence,0,4.67595550404837e-09,30.000000001472188,0.23364706169832675
9.555555555555555,3.414548873833601,stable_coexistence,0,4.549299603464079e-09,30.000000001526384,0.2336470616973356
9.555555555555555,3.782489906389386,stable_coexistence,0,4.434357947270709e-09,30.00000000156867,0.23364706169649443
9.555555555555555,4.190079105786669,stable_coexistence,0,4.330213935338607e-09,30.000000001601702,0.23364706169577754
9.555555555555555,4.641588833612782,stable_coexistence,0,4.23596742844498e-09,30.000000001627544,0.2336470616951634
9.555555555555555,5.141751827683928,stable_coexistence,0,4.15075819618414e-09,30.000000001647766,0.23364706169463553
9.555555555555555,5.695810810737687,stable_coexistence,0,4.073773732937555e-09,30.000000001663597,0.2336470616941805
9.555555555555555,6.309573444801936,stable_coexistence,0,4.004254823791938e-09,30.00000000167596,0.23364706169378652
9.555555555555555,6.989473207273487,stable_coexistence,0,3.941499807795628e-09,30.00000000168565,0.2336470616934441
9.555555555555555,7.742636826811269,stable_coexistence,0,3.884867183281967e-09,30.00000000169319,0.23364706169314559
9.555555555555555,8.576958985908945,stable_coexistence,0,3.833763410218977e-09,30.00000000169904,0.23364706169288466
9.555555555555555,9.50118507318144,stable_coexistence,0,3.787648831398817e-09,30.000000001703587,0.23364706169265595
9.555555555555555,10.525002852777327,stable_coexistence,0,3.746027369568127e-09,30.00000000170706,0.2336470616924551
9.555555555555555,11.659144011798324,stable_coexistence,0,3.708420947889522e-09,30.000000001709704,0.2336470616922784
9.555555555555555,12.91549665014884,stable_coexistence,0,3.674320580916641e-09,30.00000000171155,0.23364706169212304
9.555555555555555,14.307229891937586,stable_coexistence,0,3.642620072033799e-09,30.00000000171222,0.23364706169198876
9.555555555555555,15.848931924611142,stable_coexistence,0,3.596553691697994e-09,30.00000000169953,0.23364706169192986
9.555555555555555,17.556762912750013,stable_coexistence,0,3.571458743357772e-09,30.0000000017001,0.233647061691823
9.555555555555555,19.448624389373634,stable_coexistence,0,3.5487912458503782e-09,30.000000001700425,0.2336470616917281
9.555555555555555,21.544346900318846,stable_coexistence,0,3.5277471016465963e-09,30.00000000170015,0.23364706169164579
9.555555555555555,23.865897868585808,stable_coexistence,0,3.500869401583262e-09,30.00000000169381,0.23364706169160057
9.555555555555555,26.437611857491014,stable_coexistence,0,3.353150172161444e-09,30.000000001595378,0.23364706169198943
9.555555555555555,29.286445646252375,stable_coexistence,0,3.821313820942867e-07,29.970624322525765,2.1881827591958833
9.555555555555555,32.4422607917163,stable_coexistence,0,4.0475317588542536e-05,29.878547505306937,4.978390162377009
9.555555555555555,35.938136638046295,stable_coexistence,0,4.3863734884762354e-05,29.878475304045907,4.965535694401703
9.555555555555555,39.810717055349734,stable_coexistence,0,4.673580008748733e-05,29.878409524450323,4.953851559168651
9.555555555555555,44.100594541767364,stable_coexistence,0,4.913161925314089e-05,29.878349665308953,4.94323763323206
9.555555555555555,48.852735715193916,stable_coexistence,0,5.109943350026159e-05,29.878295250523045,4.933601262410187
9.555555555555555,54.116952654646376,stable_coexistence,0,5.269084609473108e-05,29.878245830573807,4.924856891079403
9.555555555555555,59.948425031894146,stable_coexistence,0,5.39570447406965e-05,29.87820098342023,4.916925676568759
9.555555555555555,66.40827850634845,stable_coexistence,0,5.494650193183878e-05,29.878160314853734,4.9097350962260915
9.555555555555555,73.56422544596414,stable_coexistence,0,5.570333811719226e-05,29.87812345834592,4.903218553547684
9.555555555555555,81.49127469020749,stable_coexistence,0,5.626723537279879e-05,29.87809007449466,4.897314988648767
9.555555555555555,90.27251779484578,stable_coexistence,0,5.667293414977816e-05,29.878059850129393,4.891968497334751
9.555555555555555,100.0,stable_coexistence,0,5.695038343768829e-05,29.878032497181895,4.887127962104265
9.777777777777777,0.01,predator_extinct,2,1.271620875988158,64.34381003748881,2.643022148929104e-18
9.777777777777777,0.011077568505097092,predator_extinct,2,28.121561738542933,72.20257434579342,8.495486534598464e-15
9.777777777777777,0.012271252398511897,predator_extinct,2,31.6019841760199,79.17037972853713,1.306246497234372e-11
9.777777777777777,0.013593563908785255,predator_extinct,2,31.67681041258947,85.11004377660176,1.009967873603492e-08
9.777777777777777,0.015058363542798407,low_density_risk,4,31.702414130081323,89.94485286978762,4.155815319423737e-06
9.777777777777777,0.016681005372000592,low_density_risk,4,31.267472871624918,93.48782193252453,0.0009501349166092638
9.777777777777777,0.018478497974222907,low_density_risk,4,12.765919294361588,90.29680227970907,0.04692139715927371
9.777777777777777,0.02046968271807521,low_density_risk,4,6.605485398290576,81.09250756577987,0.08462890502229117
9.777777777777777,0.02267543125870802,low_density_risk,4,5.198085722055463,73.56120731106434,0.1005706108549973
9.777777777777777,0.025118864315095794,low_density_risk,4,3.778760546541559,66.09703931291652,0.12966247903848285
9.777777777777777,0.027825594022071243,low_density_risk,4,3.0469798553932272,58.782902079873,0.15106689540321544
9.777777777777777,0.030823992397451434,low_density_risk,4,2.5481119784460726,52.25387559862085,0.1701286602845224
9.777777777777777,0.034145488738336005,oscillatory_coexistence,1,2.169499507109967,46.19232493910248,0.18864621262257464
9.777777777777777,0.037824899063893865,oscillatory_coexistence,1,1.887098008571802,40.67958413998387,0.20478758984470735
9.777777777777777,0.04190079105786669,oscillatory_coexistence,1,2.017281902381728,35.7749710623977,0.21927700564514815
9.777777777777777,0.046415888336127795,oscillatory_coexistence,1,1.6840309616918334,31.906322087418292,0.23063095911156892
9.777777777777777,0.051417518276839276,oscillatory_coexistence,1,0.6768212422535997,30.03827345460562,0.23404239201896843
9.777777777777777,0.056958108107376865,oscillatory_coexistence,1,0.5147540864690784,29.776421786134737,0.22962844402914057
9.777777777777777,0.06309573444801933,oscillatory_coexistence,1,0.185836583177288,29.964956997419083,0.2272181407636068
9.777777777777777,0.06989473207273486,oscillatory_coexistence,1,0.11404603150148211,30.07074843540739,0.2277907254946818
9.777777777777777,0.0774263682681127,oscillatory_coexistence,1,0.07015906990790341,30.04264450756142,0.2285687244886597
9.777777777777777,0.08576958985908942,oscillatory_coexistence,1,0.029068874478298343,30.00109251562436,0.22873438724684775
9.777777777777777,0.0950118507318144,oscillatory_coexistence,1,0.013772461993813535,29.99129710846533,0.22862901718269774
9.777777777777777,0.10525002852777332,oscillatory_coexistence,1,0.0069832708458683656,29.995871203577863,0.22855399795803447
9.777777777777777,0.11659144011798317,oscillatory_coexistence,1,0.002869031486683773,29.999663859607075,0.22854138917732203
9.777777777777777,0.1291549665014884,stable_coexistence,0,0.0009109427245386122,30.00054839673367,0.22854811480155773
9.777777777777777,0.14307229891937578,stable_coexistence,0,0.0005189883531607359,30.000349727256264,0.22855320998244605
9.777777777777777,0.15848931924611134,stable_coexistence,0,0.00019150322076587586,30.000116561584093,0.2285548145063735
9.777777777777777,0.17556762912750015,stable_coexistence,0,8.709278928498848e-05,30.000020045338058,0.22855499127196194
9.777777777777777,0.19448624389373625,stable_coexistence,0,3.052815758360278e-05,29.999996553797672,0.2285548882813024
9.777777777777777,0.21544346900318845,stable_coexistence,0,9.153090905187654e-06,29.999994917241526,0.22855480555134908
9.777777777777777,0.2386589786858581,stable_coexistence,0,4.320593221920689e-06,29.999996861931816,0.2285547660883352
9.777777777777777,0.26437611857491,stable_coexistence,0,2.2153928803762525e-06,29.999998372682114,0.22855475002972367
9.777777777777777,0.29286445646252374,stable_coexistence,0,1.1043708719498512e-06,29.999999184914493,0.2285547437567584
9.777777777777777,0.324422607917163,stable_coexistence,0,5.629268840722529e-07,29.999999582491036,0.22855474124379052
9.777777777777777,0.35938136638046275,stable_coexistence,0,3.003621017287962e-07,29.999999775829632,0.22855474016715802
9.777777777777777,0.3981071705534973,stable_coexistence,0,1.6897312706497264e-07,29.99999987296012,0.22855473966229797
9.777777777777777,0.44100594541767385,stable_coexistence,0,9.999954905114594e-08,29.99999992424582,0.22855473940151136
9.777777777777777,0.4885273571519389,stable_coexistence,0,6.18131656637295e-08,29.999999952846377,0.22855473925405353
9.777777777777777,0.5411695265464638,stable_coexistence,0,3.954446956391866e-08,29.99999996965751,0.22855473916398433
9.777777777777777,0.5994842503189411,stable_coexistence,0,2.593120999710516e-08,29.999999980014422,0.22855473910544064
9.777777777777777,0.6640827850634842,stable_coexistence,0,1.7262252493542597e-08,29.999999986656267,0.22855473906549464
9.777777777777777,0.7356422544596414,stable_coexistence,0,1.1643059088258324e-08,29.99999999106009,0.22855473903719895
9.777777777777777,0.8149127469020745,stable_coexistence,0,8.083425252155961e-09,29.99999999406041,0.22855473901656764
9.777777777777777,0.9027251779484579,stable_coexistence,0,7.496542646867262e-09,29.999999996150848,0.22855473900117904
9.777777777777777,1.0,stable_coexistence,0,7.232926909828699e-09,29.999999997633807,0.22855473898949222
9.777777777777777,1.1077568505097097,stable_coexistence,0,6.955524630633885e-09,29.999999998701604,0.22855473898047954
9.777777777777777,1.2271252398511903,stable_coexistence,0,6.675314405055265e-09,29.99999999947996,0.22855473897344145
9.777777777777777,1.3593563908785256,stable_coexistence,0,6.400505133293195e-09,30.000000000053237,0.22855473896788572
9.777777777777777,1.5058363542798414,stable_coexistence,0,6.1367587751197686e-09,30.000000000479048,0.2285547389634562
9.777777777777777,1.6681005372000592,stable_coexistence,0,5.887638228647301e-09,30.000000000797712,0.22855473895989353
9.777777777777777,1.8478497974222907,stable_coexistence,0,5.6551066050223835e-09,30.00000000103748,0.22855473895700548
9.777777777777777,2.046968271807522,stable_coexistence,0,5.439971672905796e-09,30.000000001218886,0.22855473895464593
9.777777777777777,2.267543125870802,stable_coexistence,0,5.242266946225766e-09,30.000000001356646,0.22855473895270606
9.777777777777777,2.5118864315095797,stable_coexistence,0,5.061483794804356e-09,30.000000001461682,0.22855473895109998
9.777777777777777,2.782559402207126,stable_coexistence,0,4.896808055088171e-09,30.000000001541817,0.22855473894976236
9.777777777777777,3.0823992397451434,stable_coexistence,0,4.747228269491427e-09,30.00000000160301,0.22855473894864148
9.777777777777777,3.414548873833601,stable_coexistence,0,4.611667847344644e-09,30.000000001649802,0.2285547389476975
9.777777777777777,3.782489906389386,stable_coexistence,0,4.488999749444414e-09,30.00000000168557,0.22855473894689918
9.777777777777777,4.190079105786669,stable_coexistence,0,4.378136490133167e-09,30.00000000171285,0.22855473894622036
9.777777777777777,4.641588833612782,stable_coexistence,0,4.278034045284149e-09,30.000000001733593,0.22855473894564038
9.777777777777777,5.141751827683928,stable_coexistence,0,4.187700970933151e-09,30.000000001749328,0.22855473894514294
9.777777777777777,5.695810810737687,stable_coexistence,0,4.106225996021406e-09,30.000000001761148,0.22855473894471437
9.777777777777777,6.309573444801936,stable_coexistence,0,4.032758837741667e-09,30.00000000177,0.22855473894434414
9.777777777777777,6.989473207273487,stable_coexistence,0,3.966529267768305e-09,30.000000001776503,0.22855473894402276
9.777777777777777,7.742636826811269,stable_coexistence,0,3.9068281644509765e-09,30.00000000178125,0.22855473894374323
9.777777777777777,8.576958985908945,stable_coexistence,0,3.853012249766218e-09,30.0000000017846,0.2285547389434992
9.777777777777777,9.50118507318144,stable_coexistence,0,3.804496628618687e-09,30.00000000178693,0.2285547389432857
9.777777777777777,10.525002852777327,stable_coexistence,0,3.760744130700153e-09,30.00000000178842,0.22855473894309836
9.777777777777777,11.659144011798324,stable_coexistence,0,3.7212475469210747e-09,30.000000001789264,0.22855473894293377
9.777777777777777,12.91549665014884,stable_coexistence,0,3.685473614958282e-09,30.000000001789537,0.2285547389427893
9.777777777777777,14.307229891937586,stable_coexistence,0,3.652328572693982e-09,30.00000000178878,0.22855473894266498
9.777777777777777,15.848931924611142,stable_coexistence,0,3.6054425813128058e-09,30.000000001774776,0.22855473894261627
9.777777777777777,17.556762912750013,stable_coexistence,0,3.5791780796297918e-09,30.0000000017742,0.22855473894251704
9.777777777777777,19.448624389373634,stable_coexistence,0,3.55546561060591e-09,30.00000000177352,0.22855473894242928
9.777777777777777,21.544346900318846,stable_coexistence,0,3.5335187218565574e-09,30.00000000177233,0.22855473894235334
9.777777777777777,23.865897868585808,stable_coexistence,0,3.5062163540849905e-09,30.000000001765287,0.22855473894231376
9.777777777777777,26.437611857491014,stable_coexistence,0,3.361777818898248e-09,30.00000000166601,0.22855473894271655
9.777777777777777,29.286445646252375,stable_coexistence,0,4.30021080132737e-07,29.97096949416427,2.171126745382124
9.777777777777777,32.4422607917163,stable_coexistence,0,4.128342023637262e-05,29.87853069955501,4.975395109883791
9.777777777777777,35.938136638046295,stable_coexistence,0,4.45530925145299e-05,29.878459985737788,4.962812668633033
9.777777777777777,39.810717055349734,stable_coexistence,0,4.731432801384995e-05,29.878395578904122,4.951377399056554
9.777777777777777,44.100594541767364,stable_coexistence,0,4.960950008559811e-05,29.878336983328186,4.940990886854752
9.777777777777777,48.852735715193916,stable_coexistence,0,5.148820203128944e-05,29.87828372877515,4.931562105445468
9.777777777777777,54.116952654646376,stable_coexistence,0,5.300220772833845e-05,29.878235371839303,4.9230070411899565
9.777777777777777,59.948425031894146,stable_coexistence,0,5.420218416760143e-05,29.87819149672107,4.915248305524295
9.777777777777777,66.40827850634845,stable_coexistence,0,5.5135614064445756e-05,29.87815171545512,4.908214741299554
9.777777777777777,73.56422544596414,stable_coexistence,0,5.584577644022677e-05,29.87811566767202,4.901841029463885
9.777777777777777,81.49127469020749,stable_coexistence,0,5.6371194787878806e-05,29.87808301994607,4.896067301130054
9.777777777777777,90.27251779484578,stable_coexistence,0,5.6745669080400276e-05,29.87805346485353,4.8908387590664235
9.777777777777777,100.0,stable_coexistence,0,5.699800502874211e-05,29.8780267197895,4.886105311754976
10.0,0.01,predator_extinct,2,1.2830237782782112,63.975455584760695,1.286484813053198e-18
10.0,0.011077568505097092,predator_extinct,2,25.641234926685076,71.88267462555527,4.433125118096643e-15
10.0,0.012271252398511897,predator_extinct,2,31.597489841292678,78.90298239649232,7.264469430240637e-12
10.0,0.013593563908785255,predator_extinct,2,31.675892860742017,84.89641717601222,5.951285433098221e-09
10.0,0.015058363542798407,low_density_risk,4,31.702781037456162,89.78415356919041,2.580486001136496e-06
10.0,0.016681005372000592,low_density_risk,4,31.41444583263875,93.43044042608643,0.0006214582435170294
10.0,0.018478497974222907,low_density_risk,4,14.943533710789692,91.04358527953693,0.039232861181825625
10.0,0.02046968271807521,low_density_risk,4,6.707899936950795,81.80623934951015,0.08158451636250698
10.0,0.02267543125870802,low_density_risk,4,5.298886058997107,74.1287930418567,0.09657650232392476
10.0,0.025118864315095794,low_density_risk,4,3.8428491572193715,66.67548145615385,0.12480318823838436
10.0,0.027825594022071243,low_density_risk,4,3.0781219341699235,59.28961844911485,0.1463673148317095
10.0,0.030823992397451434,low_density_risk,4,2.5709590373120914,52.70406665501293,0.16503345649571163
10.0,0.034145488738336005,low_density_risk,4,2.1849298392159655,46.5979592031613,0.18333216678931188
10.0,0.037824899063893865,oscillatory_coexistence,1,1.898641188106885,41.03659092741703,0.19929196304792834
10.0,0.04190079105786669,oscillatory_coexistence,1,2.013065936408234,36.07803022541232,0.21363002627019195
10.0,0.046415888336127795,oscillatory_coexistence,1,1.7323192628755735,32.10525774498841,0.22508523871110148
10.0,0.051417518276839276,oscillatory_coexistence,1,0.7342999626059536,30.09656729004172,0.2291067646087029
10.0,0.056958108107376865,oscillatory_coexistence,1,0.5220210563040928,29.77187595464896,0.22501690359370355
10.0,0.06309573444801933,oscillatory_coexistence,1,0.18803957853049022,29.953376228477097,0.2224191587967353
10.0,0.06989473207273486,oscillatory_coexistence,1,0.1138165025787022,30.06823804606574,0.22288643690516705
10.0,0.0774263682681127,oscillatory_coexistence,1,0.07265136023826843,30.04484367876278,0.22366667758372663
10.0,0.08576958985908942,oscillatory_coexistence,1,0.029984504628235976,30.002463823491084,0.22385429418975533
10.0,0.0950118507318144,oscillatory_coexistence,1,0.013701120402718304,29.9914311105646,0.2237568948755389
10.0,0.10525002852777332,oscillatory_coexistence,1,0.007195120830316282,29.995692515387166,0.22368120424724616
10.0,0.11659144011798317,oscillatory_coexistence,1,0.0029286504057281595,29.999562641562598,0.2236671023794144
10.0,0.1291549665014884,stable_coexistence,0,0.0009019851272680295,30.000526540095,0.22367327108588606
10.0,0.14307229891937578,stable_coexistence,0,0.0005213360757535307,30.000352442500215,0.2236783010278008
10.0,0.15848931924611134,stable_coexistence,0,0.0001961518862369068,30.000120825742435,0.22367994122256654
10.0,0.17556762912750015,stable_coexistence,0,8.789111548011456e-05,30.000022165791563,0.22368014446941192
10.0,0.19448624389373625,stable_coexistence,0,3.120654178633339e-05,29.999997340138904,0.22368005233176505
10.0,0.21544346900318845,stable_coexistence,0,9.480288361374982e-06,29.99999517368417,0.2236799730990243
10.0,0.2386589786858581,stable_coexistence,0,4.22536891635141e-06,29.999996941997686,0.22367993460748622
10.0,0.26437611857491,stable_coexistence,0,2.1784819088513422e-06,29.999998398302587,0.2236799187853677
10.0,0.29286445646252374,stable_coexistence,0,1.0904992066047994e-06,29.999999193980486,0.2236799125590771
10.0,0.324422607917163,stable_coexistence,0,5.567691046683281e-07,29.999999586356733,0.22367991005004514
10.0,0.35938136638046275,stable_coexistence,0,2.9704829219723266e-07,29.999999777919868,0.22367990897028048
10.0,0.3981071705534973,stable_coexistence,0,1.6685701998622175e-07,29.99999987435107,0.22367990846256183
10.0,0.44100594541767385,stable_coexistence,0,9.847157410446938e-08,29.999999925302102,0.22367990820006758
10.0,0.4885273571519389,stable_coexistence,0,6.062103097862645e-08,29.999999953706254,0.22367990805176047
10.0,0.5411695265464638,stable_coexistence,0,3.857013695328002e-08,29.999999970382575,0.2236799079613521
10.0,0.5994842503189411,stable_coexistence,0,2.511226159937206e-08,29.999999980637092,0.22367990790274916
10.0,0.6640827850634842,stable_coexistence,0,1.6562081788093694e-08,29.99999998719682,0.22367990786288805
10.0,0.7356422544596414,stable_coexistence,0,1.1139246240982687e-08,29.999999991532892,0.2236799078347474
10.0,0.8149127469020745,stable_coexistence,0,8.219241466726021e-09,29.999999994476383,0.2236799078142968
10.0,0.9027251779484579,stable_coexistence,0,7.904782370330314e-09,29.999999996518703,0.223679907799096
10.0,1.0,stable_coexistence,0,7.57708621823258e-09,29.999999997960654,0.2236799077875884
10.0,1.1077568505097097,stable_coexistence,0,7.2465657773142566e-09,29.999999998993484,0.22367990777874353
10.0,1.2271252398511903,stable_coexistence,0,6.92219129430106e-09,29.999999999741895,0.22367990777185942
10.0,1.3593563908785256,stable_coexistence,0,6.610517525902223e-09,30.00000000028949,0.22367990776644128
10.0,1.5058363542798414,stable_coexistence,0,6.315911586176468e-09,30.000000000693277,0.22367990776213542
10.0,1.6681005372000592,stable_coexistence,0,6.0408583614815685e-09,30.000000000992806,0.22367990775868243
10.0,1.8478497974222907,stable_coexistence,0,5.786444982194338e-09,30.00000000121609,0.22367990775589114
10.0,2.046968271807522,stable_coexistence,0,5.5527886878600515e-09,30.000000001383224,0.22367990775361796
10.0,2.267543125870802,stable_coexistence,0,5.339335373564413e-09,30.000000001508596,0.22367990775175395
10.0,2.5118864315095797,stable_coexistence,0,5.145115859012928e-09,30.000000001602846,0.22367990775021507
10.0,2.782559402207126,stable_coexistence,0,4.968928971708833e-09,30.000000001673477,0.2236799077489367
10.0,3.0823992397451434,stable_coexistence,0,4.809461747098816e-09,30.00000000172639,0.22367990774786858
10.0,3.414548873833601,stable_coexistence,0,4.6653623776271265e-09,30.00000000176595,0.22367990774697064
10.0,3.782489906389386,stable_coexistence,0,4.53531162228038e-09,30.00000000179533,0.22367990774621357
10.0,4.190079105786669,stable_coexistence,0,4.418037135865948e-09,30.000000001817003,0.22367990774557128
10.0,4.641588833612782,stable_coexistence,0,4.312347338215653e-09,30.000000001832802,0.22367990774502383
10.0,5.141751827683928,stable_coexistence,0,4.217140769665065e-09,30.000000001844143,0.22367990774455515
10.0,5.695810810737687,stable_coexistence,0,4.1313940118269736e-09,30.000000001852094,0.22367990774415247
10.0,6.309573444801936,stable_coexistence,0,4.054180398550064e-09,30.000000001857494,0.22367990774380506
10.0,6.989473207273487,stable_coexistence,0,3.98465106811263e-09,30.00000000186095,0.22367990774350419
10.0,7.742636826811269,stable_coexistence,0,3.922042423921272e-09,30.000000001862983,0.2236799077432429
10.0,8.576958985908945,stable_coexistence,0,3.865656002466729e-09,30.000000001863913,0.2236799077430152
10.0,9.50118507318144,stable_coexistence,0,3.81486557875121e-09,30.000000001864052,0.2236799077428163
10.0,10.525002852777327,stable_coexistence,0,3.7690969158204355e-09,30.000000001863622,0.223679907742642
10.0,11.659144011798324,stable_coexistence,0,3.7278150934181836e-09,30.000000001862738,0.22367990774248914
10.0,12.91549665014884,stable_coexistence,0,3.690460559140068e-09,30.00000000186147,0.22367990774235522
10.0,14.307229891937586,stable_coexistence,0,3.6559524590613318e-09,30.000000001859352,0.22367990774224022
10.0,15.848931924611142,stable_coexistence,0,3.608331884915478e-09,30.000000001844082,0.22367990774220092
10.0,17.556762912750013,stable_coexistence,0,3.5809634366689317e-09,30.000000001842402,0.22367990774210939
10.0,19.448624389373634,stable_coexistence,0,3.5562666291086763e-09,30.000000001840725,0.22367990774202848
10.0,21.544346900318846,stable_coexistence,0,3.5334696943999774e-09,30.000000001838686,0.22367990774195845
10.0,23.865897868585808,stable_coexistence,0,3.505777357090431e-09,30.000000001830962,0.22367990774192426
10.0,26.437611857491014,stable_coexistence,0,3.364706320776225e-09,30.00000000173106,0.22367990774233854
10.0,29.286445646252375,stable_coexistence,0,4.6595764139449436e-07,29.97130491521163,2.154598568349228
10.0,32.4422607917163,stable_coexistence,0,4.204729258475272e-05,29.878514604409517,4.9725284789131425
10.0,35.938136638046295,stable_coexistence,0,4.5202223177308555e-05,29.878445319267293,4.960206773586838
10.0,39.810717055349734,stable_coexistence,0,4.785701823816261e-05,29.878382230156973,4.949009977109487
10.0,44.100594541767364,stable_coexistence,0,5.00563521780043e-05,29.878324846808553,4.938841328654222
10.0,48.852735715193916,stable_coexistence,0,5.185057063981552e-05,29.87827270478283,4.929611374348707
10.0,54.116952654646376,stable_coexistence,0,5.3291321021656024e-05,29.878225366687566,4.92123758893813
10.0,59.948425031894146,stable_coexistence,0,5.442876627682823e-05,29.87818242283404,4.913643986061341
10.0,66.40827850634845,stable_coexistence,0,5.53095977466213e-05,29.878143491353445,4.906760724179788
10.0,73.56422544596414,stable_coexistence,0,5.5975978078782853e-05,29.878108217857324,4.9005237140465985
10.0,81.49127469020749,stable_coexistence,0,5.646564568166957e-05,29.878076274722545,4.894874232529796
10.0,90.27251779484578,stable_coexistence,0,5.681089816525341e-05,29.878047360079464,4.889758546623246
10.0,100.0,stable_coexistence,0,5.7039732049282e-05,29.878021196602592,4.8851275506054685
10.222222222222221,0.01,predator_extinct,2,1.2942396345106335,63.61407303982249,6.353154921789376e-19
10.222222222222221,0.011077568505097092,predator_extinct,2,22.022291017587058,71.5683685403376,2.3436801132370965e-15
10.222222222222221,0.012271252398511897,predator_extinct,2,31.59154715931942,78.63983314994718,4.087850153080721e-12
10.222222222222221,0.013593563908785255,predator_extinct,2,31.674973212713745,84.68576898804758,3.5442645197648026e-09
10.222222222222221,0.015058363542798407,low_density_risk,4,31.70290004173794,89.62522576384015,1.6177231027208093e-06
10.222222222222221,0.016681005372000592,low_density_risk,4,31.511764316764314,93.35579657772396,0.0004093438556961095
10.222222222222221,0.018478497974222907,low_density_risk,4,17.39914328119175,91.73384415009927,0.032022744965323105
10.222222222222221,0.02046968271807521,low_density_risk,4,6.81808937688493,82.51619898103075,0.07861311900270032
10.222222222222221,0.02267543125870802,low_density_risk,4,5.395234822597951,74.68282548877156,0.09289249994649684
10.222222222222221,0.025118864315095794,low_density_risk,4,3.909056377796093,67.24013879918466,0.12014814196589818
10.222222222222221,0.027825594022071243,low_density_risk,4,3.109278774697295,59.78745720088368,0.14189190063635235
10.222222222222221,0.030823992397451434,low_density_risk,4,2.593631739086692,53.144636194327,0.16018671707755175
10.222222222222221,0.034145488738336005,low_density_risk,4,2.2002851369695415,46.99539621293264,0.17826269363931782
10.222222222222221,0.037824899063893865,oscillatory_coexistence,1,1.9099504174721624,41.38666197693201,0.1940480843058571
10.222222222222221,0.04190079105786669,oscillatory_coexistence,1,2.007364343924392,36.37681829221101,0.20823277049963518
10.222222222222221,0.046415888336127795,oscillatory_coexistence,1,1.7753998507929076,32.30729064320537,0.21975630561886259
10.222222222222221,0.051417518276839276,oscillatory_coexistence,1,0.7923525236815422,30.159915387058387,0.2243337740772417
10.222222222222221,0.056958108107376865,oscillatory_coexistence,1,0.5259330297788773,29.769177008926704,0.22059652883060135
10.222222222222221,0.06309573444801933,oscillatory_coexistence,1,0.20372063208314273,29.941905913731123,0.21783046693966399
10.222222222222221,0.06989473207273486,oscillatory_coexistence,1,0.11359618889815526,30.065339537010697,0.21819002623057845
10.222222222222221,0.0774263682681127,oscillatory_coexistence,1,0.07496976770211657,30.046891862231814,0.21896903863481892
10.222222222222221,0.08576958985908942,oscillatory_coexistence,1,0.030834676825678795,30.003853853937244,0.21917754731516717
10.222222222222221,0.0950118507318144,oscillatory_coexistence,1,0.013632992175200986,29.991595466315413,0.21908830402992066
10.222222222222221,0.10525002852777332,oscillatory_coexistence,1,0.007394869577800729,29.995523996219138,0.21901217834096948
10.222222222222221,0.11659144011798317,oscillatory_coexistence,1,0.002983684963559921,29.999461957449657,0.21899665895053355
10.222222222222221,0.1291549665014884,stable_coexistence,0,0.0008934622524023402,30.000503681576404,0.21900227537112218
10.222222222222221,0.14307229891937578,stable_coexistence,0,0.0005230154941538165,30.000354576969407,0.21900723307067765
10.222222222222221,0.15848931924611134,stable_coexistence,0,0.00020057443166495727,30.00012487940809,0.21900890466420148
10.222222222222221,0.17556762912750015,stable_coexistence,0,8.860407935232027e-05,30.000024226029915,0.21900913280784962
10.222222222222221,0.19448624389373625,stable_coexistence,0,3.1852137029387375e-05,29.999998112565617,0.21900905108024682
10.222222222222221,0.21544346900318845,stable_coexistence,0,9.796706785320143e-06,29.999995428088408,0.21900897525462742
10.222222222222221,0.2386589786858581,stable_coexistence,0,4.135767314653258e-06,29.999997022430982,0.21900893772898034
10.222222222222221,0.26437611857491,stable_coexistence,0,2.1411866472167078e-06,29.99999842449149,0.21900892215087112
10.222222222222221,0.29286445646252374,stable_coexistence,0,1.076308141856494e-06,29.999999203443387,0.21900891597747876
10.222222222222221,0.324422607917163,stable_coexistence,0,5.504109761849921e-07,29.999999590458412,0.2190089134760665
10.222222222222221,0.35938136638046275,stable_coexistence,0,2.9362010904053315e-07,29.999999780143046,0.2190089123951738
10.222222222222221,0.3981071705534973,stable_coexistence,0,1.6467876849037058e-07,29.999999875814815,0.21900891188567
10.222222222222221,0.44100594541767385,stable_coexistence,0,9.691198642436763e-08,29.999999926396615,0.21900891162205777
10.222222222222221,0.4885273571519389,stable_coexistence,0,5.941514563442768e-08,29.999999954584776,0.21900891147323068
10.222222222222221,0.5411695265464638,stable_coexistence,0,3.759264947322992e-08,29.99999997111471,0.21900891138267484
10.222222222222221,0.5994842503189411,stable_coexistence,0,2.4296446168872483e-08,29.999999981260135,0.21900891132412462
10.222222222222221,0.6640827850634842,stable_coexistence,0,1.5897897632483904e-08,29.99999998773374,0.21900891128441807
10.222222222222221,0.7356422544596414,stable_coexistence,0,1.0674350149776455e-08,29.99999999199962,0.21900891125647332
10.222222222222221,0.8149127469020745,stable_coexistence,0,8.68964420567779e-09,29.999999994884828,0.2190089112362318
10.222222222222221,0.9027251779484579,stable_coexistence,0,8.297451497120182e-09,29.999999996878202,0.2190089112212342
10.222222222222221,1.0,stable_coexistence,0,7.90607697873116e-09,29.99999999827884,0.21900891120991578
10.222222222222221,1.1077568505097097,stable_coexistence,0,7.523074311840117e-09,29.99999999927655,0.21900891120124524
10.222222222222221,1.2271252398511903,stable_coexistence,0,7.155260206560606e-09,29.999999999995083,0.21900891119451749
10.222222222222221,1.3593563908785256,stable_coexistence,0,6.807501406907241e-09,30.000000000517076,0.21900891118923868
10.222222222222221,1.5058363542798414,stable_coexistence,0,6.482786692454046e-09,30.000000000898975,0.21900891118505642
10.222222222222221,1.6681005372000592,stable_coexistence,0,6.182520569328557e-09,30.000000001179608,0.21900891118171284
10.222222222222221,1.8478497974222907,stable_coexistence,0,5.90690613432022e-09,30.000000001386674,0.2190089111790179
10.222222222222221,2.046968271807522,stable_coexistence,0,5.6553409656067065e-09,30.000000001539732,0.21900891117682914
10.222222222222221,2.267543125870802,stable_coexistence,0,5.4266989713713985e-09,30.000000001652946,0.21900891117503976
10.222222222222221,2.5118864315095797,stable_coexistence,0,5.219550658050869e-09,30.000000001736538,0.21900891117356672
10.222222222222221,2.782559402207126,stable_coexistence,0,5.032313765394428e-09,30.00000000179791,0.21900891117234655
10.222222222222221,3.0823992397451434,stable_coexistence,0,4.863362097926138e-09,30.000000001842768,0.21900891117132973
10.222222222222221,3.414548873833601,stable_coexistence,0,4.711098710846468e-09,30.000000001875236,0.2190089111704779
10.222222222222221,3.782489906389386,stable_coexistence,0,4.57399025293103e-09,30.000000001898403,0.2190089111697604
10.222222222222221,4.190079105786669,stable_coexistence,0,4.4506008357342246e-09,30.000000001914607,0.219008911169153
10.222222222222221,4.641588833612782,stable_coexistence,0,4.3395920335891884e-09,30.00000000192556,0.21900891116863605
10.222222222222221,5.141751827683928,stable_coexistence,0,4.23974443673738e-09,30.000000001932644,0.21900891116819535
10.222222222222221,5.695810810737687,stable_coexistence,0,4.149939532488814e-09,30.00000000193683,0.21900891116781745
10.222222222222221,6.309573444801936,stable_coexistence,0,4.069165626411489e-09,30.00000000193888,0.21900891116749222
10.222222222222221,6.989473207273487,stable_coexistence,0,3.996507657885499e-09,30.000000001939362,0.2190089111672112
10.222222222222221,7.742636826811269,stable_coexistence,0,3.931143410541762e-09,30.00000000193875,0.21900891116696725
10.222222222222221,8.576958985908945,stable_coexistence,0,3.872324446031946e-09,30.000000001937337,0.21900891116675533
10.222222222222221,9.50118507318144,stable_coexistence,0,3.819382854184443e-09,30.000000001935387,0.2190089111665704
10.222222222222221,10.525002852777327,stable_coexistence,0,3.77171005514609e-09,30.000000001933063,0.2190089111664087
10.222222222222221,11.659144011798324,stable_coexistence,0,3.728738680542399e-09,30.000000001930527,0.21900891116626708
10.222222222222221,12.91549665014884,stable_coexistence,0,3.68989425657155e-09,30.000000001927752,0.2190089111661432
10.222222222222221,14.307229891937586,stable_coexistence,0,3.6540996004462494e-09,30.00000000192432,0.2190089111660373
10.222222222222221,15.848931924611142,stable_coexistence,0,3.6058242611696803e-09,30.000000001907853,0.21900891116600693
10.222222222222221,17.556762912750013,stable_coexistence,0,3.5774126177634993e-09,30.000000001905118,0.2190089111659226
10.222222222222221,19.448624389373634,stable_coexistence,0,3.5517898545949798e-09,30.00000000190251,0.21900891116584795
10.222222222222221,21.544346900318846,stable_coexistence,0,3.528191190832965e-09,30.0000000018996,0.21900891116578391
10.222222222222221,23.865897868585808,stable_coexistence,0,3.500142753189165e-09,30.000000001891237,0.21900891116575463
10.222222222222221,26.437611857491014,stable_coexistence,0,3.362501743508158e-09,30.000000001790916,0.21900891116617846
10.222222222222221,29.286445646252375,stable_coexistence,0,4.881514424141548e-07,29.971631040700263,2.1385712734266717
10.222222222222221,32.4422607917163,stable_coexistence,0,4.2769357771734185e-05,29.878499175980977,4.96978217596011
10.222222222222221,35.938136638046295,stable_coexistence,0,4.581363687902465e-05,29.878431264113182,4.9577106053671205
10.222222222222221,39.810717055349734,stable_coexistence,0,4.836651034917411e-05,29.878369440888594,4.946742527823225
10.222222222222221,44.100594541767364,stable_coexistence,0,5.047453871433789e-05,29.87831322145568,4.936782782866339
10.222222222222221,48.852735715193916,stable_coexistence,0,5.2188304090717073e-05,29.878262147099036,4.927743437089298
10.222222222222221,54.116952654646376,stable_coexistence,0,5.355985051260475e-05,29.878215786340665,4.91954340270312
10.222222222222221,59.948425031894146,stable_coexistence,0,5.463838424205076e-05,29.878173735472046,4.912108046326527
10.222222222222221,66.40827850634845,stable_coexistence,0,5.546975562016605e-05,29.878135618569363,4.905368794786714
10.222222222222221,73.56422544596414,stable_coexistence,0,5.6095217191908736e-05,29.878101087063452,4.899262743583301
10.222222222222221,81.49127469020749,stable_coexistence,0,5.655115962742053e-05,29.878069818954256,4.8937322726065835
10.222222222222221,90.27251779484578,stable_coexistence,0,5.686916166920216e-05,29.87804151775299,4.888724672750984
10.222222222222221,100.0,stable_coexistence,0,5.707636556826316e-05,29.878015911229614,4.884191786208049
10.444444444444445,0.01,predator_extinct,2,1.3052762352679803,63.259409561589905,3.1813214004142117e-19
10.444444444444445,0.011077568505097092,predator_extinct,2,17.48017023090389,71.25946493631496,1.2546702618819047e-15
10.444444444444445,0.012271252398511897,predator_extinct,2,31.583135518134345,78.38079907426194,2.3264634694682977e-12
10.444444444444445,0.013593563908785255,predator_extinct,2,31.674050866734166,84.47801723664284,2.132411375755089e-09
10.444444444444445,0.015058363542798407,low_density_risk,4,31.702866553563158,89.46806314175487,1.0235300047648602e-06
10.444444444444445,0.016681005372000592,low_density_risk,4,31.57648974375103,93.26998691781445,0.0002715884272849616
10.444444444444445,0.018478497974222907,low_density_risk,4,19.76432344406797,92.36185374868259,0.025549125342203247
10.444444444444445,0.02046968271807521,low_density_risk,4,6.938936055215791,83.22156313010193,0.07568544846713708
10.444444444444445,0.02267543125870802,low_density_risk,4,5.487169551351572,75.22517456042158,0.08948779991577951
10.444444444444445,0.025118864315095794,low_density_risk,4,3.9772818658617806,67.7911066058404,0.11569099893784578
10.444444444444445,0.027825594022071243,low_density_risk,4,3.1405154178626034,60.276798376137926,0.13762309549319707
10.444444444444445,0.030823992397451434,low_density_risk,4,2.6161248142894964,53.576019537431115,0.1555724250414371
10.444444444444445,0.034145488738336005,low_density_risk,4,2.2155672123060937,47.384930732241884,0.17342196453928518
10.444444444444445,0.037824899063893865,oscillatory_coexistence,1,1.9210573089989296,41.73004053908887,0.18903963690310907
10.444444444444445,0.04190079105786669,oscillatory_coexistence,1,2.0004798086564692,36.67124507021074,0.20307018411745492
10.444444444444445,0.046415888336127795,oscillatory_coexistence,1,1.8135286848597132,32.51175115956703,0.2146343189258706
10.444444444444445,0.051417518276839276,oscillatory_coexistence,1,0.85069911509748,30.22819351493112,0.21971545314835736
10.444444444444445,0.056958108107376865,oscillatory_coexistence,1,0.5265069826473777,29.768359155896007,0.21635340667527508
10.444444444444445,0.06309573444801933,oscillatory_coexistence,1,0.22090941930077665,29.930601861573106,0.21343877116619286
10.444444444444445,0.06989473207273486,oscillatory_coexistence,1,0.11338428392513639,30.062077834429935,0.21368883413013842
10.444444444444445,0.0774263682681127,oscillatory_coexistence,1,0.07711061445938835,30.04878517290571,0.2144633458726344
10.444444444444445,0.08576958985908942,oscillatory_coexistence,1,0.031618458659713085,30.00525784821074,0.21469166762418918
10.444444444444445,0.0950118507318144,oscillatory_coexistence,1,0.013567905530470098,29.991788737123656,0.21461072321248653
10.444444444444445,0.10525002852777332,oscillatory_coexistence,1,0.007582497059165965,29.995365600435342,0.214534383444154
10.444444444444445,0.11659144011798317,oscillatory_coexistence,1,0.0030342416179454305,29.999361967023304,0.21451752059512
10.444444444444445,0.1291549665014884,stable_coexistence,0,0.000918472026833023,30.000479910907686,0.21452259057310336
10.444444444444445,0.14307229891937578,stable_coexistence,0,0.0005240625106191805,30.0003561625964,0.21452746986440174
10.444444444444445,0.15848931924611134,stable_coexistence,0,0.0002047787933119425,30.00012873116954,0.21452916890745805
10.444444444444445,0.17556762912750015,stable_coexistence,0,8.923672609081651e-05,30.00002622760762,0.21452942045179638
10.444444444444445,0.19448624389373625,stable_coexistence,0,3.246657072754418e-05,29.99999887100945,0.21452934870620838
10.444444444444445,0.21544346900318845,stable_coexistence,0,1.0102679466333994e-05,29.99999568018527,0.21452927619623138
10.444444444444445,0.2386589786858581,stable_coexistence,0,4.0513518386954885e-06,29.999997103035597,0.21452923962800177
10.444444444444445,0.26437611857491,stable_coexistence,0,2.103623029319326e-06,29.999998451133365,0.2145292242995372
10.444444444444445,0.29286445646252374,stable_coexistence,0,1.0618602380373435e-06,29.999999213238667,0.2145292181842546
10.444444444444445,0.324422607917163,stable_coexistence,0,5.438878801093717e-07,29.999999594760315,0.2145292156936302
10.444444444444445,0.35938136638046275,stable_coexistence,0,2.900975804760351e-07,29.99999978247872,0.21452921461335442
10.444444444444445,0.3981071705534973,stable_coexistence,0,1.6245034856938152e-07,29.999999877339388,0.2145292141030101
10.444444444444445,0.44100594541767385,stable_coexistence,0,9.532809641589446e-08,29.999999927522307,0.21452921383879567
10.444444444444445,0.4885273571519389,stable_coexistence,0,5.820011403600688e-08,29.999999955477495,0.21452921368973657
10.444444444444445,0.5411695265464638,stable_coexistence,0,3.661488603938565e-08,29.999999971851135,0.21452921359919946
10.444444444444445,0.5994842503189411,stable_coexistence,0,2.3485609173761312e-08,29.99999998188168,0.21452921354080154
10.444444444444445,0.6640827850634842,stable_coexistence,0,1.528265762910484e-08,29.999999988265824,0.21452921350130774
10.444444444444445,0.7356422544596414,stable_coexistence,0,1.024446914591238e-08,29.999999992459493,0.21452921347359583
10.444444444444445,0.8149127469020745,stable_coexistence,0,9.144541007341813e-09,29.99999999528537,0.21452921345358408
10.444444444444445,0.9027251779484579,stable_coexistence,0,8.674864087127013e-09,29.999999997229267,0.21452921343880244
10.444444444444445,1.0,stable_coexistence,0,8.220328595985207e-09,29.999999998588365,0.2145292134276832
10.444444444444445,1.1077568505097097,stable_coexistence,0,7.785595931033156e-09,29.99999999955095,0.21452921341919245
10.444444444444445,1.2271252398511903,stable_coexistence,0,7.375151748512389e-09,30.000000000239723,0.21452921341262296
10.444444444444445,1.3593563908785256,stable_coexistence,0,6.992123028547202e-09,30.000000000736264,0.21452921340748435
10.444444444444445,1.5058363542798414,stable_coexistence,0,6.6380903734321535e-09,30.000000001096435,0.2145292134034251
10.444444444444445,1.6681005372000592,stable_coexistence,0,6.31333800024762e-09,30.000000001358462,0.21452921340018893
10.444444444444445,1.8478497974222907,stable_coexistence,0,6.017190774961469e-09,30.000000001549513,0.21452921339758954
10.444444444444445,2.046968271807522,stable_coexistence,0,5.748329811826092e-09,30.00000000168876,0.21452921339548442
10.444444444444445,2.267543125870802,stable_coexistence,0,5.505056321579857e-09,30.000000001790088,0.2145292133937675
10.444444444444445,2.5118864315095797,stable_coexistence,0,5.285473865658247e-09,30.000000001863185,0.214529213392358
10.444444444444445,2.782559402207126,stable_coexistence,0,5.0876346095730315e-09,30.00000000191552,0.21452921339119457
10.444444444444445,3.0823992397451434,stable_coexistence,0,4.909600311163566e-09,30.000000001952472,0.21452921339022782
10.444444444444445,3.414548873833601,stable_coexistence,0,4.749529125234112e-09,30.00000000197803,0.21452921338942016
10.444444444444445,3.782489906389386,stable_coexistence,0,4.605684248490331e-09,30.000000001995137,0.21452921338874184
10.444444444444445,4.190079105786669,stable_coexistence,0,4.476459499077663e-09,30.00000000200601,0.21452921338816913
10.444444444444445,4.641588833612782,stable_coexistence,0,4.360386422008635e-09,30.000000002012293,0.21452921338768347
10.444444444444445,5.141751827683928,stable_coexistence,0,4.256125288954822e-09,30.000000002015224,0.21452921338726968
10.444444444444445,5.695810810737687,stable_coexistence,0,4.162464742975456e-09,30.000000002015742,0.21452921338691566
10.444444444444445,6.309573444801936,stable_coexistence,0,4.0783138641235235e-09,30.000000002014538,0.21452921338661163
10.444444444444445,6.989473207273487,stable_coexistence,0,4.002689853371659e-09,30.00000000201214,0.21452921338634934
10.444444444444445,7.742636826811269,stable_coexistence,0,3.934715545712568e-09,30.000000002008957,0.21452921338612255
10.444444444444445,8.576958985908945,stable_coexistence,0,3.873594541163262e-09,30.000000002005283,0.21452921338592545
10.444444444444445,9.50118507318144,stable_coexistence,0,3.818617481225898e-09,30.0000000020013,0.21452921338575406
10.444444444444445,10.525002852777327,stable_coexistence,0,3.7691452327096865e-09,30.00000000199716,0.2145292133856044
10.444444444444445,11.659144011798324,stable_coexistence,0,3.7245801107500856e-09,30.000000001993,0.21452921338547348
10.444444444444445,12.91549665014884,stable_coexistence,0,3.684327035805942e-09,30.00000000198879,0.2145292133853592
10.444444444444445,14.307229891937586,stable_coexistence,0,3.6473204306213216e-09,30.000000001984077,0.2145292133852619
10.444444444444445,15.848931924611142,stable_coexistence,0,3.5984618541827494e-09,30.000000001966477,0.21452921338523978
10.444444444444445,17.556762912750013,stable_coexistence,0,3.5690696618014605e-09,30.000000001962714,0.21452921338516243
10.444444444444445,19.448624389373634,stable_coexistence,0,3.5425736416109075e-09,30.000000001959172,0.21452921338509404
10.444444444444445,21.544346900318846,stable_coexistence,0,3.518220618311279e-09,30.000000001955474,0.21452921338503547
10.444444444444445,23.865897868585808,stable_coexistence,0,3.4898474626373775e-09,30.00000000194651,0.21452921338501083
10.444444444444445,26.437611857491014,stable_coexistence,0,3.3556797042725906e-09,30.000000001845923,0.21452921338544242
10.444444444444445,29.286445646252375,stable_coexistence,0,4.977155331644547e-07,29.971948296048183,2.123019814029823
10.444444444444445,32.4422607917163,stable_coexistence,0,4.345223322416452e-05,29.878484373911725,4.967148774181139
10.444444444444445,35.938136638046295,stable_coexistence,0,4.63898813046172e-05,29.878417783033836,4.955317371628756
10.444444444444445,39.810717055349734,stable_coexistence,0,4.884524509099113e-05,29.87835717681725,4.944568845951186
10.444444444444445,44.100594541767364,stable_coexistence,0,5.0865905886427004e-05,29.878302075781754,4.934809586363768
10.444444444444445,48.852735715193916,stable_coexistence,0,5.250368469491239e-05,29.878252026865702,4.925953130165265
10.444444444444445,54.116952654646376,stable_coexistence,0,5.380950595642236e-05,29.87820660439859,4.917919778626362
10.444444444444445,59.948425031894146,stable_coexistence,0,5.483245490996265e-05,29.87816541052578,4.910636204626341
10.444444444444445,66.40827850634845,stable_coexistence,0,5.561724291834694e-05,29.87812807512009,4.904035058581851
10.444444444444445,73.56422544596414,stable_coexistence,0,5.620423489186085e-05,29.878094255271815,4.898054578086618
10.444444444444445,81.49127469020749,stable_coexistence,0,5.6628732413832444e-05,29.878063634436757,4.8926382056489555
10.444444444444445,90.27251779484578,stable_coexistence,0,5.6921367156199066e-05,29.87803592133238,4.887734217974128
10.444444444444445,100.0,stable_coexistence,0,5.71082090735371e-05,29.87801084865683,4.8832953694154
10.666666666666666,0.01,predator_extinct,2,1.316140836317086,62.91122584088607,1.614454340164871e-19
10.666666666666666,0.011077568505097092,predator_extinct,2,12.709837098316736,70.95578224073437,6.798187474228036e-16
10.666666666666666,0.012271252398511897,predator_extinct,2,31.5705602629261,78.12575335764907,1.338496987480862e-12
10.666666666666666,0.013593563908785255,predator_extinct,2,31.673124605386622,84.27308323695891,1.2956074313322025e-09
10.666666666666666,0.015058363542798407,predator_extinct,2,31.702738360422437,89.31264642485996,6.53335291983305e-07
10.666666666666666,0.016681005372000592,low_density_risk,4,31.619768946361635,93.17707735290229,0.00018150932799718331
10.666666666666666,0.018478497974222907,low_density_risk,4,21.94478776701093,92.92267649100337,0.01997300593769998
10.666666666666666,0.02046968271807521,low_density_risk,4,7.073931187900316,83.92137802017547,0.07277298423496233
10.666666666666666,0.02267543125870802,low_density_risk,4,5.574854112405648,75.75757392449901,0.08633330992822429
10.666666666666666,0.025118864315095794,low_density_risk,4,4.047369725919049,68.32851472755469,0.11142667099191067
10.666666666666666,0.027825594022071243,low_density_risk,4,3.171901540811186,60.75797094017577,0.1335450190108729
10.666666666666666,0.030823992397451434,low_density_risk,4,2.6384308385186026,53.99863391157801,0.15117576095039345
10.666666666666666,0.034145488738336005,low_density_risk,4,2.23078067263206,47.76684144084751,0.16879550997194961
10.666666666666666,0.037824899063893865,oscillatory_coexistence,1,1.9319856815041843,42.066961773787966,0.1842516388259979
10.666666666666666,0.04190079105786669,oscillatory_coexistence,1,1.9926626390478435,36.9612639088635,0.19812828115490366
10.666666666666666,0.046415888336127795,oscillatory_coexistence,1,1.8470045698794553,32.71802873897725,0.20970973634218462
10.666666666666666,0.051417518276839276,oscillatory_coexistence,1,0.9090578862332024,30.301259791764203,0.21524471484199376
10.666666666666666,0.056958108107376865,oscillatory_coexistence,1,0.5255719037471701,29.769450996108947,0.21227488802690964
10.666666666666666,0.06309573444801933,oscillatory_coexistence,1,0.2380255920141136,29.919515027143742,0.2092318136714106
10.666666666666666,0.06989473207273486,oscillatory_coexistence,1,0.11318002320143444,30.058477934697223,0.20937120123186356
10.666666666666666,0.0774263682681127,oscillatory_coexistence,1,0.07907133480160398,30.050520648472244,0.21013813386927618
10.666666666666666,0.08576958985908942,oscillatory_coexistence,1,0.03233525896732515,30.006671343180763,0.21038518017168267
10.666666666666666,0.0950118507318144,oscillatory_coexistence,1,0.013505618991560556,29.992009513142648,0.21031263903229705
10.666666666666666,0.10525002852777332,oscillatory_coexistence,1,0.007758058418948553,29.995217257373138,0.2102362915007087
10.666666666666666,0.11659144011798317,oscillatory_coexistence,1,0.0030804197779703358,29.99926281265277,0.21021815757957016
10.666666666666666,0.1291549665014884,stable_coexistence,0,0.0009586577830326577,30.000455311035314,0.21022268798248733
10.666666666666666,0.14307229891937578,stable_coexistence,0,0.0005245103781887134,30.000357229397366,0.2102274834543046
10.666666666666666,0.15848931924611134,stable_coexistence,0,0.0002087732904870704,30.000132389273432,0.21022920629587896
10.666666666666666,0.17556762912750015,stable_coexistence,0,8.979392874990199e-05,30.0000281721109,0.21022947982866189
10.666666666666666,0.19448624389373625,stable_coexistence,0,3.305135687546229e-05,29.999999615474586,0.21022941765238257
10.666666666666666,0.21544346900318845,stable_coexistence,0,1.0398601446153309e-05,29.999995929756995,0.21022934836601606
10.666666666666666,0.2386589786858581,stable_coexistence,0,3.971666758179341e-06,29.99999718364366,0.21022931274439574
10.666666666666666,0.26437611857491,stable_coexistence,0,2.065890310107674e-06,29.99999847812765,0.21022929766960632
10.666666666666666,0.29286445646252374,stable_coexistence,0,1.0472115943091749e-06,29.999999223310063,0.21022929161676338
10.666666666666666,0.324422607917163,stable_coexistence,0,5.372312665007966e-07,29.999999599231092,0.21022928913966452
10.666666666666666,0.35938136638046275,stable_coexistence,0,2.8649885092895643e-07,29.999999784909225,0.21022928806152735
10.666666666666666,0.3981071705534973,stable_coexistence,0,1.601822094322709e-07,29.99999987891427,0.21022928755116813
10.666666666666666,0.44100594541767385,stable_coexistence,0,9.372634332960253e-08,29.999999928672867,0.2102292872867977
10.666666666666666,0.4885273571519389,stable_coexistence,0,5.697984622804313e-08,29.999999956380535,0.21022928713775832
10.666666666666666,0.5411695265464638,stable_coexistence,0,3.563930420244421e-08,29.999999972589517,0.21022928704738106
10.666666666666666,0.5994842503189411,stable_coexistence,0,2.2681264084539345e-08,29.999999982500228,0.21022928698921964
10.666666666666666,0.6640827850634842,stable_coexistence,0,1.4711817169835263e-08,29.99999998879215,0.21022928694998896
10.666666666666666,0.7356422544596414,stable_coexistence,0,1.0163740429461812e-08,29.99999999291205,0.2102292869225399
10.666666666666666,0.8149127469020745,stable_coexistence,0,9.58397616221635e-09,29.99999999567776,0.2102292869027761
10.666666666666666,0.9027251779484579,stable_coexistence,0,9.037266817104817e-09,29.999999997571756,0.2102292868882222
10.666666666666666,1.0,stable_coexistence,0,8.520321989003795e-09,29.999999998889194,0.21022928687730713
10.666666666666666,1.1077568505097097,stable_coexistence,0,8.034683792413749e-09,29.999999999816787,0.21022928686899542
10.666666666666666,1.2271252398511903,stable_coexistence,0,7.582494039935302e-09,30.000000000475893,0.21022928686258519
10.666666666666666,1.3593563908785256,stable_coexistence,0,7.165045090347338e-09,30.000000000947296,0.2102292868575863
10.666666666666666,1.5058363542798414,stable_coexistence,0,6.782491723520551e-09,30.000000001285983,0.21022928685364908
10.666666666666666,1.6681005372000592,stable_coexistence,0,6.433995262164862e-09,30.000000001529664,0.21022928685051984
10.666666666666666,1.8478497974222907,stable_coexistence,0,6.117982683077601e-09,30.000000001704972,0.21022928684801367
10.666666666666666,2.046968271807522,stable_coexistence,0,5.83242716309876e-09,30.000000001830667,0.2102292868459903
10.666666666666666,2.267543125870802,stable_coexistence,0,5.57506254459226e-09,30.000000001920224,0.21022928684434486
10.666666666666666,2.5118864315095797,stable_coexistence,0,5.34353586528591e-09,30.000000001983153,0.21022928684299758
10.666666666666666,2.782559402207126,stable_coexistence,0,5.135522110922657e-09,30.000000002026663,0.21022928684188905
10.666666666666666,3.0823992397451434,stable_coexistence,0,4.948790414158592e-09,30.000000002055895,0.2102292868409705
10.666666666666666,3.414548873833601,stable_coexistence,0,4.781254621520718e-09,30.000000002074735,0.21022928684020534
10.666666666666666,3.782489906389386,stable_coexistence,0,4.630980161986637e-09,30.000000002085947,0.21022928683956443
10.666666666666666,4.190079105786669,stable_coexistence,0,4.496197073601249e-09,30.000000002091603,0.21022928683902486
10.666666666666666,4.641588833612782,stable_coexistence,0,4.375301542985946e-09,30.000000002093326,0.21022928683856845
10.666666666666666,5.141751827683928,stable_coexistence,0,4.266844891926193e-09,30.00000000209224,0.21022928683818054
10.666666666666666,5.695810810737687,stable_coexistence,0,4.169524577163497e-09,30.000000002089184,0.2102292868378496
10.666666666666666,6.309573444801936,stable_coexistence,0,4.082170453235825e-09,30.000000002084843,0.21022928683756603
10.666666666666666,6.989473207273487,stable_coexistence,0,4.003735772269618e-09,30.000000002079656,0.21022928683732192
10.666666666666666,7.742636826811269,stable_coexistence,0,3.9332888943145195e-09,30.000000002073993,0.21022928683711134
10.666666666666666,8.576958985908945,stable_coexistence,0,3.869989484161732e-09,30.000000002068095,0.21022928683692885
10.666666666666666,9.50118507318144,stable_coexistence,0,3.8130908798197916e-09,30.000000002062148,0.21022928683677033
10.666666666666666,10.525002852777327,stable_coexistence,0,3.761916407756712e-09,30.00000000205626,0.21022928683663217
10.666666666666666,11.659144011798324,stable_coexistence,0,3.71584718524968e-09,30.000000002050534,0.21022928683651163
10.666666666666666,12.91549665014884,stable_coexistence,0,3.674265632237581e-09,30.000000002044928,0.2102292868364065
10.666666666666666,14.307229891937586,stable_coexistence,0,3.63611896123373e-09,30.000000002038966,0.21022928683631736
10.666666666666666,15.848931924611142,stable_coexistence,0,3.5867409780555624e-09,30.0000000020203,0.2102292868363032
10.666666666666666,17.556762912750013,stable_coexistence,0,3.5564263827796953e-09,30.000000002015575,0.2102292868362325
10.666666666666666,19.448624389373634,stable_coexistence,0,3.5291066067110236e-09,30.000000002011134,0.21022928683616987
10.666666666666666,21.544346900318846,stable_coexistence,0,3.5040461196943388e-09,30.000000002006633,0.21022928683611672
10.666666666666666,23.865897868585808,stable_coexistence,0,3.475375365038075e-09,30.00000000199708,0.21022928683609635
10.666666666666666,26.437611857491014,stable_coexistence,0,3.344707029646872e-09,30.00000000189641,0.21022928683653394
10.666666666666666,29.286445646252375,stable_coexistence,0,5.413673943280985e-07,29.972257079544647,2.1079208801628977
10.666666666666666,32.4422607917163,stable_coexistence,0,4.4098418149561773e-05,29.878470161023778,4.964621446086101
10.666666666666666,35.938136638046295,stable_coexistence,0,4.693326680930385e-05,29.87840484174218,4.953020829673071
10.666666666666666,39.810717055349734,stable_coexistence,0,4.929516539906283e-05,29.878345406393194,4.942483229656291
10.666666666666666,44.100594541767364,stable_coexistence,0,5.123289262765322e-05,29.87829138082494,4.932916536523168
10.666666666666666,48.852735715193916,stable_coexistence,0,5.2798127969830064e-05,29.87824231754798,4.924235710857133
10.666666666666666,54.116952654646376,stable_coexistence,0,5.4041814889752444e-05,29.878197796597174,4.916362396936264
10.666666666666666,59.948425031894146,stable_coexistence,0,5.5012240780302754e-05,29.878157425844105,4.909224529521869
10.666666666666666,66.40827850634845,stable_coexistence,0,5.575312350541687e-05,29.878120840815246,4.9027559401438765
10.666666666666666,73.56422544596414,stable_coexistence,0,5.630395575768334e-05,29.8780877041034,4.89689596807972
10.666666666666666,81.49127469020749,stable_coexistence,0,5.669896981136452e-05,29.878057704456754,4.891589080214726
10.666666666666666,90.27251779484578,stable_coexistence,0,5.696784478593922e-05,29.878030555637217,4.8867845030491806
10.666666666666666,100.0,stable_coexistence,0,5.7135761974450077e-05,29.878005995102278,4.8824358693230945
10.888888888888888,0.01,predator_extinct,2,1.326840201246075,62.569295163840835,8.298970263323675e-20
10.888888888888888,0.011077568505097092,predator_extinct,2,8.524184821243605,70.65714783679225,3.7264071682304784e-16
10.888888888888888,0.012271252398511897,predator_extinct,2,31.551037730074643,77.87457492255709,7.781781380324426e-13
10.888888888888888,0.013593563908785255,predator_extinct,2,31.67219237828209,84.07089143566873,7.946417129219742e-10
10.888888888888888,0.015058363542798407,predator_extinct,2,31.702550804833603,89.15894912242045,4.20595726428783e-07
10.888888888888888,0.016681005372000592,low_density_risk,4,31.64887662818169,93.07975553725811,0.00012218598809956628
10.888888888888888,0.018478497974222907,low_density_risk,4,23.87653856606904,93.41269376782422,0.015346491134385031
10.888888888888888,0.02046968271807521,low_density_risk,4,7.2272863890810095,84.6145905974385,0.0698476772535778
10.888888888888888,0.02267543125870802,low_density_risk,4,5.658566094548127,76.28159169076793,0.0834020493439748
10.888888888888888,0.025118864315095794,low_density_risk,4,4.11912454996195,68.85253235366919,0.10735090214671407
10.888888888888888,0.027825594022071243,low_density_risk,4,3.2035051773758854,61.231258447021155,0.12964331464194478
10.888888888888888,0.030823992397451434,low_density_risk,4,2.6605450430392796,54.41287847577649,0.14698299101037626
10.888888888888888,0.034145488738336005,low_density_risk,4,2.245932943747244,48.14139239112034,0.16437007601725565
10.888888888888888,0.037824899063893865,oscillatory_coexistence,1,1.9427497077636389,42.397651986797136,0.17967031503485617
10.888888888888888,0.04190079105786669,oscillatory_coexistence,1,1.9841193625670197,37.24686270774135,0.19339406915217489
10.888888888888888,0.046415888336127795,oscillatory_coexistence,1,1.8761533217291266,32.92557226066004,0.20497334331572778
10.888888888888888,0.051417518276839276,oscillatory_coexistence,1,0.9671521250492546,30.378955701260384,0.21091518465712789
10.888888888888888,0.056958108107376865,oscillatory_coexistence,1,0.5246687842690305,29.77247612548311,0.20834947557888667
10.888888888888888,0.06309573444801933,oscillatory_coexistence,1,0.25497095680558,29.908691842140442,0.20519827443929067
10.888888888888888,0.06989473207273486,oscillatory_coexistence,1,0.11298331050188655,30.05456471221038,0.20522637087176335
10.888888888888888,0.0774263682681127,oscillatory_coexistence,1,0.0808501133422232,30.0520961690225,0.2059828354130188
10.888888888888888,0.08576958985908942,oscillatory_coexistence,1,0.03298469734746931,30.00809015809286,0.2062475148421468
10.888888888888888,0.0950118507318144,oscillatory_coexistence,1,0.013445874738896291,29.992256416266876,0.2061834466031155
10.888888888888888,0.10525002852777332,oscillatory_coexistence,1,0.007921629790785568,29.995078875085834,0.2061072836564775
10.888888888888888,0.11659144011798317,oscillatory_coexistence,1,0.003122330724839227,29.999164621076105,0.2060879492375132
10.888888888888888,0.1291549665014884,stable_coexistence,0,0.0009981011999262187,30.000429958683537,0.2060919477939973
10.888888888888888,0.14307229891937578,stable_coexistence,0,0.0005243911389155158,30.00035780559022,0.20609665471534272
10.888888888888888,0.15848931924611134,stable_coexistence,0,0.00021256451909975138,30.000135861623427,0.20609839797985668
10.888888888888888,0.17556762912750015,stable_coexistence,0,9.028027450658545e-05,30.000030061140173,0.20609869216832327
10.888888888888888,0.19448624389373625,stable_coexistence,0,3.360790565388986e-05,30.000000346025097,0.20609863916406485
10.888888888888888,0.21544346900318845,stable_coexistence,0,1.068477870136795e-05,29.999996176628432,0.20609857300939344
10.888888888888888,0.2386589786858581,stable_coexistence,0,3.896385819045971e-06,29.999997264112224,0.2060985383216615
10.888888888888888,0.26437611857491,stable_coexistence,0,2.028073190570231e-06,29.999998505387484,0.20609852350320007
10.888888888888888,0.29286445646252374,stable_coexistence,0,1.0324108398247328e-06,29.999999233608396,0.20609851751636948
10.888888888888888,0.324422607917163,stable_coexistence,0,5.304683684969416e-07,29.999999603843346,0.20609851505512342
10.888888888888888,0.35938136638046275,stable_coexistence,0,2.8283927158321767e-07,29.999999787418922,0.20609851398044074
10.888888888888888,0.3981071705534973,stable_coexistence,0,1.5788343217561856e-07,29.999999880530524,0.20609851347078073
10.888888888888888,0.44100594541767385,stable_coexistence,0,9.211205349616596e-08,29.99999992984297,0.20609851320664985
10.888888888888888,0.4885273571519389,stable_coexistence,0,5.5757693611851086e-08,29.999999957290502,0.20609851305784713
10.888888888888888,0.5411695265464638,stable_coexistence,0,3.46679662941262e-08,29.999999973327782,0.2060985129677565
10.888888888888888,0.5994842503189411,stable_coexistence,0,2.189911459247936e-08,29.99999998311468,0.20609851290990291
10.888888888888888,0.6640827850634842,stable_coexistence,0,1.4180763523087624e-08,29.999999989311974,0.20609851287097786
10.888888888888888,0.7356422544596414,stable_coexistence,0,1.068366266802166e-08,29.999999993356887,0.20609851284381653
10.888888888888888,0.8149127469020745,stable_coexistence,0,1.0008130385004926e-08,29.999999996061785,0.20609851282431552
10.888888888888888,0.9027251779484579,stable_coexistence,0,9.385071683417374e-09,29.999999997905764,0.20609851280999636
10.888888888888888,1.0,stable_coexistence,0,8.806581419902776e-09,29.99999999918151,0.20609851279928995
10.888888888888888,1.1077568505097097,stable_coexistence,0,8.270965778913263e-09,30.00000000007418,0.2060985127911608
10.888888888888888,1.2271252398511903,stable_coexistence,0,7.777933911566844e-09,30.000000000703892,0.2060985127849101
10.888888888888888,1.3593563908785256,stable_coexistence,0,7.3269246074909435e-09,30.00000000115045,0.20609851278004976
10.888888888888888,1.5058363542798414,stable_coexistence,0,6.916649652683084e-09,30.000000001467928,0.20609851277623364
10.888888888888888,1.6681005372000592,stable_coexistence,0,6.545134093594618e-09,30.000000001693557,0.20609851277320987
10.888888888888888,1.8478497974222907,stable_coexistence,0,6.209917083874503e-09,30.00000000185338,0.20609851277079502
10.888888888888888,2.046968271807522,stable_coexistence,0,5.908258889151204e-09,30.000000001965788,0.20609851276885097
10.888888888888888,2.267543125870802,stable_coexistence,0,5.637331549332333e-09,30.000000002043816,0.2060985127672746
10.888888888888888,2.5118864315095797,stable_coexistence,0,5.394329131151718e-09,30.000000002096797,0.20609851276598942
10.888888888888888,2.782559402207126,stable_coexistence,0,5.1765600987245365e-09,30.00000000213167,0.2060985127649341
10.888888888888888,3.0823992397451434,stable_coexistence,0,4.981506880713075e-09,30.000000002153403,0.20609851276406235
10.888888888888888,3.414548873833601,stable_coexistence,0,4.806837357434053e-09,30.000000002165667,0.2060985127633382
10.888888888888888,3.782489906389386,stable_coexistence,0,4.6504268876833095e-09,30.000000002171127,0.2060985127627334
10.888888888888888,4.190079105786669,stable_coexistence,0,4.510347413747083e-09,30.00000000217177,0.2060985127622258
10.888888888888888,4.641588833612782,stable_coexistence,0,4.384862013907652e-09,30.00000000216905,0.20609851276179753
10.888888888888888,5.141751827683928,stable_coexistence,0,4.272419454948984e-09,30.00000000216404,0.20609851276143462
10.888888888888888,5.695810810737687,stable_coexistence,0,4.171621744038442e-09,30.00000000215754,0.2060985127611258
10.888888888888888,6.309573444801936,stable_coexistence,0,4.081228865678336e-09,30.000000002150134,0.20609851276086175
10.888888888888888,6.989473207273487,stable_coexistence,0,4.000133912710165e-09,30.00000000214224,0.20609851276063518
10.888888888888888,7.742636826811269,stable_coexistence,0,3.9273454411699995e-09,30.000000002134154,0.2060985127604401
10.888888888888888,8.576958985908945,stable_coexistence,0,3.861987825559841e-09,30.00000000212612,0.20609851276027152
10.888888888888888,9.50118507318144,stable_coexistence,0,3.803271416052727e-09,30.000000002118263,0.20609851276012528
10.888888888888888,10.525002852777327,stable_coexistence,0,3.7504902884407205e-09,30.000000002110703,0.20609851275999808
10.888888888888888,11.659144011798324,stable_coexistence,0,3.703001164700432e-09,30.000000002103437,0.20609851275988744
10.888888888888888,12.91549665014884,stable_coexistence,0,3.6601658590314054e-09,30.0000000020965,0.2060985127597913
10.888888888888888,14.307229891937586,stable_coexistence,0,3.6209443737162073e-09,30.000000002089365,0.20609851275970986
10.888888888888888,15.848931924611142,stable_coexistence,0,3.571113064272853e-09,30.00000000206966,0.20609851275970315
10.888888888888888,17.556762912750013,stable_coexistence,0,3.539925922517693e-09,30.000000002063974,0.20609851275963856
10.888888888888888,19.448624389373634,stable_coexistence,0,3.5118334312240756e-09,30.000000002058695,0.20609851275958171
10.888888888888888,21.544346900318846,stable_coexistence,0,3.4861070472403658e-09,30.000000002053426,0.20609851275953342
10.888888888888888,23.865897868585808,stable_coexistence,0,3.457162378359591e-09,30.000000002043294,0.20609851275951724
10.888888888888888,26.437611857491014,stable_coexistence,0,3.3300089794583114e-09,30.00000000194267,0.20609851275995958
10.888888888888888,29.286445646252375,stable_coexistence,0,5.6870860955426e-07,29.972557764659136,2.0932527454929137
10.888888888888888,32.4422607917163,stable_coexistence,0,4.471019237390971e-05,29.878456503016082,4.962193904229152
10.888888888888888,35.938136638046295,stable_coexistence,0,4.7446080891205876e-05,29.878392408617515,4.950815231919436
10.888888888888888,39.810717055349734,stable_coexistence,0,4.971838593341157e-05,29.878334100538755,4.940480430449271
10.888888888888888,44.100594541767364,stable_coexistence,0,5.1576865103090525e-05,29.878281109900424,4.9310988453300455
10.888888888888888,48.852735715193916,stable_coexistence,0,5.307327388376058e-05,29.878232994708856,4.92258681520598
10.888888888888888,54.116952654646376,stable_coexistence,0,5.42581445642942e-05,29.878189340599278,4.914867283518323
10.888888888888888,59.948425031894146,stable_coexistence,0,5.5178868985563275e-05,29.878149761043804,4.907869404722265
10.888888888888888,66.40827850634845,stable_coexistence,0,5.587857011353899e-05,29.878113897079107,4.90152815113304
10.888888888888888,73.56422544596414,stable_coexistence,0,5.639535293125854e-05,29.87808141665086,4.895783925389592
10.888888888888888,81.49127469020749,stable_coexistence,0,5.676268514041317e-05,29.87805201364563,4.89058218252613
10.888888888888888,90.27251779484578,stable_coexistence,0,5.700918815872503e-05,29.878025406708765,4.885873064750311
10.888888888888888,100.0,stable_coexistence,0,5.715946456850963e-05,29.878001337902457,4.8816110512471145
11.11111111111111,0.01,predator_extinct,2,1.3373806405470512,62.23340255449716,4.3191201254512925e-20
11.11111111111111,0.011077568505097092,predator_extinct,2,5.37423206983422,70.36339748907618,2.0655400525333372e-16
11.11111111111111,0.012271252398511897,predator_extinct,2,31.520045683584605,77.62714808463863,4.569953369109523e-13
11.11111111111111,0.013593563908785255,predator_extinct,2,31.671250929373826,83.87136925460771,4.918263587121867e-10
11.11111111111111,0.015058363542798407,predator_extinct,2,31.702325704700918,89.00694088979785,2.729913571639574e-07
11.11111111111111,0.016681005372000592,low_density_risk,4,31.668570004998212,92.97979138039618,8.283622282108047e-05
11.11111111111111,0.018478497974222907,low_density_risk,4,25.52818941603729,93.83020234859676,0.011629517837405103
11.11111111111111,0.02046968271807521,low_density_risk,4,7.404187894406602,85.30007161906077,0.06688205518053295
11.11111111111111,0.02267543125870802,low_density_risk,4,5.738657952464142,76.79861261519265,0.08066934025339716
11.11111111111111,0.025118864315095794,low_density_risk,4,4.192299067179912,69.36337144060907,0.10345989076774609
11.11111111111111,0.027825594022071243,low_density_risk,4,3.235390610341276,61.69690449131791,0.12590501057284464
11.11111111111111,0.030823992397451434,low_density_risk,4,2.6824767076821217,54.819134346391984,0.14298137026425442
11.11111111111111,0.034145488738336005,low_density_risk,4,2.2610263116842755,48.50883431649341,0.16013349794219806
11.11111111111111,0.037824899063893865,oscillatory_coexistence,1,1.953366241167986,42.722328228916,0.17528298328303904
11.11111111111111,0.04190079105786669,oscillatory_coexistence,1,1.9750211048159303,37.52805656999331,0.18885547686694637
11.11111111111111,0.046415888336127795,oscillatory_coexistence,1,1.9013147983750307,33.13388881034118,0.20041627453460698
11.11111111111111,0.051417518276839276,oscillatory_coexistence,1,1.0247113197858013,30.46110737439107,0.2067210640318504
11.11111111111111,0.056958108107376865,oscillatory_coexistence,1,0.5238019009788515,29.777453637045603,0.2045667211803728
11.11111111111111,0.06309573444801933,oscillatory_coexistence,1,0.2716505013948571,29.898174541496115,0.20132768410412163
11.11111111111111,0.06989473207273486,oscillatory_coexistence,1,0.11279327464590376,30.050362757708324,0.20124440302605384
11.11111111111111,0.0774263682681127,oscillatory_coexistence,1,0.0824458280427211,30.053510381924983,0.20198769480452827
11.11111111111111,0.08576958985908942,oscillatory_coexistence,1,0.03356658592187703,30.00951038150004,0.2022689186804898
11.11111111111111,0.0950118507318144,oscillatory_coexistence,1,0.013388679501656637,29.99252810237394,0.2022133615801328
11.11111111111111,0.10525002852777332,oscillatory_coexistence,1,0.00807330556900732,29.99495034358984,0.20213756228883245
11.11111111111111,0.11659144011798317,oscillatory_coexistence,1,0.0031600839951078682,29.99906750496513,0.2021170960346466
11.11111111111111,0.1291549665014884,oscillatory_coexistence,1,0.0010367802251790555,30.000403924866784,0.2021205711921269
11.11111111111111,0.14307229891937578,stable_coexistence,0,0.0005237346961102775,30.00035791770856,0.20212518544528965
11.11111111111111,0.15848931924611134,stable_coexistence,0,0.00021616090373565106,30.000139155784627,0.20212694601155518
11.11111111111111,0.17556762912750015,stable_coexistence,0,9.069993682569964e-05,30.000031896295287,0.2021272595981028
11.11111111111111,0.19448624389373625,stable_coexistence,0,3.4137645939453295e-05,30.000001062773077,0.2021272153839714
11.11111111111111,0.21544346900318845,stable_coexistence,0,1.0961601408817479e-05,29.999996420660935,0.20212715226973477
11.11111111111111,0.2386589786858581,stable_coexistence,0,3.825130050545668e-06,29.999997344319674,0.20212711850166204
11.11111111111111,0.26437611857491,stable_coexistence,0,1.990246474107832e-06,29.99999853283691,0.20212710394101324
11.11111111111111,0.29286445646252374,stable_coexistence,0,1.017501417119524e-06,29.999999244090734,0.20212709802310763
11.11111111111111,0.324422607917163,stable_coexistence,0,5.236227715894666e-07,29.999999608572963,0.20212709557970626
11.11111111111111,0.35938136638046275,stable_coexistence,0,2.7913251259867684e-07,29.999999789994234,0.2021270945096177
11.11111111111111,0.3981071705534973,stable_coexistence,0,1.5556197802161234e-07,29.9999998821802,0.20212709400128398
11.11111111111111,0.44100594541767385,stable_coexistence,0,9.04900561678165e-08,29.999999931027872,0.2021270937377303
11.11111111111111,0.4885273571519389,stable_coexistence,0,5.4536551367087635e-08,29.99999995820472,0.20212709358935535
11.11111111111111,0.5411695265464638,stable_coexistence,0,3.3702602852160256e-08,29.99999997406422,0.2021270934996556
11.11111111111111,0.5994842503189411,stable_coexistence,0,2.11682479971524e-08,29.999999983723928,0.20212709344217122
11.11111111111111,0.6640827850634842,stable_coexistence,0,1.368613444291789e-08,29.999999989824747,0.20212709340358764
11.11111111111111,0.7356422544596414,stable_coexistence,0,1.1187988493515922e-08,29.99999999379372,0.2021270933767343
11.11111111111111,0.8149127469020745,stable_coexistence,0,1.0417326380534342e-08,29.99999999643744,0.2021270933575089
11.11111111111111,0.9027251779484579,stable_coexistence,0,9.718704064316653e-09,29.999999998231214,0.20212709334343018
11.11111111111111,1.0,stable_coexistence,0,9.079618716300077e-09,29.999999999465498,0.2021270933329324
11.11111111111111,1.1077568505097097,stable_coexistence,0,8.494999548155922e-09,30.000000000323432,0.20212709332498624
11.11111111111111,1.2271252398511903,stable_coexistence,0,7.962062653387298e-09,30.000000000924,0.2021270933188943
11.11111111111111,1.3593563908785256,stable_coexistence,0,7.47836494918472e-09,30.000000001346027,0.20212709331417178
11.11111111111111,1.5058363542798414,stable_coexistence,0,7.041163977412709e-09,30.000000001642572,0.2021270933104747
11.11111111111111,1.6681005372000592,stable_coexistence,0,6.647359640100315e-09,30.000000001850427,0.20212709330755443
11.11111111111111,1.8478497974222907,stable_coexistence,0,6.293588464774515e-09,30.00000000199505,0.20212709330522843
11.11111111111111,2.046968271807522,stable_coexistence,0,5.976409056112263e-09,30.000000002094517,0.20212709330336273
11.11111111111111,2.267543125870802,stable_coexistence,0,5.692430704174612e-09,30.000000002161197,0.2021270933018552
11.11111111111111,2.5118864315095797,stable_coexistence,0,5.438407531318208e-09,30.000000002204462,0.20212709330062875
11.11111111111111,2.782559402207126,stable_coexistence,0,5.211289651271946e-09,30.0000000022309,0.2021270932996246
11.11111111111111,3.0823992397451434,stable_coexistence,0,5.0082703018047396e-09,30.000000002245315,0.2021270932987977
11.11111111111111,3.414548873833601,stable_coexistence,0,4.82678773950595e-09,30.00000000225117,0.2021270932981129
11.11111111111111,3.782489906389386,stable_coexistence,0,4.664523345004608e-09,30.00000000225105,0.20212709329754247
11.11111111111111,4.190079105786669,stable_coexistence,0,4.5193978334080805e-09,30.000000002246793,0.20212709329706482
11.11111111111111,4.641588833612782,stable_coexistence,0,4.3895499380199345e-09,30.000000002239755,0.2021270932966633
11.11111111111111,5.141751827683928,stable_coexistence,0,4.273314857210236e-09,30.000000002230948,0.20212709329632444
11.11111111111111,5.695810810737687,stable_coexistence,0,4.169220109582913e-09,30.0000000022211,0.20212709329603684
11.11111111111111,6.309573444801936,stable_coexistence,0,4.0759476383631556e-09,30.000000002210733,0.2021270932957918
11.11111111111111,6.989473207273487,stable_coexistence,0,3.992329074445841e-09,30.00000000220021,0.20212709329558198
11.11111111111111,7.742636826811269,stable_coexistence,0,3.917328446522277e-09,30.000000002189815,0.20212709329540177
11.11111111111111,8.576958985908945,stable_coexistence,0,3.850021338493297e-09,30.000000002179707,0.20212709329524645
11.11111111111111,9.50118507318144,stable_coexistence,0,3.789587665618102e-09,30.000000002169987,0.20212709329511203
11.11111111111111,10.525002852777327,stable_coexistence,0,3.7352916608938565e-09,30.000000002160778,0.20212709329499556
11.11111111111111,11.659144011798324,stable_coexistence,0,3.686462808825641e-09,30.000000002152078,0.20212709329489437
11.11111111111111,12.91549665014884,stable_coexistence,0,3.6424472916728285e-09,30.00000000214381,0.20212709329480652
11.11111111111111,14.307229891937586,stable_coexistence,0,3.6022128092642795e-09,30.00000000213555,0.2021270932947327
11.11111111111111,15.848931924611142,stable_coexistence,0,3.5519809905657424e-09,30.00000000211488,0.20212709329473277
11.11111111111111,17.556762912750013,stable_coexistence,0,3.519976724664671e-09,30.00000000210824,0.2021270932946743
11.11111111111111,19.448624389373634,stable_coexistence,0,3.49115509810056e-09,30.000000002102134,0.2021270932946228
11.11111111111111,21.544346900318846,stable_coexistence,0,3.464802844390596e-09,30.00000000209614,0.2021270932945793
11.11111111111111,23.865897868585808,stable_coexistence,0,3.4356118540282e-09,30.000000002085503,0.20212709329456707
11.11111111111111,26.437611857491014,stable_coexistence,0,3.3119694836317475e-09,30.000000001985025,0.20212709329501263
11.11111111111111,29.286445646252375,stable_coexistence,0,5.778445205507605e-07,29.972850702070893,2.0789951306549397
11.11111111111111,32.4422607917163,stable_coexistence,0,4.528963857216949e-05,29.87844336819073,4.959860348810649
11.11111111111111,35.938136638046295,stable_coexistence,0,4.7930308890196296e-05,29.878380454454835,4.948695277744113
11.11111111111111,39.810717055349734,stable_coexistence,0,5.0116766947566e-05,29.87832323240531,4.938555608989249
11.11111111111111,44.100594541767364,stable_coexistence,0,5.18995487891511e-05,29.878271238383157,4.929352098867508
11.11111111111111,48.852735715193916,stable_coexistence,0,5.3330596773364774e-05,29.878224035807303,4.921002420930185
11.11111111111111,54.116952654646376,stable_coexistence,0,5.4459720939854434e-05,29.878181215806602,4.913430776010746
11.11111111111111,59.948425031894146,stable_coexistence,0,5.533349656915031e-05,29.878142397330915,4.906567498119954
11.11111111111111,66.40827850634845,stable_coexistence,0,5.599415600425249e-05,29.878107226790576,4.900348662039332
11.11111111111111,73.56422544596414,stable_coexistence,0,5.647889949343444e-05,29.87807537733718,4.89471569739469
11.11111111111111,81.49127469020749,stable_coexistence,0,5.682024739335032e-05,29.878046547844743,4.889615013016968
11.11111111111111,90.27251779484578,stable_coexistence,0,5.704604127410827e-05,29.87802046168932,4.884997634526462
11.11111111111111,100.0,stable_coexistence,0,5.717976702609302e-05,29.877996865392458,4.880818857315214
11.333333333333332,0.01,predator_extinct,2,1.347768047497798,61.9033439886227,2.2747978379644117e-20
11.333333333333332,0.011077568505097092,predator_extinct,2,3.2555657136374823,70.07437481469715,1.1572998620882135e-16
11.333333333333332,0.012271252398511897,predator_extinct,2,31.470323208936804,77.38336223686733,2.7099146045576955e-13
11.333333333333332,0.013593563908785255,predator_extinct,2,31.670295216960618,83.67444694066866,3.0707907330373975e-10
11.333333333333332,0.015058363542798407,predator_extinct,2,31.702076649109895,88.8565895010878,1.7859030419343694e-07
11.333333333333332,0.016681005372000592,low_density_risk,4,31.681972221963548,92.87834956407796,5.6548505091420865e-05
11.333333333333332,0.018478497974222907,low_density_risk,4,26.897272332196597,94.17591190922526,0.00872131640510441
11.333333333333332,0.02046968271807521,low_density_risk,4,7.61105692323644,85.97663138424373,0.06384979883926972
11.333333333333332,0.02267543125870802,low_density_risk,4,5.815549453596999,77.3098306469624,0.07811283996765284
11.333333333333332,0.025118864315095794,low_density_risk,4,4.266632072930071,69.86128889248509,0.0997499661527918
11.333333333333332,0.027825594022071243,low_density_risk,4,3.2676283640583224,62.15511786760423,0.12231839367555433
11.333333333333332,0.030823992397451434,low_density_risk,4,2.7042156601777743,55.21776464804469,0.13915905817699062
11.333333333333332,0.034145488738336005,low_density_risk,4,2.2760593234494566,48.86940580044298,0.15607458869534133
11.333333333333332,0.037824899063893865,oscillatory_coexistence,1,1.963854198677332,43.0411981572689,0.17107795198788558
11.333333333333332,0.04190079105786669,oscillatory_coexistence,1,1.965506578698665,37.80488182594086,0.1845012853871182
11.333333333333332,0.046415888336127795,oscillatory_coexistence,1,1.9228302352922841,33.34254126287341,0.19603002815395282
11.333333333333332,0.051417518276839276,oscillatory_coexistence,1,1.081476456682765,30.547527119172848,0.2026570205749313
11.333333333333332,0.056958108107376865,oscillatory_coexistence,1,0.52297261973862,29.78439853564051,0.20091713163796365
11.333333333333332,0.06309573444801933,oscillatory_coexistence,1,0.2879728612348892,29.88800148134365,0.1976103466174186
11.333333333333332,0.06989473207273486,oscillatory_coexistence,1,0.1126089267834079,30.04589624384772,0.19741609795410084
11.333333333333332,0.0774263682681127,oscillatory_coexistence,1,0.08385782916004143,30.054762631660594,0.19814369104830404
11.333333333333332,0.08576958985908942,oscillatory_coexistence,1,0.0340810817251098,30.01092835846615,0.19844037823645216
11.333333333333332,0.0950118507318144,oscillatory_coexistence,1,0.013333789472763743,29.992823262944526,0.1983933422298047
11.333333333333332,0.10525002852777332,oscillatory_coexistence,1,0.008213196005254116,29.994831537685027,0.1983180730635381
11.333333333333332,0.11659144011798317,oscillatory_coexistence,1,0.0031937871958414056,29.998971564323053,0.19829654165486124
11.333333333333332,0.1291549665014884,oscillatory_coexistence,1,0.001074677822746756,30.000377275356524,0.19829950245548106
11.333333333333332,0.14307229891937578,stable_coexistence,0,0.0005225689856103947,30.000357590709505,0.19830402047578055
11.333333333333332,0.15848931924611134,stable_coexistence,0,0.0002195688552429987,30.000142278989575,0.19830579545761304
11.333333333333332,0.17556762912750015,stable_coexistence,0,9.105682911368857e-05,30.00003367916422,0.19830612725561092
11.333333333333332,0.19448624389373625,stable_coexistence,0,3.464181656617279e-05,30.000001765869772,0.1983060914649376
11.333333333333332,0.21544346900318845,stable_coexistence,0,1.1229375529058764e-05,29.99999666174699,0.19830603130096916
11.333333333333332,0.2386589786858581,stable_coexistence,0,3.757598142700154e-06,29.99999742416266,0.19830599843712327
11.333333333333332,0.26437611857491,stable_coexistence,0,1.9525308749836402e-06,29.999998560410713,0.19830598413479514
11.333333333333332,0.29286445646252374,stable_coexistence,0,1.0025179925742553e-06,29.99999925471937,0.19830597828816263
11.333333333333332,0.324422607917163,stable_coexistence,0,5.167156505530625e-07,29.999999613398906,0.1983059758642905
11.333333333333332,0.35938136638046275,stable_coexistence,0,2.753903403491901e-07,29.99999979262316,0.1983059747997843
11.333333333333332,0.3981071705534973,stable_coexistence,0,1.5322470528089525e-07,29.999999883856507,0.19830597429332064
11.333333333333332,0.44100594541767385,stable_coexistence,0,8.886438792804499e-08,29.999999932223528,0.19830597403064465
11.333333333333332,0.4885273571519389,stable_coexistence,0,5.331882328673029e-08,29.99999995912068,0.19830597388286114
11.333333333333332,0.5411695265464638,stable_coexistence,0,3.274467594159497e-08,29.99999997479735,0.19830597379364837
11.333333333333332,0.5994842503189411,stable_coexistence,0,2.0485093011178963e-08,29.99999998432713,0.19830597373658737
11.333333333333332,0.6640827850634842,stable_coexistence,0,1.3224365820437177e-08,29.999999990330036,0.19830597369837513
11.333333333333332,0.7356422544596414,stable_coexistence,0,1.1676948950758709e-08,29.99999999422235,0.19830597367184782
11.333333333333332,0.8149127469020745,stable_coexistence,0,1.0811836641944738e-08,29.999999996804625,0.19830597365290478
11.333333333333332,0.9027251779484579,stable_coexistence,0,1.0038650444729781e-08,29.999999998548308,0.1983059736390728
11.333333333333332,1.0,stable_coexistence,0,9.339991180548707e-09,29.999999999741192,0.19830597362878932
11.333333333333332,1.1077568505097097,stable_coexistence,0,8.707363481929057e-09,30.000000000564718,0.19830597362102595
11.333333333333332,1.2271252398511903,stable_coexistence,0,8.135477358142583e-09,30.000000001136463,0.19830597361509153
11.333333333333332,1.3593563908785256,stable_coexistence,0,7.619967589854728e-09,30.000000001534204,0.19830597361050492
11.333333333333332,1.5058363542798414,stable_coexistence,0,7.156644580224438e-09,30.00000000181021,0.19830597360692456
11.333333333333332,1.6681005372000592,stable_coexistence,0,6.7412552572681086e-09,30.000000002000615,0.19830597360410546
11.333333333333332,1.8478497974222907,stable_coexistence,0,6.369558036115156e-09,30.00000000213035,0.1983059736018673
11.333333333333332,2.046968271807522,stable_coexistence,0,6.037417439613612e-09,30.000000002216986,0.19830597360007615
11.333333333333332,2.267543125870802,stable_coexistence,0,5.740891495085468e-09,30.000000002272667,0.1983059735986344
11.333333333333332,2.5118864315095797,stable_coexistence,0,5.476285498726076e-09,30.000000002306443,0.19830597359746532
11.333333333333332,2.782559402207126,stable_coexistence,0,5.240210753803272e-09,30.00000000232466,0.1983059735965115
11.333333333333332,3.0823992397451434,stable_coexistence,0,5.029570596649871e-09,30.000000002331937,0.19830597359572863
11.333333333333332,3.414548873833601,stable_coexistence,0,4.8415767391463964e-09,30.00000000233157,0.1983059735950825
11.333333333333332,3.782489906389386,stable_coexistence,0,4.673732215695268e-09,30.000000002326008,0.19830597359454624
11.333333333333332,4.190079105786669,stable_coexistence,0,4.52379988249278e-09,30.00000000231698,0.1983059735940989
11.333333333333332,4.641588833612782,stable_coexistence,0,4.389799575358084e-09,30.000000002305786,0.19830597359372396
11.333333333333332,5.141751827683928,stable_coexistence,0,4.26996713510208e-09,30.000000002293277,0.1983059735934081
11.333333333333332,5.695810810737687,stable_coexistence,0,4.162739486129905e-09,30.00000000228018,0.19830597359314084
11.333333333333332,6.309573444801936,stable_coexistence,0,4.066736280753611e-09,30.000000002266937,0.19830597359291371
11.333333333333332,6.989473207273487,stable_coexistence,0,3.9807285168879705e-09,30.000000002253888,0.19830597359271995
11.333333333333332,7.742636826811269,stable_coexistence,0,3.9036330905561785e-09,30.00000000224123,0.198305973592554
11.333333333333332,8.576958985908945,stable_coexistence,0,3.834484611027983e-09,30.000000002229097,0.19830597359241134
11.333333333333332,9.50118507318144,stable_coexistence,0,3.772430782291899e-09,30.000000002217625,0.19830597359228833
11.333333333333332,10.525002852777327,stable_coexistence,0,3.7167026786841154e-09,30.00000000220681,0.19830597359218177
11.333333333333332,11.659144011798324,stable_coexistence,0,3.666609534241738e-09,30.000000002196703,0.19830597359208957
11.333333333333332,12.91549665014884,stable_coexistence,0,3.6214813071650184e-09,30.000000002187175,0.19830597359200985
11.333333333333332,14.307229891937586,stable_coexistence,0,3.580295881728701e-09,30.00000000217778,0.19830597359194302
11.333333333333332,15.848931924611142,stable_coexistence,0,3.529714594428146e-09,30.00000000215621,0.19830597359194957
11.333333333333332,17.556762912750013,stable_coexistence,0,3.496941284439601e-09,30.00000000214869,0.19830597359189672
11.333333333333332,19.448624389373634,stable_coexistence,0,3.4674341025594473e-09,30.000000002141768,0.19830597359185034
11.333333333333332,21.544346900318846,stable_coexistence,0,3.440493401040639e-09,30.000000002135057,0.19830597359181146
11.333333333333332,23.865897868585808,stable_coexistence,0,3.411075629121849e-09,30.000000002123915,0.1983059735918027
11.333333333333332,26.437611857491014,stable_coexistence,0,3.2909393134310255e-09,30.000000002023707,0.19830597359225066
11.333333333333332,29.286445646252375,stable_coexistence,0,5.674937852840892e-07,29.973136221507733,2.0651290807835214
11.333333333333332,32.4422607917163,stable_coexistence,0,4.583866208770344e-05,29.87843072720923,4.957615421267364
11.333333333333332,35.938136638046295,stable_coexistence,0,4.838752910398267e-05,29.878368952236425,4.946656070838372
11.333333333333332,39.810717055349734,stable_coexistence,0,5.0492008503477894e-05,29.87831277716881,4.936704295956771
11.333333333333332,44.100594541767364,stable_coexistence,0,5.220267409564584e-05,29.87826174351228,4.92767222146532
11.333333333333332,48.852735715193916,stable_coexistence,0,5.357142426159283e-05,29.87821542001375,4.919478814617301
11.333333333333332,54.116952654646376,stable_coexistence,0,5.46476452239391e-05,29.878173403193276,4.912049493814139
11.333333333333332,59.948425031894146,stable_coexistence,0,5.54770477117524e-05,29.878135317353514,4.905315734407073
11.333333333333332,66.40827850634845,stable_coexistence,0,5.610084864456796e-05,29.878100814146297,4.899214677202928
11.333333333333332,73.56422544596414,stable_coexistence,0,5.655546100221457e-05,29.878069571786654,4.893688744259878
11.333333333333332,81.49127469020749,stable_coexistence,0,5.687235600859086e-05,29.87804129398971,4.888685265602956
11.333333333333332,90.27251779484578,stable_coexistence,0,5.707864499026122e-05,29.878015708718124,4.884156119639802
11.333333333333332,100.0,stable_coexistence,0,5.719694771308356e-05,29.87799256680971,4.880057389317584
11.555555555555555,0.01,predator_extinct,2,1.358007931146782,61.57892567167554,1.2119401655160437e-20
11.555555555555555,0.011077568505097092,predator_extinct,2,1.9295168328423635,69.78993079577381,6.551783542299978e-17
11.555555555555555,0.012271252398511897,predator_extinct,2,31.390363877477252,77.1431115566334,1.6220310762097516e-13
11.555555555555555,0.013593563908785255,predator_extinct,2,31.669317543223084,83.48005742316857,1.9335255563296966e-10
11.555555555555555,0.015058363542798407,predator_extinct,2,31.701812172936968,88.70786201164613,1.177249298621944e-07
11.555555555555555,0.016681005372000592,low_density_risk,4,31.691144057052412,92.7761971269481,3.8863418356360016e-05
11.555555555555555,0.018478497974222907,low_density_risk,4,28.00282650415802,94.45313450813836,0.006492809922263116
11.555555555555555,0.02046968271807521,low_density_risk,4,7.855842044578439,86.6430288968027,0.06072687959418244
11.555555555555555,0.02267543125870802,low_density_risk,4,5.889686931249048,77.81625002348284,0.07571246224857359
11.555555555555555,0.025118864315095794,low_density_risk,4,4.341814146573433,70.34658753279659,0.0962173279049102
11.555555555555555,0.027825594022071243,low_density_risk,4,3.3002723979302693,62.60607738283665,0.11887289547872731
11.555555555555555,0.030823992397451434,low_density_risk,4,2.7257759993682704,55.60911460815141,0.13550504441173067
11.555555555555555,0.034145488738336005,low_density_risk,4,2.2910334051590198,49.22333431654436,0.15218304040716576
11.555555555555555,0.037824899063893865,oscillatory_coexistence,1,1.974220815920637,43.35446008393994,0.16704442880837503
11.555555555555555,0.04190079105786669,oscillatory_coexistence,1,1.9556913167906824,38.07739118860609,0.1803210631959438
11.555555555555555,0.046415888336127795,oscillatory_coexistence,1,1.9410344989245705,33.55114503719608,0.19180647349754854
11.555555555555555,0.051417518276839276,oscillatory_coexistence,1,1.1372045236152437,30.63801516624284,0.19871810085746877
11.555555555555555,0.056958108107376865,oscillatory_coexistence,1,0.5221836999224737,29.793322077330192,0.1973920820908658
11.555555555555555,0.06309573444801933,oscillatory_coexistence,1,0.30385072481569797,29.87820744432679,0.19403727044876604
11.555555555555555,0.06989473207273486,oscillatory_coexistence,1,0.11510079754016857,30.04118881502283,0.19373292829126534
11.555555555555555,0.0774263682681127,oscillatory_coexistence,1,0.08508643228237832,30.055852894372407,0.19444246964229372
11.555555555555555,0.08576958985908942,oscillatory_coexistence,1,0.03452836955754461,30.012340678116203,0.1947535506121198
11.555555555555555,0.0950118507318144,oscillatory_coexistence,1,0.013281045688628784,29.993140626172874,0.19471502022184056
11.555555555555555,0.10525002852777332,oscillatory_coexistence,1,0.008341460172842641,29.994722319406748,0.19464043570938472
11.555555555555555,0.11659144011798317,oscillatory_coexistence,1,0.0032235458682993903,29.99887688773366,0.19461790379916752
11.555555555555555,0.1291549665014884,oscillatory_coexistence,1,0.0011117794111902253,30.00035007110665,0.19462035977158054
11.555555555555555,0.14307229891937578,stable_coexistence,0,0.0005209204818761466,30.00035684807531,0.1946247784931364
11.555555555555555,0.15848931924611134,stable_coexistence,0,0.0002227954589270429,30.000145238147287,0.19462656522146682
11.555555555555555,0.17556762912750015,stable_coexistence,0,9.135451756114415e-05,30.00003541131419,0.19462691411124847
11.555555555555555,0.19448624389373625,stable_coexistence,0,3.5121691913324376e-05,30.00000245549733,0.1946268863923079
11.555555555555555,0.21544346900318845,stable_coexistence,0,1.1488456447392902e-05,29.999996899805563,0.194626829089859
11.555555555555555,0.2386589786858581,stable_coexistence,0,3.693522971281662e-06,29.99999750355379,0.19462679711390973
11.555555555555555,0.26437611857491,stable_coexistence,0,1.9162518412034055e-06,29.99999858805171,0.19462678306957654
11.555555555555555,0.29286445646252374,stable_coexistence,0,9.874949842215593e-07,29.999999265461515,0.19462677729606437
11.555555555555555,0.324422607917163,stable_coexistence,0,5.097647047135621e-07,29.999999618302734,0.1946267748931646
11.555555555555555,0.35938136638046275,stable_coexistence,0,2.716228382323798e-07,29.99999979529529,0.19462677383509322
11.555555555555555,0.3981071705534973,stable_coexistence,0,1.5087753872014286e-07,29.9999998855534,0.194626773330968
11.555555555555555,0.44100594541767385,stable_coexistence,0,8.723853867460599e-08,29.99999993342642,0.194626773069426
11.555555555555555,0.4885273571519389,stable_coexistence,0,5.21065810390108e-08,29.999999960036313,0.1946267729223766
11.555555555555555,0.5411695265464638,stable_coexistence,0,3.179536461884907e-08,29.999999975526084,0.19462677283372595
11.555555555555555,0.5994842503189411,stable_coexistence,0,1.9845380524115614e-08,29.999999984923594,0.19462677277713236
11.555555555555555,0.6640827850634842,stable_coexistence,0,1.3267923415850159e-08,29.999999990827444,0.1946267727393174
11.555555555555555,0.7356422544596414,stable_coexistence,0,1.2150689819435788e-08,29.999999994642636,0.19462677271312875
11.555555555555555,0.8149127469020745,stable_coexistence,0,1.119210016622391e-08,29.9999999971634,0.194626772694477
11.555555555555555,0.9027251779484579,stable_coexistence,0,1.0345383927695679e-08,29.999999998857103,0.19462677268089273
11.555555555555555,1.0,stable_coexistence,0,9.588236456652545e-09,30.000000000008843,0.1946267726708201
11.555555555555555,1.1077568505097097,stable_coexistence,0,8.908634422510673e-09,30.000000000798305,0.1946267726632391
11.555555555555555,1.2271252398511903,stable_coexistence,0,8.298752144363456e-09,30.00000000134154,0.19462677265746076
11.555555555555555,1.3593563908785256,stable_coexistence,0,7.752305700641312e-09,30.00000000171535,0.19462677265300773
11.555555555555555,1.5058363542798414,stable_coexistence,0,7.263635381582623e-09,30.000000001971127,0.1946267726495423
11.555555555555555,1.6681005372000592,stable_coexistence,0,6.827358589101478e-09,30.000000002144382,0.19462677264682188
11.555555555555555,1.8478497974222907,stable_coexistence,0,6.438352073216104e-09,30.00000000225953,0.1946267726446691
11.555555555555555,2.046968271807522,stable_coexistence,0,6.091801433190673e-09,30.00000000233362,0.1946267726429527
11.555555555555555,2.267543125870802,stable_coexistence,0,5.783202893890891e-09,30.000000002378563,0.19462677264157452
11.555555555555555,2.5118864315095797,stable_coexistence,0,5.508444070807417e-09,30.00000000240307,0.19462677264046072
11.555555555555555,2.782559402207126,stable_coexistence,0,5.26378300904474e-09,30.000000002413266,0.1946267726395548
11.555555555555555,3.0823992397451434,stable_coexistence,0,5.045853275543761e-09,30.000000002413586,0.19462677263881334
11.555555555555555,3.414548873833601,stable_coexistence,0,4.851641932256797e-09,30.000000002407177,0.19462677263820286
11.555555555555555,3.782489906389386,stable_coexistence,0,4.678473312088298e-09,30.0000000023963,0.1946267726376989
11.555555555555555,4.190079105786669,stable_coexistence,0,4.523964728397561e-09,30.00000000238264,0.19462677263728004
11.555555555555555,4.641588833612782,stable_coexistence,0,4.386013566805659e-09,30.000000002367397,0.19462677263693015
11.555555555555555,5.141751827683928,stable_coexistence,0,4.262762468601353e-09,30.000000002351328,0.19462677263663644
11.555555555555555,5.695810810737687,stable_coexistence,0,4.152565106265942e-09,30.00000000233507,0.19462677263638872
11.555555555555555,6.309573444801936,stable_coexistence,0,4.053973630551599e-09,30.00000000231905,0.19462677263617892
11.555555555555555,6.989473207273487,stable_coexistence,0,3.965703735463523e-09,30.000000002303526,0.19462677263600056
11.555555555555555,7.742636826811269,stable_coexistence,0,3.8866270791374095e-09,30.000000002288672,0.19462677263584824
11.555555555555555,8.576958985908945,stable_coexistence,0,3.815738598873606e-09,30.000000002274614,0.19462677263571776
11.555555555555555,9.50118507318144,stable_coexistence,0,3.75215023467628e-09,30.0000000022614,0.19462677263560554
11.555555555555555,10.525002852777327,stable_coexistence,0,3.6950725735660697e-09,30.00000000224908,0.19462677263550882
11.555555555555555,11.659144011798324,stable_coexistence,0,3.643789270041616e-09,30.000000002237577,0.19462677263542513
11.555555555555555,12.91549665014884,stable_coexistence,0,3.5976115713444552e-09,30.000000002226844,0.19462677263535305
11.555555555555555,14.307229891937586,stable_coexistence,0,3.555528256737955e-09,30.00000000221639,0.19462677263529307
11.555555555555555,15.848931924611142,stable_coexistence,0,3.5046481862171884e-09,30.000000002193904,0.19462677263530573
11.555555555555555,17.556762912750013,stable_coexistence,0,3.4711496489431968e-09,30.000000002185534,0.19462677263525827
11.555555555555555,19.448624389373634,stable_coexistence,0,3.4409993074635553e-09,30.000000002177853,0.19462677263521683
11.555555555555555,21.544346900318846,stable_coexistence,0,3.4135054484251006e-09,30.00000000217047,0.19462677263518235
11.555555555555555,23.865897868585808,stable_coexistence,0,3.383881974384402e-09,30.000000002158846,0.19462677263517697
11.555555555555555,26.437611857491014,stable_coexistence,0,3.2672341866783532e-09,30.000000002058993,0.1946267726356261
11.555555555555555,29.286445646252375,stable_coexistence,0,5.36974123192376e-07,29.973414633426653,2.0516368555456816
11.555555555555555,32.4422607917163,stable_coexistence,0,4.635900857802441e-05,29.878418552880593,4.955454163068147
11.555555555555555,35.938136638046295,stable_coexistence,0,4.88199434109163e-05,29.87835787693084,4.944693081358295
11.555555555555555,39.810717055349734,stable_coexistence,0,5.084553074105172e-05,29.87830271184096,4.934922357336587
11.555555555555555,44.100594541767364,stable_coexistence,0,5.248744867461353e-05,29.87825260421867,4.926055443896468
11.555555555555555,48.852735715193916,stable_coexistence,0,5.379695382320777e-05,29.87820712805679,4.918012562625311
11.555555555555555,54.116952654646376,stable_coexistence,0,5.482290824633569e-05,29.878165885160502,4.910720311499431
11.555555555555555,59.948425031894146,stable_coexistence,0,5.561021703018093e-05,29.878128505065863,4.904111270798845
11.555555555555555,66.40827850634845,stable_coexistence,0,5.619930081647655e-05,29.878094644534734,4.898123612674139
11.555555555555555,73.56422544596414,stable_coexistence,0,5.662551686001039e-05,29.87806398670979,4.892700718762531
11.555555555555555,81.49127469020749,stable_coexistence,0,5.69194831713786e-05,29.878036240006804,4.8877908093136755
11.555555555555555,90.27251779484578,stable_coexistence,0,5.7107399779219915e-05,29.87801113683849,4.883346586455827
11.555555555555555,100.0,stable_coexistence,0,5.721128105242163e-05,29.877988432217563,4.879324893515897
11.777777777777777,0.01,predator_extinct,2,1.368105446665623,61.25996337467731,6.52881905019556e-21
11.777777777777777,0.011077568505097092,predator_extinct,2,1.1732914841765785,69.50992332939792,3.746414476468195e-17
11.777777777777777,0.012271252398511897,predator_extinct,2,31.262214112517633,76.90629473383558,9.796684890349186e-14
11.777777777777777,0.013593563908785255,predator_extinct,2,31.668306270382498,83.28813617904176,1.2273868185552883e-10
11.777777777777777,0.015058363542798407,predator_extinct,2,31.70153767754657,88.56072544284524,7.817425847419601e-08
11.777777777777777,0.016681005372000592,low_density_risk,4,31.697453105400257,92.67383985722311,2.688396122334651e-05
11.777777777777777,0.018478497974222907,low_density_risk,4,28.876796760685764,94.66753417313974,0.00481163224735674
11.777777777777777,0.02046968271807521,low_density_risk,4,8.148378304160559,87.29797553116705,0.05749330412748392
11.777777777777777,0.02267543125870802,low_density_risk,4,5.9615717066090275,78.3186928730804,0.07345022708206955
11.777777777777777,0.025118864315095794,low_density_risk,4,4.417533521871353,70.81961588890212,0.0928578523832964
11.777777777777777,0.027825594022071243,low_density_risk,4,3.333387737433667,63.04993629000775,0.11555898903846135
11.777777777777777,0.030823992397451434,low_density_risk,4,2.747152557725406,55.993511707641204,0.1320090830228069
11.777777777777777,0.034145488738336005,low_density_risk,4,2.305952368484908,49.57083715085589,0.14844933725742768
11.777777777777777,0.037824899063893865,oscillatory_coexistence,1,1.984479737461601,43.66230315631183,0.1631724387276969
11.777777777777777,0.04190079105786669,oscillatory_coexistence,1,1.9456681085574414,38.34564983888031,0.17630510545068742
11.777777777777777,0.046415888336127795,oscillatory_coexistence,1,1.956249467919115,33.759364330362466,0.18773785316551872
11.777777777777777,0.051417518276839276,oscillatory_coexistence,1,1.1916709730341062,30.73236158602169,0.1948996619350856
11.777777777777777,0.056958108107376865,oscillatory_coexistence,1,0.5214361189787022,29.804232044114727,0.19398373626548385
11.777777777777777,0.06309573444801933,oscillatory_coexistence,1,0.3192009964002446,29.86882392962267,0.1906001072309525
11.777777777777777,0.06989473207273486,oscillatory_coexistence,1,0.11975033648541682,30.036263498625928,0.19018697851561972
11.777777777777777,0.0774263682681127,oscillatory_coexistence,1,0.08613207083483085,30.056781716871814,0.190876281859789
11.777777777777777,0.08576958985908942,oscillatory_coexistence,1,0.0349088930919922,30.01374416157679,0.19120070209448461
11.777777777777777,0.0950118507318144,oscillatory_coexistence,1,0.013230340963665722,29.993478957658034,0.19117063902464265
11.777777777777777,0.10525002852777332,oscillatory_coexistence,1,0.008458239971471644,29.994622540158637,0.19109688239313977
11.777777777777777,0.11659144011798317,oscillatory_coexistence,1,0.003249471653260645,29.99878355347868,0.19107341258072127
11.777777777777777,0.1291549665014884,oscillatory_coexistence,1,0.0011480726251556902,30.000322368640184,0.19107537364577457
11.777777777777777,0.14307229891937578,stable_coexistence,0,0.0005188152428771591,30.00035571190959,0.1910796904526507
11.777777777777777,0.15848931924611134,stable_coexistence,0,0.00022584741942360565,30.000148039853475,0.19108148645906414
11.777777777777777,0.17556762912750015,stable_coexistence,0,9.159636898890148e-05,30.000037094285368,0.19108185138405992
11.777777777777777,0.19448624389373625,stable_coexistence,0,3.557837094225296e-05,30.000003131862304,0.19108183139968377
11.777777777777777,0.21544346900318845,stable_coexistence,0,1.1739179155335907e-05,29.99999713477764,0.1910817768716797
11.777777777777777,0.2386589786858581,stable_coexistence,0,3.6326397519013016e-06,29.99999758241923,0.19108174576658665
11.777777777777777,0.26437611857491,stable_coexistence,0,1.8818279593138183e-06,29.99999861571055,0.1910817319791931
11.777777777777777,0.29286445646252374,stable_coexistence,0,9.724584826206547e-07,29.999999276288353,0.19108172628022488
11.777777777777777,0.324422607917163,stable_coexistence,0,5.02786284702186e-07,29.99999962326815,0.19108172389949
11.777777777777777,0.35938136638046275,stable_coexistence,0,2.6783947760242784e-07,29.999999798001525,0.1910817228485814
11.777777777777777,0.3981071705534973,stable_coexistence,0,1.4852569642448516e-07,29.999999887265595,0.19108172234720586
11.777777777777777,0.44100594541767385,stable_coexistence,0,8.561558528464724e-08,29.999999934633518,0.19108172208702198
11.777777777777777,0.4885273571519389,stable_coexistence,0,5.090158446936592e-08,29.9999999609499,0.19108172194082967
11.777777777777777,0.5411695265464638,stable_coexistence,0,3.0879789330533774e-08,29.99999997624926,0.19108172185281216
11.777777777777777,0.5994842503189411,stable_coexistence,0,1.924541067602977e-08,29.999999985512787,0.1910817217967239
11.777777777777777,0.6640827850634842,stable_coexistence,0,1.3846711870002421e-08,29.99999999131678,0.1910817217593262
11.777777777777777,0.7356422544596414,stable_coexistence,0,1.2609478500464483e-08,29.999999995054527,0.19108172173348772
11.777777777777777,0.8149127469020745,stable_coexistence,0,1.1558491883089596e-08,29.999999997513846,0.19108172171513146
11.777777777777777,0.9027251779484579,stable_coexistence,0,1.06394119591521e-08,29.99999999915773,0.1910817217017974
11.777777777777777,1.0,stable_coexistence,0,9.824873714504296e-09,30.000000000268674,0.19108172169193743
11.777777777777777,1.1077568505097097,stable_coexistence,0,9.09936114574068e-09,30.000000001024432,0.19108172168453716
11.777777777777777,1.2271252398511903,stable_coexistence,0,8.452431169361943e-09,30.00000000153951,0.19108172167891285
11.777777777777777,1.3593563908785256,stable_coexistence,0,7.875918465057285e-09,30.000000001889713,0.19108172167459136
11.777777777777777,1.5058363542798414,stable_coexistence,0,7.3626614725690845e-09,30.00000000212564,0.19108172167123824
11.777777777777777,1.6681005372000592,stable_coexistence,0,6.906181344794012e-09,30.00000000228207,0.1910817216686144
11.777777777777777,1.8478497974222907,stable_coexistence,0,6.500469613925468e-09,30.00000000238291,0.19108172166654475
11.777777777777777,2.046968271807522,stable_coexistence,0,6.140029166082533e-09,30.000000002444715,0.19108172166489962
11.777777777777777,2.267543125870802,stable_coexistence,0,5.8198236743506035e-09,30.00000000247915,0.19108172166358328
11.777777777777777,2.5118864315095797,stable_coexistence,0,5.535321297158815e-09,30.000000002494605,0.191081721662523
11.777777777777777,2.782559402207126,stable_coexistence,0,5.282435584808721e-09,30.000000002497014,0.19108172166166293
11.777777777777777,3.0823992397451434,stable_coexistence,0,5.05753045327312e-09,30.000000002490538,0.19108172166096246
11.777777777777777,3.414548873833601,stable_coexistence,0,4.857382643854615e-09,30.000000002478238,0.19108172166038867
11.777777777777777,3.782489906389386,stable_coexistence,0,4.679134472093587e-09,30.000000002462226,0.19108172165991574
11.777777777777777,4.190079105786669,stable_coexistence,0,4.520268248229595e-09,30.000000002444082,0.19108172165952417
11.777777777777777,4.641588833612782,stable_coexistence,0,4.378560565618682e-09,30.000000002424873,0.1910817216591983
11.777777777777777,5.141751827683928,stable_coexistence,0,4.2520606291798864e-09,30.00000000240534,0.19108172165892576
11.777777777777777,5.695810810737687,stable_coexistence,0,4.139045254355287e-09,30.00000000238604,0.1910817216586968
11.777777777777777,6.309573444801936,stable_coexistence,0,4.0379986166420326e-09,30.00000000236732,0.19108172165850357
11.777777777777777,6.989473207273487,stable_coexistence,0,3.9475899879199346e-09,30.000000002349395,0.19108172165833995
11.777777777777777,7.742636826811269,stable_coexistence,0,3.866637261924366e-09,30.000000002332435,0.19108172165820073
11.777777777777777,8.576958985908945,stable_coexistence,0,3.794105296313208e-09,30.0000000023165,0.19108172165808174
11.777777777777777,9.50118507318144,stable_coexistence,0,3.729070622377638e-09,30.000000002301636,0.19108172165797985
11.777777777777777,10.525002852777327,stable_coexistence,0,3.6707184844474e-09,30.000000002287816,0.19108172165789236
11.777777777777777,11.659144011798324,stable_coexistence,0,3.6183114575866414e-09,30.000000002275005,0.1910817216578169
11.777777777777777,12.91549665014884,stable_coexistence,0,3.5711456307918838e-09,30.000000002263068,0.19108172165775206
11.777777777777777,14.307229891937586,stable_coexistence,0,3.528219967772366e-09,30.00000000225158,0.1910817216576987
11.777777777777777,15.848931924611142,stable_coexistence,0,3.4770844571382435e-09,30.000000002228305,0.19108172165771686
11.777777777777777,17.556762912750013,stable_coexistence,0,3.442903206719155e-09,30.00000000221908,0.19108172165767462
11.777777777777777,19.448624389373634,stable_coexistence,0,3.4121465354384885e-09,30.000000002210644,0.19108172165763784
11.777777777777777,21.544346900318846,stable_coexistence,0,3.3841351644409592e-09,30.000000002202583,0.19108172165760737
11.777777777777777,23.865897868585808,stable_coexistence,0,3.3543238702705287e-09,30.000000002190482,0.19108172165760529
11.777777777777777,26.437611857491014,stable_coexistence,0,3.2411385573155673e-09,30.000000002091138,0.1910817216580549
11.777777777777777,29.286445646252375,stable_coexistence,0,4.861868270570104e-07,29.973686230488457,2.0385018301868443
11.777777777777777,32.4422607917163,stable_coexistence,0,4.6852684003668475e-05,29.878406819966028,4.953371979044195
11.777777777777777,35.938136638046295,stable_coexistence,0,4.922865958187035e-05,29.878347205316516,4.942802112251323
11.777777777777777,39.810717055349734,stable_coexistence,0,5.1178892402360556e-05,29.878293015103065,4.933205963537654
11.777777777777777,44.100594541767364,stable_coexistence,0,5.2755139353495335e-05,29.878243800971656,4.924498275096663
11.777777777777777,48.852735715193916,stable_coexistence,0,5.4008267261080185e-05,29.8781991420761,4.916600485214637
11.777777777777777,54.116952654646376,stable_coexistence,0,5.498640303123729e-05,29.87815864540231,4.909440335172226
11.777777777777777,59.948425031894146,stable_coexistence,0,5.573401926777655e-05,29.8781219456047,4.9029514754604016
11.777777777777777,66.40827850634845,stable_coexistence,0,5.6290215268536054e-05,29.878088704427064,4.897073076540887
11.777777777777777,73.56422544596414,stable_coexistence,0,5.6689521566736136e-05,29.878058609804285,4.8917494483700015
11.777777777777777,81.49127469020749,stable_coexistence,0,5.696195966804149e-05,29.878031374721246,4.886929671979076
11.777777777777777,90.27251779484578,stable_coexistence,0,5.713266225222549e-05,29.878006735905416,4.882567245604205
11.777777777777777,100.0,stable_coexistence,0,5.722303907550944e-05,29.87798445241681,4.8786197471540795
12.0,0.01,predator_extinct,2,1.378065423299124,60.946281822471285,3.5549749845826334e-21
12.0,0.011077568505097092,predator_extinct,2,1.1818911309794449,69.2342168116295,2.163038772798895e-17
12.0,0.012271252398511897,predator_extinct,2,31.05840478975195,76.6728147182001,5.968698854908211e-14
12.0,0.013593563908785255,predator_extinct,2,31.66724394734706,83.0986211058105,7.852757191009395e-11
12.0,0.015058363542798407,predator_extinct,2,31.701256602931235,88.41514718270467,5.2279706632330544e-08
12.0,0.016681005372000592,low_density_risk,4,31.701812480378894,92.57161151240781,1.8715029039287955e-05
12.0,0.018478497974222907,low_density_risk,4,29.556349833693453,94.82647591751154,0.0035573863284422943
12.0,0.02046968271807521,low_density_risk,4,8.500886722880269,87.94013465838766,0.05413541386495629
12.0,0.02267543125870802,low_density_risk,4,6.031685074138505,78.81781133148432,0.07131006997744291
12.0,0.025118864315095794,low_density_risk,4,4.493478375890346,71.28076680824968,0.089666966024761
12.0,0.027825594022071243,low_density_risk,4,3.3670245942059958,63.48682632864897,0.11236809555713359
12.0,0.030823992397451434,low_density_risk,4,2.76835902481018,56.37126589546314,0.12866163364364097
12.0,0.034145488738336005,low_density_risk,4,2.320812586504587,49.912122217965816,0.14486467829235153
12.0,0.037824899063893865,oscillatory_coexistence,1,1.994636855328804,43.964907627742676,0.15945275057251104
12.0,0.04190079105786669,oscillatory_coexistence,1,1.9355135352317618,38.60973227085464,0.17244437753825403
12.0,0.046415888336127795,oscillatory_coexistence,1,1.9687784633409509,33.96690807900585,0.1838167805180553
12.0,0.051417518276839276,oscillatory_coexistence,1,1.2446726655209381,30.83034832530278,0.1911973181993003
12.0,0.056958108107376865,oscillatory_coexistence,1,0.5207347968714242,29.817132963595753,0.19068497304529167
12.0,0.06309573444801933,oscillatory_coexistence,1,0.3339457035801635,29.85987942605848,0.1872910969131582
12.0,0.06989473207273486,oscillatory_coexistence,1,0.12418231829421221,30.031142635155852,0.18677089086713383
12.0,0.0774263682681127,oscillatory_coexistence,1,0.08699580142501599,30.05755015986922,0.18743793057764024
12.0,0.08576958985908942,oscillatory_coexistence,1,0.03522321681295366,30.01513585034244,0.18777465341628338
12.0,0.0950118507318144,oscillatory_coexistence,1,0.013181613315685245,29.993837060753226,0.18775299894660594
12.0,0.10525002852777332,oscillatory_coexistence,1,0.008563714937183997,29.994532042567986,0.18768020273817587
12.0,0.11659144011798317,oscillatory_coexistence,1,0.003271668203618899,29.998691630540026,0.18765585556001096
12.0,0.1291549665014884,oscillatory_coexistence,1,0.001183547767527012,30.0002942204033,0.18765733194854817
12.0,0.14307229891937578,stable_coexistence,0,0.0005162760979990054,30.000354203028035,0.18766154463072343
12.0,0.15848931924611134,stable_coexistence,0,0.00022873108552298724,30.000150690401615,0.1876633476322952
12.0,0.17556762912750015,stable_coexistence,0,9.178574626472737e-05,30.000038729585263,0.18766372759537536
12.0,0.19448624389373625,stable_coexistence,0,3.601298120977639e-05,30.000003795190313,0.18766371502256887
12.0,0.21544346900318845,stable_coexistence,0,1.1981859691955923e-05,29.99999736662341,0.18766366318380548
12.0,0.2386589786858581,stable_coexistence,0,3.706956290119565e-06,29.999997660697122,0.1876636329320251
12.0,0.26437611857491,stable_coexistence,0,1.8491524398517244e-06,29.99999864334483,0.1876636193999268
12.0,0.29286445646252374,stable_coexistence,0,9.574329536597179e-07,29.999999287174916,0.1876636137765459
12.0,0.324422607917163,stable_coexistence,0,4.957937058880247e-07,29.999999628280992,0.187663611418971
12.0,0.35938136638046275,stable_coexistence,0,2.6404767189676994e-07,29.999999800733768,0.18766361037584336
12.0,0.3981071705534973,stable_coexistence,0,1.461736580593829e-07,29.99999988898862,0.18766360987757172
12.0,0.44100594541767385,stable_coexistence,0,8.39980356867213e-08,29.999999935842173,0.18766360961893944
12.0,0.4885273571519389,stable_coexistence,0,4.970530039794974e-08,29.999999961859842,0.18766360947370905
12.0,0.5411695265464638,stable_coexistence,0,3.0019160871487116e-08,29.999999976966123,0.18766360938638446
12.0,0.5994842503189411,stable_coexistence,0,1.868202216143969e-08,29.999999986094252,0.18766360933083284
12.0,0.6640827850634842,stable_coexistence,0,1.4409839725391783e-08,29.999999991797818,0.1876636092938698
12.0,0.7356422544596414,stable_coexistence,0,1.3053635093348274e-08,29.99999999545809,0.1876636092683892
12.0,0.8149127469020745,stable_coexistence,0,1.1911463342451169e-08,29.999999997856026,0.187663609250333
12.0,0.9027251779484579,stable_coexistence,0,1.0921213681751085e-08,29.99999999945039,0.18766360923725006
12.0,1.0,stable_coexistence,0,1.0050437400665445e-08,30.000000000520913,0.18766360922760147
12.0,1.1077568505097097,stable_coexistence,0,9.280063532054373e-09,30.000000001243293,0.18766360922038006
12.0,1.2271252398511903,stable_coexistence,0,8.597058235178676e-09,30.000000001730623,0.18766360921490735
12.0,1.3593563908785256,stable_coexistence,0,7.991306105188744e-09,30.000000002057593,0.18766360921071454
12.0,1.5058363542798414,stable_coexistence,0,7.454226391135983e-09,30.000000002274,0.18766360920747172
12.0,1.6681005372000592,stable_coexistence,0,6.978198403740832e-09,30.000000002413913,0.18766360920494218
12.0,1.8478497974222907,stable_coexistence,0,6.55636197130426e-09,30.000000002500787,0.18766360920295258
12.0,2.046968271807522,stable_coexistence,0,6.182544609075258e-09,30.00000000255052,0.18766360920137679
12.0,2.267543125870802,stable_coexistence,0,5.851180991072571e-09,30.000000002574712,0.1876636092001201
12.0,2.5118864315095797,stable_coexistence,0,5.557323371377515e-09,30.000000002581363,0.18766360919911182
12.0,2.782559402207126,stable_coexistence,0,5.296555608462391e-09,30.000000002576133,0.18766360919829778
12.0,3.0823992397451434,stable_coexistence,0,5.064983336015641e-09,30.00000000256308,0.1876636091976369
12.0,3.414548873833601,stable_coexistence,0,4.85916421132978e-09,30.000000002545026,0.18766360919709724
12.0,3.782489906389386,stable_coexistence,0,4.676072743435814e-09,30.000000002524036,0.18766360919665429
12.0,4.190079105786669,stable_coexistence,0,4.5130537525540006e-09,30.000000002501526,0.187663609196289
12.0,4.641588833612782,stable_coexistence,0,4.367775592697015e-09,30.00000000247847,0.1876636091959861
12.0,5.141751827683928,stable_coexistence,0,4.238189413886393e-09,30.00000000245558,0.1876636091957339
12.0,5.695810810737687,stable_coexistence,0,4.122499437781407e-09,30.000000002433325,0.18766360919552272
12.0,6.309573444801936,stable_coexistence,0,4.019129917441851e-09,30.00000000241197,0.18766360919534542
12.0,6.989473207273487,stable_coexistence,0,3.926691268124272e-09,30.000000002391758,0.18766360919519576
12.0,7.742636826811269,stable_coexistence,0,3.843967159088959e-09,30.000000002372747,0.18766360919506891
12.0,8.576958985908945,stable_coexistence,0,3.769880170701026e-09,30.000000002354994,0.1876636091949611
12.0,9.50118507318144,stable_coexistence,0,3.703481373136961e-09,30.000000002338528,0.1876636091948691
12.0,10.525002852777327,stable_coexistence,0,3.6439267600505675e-09,30.00000000232326,0.18766360919479028
12.0,11.659144011798324,stable_coexistence,0,3.590459721852131e-09,30.000000002309157,0.1876636091947227
12.0,12.91549665014884,stable_coexistence,0,3.542363676192717e-09,30.000000002296122,0.1876636091946649
12.0,14.307229891937586,stable_coexistence,0,3.4986443369375703e-09,30.00000000228362,0.1876636091946177
12.0,15.848931924611142,stable_coexistence,0,3.447294242397389e-09,30.00000000225954,0.18766360919464092
12.0,17.556762912750013,stable_coexistence,0,3.4124716087356543e-09,30.000000002249504,0.1876636091946037
12.0,19.448624389373634,stable_coexistence,0,3.3811457927237892e-09,30.00000000224036,0.18766360919457153
12.0,21.544346900318846,stable_coexistence,0,3.3526467525620743e-09,30.000000002231683,0.18766360919454497
12.0,23.865897868585808,stable_coexistence,0,3.3226662307968206e-09,30.00000000221915,0.18766360919454572
12.0,26.437611857491014,stable_coexistence,0,3.212915089307282e-09,30.000000002120323,0.1876636091949951
12.0,29.286445646252375,stable_coexistence,0,4.1559982641041896e-07,29.973951288936117,2.0257084063073467
12.0,32.4422607917163,stable_coexistence,0,4.7321000911368654e-05,29.878395505008985,4.951364604683254
12.0,35.938136638046295,stable_coexistence,0,4.9615475594950214e-05,29.87833691581994,4.940979269230536
12.0,39.810717055349734,stable_coexistence,0,5.1493521779026415e-05,29.878283667156886,4.931551561866067
12.0,44.100594541767364,stable_coexistence,0,5.3006920928751695e-05,29.878235315640097,4.92299747696017
12.0,48.852735715193916,stable_coexistence,0,5.420634341758712e-05,29.87819144549779,4.9152396334981185
12.0,54.116952654646376,stable_coexistence,0,5.5139272392218544e-05,29.87815166879485,4.9082068814171365
12.0,59.948425031894146,stable_coexistence,0,5.584900301909689e-05,29.87811562518683,4.901833908292221
12.0,66.40827850634845,stable_coexistence,0,5.637403522696272e-05,29.878082981276936,4.896060851412173
12.0,73.56422544596414,stable_coexistence,0,5.674816597597856e-05,29.878053429666064,4.890832919283697
12.0,81.49127469020749,stable_coexistence,0,5.700019746975086e-05,29.87802668777547,4.886100025705759
12.0,90.27251779484578,stable_coexistence,0,5.715475041108199e-05,29.87800249652064,4.881816438769291
12.0,100.0,stable_coexistence,0,5.723246330462415e-05,29.87798061888252,4.877940446453428
12.222222222222221,0.01,predator_extinct,2,1.3878923901155593,60.63771412943965,1.9558197941306834e-21
12.222222222222221,0.011077568505097092,predator_extinct,2,1.1903659675058709,68.96268175243438,1.2605563012101895e-17
12.222222222222221,0.012271252398511897,predator_extinct,2,30.738002171196737,76.44257848421691,3.6671770586238845e-14
12.222222222222221,0.013593563908785255,predator_extinct,2,31.666104598251213,82.91145240202971,5.062391095619216e-11
12.222222222222221,0.015058363542798407,predator_extinct,2,31.700971148601045,88.27109521630992,3.520233818327735e-08
12.222222222222221,0.016681005372000592,low_density_risk,4,31.70483566252351,92.46973215605327,1.310829855633294e-05
12.222222222222221,0.018478497974222907,low_density_risk,4,30.078280984852224,94.9381684604675,0.0026285362933639693
12.222222222222221,0.02046968271807521,low_density_risk,4,8.928354470039977,88.56811903030105,0.0506485265560085
12.222222222222221,0.02267543125870802,low_density_risk,4,6.100541925040713,79.31410241514723,0.06927763340589946
12.222222222222221,0.025118864315095794,low_density_risk,4,4.569334909183841,71.73047493737447,0.08663958109427303
12.222222222222221,0.027825594022071243,low_density_risk,4,3.401229411778523,63.91686137217359,0.10929249960750564
12.222222222222221,0.030823992397451434,low_density_risk,4,2.789398642936771,56.74266987038327,0.1254538085350141
12.222222222222221,0.034145488738336005,low_density_risk,4,2.3356155474956424,50.24738878165442,0.1414209089637658
12.222222222222221,0.037824899063893865,oscillatory_coexistence,1,2.0047048645880166,44.26244518789465,0.15587681102260012
12.222222222222221,0.04190079105786669,oscillatory_coexistence,1,1.9252901548222565,38.86971975672256,0.16873046283866205
12.222222222222221,0.046415888336127795,oscillatory_coexistence,1,1.9789064434127719,34.1735258408349,0.18003623346015651
12.222222222222221,0.051417518276839276,oscillatory_coexistence,1,1.2960305697396548,30.931751307165523,0.1876069005985834
12.222222222222221,0.056958108107376865,oscillatory_coexistence,1,0.5200770144091846,29.832026282324957,0.18748931888799825
12.222222222222221,0.06309573444801933,oscillatory_coexistence,1,0.34801202667654735,29.85139966747607,0.18410301861572523
12.222222222222221,0.06989473207273486,oscillatory_coexistence,1,0.12838837923843194,30.025847824797925,0.18347781692790233
12.222222222222221,0.0774263682681127,oscillatory_coexistence,1,0.0876790606220649,30.058159745191684,0.18412072183924102
12.222222222222221,0.08576958985908942,oscillatory_coexistence,1,0.03547206204164248,30.016512995086575,0.1844687308239224
12.222222222222221,0.0950118507318144,oscillatory_coexistence,1,0.013651886077905863,29.99421377663492,0.18445540800116234
12.222222222222221,0.10525002852777332,oscillatory_coexistence,1,0.008658070424133926,29.994450662100846,0.18438369466540958
12.222222222222221,0.11659144011798317,oscillatory_coexistence,1,0.0032902490217940547,29.998601179497282,0.18435852859937196
12.222222222222221,0.1291549665014884,oscillatory_coexistence,1,0.0012182050270901548,30.000265675087057,0.1843595307806577
12.222222222222221,0.14307229891937578,stable_coexistence,0,0.0005133256016502157,30.000352341042017,0.1843636374943194
12.222222222222221,0.15848931924611134,stable_coexistence,0,0.00023145258875368924,30.00015319579527,0.18436544537966093
12.222222222222221,0.17556762912750015,stable_coexistence,0,9.19254376349813e-05,30.000040318685176,0.18436583943965235
12.222222222222221,0.19448624389373625,stable_coexistence,0,3.64265723978802e-05,30.00000444572123,0.18436583396915462
12.222222222222221,0.21544346900318845,stable_coexistence,0,1.2216796487511172e-05,29.999997595318924,0.18436578473647308
12.222222222222221,0.2386589786858581,stable_coexistence,0,3.8113647787840713e-06,29.999997738335935,0.18436575532014843
12.222222222222221,0.26437611857491,stable_coexistence,0,1.8180563994206689e-06,29.999998670917474,0.1843657420412221
12.222222222222221,0.29286445646252374,stable_coexistence,0,9.424393888939128e-07,29.99999929809901,0.18436573649415258
12.222222222222221,0.324422607917163,stable_coexistence,0,4.887991002161262e-07,29.9999996333288,0.18436573416056545
12.222222222222221,0.35938136638046275,stable_coexistence,0,2.6025435595661136e-07,29.999999803485004,0.18436573312576557
12.222222222222221,0.3981071705534973,stable_coexistence,0,1.4382531808024805e-07,29.99999989071829,0.184365732630897
12.222222222222221,0.44100594541767385,stable_coexistence,0,8.238812382020795e-08,29.99999993705015,0.18436573237398288
12.222222222222221,0.4885273571519389,stable_coexistence,0,4.8518960269674935e-08,29.999999962764985,0.18436573222980757
12.222222222222221,0.5411695265464638,stable_coexistence,0,2.9208363028655233e-08,29.99999997767592,0.18436573214322083
12.222222222222221,0.5994842503189411,stable_coexistence,0,1.815194761324324e-08,29.999999986667675,0.18436573208823287
12.222222222222221,0.6640827850634842,stable_coexistence,0,1.49574791702092e-08,29.99999999227043,0.18436573205171652
12.222222222222221,0.7356422544596414,stable_coexistence,0,1.348356496271896e-08,29.99999999585325,0.18436573202660259
12.222222222222221,0.8149127469020745,stable_coexistence,0,1.2251461949385313e-08,29.99999999819005,0.18436573200884512
12.222222222222221,0.9027251779484579,stable_coexistence,0,1.1191297251972998e-08,29.999999999735294,0.18436573199601308
12.222222222222221,1.0,stable_coexistence,0,1.0265450829861243e-08,30.00000000076577,0.18436573198657447
12.222222222222221,1.1077568505097097,stable_coexistence,0,9.45125246167902e-09,30.000000001455117,0.18436573197952982
12.222222222222221,1.2271252398511903,stable_coexistence,0,8.733109168599204e-09,30.00000000191513,0.18436573197420636
12.222222222222221,1.3593563908785256,stable_coexistence,0,8.098968487850408e-09,30.00000000221923,0.18436573197014006
12.222222222222221,1.5058363542798414,stable_coexistence,0,7.538791516366472e-09,30.000000002416463,0.1843657319670049
12.222222222222221,1.6681005372000592,stable_coexistence,0,7.04385574993244e-09,30.000000002540204,0.18436573196456651
12.222222222222221,1.8478497974222907,stable_coexistence,0,6.606463168540268e-09,30.000000002613337,0.18436573196265565
12.222222222222221,2.046968271807522,stable_coexistence,0,6.219754192613684e-09,30.00000000265136,0.18436573196114708
12.222222222222221,2.267543125870802,stable_coexistence,0,5.877663866204599e-09,30.000000002665526,0.1843657319599486
12.222222222222221,2.5118864315095797,stable_coexistence,0,5.574828539046496e-09,30.000000002663572,0.18436573195899006
12.222222222222221,2.782559402207126,stable_coexistence,0,5.306510667447675e-09,30.000000002650918,0.18436573195821876
12.222222222222221,3.0823992397451434,stable_coexistence,0,5.0685573659646595e-09,30.00000000263144,0.18436573195759548
12.222222222222221,3.414548873833601,stable_coexistence,0,4.857321418734578e-09,30.000000002607802,0.1843657319570887
12.222222222222221,3.782489906389386,stable_coexistence,0,4.669613317840335e-09,30.000000002581963,0.1843657319566744
12.222222222222221,4.190079105786669,stable_coexistence,0,4.502641459296981e-09,30.000000002555222,0.18436573195633424
12.222222222222221,4.641588833612782,stable_coexistence,0,4.3539641814169895e-09,30.00000000252843,0.1843657319560534
12.222222222222221,5.141751827683928,stable_coexistence,0,4.2214461848557385e-09,30.00000000250229,0.18436573195582057
12.222222222222221,5.695810810737687,stable_coexistence,0,4.103220281727597e-09,30.00000000247715,0.18436573195562678
12.222222222222221,6.309573444801936,stable_coexistence,0,3.997646420974787e-09,30.00000000245329,0.18436573195546463
12.222222222222221,6.989473207273487,stable_coexistence,0,3.903289543118797e-09,30.000000002430816,0.18436573195532838
12.222222222222221,7.742636826811269,stable_coexistence,0,3.818887368989676e-09,30.000000002409827,0.1843657319552136
12.222222222222221,8.576958985908945,stable_coexistence,0,3.743333465124177e-09,30.000000002390337,0.18436573195511644
12.222222222222221,9.50118507318144,stable_coexistence,0,3.6756442035285424e-09,30.00000000237229,0.18436573195503367
12.222222222222221,10.525002852777327,stable_coexistence,0,3.6149567484740783e-09,30.00000000235563,0.18436573195496325
12.222222222222221,11.659144011798324,stable_coexistence,0,3.560490805613217e-09,30.000000002340325,0.1843657319549031
12.222222222222221,12.91549665014884,stable_coexistence,0,3.51151830548948e-09,30.000000002326164,0.18436573195485204
12.222222222222221,14.307229891937586,stable_coexistence,0,3.4670533700571464e-09,30.00000000231266,0.18436573195481068
12.222222222222221,15.848931924611142,stable_coexistence,0,3.4155259951045128e-09,30.00000000228786,0.18436573195483882
12.222222222222221,17.556762912750013,stable_coexistence,0,3.3801003475078492e-09,30.000000002277073,0.1843657319548064
12.222222222222221,19.448624389373634,stable_coexistence,0,3.348239611239883e-09,30.000000002267228,0.18436573195477826
12.222222222222221,21.544346900318846,stable_coexistence,0,3.319283692099191e-09,30.000000002257956,0.18436573195475547
12.222222222222221,23.865897868585808,stable_coexistence,0,3.2891477983224567e-09,30.00000000224498,0.1843657319547591
12.222222222222221,26.437611857491014,stable_coexistence,0,3.182796366975629e-09,30.000000002146752,0.1843657319552075
12.222222222222221,29.286445646252375,stable_coexistence,0,3.262291876431252e-07,29.974210069817737,2.0132419312529857
12.222222222222221,32.4422607917163,stable_coexistence,0,4.776568246147998e-05,29.878384586178804,4.949428076895794
12.222222222222221,35.938136638046295,stable_coexistence,0,4.998170782523195e-05,29.878326988373097,4.93922093394376
12.222222222222221,39.810717055349734,stable_coexistence,0,5.1790499947653674e-05,29.878274649593436,4.9299558519328395
12.222222222222221,44.100594541767364,stable_coexistence,0,5.324386049342598e-05,29.878227131370647,4.9215500418282305
12.222222222222221,48.852735715193916,stable_coexistence,0,5.43920693347991e-05,29.87818402292055,4.913927268858985
12.222222222222221,54.116952654646376,stable_coexistence,0,5.5281979766520825e-05,29.87814494128549,4.9070174584990385
12.222222222222221,59.948425031894146,stable_coexistence,0,5.595593696539598e-05,29.878109531009535,4.900756303779037
12.222222222222221,66.40827850634845,stable_coexistence,0,5.6451604925475684e-05,29.87807746343502,4.895084878782995
12.222222222222221,73.56422544596414,stable_coexistence,0,5.6801781369858844e-05,29.87804843570496,4.889949262199276
12.222222222222221,81.49127469020749,stable_coexistence,0,5.703456575486575e-05,29.878022169553443,4.8853001739192585
12.222222222222221,90.27251779484578,stable_coexistence,0,5.717394815755965e-05,29.87799840995967,4.881092626907086
12.222222222222221,100.0,stable_coexistence,0,5.723976840820146e-05,29.87797692370668,4.87728559590378
12.444444444444443,0.01,predator_extinct,2,1.3975905997359892,60.33410127831731,1.0868293433459095e-21
12.444444444444443,0.011077568505097092,predator_extinct,2,1.1987204948263017,68.69519441880114,7.41266039339048e-18
12.444444444444443,0.012271252398511897,predator_extinct,2,30.2422536302289,76.21549681224326,2.271503423826332e-14
12.444444444444443,0.013593563908785255,predator_extinct,2,31.66484982535675,82.7265724548422,3.287543724684405e-11
12.444444444444443,0.015058363542798407,predator_extinct,2,31.700682719719982,88.12853825364988,2.386047778438028e-08
12.444444444444443,0.016681005372000592,low_density_risk,4,31.706937414575354,92.36834638039171,9.23583924840098e-06
12.444444444444443,0.018478497974222907,low_density_risk,4,30.475710808747344,95.0108393856744,0.0019436805720613784
12.444444444444443,0.02046968271807521,low_density_risk,4,9.449291889187979,89.18048788693966,0.04703950971905542
12.444444444444443,0.02267543125870802,low_density_risk,4,6.1686861370645545,79.80792422767607,0.06734005592152767
12.444444444444443,0.025118864315095794,low_density_risk,4,4.644801783352372,72.16921311939863,0.08377008598882056
12.444444444444443,0.027825594022071243,low_density_risk,4,3.436058160990809,64.34014069276931,0.10632527186258221
12.444444444444443,0.030823992397451434,low_density_risk,4,2.810283569206841,57.107999430181856,0.12237732459162409
12.444444444444443,0.034145488738336005,low_density_risk,4,2.350361475992168,50.57682809053292,0.1381104603241433
12.444444444444443,0.037824899063893865,oscillatory_coexistence,1,2.0146848227043246,44.55507933001651,0.15243668527437818
12.444444444444443,0.04190079105786669,oscillatory_coexistence,1,1.9150479642632339,39.12569831544987,0.1651555145414468
12.444444444444443,0.046415888336127795,oscillatory_coexistence,1,1.9868952230948485,34.37900373895526,0.1763895453632171
12.444444444444443,0.051417518276839276,oscillatory_coexistence,1,1.3455911004373937,31.036342537936562,0.18412442570137455
12.444444444444443,0.056958108107376865,oscillatory_coexistence,1,0.519466332914427,29.848910500771918,0.18439088569160336
12.444444444444443,0.06309573444801933,oscillatory_coexistence,1,0.3613327717105029,29.843407870087407,0.18102914649018673
12.444444444444443,0.06989473207273486,oscillatory_coexistence,1,0.13236217326738553,30.02039988830584,0.180301374181569
12.444444444444443,0.0774263682681127,oscillatory_coexistence,1,0.08818371642927886,30.058612406767143,0.1809184214539762
12.444444444444443,0.08576958985908942,oscillatory_coexistence,1,0.03576064537858773,30.017873044923984,0.18127672224558436
12.444444444444443,0.0950118507318144,oscillatory_coexistence,1,0.014227953044867493,29.994607984145812,0.18127163788770523
12.444444444444443,0.10525002852777332,oscillatory_coexistence,1,0.00874149647862222,29.994378228468204,0.18120112034929695
12.444444444444443,0.11659144011798317,oscillatory_coexistence,1,0.003305312580042954,29.9985122533345,0.1811751918300759
12.444444444444443,0.1291549665014884,oscillatory_coexistence,1,0.0012520339641648246,30.00023677792154,0.18117573044949717
12.444444444444443,0.14307229891937578,stable_coexistence,0,0.0005099852023271675,30.00035014443678,0.18117972968121537
12.444444444444443,0.15848931924611134,stable_coexistence,0,0.00023401839215603817,30.000155561759595,0.18118154049761886
12.444444444444443,0.17556762912750015,stable_coexistence,0,9.201822877786393e-05,30.000041863017444,0.18118194776599428
12.444444444444443,0.19448624389373625,stable_coexistence,0,3.682012290816315e-05,30.000005083705823,0.1811819491017754
12.444444444444443,0.21544346900318845,stable_coexistence,0,1.2444271596124537e-05,29.999997820853714,0.1811819023941429
12.444444444444443,0.2386589786858581,stable_coexistence,0,3.9132308440063914e-06,29.999997815292964,0.18118187379518602
12.444444444444443,0.26437611857491,stable_coexistence,0,1.7884787373487342e-06,29.999998698396585,0.18118186076687443
12.444444444444443,0.29286445646252374,stable_coexistence,0,9.274957464580061e-07,29.999999309041495,0.18118185529657083
12.444444444444443,0.324422607917163,stable_coexistence,0,4.818129219008581e-07,29.999999638400624,0.18118185298763684
12.444444444444443,0.35938136638046275,stable_coexistence,0,2.564654996647584e-07,29.9999998062492,0.18118185196160588
12.444444444444443,0.3981071705534973,stable_coexistence,0,1.4148397226930547e-07,29.9999998924513,0.18118185147040264
12.444444444444443,0.44100594541767385,stable_coexistence,0,8.078772909258366e-08,29.999999938255428,0.18118185121535071
12.444444444444443,0.4885273571519389,stable_coexistence,0,4.73436319956608e-08,29.999999963664116,0.18118185107231075
12.444444444444443,0.5411695265464638,stable_coexistence,0,2.844356968560226e-08,29.999999978378035,0.1811818509865077
12.444444444444443,0.5994842503189411,stable_coexistence,0,1.765252139812044e-08,29.999999987232773,0.1811818509321034
12.444444444444443,0.6640827850634842,stable_coexistence,0,1.5489845498904856e-08,29.999999992734608,0.18118185089604555
12.444444444444443,0.7356422544596414,stable_coexistence,0,1.38996259852687e-08,29.999999996240135,0.1811818508712993
12.444444444444443,0.8149127469020745,stable_coexistence,0,1.2578934872121046e-08,29.999999998516124,0.18118185085384408
12.444444444444443,0.9027251779484579,stable_coexistence,0,1.1450144654640767e-08,30.000000000012545,0.18118185084126207
12.444444444444443,1.0,stable_coexistence,0,1.0470390776267746e-08,30.000000001003365,0.18118185083203242
12.444444444444443,1.1077568505097097,stable_coexistence,0,9.613428985667322e-09,30.000000001660183,0.1811818508251623
12.444444444444443,1.2271252398511903,stable_coexistence,0,8.861067612379123e-09,30.00000000209334,0.1811818508199757
12.444444444444443,1.3593563908785256,stable_coexistence,0,8.199348044319157e-09,30.000000002374907,0.18118185081603358
12.444444444444443,1.5058363542798414,stable_coexistence,0,7.616792647805186e-09,30.00000000255333,0.18118185081301466
12.444444444444443,1.6681005372000592,stable_coexistence,0,7.103581011671989e-09,30.00000000266122,0.1811818508106659
12.444444444444443,1.8478497974222907,stable_coexistence,0,6.65116222778131e-09,30.000000002720864,0.18118185080883079
12.444444444444443,2.046968271807522,stable_coexistence,0,6.252040899232375e-09,30.000000002747456,0.1811818508073879
12.444444444444443,2.267543125870802,stable_coexistence,0,5.8996389397983135e-09,30.000000002751843,0.18118185080624558
12.444444444444443,2.5118864315095797,stable_coexistence,0,5.588184137139723e-09,30.000000002741483,0.1811818508053359
12.444444444444443,2.782559402207126,stable_coexistence,0,5.3126318746794e-09,30.000000002721602,0.18118185080460708
12.444444444444443,3.0823992397451434,stable_coexistence,0,5.068573471589116e-09,30.000000002695877,0.18118185080401994
12.444444444444443,3.414548873833601,stable_coexistence,0,4.852165839058592e-09,30.000000002666837,0.18118185080354468
12.444444444444443,3.782489906389386,stable_coexistence,0,4.660052965323071e-09,30.00000000263626,0.18118185080315816
12.444444444444443,4.190079105786669,stable_coexistence,0,4.489314282891116e-09,30.00000000260538,0.18118185080284208
12.444444444444443,4.641588833612782,stable_coexistence,0,4.337406522464023e-09,30.000000002575007,0.18118185080258253
12.444444444444443,5.141751827683928,stable_coexistence,0,4.202105093160093e-09,30.000000002545693,0.18118185080236837
12.444444444444443,5.695810810737687,stable_coexistence,0,4.081471871243932e-09,30.000000002517773,0.18118185080219096
12.444444444444443,6.309573444801936,stable_coexistence,0,3.973810080662717e-09,30.000000002491443,0.1811818508020433
12.444444444444443,6.989473207273487,stable_coexistence,0,3.877637292422235e-09,30.0000000024668,0.18118185080192
12.444444444444443,7.742636826811269,stable_coexistence,0,3.791650607992821e-09,30.00000000244392,0.1811818508018165
12.444444444444443,8.576958985908945,stable_coexistence,0,3.7147070009603593e-09,30.000000002422695,0.18118185080172933
12.444444444444443,9.50118507318144,stable_coexistence,0,3.6458016454728054e-09,30.000000002403155,0.18118185080165566
12.444444444444443,10.525002852777327,stable_coexistence,0,3.5840450604488912e-09,30.000000002385164,0.18118185080159324
12.444444444444443,11.659144011798324,stable_coexistence,0,3.5286387142775083e-09,30.000000002368626,0.18118185080154026
12.444444444444443,12.91549665014884,stable_coexistence,0,3.478841274037771e-09,30.000000002353424,0.18118185080149538
12.444444444444443,14.307229891937586,stable_coexistence,0,3.433674440806479e-09,30.00000000233902,0.18118185080145988
12.444444444444443,15.848931924611142,stable_coexistence,0,3.3820043651878552e-09,30.00000000231351,0.1811818508014924
12.444444444444443,17.556762912750013,stable_coexistence,0,3.346012415030938e-09,30.000000002301956,0.18118185080146446
12.444444444444443,19.448624389373634,stable_coexistence,0,3.3136495618964986e-09,30.00000000229142,0.18118185080144036
12.444444444444443,21.544346900318846,stable_coexistence,0,3.2842634091294144e-09,30.00000000228155,0.18118185080142132
12.444444444444443,23.865897868585808,stable_coexistence,0,3.253989196366846e-09,30.00000000226819,0.18118185080142749
12.444444444444443,26.437611857491014,stable_coexistence,0,3.1509949610223496e-09,30.000000002170633,0.18118185080187413
12.444444444444443,29.286445646252375,stable_coexistence,0,2.3358260338608415e-07,29.974462820101262,2.001088625148297
12.444444444444443,32.4422607917163,stable_coexistence,0,4.818784944399316e-05,29.878374043134315,4.9475587078314796
12.444444444444443,35.938136638046295,stable_coexistence,0,5.032853562251689e-05,29.87831740428247,4.937523739947346
12.444444444444443,39.810717055349734,stable_coexistence,0,5.207097697317711e-05,29.878265945273178,4.9284157636379655
12.444444444444443,44.100594541767364,stable_coexistence,0,5.3467033682997406e-05,29.878219232477353,4.920153172340477
12.444444444444443,48.852735715193916,stable_coexistence,0,5.4566506449825856e-05,29.878176860013905,4.912660844531826
12.444444444444443,54.116952654646376,stable_coexistence,0,5.54153692920451e-05,29.878138449803636,4.905869749544689
12.444444444444443,59.948425031894146,stable_coexistence,0,5.605526591194391e-05,29.878103651168104,4.899716555646629
12.444444444444443,66.40827850634845,stable_coexistence,0,5.652313447947337e-05,29.87807214007203,4.894143245051383
12.444444444444443,73.56422544596414,stable_coexistence,0,5.685072416023967e-05,29.878043618080294,4.889096739574197
12.444444444444443,81.49127469020749,stable_coexistence,0,5.70653957523055e-05,29.87801781112076,4.884528539777998
12.444444444444443,90.27251779484578,stable_coexistence,0,5.719050925485277e-05,29.8779944681146,4.8803943797106655
12.444444444444443,100.0,stable_coexistence,0,5.7245206044705025e-05,29.87797335953833,4.87665389869163
12.666666666666666,0.01,predator_extinct,2,1.4071640502023401,60.03529163819353,6.098055737437635e-22
12.666666666666666,0.011077568505097092,predator_extinct,2,1.2069589565883119,68.43163650355343,4.3971475097194275e-18
12.666666666666666,0.012271252398511897,predator_extinct,2,29.491426139146625,75.99148408444879,1.418103429278475e-14
12.666666666666666,0.013593563908785255,predator_extinct,2,31.6634232440383,82.54392573421168,2.150129891297124e-11
12.666666666666666,0.015058363542798407,predator_extinct,2,31.70039220413537,87.98744579534939,1.627650772099857e-08
12.666666666666666,0.016681005372000592,low_density_risk,4,31.708399900378183,92.26754844082922,6.544838421958588e-06
12.666666666666666,0.018478497974222907,low_density_risk,4,30.77664895291585,95.05211314496125,0.0014397780959907983
12.666666666666666,0.02046968271807521,low_density_risk,4,10.086406688746647,89.77574566418409,0.043328699758669105
12.666666666666666,0.02267543125870802,low_density_risk,4,6.236644449198321,80.29951243132271,0.06548576899426131
12.666666666666666,0.025118864315095794,low_density_risk,4,4.719596985321853,72.59748779989694,0.0810523799082023
12.666666666666666,0.027825594022071243,low_density_risk,4,3.4715520714239383,64.75675186235509,0.10346019830334016
12.666666666666666,0.030823992397451434,low_density_risk,4,2.8310226328465355,57.46751388568393,0.11942445959070708
12.666666666666666,0.034145488738336005,low_density_risk,4,2.3650485691933545,50.90062393826284,0.13492629495019937
12.666666666666666,0.037824899063893865,oscillatory_coexistence,1,2.024586738746019,44.84296573847224,0.14912500361977132
12.666666666666666,0.04190079105786669,oscillatory_coexistence,1,1.904827708083519,39.377757090337624,0.1617122113076449
12.666666666666666,0.046415888336127795,oscillatory_coexistence,1,1.9929863115820274,34.58316056957378,0.17287039385112174
12.666666666666666,0.051417518276839276,oscillatory_coexistence,1,1.393225726501242,31.14389216800422,0.1807460724782801
12.666666666666666,0.056958108107376865,oscillatory_coexistence,1,0.5189019492422043,29.86778127713271,0.18138431376022762
12.666666666666666,0.06309573444801933,oscillatory_coexistence,1,0.37384609531796076,29.835924951990798,0.17806320998209682
12.666666666666666,0.06989473207273486,oscillatory_coexistence,1,0.13609772044950605,30.01481884022233,0.17723560696279436
12.666666666666666,0.0774263682681127,oscillatory_coexistence,1,0.08851169507104462,30.058910445161253,0.17782521603055076
12.666666666666666,0.08576958985908942,oscillatory_coexistence,1,0.037328219296691514,30.019213637130918,0.1781928379493525
12.666666666666666,0.0950118507318144,oscillatory_coexistence,1,0.01479505547715013,29.99501859945312,0.17819588447723725
12.666666666666666,0.10525002852777332,oscillatory_coexistence,1,0.00881418685382771,29.99431456684862,0.1781266666781922
12.666666666666666,0.11659144011798317,oscillatory_coexistence,1,0.0033169623933897493,29.99842489816549,0.1781000301216634
12.666666666666666,0.1291549665014884,oscillatory_coexistence,1,0.0012850355209647157,30.000207570944447,0.17810011594657438
12.666666666666666,0.14307229891937578,stable_coexistence,0,0.0005063956530868729,30.00034763064659,0.1781040064809492
12.666666666666666,0.15848931924611134,stable_coexistence,0,0.0002364332829435911,30.000157793754102,0.17810581842256162
12.666666666666666,0.17556762912750015,stable_coexistence,0,9.206675527774121e-05,30.000043363973564,0.17810623806033582
12.666666666666666,0.19448624389373625,stable_coexistence,0,3.719454583230671e-05,30.000005709402497,0.1781062459191263
12.666666666666666,0.21544346900318845,stable_coexistence,0,1.2664642450661056e-05,29.99999804322895,0.17810620165772373
12.666666666666666,0.2386589786858581,stable_coexistence,0,4.0125726864896195e-06,29.99999789153304,0.17810617385795716
12.666666666666666,0.26437611857491,stable_coexistence,0,1.7602766998808984e-06,29.999998725754814,0.17810616107736404
12.666666666666666,0.29286445646252374,stable_coexistence,0,9.126173562875119e-07,29.999999319985555,0.17810615568403868
12.666666666666666,0.324422607917163,stable_coexistence,0,4.748441606905802e-07,29.99999964348682,0.1781061534002854
12.666666666666666,0.35938136638046275,stable_coexistence,0,2.5268623627744376e-07,29.999999809020835,0.1781061523834042
12.666666666666666,0.3981071705534973,stable_coexistence,0,1.3915253369674056e-07,29.999999894184562,0.17810615189608928
12.666666666666666,0.44100594541767385,stable_coexistence,0,7.919849172564235e-08,29.999999939456337,0.17810615164302113
12.666666666666666,0.4885273571519389,stable_coexistence,0,4.620425177540104e-08,29.99999996455634,0.1781061515011712
12.666666666666666,0.5411695265464638,stable_coexistence,0,2.772126750924753e-08,29.999999979072182,0.17810615141618413
12.666666666666666,0.5994842503189411,stable_coexistence,0,1.8175508986747136e-08,29.999999987789355,0.17810615136238367
12.666666666666666,0.6640827850634842,stable_coexistence,0,1.6007246139637022e-08,29.999999993190297,0.17810615132679264
12.666666666666666,0.7356422544596414,stable_coexistence,0,1.4302206946298652e-08,29.99999999661877,0.1781061513024184
12.666666666666666,0.8149127469020745,stable_coexistence,0,1.2894396543599724e-08,29.999999998834294,0.17810615128526755
12.666666666666666,0.9027251779484579,stable_coexistence,0,1.1698225321655563e-08,30.000000000282384,0.17810615127293325
12.666666666666666,1.0,stable_coexistence,0,1.0665741001064468e-08,30.00000000123402,0.1781061512639082
12.666666666666666,1.1077568505097097,stable_coexistence,0,9.767054719950137e-09,30.000000001858727,0.17810615125720886
12.666666666666666,1.2271252398511903,stable_coexistence,0,8.981387248055374e-09,30.000000002265367,0.17810615125217516
12.666666666666666,1.3593563908785256,stable_coexistence,0,8.29288365315818e-09,30.000000002524867,0.17810615124835327
12.666666666666666,1.5058363542798414,stable_coexistence,0,7.68863846594902e-09,30.000000002684818,0.1781061512454246
12.666666666666666,1.6681005372000592,stable_coexistence,0,7.157750776609451e-09,30.000000002777174,0.17810615124316154
12.666666666666666,1.8478497974222907,stable_coexistence,0,6.690838105153112e-09,30.000000002823626,0.17810615124140086
12.666666666666666,2.046968271807522,stable_coexistence,0,6.279758579213721e-09,30.000000002839037,0.17810615124002097
12.666666666666666,2.267543125870802,stable_coexistence,0,5.917436851073398e-09,30.000000002833875,0.17810615123893225
12.666666666666666,2.5118864315095797,stable_coexistence,0,5.59771002831204e-09,30.000000002815337,0.1781061512380692
12.666666666666666,2.782559402207126,stable_coexistence,0,5.315225118805273e-09,30.000000002788422,0.17810615123738077
12.666666666666666,3.0823992397451434,stable_coexistence,0,5.0653270018194675e-09,30.000000002756597,0.17810615123682888
12.666666666666666,3.414548873833601,stable_coexistence,0,4.843978728801361e-09,30.000000002722278,0.17810615123638404
12.666666666666666,3.782489906389386,stable_coexistence,0,4.647663705327988e-09,30.000000002687127,0.17810615123602397
12.666666666666666,4.190079105786669,stable_coexistence,0,4.473340334795317e-09,30.000000002652225,0.178106151235731
12.666666666666666,4.641588833612782,stable_coexistence,0,4.318358292799159e-09,30.00000000261837,0.17810615123549178
12.666666666666666,5.141751827683928,stable_coexistence,0,4.1804117497384056e-09,30.000000002585992,0.1781061512352954
12.666666666666666,5.695810810737687,stable_coexistence,0,4.057496146131896e-09,30.000000002555364,0.1781061512351338
12.666666666666666,6.309573444801936,stable_coexistence,0,3.947855375608393e-09,30.000000002526665,0.17810615123500007
12.666666666666666,6.989473207273487,stable_coexistence,0,3.849964258185765e-09,30.000000002499945,0.17810615123488885
12.666666666666666,7.742636826811269,stable_coexistence,0,3.7624766706512834e-09,30.000000002475165,0.17810615123479623
12.666666666666666,8.576958985908945,stable_coexistence,0,3.6842225859668664e-09,30.000000002452328,0.17810615123471876
12.666666666666666,9.50118507318144,stable_coexistence,0,3.6141712434706392e-09,30.000000002431317,0.17810615123465362
12.666666666666666,10.525002852777327,stable_coexistence,0,3.551403556134015e-09,30.000000002412005,0.17810615123459886
12.666666666666666,11.659144011798324,stable_coexistence,0,3.4951129395282136e-09,30.00000000239433,0.17810615123455256
12.666666666666666,12.91549665014884,stable_coexistence,0,3.444538283959548e-09,30.000000002378105,0.17810615123451398
12.666666666666666,14.307229891937586,stable_coexistence,0,3.398710053865227e-09,30.000000002362807,0.17810615123448345
12.666666666666666,15.848931924611142,stable_coexistence,0,3.346930673089183e-09,30.000000002336602,0.1781061512345203
12.666666666666666,17.556762912750013,stable_coexistence,0,3.3104070001184723e-09,30.000000002324338,0.17810615123449675
12.666666666666666,19.448624389373634,stable_coexistence,0,3.2775705702507657e-09,30.000000002313172,0.17810615123447654
12.666666666666666,21.544346900318846,stable_coexistence,0,3.2477835529570268e-09,30.000000002302723,0.17810615123446066
12.666666666666666,23.865897868585808,stable_coexistence,0,3.217383337282708e-09,30.000000002288964,0.17810615123446935
12.666666666666666,26.437611857491014,stable_coexistence,0,3.1177052048856386e-09,30.00000000219213,0.17810615123491397
12.666666666666666,29.286445646252375,stable_coexistence,0,2.5803779949145244e-07,29.974709773699654,1.9892355147294503
12.666666666666666,32.4422607917163,stable_coexistence,0,4.858911238163855e-05,29.878363856899018,4.945753061378089
12.666666666666666,35.938136638046295,stable_coexistence,0,5.065718326941094e-05,29.878308146117767,4.935884551149241
12.666666666666666,39.810717055349734,stable_coexistence,0,5.2336002799113726e-05,29.8782575382168,4.926928437421106
12.666666666666666,44.100594541767364,stable_coexistence,0,5.367736492552794e-05,29.87821160434151,4.918804263364251
12.666666666666666,48.852735715193916,stable_coexistence,0,5.473025994780864e-05,29.878169943427707,4.911437989087321
12.666666666666666,54.116952654646376,stable_coexistence,0,5.5540121196736444e-05,29.878132182174454,4.904761597465015
12.666666666666666,59.948425031894146,stable_coexistence,0,5.6147805002603954e-05,29.878097974575624,4.898712703110478
12.666666666666666,66.40827850634845,stable_coexistence,0,5.6589109725769543e-05,29.87806700110367,4.8932341689874965
12.666666666666666,73.56422544596414,stable_coexistence,0,5.689537819123901e-05,29.878038967628818,4.88827373421788
12.666666666666666,81.49127469020749,stable_coexistence,0,5.709298501121937e-05,29.878013604157964,4.883783655793056
12.666666666666666,90.27251779484578,stable_coexistence,0,5.720466077963493e-05,29.87799066344305,4.879720366172517
12.666666666666666,100.0,stable_coexistence,0,5.72489407756397e-05,29.87796991954074,4.8760441481253345
12.888888888888888,0.01,predator_extinct,2,1.416616505127407,59.74114051821766,3.453688538033918e-22
12.888888888888888,0.011077568505097092,predator_extinct,2,1.2150853555728396,68.1718948176376,2.630452598331429e-18
12.888888888888888,0.012271252398511897,predator_extinct,2,28.386454240836283,75.77045809441735,8.920819980340539e-15
12.888888888888888,0.013593563908785255,predator_extinct,2,31.661742584950073,82.36345869341913,1.4159088428983588e-11
12.888888888888888,0.015058363542798407,predator_extinct,2,31.700100143974286,87.84778816075816,1.1171915251835404e-08
12.888888888888888,0.016681005372000592,low_density_risk,4,31.709416256410897,92.16739885950204,4.663750189089344e-06
12.888888888888888,0.018478497974222907,low_density_risk,4,31.00379491993922,95.06864998458084,0.0010691449335077335
12.888888888888888,0.02046968271807521,low_density_risk,4,10.867599758694675,90.35234384655067,0.03955051634159861
12.888888888888888,0.02267543125870802,low_density_risk,4,6.304974909045968,80.78899624434588,0.06370430755699966
12.888888888888888,0.025118864315095794,low_density_risk,4,4.793478626137491,73.01583357001991,0.07847994061719146
12.888888888888888,0.027825594022071243,low_density_risk,4,3.5077351175493674,65.16677331334742,0.10069171497041048
12.888888888888888,0.030823992397451434,low_density_risk,4,2.85162949753549,57.821456534954265,0.11658801211367976
12.888888888888888,0.034145488738336005,low_density_risk,4,2.379673935110674,51.21895315715798,0.13186185878687964
12.888888888888888,0.037824899063893865,oscillatory_coexistence,1,2.0344115765689317,45.12625268431533,0.14593491328883332
12.888888888888888,0.04190079105786669,oscillatory_coexistence,1,1.8946623865686802,39.6259870580187,0.15839371654100493
12.888888888888888,0.046415888336127795,oscillatory_coexistence,1,1.997397606145372,34.78584413925586,0.1694727880666932
12.888888888888888,0.051417518276839276,oscillatory_coexistence,1,1.4388318178264592,31.254170458994892,0.17746816504865934
12.888888888888888,0.056958108107376865,oscillatory_coexistence,1,0.5183831610345147,29.888631506535074,0.1784647195546926
12.888888888888888,0.06309573444801933,oscillatory_coexistence,1,0.3854972762332556,29.828969735331494,0.1751993579744095
12.888888888888888,0.06989473207273486,oscillatory_coexistence,1,0.13959106647929204,30.009123872666173,0.17427495128631257
12.888888888888888,0.0774263682681127,oscillatory_coexistence,1,0.0886653793819794,30.059056485460076,0.17483567792284624
12.888888888888888,0.08576958985908942,oscillatory_coexistence,1,0.03886893856877733,30.020532587313983,0.17521167516324423
12.888888888888888,0.0950118507318144,oscillatory_coexistence,1,0.015352531840099472,29.995444575562928,0.17522273227366467
12.888888888888888,0.10525002852777332,oscillatory_coexistence,1,0.008876358212283147,29.994259498954115,0.1751549096903222
12.888888888888888,0.11659144011798317,oscillatory_coexistence,1,0.003325298917321974,29.998339153885322,0.17512761752514056
12.888888888888888,0.1291549665014884,oscillatory_coexistence,1,0.0013172122138176816,30.0001780932456,0.1751272613978398
12.888888888888888,0.14307229891937578,stable_coexistence,0,0.0005029214321032643,30.000344816121046,0.17513104228827647
12.888888888888888,0.15848931924611134,stable_coexistence,0,0.00023870376199396683,30.000159896984226,0.17513285368520945
12.888888888888888,0.17556762912750015,stable_coexistence,0,9.207346068647178e-05,30.000044822903146,0.17513328490000316
12.888888888888888,0.19448624389373625,stable_coexistence,0,3.755069434475351e-05,30.000006323074437,0.1751332990107929
12.888888888888888,0.21544346900318845,stable_coexistence,0,1.287809120514269e-05,29.99999826245523,0.17513325711903868
12.888888888888888,0.2386589786858581,stable_coexistence,0,4.109507463518812e-06,29.999997967027813,0.17513323010031073
12.888888888888888,0.26437611857491,stable_coexistence,0,1.7333680092894704e-06,29.99999875296873,0.17513321756425623
12.888888888888888,0.29286445646252374,stable_coexistence,0,8.978184136044493e-07,29.99999933091656,0.1751332122479075
12.888888888888888,0.324422607917163,stable_coexistence,0,4.6790069999491293e-07,29.999999648579088,0.17513320998975782
12.888888888888888,0.35938136638046275,stable_coexistence,0,2.4892097269022863e-07,29.99999981179522,0.1751332089823399
12.888888888888888,0.3981071705534973,stable_coexistence,0,1.3683348617766819e-07,29.99999989591552,0.1751332084990972
12.888888888888888,0.44100594541767385,stable_coexistence,0,7.762171406449435e-08,29.999999940651527,0.17513320824811549
12.888888888888888,0.4885273571519389,stable_coexistence,0,4.512550870885404e-08,29.99999996544099,0.17513320810751712
12.888888888888888,0.5411695265464638,stable_coexistence,0,2.7038216081639987e-08,29.999999979757856,0.17513320802337495
12.888888888888888,0.5994842503189411,stable_coexistence,0,1.883201731585174e-08,29.99999998833726,0.17513320797019022
12.888888888888888,0.6640827850634842,stable_coexistence,0,1.6510095812517e-08,29.999999993637505,0.17513320793507184
12.888888888888888,0.7356422544596414,stable_coexistence,0,1.4691740921607075e-08,29.999999996989306,0.17513320791107262
12.888888888888888,0.8149127469020745,stable_coexistence,0,1.3198218103977525e-08,29.99999999914482,0.17513320789422068
12.888888888888888,0.9027251779484579,stable_coexistence,0,1.1936035448694895e-08,30.00000000054505,0.17513320788213244
12.888888888888888,1.0,stable_coexistence,0,1.0851974252018529e-08,30.000000001457945,0.17513320787331024
12.888888888888888,1.1077568505097097,stable_coexistence,0,9.912576359060836e-09,30.000000002050992,0.17513320786677924
12.888888888888888,1.2271252398511903,stable_coexistence,0,9.094494045998123e-09,30.00000000243151,0.17513320786188608
12.888888888888888,1.3593563908785256,stable_coexistence,0,8.379980678998286e-09,30.000000002669335,0.17513320785818218
12.888888888888888,1.5058363542798414,stable_coexistence,0,7.754718703488555e-09,30.000000002811174,0.17513320785535277
12.888888888888888,1.6681005372000592,stable_coexistence,0,7.20673381642467e-09,30.000000002888353,0.17513320785317427
12.888888888888888,1.8478497974222907,stable_coexistence,0,6.725831269049875e-09,30.000000002921862,0.17513320785148437
12.888888888888888,2.046968271807522,stable_coexistence,0,6.303234555911299e-09,30.000000002926356,0.17513320785016534
12.888888888888888,2.267543125870802,stable_coexistence,0,5.93137308100449e-09,30.00000000291188,0.17513320784912947
12.888888888888888,2.5118864315095797,stable_coexistence,0,5.603707719530953e-09,30.000000002885336,0.17513320784831138
12.888888888888888,2.782559402207126,stable_coexistence,0,5.314578051209447e-09,30.00000000285157,0.17513320784766165
12.888888888888888,3.0823992397451434,stable_coexistence,0,5.05909281827062e-09,30.000000002813824,0.17513320784714315
12.888888888888888,3.414548873833601,stable_coexistence,0,4.833019672908966e-09,30.00000000277438,0.17513320784672742
12.888888888888888,3.782489906389386,stable_coexistence,0,4.632700741120966e-09,30.000000002734776,0.17513320784639258
12.888888888888888,4.190079105786669,stable_coexistence,0,4.45496143638727e-09,30.000000002695998,0.17513320784612194
12.888888888888888,4.641588833612782,stable_coexistence,0,4.297055037339256e-09,30.000000002658734,0.17513320784590206
12.888888888888888,5.141751827683928,stable_coexistence,0,4.1565975546749125e-09,30.000000002623366,0.175133207845723
12.888888888888888,5.695810810737687,stable_coexistence,0,4.031513374639531e-09,30.000000002590124,0.17513320784557623
12.888888888888888,6.309573444801936,stable_coexistence,0,3.919998666074811e-09,30.00000000255913,0.17513320784545575
12.888888888888888,6.989473207273487,stable_coexistence,0,3.820477563616829e-09,30.000000002530367,0.17513320784535644
12.888888888888888,7.742636826811269,stable_coexistence,0,3.7315741012579596e-09,30.000000002503807,0.17513320784527414
12.888888888888888,8.576958985908945,stable_coexistence,0,3.6520833169423008e-09,30.000000002479368,0.17513320784520583
12.888888888888888,9.50118507318144,stable_coexistence,0,3.580946620417502e-09,30.000000002456915,0.17513320784514905
12.888888888888888,10.525002852777327,stable_coexistence,0,3.51723047695268e-09,30.00000000243638,0.1751332078451014
12.888888888888888,11.659144011798324,stable_coexistence,0,3.4601039068184776e-09,30.000000002417597,0.17513320784506164
12.888888888888888,12.91549665014884,stable_coexistence,0,3.4087976290797533e-09,30.000000002400345,0.17513320784502873
12.888888888888888,14.307229891937586,stable_coexistence,0,3.362349568872432e-09,30.00000000238419,0.1751332078450033
12.888888888888888,15.848931924611142,stable_coexistence,0,3.31048776513912e-09,30.000000002357364,0.17513320784504427
12.888888888888888,17.556762912750013,stable_coexistence,0,3.2734649358966648e-09,30.00000000234439,0.17513320784502479
12.888888888888888,19.448624389373634,stable_coexistence,0,3.2401863115998468e-09,30.000000002332598,0.17513320784500808
12.888888888888888,21.544346900318846,stable_coexistence,0,3.2100212855707772e-09,30.000000002321602,0.1751332078449955
12.888888888888888,23.865897868585808,stable_coexistence,0,3.1795086857204707e-09,30.000000002307456,0.17513320784500644
12.888888888888888,26.437611857491014,stable_coexistence,0,3.0831012999595147e-09,30.00000000221138,0.1751332078454486
12.888888888888888,29.286445646252375,stable_coexistence,0,3.5529894845138863e-07,29.974951152399772,1.9776703732370657
12.888888888888888,32.4422607917163,stable_coexistence,0,4.8970564314457875e-05,29.878354009749543,4.944007932030843
12.888888888888888,35.938136638046295,stable_coexistence,0,5.0968772504931155e-05,29.878299197602722,4.934300442428443
12.888888888888888,39.810717055349734,stable_coexistence,0,5.25865784201103e-05,29.87824941351146,4.925491206511449
12.888888888888888,44.100594541767364,stable_coexistence,0,5.3875570247150486e-05,29.87820423332305,4.917500885756843
12.888888888888888,48.852735715193916,stable_coexistence,0,5.488397294060039e-05,29.87816326070751,4.910256491594887
12.888888888888888,54.116952654646376,stable_coexistence,0,5.5656801798760324e-05,29.878126127045928,4.903690991410712
12.888888888888888,59.948425031894146,stable_coexistence,0,5.623378154639686e-05,29.87809249089576,4.897742918524322
12.888888888888888,66.40827850634845,stable_coexistence,0,5.665005804642321e-05,29.87806203712938,4.89235599048024
12.888888888888888,73.56422544596414,stable_coexistence,0,5.693608981216856e-05,29.878034475812985,4.887478739047294
12.888888888888888,81.49127469020749,stable_coexistence,0,5.711760112448413e-05,29.878009540915052,4.8830641545094045
12.888888888888888,90.27251779484578,stable_coexistence,0,5.7216606133453626e-05,29.877986988915353,4.879069346114058
12.888888888888888,100.0,stable_coexistence,0,5.7251091848248385e-05,29.877966597339576,4.875455219939893
13.11111111111111,0.01,predator_extinct,2,1.4259515122561757,59.45150975388674,1.9738194506979094e-22
13.11111111111111,0.011077568505097092,predator_extinct,2,1.2231034691182145,67.91586100387435,1.5864841981605714e-18
13.11111111111111,0.012271252398511897,predator_extinct,2,26.82150058603455,75.55233986930988,5.6532562468163536e-15
13.11111111111111,0.013593563908785255,predator_extinct,2,31.659688552412664,82.18511967540718,9.38616644357364e-12
13.11111111111111,0.015058363542798407,predator_extinct,2,31.69980684035711,87.7095364932536,7.714228989131337e-09
13.11111111111111,0.016681005372000592,low_density_risk,4,31.710119477399136,92.06793544961316,3.3412561587133293e-06
13.11111111111111,0.018478497974222907,low_density_risk,4,31.175011780918194,95.06601518479052,0.0007962784104549626
13.11111111111111,0.02046968271807521,low_density_risk,4,11.826984090745224,90.90868706647295,0.0357522527891205
13.11111111111111,0.02267543125870802,low_density_risk,4,6.374294029742374,81.27641349975367,0.061986137510367294
13.11111111111111,0.025118864315095794,low_density_risk,4,4.86621939942395,73.42480701452536,0.07604591406181592
13.11111111111111,0.027825594022071243,low_density_risk,4,3.5446373279389105,65.5702765861592,0.09801484743655224
13.11111111111111,0.030823992397451434,low_density_risk,4,2.8721102850137545,58.17005519149264,0.11386126468707146
13.11111111111111,0.034145488738336005,low_density_risk,4,2.394235331139965,51.53198605315875,0.12891103820610705
13.11111111111111,0.037824899063893865,oscillatory_coexistence,1,2.0441707065910886,45.40508142008589,0.14286003498126298
13.11111111111111,0.04190079105786669,oscillatory_coexistence,1,1.8845778339650177,39.870480005843596,0.15519364101941913
13.11111111111111,0.046415888336127795,oscillatory_coexistence,1,2.0003279409865717,34.98692787095336,0.1661910549280687
13.11111111111111,0.051417518276839276,oscillatory_coexistence,1,1.4823327690895565,31.36694961736035,0.17428715996264743
13.11111111111111,0.056958108107376865,oscillatory_coexistence,1,0.5179129020262782,29.911451381588233,0.17562764793602878
13.11111111111111,0.06309573444801933,oscillatory_coexistence,1,0.3962358863395909,29.822559131797792,0.17243212635781224
13.11111111111111,0.06989473207273486,oscillatory_coexistence,1,0.14283921661509905,30.003333348097723,0.17141420311211594
13.11111111111111,0.0774263682681127,oscillatory_coexistence,1,0.0886473888097747,30.059053438307597,0.17194473363602863
13.11111111111111,0.08576958985908942,oscillatory_coexistence,1,0.04038054582006998,30.02182788002562,0.17232818619891788
13.11111111111111,0.0950118507318144,oscillatory_coexistence,1,0.015899767256858592,29.995884901715918,0.17234712239152122
13.11111111111111,0.10525002852777332,oscillatory_coexistence,1,0.008928213285917766,29.994212843955687,0.17228078252648774
13.11111111111111,0.11659144011798317,oscillatory_coexistence,1,0.003330427525076707,29.99825505475889,0.17225288523142054
13.11111111111111,0.1291549665014884,oscillatory_coexistence,1,0.0013485626193991426,30.00014838119212,0.17225209802837424
13.11111111111111,0.14307229891937578,stable_coexistence,0,0.0004995800710399414,30.000341716391024,0.17225576857066477
13.11111111111111,0.15848931924611134,stable_coexistence,0,0.00024083432973426378,30.000161876414104,0.17225757787895649
13.11111111111111,0.17556762912750015,stable_coexistence,0,9.204061321520039e-05,30.00004624111332,0.17225801992221346
13.11111111111111,0.19448624389373625,stable_coexistence,0,3.78894344509118e-05,30.00000692498744,0.1722580400257517
13.11111111111111,0.21544346900318845,stable_coexistence,0,1.3084967378848797e-05,29.999998478551053,0.17225800042933226
13.11111111111111,0.2386589786858581,stable_coexistence,0,4.204081530223075e-06,29.99999804175484,0.1722579741735452
13.11111111111111,0.26437611857491,stable_coexistence,0,1.7076865097497424e-06,29.99999878001806,0.17225796187861664
13.11111111111111,0.29286445646252374,stable_coexistence,0,8.833686923933703e-07,29.999999341821727,0.17225795663906923
13.11111111111111,0.324422607917163,stable_coexistence,0,4.609896692768915e-07,29.999999653670013,0.17225795440682817
13.11111111111111,0.35938136638046275,stable_coexistence,0,2.451734774090544e-07,29.999999814568245,0.17225795340913094
13.11111111111111,0.3981071705534973,stable_coexistence,0,1.3452894399429956e-07,29.999999897641835,0.17225795293011759
13.11111111111111,0.44100594541767385,stable_coexistence,0,7.6058542512834e-08,29.999999941839615,0.17225795268131103
13.11111111111111,0.4885273571519389,stable_coexistence,0,4.4103327906582285e-08,29.999999966317322,0.17225795254201268
13.11111111111111,0.5411695265464638,stable_coexistence,0,2.6391386641829745e-08,29.999999980434765,0.17225795245874465
13.11111111111111,0.5994842503189411,stable_coexistence,0,1.9472517590790495e-08,29.999999988876567,0.1722579524061876
13.11111111111111,0.6640827850634842,stable_coexistence,0,1.6998670681822502e-08,29.99999999407633,0.1722579523715458
13.11111111111111,0.7356422544596414,stable_coexistence,0,1.5068683013817006e-08,29.99999999735186,0.1722579523479179
13.11111111111111,0.8149127469020745,stable_coexistence,0,1.349092867074553e-08,29.999999999447883,0.17225795233136534
13.11111111111111,0.9027251779484579,stable_coexistence,0,1.2163987505817214e-08,30.000000000800757,0.1722579523195105
13.11111111111111,1.0,stable_coexistence,0,1.1029505722935417e-08,30.000000001675357,0.17225795231088836
13.11111111111111,1.1077568505097097,stable_coexistence,0,1.0050411110009242e-08,30.0000000022372,0.17225795230452276
13.11111111111111,1.2271252398511903,stable_coexistence,0,9.20079041024346e-09,30.00000000259204,0.17225795229976756
13.11111111111111,1.3593563908785256,stable_coexistence,0,8.46102103855998e-09,30.000000002808566,0.17225795229617896
13.11111111111111,1.5058363542798414,stable_coexistence,0,7.81539218450536e-09,30.000000002932637,0.17225795229344693
13.11111111111111,1.6681005372000592,stable_coexistence,0,7.250875099615862e-09,30.00000000299494,0.17225795229136326
13.11111111111111,1.8478497974222907,stable_coexistence,0,6.756463832178459e-09,30.000000003015792,0.17225795228974333
13.11111111111111,2.046968271807522,stable_coexistence,0,6.322768559935785e-09,30.000000003009614,0.1722579522884836
13.11111111111111,2.267543125870802,stable_coexistence,0,5.9417349257043855e-09,30.00000000298604,0.1722579522874982
13.11111111111111,2.5118864315095797,stable_coexistence,0,5.606445914374323e-09,30.00000000295173,0.17225795228672333
13.11111111111111,2.782559402207126,stable_coexistence,0,5.310946348852963e-09,30.000000002911275,0.17225795228611057
13.11111111111111,3.0823992397451434,stable_coexistence,0,5.05011440025332e-09,30.00000000286775,0.17225795228562446
13.11111111111111,3.414548873833601,stable_coexistence,0,4.819533216506256e-09,30.00000000282332,0.17225795228523696
13.11111111111111,3.782489906389386,stable_coexistence,0,4.6153889594778365e-09,30.000000002779363,0.17225795228492674
13.11111111111111,4.190079105786669,stable_coexistence,0,4.4343959611344e-09,30.000000002736826,0.17225795228467736
13.11111111111111,4.641588833612782,stable_coexistence,0,4.2737088530908974e-09,30.00000000269627,0.17225795228447616
13.11111111111111,5.141751827683928,stable_coexistence,0,4.130865841615785e-09,30.00000000265802,0.17225795228431345
13.11111111111111,5.695810810737687,stable_coexistence,0,4.003726653565432e-09,30.000000002622233,0.17225795228418112
13.11111111111111,6.309573444801936,stable_coexistence,0,3.890434048652584e-09,30.00000000258901,0.1722579522840733
13.11111111111111,6.989473207273487,stable_coexistence,0,3.7893730816628715e-09,30.00000000255828,0.17225795228398505
13.11111111111111,7.742636826811269,stable_coexistence,0,3.699129890976108e-09,30.00000000252999,0.17225795228391272
13.11111111111111,8.576958985908945,stable_coexistence,0,3.6184695533177194e-09,30.00000000250397,0.17225795228385332
13.11111111111111,9.50118507318144,stable_coexistence,0,3.546310267372648e-09,30.00000000248018,0.17225795228380408
13.11111111111111,10.525002852777327,stable_coexistence,0,3.4816982479420614e-09,30.000000002458435,0.17225795228376353
13.11111111111111,11.659144011798324,stable_coexistence,0,3.4237846333044245e-09,30.00000000243855,0.17225795228372995
13.11111111111111,12.91549665014884,stable_coexistence,0,3.3717907870452364e-09,30.000000002420386,0.17225795228370233
13.11111111111111,14.307229891937586,stable_coexistence,0,3.3247607923374805e-09,30.00000000240337,0.17225795228368188
13.11111111111111,15.848931924611142,stable_coexistence,0,3.2728448689325325e-09,30.00000000237593,0.17225795228372665
13.11111111111111,17.556762912750013,stable_coexistence,0,3.2353502393136504e-09,30.00000000236227,0.17225795228371088
13.11111111111111,19.448624389373634,stable_coexistence,0,3.201658315992301e-09,30.000000002349868,0.17225795228369767
13.11111111111111,21.544346900318846,stable_coexistence,0,3.1711376633240714e-09,30.000000002338336,0.17225795228368812
13.11111111111111,23.865897868585808,stable_coexistence,0,3.1405245216766964e-09,30.000000002323848,0.17225795228370133
13.11111111111111,26.437611857491014,stable_coexistence,0,3.0473411051550697e-09,30.000000002228575,0.17225795228414076
13.11111111111111,29.286445646252375,stable_coexistence,0,4.5682258408529234e-07,29.975187166696507,1.966381665721344
13.11111111111111,32.4422607917163,stable_coexistence,0,4.9333283358789534e-05,29.8783444851098,4.942320325855362
13.11111111111111,35.938136638046295,stable_coexistence,0,5.1264332335765924e-05,29.87829054352531,4.932768682180403
13.11111111111111,39.810717055349734,stable_coexistence,0,5.282371773394147e-05,29.87824155722155,4.924101580943751
13.11111111111111,44.100594541767364,stable_coexistence,0,5.406238222516794e-05,29.878197106681966,4.916240771746462
13.11111111111111,48.852735715193916,stable_coexistence,0,5.50286117038306e-05,29.878156800224545,4.909114288267135
13.11111111111111,54.116952654646376,stable_coexistence,0,5.576592338982823e-05,29.878120273816613,4.902656054583756
13.11111111111111,59.948425031894146,stable_coexistence,0,5.6313715846880404e-05,29.878087190480997,4.896805496267013
13.11111111111111,66.40827850634845,stable_coexistence,0,5.67063528454465e-05,29.878057239378688,4.8915071604131555
13.11111111111111,73.56422544596414,stable_coexistence,0,5.697317191876183e-05,29.878030134662367,4.886710347871954
13.11111111111111,81.49127469020749,stable_coexistence,0,5.71394850134507e-05,29.878005614161403,4.882368760124041
13.11111111111111,90.27251779484578,stable_coexistence,0,5.7226527694299665e-05,29.877983437970776,4.878440162566759
13.11111111111111,100.0,stable_coexistence,0,5.725179308139181e-05,29.877963386992132,4.87488606537659
13.333333333333332,0.01,predator_extinct,2,1.4351724205564003,59.166267323106496,1.1379966300319048e-22
13.333333333333332,0.011077568505097092,predator_extinct,2,1.2310168635107799,67.66343127037749,9.644409953342655e-19
13.333333333333332,0.012271252398511897,predator_extinct,2,24.713960188965356,75.33705350360778,3.608188675235395e-15
13.333333333333332,0.013593563908785255,predator_extinct,2,31.65708919878814,82.00885882459254,6.262287259085935e-12
13.333333333333332,0.015058363542798407,predator_extinct,2,31.69951241455473,87.57266275186403,5.3576476685583555e-09
13.333333333333332,0.016681005372000592,low_density_risk,4,31.710601682539448,91.96918067492693,2.406300560968588e-06
13.333333333333332,0.018478497974222907,low_density_risk,4,31.304075941078068,95.04870812387473,0.0005950137575349436
13.333333333333332,0.02046968271807521,low_density_risk,4,13.006442706544469,91.44314423398389,0.031990872147096075
13.333333333333332,0.02267543125870802,low_density_risk,4,6.445205362037624,81.76172451097284,0.060322501680230435
13.333333333333332,0.025118864315095794,low_density_risk,4,4.937633770209415,73.82498006558538,0.07374321554243345
13.333333333333332,0.027825594022071243,low_density_risk,4,3.5822914760736113,65.96732829179378,0.0954251542988398
13.333333333333332,0.030823992397451434,low_density_risk,4,2.8924886306382294,58.5135227592026,0.11123794977857986
13.333333333333332,0.034145488738336005,low_density_risk,4,2.4087365649975547,51.83988678937938,0.12606812166322787
13.333333333333332,0.037824899063893865,low_density_risk,4,2.053865000895401,45.679586567556925,0.13989442357952453
13.333333333333332,0.04190079105786669,oscillatory_coexistence,1,1.8745949515187144,40.11132772640522,0.15210600863588694
13.333333333333332,0.046415888336127795,oscillatory_coexistence,1,2.00195562064088,35.186307697584624,0.1630198247883312
13.333333333333332,0.051417518276839276,oscillatory_coexistence,1,1.5236761987674792,31.482005463066365,0.1711996368718253
13.333333333333332,0.056958108107376865,oscillatory_coexistence,1,0.5174889054600956,29.93622843964196,0.17286902862569206
13.333333333333332,0.06309573444801933,oscillatory_coexistence,1,0.40601893913629056,29.816708312290128,0.1697564086335021
13.333333333333332,0.06989473207273486,oscillatory_coexistence,1,0.14584002151394593,29.99746479965073,0.16864848966052173
13.333333333333332,0.0774263682681127,oscillatory_coexistence,1,0.0885255193868112,30.058904463908437,0.16914763529952948
13.333333333333332,0.08576958985908942,oscillatory_coexistence,1,0.041860949942563175,30.023097659810876,0.1695376496804215
13.333333333333332,0.0950118507318144,oscillatory_coexistence,1,0.016436191048035915,29.996338602691832,0.16956432365059682
13.333333333333332,0.10525002852777332,oscillatory_coexistence,1,0.00896997997927196,29.99417441928874,0.16949954650013702
13.333333333333332,0.11659144011798317,oscillatory_coexistence,1,0.0033534132843832465,29.99817262995031,0.16947109264586804
13.333333333333332,0.1291549665014884,oscillatory_coexistence,1,0.0013790897859408604,30.000118468632625,0.1694698852424282
13.333333333333332,0.14307229891937578,stable_coexistence,0,0.0004963595079629779,30.000338346125673,0.16947344495085198
13.333333333333332,0.15848931924611134,stable_coexistence,0,0.0002428301736166376,30.000163736778084,0.16947525074323322
13.333333333333332,0.17556762912750015,stable_coexistence,0,9.19703208372492e-05,30.000047619868443,0.16947570290763575
13.333333333333332,0.19448624389373625,stable_coexistence,0,3.8211556773539366e-05,30.000007515408257,0.169475728755942
13.333333333333332,0.21544346900318845,stable_coexistence,0,1.3285456838593975e-05,29.999998691541922,0.16947569138282864
13.333333333333332,0.2386589786858581,stable_coexistence,0,4.2963659328550354e-06,29.999998115696634,0.16947566587202942
13.333333333333332,0.26437611857491,stable_coexistence,0,1.683139517797809e-06,29.99999880688568,0.1694756538146325
13.333333333333332,0.29286445646252374,stable_coexistence,0,8.695731830190419e-07,29.999999352689997,0.1694756486515583
13.333333333333332,0.324422607917163,stable_coexistence,0,4.5411618251950676e-07,29.99999965875313,0.16947564644544283
13.333333333333332,0.35938136638046275,stable_coexistence,0,2.4144714290574106e-07,29.9999998173364,0.1694756454576781
13.333333333333332,0.3981071705534973,stable_coexistence,0,1.3224068232021978e-07,29.999999899361544,0.16947564498302964
13.333333333333332,0.44100594541767385,stable_coexistence,0,7.450992375958797e-08,29.99999994301963,0.1694756447364696
13.333333333333332,0.4885273571519389,stable_coexistence,0,4.313263016214851e-08,29.999999967184802,0.16947564459850492
13.333333333333332,0.5411695265464638,stable_coexistence,0,2.5778407190086712e-08,29.999999981102736,0.16947564451611763
13.333333333333332,0.5994842503189411,stable_coexistence,0,2.0097262054236226e-08,29.99999998940709,0.169475644464241
13.333333333333332,0.6640827850634842,stable_coexistence,0,1.7473356690683918e-08,29.99999999450681,0.16947564443003338
13.333333333333332,0.7356422544596414,stable_coexistence,0,1.5433414073835527e-08,29.99999999770656,0.1694756444067808
13.333333333333332,0.8149127469020745,stable_coexistence,0,1.3772908621115475e-08,29.99999999974356,0.16947564439052681
13.333333333333332,0.9027251779484579,stable_coexistence,0,1.2382550688076049e-08,30.000000001049614,0.1694756443789222
13.333333333333332,1.0,stable_coexistence,0,1.1198774884497389e-08,30.000000001886487,0.16947564437049584
13.333333333333332,1.1077568505097097,stable_coexistence,0,1.0180951547656975e-08,30.000000002417597,0.16947564436429186
13.333333333333332,1.2271252398511903,stable_coexistence,0,9.300648428337422e-09,30.000000002747147,0.16947564435967014
13.333333333333332,1.3593563908785256,stable_coexistence,0,8.536360476906324e-09,30.000000002942787,0.16947564435619317
13.333333333333332,1.5058363542798414,stable_coexistence,0,7.870996061527559e-09,30.000000003049422,0.16947564435355483
13.333333333333332,1.6681005372000592,stable_coexistence,0,7.290487264986761e-09,30.000000003097096,0.1694756443515373
13.333333333333332,1.8478497974222907,stable_coexistence,0,6.7830377752015305e-09,30.00000000310565,0.16947564434998455
13.333333333333332,2.046968271807522,stable_coexistence,0,6.338645755771761e-09,30.000000003089028,0.16947564434878168
13.333333333333332,2.267543125870802,stable_coexistence,0,5.9487903782082165e-09,30.00000000305657,0.16947564434784468
13.333333333333332,2.5118864315095797,stable_coexistence,0,5.6061786318701496e-09,30.000000003014684,0.1694756443471114
13.333333333333332,2.782559402207126,stable_coexistence,0,5.304575385827201e-09,30.0000000029677,0.1694756443465351
13.333333333333332,3.0823992397451434,stable_coexistence,0,5.038626700565478e-09,30.000000002918586,0.16947564434608023
13.333333333333332,3.414548873833601,stable_coexistence,0,4.803732640837708e-09,30.00000000286928,0.1694756443457196
13.333333333333332,3.782489906389386,stable_coexistence,0,4.5959423521858e-09,30.000000002821128,0.1694756443454328
13.333333333333332,4.190079105786669,stable_coexistence,0,4.411849611158662e-09,30.00000000277492,0.16947564434520387
13.333333333333332,4.641588833612782,stable_coexistence,0,4.248517034087004e-09,30.000000002731156,0.16947564434502047
13.333333333333332,5.141751827683928,stable_coexistence,0,4.103405851776278e-09,30.000000002690097,0.16947564434487325
13.333333333333332,5.695810810737687,stable_coexistence,0,3.974315631797915e-09,30.000000002651877,0.16947564434475473
13.333333333333332,6.309573444801936,stable_coexistence,0,3.8593399879921375e-09,30.00000000261647,0.16947564434465898
13.333333333333332,6.989473207273487,stable_coexistence,0,3.756820632037701e-09,30.00000000258384,0.16947564434458157
13.333333333333332,7.742636826811269,stable_coexistence,0,3.665311372619966e-09,30.000000002553833,0.16947564434451887
13.333333333333332,8.576958985908945,stable_coexistence,0,3.5835475620932434e-09,30.00000000252636,0.16947564434446752
13.333333333333332,9.50118507318144,stable_coexistence,0,3.5104231222656926e-09,30.00000000250125,0.16947564434447096
13.333333333333332,10.525002852777327,stable_coexistence,0,3.4449661490987242e-09,30.000000002478313,0.1694756443444369
13.333333333333332,11.659144011798324,stable_coexistence,0,3.3863122673544055e-09,30.000000002457398,0.16947564434436413
13.333333333333332,12.91549665014884,stable_coexistence,0,3.333671708782053e-09,30.000000002438295,0.169475644344342
13.333333333333332,14.307229891937586,stable_coexistence,0,3.2860967277961098e-09,30.00000000242046,0.16947564434432594
13.333333333333332,15.848931924611142,stable_coexistence,0,3.2341477641540092e-09,30.00000000239243,0.16947564434437412
13.333333333333332,17.556762912750013,stable_coexistence,0,3.196215084938637e-09,30.000000002378126,0.16947564434436202
13.333333333333332,19.448624389373634,stable_coexistence,0,3.162130468332085e-09,30.00000000236514,0.1694756443443523
13.333333333333332,21.544346900318846,stable_coexistence,0,3.1312822554627494e-09,30.000000002353097,0.1694756443443457
13.333333333333332,23.865897868585808,stable_coexistence,0,3.1005772169549257e-09,30.000000002338226,0.16947564434436094
13.333333333333332,26.437611857491014,stable_coexistence,0,3.0105660184766968e-09,30.000000002243787,0.1694756443447968
13.333333333333332,29.286445646252375,stable_coexistence,0,5.583715729746125e-07,29.97541801655794,1.9553584991890927
13.333333333333332,32.4422607917163,stable_coexistence,0,4.967836340017428e-05,29.87833526746674,4.9406874433072066
13.333333333333332,35.938136638046295,stable_coexistence,0,5.15448078252366e-05,29.878282169648823,4.931286716567562
13.333333333333332,39.810717055349734,stable_coexistence,0,5.3048105216792294e-05,29.878233956312073,4.922757233139168
13.333333333333332,44.100594541767364,stable_coexistence,0,5.423885006097529e-05,29.87819021250238,4.915021801746988
13.333333333333332,48.852735715193916,stable_coexistence,0,5.516441064754799e-05,29.878150551104987,4.9080094504156175
13.333333333333332,54.116952654646376,stable_coexistence,0,5.5868186072043605e-05,29.8781146125802,4.901655033247407
13.333333333333332,59.948425031894146,stable_coexistence,0,5.63882447209088e-05,29.87808206431256,4.895898842723828
13.333333333333332,66.40827850634845,stable_coexistence,0,5.675825764010815e-05,29.878052599651802,4.890686231539672
13.333333333333332,73.56422544596414,stable_coexistence,0,5.7006907484027176e-05,29.878025936733426,4.885967247089098
13.333333333333332,81.49127469020749,stable_coexistence,0,5.7158853801030375e-05,29.878001817141012,4.881696280933448
13.333333333333332,90.27251779484578,stable_coexistence,0,5.7234589146391944e-05,29.8779800044873,4.877831734908299
13.333333333333332,100.0,stable_coexistence,0,5.725116387704157e-05,29.87796028294947,4.874335704948518
13.555555555555555,0.01,predator_extinct,2,1.4442823959459827,58.88528698951361,6.617079609103623e-23
13.555555555555555,0.011077568505097092,predator_extinct,2,1.2388289074291332,67.41450614200636,5.908050423437549e-19
13.555555555555555,0.012271252398511897,predator_extinct,2,22.051368118121108,75.12452600353376,2.3188934201869812e-15
13.555555555555555,0.013593563908785255,predator_extinct,2,31.65369813740483,81.83462800376589,4.204197693572531e-12
13.555555555555555,0.015058363542798407,predator_extinct,2,31.69921683956082,87.43713969482243,3.741920471342983e-09
13.555555555555555,0.016681005372000592,low_density_risk,4,31.710927043898533,91.87114658986674,1.7417511421258591e-06
13.555555555555555,0.018478497974222907,low_density_risk,4,31.401468860152708,95.02027973066255,0.00044618689294207537
13.555555555555555,0.02046968271807521,low_density_risk,4,14.457206199450363,91.95406553308955,0.028328125978327904
13.555555555555555,0.02267543125870802,low_density_risk,4,6.518382734817322,82.24482463657608,0.05870528474178842
13.555555555555555,0.025118864315095794,low_density_risk,4,5.007585712662628,74.21693308628882,0.07156463369825473
13.555555555555555,0.027825594022071243,low_density_risk,4,3.6207046765689035,66.357991818022,0.09291867411768577
13.555555555555555,0.030823992397451434,low_density_risk,4,2.9127756248558674,58.8520578463227,0.10871221835300705
13.555555555555555,0.034145488738336005,low_density_risk,4,2.4231709584617667,52.14281372468115,0.12332776541072295
13.555555555555555,0.037824899063893865,low_density_risk,4,2.0634998339012705,45.949896494052055,0.13703253259568815
13.555555555555555,0.04190079105786669,oscillatory_coexistence,1,1.8647295519973746,40.34862138761402,0.14912522500405156
13.555555555555555,0.046415888336127795,oscillatory_coexistence,1,2.00243984454469,35.38389924703836,0.15995401682747792
13.555555555555555,0.051417518276839276,oscillatory_coexistence,1,1.5628317911635452,31.59911891108452,0.1682022916814875
13.555555555555555,0.056958108107376865,oscillatory_coexistence,1,0.5409759323568071,29.962947601571674,0.17018513661698495
13.555555555555555,0.06309573444801933,oscillatory_coexistence,1,0.41480931458686665,29.811430861679728,0.1671674292046878
13.555555555555555,0.06989473207273486,oscillatory_coexistence,1,0.14859208247086308,29.991534937772656,0.16597324343985914
13.555555555555555,0.0774263682681127,oscillatory_coexistence,1,0.08840661963491861,30.058612938820314,0.1664399348640036
13.555555555555555,0.08576958985908942,oscillatory_coexistence,1,0.043308408566483415,30.024340222674848,0.16683564453040156
13.555555555555555,0.0950118507318144,oscillatory_coexistence,1,0.016961274402960035,29.996804738045793,0.1668699064389837
13.555555555555555,0.10525002852777332,oscillatory_coexistence,1,0.009001863764451293,29.994144041351426,0.16680676493648858
13.555555555555555,0.11659144011798317,oscillatory_coexistence,1,0.003449585691111943,29.9980919040016,0.16677780123087532
13.555555555555555,0.1291549665014884,oscillatory_coexistence,1,0.0014087976892526283,30.000088387086034,0.1667761844708171
13.555555555555555,0.14307229891937578,stable_coexistence,0,0.0004932607306142599,30.000334719189933,0.1667796330565132
13.555555555555555,0.15848931924611134,stable_coexistence,0,0.00024469623191868546,30.000165482591534,0.16678143401387632
13.555555555555555,0.17556762912750015,stable_coexistence,0,9.186454490170133e-05,30.000048960390593,0.16678189563090992
13.555555555555555,0.19448624389373625,stable_coexistence,0,3.851775084331473e-05,30.00000809460343,0.16678192698679195
13.555555555555555,0.21544346900318845,stable_coexistence,0,1.3479819069450137e-05,29.99999890145877,0.16678189176720012
13.555555555555555,0.2386589786858581,stable_coexistence,0,4.38643472503816e-06,29.999998188839974,0.16678186698366398
13.555555555555555,0.26437611857491,stable_coexistence,0,1.6596551284152605e-06,29.999998833556955,0.166781855160057
13.555555555555555,0.29286445646252374,stable_coexistence,0,8.563902657487192e-07,29.999999363511748,0.16678185007299481
13.555555555555555,0.324422607917163,stable_coexistence,0,4.472861472195153e-07,29.99999966382292,0.16678184789314968
13.555555555555555,0.35938136638046275,stable_coexistence,0,2.377448308422942e-07,29.99999982009654,0.16678184691548098
13.555555555555555,0.3981071705534973,stable_coexistence,0,1.299702785038314e-07,29.999999901073014,0.16678184644530228
13.555555555555555,0.44100594541767385,stable_coexistence,0,7.300827770749574e-08,29.999999944190677,0.1667818462010493
13.555555555555555,0.4885273571519389,stable_coexistence,0,4.221113363625857e-08,29.999999968043053,0.16678184606445126
13.555555555555555,0.5411695265464638,stable_coexistence,0,2.5196718271634503e-08,29.999999981761608,0.16678184598296533
13.555555555555555,0.5994842503189411,stable_coexistence,0,2.0706522488786802e-08,29.99999998992888,0.16678184593168494
13.555555555555555,0.6640827850634842,stable_coexistence,0,1.7934539190112628e-08,29.999999994929013,0.16678184589800227
13.555555555555555,0.7356422544596414,stable_coexistence,0,1.57863643352898e-08,29.99999999805359,0.16678184587512204
13.555555555555555,0.8149127469020745,stable_coexistence,0,1.4044602636416545e-08,30.000000000032138,0.16678184585916137
13.555555555555555,0.9027251779484579,stable_coexistence,0,1.2592115557128757e-08,30.00000000129186,0.1667818458477939
13.555555555555555,1.0,stable_coexistence,0,1.136016400869646e-08,30.000000002091546,0.16678184583956074
13.555555555555555,1.1077568505097097,stable_coexistence,0,1.0304605878805836e-08,30.000000002592373,0.16678184583351516
13.555555555555555,1.2271252398511903,stable_coexistence,0,9.394428700718443e-09,30.000000002897078,0.16678184582902464
13.555555555555555,1.3593563908785256,stable_coexistence,0,8.606333067546945e-09,30.000000003072177,0.16678184582565683
13.555555555555555,1.5058363542798414,stable_coexistence,0,7.921843328630244e-09,30.00000000316176,0.16678184582310993
13.555555555555555,1.6681005372000592,stable_coexistence,0,7.325868029943619e-09,30.000000003195083,0.1667818458211691
13.555555555555555,1.8478497974222907,stable_coexistence,0,6.805830091362225e-09,30.000000003191612,0.16678184581968128
13.555555555555555,2.046968271807522,stable_coexistence,0,6.351129636350374e-09,30.000000003164786,0.16678184581853372
13.555555555555555,2.267543125870802,stable_coexistence,0,5.952782088860208e-09,30.000000003123663,0.1667818458176441
13.555555555555555,2.5118864315095797,stable_coexistence,0,5.603140943240143e-09,30.000000003074373,0.16678184581695119
13.555555555555555,2.782559402207126,stable_coexistence,0,5.295684127718519e-09,30.000000003021047,0.16678184581640887
13.555555555555555,3.0823992397451434,stable_coexistence,0,5.024836605566957e-09,30.000000002966466,0.16678184581598374
13.555555555555555,3.414548873833601,stable_coexistence,0,4.785823292753911e-09,30.000000002912454,0.166781845815649
13.555555555555555,3.782489906389386,stable_coexistence,0,4.574551699969376e-09,30.00000000286019,0.16678184581538466
13.555555555555555,4.190079105786669,stable_coexistence,0,4.38750629860479e-09,30.000000002810427,0.16678184581517536
13.555555555555555,4.641588833612782,stable_coexistence,0,4.221656387044951e-09,30.000000002763553,0.16678184581500913
13.555555555555555,5.141751827683928,stable_coexistence,0,4.07439024704114e-09,30.000000002719766,0.1667818458148769
13.555555555555555,5.695810810737687,stable_coexistence,0,3.943451668560056e-09,30.000000002679155,0.16678184581477148
13.555555555555555,6.309573444801936,stable_coexistence,0,3.82688085631297e-09,30.00000000264168,0.16678184581468733
13.555555555555555,6.989473207273487,stable_coexistence,0,3.722981389518514e-09,30.000000002607166,0.16678184581462013
13.555555555555555,7.742636826811269,stable_coexistence,0,3.6302739182010457e-09,30.000000002575536,0.1667818458145663
13.555555555555555,8.576958985908945,stable_coexistence,0,3.5474676230574578e-09,30.00000000254664,0.16678184581452318
13.555555555555555,9.50118507318144,stable_coexistence,0,3.4734333332570127e-09,30.000000002520224,0.1667818458144886
13.555555555555555,10.525002852777327,stable_coexistence,0,3.4071810259213557e-09,30.000000002496176,0.166781845814461
13.555555555555555,11.659144011798324,stable_coexistence,0,3.3478304570248026e-09,30.000000002474255,0.1667818458144388
13.555555555555555,12.91549665014884,stable_coexistence,0,3.2945817922945836e-09,30.000000002454243,0.16678184581442143
13.555555555555555,14.307229891937586,stable_coexistence,0,3.2464911941301853e-09,30.000000002435623,0.16678184581441008
13.555555555555555,15.848931924611142,stable_coexistence,0,3.194538322503087e-09,30.000000002407038,0.1667818458144614
13.555555555555555,17.556762912750013,stable_coexistence,0,3.156189383668448e-09,30.000000002392103,0.16678184581445285
13.555555555555555,19.448624389373634,stable_coexistence,0,3.1217407323336988e-09,30.00000000237851,0.16678184581444613
13.555555555555555,21.544346900318846,stable_coexistence,0,3.0905817754413323e-09,30.000000002365955,0.16678184581444222
13.555555555555555,23.865897868585808,stable_coexistence,0,3.0597957350616604e-09,30.0000000023508,0.1667818458144594
13.555555555555555,26.437611857491014,stable_coexistence,0,2.972909266687311e-09,30.00000000225726,0.16678184581489203
13.555555555555555,29.286445646252375,stable_coexistence,0,6.558829089622973e-07,29.975643892160477,1.9445905770945966
13.555555555555555,32.4422607917163,stable_coexistence,0,5.0006812580546614e-05,29.87832634228131,4.939106663698658
13.555555555555555,35.938136638046295,stable_coexistence,0,5.1811067960760245e-05,29.878274062638223,4.929852155283775
13.555555555555555,39.810717055349734,stable_coexistence,0,5.326047559179286e-05,29.878226598574482,4.921455984875872
13.555555555555555,44.100594541767364,stable_coexistence,0,5.440528483769703e-05,29.878183539630218,4.913841992445598
13.555555555555555,48.852735715193916,stable_coexistence,0,5.5292303886516386e-05,29.87814450317294,4.906940173572008
13.555555555555555,54.116952654646376,stable_coexistence,0,5.5963825711140303e-05,29.878109134064744,4.900686286801083
13.555555555555555,59.948425031894146,stable_coexistence,0,5.645754448380112e-05,29.878077103955555,4.895021467239344
13.555555555555555,66.40827850634845,stable_coexistence,0,5.6806102301853686e-05,29.878048110284375,4.88989185024342
13.555555555555555,73.56422544596414,stable_coexistence,0,5.703755269601165e-05,29.87802187506405,4.885248208185869
13.555555555555555,81.49127469020749,stable_coexistence,0,5.717590336883183e-05,29.877998143537248,4.881045602515549
13.555555555555555,90.27251779484578,stable_coexistence,0,5.724093751058623e-05,29.877976682736346,4.8772430526665715
13.555555555555555,100.0,stable_coexistence,0,5.7249342267821615e-05,29.877957280022,4.8738032228135
13.777777777777777,0.01,predator_extinct,2,1.4532844357565466,58.608447970782954,3.8794617723297875e-23
13.777777777777777,0.011077568505097092,predator_extinct,2,1.2465427845183492,67.16899022838537,3.6461973184717293e-19
13.777777777777777,0.012271252398511897,predator_extinct,2,18.936525714122922,74.91468714133103,1.500313468129901e-15
13.777777777777777,0.013593563908785255,predator_extinct,2,31.64916434138358,81.66238071575185,2.839594163210297e-12
13.777777777777777,0.015058363542798407,predator_extinct,2,31.698919950172,87.30294085851858,2.6277216597436634e-09
13.777777777777777,0.016681005372000592,low_density_risk,4,31.71114051408606,91.77383817382778,1.2669280729901168e-06
13.777777777777777,0.018478497974222907,low_density_risk,4,31.475095179987253,94.9834844234181,0.00033580726929946807
13.777777777777777,0.02046968271807521,low_density_risk,4,16.0711984623365,92.43980662579793,0.02482477241438582
13.777777777777777,0.02267543125870802,low_density_risk,4,6.594555494616372,82.7255555279313,0.057126897203862395
13.777777777777777,0.025118864315095794,low_density_risk,4,5.075967205426648,74.601247917447,0.06950293042822599
13.777777777777777,0.027825594022071243,low_density_risk,4,3.6598876074599365,66.74232880671734,0.09049187535901128
13.777777777777777,0.030823992397451434,low_density_risk,4,2.932976658209179,59.18584541023103,0.1062786107454883
13.777777777777777,0.034145488738336005,low_density_risk,4,2.4375409481398442,52.440919713028684,0.12068496279524693
13.777777777777777,0.037824899063893865,low_density_risk,4,2.0730759920935866,46.216133674411864,0.13426918195624793
13.777777777777777,0.04190079105786669,oscillatory_coexistence,1,1.8549950093893601,40.58245104458161,0.1462460486936742
13.777777777777777,0.046415888336127795,oscillatory_coexistence,1,2.001924354550743,35.57963531200258,0.15698882443398185
13.777777777777777,0.051417518276839276,oscillatory_coexistence,1,1.5997895198778889,31.718077252183132,0.1652919314775974
13.777777777777777,0.056958108107376865,oscillatory_coexistence,1,0.5742139613314617,29.991591206367687,0.1675725562799928
13.777777777777777,0.06309573444801933,oscillatory_coexistence,1,0.42257577269481644,29.806738919616205,0.1646607190569549
13.777777777777777,0.06989473207273486,oscillatory_coexistence,1,0.15109494255712125,29.985559662070674,0.16338417869162578
13.777777777777777,0.0774263682681127,oscillatory_coexistence,1,0.08829142157278252,30.058182425365473,0.16381746072253794
13.777777777777777,0.08576958985908942,oscillatory_coexistence,1,0.04472103027857011,30.025554007957066,0.16421802640998368
13.777777777777777,0.0950118507318144,oscillatory_coexistence,1,0.017474528177021453,29.99728240128988,0.16425971903992584
13.777777777777777,0.10525002852777332,oscillatory_coexistence,1,0.009024088693683558,29.9941215261125,0.16419827947621576
13.777777777777777,0.11659144011798317,oscillatory_coexistence,1,0.003543797453777251,29.99801289726472,0.16416885081210522
13.777777777777777,0.1291549665014884,oscillatory_coexistence,1,0.0014376943846262746,30.000058165912733,0.16416683548138544
13.777777777777777,0.14307229891937578,stable_coexistence,0,0.0004902719550603934,30.00033084869375,0.16417017283277044
13.777777777777777,0.15848931924611134,stable_coexistence,0,0.00024643718279030846,30.00016711816237,0.16417196773633094
13.777777777777777,0.17556762912750015,stable_coexistence,0,9.172511244739549e-05,30.00005026385977,0.1641724381739562
13.777777777777777,0.19448624389373625,stable_coexistence,0,3.88087593828612e-05,30.000008662837423,0.16417247481053648
13.777777777777777,0.21544346900318845,stable_coexistence,0,1.3668329200731916e-05,29.999999108337164,0.1641724416769263
13.777777777777777,0.2386589786858581,stable_coexistence,0,4.474358251242732e-06,29.999998261175318,0.16417241760313614
13.777777777777777,0.26437611857491,stable_coexistence,0,1.6371669189496404e-06,29.99999886001979,0.1641724060094693
13.777777777777777,0.29286445646252374,stable_coexistence,0,8.437817544163752e-07,29.99999937427863,0.16417240099784694
13.777777777777777,0.324422607917163,stable_coexistence,0,4.4050310806308903e-07,29.99999966887438,0.16417239884433912
13.777777777777777,0.35938136638046275,stable_coexistence,0,2.340688484743576e-07,29.99999982284585,0.16417239787689272
13.777777777777777,0.3981071705534973,stable_coexistence,0,1.277190317325234e-07,29.999999902774686,0.16417239741127512
13.777777777777777,0.44100594541767385,stable_coexistence,0,7.157903078550339e-08,29.999999945351977,0.16417239716937665
13.777777777777777,0.4885273571519389,stable_coexistence,0,4.1334259061404116e-08,29.99999996889176,0.16417239703417266
13.777777777777777,0.5411695265464638,stable_coexistence,0,2.5337193928180513e-08,29.999999982411204,0.1641723969535991
13.777777777777777,0.5994842503189411,stable_coexistence,0,2.1300583940504452e-08,29.999999990441975,0.16417239690296354
13.777777777777777,0.6640827850634842,stable_coexistence,0,1.8382651492754572e-08,29.999999995343106,0.16417239686976073
13.777777777777777,0.7356422544596414,stable_coexistence,0,1.6127948636714343e-08,29.999999998393083,0.1641723968472481
13.777777777777777,0.8149127469020745,stable_coexistence,0,1.4306432779034177e-08,30.000000000313808,0.16417239683158008
13.777777777777777,0.9027251779484579,stable_coexistence,0,1.2793093872490937e-08,30.00000000152775,0.16417239682044793
13.777777777777777,1.0,stable_coexistence,0,1.151408603928603e-08,30.00000000229078,0.16417239681240492
13.777777777777777,1.1077568505097097,stable_coexistence,0,1.0421709005932024e-08,30.000000002761762,0.16417239680651446
13.777777777777777,1.2271252398511903,stable_coexistence,0,9.482477853817832e-09,30.000000003042036,0.16417239680215198
13.777777777777777,1.3593563908785256,stable_coexistence,0,8.671255830965783e-09,30.00000000319697,0.1641723967988904
13.777777777777777,1.5058363542798414,stable_coexistence,0,7.968226492572969e-09,30.000000003269825,0.16417239679643233
13.777777777777777,1.6681005372000592,stable_coexistence,0,7.357291427134834e-09,30.000000003289117,0.16417239679456583
13.777777777777777,1.8478497974222907,stable_coexistence,0,6.82509657604539e-09,30.000000003273854,0.16417239679314083
13.777777777777777,2.046968271807522,stable_coexistence,0,6.360459654573539e-09,30.00000000323708,0.16417239679204662
13.777777777777777,2.267543125870802,stable_coexistence,0,5.953943234101441e-09,30.000000003187488,0.16417239679120246
13.777777777777777,2.5118864315095797,stable_coexistence,0,5.597548379780775e-09,30.000000003130985,0.16417239679054849
13.777777777777777,2.782559402207126,stable_coexistence,0,5.284477092410986e-09,30.000000003071484,0.16417239679004006
13.777777777777777,3.0823992397451434,stable_coexistence,0,5.00893939608626e-09,30.000000003011564,0.1641723967896437
13.777777777777777,3.414548873833601,stable_coexistence,0,4.765988965975813e-09,30.000000002952973,0.16417239678933343
13.777777777777777,3.782489906389386,stable_coexistence,0,4.551396414869299e-09,30.00000000289674,0.1641723967890901
13.777777777777777,4.190079105786669,stable_coexistence,0,4.3615357247628036e-09,30.000000002843507,0.1641723967888995
13.777777777777777,4.641588833612782,stable_coexistence,0,4.193291284184242e-09,30.000000002793605,0.16417239678874965
13.777777777777777,5.141751827683928,stable_coexistence,0,4.04398008376377e-09,30.000000002747203,0.1641723967886317
13.777777777777777,5.695810810737687,stable_coexistence,0,3.911284569945271e-09,30.000000002704265,0.16417239678853898
13.777777777777777,6.309573444801936,stable_coexistence,0,3.79320113063799e-09,30.000000002664752,0.16417239678846593
13.777777777777777,6.989473207273487,stable_coexistence,0,3.687996633685897e-09,30.000000002628443,0.16417239678840856
13.777777777777777,7.742636826811269,stable_coexistence,0,3.594157504638255e-09,30.000000002595254,0.16417239678836318
13.777777777777777,8.576958985908945,stable_coexistence,0,3.510367226229699e-09,30.00000000256493,0.16417239678832787
13.777777777777777,9.50118507318144,stable_coexistence,0,3.4354754297712055e-09,30.000000002537302,0.16417239678829984
13.777777777777777,10.525002852777327,stable_coexistence,0,3.368472670882991e-09,30.000000002512145,0.16417239678827816
13.777777777777777,11.659144011798324,stable_coexistence,0,3.3084682842459156e-09,30.000000002489237,0.16417239678826157
13.777777777777777,12.91549665014884,stable_coexistence,0,3.2546449088663974e-09,30.000000002468365,0.1641723967882489
13.777777777777777,14.307229891937586,stable_coexistence,0,3.206073628541377e-09,30.00000000244897,0.16417239678824153
13.777777777777777,15.848931924611142,stable_coexistence,0,3.154133546683562e-09,30.00000000241985,0.16417239678829595
13.777777777777777,17.556762912750013,stable_coexistence,0,3.115399019991078e-09,30.000000002404274,0.1641723967882909
13.777777777777777,19.448624389373634,stable_coexistence,0,3.080607887057766e-09,30.000000002390188,0.1641723967882872
13.777777777777777,21.544346900318846,stable_coexistence,0,3.049156423405911e-09,30.00000000237716,0.16417239678828588
13.777777777777777,23.865897868585808,stable_coexistence,0,3.027219597223005e-09,30.000000002361684,0.16417239678830486
13.777777777777777,26.437611857491014,stable_coexistence,0,2.9344864314052433e-09,30.000000002269044,0.16417239678873347
13.777777777777777,29.286445646252375,stable_coexistence,0,7.454303336026101e-07,29.97586497450534,1.9340681577314183
13.777777777777777,32.4422607917163,stable_coexistence,0,5.0319561025930245e-05,29.87831769591441,4.937575531134019
13.777777777777777,35.938136638046295,stable_coexistence,0,5.206391271136345e-05,29.87826620998818,4.9284627586664636
13.777777777777777,39.810717055349734,stable_coexistence,0,5.346166446109115e-05,29.8782194725645,4.920195795493851
13.777777777777777,44.100594541767364,stable_coexistence,0,5.456251751952432e-05,29.87817707760963,4.912699486021093
13.777777777777777,48.852735715193916,stable_coexistence,0,5.541253349899219e-05,29.878138646891912,4.9059047676437695
13.777777777777777,54.116952654646376,stable_coexistence,0,5.605334465057622e-05,29.878103829585523,4.899748278799722
13.777777777777777,59.948425031894146,stable_coexistence,0,5.652199493374776e-05,29.87807230150967,4.89417197393386
13.777777777777777,66.40827850634845,stable_coexistence,0,5.685018670082989e-05,29.87804376409518,4.889122749086124
13.777777777777777,73.56422544596414,stable_coexistence,0,5.7065339727298475e-05,29.878017943137326,4.8845520809587075
13.777777777777777,81.49127469020749,stable_coexistence,0,5.719081059539332e-05,29.87799458743778,4.880415681564522
13.777777777777777,90.27251779484578,stable_coexistence,0,5.7245785670575715e-05,29.877973467357293,4.876673169918351
13.777777777777777,100.0,stable_coexistence,0,5.7246580990660896e-05,29.877954373351326,4.873287761687472
14.0,0.01,predator_extinct,2,1.4621813820248029,58.33563462987301,2.2927107805788542e-23
14.0,0.011077568505097092,predator_extinct,2,1.2541615051617643,66.92679200715976,2.2665586683254035e-19
14.0,0.012271252398511897,predator_extinct,2,15.594482819274198,74.7074693186537,9.770250593358171e-16
14.0,0.013593563908785255,predator_extinct,2,31.64299052750295,81.49207202950615,1.9291843534066833e-12
14.0,0.015058363542798407,predator_extinct,2,31.69862143586001,87.17004053399944,1.8550582847720999e-09
14.0,0.016681005372000592,predator_extinct,2,31.711273752978762,91.67725559379615,9.259420029128128e-07
14.0,0.018478497974222907,low_density_risk,4,31.530884360391074,94.94043318847842,0.0002536733980036693
14.0,0.02046968271807521,low_density_risk,4,17.674770351198795,92.8987621331716,0.021534923878588193
14.0,0.02267543125870802,low_density_risk,4,6.674524782550774,83.20371509281227,0.05558017852244484
14.0,0.025118864315095794,low_density_risk,4,5.142688943184671,74.9785011161517,0.06755093180673159
14.0,0.027825594022071243,low_density_risk,4,3.6998422952730756,67.12040042829072,0.08814160902106652
14.0,0.030823992397451434,low_density_risk,4,2.9531179921240387,59.51505742508321,0.10393202964943357
14.0,0.034145488738336005,low_density_risk,4,2.4518390560559813,52.7343523687509,0.11813501672187252
14.0,0.037824899063893865,low_density_risk,4,2.082597860664389,46.47841503672773,0.13159952877490874
14.0,0.04190079105786669,oscillatory_coexistence,1,1.8454001963790743,40.81290526595848,0.14346356487456066
14.0,0.046415888336127795,oscillatory_coexistence,1,2.000535730040383,35.773463591080684,0.15411970077293805
14.0,0.051417518276839276,oscillatory_coexistence,1,1.6345602646973916,31.83867522760533,0.1624654706860507
14.0,0.056958108107376865,oscillatory_coexistence,1,0.6078999849493213,30.022139045279847,0.16502814890871134
14.0,0.06309573444801933,oscillatory_coexistence,1,0.4292935551770426,29.8026433083539,0.16223209356555524
14.0,0.06989473207273486,oscillatory_coexistence,1,0.15334884827388578,29.979554077390773,0.16087726999417223
14.0,0.0774263682681127,oscillatory_coexistence,1,0.0881798407577285,30.057616643501294,0.16127629649365355
14.0,0.08576958985908942,oscillatory_coexistence,1,0.046097417129073975,30.026737590594415,0.16168090634620405
14.0,0.0950118507318144,oscillatory_coexistence,1,0.01797557674070674,29.997770719037472,0.16172986615557483
14.0,0.10525002852777332,oscillatory_coexistence,1,0.0090368769822019,29.99410668963528,0.16167018857685608
14.0,0.11659144011798317,oscillatory_coexistence,1,0.003636015168588502,29.99793562629272,0.16164033808173103
14.0,0.1291549665014884,oscillatory_coexistence,1,0.0014657816492040403,30.000027832473123,0.16163793488597472
14.0,0.14307229891937578,stable_coexistence,0,0.00048738868360180033,30.000326747041388,0.1616411610509954
14.0,0.15848931924611134,stable_coexistence,0,0.00024805746142060007,30.000168647600688,0.1616429487750408
14.0,0.17556762912750015,stable_coexistence,0,9.155390981536757e-05,30.000051531414805,0.16164342743556998
14.0,0.19448624389373625,stable_coexistence,0,3.908525444414582e-05,30.000009220372252,0.16164346913581745
14.0,0.21544346900318845,stable_coexistence,0,1.3851170389678544e-05,29.9999993122161,0.16164343802282816
14.0,0.2386589786858581,stable_coexistence,0,4.5602033760543375e-06,29.999998332696634,0.16164341464154694
14.0,0.26437611857491,stable_coexistence,0,1.6156235514726398e-06,29.999998886263928,0.1616434032738833
14.0,0.29286445646252374,stable_coexistence,0,8.317100138142486e-07,29.9999993849835,0.16164339833703223
14.0,0.324422607917163,stable_coexistence,0,4.3377089589764975e-07,29.999999673903368,0.16164339620986806
14.0,0.35938136638046275,stable_coexistence,0,2.3042126911845257e-07,29.999999825581977,0.16164339525273844
14.0,0.3981071705534973,stable_coexistence,0,1.2548795410630625e-07,29.99999990446538,0.1616433947917424
14.0,0.44100594541767385,stable_coexistence,0,7.021701752720516e-08,29.99999994650294,0.16164339455223917
14.0,0.4885273571519389,stable_coexistence,0,4.049939173882141e-08,29.99999996973056,0.16164339441844544
14.0,0.5411695265464638,stable_coexistence,0,2.6121728913207628e-08,29.999999983051524,0.16164339433879046
14.0,0.5994842503189411,stable_coexistence,0,2.1879970434658238e-08,29.9999999909464,0.16164339428880006
14.0,0.6640827850634842,stable_coexistence,0,1.881808392342013e-08,29.999999995749235,0.16164339425607602
14.0,0.7356422544596414,stable_coexistence,0,1.645856831633164e-08,29.99999999872521,0.16164339423392984
14.0,0.8149127469020745,stable_coexistence,0,1.4558797663443504e-08,30.000000000588734,0.1616433942185484
14.0,0.9027251779484579,stable_coexistence,0,1.2985877143210226e-08,30.000000001757453,0.1616433942076447
14.0,1.0,stable_coexistence,0,1.1660885944764476e-08,30.000000002484303,0.16164339419978682
14.0,1.1077568505097097,stable_coexistence,0,1.0532606015957615e-08,30.000000002925947,0.16164339419404822
14.0,1.2271252398511903,stable_coexistence,0,9.56510947382967e-09,30.0000000031822,0.16164339418981089
14.0,1.3593563908785256,stable_coexistence,0,8.731426247721541e-09,30.000000003317382,0.16164339418665288
14.0,1.5058363542798414,stable_coexistence,0,8.010430717840337e-09,30.000000003373803,0.16164339418428034
14.0,1.6681005372000592,stable_coexistence,0,7.385011120317054e-09,30.000000003379355,0.16164339418248674
14.0,1.8478497974222907,stable_coexistence,0,6.841077984814622e-09,30.000000003352568,0.16164339418112228
14.0,2.046968271807522,stable_coexistence,0,6.366863420964248e-09,30.000000003306056,0.16164339418007884
14.0,2.267543125870802,stable_coexistence,0,5.952484963548185e-09,30.000000003248232,0.16164339417927825
14.0,2.5118864315095797,stable_coexistence,0,5.589599419762857e-09,30.000000003184706,0.16164339417866164
14.0,2.782559402207126,stable_coexistence,0,5.271144113238804e-09,30.000000003119162,0.1616433941781857
14.0,3.0823992397451434,stable_coexistence,0,4.991114839435491e-09,30.000000003054062,0.1616433941778165
14.0,3.414548873833601,stable_coexistence,0,4.744400072336168e-09,30.000000002991,0.16164339417753026
14.0,3.782489906389386,stable_coexistence,0,4.526638974324449e-09,30.00000000293088,0.16164339417730803
14.0,4.190079105786669,stable_coexistence,0,4.334095038001058e-09,30.0000000028743,0.1616433941771352
14.0,4.641588833612782,stable_coexistence,0,4.163571176326928e-09,30.00000000282146,0.16164339417700102
14.0,5.141751827683928,stable_coexistence,0,4.012314391472771e-09,30.000000002772488,0.1616433941768969
14.0,5.695810810737687,stable_coexistence,0,3.877954431296258e-09,30.000000002727333,0.16164339417681614
14.0,6.309573444801936,stable_coexistence,0,3.75844031419095e-09,30.000000002685823,0.16164339417675364
14.0,6.989473207273487,stable_coexistence,0,3.651998999183829e-09,30.000000002647784,0.16164339417670556
14.0,7.742636826811269,stable_coexistence,0,3.5570908585905317e-09,30.000000002613064,0.16164339417666848
14.0,8.576958985908945,stable_coexistence,0,3.472370716588692e-09,30.000000002581398,0.1616433941766403
14.0,9.50118507318144,stable_coexistence,0,3.396670796192271e-09,30.000000002552568,0.16164339417661883
14.0,10.525002852777327,stable_coexistence,0,3.3289619946724703e-09,30.000000002526335,0.16164339417660284
14.0,11.659144011798324,stable_coexistence,0,3.268338962160279e-09,30.000000002502485,0.1616433941765913
14.0,12.91549665014884,stable_coexistence,0,3.2139805481008647e-09,30.000000002480757,0.16164339417658316
14.0,14.307229891937586,stable_coexistence,0,3.164955823086753e-09,30.000000002460595,0.16164339417657972
14.0,15.848931924611142,stable_coexistence,0,3.117014645340879e-09,30.000000002430998,0.161643394176637
14.0,17.556762912750013,stable_coexistence,0,3.095014984438351e-09,30.000000002414872,0.16164339417663512
14.0,19.448624389373634,stable_coexistence,0,3.0751288858127705e-09,30.000000002400256,0.16164339417663426
14.0,21.544346900318846,stable_coexistence,0,3.05683710238267e-09,30.00000000238677,0.16164339417663545
14.0,23.865897868585808,stable_coexistence,0,3.035822534239727e-09,30.000000002370985,0.16164339417665613
14.0,26.437611857491014,stable_coexistence,0,2.9199856191006974e-09,30.000000002279265,0.16164339417708073
14.0,29.286445646252375,stable_coexistence,0,8.231955705469292e-07,29.976081436027656,1.923782016133601
14.0,32.4422607917163,stable_coexistence,0,5.061746778950604e-05,29.878309315560614,4.936091741749917
14.0,35.938136638046295,stable_coexistence,0,5.230423017281377e-05,29.878258599960407,4.927116426008005
14.0,39.810717055349734,stable_coexistence,0,5.36524001737899e-05,29.878212567544043,4.918974751200822
14.0,44.100594541767364,stable_coexistence,0,5.47109947524534e-05,29.878170816633588,4.911592540370581
14.0,48.852735715193916,stable_coexistence,0,5.5525654905780574e-05,29.87813297331893,4.904901647990717
14.0,54.116952654646376,stable_coexistence,0,5.613733755676328e-05,29.87809869099682,4.898839568816098
14.0,59.948425031894146,stable_coexistence,0,5.6581942553808616e-05,29.878067649566795,4.893349054286908
14.0,66.40827850634845,stable_coexistence,0,5.68907837073537e-05,29.878039554352355,4.8883777400559305
14.0,73.56422544596414,stable_coexistence,0,5.709047919785855e-05,29.878014134840086,4.883877787370993
14.0,81.49127469020749,stable_coexistence,0,5.720373534435684e-05,29.877991143299475,4.879805540306636
14.0,90.27251779484578,stable_coexistence,0,5.724927511345184e-05,29.877970353327115,4.876121200215016
14.0,100.0,stable_coexistence,0,5.724279277756133e-05,29.87795155838703,4.8727885182374004
14.222222222222221,0.01,predator_extinct,2,1.4709759336969057,58.066736187355545,1.3655180352693713e-23
14.222222222222221,0.011077568505097092,predator_extinct,2,1.2616879175101616,66.68782362128206,1.418836171167958e-19
14.222222222222221,0.012271252398511897,predator_extinct,2,12.316668092547955,74.50280743838401,6.402779563060712e-16
14.222222222222221,0.013593563908785255,predator_extinct,2,31.6344761652243,81.32365851035352,1.31813625765312e-12
14.222222222222221,0.015058363542798407,predator_extinct,2,31.698320818117427,87.03841374236205,1.3163194400063003e-09
14.222222222222221,0.016681005372000592,predator_extinct,2,31.711349175727005,91.5813957477115,6.798618262606022e-07
14.222222222222221,0.018478497974222907,low_density_risk,4,31.573271524932483,94.89273082263935,0.00019234440196445345
14.222222222222221,0.02046968271807521,low_density_risk,4,19.23616915091018,93.32941086080176,0.018501506982359136
14.222222222222221,0.02267543125870802,low_density_risk,4,6.759160344750737,83.67906622812673,0.05405831965183297
14.222222222222221,0.025118864315095794,low_density_risk,4,5.207713120291406,75.3492575950419,0.06570160685687551
14.222222222222221,0.027825594022071243,low_density_risk,4,3.740567018657026,67.49226847700959,0.08586506374393622
14.222222222222221,0.030823992397451434,low_density_risk,4,2.973210804432361,59.83985356450998,0.10166771504687643
14.222222222222221,0.034145488738336005,low_density_risk,4,2.4660718625467726,53.02325430225128,0.11567351491986617
14.222222222222221,0.037824899063893865,low_density_risk,4,2.092066050201226,46.73685229078436,0.12901904080351226
14.222222222222221,0.04190079105786669,oscillatory_coexistence,1,1.8359524174283286,41.04007085253881,0.14077316116201954
14.222222222222221,0.046415888336127795,oscillatory_coexistence,1,1.9983871152990416,35.965344683357486,0.15134234468820898
14.222222222222221,0.051417518276839276,oscillatory_coexistence,1,1.6671689840564687,31.96071589928682,0.15971992805508345
14.222222222222221,0.056958108107376865,oscillatory_coexistence,1,0.6419733547147075,30.05456839875955,0.16254902346503233
14.222222222222221,0.06309573444801933,oscillatory_coexistence,1,0.4349436038732424,29.799153648552718,0.15987763220050408
14.222222222222221,0.06989473207273486,oscillatory_coexistence,1,0.15535466922662777,29.973532513285488,0.15844873279726449
14.222222222222221,0.0774263682681127,oscillatory_coexistence,1,0.0880717528258439,30.056919444997277,0.15881276173566092
14.222222222222221,0.08576958985908942,oscillatory_coexistence,1,0.04743606489316168,30.02788967376172,0.15922063131339742
14.222222222222221,0.0950118507318144,oscillatory_coexistence,1,0.018463977429022598,29.99826885012092,0.1592766893933166
14.222222222222221,0.10525002852777332,oscillatory_coexistence,1,0.009040448708862418,29.99409934853277,0.15921882797766462
14.222222222222221,0.11659144011798317,oscillatory_coexistence,1,0.003726216102145119,29.997860104193155,0.15918859706450902
14.222222222222221,0.1291549665014884,oscillatory_coexistence,1,0.0014930653560467947,29.999997412272457,0.1591858166097576
14.222222222222221,0.14307229891937578,stable_coexistence,0,0.0004846047935858098,30.000322425974648,0.1591889317798042
14.222222222222221,0.15848931924611134,stable_coexistence,0,0.00024956127592583045,30.00017007483026,0.1591907112850128
14.222222222222221,0.17556762912750015,stable_coexistence,0,9.135248436372201e-05,30.000052764153974,0.15919119760308537
14.222222222222221,0.19448624389373625,stable_coexistence,0,3.934781586318448e-05,30.000009767466587,0.15919124415938346
14.222222222222221,0.21544346900318845,stable_coexistence,0,1.4028558975390828e-05,29.999999513138093,0.15919121500383696
14.222222222222221,0.2386589786858581,stable_coexistence,0,4.644033716758359e-06,29.999998403400486,0.15919119229813816
14.222222222222221,0.26437611857491,stable_coexistence,0,1.5949667901555714e-06,29.99999891228079,0.1591911811524865
14.222222222222221,0.29286445646252374,stable_coexistence,0,8.201468604573688e-07,29.999999395620208,0.1591911762896572
14.222222222222221,0.324422607917163,stable_coexistence,0,4.2724830144511284e-07,29.99999967890624,0.15919117418880097
14.222222222222221,0.35938136638046275,stable_coexistence,0,2.2680398277444012e-07,29.99999982830299,0.1591911732420513
14.222222222222221,0.3981071705534973,stable_coexistence,0,1.233097635527179e-07,29.999999906143966,0.15919117278573272
14.222222222222221,0.44100594541767385,stable_coexistence,0,6.89175412201635e-08,29.99999994764302,0.15919117254865456
14.222222222222221,0.4885273571519389,stable_coexistence,0,3.9704188570158844e-08,29.999999970559294,0.15919117241628397
14.222222222222221,0.5411695265464638,stable_coexistence,0,2.6889350612613557e-08,29.999999983682496,0.15919117233755573
14.222222222222221,0.5994842503189411,stable_coexistence,0,2.244484433026452e-08,29.999999991442223,0.1591911722882142
14.222222222222221,0.6640827850634842,stable_coexistence,0,1.9241157647426765e-08,29.99999999614741,0.15919117225596593
14.222222222222221,0.7356422544596414,stable_coexistence,0,1.677867220030361e-08,29.999999999050196,0.15919117223418366
14.222222222222221,0.8149127469020745,stable_coexistence,0,1.4802085245978601e-08,30.000000000857057,0.15919117221908638
14.222222222222221,0.9027251779484579,stable_coexistence,0,1.317083366727151e-08,30.000000001981203,0.15919117220840814
14.222222222222221,1.0,stable_coexistence,0,1.1800908812053898e-08,30.000000002672344,0.15919117220073203
14.222222222222221,1.1077568505097097,stable_coexistence,0,1.0637633706139395e-08,30.00000000308518,0.15919117219514156
14.222222222222221,1.2271252398511903,stable_coexistence,0,9.642615830665947e-09,30.00000000331779,0.15919117219102571
14.222222222222221,1.3593563908785256,stable_coexistence,0,8.78712273214286e-09,30.00000000343355,0.15919117218796808
14.222222222222221,1.5058363542798414,stable_coexistence,0,8.048700431133426e-09,30.000000003473907,0.1591911721856798
14.222222222222221,1.6681005372000592,stable_coexistence,0,7.4092774573808105e-09,30.000000003466003,0.15919117218395537
14.222222222222221,1.8478497974222907,stable_coexistence,0,6.853999914988491e-09,30.000000003427942,0.15919117218265016
14.222222222222221,2.046968271807522,stable_coexistence,0,6.37054592710172e-09,30.000000003371923,0.15919117218165718
14.222222222222221,2.267543125870802,stable_coexistence,0,5.9485981763487475e-09,30.000000003306038,0.1591911721808991
14.222222222222221,2.5118864315095797,stable_coexistence,0,5.579478567450085e-09,30.000000003235623,0.1591911721803185
14.222222222222221,2.782559402207126,stable_coexistence,0,5.255858207358092e-09,30.00000000316422,0.15919117217987308
14.222222222222221,3.0823992397451434,stable_coexistence,0,4.971526478867628e-09,30.000000003094087,0.15919117217953074
14.222222222222221,3.414548873833601,stable_coexistence,0,4.721213286508175e-09,30.00000000302667,0.15919117217926748
14.222222222222221,3.782489906389386,stable_coexistence,0,4.500425394866978e-09,30.000000002962818,0.15919117217906512
14.222222222222221,4.190079105786669,stable_coexistence,0,4.305326228442881e-09,30.000000002902944,0.1591911721789097
14.222222222222221,4.641588833612782,stable_coexistence,0,4.132632013983079e-09,30.00000000284728,0.15919117217879053
14.222222222222221,5.141751827683928,stable_coexistence,0,3.979528528559264e-09,30.00000000279582,0.15919117217869952
14.222222222222221,5.695810810737687,stable_coexistence,0,3.843586544982065e-09,30.00000000274845,0.15919117217863013
14.222222222222221,6.309573444801936,stable_coexistence,0,3.7227177781514277e-09,30.000000002705015,0.15919117217857764
14.222222222222221,6.989473207273487,stable_coexistence,0,3.6151075019205185e-09,30.000000002665317,0.15919117217853843
14.222222222222221,7.742636826811269,stable_coexistence,0,3.519188614285876e-09,30.00000000262913,0.15919117217850912
14.222222222222221,8.576958985908945,stable_coexistence,0,3.433592373091076e-09,30.00000000259615,0.1591911721784879
14.222222222222221,9.50118507318144,stable_coexistence,0,3.357129092949067e-09,30.000000002566143,0.15919117217847253
14.222222222222221,10.525002852777327,stable_coexistence,0,3.2887547497336025e-09,30.000000002538883,0.15919117217846204
14.222222222222221,11.659144011798324,stable_coexistence,0,3.2275523880443314e-09,30.000000002514092,0.15919117217845527
14.222222222222221,12.91549665014884,stable_coexistence,0,3.19391791840491e-09,30.000000002491525,0.1591911721784514
14.222222222222221,14.307229891937586,stable_coexistence,0,3.1656157738467125e-09,30.000000002470706,0.1591911721784517
14.222222222222221,15.848931924611142,stable_coexistence,0,3.1260205634495937e-09,30.00000000244063,0.15919117217851161
14.222222222222221,17.556762912750013,stable_coexistence,0,3.1033721874903107e-09,30.000000002423935,0.1591911721785127
14.222222222222221,19.448624389373634,stable_coexistence,0,3.082905848537688e-09,30.000000002408818,0.15919117217851456
14.222222222222221,21.544346900318846,stable_coexistence,0,3.0641066800091575e-09,30.000000002394877,0.1591911721785178
14.222222222222221,23.865897868585808,stable_coexistence,0,3.0427675262534767e-09,30.000000002378794,0.15919117217854004
14.222222222222221,26.437611857491014,stable_coexistence,0,2.928150692886956e-09,30.000000002288015,0.1591911721789605
14.222222222222221,29.286445646252375,stable_coexistence,0,9.20000817562897e-07,29.97629344113883,1.9137234091416317
14.222222222222221,32.4422607917163,stable_coexistence,0,5.090132712063958e-05,29.878301189183393,4.934653132125819
14.222222222222221,35.938136638046295,stable_coexistence,0,5.2532744401210904e-05,29.87825122152436,4.925811184940136
14.222222222222221,39.810717055349734,stable_coexistence,0,5.383302868929789e-05,29.878205873425113,4.917791055361106
14.222222222222221,44.100594541767364,stable_coexistence,0,5.4851397314943384e-05,29.878164747491926,4.91051952023532
14.222222222222221,48.852735715193916,stable_coexistence,0,5.563228059814613e-05,29.87812747405626,4.903929327325674
14.222222222222221,54.116952654646376,stable_coexistence,0,5.621597299106053e-05,29.878093710655445,4.897958805054409
14.222222222222221,59.948425031894146,stable_coexistence,0,5.66377037615332e-05,29.878063141174252,4.8925514804085175
14.222222222222221,66.40827850634845,stable_coexistence,0,5.692814186924349e-05,29.878035474741576,4.887655708441151
14.222222222222221,73.56422544596414,stable_coexistence,0,5.711316235106135e-05,29.878010444443074,4.883224315980002
14.222222222222221,81.49127469020749,stable_coexistence,0,5.721482222825267e-05,29.877987805921155,4.879214261434088
14.222222222222221,90.27251779484578,stable_coexistence,0,5.725142757075803e-05,29.87796733593078,4.875586311980735
14.222222222222221,100.0,stable_coexistence,0,5.723805271705075e-05,29.877948830860056,4.872304738902791
14.444444444444443,0.01,predator_extinct,2,1.4796706578250687,57.801646453151314,8.19441851855726e-24
14.444444444444443,0.011077568505097092,predator_extinct,2,1.2691247178215952,66.45200068923798,8.942268962837409e-20
14.444444444444443,0.012271252398511897,predator_extinct,2,9.365805626161158,74.30063878425194,4.2217340524601864e-16
14.444444444444443,0.013593563908785255,predator_extinct,2,31.622639946286586,81.15709815409994,9.056160326468359e-13
14.444444444444443,0.015058363542798407,predator_extinct,2,31.698017412038833,86.90803620985058,9.386975628433645e-10
14.444444444444443,0.016681005372000592,predator_extinct,2,31.71138273323387,91.48625332240334,5.014229977735077e-07
14.444444444444443,0.018478497974222907,low_density_risk,4,31.60557057020056,94.84159102293292,0.00014638553549133098
14.444444444444443,0.02046968271807521,low_density_risk,4,20.727435013745517,93.73037460577471,0.01575349977469884
14.444444444444443,0.02267543125870802,low_density_risk,4,6.849477840481001,84.1513443784804,0.052554805735646574
14.444444444444443,0.025118864315095794,low_density_risk,4,5.271036186412995,75.71406483966622,0.06394813259539135
14.444444444444443,0.027825594022071243,low_density_risk,4,3.7820397118025744,67.85799630853555,0.0836597233033534
14.444444444444443,0.030823992397451434,low_density_risk,4,2.9932666519940097,60.16038189205598,0.09948122093182091
14.444444444444443,0.034145488738336005,low_density_risk,4,2.480236746155655,53.307763330180244,0.11329630768835677
14.444444444444443,0.037824899063893865,low_density_risk,4,2.1014901197838074,46.99155223872331,0.12652347228647431
14.444444444444443,0.04190079105786669,oscillatory_coexistence,1,1.8266567111725374,41.26403263014386,0.13817050547207793
14.444444444444443,0.046415888336127795,oscillatory_coexistence,1,1.9955792965675458,36.15525031629786,0.1486526870456044
14.444444444444443,0.051417518276839276,oscillatory_coexistence,1,1.6976561110893507,32.08401132312365,0.15705242415804174
14.444444444444443,0.056958108107376865,oscillatory_coexistence,1,0.6763723803822191,30.0888540789278,0.16013251028056935
14.444444444444443,0.06309573444801933,oscillatory_coexistence,1,0.43951308370791076,29.79627846398206,0.1575936599288259
14.444444444444443,0.06989473207273486,oscillatory_coexistence,1,0.1571135147037656,29.967508546132212,0.1560950056869834
14.444444444444443,0.0774263682681127,oscillatory_coexistence,1,0.08796692749815536,30.056094789771397,0.15642339438969263
14.444444444444443,0.08576958985908942,oscillatory_coexistence,1,0.04873577535911663,30.02900908186933,0.15683376656302175
14.444444444444443,0.0950118507318144,oscillatory_coexistence,1,0.018939454869712016,29.99877598469336,0.15689674950844787
14.444444444444443,0.10525002852777332,oscillatory_coexistence,1,0.009035021563477989,29.9940993203588,0.156840752921743
14.444444444444443,0.11659144011798317,oscillatory_coexistence,1,0.0038143817464545834,29.99778634094921,0.15681018134062352
14.444444444444443,0.1291549665014884,oscillatory_coexistence,1,0.0015195578820621429,29.999966929093574,0.15680703411694435
14.444444444444443,0.14307229891937578,stable_coexistence,0,0.00048191549607724414,30.00031789661445,0.15681003861227108
14.444444444444443,0.15848931924611134,stable_coexistence,0,0.0002509526221065509,30.000171403596557,0.15681180893953894
14.444444444444443,0.17556762912750015,stable_coexistence,0,9.112243962209533e-05,30.00005396313659,0.1568123023802177
14.444444444444443,0.19448624389373625,stable_coexistence,0,3.9597055976842e-05,30.0000103043746,0.15681235359392595
14.444444444444443,0.21544346900318845,stable_coexistence,0,1.4200699396433398e-05,29.9999997111477,0.15681232633474382
14.444444444444443,0.2386589786858581,stable_coexistence,0,4.725909838383993e-06,29.999998473285885,0.15681230428800946
14.444444444444443,0.26437611857491,stable_coexistence,0,1.585205733059022e-06,29.999998938063392,0.15681229336034191
14.444444444444443,0.29286445646252374,stable_coexistence,0,8.090643415103243e-07,29.999999406183395,0.1568122885707201
14.444444444444443,0.324422607917163,stable_coexistence,0,4.209991213882208e-07,29.999999683879793,0.1568122864960805
14.444444444444443,0.35938136638046275,stable_coexistence,0,2.2323983957299537e-07,29.999999831007056,0.15681228555974955
14.444444444444443,0.3981071705534973,stable_coexistence,0,1.2122747048334018e-07,29.999999907809595,0.15681228510814677
14.444444444444443,0.44100594541767385,stable_coexistence,0,6.767667999807024e-08,29.999999948771762,0.1568122848735149
14.444444444444443,0.4885273571519389,stable_coexistence,0,3.8945539064328955e-08,29.999999971377804,0.15681228474257958
14.444444444444443,0.5411695265464638,stable_coexistence,0,2.7640155778635994e-08,29.999999984304125,0.1568122846647805
14.444444444444443,0.5994842503189411,stable_coexistence,0,2.299578140378811e-08,29.99999999192956,0.1568122846160849
14.444444444444443,0.6640827850634842,stable_coexistence,0,1.9652379163321973e-08,29.999999996537923,0.15681228458430937
14.444444444444443,0.7356422544596414,stable_coexistence,0,1.70886020596867e-08,29.999999999368097,0.1568122845628877
14.444444444444443,0.8149127469020745,stable_coexistence,0,1.503665849555393e-08,30.000000001118995,0.15681228454807036
14.444444444444443,0.9027251779484579,stable_coexistence,0,1.3348314689634017e-08,30.000000002199165,0.15681228453761395
14.444444444444443,1.0,stable_coexistence,0,1.1934485280374096e-08,30.000000002855103,0.1568122845301164
14.444444444444443,1.1077568505097097,stable_coexistence,0,1.0737088254374458e-08,30.00000000323958,0.1568122845246706
14.444444444444443,1.2271252398511903,stable_coexistence,0,9.715287181034236e-09,30.000000003448978,0.15681228452067306
14.444444444444443,1.3593563908785256,stable_coexistence,0,8.838608185041947e-09,30.00000000354569,0.15681228451771356
14.444444444444443,1.5058363542798414,stable_coexistence,0,8.083293322617708e-09,30.000000003570335,0.15681228451550605
14.444444444444443,1.6681005372000592,stable_coexistence,0,7.430304311689543e-09,30.000000003549207,0.15681228451385001
14.444444444444443,1.8478497974222907,stable_coexistence,0,6.864066884451076e-09,30.00000000350012,0.15681228451260126
14.444444444444443,2.046968271807522,stable_coexistence,0,6.371704940714048e-09,30.00000000343481,0.15681228451165571
14.444444444444443,2.267543125870802,stable_coexistence,0,5.94247010051396e-09,30.000000003361063,0.1568122845109384
14.444444444444443,2.5118864315095797,stable_coexistence,0,5.567356708370357e-09,30.000000003283947,0.15681228451039253
14.444444444444443,2.782559402207126,stable_coexistence,0,5.238780194274673e-09,30.00000000320681,0.15681228450997697
14.444444444444443,3.0823992397451434,stable_coexistence,0,4.950328028461142e-09,30.000000003131763,0.1568122845096601
14.444444444444443,3.414548873833601,stable_coexistence,0,4.696571427581686e-09,30.000000003060116,0.15681228450941898
14.444444444444443,3.782489906389386,stable_coexistence,0,4.472893995482764e-09,30.00000000299258,0.1568122845092356
14.444444444444443,4.190079105786669,stable_coexistence,0,4.275357904323417e-09,30.000000002929532,0.1568122845090968
14.444444444444443,4.641588833612782,stable_coexistence,0,4.100601694845111e-09,30.000000002871104,0.15681228450899204
14.444444444444443,5.141751827683928,stable_coexistence,0,3.945741037236307e-09,30.000000002817263,0.15681228450891355
14.444444444444443,5.695810810737687,stable_coexistence,0,3.808301466420154e-09,30.000000002767784,0.1568122845088552
14.444444444444443,6.309573444801936,stable_coexistence,0,3.686145669847848e-09,30.000000002722494,0.15681228450881243
14.444444444444443,6.989473207273487,stable_coexistence,0,3.5774300259679818e-09,30.000000002681173,0.1568122845087818
14.444444444444443,7.742636826811269,stable_coexistence,0,3.4805549846588435e-09,30.000000002643525,0.15681228450876003
14.444444444444443,8.576958985908945,stable_coexistence,0,3.3941328559577272e-09,30.00000000260926,0.15681228450874554
14.444444444444443,9.50118507318144,stable_coexistence,0,3.316949914448361e-09,30.000000002578144,0.15681228450873608
14.444444444444443,10.525002852777327,stable_coexistence,0,3.2691605733385627e-09,30.000000002549857,0.1568122845087307
14.444444444444443,11.659144011798324,stable_coexistence,0,3.2342387233947727e-09,30.00000000252417,0.1568122845087286
14.444444444444443,12.91549665014884,stable_coexistence,0,3.2025932969902637e-09,30.000000002500858,0.156812284508729
14.444444444444443,14.307229891937586,stable_coexistence,0,3.1735106352351358e-09,30.00000000247936,0.15681228450873286
14.444444444444443,15.848931924611142,stable_coexistence,0,3.1334179443156077e-09,30.000000002448836,0.15681228450879517
14.444444444444443,17.556762912750013,stable_coexistence,0,3.110138540006554e-09,30.000000002431577,0.1568122845087991
14.444444444444443,19.448624389373634,stable_coexistence,0,3.0891114445699463e-09,30.000000002415966,0.1568122845088035
14.444444444444443,21.544346900318846,stable_coexistence,0,3.0698176977217508e-09,30.000000002401606,0.1568122845088095
14.444444444444443,23.865897868585808,stable_coexistence,0,3.0481636727738633e-09,30.00000000238522,0.15681228450883344
14.444444444444443,26.437611857491014,stable_coexistence,0,2.9347883735843336e-09,30.00000000229542,0.15681228450924947
14.444444444444443,29.286445646252375,stable_coexistence,0,1.0330889065784717e-06,29.976501146724267,1.9038840433260542
14.444444444444443,32.4422607917163,stable_coexistence,0,5.117189853312034e-05,29.87829330545907,4.933257668737433
14.444444444444443,35.938136638046295,stable_coexistence,0,5.274993525295151e-05,29.878244064308483,4.924545181777082
14.444444444444443,39.810717055349734,stable_coexistence,0,5.400459090854478e-05,29.878199380722457,4.916643019662839
14.444444444444443,44.100594541767364,stable_coexistence,0,5.498397281796321e-05,29.878158861526266,4.909478889131686
14.444444444444443,48.852735715193916,stable_coexistence,0,5.573261037075656e-05,29.878122141213915,4.90298640834971
14.444444444444443,54.116952654646376,stable_coexistence,0,5.6289615597192216e-05,29.87808888137706,4.897104717635121
14.444444444444443,59.948425031894146,stable_coexistence,0,5.668956778652195e-05,29.87805876980161,4.891778098921289
14.444444444444443,66.40827850634845,stable_coexistence,0,5.6962487797246024e-05,29.878031519330747,4.886955607261861
14.444444444444443,73.56422544596414,stable_coexistence,0,5.7133562988945275e-05,29.878006866558955,4.882590716872345
14.444444444444443,81.49127469020749,stable_coexistence,0,5.7224202163353196e-05,29.877984570423372,4.87864098350174
14.444444444444443,90.27251779484578,stable_coexistence,0,5.725233841030625e-05,29.877964410745054,4.87506772433111
14.444444444444443,100.0,stable_coexistence,0,5.723262459612698e-05,29.87794618676115,4.871835716099474
14.666666666666666,0.01,predator_extinct,2,1.4882679998304373,57.54026357614903,4.9535636911153256e-24
14.666666666666666,0.011077568505097092,predator_extinct,2,1.2764744601593832,66.21924212721963,5.673210512727625e-20
14.666666666666666,0.012271252398511897,predator_extinct,2,6.901596417356723,74.10090290768832,2.8002475439862308e-16
14.666666666666666,0.013593563908785255,predator_extinct,2,31.60611508025447,80.99235032476211,6.255417850476046e-13
14.666666666666666,0.015058363542798407,predator_extinct,2,31.697710270324936,86.77888434318119,6.726492629298899e-10
14.666666666666666,0.016681005372000592,predator_extinct,2,31.711385832541055,91.39182152210465,3.714314799922417e-07
14.666666666666666,0.018478497974222907,low_density_risk,4,31.630258239179298,94.78792894924108,0.00011181888109369023
14.666666666666666,0.02046968271807521,low_density_risk,4,22.125864237598076,94.1004902145377,0.013305158510583948
14.666666666666666,0.02267543125870802,low_density_risk,4,6.946555185221317,84.62026397439558,0.05106338009038474
14.666666666666666,0.025118864315095794,low_density_risk,4,5.33266246363027,76.07344784106111,0.06228394500070534
14.666666666666666,0.027825594022071243,low_density_risk,4,3.82423888063511,68.21764963839686,0.08152332647756899
14.666666666666666,0.030823992397451434,low_density_risk,4,3.0133040674232032,60.47677955260531,0.09736839369458364
14.666666666666666,0.034145488738336005,low_density_risk,4,2.494324631687348,53.58801266362054,0.11099948783883187
14.666666666666666,0.037824899063893865,low_density_risk,4,2.110865559884695,47.242617067876466,0.12410884197507105
14.666666666666666,0.04190079105786669,oscillatory_coexistence,1,1.8294289548459322,41.48487330219386,0.13565152570973585
14.666666666666666,0.046415888336127795,oscillatory_coexistence,1,1.9922004644408458,36.3431617859649,0.14604687759169352
14.666666666666666,0.051417518276839276,oscillatory_coexistence,1,1.72607410078727,32.20838303734305,0.15446017919745578
14.666666666666666,0.056958108107376865,oscillatory_coexistence,1,0.7110345531315,30.124968479800852,0.15777613748432703
14.666666666666666,0.06309573444801933,oscillatory_coexistence,1,0.4429940845090788,29.79402527601783,0.15537673013800304
14.666666666666666,0.06989473207273486,oscillatory_coexistence,1,0.15862712066325124,29.961495023272093,0.15381273420385552
14.666666666666666,0.0774263682681127,oscillatory_coexistence,1,0.08786510815689899,30.055146724246885,0.15410493477271556
14.666666666666666,0.08576958985908942,oscillatory_coexistence,1,0.04999545864047983,30.030094753905885,0.15451707952077925
14.666666666666666,0.0950118507318144,oscillatory_coexistence,1,0.01940164695474816,29.999291343320888,0.1545868102214619
14.666666666666666,0.10525002852777332,oscillatory_coexistence,1,0.009020827924717183,29.994106423945265,0.15453272195367196
14.666666666666666,0.11659144011798317,oscillatory_coexistence,1,0.0039004915216322984,29.99771434371066,0.15450184784359938
14.666666666666666,0.1291549665014884,oscillatory_coexistence,1,0.0015452608557178652,29.999936405119453,0.15449834421123582
14.666666666666666,0.14307229891937578,stable_coexistence,0,0.0004793158788956735,30.000313169500174,0.154501238467713
14.666666666666666,0.15848931924611134,stable_coexistence,0,0.0002522352971465197,30.000172637476517,0.15450299873245935
14.666666666666666,0.17556762912750015,stable_coexistence,0,9.086513894414417e-05,30.00005512938314,0.15450349878947353
14.666666666666666,0.19448624389373625,stable_coexistence,0,3.983354921257301e-05,30.000010831346003,0.15450355447051667
14.666666666666666,0.21544346900318845,stable_coexistence,0,1.4367784482749997e-05,29.999999906291468,0.15450352904868017
14.666666666666666,0.2386589786858581,stable_coexistence,0,4.805889464498689e-06,29.999998542353943,0.15450350764467852
14.666666666666666,0.26437611857491,stable_coexistence,0,1.620316799805845e-06,29.99999896360625,0.15450349693092139
14.666666666666666,0.29286445646252374,stable_coexistence,0,7.984238003058487e-07,29.999999416668626,0.15450349221363469
14.666666666666666,0.324422607917163,stable_coexistence,0,4.1500543410627703e-07,29.99999968882124,0.15450349016512036
14.666666666666666,0.35938136638046275,stable_coexistence,0,2.1981775390044499e-07,29.99999983369269,0.15450348923922078
14.666666666666666,0.3981071705534973,stable_coexistence,0,1.1923634973114374e-07,29.99999990946142,0.15450348879232093
14.666666666666666,0.44100594541767385,stable_coexistence,0,6.64907045055008e-08,29.999999949888878,0.15450348856015111
14.666666666666666,0.4885273571519389,stable_coexistence,0,3.8221203477945835e-08,29.99999997218592,0.15450348843065662
14.666666666666666,0.5411695265464638,stable_coexistence,0,2.8374539117766468e-08,29.99999998491654,0.1545034883538248
14.666666666666666,0.5994842503189411,stable_coexistence,0,2.3532989962675473e-08,29.999999992408544,0.15450348830577237
14.666666666666666,0.6640827850634842,stable_coexistence,0,2.0052005095457915e-08,29.99999999692085,0.15450348827446675
14.666666666666666,0.7356422544596414,stable_coexistence,0,1.7388728797789364e-08,29.999999999679183,0.15450348825339946
14.666666666666666,0.8149127469020745,stable_coexistence,0,1.5262902289484932e-08,30.0000000013748,0.15450348823881943
14.666666666666666,0.9027251779484579,stable_coexistence,0,1.3518647888922863e-08,30.000000002411554,0.15450348822858098
14.666666666666666,1.0,stable_coexistence,0,1.2061928580647826e-08,30.00000000303279,0.15450348822125776
14.666666666666666,1.1077568505097097,stable_coexistence,0,1.083125470672368e-08,30.00000000338931,0.15450348821595347
14.666666666666666,1.2271252398511903,stable_coexistence,0,9.783389149493929e-09,30.00000000357594,0.15450348821207147
14.666666666666666,1.3593563908785256,stable_coexistence,0,8.8861204013877e-09,30.000000003653962,0.15450348820920703
14.666666666666666,1.5058363542798414,stable_coexistence,0,8.114424686742125e-09,30.000000003663146,0.1545034882070782
14.666666666666666,1.6681005372000592,stable_coexistence,0,7.448304253945006e-09,30.00000000362912,0.154503488205488
14.666666666666666,1.8478497974222907,stable_coexistence,0,6.871478792558667e-09,30.00000000356926,0.1545034882042944
14.666666666666666,2.046968271807522,stable_coexistence,0,6.3705182159089206e-09,30.000000003494876,0.15450348820339535
14.666666666666666,2.267543125870802,stable_coexistence,0,5.934264634568173e-09,30.000000003413437,0.15450348820271678
14.666666666666666,2.5118864315095797,stable_coexistence,0,5.5533907540444556e-09,30.00000000332979,0.15450348820224283
14.666666666666666,2.782559402207126,stable_coexistence,0,5.220055735249338e-09,30.000000003247084,0.1545034882018557
14.666666666666666,3.0823992397451434,stable_coexistence,0,4.9276572150829365e-09,30.000000003167266,0.1545034882015634
14.666666666666666,3.414548873833601,stable_coexistence,0,4.67060784074341e-09,30.00000000309148,0.15450348820134333
14.666666666666666,3.782489906389386,stable_coexistence,0,4.444170897507352e-09,30.000000003020396,0.15450348820117826
14.666666666666666,4.190079105786669,stable_coexistence,0,4.244312160569385e-09,30.000000002954256,0.15450348820105517
14.666666666666666,4.641588833612782,stable_coexistence,0,4.067591182003549e-09,30.00000000289315,0.15450348820096424
14.666666666666666,5.141751827683928,stable_coexistence,0,3.911064538527489e-09,30.000000002836924,0.15450348820089777
14.666666666666666,5.695810810737687,stable_coexistence,0,3.772201395340665e-09,30.000000002785388,0.15450348820085003
14.666666666666666,6.309573444801936,stable_coexistence,0,3.648827373248243e-09,30.00000000273832,0.1545034882008166
14.666666666666666,6.989473207273487,stable_coexistence,0,3.5390653367664664e-09,30.000000002695423,0.1545034882007939
14.666666666666666,7.742636826811269,stable_coexistence,0,3.4412890904210437e-09,30.00000000265638,0.15450348820077944
14.666666666666666,8.576958985908945,stable_coexistence,0,3.3617692425891833e-09,30.000000002620887,0.15450348820077106
14.666666666666666,9.50118507318144,stable_coexistence,0,3.3178373799766744e-09,30.00000000258864,0.15450348820076734
14.666666666666666,10.525002852777327,stable_coexistence,0,3.278130736781993e-09,30.000000002559368,0.15450348820076706
14.666666666666666,11.659144011798324,stable_coexistence,0,3.242229665362297e-09,30.00000000253287,0.1545034882007692
14.666666666666666,12.91549665014884,stable_coexistence,0,3.2097168534426043e-09,30.00000000250881,0.15450348820077342
14.666666666666666,14.307229891937586,stable_coexistence,0,3.1798748041540535e-09,30.000000002486644,0.1545034882007808
14.666666666666666,15.848931924611142,stable_coexistence,0,3.139306769499342e-09,30.000000002455675,0.1545034882008457
14.666666666666666,17.556762912750013,stable_coexistence,0,3.1154204472245015e-09,30.00000000243789,0.15450348820085225
14.666666666666666,19.448624389373634,stable_coexistence,0,3.0938454205717116e-09,30.000000002421793,0.15450348820085902
14.666666666666666,21.544346900318846,stable_coexistence,0,3.0740727589877677e-09,30.000000002407003,0.15450348820086704
14.666666666666666,23.865897868585808,stable_coexistence,0,3.0521170673709052e-09,30.00000000239037,0.15450348820089224
14.666666666666666,26.437611857491014,stable_coexistence,0,2.9399922831410775e-09,30.00000000230152,0.15450348820130397
14.666666666666666,29.286445646252375,stable_coexistence,0,1.1253304220404027e-06,29.97670470260675,1.8942560454949573
14.666666666666666,32.4422607917163,stable_coexistence,0,5.1430120706383684e-05,29.878285653725936,4.931903438348204
14.666666666666666,35.938136638046295,stable_coexistence,0,5.295661285905896e-05,29.878237118548103,4.923316672717538
14.666666666666666,39.810717055349734,stable_coexistence,0,5.4167117281029755e-05,29.87819308051155,4.915529056072812
14.666666666666666,44.100594541767364,stable_coexistence,0,5.510955586027897e-05,29.878153150590705,4.9084692020019975
14.666666666666666,48.852735715193916,stable_coexistence,0,5.582705983695222e-05,29.878116967368282,4.902071577045974
14.666666666666666,54.116952654646376,stable_coexistence,0,5.63585997901168e-05,29.87808419640605,4.896276112481596
14.666666666666666,59.948425031894146,stable_coexistence,0,5.673779926809031e-05,29.878054529305995,4.891027825392403
14.666666666666666,66.40827850634845,stable_coexistence,0,5.699402829076441e-05,29.878027682540303,4.886276452202185
14.666666666666666,73.56422544596414,stable_coexistence,0,5.715183921147887e-05,29.8780033961283,4.881976097054934
14.666666666666666,81.49127469020749,stable_coexistence,0,5.72320638233305e-05,29.877981432214735,4.8780848967382635
14.666666666666666,90.27251779484578,stable_coexistence,0,5.725218858967776e-05,29.877961573610083,4.874564703267792
14.666666666666666,100.0,stable_coexistence,0,5.72264599861764e-05,29.87794362232371,4.871380784765892
14.888888888888888,0.01,predator_extinct,2,1.496770292901451,57.28248981032443,3.0158283819286966e-24
14.888888888888888,0.011077568505097092,predator_extinct,2,1.2837395654910313,65.98946998234256,3.6223870724009893e-20
14.888888888888888,0.012271252398511897,predator_extinct,2,4.965526331818103,73.90354152138019,1.8681519976968385e-16
14.888888888888888,0.013593563908785255,predator_extinct,2,31.583009066410373,80.82937569568158,4.3434127971960094e-13
14.888888888888888,0.015058363542798407,predator_extinct,2,31.697398106445636,86.65093520538342,4.842736135550838e-10
14.888888888888888,0.016681005372000592,predator_extinct,2,31.711366670301953,91.29809257220215,2.7630613443383574e-07
14.888888888888888,0.018478497974222907,low_density_risk,4,31.649187799100197,94.73243367159486,8.572511742108803e-05
14.888888888888888,0.02046968271807521,low_density_risk,4,23.414845272171547,94.43889088918813,0.011157017817058319
14.888888888888888,0.02267543125870802,low_density_risk,4,7.051681166320923,85.08552380163235,0.049578031042540584
14.888888888888888,0.025118864315095794,low_density_risk,4,5.39264316627307,76.42790483596109,0.06070277646874242
14.888888888888888,0.027825594022071243,low_density_risk,4,3.867149202884404,68.57129721750304,0.07945382934400334
14.888888888888888,0.030823992397451434,low_density_risk,4,3.0333334400521106,60.78917345871346,0.09532535204846507
14.888888888888888,0.034145488738336005,low_density_risk,4,2.508342396647465,53.86413107740822,0.10877937258522186
14.888888888888888,0.037824899063893865,low_density_risk,4,2.120195913125273,47.49014462602627,0.12177141308509255
14.888888888888888,0.04190079105786669,oscillatory_coexistence,1,1.8362299473189807,41.702673350129594,0.13321239112818772
14.888888888888888,0.046415888336127795,oscillatory_coexistence,1,1.9883299153555807,36.529068588688645,0.14352127237710827
14.888888888888888,0.051417518276839276,oscillatory_coexistence,1,1.7524856511707192,32.333662381342684,0.15194051095637018
14.888888888888888,0.056958108107376865,oscillatory_coexistence,1,0.7458971322693256,30.16288163702235,0.15547760993214932
14.888888888888888,0.06309573444801933,oscillatory_coexistence,1,0.4453845109476646,29.79240068877284,0.15322360892613818
14.888888888888888,0.06989473207273486,oscillatory_coexistence,1,0.15989756260489743,29.95550408862249,0.15159875605760542
14.888888888888888,0.0774263682681127,oscillatory_coexistence,1,0.0877662021881367,30.054079361600387,0.15185431096271562
14.888888888888888,0.08576958985908942,oscillatory_coexistence,1,0.05121412690082496,30.031145737107092,0.15226752509101385
14.888888888888888,0.0950118507318144,oscillatory_coexistence,1,0.01985029381644898,29.999814176074615,0.15234382344929462
14.888888888888888,0.10525002852777332,oscillatory_coexistence,1,0.008998344383279105,29.9941204796909,0.1522916821320466
14.888888888888888,0.11659144011798317,oscillatory_coexistence,1,0.003984534727693189,29.99764411705759,0.15226054207279272
14.888888888888888,0.1291549665014884,oscillatory_coexistence,1,0.0015701858240588242,29.999905861046333,0.15225669225050936
14.888888888888888,0.14307229891937578,stable_coexistence,0,0.0004768010334783434,30.000308254623537,0.15225947680761812
14.888888888888888,0.15848931924611134,stable_coexistence,0,0.0002534135586514745,30.000173779887753,0.15226122619451554
14.888888888888888,0.17556762912750015,stable_coexistence,0,9.058215262277566e-05,30.000056263877173,0.15226173238858168
14.888888888888888,0.19448624389373625,stable_coexistence,0,4.0057834956770186e-05,30.000011348625947,0.15226179235505455
14.888888888888888,0.21544346900318845,stable_coexistence,0,1.45300158353325e-05,30.000000098617562,0.15226176871353478
14.888888888888888,0.2386589786858581,stable_coexistence,0,4.884046732561974e-06,29.99999861060756,0.1522617479363148
14.888888888888888,0.26437611857491,stable_coexistence,0,1.6547318776755693e-06,29.99999898890491,0.1522617374324761
14.888888888888888,0.29286445646252374,stable_coexistence,0,7.882088063431545e-07,29.999999427072048,0.15226173278660685
14.888888888888888,0.324422607917163,stable_coexistence,0,4.092600097849835e-07,29.999999693728185,0.15226173076397878
14.888888888888888,0.35938136638046275,stable_coexistence,0,2.16539402314608e-07,29.999999836358572,0.1522617298485036
14.888888888888888,0.3981071705534973,stable_coexistence,0,1.1732989963770483e-07,29.99999991109885,0.15226172940639995
14.888888888888888,0.44100594541767385,stable_coexistence,0,6.535610791561927e-08,29.999999950994017,0.15226172917670044
14.888888888888888,0.4885273571519389,stable_coexistence,0,3.7528998676065293e-08,29.99999997298373,0.152261729048652
14.888888888888888,0.5411695265464638,stable_coexistence,0,2.9092888112645435e-08,29.99999998551972,0.15226172897270954
14.888888888888888,0.5994842503189411,stable_coexistence,0,2.4056890292955963e-08,29.999999992879243,0.15226172892529727
14.888888888888888,0.6640827850634842,stable_coexistence,0,2.044057012724394e-08,29.999999997296335,0.1522617288944561
14.888888888888888,0.7356422544596414,stable_coexistence,0,1.7679463582008423e-08,29.999999999983654,0.15226172887373918
14.888888888888888,0.8149127469020745,stable_coexistence,0,1.5481149161772205e-08,30.000000001624606,0.15226172885947012
14.888888888888888,0.9027251779484579,stable_coexistence,0,1.3682158101592264e-08,30.00000000261845,0.15226172884944544
14.888888888888888,1.0,stable_coexistence,0,1.2183541640928163e-08,30.00000000320559,0.1522617288422933
14.888888888888888,1.1077568505097097,stable_coexistence,0,1.0920414793381793e-08,30.000000003534584,0.15226172883712688
14.888888888888888,1.2271252398511903,stable_coexistence,0,9.847172439206957e-09,30.000000003698858,0.1522617288333575
14.888888888888888,1.3593563908785256,stable_coexistence,0,8.92989516294458e-09,30.00000000375854,0.15226172883058517
14.888888888888888,1.5058363542798414,stable_coexistence,0,8.142306146818104e-09,30.000000003752543,0.15226172882853292
14.888888888888888,1.6681005372000592,stable_coexistence,0,7.46347161758539e-09,30.000000003705914,0.15226172882700584
14.888888888888888,1.8478497974222907,stable_coexistence,0,6.876409367010126e-09,30.0000000036355,0.15226172882586572
14.888888888888888,2.046968271807522,stable_coexistence,0,6.36715426973847e-09,30.000000003552238,0.15226172882501193
14.888888888888888,2.267543125870802,stable_coexistence,0,5.924141650626894e-09,30.000000003463292,0.15226172882437172
14.888888888888888,2.5118864315095797,stable_coexistence,0,5.537724944647706e-09,30.000000003373284,0.1522617288238915
14.888888888888888,2.782559402207126,stable_coexistence,0,5.199822793996587e-09,30.000000003285123,0.15226172882353173
14.888888888888888,3.0823992397451434,stable_coexistence,0,4.903642528544376e-09,30.000000003200636,0.15226172882326303
14.888888888888888,3.414548873833601,stable_coexistence,0,4.643445213039023e-09,30.000000003120867,0.15226172882306313
14.888888888888888,3.782489906389386,stable_coexistence,0,4.414373222068335e-09,30.00000000304632,0.15226172882291544
14.888888888888888,4.190079105786669,stable_coexistence,0,4.212298894457225e-09,30.00000000297718,0.15226172882280747
14.888888888888888,4.641588833612782,stable_coexistence,0,4.033710372734837e-09,30.000000002913456,0.15226172882272968
14.888888888888888,5.141751827683928,stable_coexistence,0,3.875596376787579e-09,30.00000000285494,0.15226172882267464
14.888888888888888,5.695810810737687,stable_coexistence,0,3.735383676098363e-09,30.000000002801418,0.15226172882263692
14.888888888888888,6.309573444801936,stable_coexistence,0,3.6108569168412814e-09,30.00000000275263,0.15226172882261232
14.888888888888888,6.989473207273487,stable_coexistence,0,3.5001052127526484e-09,30.00000000270818,0.1522617288225973
14.888888888888888,7.742636826811269,stable_coexistence,0,3.4214570925599502e-09,30.000000002667772,0.15226172882258976
14.888888888888888,8.576958985908945,stable_coexistence,0,3.3714998111752677e-09,30.00000000263107,0.15226172882258726
14.888888888888888,9.50118507318144,stable_coexistence,0,3.3263666149941257e-09,30.000000002597734,0.15226172882258876
14.888888888888888,10.525002852777327,stable_coexistence,0,3.285589569210105e-09,30.000000002567585,0.15226172882259326
14.888888888888888,11.659144011798324,stable_coexistence,0,3.248741389372004e-09,30.000000002540265,0.1522617288225996
14.888888888888888,12.91549665014884,stable_coexistence,0,3.215385312022005e-09,30.000000002515456,0.1522617288226075
14.888888888888888,14.307229891937586,stable_coexistence,0,3.1848085887794094e-09,30.000000002492634,0.15226172882261807
14.888888888888888,15.848931924611142,stable_coexistence,0,3.1437905574802395e-09,30.00000000246127,0.15226172882268485
14.888888888888888,17.556762912750013,stable_coexistence,0,3.119309746922638e-09,30.000000002442963,0.15226172882269415
14.888888888888888,19.448624389373634,stable_coexistence,0,3.0972068910008198e-09,30.00000000242641,0.15226172882270342
14.888888888888888,21.544346900318846,stable_coexistence,0,3.076970123358519e-09,30.000000002411223,0.15226172882271352
14.888888888888888,23.865897868585808,stable_coexistence,0,3.0547192491025737e-09,30.00000000239431,0.15226172882274
14.888888888888888,26.437611857491014,stable_coexistence,0,2.9438609909202635e-09,30.000000002306454,0.1522617288231471
14.888888888888888,29.286445646252375,stable_coexistence,0,1.1904778087276081e-06,29.976904251970605,1.8848319355410255
14.888888888888888,32.4422607917163,stable_coexistence,0,5.167639127202283e-05,29.878278223934636,4.9305886392406695
14.888888888888888,35.938136638046295,stable_coexistence,0,5.315333224942705e-05,29.878230375042577,4.922124015818544
14.888888888888888,39.810717055349734,stable_coexistence,0,5.4321591515846406e-05,29.878186964383872,4.91444766949852
14.888888888888888,44.100594541767364,stable_coexistence,0,5.522827142406569e-05,29.878147607014938,4.907489098512761
14.888888888888888,48.852735715193916,stable_coexistence,0,5.5916101829383445e-05,29.87811194553033,4.901183596565257
14.888888888888888,54.116952654646376,stable_coexistence,0,5.642323255510183e-05,29.878079649383448,4.89547186574642
14.888888888888888,59.948425031894146,stable_coexistence,0,5.678264055850567e-05,29.878050413907626,4.890299639256911
14.888888888888888,66.40827850634845,stable_coexistence,0,5.702295223907674e-05,29.878023959122487,4.885617316990572
14.888888888888888,73.56422544596414,stable_coexistence,0,5.716813494884362e-05,29.878000028386765,4.8813796162541445
14.888888888888888,81.49127469020749,stable_coexistence,0,5.7238576567318435e-05,29.87797838697508,4.877545239228366
14.888888888888888,90.27251779484578,stable_coexistence,0,5.725111941231941e-05,29.877958820611966,4.874076558211915
14.888888888888888,100.0,stable_coexistence,0,5.721953716110929e-05,29.877941134002757,4.870939319215784
15.11111111111111,0.01,predator_extinct,2,1.50517976659268,57.02823129609342,1.8488380392571465e-24
15.11111111111111,0.011077568505097092,predator_extinct,2,1.290922330226533,65.76260927608622,2.3273841672507284e-20
15.11111111111111,0.012271252398511897,predator_extinct,2,3.5130777533783024,73.70849839905814,1.253338209114772e-16
15.11111111111111,0.013593563908785255,predator_extinct,2,31.55071773885414,80.66813619380716,3.0311354429397635e-13
15.11111111111111,0.015058363542798407,predator_extinct,2,31.697079192212602,86.5241664923471,3.5024759661645836e-10
15.11111111111111,0.016681005372000592,predator_extinct,2,31.711331163549183,91.20505806882383,2.0638988942734147e-07
15.11111111111111,0.018478497974222907,low_density_risk,4,31.663748562138736,94.6756238647833,6.595535587395501e-05
15.11111111111111,0.02046968271807521,low_density_risk,4,24.584070725144596,94.74508835038772,0.009298161217681669
15.11111111111111,0.02267543125870802,low_density_risk,4,7.1662548110812425,85.54681135495593,0.048093003440232214
15.11111111111111,0.025118864315095794,low_density_risk,4,5.451029323955628,76.77790390184825,0.059198680933900315
15.11111111111111,0.027825594022071243,low_density_risk,4,3.9107229937565897,68.91901139826471,0.07744937010959346
15.11111111111111,0.030823992397451434,low_density_risk,4,3.053381981964156,61.097680966478585,0.09334846839048003
15.11111111111111,0.034145488738336005,low_density_risk,4,2.5222907076185472,54.13624306333703,0.10663248716201956
15.11111111111111,0.037824899063893865,low_density_risk,4,2.1294833419102894,47.73422867957486,0.11950767500529341
15.11111111111111,0.04190079105786669,oscillatory_coexistence,1,1.842947392716434,41.917510972075796,0.1308494952108137
15.11111111111111,0.046415888336127795,oscillatory_coexistence,1,1.984036392973954,36.7129672240706,0.14107242177297635
15.11111111111111,0.051417518276839276,oscillatory_coexistence,1,1.7769602316158062,32.45969066247622,0.14949083279256195
15.11111111111111,0.056958108107376865,oscillatory_coexistence,1,0.7808967361397181,30.202561298375297,0.15323479042288027
15.11111111111111,0.06309573444801933,oscillatory_coexistence,1,0.4466873191561884,29.79141046565826,0.15113126062303464
15.11111111111111,0.06989473207273486,oscillatory_coexistence,1,0.16460709261719655,29.94954720929989,0.14945008759968148
15.11111111111111,0.0774263682681127,oscillatory_coexistence,1,0.08767030044025971,30.052896863773714,0.14966862543638132
15.11111111111111,0.08576958985908942,oscillatory_coexistence,1,0.05239088840505115,30.032161180938715,0.1500822322268201
15.11111111111111,0.0950118507318144,oscillatory_coexistence,1,0.020285160467344247,30.000343761626205,0.15016491580844168
15.11111111111111,0.10525002852777332,oscillatory_coexistence,1,0.008974008682357645,29.99414130980734,0.1501147555147874
15.11111111111111,0.11659144011798317,oscillatory_coexistence,1,0.004066498203534859,29.997575663239957,0.1500833845783384
15.11111111111111,0.1291549665014884,oscillatory_coexistence,1,0.0015943414711572304,29.999875316186465,0.15007919863373223
15.11111111111111,0.14307229891937578,stable_coexistence,0,0.000474371745768602,30.000303161463346,0.15008187412364937
15.11111111111111,0.15848931924611134,stable_coexistence,0,0.0002544904851707039,30.000174834095866,0.15008361188175545
15.11111111111111,0.17556762912750015,stable_coexistence,0,9.089397858608989e-05,30.000057367566612,0.1500841237590293
15.11111111111111,0.19448624389373625,stable_coexistence,0,4.0270420168620924e-05,30.00001185645368,0.15008418783681063
15.11111111111111,0.21544346900318845,stable_coexistence,0,1.4687571942629643e-05,30.000000288174668,0.15008416592055604
15.11111111111111,0.2386589786858581,stable_coexistence,0,4.960434076503299e-06,29.999998678051146,0.15008414575458387
15.11111111111111,0.26437611857491,stable_coexistence,0,1.68847599648706e-06,29.999999013956113,0.1500841354565975
15.11111111111111,0.29286445646252374,stable_coexistence,0,7.783919964533576e-07,29.999999437390535,0.1500841308811891
15.11111111111111,0.324422607917163,stable_coexistence,0,4.037407688723805e-07,29.999999698598664,0.150084128884292
15.11111111111111,0.35938136638046275,stable_coexistence,0,2.13392753686982e-07,29.99999983900367,0.1500841279792206
15.11111111111111,0.3981071705534973,stable_coexistence,0,1.1550239276412362e-07,29.999999912721353,0.15008412754187475
15.11111111111111,0.44100594541767385,stable_coexistence,0,6.427058893660878e-08,29.999999952087045,0.1500841273146503
15.11111111111111,0.4885273571519389,stable_coexistence,0,3.7711241569886785e-08,29.999999973771065,0.15008412718804562
15.11111111111111,0.5411695265464638,stable_coexistence,0,2.979558562738543e-08,29.999999986113732,0.15008412711302793
15.11111111111111,0.5994842503189411,stable_coexistence,0,2.4567931339215827e-08,29.999999993341806,0.15008412706625138
15.11111111111111,0.6640827850634842,stable_coexistence,0,2.08183301724893e-08,29.99999999766458,0.15008412703587107
15.11111111111111,0.7356422544596414,stable_coexistence,0,1.796112509076132e-08,30.00000000028154,0.15008412701550028
15.11111111111111,0.8149127469020745,stable_coexistence,0,1.5691722054089393e-08,30.000000001868543,0.15008412700149684
15.11111111111111,0.9027251779484579,stable_coexistence,0,1.383917442735274e-08,30.00000000282012,0.15008412699168153
15.11111111111111,1.0,stable_coexistence,0,1.2299603941357914e-08,30.00000000337364,0.15008412698469628
15.11111111111111,1.1077568505097097,stable_coexistence,0,1.1004821467562745e-08,30.0000000036756,0.15008412697966458
15.11111111111111,1.2271252398511903,stable_coexistence,0,9.906871174004748e-09,30.000000003817892,0.15008412697600465
15.11111111111111,1.3593563908785256,stable_coexistence,0,8.970148474704239e-09,30.000000003859576,0.15008412697332202
15.11111111111111,1.5058363542798414,stable_coexistence,0,8.16713772062573e-09,30.000000003838704,0.15008412697134405
15.11111111111111,1.6681005372000592,stable_coexistence,0,7.475989841060286e-09,30.000000003779704,0.15008412696987836
15.11111111111111,1.8478497974222907,stable_coexistence,0,6.8790296117571575e-09,30.000000003698975,0.15008412696878976
15.11111111111111,2.046968271807522,stable_coexistence,0,6.361766579433581e-09,30.000000003607063,0.15008412696797924
15.11111111111111,2.267543125870802,stable_coexistence,0,5.912241362456611e-09,30.000000003510777,0.15008412696737547
15.11111111111111,2.5118864315095797,stable_coexistence,0,5.520495349113971e-09,30.00000000341455,0.15008412696692633
15.11111111111111,2.782559402207126,stable_coexistence,0,5.1782100971753404e-09,30.000000003321098,0.150084126966593
15.11111111111111,3.0823992397451434,stable_coexistence,0,4.878402037363341e-09,30.000000003232064,0.15008412696634704
15.11111111111111,3.414548873833601,stable_coexistence,0,4.615190954845388e-09,30.000000003148372,0.15008412696616655
15.11111111111111,3.782489906389386,stable_coexistence,0,4.383602695200687e-09,30.000000003070436,0.15008412696603574
15.11111111111111,4.190079105786669,stable_coexistence,0,4.179417226698553e-09,30.000000002998387,0.1500841269659423
15.11111111111111,4.641588833612782,stable_coexistence,0,3.999048558576075e-09,30.000000002932136,0.15008412696587717
15.11111111111111,5.141751827683928,stable_coexistence,0,3.839430106810095e-09,30.000000002871385,0.15008412696583323
15.11111111111111,5.695810810737687,stable_coexistence,0,3.6979372449589865e-09,30.00000000281595,0.15008412696580525
15.11111111111111,6.309573444801936,stable_coexistence,0,3.5723192104838683e-09,30.000000002765464,0.15008412696578888
15.11111111111111,6.989473207273487,stable_coexistence,0,3.4877969975866966e-09,30.00000000271952,0.15008412696578152
15.11111111111111,7.742636826811269,stable_coexistence,0,3.4310320445147177e-09,30.000000002677798,0.15008412696578022
15.11111111111111,8.576958985908945,stable_coexistence,0,3.3797562861501485e-09,30.000000002639887,0.1500841269657837
15.11111111111111,9.50118507318144,stable_coexistence,0,3.3334530184295258e-09,30.000000002605596,0.15008412696579052
15.11111111111111,10.525002852777327,stable_coexistence,0,3.2916404897117176e-09,30.000000002574538,0.15008412696579923
15.11111111111111,11.659144011798324,stable_coexistence,0,3.2538680171754168e-09,30.0000000025464,0.1500841269658096
15.11111111111111,12.91549665014884,stable_coexistence,0,3.2197010072096023e-09,30.00000000252088,0.15008412696582116
15.11111111111111,14.307229891937586,stable_coexistence,0,3.1884082329470037e-09,30.00000000249744,0.1500841269658351
15.11111111111111,15.848931924611142,stable_coexistence,0,3.146955399791132e-09,30.000000002465676,0.1500841269659038
15.11111111111111,17.556762912750013,stable_coexistence,0,3.121897841779482e-09,30.000000002446882,0.15008412696591547
15.11111111111111,19.448624389373634,stable_coexistence,0,3.0992828847952935e-09,30.000000002429868,0.15008412696592685
15.11111111111111,21.544346900318846,stable_coexistence,0,3.078598263177885e-09,30.000000002414286,0.1500841269659388
15.11111111111111,23.865897868585808,stable_coexistence,0,3.0560635673113196e-09,30.000000002397115,0.15008412696596668
15.11111111111111,26.437611857491014,stable_coexistence,0,2.946479956081162e-09,30.000000002310255,0.1500841269663692
15.11111111111111,29.286445646252375,stable_coexistence,0,1.222190088836932e-06,29.977099931755824,1.875604601415175
15.11111111111111,32.4422607917163,stable_coexistence,0,5.1911293291836664e-05,29.878271006606997,4.929311573204946
15.11111111111111,35.938136638046295,stable_coexistence,0,5.334053623608729e-05,29.87822382511681,4.920965663663167
15.11111111111111,39.810717055349734,stable_coexistence,0,5.4468109615102207e-05,29.878181024413742,4.913397451084477
15.11111111111111,44.100594541767364,stable_coexistence,0,5.5340531881686395e-05,29.87814222356861,4.906537296933337
15.11111111111111,48.852735715193916,stable_coexistence,0,5.600006585380298e-05,29.87810706911464,4.9003213016416165
15.11111111111111,54.116952654646376,stable_coexistence,0,5.6483795937526284e-05,29.878075234316277,4.8946909187220875
15.11111111111111,59.948425031894146,stable_coexistence,0,5.6824313802809153e-05,29.878046418162157,4.889592579183774
15.11111111111111,66.40827850634845,stable_coexistence,0,5.704943232055076e-05,29.878020344132395,4.884977329182913
15.11111111111111,73.56422544596414,stable_coexistence,0,5.718258133232977e-05,29.877996758849232,4.880800483081239
15.11111111111111,81.49127469020749,stable_coexistence,0,5.7243722441185726e-05,29.877975430640053,4.87702129342892
15.11111111111111,90.27251779484578,stable_coexistence,0,5.724905595321258e-05,29.877956148066307,4.873602638839882
15.11111111111111,100.0,stable_coexistence,0,5.721218793868496e-05,29.877938718463497,4.870510730266404
15.333333333333332,0.01,predator_extinct,2,1.5134985546846471,56.777397855759496,1.1410696205668121e-24
15.333333333333332,0.011077568505097092,predator_extinct,2,1.2980249342310344,65.5385878572078,1.5044378059345565e-20
15.333333333333332,0.012271252398511897,predator_extinct,2,2.458752300021766,73.51571928106705,8.45468799982704e-17
15.333333333333332,0.013593563908785255,predator_extinct,2,31.505681664612116,80.5085949469427,2.1257810916925973e-13
15.333333333333332,0.015058363542798407,predator_extinct,2,31.69675122336165,86.39855651016626,2.544410428662252e-10
15.333333333333332,0.016681005372000592,predator_extinct,2,31.711283602662455,91.1127092221371,1.5478298041668708e-07
15.333333333333332,0.018478497974222907,low_density_risk,4,31.67498445607644,94.61789012266166,5.092267378384236e-05
15.333333333333332,0.02046968271807521,low_density_risk,4,25.62919531834101,95.01904381456048,0.007709154519459031
15.333333333333332,0.02267543125870802,low_density_risk,4,7.291920992022395,86.00380623682152,0.04660283665369163
15.333333333333332,0.025118864315095794,low_density_risk,4,5.507896635917071,77.12388041205317,0.05776604818979738
15.333333333333332,0.027825594022071243,low_density_risk,4,3.954919042139566,69.26086860248392,0.0755082366047803
15.333333333333332,0.030823992397451434,low_density_risk,4,3.0734535505195693,61.40241053630215,0.0914343514961902
15.333333333333332,0.034145488738336005,low_density_risk,4,2.536163021583175,54.404468969652825,0.10455554997699651
15.333333333333332,0.037824899063893865,low_density_risk,4,2.138730987573205,47.97495915524256,0.11731432658513916
15.333333333333332,0.04190079105786669,oscillatory_coexistence,1,1.8495934780531853,42.12946205194577,0.12855943994084143
15.333333333333332,0.046415888336127795,oscillatory_coexistence,1,1.9793813580614263,36.89486015042103,0.13869705909345306
15.333333333333332,0.051417518276839276,oscillatory_coexistence,1,1.7995742986482572,32.58631918937547,0.14710865160869252
15.333333333333332,0.056958108107376865,oscillatory_coexistence,1,0.8159696978705993,30.243973005896994,0.15104568299595938
15.333333333333332,0.06309573444801933,oscillatory_coexistence,1,0.446910941969674,29.79105959811416,0.14909683442262292
15.333333333333332,0.06989473207273486,oscillatory_coexistence,1,0.17330570878014645,29.943635202862318,0.1473639114302695
15.333333333333332,0.0774263682681127,oscillatory_coexistence,1,0.087576844289517,30.051603425132164,0.14754514283543788
15.333333333333332,0.08576958985908942,oscillatory_coexistence,1,0.053524941887108816,30.033140331376092,0.14795849164031455
15.333333333333332,0.0950118507318144,oscillatory_coexistence,1,0.020706035453553776,30.00087940635066,0.14804737626389033
15.333333333333332,0.10525002852777332,oscillatory_coexistence,1,0.008950437070477445,29.994168738529282,0.1479992267911462
15.333333333333332,0.11659144011798317,oscillatory_coexistence,1,0.004146372232068882,29.99750898239581,0.14796765859260078
15.333333333333332,0.1291549665014884,oscillatory_coexistence,1,0.0016177345622657544,29.999844788564427,0.14796314643410954
15.333333333333332,0.14307229891937578,stable_coexistence,0,0.0004720185576168211,30.00029789901601,0.14796571357179636
15.333333333333332,0.15848931924611134,stable_coexistence,0,0.00025546976682347053,30.000175803223012,0.14796743901004908
15.333333333333332,0.17556762912750015,stable_coexistence,0,9.20911827653999e-05,30.00005844136428,0.1479679561406468
15.333333333333332,0.19448624389373625,stable_coexistence,0,4.0471781771916374e-05,30.000012355063188,0.14796802416305324
15.333333333333332,0.21544346900318845,stable_coexistence,0,1.4840599379173381e-05,30.000000475012605,0.14796800391887363
15.333333333333332,0.2386589786858581,stable_coexistence,0,5.035087372473031e-06,29.999998744690384,0.14796798434895722
15.333333333333332,0.26437611857491,stable_coexistence,0,1.7215672945048089e-06,29.99999903875757,0.14796797425281127
15.333333333333332,0.29286445646252374,stable_coexistence,0,7.689513406049122e-07,29.999999447621324,0.14796796974687562
15.333333333333332,0.324422607917163,stable_coexistence,0,3.98440116443019e-07,29.999999703431058,0.1479679677754909
15.333333333333332,0.35938136638046275,stable_coexistence,0,2.1037444126184183e-07,29.999999841626977,0.1479679668807805
15.333333333333332,0.3981071705534973,stable_coexistence,0,1.1374995376410314e-07,29.999999914328498,0.1479679664481911
15.333333333333332,0.44100594541767385,stable_coexistence,0,6.323051725042651e-08,29.99999995316778,0.14796796622344183
15.333333333333332,0.4885273571519389,stable_coexistence,0,3.868464816950501e-08,29.999999974548036,0.14796796609827575
15.333333333333332,0.5411695265464638,stable_coexistence,0,3.0483004815348155e-08,29.999999986698672,0.1479679660241786
15.333333333333332,0.5994842503189411,stable_coexistence,0,2.5066453569850233e-08,29.999999993796397,0.1479679659780329
15.333333333333332,0.6640827850634842,stable_coexistence,0,2.1185669753238434e-08,29.999999998025718,0.14796796594810788
15.333333333333332,0.7356422544596414,stable_coexistence,0,1.823404727913413e-08,30.00000000057314,0.14796796592807712
15.333333333333332,0.8149127469020745,stable_coexistence,0,1.5894949237180582e-08,30.000000002106844,0.1479679659143349
15.333333333333332,0.9027251779484579,stable_coexistence,0,1.3989947569366347e-08,30.000000003016712,0.14796796590472489
15.333333333333332,1.0,stable_coexistence,0,1.2410368671998623e-08,30.000000003537146,0.14796796589790287
15.333333333333332,1.1077568505097097,stable_coexistence,0,1.108471074787862e-08,30.000000003812485,0.14796796589300215
15.333333333333332,1.2271252398511903,stable_coexistence,0,9.962705030016439e-09,30.000000003933177,0.1479679658894489
15.333333333333332,1.3593563908785256,stable_coexistence,0,9.007078933361307e-09,30.000000003957208,0.14796796588685399
15.333333333333332,1.5058363542798414,stable_coexistence,0,8.189103912428695e-09,30.00000000392175,0.1479679658849474
15.333333333333332,1.6681005372000592,stable_coexistence,0,7.486026020336345e-09,30.000000003850676,0.14796796588354202
15.333333333333332,1.8478497974222907,stable_coexistence,0,6.879494306692332e-09,30.00000000375983,0.14796796588250324
15.333333333333332,2.046968271807522,stable_coexistence,0,6.354503648425999e-09,30.00000000365944,0.14796796588173436
15.333333333333332,2.267543125870802,stable_coexistence,0,5.898699602143605e-09,30.000000003556018,0.14796796588116592
15.333333333333332,2.5118864315095797,stable_coexistence,0,5.501824536065136e-09,30.00000000345371,0.14796796588074645
15.333333333333332,2.782559402207126,stable_coexistence,0,5.155331213199506e-09,30.000000003355073,0.14796796588043845
15.333333333333332,3.0823992397451434,stable_coexistence,0,4.852047415173113e-09,30.000000003261608,0.14796796588021385
15.333333333333332,3.414548873833601,stable_coexistence,0,4.585952594963148e-09,30.00000000317413,0.1479679658800521
15.333333333333332,3.782489906389386,stable_coexistence,0,4.351959385006326e-09,30.000000003092904,0.14796796587993732
15.333333333333332,4.190079105786669,stable_coexistence,0,4.145762370019927e-09,30.00000000301802,0.1479679658798579
15.333333333333332,4.641588833612782,stable_coexistence,0,3.963698702201831e-09,30.00000000294928,0.14796796587980468
15.333333333333332,5.141751827683928,stable_coexistence,0,3.802648388399932e-09,30.000000002886402,0.14796796587977157
15.333333333333332,5.695810810737687,stable_coexistence,0,3.6599418011327025e-09,30.000000002829097,0.1479679658797517
15.333333333333332,6.309573444801936,stable_coexistence,0,3.561865128958682e-09,30.000000002776943,0.14796796587974342
15.333333333333332,6.989473207273487,stable_coexistence,0,3.497400853919097e-09,30.000000002729553,0.14796796587974315
15.333333333333332,7.742636826811269,stable_coexistence,0,3.4391863118054548e-09,30.000000002686495,0.14796796587974814
15.333333333333332,8.576958985908945,stable_coexistence,0,3.3866265043333317e-09,30.00000000264753,0.14796796587975725
15.333333333333332,9.50118507318144,stable_coexistence,0,3.339185895531105e-09,30.00000000261225,0.1479679658797688
15.333333333333332,10.525002852777327,stable_coexistence,0,3.29636515203397e-09,30.0000000025803,0.14796796587978195
15.333333333333332,11.659144011798324,stable_coexistence,0,3.2577028312884244e-09,30.00000000255139,0.14796796587979608
15.333333333333332,12.91549665014884,stable_coexistence,0,3.2227367404278574e-09,30.000000002525187,0.147967965879811
15.333333333333332,14.307229891937586,stable_coexistence,0,3.190752581385661e-09,30.000000002501142,0.14796796587982783
15.333333333333332,15.848931924611142,stable_coexistence,0,3.1488864237226408e-09,30.00000000246901,0.1479679658798984
15.333333333333332,17.556762912750013,stable_coexistence,0,3.1232742986410968e-09,30.000000002449703,0.1479679658799125
15.333333333333332,19.448624389373634,stable_coexistence,0,3.100162404370888e-09,30.000000002432266,0.14796796587992592
15.333333333333332,21.544346900318846,stable_coexistence,0,3.0790412783203813e-09,30.000000002416286,0.14796796587993982
15.333333333333332,23.865897868585808,stable_coexistence,0,3.056231760227203e-09,30.000000002398867,0.14796796587996888
15.333333333333332,26.437611857491014,stable_coexistence,0,2.9479289419694306e-09,30.00000000231301,0.14796796588036662
15.333333333333332,29.286445646252375,stable_coexistence,0,1.2140176747598706e-06,29.97729187303524,1.8665672760253569
15.333333333333332,32.4422607917163,stable_coexistence,0,5.21357757420904e-05,29.878263992794608,4.928070638207428
15.333333333333332,35.938136638046295,stable_coexistence,0,5.351892295645434e-05,29.878217460583297,4.919840156651927
15.333333333333332,39.810717055349734,stable_coexistence,0,5.4607270133135235e-05,29.87817525312219,4.912377072081656
15.333333333333332,44.100594541767364,stable_coexistence,0,5.544687779724106e-05,29.878136993431013,4.905612588538469
15.333333333333332,48.852735715193916,stable_coexistence,0,5.607917659531874e-05,29.878102331907453,4.8994835934874565
15.333333333333332,54.116952654646376,stable_coexistence,0,5.654054930508525e-05,29.878070945555397,4.893932273188207
15.333333333333332,59.948425031894146,stable_coexistence,0,5.686302280163815e-05,29.878042536932167,4.8889057388390045
15.333333333333332,66.40827850634845,stable_coexistence,0,5.70736265274087e-05,29.8780168329076,4.884355666308235
15.333333333333332,73.56422544596414,stable_coexistence,0,5.719538727050883e-05,29.8779935832871,4.880237951528561
15.333333333333332,81.49127469020749,stable_coexistence,0,5.724758909351635e-05,29.87797255937641,4.876512382984673
15.333333333333332,90.27251779484578,stable_coexistence,0,5.7246139954395844e-05,29.87795355250102,4.873142332192077
15.333333333333332,100.0,stable_coexistence,0,5.720421069350052e-05,29.877936372559216,4.870094462614953
15.555555555555555,0.01,predator_extinct,2,1.5217287023618822,56.52990280199569,7.088714228304846e-25
15.555555555555555,0.011077568505097092,predator_extinct,2,1.3050494483437085,65.31733626344423,9.782324133652398e-21
15.555555555555555,0.012271252398511897,predator_extinct,2,1.7102221197971093,73.32515178532032,5.733711099745875e-17
15.555555555555555,0.013593563908785255,predator_extinct,2,31.443071977878642,80.35071623377885,1.4980029617664863e-13
15.555555555555555,0.015058363542798407,predator_extinct,2,31.696411144830765,86.27408415332646,1.8564124353777203e-10
15.555555555555555,0.016681005372000592,predator_extinct,2,31.711227111693876,91.02103702602952,1.1653267250193978e-07
15.555555555555555,0.018478497974222907,low_density_risk,4,31.683681967722197,94.55952686538953,3.945116282424445e-05
15.555555555555555,0.02046968271807521,low_density_risk,4,26.55106389259963,95.26121449392174,0.006365086874293191
15.555555555555555,0.02267543125870802,low_density_risk,4,7.430541268467632,86.45618267282921,0.04510243047880789
15.555555555555555,0.025118864315095794,low_density_risk,4,5.563350362198393,77.46623531992672,0.056399609099074655
15.555555555555555,0.027825594022071243,low_density_risk,4,3.9997014968245774,69.59694970003024,0.07362883657664208
15.555555555555555,0.030823992397451434,low_density_risk,4,3.0935685555809123,61.70346237463461,0.08957983045547643
15.555555555555555,0.034145488738336005,low_density_risk,4,2.5499623971047134,54.668925128950924,0.10254545912805536
15.555555555555555,0.037824899063893865,low_density_risk,4,2.1479397764245607,48.21242236602866,0.11518826084888299
15.555555555555555,0.04190079105786669,oscillatory_coexistence,1,1.856166453785738,42.3386001526605,0.12633902133570235
15.555555555555555,0.046415888336127795,oscillatory_coexistence,1,1.9744189665107503,37.07475487513786,0.13639208982537715
15.555555555555555,0.051417518276839276,oscillatory_coexistence,1,1.8204087194590663,32.713409190642174,0.14479156575901844
15.555555555555555,0.056958108107376865,oscillatory_coexistence,1,0.8510526299637251,30.287080189997273,0.14890841811592964
15.555555555555555,0.06309573444801933,oscillatory_coexistence,1,0.44648102515817367,29.791352367204677,0.14711765202131752
15.555555555555555,0.06989473207273486,oscillatory_coexistence,1,0.18199577611381293,29.937778264837746,0.1453375650301576
15.555555555555555,0.0774263682681127,oscillatory_coexistence,1,0.08748590381326296,30.050203257656825,0.1454812787516396
15.555555555555555,0.08576958985908942,oscillatory_coexistence,1,0.05461561541231411,30.034082525467667,0.14589374454158952
15.555555555555555,0.0950118507318144,oscillatory_coexistence,1,0.021112729585181386,30.001420443442463,0.14598864481191617
15.555555555555555,0.10525002852777332,oscillatory_coexistence,1,0.00892755534985307,29.994202592290613,0.14594253194846896
15.555555555555555,0.11659144011798317,oscillatory_coexistence,1,0.004224149502250367,29.997444072749904,0.1459107986961535
15.555555555555555,0.1291549665014884,oscillatory_coexistence,1,0.0016403748279591752,29.999814295005187,0.14590597006657438
15.555555555555555,0.14307229891937578,stable_coexistence,0,0.000469736919241877,30.000292475824267,0.14590842964076894
15.555555555555555,0.15848931924611134,stable_coexistence,0,0.00025635453261478635,30.000176690254598,0.14591014212382158
15.555555555555555,0.17556762912750015,stable_coexistence,0,9.325712627042095e-05,30.00005948614938,0.14591066410046888
15.555555555555555,0.19448624389373625,stable_coexistence,0,4.0662368858685774e-05,30.000012844682963,0.1459107359078719
15.555555555555555,0.21544346900318845,stable_coexistence,0,1.4989251500197462e-05,30.000000659181612,0.14591071728441454
15.555555555555555,0.2386589786858581,stable_coexistence,0,5.10810212915897e-06,29.999998810532258,0.14591069829573894
15.555555555555555,0.26437611857491,stable_coexistence,0,1.7540199818759773e-06,29.99999906330757,0.14591068839744756
15.555555555555555,0.29286445646252374,stable_coexistence,0,7.598637168587684e-07,29.99999945776253,0.14591068395997622
15.555555555555555,0.324422607917163,stable_coexistence,0,3.9334083412588917e-07,29.999999708223797,0.14591068201386456
15.555555555555555,0.35938136638046275,stable_coexistence,0,2.0747324303242988e-07,29.999999844227737,0.14591068112946476
15.555555555555555,0.3981071705534973,stable_coexistence,0,1.1206884013291418e-07,29.999999915919826,0.14591068070161933
15.555555555555555,0.44100594541767385,stable_coexistence,0,6.223283036313633e-08,29.99999995423605,0.1459106804793396
15.555555555555555,0.4885273571519389,stable_coexistence,0,3.9639416996264736e-08,29.999999975314555,0.14591068035561
15.555555555555555,0.5411695265464638,stable_coexistence,0,3.1155512671858184e-08,29.999999987274652,0.14591068028242807
15.555555555555555,0.5994842503189411,stable_coexistence,0,2.5552803256020007e-08,29.999999994243122,0.1459106802369077
15.555555555555555,0.6640827850634842,stable_coexistence,0,2.1542953377915275e-08,29.999999998379977,0.14591068020743211
15.555555555555555,0.7356422544596414,stable_coexistence,0,1.8498609695371864e-08,30.00000000085861,0.145910680187737
15.555555555555555,0.8149127469020745,stable_coexistence,0,1.6091141455069067e-08,30.000000002339657,0.14591068017425196
15.555555555555555,0.9027251779484579,stable_coexistence,0,1.4134802956206132e-08,30.000000003208424,0.14591068016484296
15.555555555555555,1.0,stable_coexistence,0,1.251611294451728e-08,30.000000003696243,0.1459106801581805
15.555555555555555,1.1077568505097097,stable_coexistence,0,1.1160320547722107e-08,30.000000003945413,0.14591068015340794
15.555555555555555,1.2271252398511903,stable_coexistence,0,1.001487828827854e-08,30.000000004044896,0.14591068014995834
15.555555555555555,1.3593563908785256,stable_coexistence,0,9.040875898554836e-09,30.000000004051586,0.14591068014744793
15.555555555555555,1.5058363542798414,stable_coexistence,0,8.208377620959338e-09,30.000000004001816,0.14591068014561123
15.555555555555555,1.6681005372000592,stable_coexistence,0,7.493741803885932e-09,30.0000000039189,0.1459106801442636
15.555555555555555,1.8478497974222907,stable_coexistence,0,6.877949349924025e-09,30.00000000381819,0.14591068014327283
15.555555555555555,2.046968271807522,stable_coexistence,0,6.345495624460122e-09,30.0000000037095,0.14591068014254416
15.555555555555555,2.267543125870802,stable_coexistence,0,5.8836409515141935e-09,30.000000003599073,0.14591068014200984
15.555555555555555,2.5118864315095797,stable_coexistence,0,5.481832942494886e-09,30.000000003490836,0.14591068014161898
15.555555555555555,2.782559402207126,stable_coexistence,0,5.131292723479414e-09,30.000000003387175,0.14591068014133537
15.555555555555555,3.0823992397451434,stable_coexistence,0,4.824677308990142e-09,30.00000000328939,0.1459106801411318
15.555555555555555,3.414548873833601,stable_coexistence,0,4.555822030252772e-09,30.00000000319821,0.14591068014098765
15.555555555555555,3.782489906389386,stable_coexistence,0,4.319533648836459e-09,30.0000000031138,0.1459106801408881
15.555555555555555,4.190079105786669,stable_coexistence,0,4.11141544471699e-09,30.000000003036153,0.14591068014082204
15.555555555555555,4.641588833612782,stable_coexistence,0,3.927739318584384e-09,30.00000000296499,0.14591068014078065
15.555555555555555,5.141751827683928,stable_coexistence,0,3.765329025986642e-09,30.000000002900027,0.1459106801407573
15.555555555555555,5.695810810737687,stable_coexistence,0,3.6448626623426636e-09,30.000000002840906,0.1459106801407472
15.555555555555555,6.309573444801936,stable_coexistence,0,3.5716954559468e-09,30.000000002787147,0.14591068014074693
15.555555555555555,6.989473207273487,stable_coexistence,0,3.505630988273624e-09,30.000000002738332,0.14591068014075312
15.555555555555555,7.742636826811269,stable_coexistence,0,3.446004239516139e-09,30.000000002694048,0.14591068014076425
15.555555555555555,8.576958985908945,stable_coexistence,0,3.3921964140701863e-09,30.00000000265401,0.14591068014077851
15.555555555555555,9.50118507318144,stable_coexistence,0,3.343653201947894e-09,30.000000002617757,0.1459106801407946
15.555555555555555,10.525002852777327,stable_coexistence,0,3.2998530115271664e-09,30.00000000258496,0.14591068014081185
15.555555555555555,11.659144011798324,stable_coexistence,0,3.2603202851656786e-09,30.000000002555304,0.14591068014082978
15.555555555555555,12.91549665014884,stable_coexistence,0,3.224587454589496e-09,30.00000000252843,0.14591068014084801
15.555555555555555,14.307229891937586,stable_coexistence,0,3.1919307210669667e-09,30.00000000250379,0.14591068014086744
15.555555555555555,15.848931924611142,stable_coexistence,0,3.1496694351756808e-09,30.00000000247129,0.14591068014093977
15.555555555555555,17.556762912750013,stable_coexistence,0,3.123516427969798e-09,30.00000000245152,0.14591068014095607
15.555555555555555,19.448624389373634,stable_coexistence,0,3.099919638203008e-09,30.00000000243365,0.14591068014097155
15.555555555555555,21.544346900318846,stable_coexistence,0,3.078377828120269e-09,30.000000002417305,0.1459106801409872
15.555555555555555,23.865897868585808,stable_coexistence,0,3.055298254844982e-09,30.00000000239964,0.1459106801410174
15.555555555555555,26.437611857491014,stable_coexistence,0,2.9482850403672928e-09,30.000000002314785,0.14591068014141045
15.555555555555555,29.286445646252375,stable_coexistence,0,1.1593945711550665e-06,29.977480201321672,1.8577135158946951
15.555555555555555,32.4422607917163,stable_coexistence,0,5.235001877350575e-05,29.87825717404355,4.926864321675234
15.555555555555555,35.938136638046295,stable_coexistence,0,5.3688810500834983e-05,29.878211273708015,4.918746116858909
15.555555555555555,39.810717055349734,stable_coexistence,0,5.473957019033286e-05,29.87816964344705,4.911385278232013
15.555555555555555,44.100594541767364,stable_coexistence,0,5.554760314522834e-05,29.878131910162192,4.90471383248226
15.555555555555555,48.852735715193916,stable_coexistence,0,5.615373478055674e-05,29.87809772804691,4.8986694351174505
15.555555555555555,54.116952654646376,stable_coexistence,0,5.6593731374816285e-05,29.878066777765763,4.89319498715206
15.555555555555555,59.948425031894146,stable_coexistence,0,5.689895466902877e-05,29.87803876537346,4.888238263008116
15.555555555555555,66.40827850634845,stable_coexistence,0,5.70956894316141e-05,29.8780134210499,4.883751552340811
15.555555555555555,73.56422544596414,stable_coexistence,0,5.720668181211581e-05,29.877990497711256,4.8796913177619015
15.555555555555555,81.49127469020749,stable_coexistence,0,5.725039629990034e-05,29.877969769566313,4.876017869814861
15.555555555555555,90.27251779484578,stable_coexistence,0,5.724256642983693e-05,29.877951030640205,4.8726950600274535
15.555555555555555,100.0,stable_coexistence,0,5.7195757351542025e-05,29.877934093325283,4.869689992437394
15.777777777777777,0.01,predator_extinct,2,1.529872172762385,56.28566275840858,4.431890764950651e-25
15.777777777777777,0.011077568505097092,predator_extinct,2,1.3119978414319258,65.09878759138103,6.397393654257844e-21
15.777777777777777,0.012271252398511897,predator_extinct,2,1.1862181532863638,73.1367453232617,3.908599834804093e-17
15.777777777777777,0.013593563908785255,predator_extinct,2,31.356393576350296,80.19446543652525,1.0605522003403484e-13
15.777777777777777,0.015058363542798407,predator_extinct,2,31.69605492512255,86.15072888374964,1.3601500829568377e-10
15.777777777777777,0.016681005372000592,predator_extinct,2,31.711163974413807,90.93003237652496,8.806769631177463e-08
15.777777777777777,0.018478497974222907,low_density_risk,4,31.690435332450292,94.50075629006703,3.0666432651311005e-05
15.777777777777777,0.02046968271807521,low_density_risk,4,27.354668086184397,95.47256460157078,0.0052383115672912485
15.777777777777777,0.02267543125870802,low_density_risk,4,7.58420911309393,86.90361122936892,0.04358713943985323
15.777777777777777,0.025118864315095794,low_density_risk,4,5.6174794216438615,77.80533421243528,0.055094433386745995
15.777777777777777,0.027825594022071243,low_density_risk,4,4.04500588534662,69.92734030539256,0.0718096709036822
15.777777777777777,0.030823992397451434,low_density_risk,4,3.1137388151041065,62.000929053487745,0.08778193976190272
15.777777777777777,0.034145488738336005,low_density_risk,4,2.563686838295563,54.929723976307876,0.10059928013397416
15.777777777777777,0.037824899063893865,low_density_risk,4,2.157108703314755,48.44670122221142,0.11312655099941003
15.777777777777777,0.04190079105786669,oscillatory_coexistence,1,1.8626725279944734,42.54499652833816,0.12418521613431435
15.777777777777777,0.046415888336127795,oscillatory_coexistence,1,1.9691961103951154,37.25266316406467,0.134154581457072
15.777777777777777,0.051417518276839276,oscillatory_coexistence,1,1.8395469391308408,32.840831637318,0.14253726287326207
15.777777777777777,0.056958108107376865,oscillatory_coexistence,1,0.886084278858735,30.33184427558025,0.14682123956053866
15.777777777777777,0.06309573444801933,oscillatory_coexistence,1,0.4460535075337099,29.79229239871786,0.14519119616921133
15.777777777777777,0.06989473207273486,oscillatory_coexistence,1,0.19065995597274785,29.931985996266466,0.14336853031970553
15.777777777777777,0.0774263682681127,oscillatory_coexistence,1,0.087397570815419,30.048700577564475,0.14347458943252636
15.777777777777777,0.08576958985908942,oscillatory_coexistence,1,0.05566245242032744,30.034987186167676,0.14388557230716623
15.777777777777777,0.0950118507318144,oscillatory_coexistence,1,0.021505074739036237,30.00196623204518,0.14398630209713195
15.777777777777777,0.10525002852777332,oscillatory_coexistence,1,0.008905325160584511,29.99424269987278,0.14394224787403442
15.777777777777777,0.11659144011798317,oscillatory_coexistence,1,0.0042998448878860925,29.997380930793728,0.14391038041871512
15.777777777777777,0.1291549665014884,oscillatory_coexistence,1,0.001662271924925214,29.99978385121531,0.1439052448900348
15.777777777777777,0.14307229891937578,stable_coexistence,0,0.00046753030607822127,30.000286900003697,0.14390759775506548
15.777777777777777,0.15848931924611134,stable_coexistence,0,0.0002571482995211502,30.000177498046884,0.14390929669942162
15.777777777777777,0.17556762912750015,stable_coexistence,0,9.439263932364651e-05,30.000060502769042,0.1439098231361689
15.777777777777777,0.19448624389373625,stable_coexistence,0,4.0842604692457666e-05,30.000013325535583,0.1439098985756818
15.777777777777777,0.21544346900318845,stable_coexistence,0,1.5133747354036947e-05,30.00000084073177,0.14390988152336393
15.777777777777777,0.2386589786858581,stable_coexistence,0,5.179482475421987e-06,29.999998875584343,0.14390986310148157
15.777777777777777,0.26437611857491,stable_coexistence,0,1.7858491789528786e-06,29.999999087605236,0.14390985339710036
15.777777777777777,0.29286445646252374,stable_coexistence,0,7.511195829604232e-07,29.999999467812245,0.143909849027071
15.777777777777777,0.324422607917163,stable_coexistence,0,3.884391260128952e-07,29.99999971297578,0.14390984710597454
15.777777777777777,0.35938136638046275,stable_coexistence,0,2.0468645154107878e-07,29.99999984680536,0.14390984623181904
15.777777777777777,0.3981071705534973,stable_coexistence,0,1.1045330402128469e-07,29.999999917495128,0.1439098458087015
15.777777777777777,0.44100594541767385,stable_coexistence,0,6.127588783216605e-08,29.999999955291905,0.14390984558888575
15.777777777777777,0.4885273571519389,stable_coexistence,0,4.0575674645199085e-08,29.999999976070736,0.14390984546658803
15.777777777777777,0.5411695265464638,stable_coexistence,0,3.181346636306556e-08,29.99999998784174,0.14390984539431426
15.777777777777777,0.5994842503189411,stable_coexistence,0,2.602734869571073e-08,29.999999994682124,0.14390984534941234
15.777777777777777,0.6640827850634842,stable_coexistence,0,2.1890534659955177e-08,29.99999999872749,0.14390984532038006
15.777777777777777,0.7356422544596414,stable_coexistence,0,1.87550976223832e-08,30.00000000113813,0.14390984530101533
15.777777777777777,0.8149127469020745,stable_coexistence,0,1.6280571200894157e-08,30.000000002567162,0.14390984528778275
15.777777777777777,0.9027251779484579,stable_coexistence,0,1.4273965829919424e-08,30.0000000033954,0.14390984527857148
15.777777777777777,1.0,stable_coexistence,0,1.2617045658478224e-08,30.000000003851106,0.14390984527204642
15.777777777777777,1.1077568505097097,stable_coexistence,0,1.1231866872084883e-08,30.000000004074526,0.14390984526741885
15.777777777777777,1.2271252398511903,stable_coexistence,0,1.0063600322050506e-08,30.00000000415318,0.14390984526407016
15.777777777777777,1.3593563908785256,stable_coexistence,0,9.071721979767888e-09,30.000000004142855,0.1439098452616416
15.777777777777777,1.5058363542798414,stable_coexistence,0,8.225122389470638e-09,30.000000004079066,0.14390984525987305
15.777777777777777,1.6681005372000592,stable_coexistence,0,7.499283563512573e-09,30.000000003984535,0.14390984525858116
15.777777777777777,1.8478497974222907,stable_coexistence,0,6.874531047233683e-09,30.000000003874156,0.14390984525763664
15.777777777777777,2.046968271807522,stable_coexistence,0,6.334868273600145e-09,30.000000003757357,0.14390984525694658
15.777777777777777,2.267543125870802,stable_coexistence,0,5.867178623710894e-09,30.000000003640114,0.14390984525644468
15.777777777777777,2.5118864315095797,stable_coexistence,0,5.460621939166815e-09,30.000000003526093,0.1439098452560819
15.777777777777777,2.782559402207126,stable_coexistence,0,5.106197419864142e-09,30.000000003417505,0.1439098452558221
15.777777777777777,3.0823992397451434,stable_coexistence,0,4.796385747303097e-09,30.000000003315513,0.1439098452556388
15.777777777777777,3.414548873833601,stable_coexistence,0,4.52488914437031e-09,30.000000003220688,0.14390984525551243
15.777777777777777,3.782489906389386,stable_coexistence,0,4.286406488562941e-09,30.00000000313319,0.1439098452554279
15.777777777777777,4.190079105786669,stable_coexistence,0,4.076457097390231e-09,30.00000000305284,0.14390984525537473
15.777777777777777,4.641588833612782,stable_coexistence,0,3.891246554220227e-09,30.00000000297934,0.1439098452553444
15.777777777777777,5.141751827683928,stable_coexistence,0,3.738135396907968e-09,30.00000000291238,0.14390984525533085
15.777777777777777,5.695810810737687,stable_coexistence,0,3.6551247089670824e-09,30.000000002851458,0.14390984525532907
15.777777777777777,6.309573444801936,stable_coexistence,0,3.580187660107335e-09,30.000000002796146,0.14390984525533612
15.777777777777777,6.989473207273487,stable_coexistence,0,3.5125664727327084e-09,30.000000002745907,0.14390984525534883
15.777777777777777,7.742636826811269,stable_coexistence,0,3.451564701208339e-09,30.000000002700492,0.14390984525536568
15.777777777777777,8.576958985908945,stable_coexistence,0,3.3965466532571605e-09,30.000000002659398,0.14390984525538492
15.777777777777777,9.50118507318144,stable_coexistence,0,3.3469275537019523e-09,30.00000000262221,0.14390984525540546
15.777777777777777,10.525002852777327,stable_coexistence,0,3.302179523367227e-09,30.0000000025886,0.14390984525542666
15.777777777777777,11.659144011798324,stable_coexistence,0,3.2618036132478724e-09,30.000000002558192,0.14390984525544798
15.777777777777777,12.91549665014884,stable_coexistence,0,3.2253209325902284e-09,30.000000002530665,0.1439098452554693
15.777777777777777,14.307229891937586,stable_coexistence,0,3.1920113130196607e-09,30.000000002505445,0.14390984525549141
15.777777777777777,15.848931924611142,stable_coexistence,0,3.14937518512144e-09,30.000000002472596,0.14390984525556536
15.777777777777777,17.556762912750013,stable_coexistence,0,3.1226977106762862e-09,30.00000000245238,0.1439098452555838
15.777777777777777,19.448624389373634,stable_coexistence,0,3.0986335949553257e-09,30.0000000024341,0.14390984525560122
15.777777777777777,21.544346900318846,stable_coexistence,0,3.0766779100515356e-09,30.000000002417405,0.1439098452556185
15.777777777777777,23.865897868585808,stable_coexistence,0,3.053343027491626e-09,30.00000000239949,0.14390984525564973
15.777777777777777,26.437611857491014,stable_coexistence,0,2.9476188770434085e-09,30.00000000231566,0.14390984525603798
15.777777777777777,29.286445646252375,stable_coexistence,0,1.0516367979785668e-06,29.97766503689863,1.8490371814165458
15.777777777777777,32.4422607917163,stable_coexistence,0,5.255476424184351e-05,29.878250542358945,4.925691194334637
15.777777777777777,35.938136638046295,stable_coexistence,0,5.385069792931516e-05,29.878205257180564,4.917682242395519
15.777777777777777,39.810717055349734,stable_coexistence,0,5.4865208095535714e-05,29.87816418871274,4.910420884619528
15.777777777777777,44.100594541767364,stable_coexistence,0,5.5642955504751615e-05,29.878126967678433,4.903839951097768
15.777777777777777,48.852735715193916,stable_coexistence,0,5.622401801920144e-05,29.878093251993704,4.8978778470641275
15.777777777777777,54.116952654646376,stable_coexistence,0,5.6643562034749334e-05,29.87806272591193,4.892478170943729
15.777777777777777,59.948425031894146,stable_coexistence,0,5.693228135980056e-05,29.878035098910907,4.887589344041355
15.777777777777777,66.40827850634845,stable_coexistence,0,5.711589179589408e-05,29.87801010440709,4.883164254466672
15.777777777777777,73.56422544596414,stable_coexistence,0,5.721647123223551e-05,29.877987498354628,4.879159917181783
15.777777777777777,81.49127469020749,stable_coexistence,0,5.725220217842662e-05,29.8779670577962,4.875537151443066
15.777777777777777,90.27251779484578,stable_coexistence,0,5.723817931702425e-05,29.877948579389074,4.8722602763994445
15.777777777777777,100.0,stable_coexistence,0,5.718692239367072e-05,29.87793187795941,4.869296825188961
16.0,0.01,predator_extinct,2,1.5379308529485773,56.044597491302376,2.788072737226047e-25
16.0,0.011077568505097092,predator_extinct,2,1.318871987007795,64.88287737390843,4.2071848912995816e-21
16.0,0.012271252398511897,predator_extinct,2,1.1217350777935637,72.95045102049758,2.6779009483933458e-17
16.0,0.013593563908785255,predator_extinct,2,31.236998280003736,80.03980899599453,7.54263675659107e-14
16.0,0.015058363542798407,predator_extinct,2,31.695677266360967,86.0284707106933,1.0006357544614597e-10
16.0,0.016681005372000592,predator_extinct,2,31.71109586628831,90.83968615437922,6.680154432382868e-08
16.0,0.018478497974222907,low_density_risk,4,31.695694883194207,94.44174630550648,2.3915999471148202e-05
16.0,0.02046968271807521,low_density_risk,4,28.04799743866421,95.65453553038125,0.00430065477305618
16.0,0.02267543125870802,low_density_risk,4,7.755349653274029,87.34575983232268,0.04205289445123442
16.0,0.025118864315095794,low_density_risk,4,5.670407864651062,78.1415070530326,0.05384592161517817
16.0,0.027825594022071243,low_density_risk,4,4.09078035032557,70.25213099755815,0.07004930982601604
16.0,0.030823992397451434,low_density_risk,4,3.133982290726018,62.294896105165684,0.08603790547343228
16.0,0.034145488738336005,low_density_risk,4,2.5773356920460864,55.18697415925109,0.09871423474662228
16.0,0.037824899063893865,low_density_risk,4,2.1662436300160555,48.677875428210825,0.11112643758971646
16.0,0.04190079105786669,oscillatory_coexistence,1,1.8691147811965452,42.748720151286044,0.12209516953582619
16.0,0.046415888336127795,oscillatory_coexistence,1,1.96375485479233,37.4286003554121,0.13198175389171835
16.0,0.051417518276839276,oscillatory_coexistence,1,1.857073714483097,32.96846698659424,0.1403435175922688
16.0,0.056958108107376865,oscillatory_coexistence,1,0.9210022507746696,30.378224799812703,0.14478249284091385
16.0,0.06309573444801933,oscillatory_coexistence,1,0.44563593474220653,29.79388271236326,0.14331510005175502
16.0,0.06989473207273486,oscillatory_coexistence,1,0.1992802254339908,29.926267431030126,0.1414544240577072
16.0,0.0774263682681127,oscillatory_coexistence,1,0.08731136596369607,30.04709959325404,0.1415227623206946
16.0,0.08576958985908942,oscillatory_coexistence,1,0.05666481315134263,30.03585381742671,0.14193168698953126
16.0,0.0950118507318144,oscillatory_coexistence,1,0.021882961305977954,30.00251615639871,0.14203805987499124
16.0,0.10525002852777332,oscillatory_coexistence,1,0.00888371986285496,29.99428889252735,0.1419960828031688
16.0,0.11659144011798317,oscillatory_coexistence,1,0.004373436748472428,29.997319551450275,0.1419641106862228
16.0,0.1291549665014884,oscillatory_coexistence,1,0.0016834354281671717,29.99975347185837,0.14195867765560644
16.0,0.14307229891937578,stable_coexistence,0,0.0004653862260236613,30.000281179268548,0.14196092472394864
16.0,0.15848931924611134,stable_coexistence,0,0.0002578536613072804,30.000178229333144,0.14196260959438578
16.0,0.17556762912750015,stable_coexistence,0,9.549851630720104e-05,30.000061492039286,0.14196314012537314
16.0,0.19448624389373625,stable_coexistence,0,4.1012888564437544e-05,30.000013797837926,0.1419632190505632
16.0,0.21544346900318845,stable_coexistence,0,1.5274160443107062e-05,30.000001019713597,0.14196320352150943
16.0,0.2386589786858581,stable_coexistence,0,5.249324642214561e-06,29.999998939855338,0.14196318565233362
16.0,0.26437611857491,stable_coexistence,0,1.8170806990456666e-06,29.99999911165017,0.14196317613796902
16.0,0.29286445646252374,stable_coexistence,0,7.426884299932055e-07,29.999999477769116,0.14196317183432985
16.0,0.324422607917163,stable_coexistence,0,3.837168930366669e-07,29.99999971768606,0.14196316993800498
16.0,0.35938136638046275,stable_coexistence,0,2.0200382560256117e-07,29.999999849359323,0.14196316907399126
16.0,0.3981071705534973,stable_coexistence,0,1.0890180297019068e-07,29.99999991905425,0.14196316865557335
16.0,0.44100594541767385,stable_coexistence,0,6.035698320783262e-08,29.999999956335216,0.14196316843820347
16.0,0.4885273571519389,stable_coexistence,0,4.1493719070564436e-08,29.999999976816635,0.14196316831732705
16.0,0.5411695265464638,stable_coexistence,0,3.245721689708309e-08,29.999999988400127,0.14196316824595467
16.0,0.5994842503189411,stable_coexistence,0,2.6490471805643644e-08,29.999999995113594,0.14196316820166552
16.0,0.6640827850634842,stable_coexistence,0,2.222874909395372e-08,29.99999999906835,0.14196316817307164
16.0,0.7356422544596414,stable_coexistence,0,1.9003816948816195e-08,30.00000000141178,0.1419631681540312
16.0,0.8149127469020745,stable_coexistence,0,1.6463520796969664e-08,30.000000002789534,0.14196316814104712
16.0,0.9027251779484579,stable_coexistence,0,1.4407694472790738e-08,30.000000003577792,0.14196316813202747
16.0,1.0,stable_coexistence,0,1.2713426990946558e-08,30.00000000400188,0.14196316812567303
16.0,1.1077568505097097,stable_coexistence,0,1.1299552107222842e-08,30.000000004199975,0.14196316812114693
16.0,1.2271252398511903,stable_coexistence,0,1.0109043556369537e-08,30.00000000425815,0.14196316811789655
16.0,1.3593563908785256,stable_coexistence,0,9.099782022915135e-09,30.000000004231143,0.14196316811554804
16.0,1.5058363542798414,stable_coexistence,0,8.23948908987013e-09,30.00000000415358,0.14196316811384493
16.0,1.6681005372000592,stable_coexistence,0,7.502788552388028e-09,30.000000004047692,0.141963168112607
16.0,1.8478497974222907,stable_coexistence,0,6.869362914633507e-09,30.00000000392784,0.14196316811170717
16.0,2.046968271807522,stable_coexistence,0,6.322738124854703e-09,30.000000003803112,0.14196316811105536
16.0,2.267543125870802,stable_coexistence,0,5.849420029110577e-09,30.000000003679197,0.14196316811058537
16.0,2.5118864315095797,stable_coexistence,0,5.438293015268329e-09,30.00000000355952,0.1419631681102492
16.0,2.782559402207126,stable_coexistence,0,5.080134357043216e-09,30.000000003446125,0.1419631681100121
16.0,3.0823992397451434,stable_coexistence,0,4.7672572846975134e-09,30.00000000334003,0.14196316810984813
16.0,3.414548873833601,stable_coexistence,0,4.493231504897716e-09,30.000000003241702,0.14196316810973814
16.0,3.782489906389386,stable_coexistence,0,4.2526521559016335e-09,30.00000000315117,0.14196316810966797
16.0,4.190079105786669,stable_coexistence,0,4.040956250684994e-09,30.00000000306819,0.14196316810965875
16.0,4.641588833612782,stable_coexistence,0,3.854284950074502e-09,30.000000002992422,0.14196316810963902
16.0,5.141751827683928,stable_coexistence,0,3.749057995307664e-09,30.000000002923493,0.141963168109603
16.0,5.695810810737687,stable_coexistence,0,3.6640863024456202e-09,30.000000002860855,0.1419631681096094
16.0,6.309573444801936,stable_coexistence,0,3.587424282370524e-09,30.00000000280399,0.1419631681096234
16.0,6.989473207273487,stable_coexistence,0,3.5182865613215482e-09,30.000000002752476,0.1419631681096423
16.0,7.742636826811269,stable_coexistence,0,3.455949547491636e-09,30.00000000270589,0.14196316810966472
16.0,8.576958985908945,stable_coexistence,0,3.399749671414942e-09,30.000000002663757,0.1419631681096886
16.0,9.50118507318144,stable_coexistence,0,3.349091597492289e-09,30.000000002625683,0.14196316810971332
16.0,10.525002852777327,stable_coexistence,0,3.3034171375017874e-09,30.000000002591243,0.14196316810973827
16.0,11.659144011798324,stable_coexistence,0,3.26222186916236e-09,30.00000000256013,0.14196316810976295
16.0,12.91549665014884,stable_coexistence,0,3.2250131009436443e-09,30.00000000253195,0.14196316810978712
16.0,14.307229891937586,stable_coexistence,0,3.191069978213689e-09,30.000000002506194,0.14196316810981183
16.0,15.848931924611142,stable_coexistence,0,3.1480724755371076e-09,30.00000000247303,0.1419631681098872
16.0,17.556762912750013,stable_coexistence,0,3.1208872427862616e-09,30.000000002452353,0.14196316810990775
16.0,19.448624389373634,stable_coexistence,0,3.0963693872373397e-09,30.000000002433698,0.1419631681099269
16.0,21.544346900318846,stable_coexistence,0,3.0740154641717896e-09,30.000000002416638,0.14196316810994583
16.0,23.865897868585808,stable_coexistence,0,3.0504313763801457e-09,30.000000002398505,0.14196316810997808
16.0,26.437611857491014,stable_coexistence,0,2.9459960219110242e-09,30.000000002315634,0.14196316811036153
16.0,29.286445646252375,stable_coexistence,0,8.839459375058931e-07,29.977846495122645,1.8405324185686076
16.0,32.4422607917163,stable_coexistence,0,5.2750377903558694e-05,29.878244090178033,4.924549904553225
16.0,35.938136638046295,stable_coexistence,0,5.40051265827853e-05,29.87819940408469,4.9166473022359565
16.0,39.810717055349734,stable_coexistence,0,5.498457444273789e-05,29.87815888260802,4.909482770941888
16.0,44.100594541767364,stable_coexistence,0,5.5733253855058986e-05,29.878122160224123,4.902989925583034
16.0,48.852735715193916,stable_coexistence,0,5.629028278879266e-05,29.878088898507926,4.897107903442643
16.0,54.116952654646376,stable_coexistence,0,5.6690243988890596e-05,29.878058785229978,4.891780983632958
16.0,59.948425031894146,stable_coexistence,0,5.6963160994557146e-05,29.87803153321796,4.886958218592121
16.0,66.40827850634845,stable_coexistence,0,5.7134224581784686e-05,29.878006879052073,4.882593080117568
16.0,73.56422544596414,stable_coexistence,0,5.7224845684897944e-05,29.877984581656502,4.878643121727092
16.0,81.49127469020749,stable_coexistence,0,5.725295942312904e-05,29.877964420839422,4.875069658548183
16.0,90.27251779484578,stable_coexistence,0,5.723322000539299e-05,29.877946195827906,4.871837465432497
16.0,100.0,stable_coexistence,0,5.717759458576571e-05,29.8779297238169,4.868914493586759
16.22222222222222,0.01,predator_extinct,2,1.5459065593465082,55.80662975183781,1.7645855148153316e-25
16.22222222222222,0.011077568505097092,predator_extinct,2,1.3256736694318085,64.66954346474645,2.7819189256781815e-21
16.22222222222222,0.012271252398511897,predator_extinct,2,1.1276243145104088,72.76622164177779,1.843736028686404e-17
16.22222222222222,0.013593563908785255,predator_extinct,2,31.0735123675843,79.88671436897796,5.3880885044228804e-14
16.22222222222222,0.015058363542798407,predator_extinct,2,31.695271233255877,85.90729017147723,7.390871898310791e-11
16.22222222222222,0.016681005372000592,predator_extinct,2,31.711024020225036,90.74998928251624,5.0852875770356615e-08
16.22222222222222,0.018478497974222907,low_density_risk,4,31.699802957476617,94.38262395035085,1.8711244222283382e-05
16.22222222222222,0.02046968271807521,low_density_risk,4,28.640929656452958,95.80897745546966,0.003525016563080353
16.22222222222222,0.02267543125870802,low_density_risk,4,7.946739110656661,87.78229419689852,0.04049634859923202
16.22222222222222,0.025118864315095794,low_density_risk,4,5.722248333677298,78.47504852111608,0.052649792780434385
16.22222222222222,0.027825594022071243,low_density_risk,4,4.136958140655079,70.57141746734462,0.06834637224371973
16.22222222222222,0.030823992397451434,low_density_risk,4,3.154309369384711,62.58544259028053,0.08434513236686875
16.22222222222222,0.034145488738336005,low_density_risk,4,2.5909139553061165,55.44078064094982,0.09688769072791488
16.22222222222222,0.037824899063893865,low_density_risk,4,2.1753402085658053,48.906021666128275,0.10918531675271456
16.22222222222222,0.04190079105786669,oscillatory_coexistence,1,1.8754982934208506,42.94983775040858,0.12006618389772389
16.22222222222222,0.046415888336127795,oscillatory_coexistence,1,1.9581322547239837,37.60258476531666,0.12987097042602935
16.22222222222222,0.051417518276839276,oscillatory_coexistence,1,1.8730749311360269,33.0962048629263,0.13820818921957756
16.22222222222222,0.056958108107376865,oscillatory_coexistence,1,0.9557467665101872,30.426179540860932,0.14279061499421677
16.22222222222222,0.06309573444801933,oscillatory_coexistence,1,0.44522867327359805,29.79612576561761,0.14148713742890298
16.22222222222222,0.06989473207273486,oscillatory_coexistence,1,0.20783941400121553,29.920631062778288,0.13959298900217204
16.22222222222222,0.0774263682681127,oscillatory_coexistence,1,0.0872273832560844,30.04540449448466,0.1396236073486776
16.22222222222222,0.08576958985908942,oscillatory_coexistence,1,0.05762237888978995,30.036681999524486,0.14002992258885755
16.22222222222222,0.0950118507318144,oscillatory_coexistence,1,0.022246272346889,30.003069625004958,0.14014175224046616
16.22222222222222,0.10525002852777332,oscillatory_coexistence,1,0.008862741524170416,29.994341004076936,0.1401018675343141
16.22222222222222,0.11659144011798317,oscillatory_coexistence,1,0.004444948560371417,29.997259928224153,0.1400698190347738
16.22222222222222,0.1291549665014884,oscillatory_coexistence,1,0.0017038748245680612,29.999723170624133,0.14006409772156686
16.22222222222222,0.14307229891937578,stable_coexistence,0,0.0004633112847200877,30.000275320954852,0.14006623995707146
16.22222222222222,0.15848931924611134,stable_coexistence,0,0.00025847366858851794,30.000178886730236,0.14006791026332951
16.22222222222222,0.17556762912750015,stable_coexistence,0,9.657551779966457e-05,30.0000624547462,0.14006844454170508
16.22222222222222,0.19448624389373625,stable_coexistence,0,4.117363904553035e-05,30.000014261801105,0.1400685268122514
16.22222222222222,0.21544346900318845,stable_coexistence,0,1.5410685801753707e-05,30.000001196177077,0.14006851276024201
16.22222222222222,0.2386589786858581,stable_coexistence,0,5.317641824211024e-06,29.999999003354436,0.14006849543007835
16.22222222222222,0.26437611857491,stable_coexistence,0,1.8477187177794718e-06,29.9999991354428,0.14006848610188885
16.22222222222222,0.29286445646252374,stable_coexistence,0,7.345570222287259e-07,29.999999487632135,0.14006848186359808
16.22222222222222,0.324422607917163,stable_coexistence,0,3.79166559192665e-07,29.99999972235376,0.1400684799916948
16.22222222222222,0.35938136638046275,stable_coexistence,0,1.9942330973702352e-07,29.999999851889168,0.14006847913780007
16.22222222222222,0.3981071705534973,stable_coexistence,0,1.0740907977888966e-07,29.999999920596956,0.14006847872405828
16.22222222222222,0.44100594541767385,stable_coexistence,0,5.947391073041796e-08,29.999999957366036,0.14006847850912363
16.22222222222222,0.4885273571519389,stable_coexistence,0,4.239420030054294e-08,29.999999977552303,0.1400684783896582
16.22222222222222,0.5411695265464638,stable_coexistence,0,3.308710320279708e-08,29.999999988949934,0.1400684783191785
16.22222222222222,0.5994842503189411,stable_coexistence,0,2.694254727868883e-08,29.99999999553769,0.14006847827549393
16.22222222222222,0.6640827850634842,stable_coexistence,0,2.2557915713599607e-08,29.99999999940283,0.14006847824733132
16.22222222222222,0.7356422544596414,stable_coexistence,0,1.9245060181430623e-08,30.000000001679762,0.14006847822861127
16.22222222222222,0.8149127469020745,stable_coexistence,0,1.6640263091706262e-08,30.000000003006893,0.1400684782158703
16.22222222222222,0.9027251779484579,stable_coexistence,0,1.4536250601394462e-08,30.000000003755762,0.14006847820703958
16.22222222222222,1.0,stable_coexistence,0,1.2805448196341997e-08,30.000000004148728,0.14006847820083368
16.22222222222222,1.1077568505097097,stable_coexistence,0,1.1363567625979481e-08,30.000000004321894,0.14006847819642632
16.22222222222222,1.2271252398511903,stable_coexistence,0,1.0151390127023542e-08,30.00000000435995,0.14006847819327137
16.22222222222222,1.3593563908785256,stable_coexistence,0,9.125212465822215e-09,30.000000004316547,0.14006847819100038
16.22222222222222,1.5058363542798414,stable_coexistence,0,8.251618409619464e-09,30.00000000422549,0.140068478189361
16.22222222222222,1.6681005372000592,stable_coexistence,0,7.504385260323653e-09,30.00000000410846,0.14006847818817583
16.22222222222222,1.8478497974222907,stable_coexistence,0,6.862569178678433e-09,30.00000000397935,0.14006847818731988
16.22222222222222,2.046968271807522,stable_coexistence,0,6.309212233329285e-09,30.000000003846875,0.14006847818670412
16.22222222222222,2.267543125870802,stable_coexistence,0,5.8304660647816865e-09,30.000000003716426,0.14006847818626406
16.22222222222222,2.5118864315095797,stable_coexistence,0,5.414937830812308e-09,30.000000003591243,0.14006847818595317
16.22222222222222,2.782559402207126,stable_coexistence,0,5.053189155416263e-09,30.000000003473158,0.1400684781857379
16.22222222222222,3.0823992397451434,stable_coexistence,0,4.7373713835359755e-09,30.00000000336307,0.14006847818559248
16.22222222222222,3.414548873833601,stable_coexistence,0,4.460923718822228e-09,30.0000000032613,0.1400684781854985
16.22222222222222,3.782489906389386,stable_coexistence,0,4.218341586702303e-09,30.000000003167813,0.14006847818544196
16.22222222222222,4.190079105786669,stable_coexistence,0,4.004980406161156e-09,30.00000000308227,0.14006847818541288
16.22222222222222,4.641588833612782,stable_coexistence,0,3.85502620517029e-09,30.000000003004313,0.14006847818540338
16.22222222222222,5.141751827683928,stable_coexistence,0,3.758702591072132e-09,30.00000000293346,0.1400684781854078
16.22222222222222,5.695810810737687,stable_coexistence,0,3.671816807473115e-09,30.000000002869132,0.14006847818542195
16.22222222222222,6.309573444801936,stable_coexistence,0,3.5934749673030637e-09,30.00000000281076,0.1400684781854427
16.22222222222222,6.989473207273487,stable_coexistence,0,3.5228642297812347e-09,30.000000002758014,0.1400684781854677
16.22222222222222,7.742636826811269,stable_coexistence,0,3.4592264455104627e-09,30.000000002710305,0.14006847818549492
16.22222222222222,8.576958985908945,stable_coexistence,0,3.401880944553643e-09,30.000000002667168,0.14006847818552354
16.22222222222222,9.50118507318144,stable_coexistence,0,3.350205117029446e-09,30.00000000262821,0.1400684781855525
16.22222222222222,10.525002852777327,stable_coexistence,0,3.3036354038982435e-09,30.000000002593,0.1400684781855809
16.22222222222222,11.659144011798324,stable_coexistence,0,3.2616433199424785e-09,30.000000002561176,0.14006847818560864
16.22222222222222,12.91549665014884,stable_coexistence,0,3.223731886937317e-09,30.000000002532396,0.14006847818563548
16.22222222222222,14.307229891937586,stable_coexistence,0,3.1891716882776197e-09,30.000000002506095,0.1400684781856626
16.22222222222222,15.848931924611142,stable_coexistence,0,3.145830748349325e-09,30.000000002472614,0.14006847818573956
16.22222222222222,17.556762912750013,stable_coexistence,0,3.1181499727486067e-09,30.00000000245152,0.14006847818576226
16.22222222222222,19.448624389373634,stable_coexistence,0,3.0931900934817487e-09,30.000000002432447,0.14006847818578314
16.22222222222222,21.544346900318846,stable_coexistence,0,3.0704503673373326e-09,30.000000002415025,0.14006847818580356
16.22222222222222,23.865897868585808,stable_coexistence,0,3.0466251361226154e-09,30.000000002396696,0.14006847818583668
16.22222222222222,26.437611857491014,stable_coexistence,0,2.943482140585725e-09,30.000000002314902,0.14006847818621523
16.22222222222222,29.286445646252375,stable_coexistence,0,6.494166638100558e-07,29.978024686650297,1.832193641962971
16.22222222222222,32.4422607917163,stable_coexistence,0,5.2937448280209155e-05,29.878237810336397,4.923439173136187
16.22222222222222,35.938136638046295,stable_coexistence,0,5.415227069060568e-05,29.878193707872658,4.915640131458536
16.22222222222222,39.810717055349734,stable_coexistence,0,5.5098225596622065e-05,29.87815371915533,4.908569877164989
16.22222222222222,44.100594541767364,stable_coexistence,0,5.581879367352486e-05,29.8781174823562,4.902162792034638
16.22222222222222,48.852735715193916,stable_coexistence,0,5.635276623555947e-05,29.87808466263602,4.89635872833663
16.22222222222222,54.116952654646376,stable_coexistence,0,5.6733964255327156e-05,29.878054951216676,4.891102629735506
16.22222222222222,59.948425031894146,stable_coexistence,0,5.699173911582602e-05,29.878028064204734,4.88634416461978
16.22222222222222,66.40827850634845,stable_coexistence,0,5.715079841747838e-05,29.878003741274146,4.882037374244406
16.22222222222222,73.56422544596414,stable_coexistence,0,5.7232021104924114e-05,29.877981744250434,4.878140337397441
16.22222222222222,81.49127469020749,stable_coexistence,0,5.725287859168971e-05,29.877961855646518,4.874614852714293
16.22222222222222,90.27251779484578,stable_coexistence,0,5.72276718105085e-05,29.877943877191104,4.871426139279575
16.22222222222222,100.0,stable_coexistence,0,5.716806059104583e-05,29.87792762839577,4.8685425557565205
16.444444444444443,0.01,predator_extinct,2,1.553801042697108,55.571685127842926,1.1234084454768584e-25
16.444444444444443,0.011077568505097092,predator_extinct,2,1.3324045897268608,64.45872592955347,1.8492727794794522e-21
16.444444444444443,0.012271252398511897,predator_extinct,2,1.1334473961300948,72.58401152004203,1.2754961351290048e-17
16.444444444444443,0.013593563908785255,predator_extinct,2,30.851206929697952,79.73514998778026,3.8656028878521086e-14
16.444444444444443,0.015058363542798407,predator_extinct,2,31.694827780043045,85.78716831302485,5.480261138874049e-11
16.444444444444443,0.016681005372000592,predator_extinct,2,31.710949345456726,90.66093276573041,3.884753879281898e-08
16.444444444444443,0.018478497974222907,low_density_risk,4,31.703020615268237,94.32348543427214,1.4684968517952209e-05
16.444444444444443,0.02046968271807521,low_density_risk,4,29.14426383873536,95.9380517253492,0.0028863993801218823
16.444444444444443,0.02267543125870802,low_density_risk,4,8.161518414284735,88.21287778628296,0.03891504099340733
16.444444444444443,0.025118864315095794,low_density_risk,4,5.773140283196187,78.80621885001871,0.051502068780285314
16.444444444444443,0.027825594022071243,low_density_risk,4,4.183479770145103,70.8853005952629,0.06669950808680011
16.444444444444443,0.030823992397451434,low_density_risk,4,3.1747406541300247,62.87264163768006,0.08270119201275458
16.444444444444443,0.034145488738336005,low_density_risk,4,2.6044156407761156,55.69124479781699,0.09511715248859864
16.444444444444443,0.037824899063893865,low_density_risk,4,2.18440467389751,49.13121376678324,0.10730072939136302
16.444444444444443,0.04190079105786669,oscillatory_coexistence,1,1.881824730088878,43.14841385829269,0.11809570830978246
16.444444444444443,0.046415888336127795,oscillatory_coexistence,1,1.952360610925453,37.77463717353702,0.12781972927171342
16.444444444444443,0.051417518276839276,oscillatory_coexistence,1,1.887635375283382,33.22394369119732,0.13612921929914087
16.444444444444443,0.056958108107376865,oscillatory_coexistence,1,0.9902597002474572,30.47566465663585,0.14084412560119572
16.444444444444443,0.06309573444801933,oscillatory_coexistence,1,0.4448314004683159,29.799023492722696,0.13970521346692105
16.444444444444443,0.06989473207273486,oscillatory_coexistence,1,0.2163208366210341,29.91508487130974,0.13778208576318418
16.444444444444443,0.0774263682681127,oscillatory_coexistence,1,0.08714537852066352,30.043619442696805,0.1377750489197607
16.444444444444443,0.08576958985908942,oscillatory_coexistence,1,0.058534842264462913,30.03747138463487,0.13817822701634036
16.444444444444443,0.0950118507318144,oscillatory_coexistence,1,0.022594887901565962,30.00362606981212,0.1382953275520199
16.444444444444443,0.10525002852777332,oscillatory_coexistence,1,0.008842364941553498,29.99439887099603,0.13825754734012904
16.444444444444443,0.11659144011798317,oscillatory_coexistence,1,0.004514367514367031,29.997202053337997,0.13822544952054175
16.444444444444443,0.1291549665014884,oscillatory_coexistence,1,0.00172359950759948,29.99969296029362,0.1382194489641511
16.444444444444443,0.14307229891937578,stable_coexistence,0,0.0004612953815328353,30.000269332041597,0.1382214873758888
16.444444444444443,0.15848931924611134,stable_coexistence,0,0.0002590115123173477,30.000179472744367,0.13822314266959196
16.444444444444443,0.17556762912750015,stable_coexistence,0,9.762437245050716e-05,30.000063391646755,0.13822368036641697
16.444444444444443,0.19448624389373625,stable_coexistence,0,4.1325251505853885e-05,30.000014717630417,0.13822376584784155
16.444444444444443,0.21544346900318845,stable_coexistence,0,1.554341387313999e-05,30.000001370172022,0.13822375322826386
16.444444444444443,0.2386589786858581,stable_coexistence,0,5.384490631905641e-06,29.999999066091213,0.1382237364237578
16.444444444444443,0.26437611857491,stable_coexistence,0,1.877781179795314e-06,29.999999158983712,0.13822372727795124
16.444444444444443,0.29286445646252374,stable_coexistence,0,7.267200731136412e-07,29.99999949740059,0.138223723103949
16.444444444444443,0.324422607917163,stable_coexistence,0,3.747842915240963e-07,29.999999726978373,0.13822372125620097
16.444444444444443,0.35938136638046275,stable_coexistence,0,1.9693791265930097e-07,29.999999854394705,0.13822372041230419
16.444444444444443,0.3981071705534973,stable_coexistence,0,1.0597222263591181e-07,29.99999992212323,0.13822372000319805
16.444444444444443,0.44100594541767385,stable_coexistence,0,5.926103349601061e-08,29.99999995838435,0.1382237197906814
16.444444444444443,0.4885273571519389,stable_coexistence,0,4.327738834137629e-08,29.99999997827795,0.13822371967261482
16.444444444444443,0.5411695265464638,stable_coexistence,0,3.370368755636049e-08,29.999999989491247,0.13822371960301977
16.444444444444443,0.5994842503189411,stable_coexistence,0,2.7383863358350214e-08,29.999999995954475,0.13822371955993293
16.444444444444443,0.6640827850634842,stable_coexistence,0,2.2878339933845923e-08,29.999999999730953,0.13822371953219525
16.444444444444443,0.7356422544596414,stable_coexistence,0,1.9479112603135072e-08,30.00000000194228,0.138223719513789
16.444444444444443,0.8149127469020745,stable_coexistence,0,1.6811054946302993e-08,30.000000003219473,0.13822371950128548
16.444444444444443,0.9027251779484579,stable_coexistence,0,1.4659845365346956e-08,30.000000003929454,0.13822371949263912
16.444444444444443,1.0,stable_coexistence,0,1.2893317700533725e-08,30.00000000429176,0.13822371948657838
16.444444444444443,1.1077568505097097,stable_coexistence,0,1.142410361696039e-08,30.000000004440412,0.1382237194822862
16.444444444444443,1.2271252398511903,stable_coexistence,0,1.0190800498246997e-08,30.000000004458688,0.13822371947922446
16.444444444444443,1.3593563908785256,stable_coexistence,0,9.148163351430118e-09,30.00000000439923,0.13822371947702902
16.444444444444443,1.5058363542798414,stable_coexistence,0,8.261647128195242e-09,30.00000000429491,0.13822371947545123
16.444444444444443,1.6681005372000592,stable_coexistence,0,7.504199216536061e-09,30.000000004166974,0.13822371947431664
16.444444444444443,1.8478497974222907,stable_coexistence,0,6.854254525998166e-09,30.000000004028784,0.1382237194735024
16.444444444444443,2.046968271807522,stable_coexistence,0,6.294390430278236e-09,30.000000003888736,0.13822371947292164
16.444444444444443,2.267543125870802,stable_coexistence,0,5.810408746008474e-09,30.000000003751907,0.13822371947251144
16.444444444444443,2.5118864315095797,stable_coexistence,0,5.3906395192988145e-09,30.000000003621313,0.13822371947222595
16.444444444444443,2.782559402207126,stable_coexistence,0,5.025441395769671e-09,30.00000000349864,0.13822371947203163
16.444444444444443,3.0823992397451434,stable_coexistence,0,4.706801821839195e-09,30.000000003384677,0.13822371947190418
16.444444444444443,3.414548873833601,stable_coexistence,0,4.428037669383924e-09,30.000000003279553,0.13822371947182538
16.444444444444443,3.782489906389386,stable_coexistence,0,4.183537308725673e-09,30.000000003183207,0.13822371947178197
16.444444444444443,4.190079105786669,stable_coexistence,0,3.97475814023838e-09,30.000000003095153,0.1382237194717641
16.444444444444443,4.641588833612782,stable_coexistence,0,3.865597246205793e-09,30.000000003015074,0.1382237194717644
16.444444444444443,5.141751827683928,stable_coexistence,0,3.767143908877191e-09,30.00000000294234,0.1382237194717775
16.444444444444443,5.695810810737687,stable_coexistence,0,3.6783897014698603e-09,30.000000002876362,0.13822371947179884
16.444444444444443,6.309573444801936,stable_coexistence,0,3.5984165580238527e-09,30.000000002816588,0.1382237194718261
16.444444444444443,6.989473207273487,stable_coexistence,0,3.5263652475149764e-09,30.000000002762583,0.13822371947185663
16.444444444444443,7.742636826811269,stable_coexistence,0,3.4614626829034454e-09,30.00000000271378,0.13822371947188888
16.444444444444443,8.576958985908945,stable_coexistence,0,3.4030032465638414e-09,30.000000002669694,0.13822371947192186
16.444444444444443,9.50118507318144,stable_coexistence,0,3.3503417622211286e-09,30.000000002629857,0.13822371947195464
16.444444444444443,10.525002852777327,stable_coexistence,0,3.3028949005634534e-09,30.00000000259388,0.13822371947198644
16.444444444444443,11.659144011798324,stable_coexistence,0,3.2601327455653342e-09,30.000000002561393,0.13822371947201717
16.444444444444443,12.91549665014884,stable_coexistence,0,3.2215354212927177e-09,30.000000002532023,0.13822371947204665
16.444444444444443,14.307229891937586,stable_coexistence,0,3.1863768283336216e-09,30.000000002505192,0.13822371947207612
16.444444444444443,15.848931924611142,stable_coexistence,0,3.1427100610969685e-09,30.00000000247142,0.1382237194721543
16.444444444444443,17.556762912750013,stable_coexistence,0,3.1145474038438597e-09,30.000000002449873,0.1382237194721789
16.444444444444443,19.448624389373634,stable_coexistence,0,3.0891612334738298e-09,30.000000002430426,0.13822371947220147
16.444444444444443,21.544346900318846,stable_coexistence,0,3.066043922964335e-09,30.000000002412737,0.1382237194722233
16.444444444444443,23.865897868585808,stable_coexistence,0,3.0419834462659944e-09,30.000000002394202,0.13822371947225734
16.444444444444443,26.437611857491014,stable_coexistence,0,2.9401297307658986e-09,30.000000002313428,0.1382237194726311
16.444444444444443,29.286445646252375,stable_coexistence,0,3.6174642957897183e-07,29.978199717740104,1.82401551911059
16.444444444444443,32.4422607917163,stable_coexistence,0,5.311618784960186e-05,29.878231696046363,4.922357788536042
16.444444444444443,35.938136638046295,stable_coexistence,0,5.429266664986151e-05,29.878188162340678,4.914659626866642
16.444444444444443,39.810717055349734,stable_coexistence,0,5.520629570164281e-05,29.878148692696243,4.90768119952219
16.444444444444443,44.100594541767364,stable_coexistence,0,5.589984890202207e-05,29.878112928915012,4.901357637798646
16.444444444444443,48.852735715193916,stable_coexistence,0,5.641168778455601e-05,29.878080539684785,4.895629492470589
16.444444444444443,54.116952654646376,stable_coexistence,0,5.677489550573843e-05,29.87805121960512,4.890442356184406
16.444444444444443,59.948425031894146,stable_coexistence,0,5.7018149762890195e-05,29.878024687993992,4.885746498632877
16.444444444444443,66.40827850634845,stable_coexistence,0,5.716571489130815e-05,29.878000687557122,4.881496516811149
16.444444444444443,73.56422544596414,stable_coexistence,0,5.723806731558394e-05,29.877978982951596,4.877651001975396
16.444444444444443,81.49127469020749,stable_coexistence,0,5.725201747503241e-05,29.87795935932703,4.874172224361575
16.444444444444443,90.27251779484578,stable_coexistence,0,5.722151044612222e-05,29.87794162086487,4.871025836244126
16.444444444444443,100.0,stable_coexistence,0,5.715804895717897e-05,29.877925589329713,4.868180593528855
16.666666666666664,0.01,predator_extinct,2,1.5616159925601265,55.3396919046024,7.193237837858421e-26
16.666666666666664,0.011077568505097092,predator_extinct,2,1.339066371024313,64.2503669431764,1.2356706330525457e-21
16.666666666666664,0.012271252398511897,predator_extinct,2,1.1392061055265263,72.40377648925801,8.865087973477243e-18
16.666666666666664,0.013593563908785255,predator_extinct,2,30.551382615002815,79.58508522177861,2.7849873886999635e-14
16.666666666666664,0.015058363542798407,predator_extinct,2,31.694335149398917,85.66808667417483,4.0789642824246166e-11
16.666666666666664,0.016681005372000592,predator_extinct,2,31.710872513097645,90.5725077178586,2.9777747242779918e-08
16.666666666666664,0.018478497974222907,low_density_risk,4,31.705547565404924,94.26440365984719,1.1560257187039834e-05
16.666666666666664,0.02046968271807521,low_density_risk,4,29.568952679297947,96.04411790625234,0.0023624609939863293
16.666666666666664,0.02267543125870802,low_density_risk,4,8.403281641970619,88.6371714198306,0.03730756939741437
16.666666666666664,0.025118864315095794,low_density_risk,4,5.823201913744613,79.13524506605312,0.05039905680623952
16.666666666666664,0.027825594022071243,low_density_risk,4,4.230276026582378,71.19388646226815,0.06510738370672257
16.666666666666664,0.030823992397451434,low_density_risk,4,3.1952806444256208,63.15656095542071,0.0811038117015621
16.666666666666664,0.034145488738336005,low_density_risk,4,2.617846624338433,55.93846451254656,0.09340025249813558
16.666666666666664,0.037824899063893865,low_density_risk,4,2.1934338556705635,49.35352286904186,0.10547035124117858
16.666666666666664,0.04190079105786669,oscillatory_coexistence,1,1.8880993271290905,43.34451086474387,0.11618132896810232
16.666666666666664,0.046415888336127795,oscillatory_coexistence,1,1.9464680236337164,37.94478037909575,0.12582565559517878
16.666666666666664,0.051417518276839276,oscillatory_coexistence,1,1.9008395132605607,33.35159029493103,0.13410462913303034
16.666666666666664,0.056958108107376865,oscillatory_coexistence,1,1.0244847140886006,30.526634832361765,0.13894161889298987
16.666666666666664,0.06309573444801933,oscillatory_coexistence,1,0.44444753573414447,29.802577339303127,0.13796735620509235
16.666666666666664,0.06989473207273486,oscillatory_coexistence,1,0.22470863927796383,29.909636348283307,0.13601968528523525
16.666666666666664,0.0774263682681127,oscillatory_coexistence,1,0.0870652052788261,30.041748562388268,0.13597511851232164
16.666666666666664,0.08576958985908942,oscillatory_coexistence,1,0.05940187889788591,30.038221692612847,0.13637465468597776
16.666666666666664,0.0950118507318144,oscillatory_coexistence,1,0.02292878138481716,30.004184945423,0.13649684098737022
16.666666666666664,0.10525002852777332,oscillatory_coexistence,1,0.008822526544061085,29.994462332474935,0.13646117451111353
16.666666666666664,0.11659144011798317,oscillatory_coexistence,1,0.004581707792737924,29.99714591785753,0.13642905326214042
16.666666666666664,0.1291549665014884,oscillatory_coexistence,1,0.0017426187730893658,29.99966285279729,0.13642278232070007
16.666666666666664,0.14307229891937578,stable_coexistence,0,0.00046962944651345186,30.000263219171657,0.13642471795735747
16.666666666666664,0.15848931924611134,stable_coexistence,0,0.00025946949600307896,30.000179989776772,0.13642635782916346
16.666666666666664,0.17556762912750015,stable_coexistence,0,9.864577877736536e-05,30.000064303470804,0.13642689863242205
16.666666666666664,0.19448624389373625,stable_coexistence,0,4.1467995908432085e-05,30.0000151655255,0.13642698719581978
16.666666666666664,0.21544346900318845,stable_coexistence,0,1.567252922163417e-05,30.000001541747555,0.13642697596558087
16.666666666666664,0.2386589786858581,stable_coexistence,0,5.449933546059138e-06,29.999999128076144,0.1364269596737412
16.666666666666664,0.26437611857491,stable_coexistence,0,1.9072933524692975e-06,29.99999918227408,0.13642695070659538
16.666666666666664,0.29286445646252374,stable_coexistence,0,7.208377770256407e-07,29.999999507074005,0.136426946595832
16.666666666666664,0.324422607917163,stable_coexistence,0,3.705566718845366e-07,29.99999973155944,0.13642694477193232
16.666666666666664,0.35938136638046275,stable_coexistence,0,1.9454195522858763e-07,29.999999856875565,0.1364269439379351
16.666666666666664,0.3981071705534973,stable_coexistence,0,1.0458974457673312e-07,29.999999923632952,0.1364269435334343
16.666666666666664,0.44100594541767385,stable_coexistence,0,6.05541118512761e-08,29.999999959390227,0.13642694332331656
16.666666666666664,0.4885273571519389,stable_coexistence,0,4.414365078050885e-08,29.99999997899358,0.136426943206638
16.666666666666664,0.5411695265464638,stable_coexistence,0,3.43071596726849e-08,29.999999990024225,0.13642694313791692
16.666666666666664,0.5994842503189411,stable_coexistence,0,2.7814730788651457e-08,29.99999999636422,0.1364269430954202
16.666666666666664,0.6640827850634842,stable_coexistence,0,2.3190318287861358e-08,30.000000000052967,0.13642694306810152
16.666666666666664,0.7356422544596414,stable_coexistence,0,1.9706243509626617e-08,30.000000002199457,0.13642694305000383
16.666666666666664,0.8149127469020745,stable_coexistence,0,1.6976136879476076e-08,30.000000003427306,0.136426943037734
16.666666666666664,0.9027251779484579,stable_coexistence,0,1.4778693111706875e-08,30.000000004099025,0.13642694302926817
16.666666666666664,1.0,stable_coexistence,0,1.2977232679130917e-08,30.000000004431115,0.13642694302334912
16.666666666666664,1.1077568505097097,stable_coexistence,0,1.1481327412979839e-08,30.000000004555645,0.13642694301916974
16.666666666666664,1.2271252398511903,stable_coexistence,0,1.0227428028847008e-08,30.0000000045545,0.1364269430161983
16.666666666666664,1.3593563908785256,stable_coexistence,0,9.168772525029567e-09,30.000000004479265,0.13642694301407593
16.666666666666664,1.5058363542798414,stable_coexistence,0,8.269696748405246e-09,30.000000004361954,0.13642694301255803
16.666666666666664,1.6681005372000592,stable_coexistence,0,7.502338660368642e-09,30.00000000422332,0.13642694301147282
16.666666666666664,1.8478497974222907,stable_coexistence,0,6.844521511594201e-09,30.000000004076252,0.13642694301069958
16.666666666666664,2.046968271807522,stable_coexistence,0,6.278369349513595e-09,30.00000000392877,0.13642694301015282
16.666666666666664,2.267543125870802,stable_coexistence,0,5.789332508952682e-09,30.000000003785704,0.1364269430097706
16.666666666666664,2.5118864315095797,stable_coexistence,0,5.365478253633167e-09,30.00000000364986,0.13642694300950836
16.666666666666664,2.782559402207126,stable_coexistence,0,4.99696248764835e-09,30.000000003522715,0.1364269430093344
16.666666666666664,3.0823992397451434,stable_coexistence,0,4.6756161011670435e-09,30.000000003404946,0.13642694300922398
16.666666666666664,3.414548873833601,stable_coexistence,0,4.394629371035118e-09,30.00000000329655,0.13642694300915997
16.666666666666664,3.782489906389386,stable_coexistence,0,4.148301020765952e-09,30.000000003197382,0.13642694300912925
16.666666666666664,4.190079105786669,stable_coexistence,0,3.986524409754624e-09,30.000000003106933,0.13642694300912223
16.666666666666664,4.641588833612782,stable_coexistence,0,3.874979000121126e-09,30.00000000302475,0.13642694300913183
16.666666666666664,5.141751827683928,stable_coexistence,0,3.774442077252737e-09,30.000000002950202,0.13642694300915287
16.666666666666664,5.695810810737687,stable_coexistence,0,3.6838732160651542e-09,30.000000002882558,0.13642694300918165
16.666666666666664,6.309573444801936,stable_coexistence,0,3.6023003494772487e-09,30.000000002821476,0.1364269430092148
16.666666666666664,6.989473207273487,stable_coexistence,0,3.5288557784305803e-09,30.00000000276626,0.13642694300925073
16.666666666666664,7.742636826811269,stable_coexistence,0,3.4627220551369157e-09,30.000000002716387,0.13642694300928793
16.666666666666664,8.576958985908945,stable_coexistence,0,3.4031755206159763e-09,30.000000002671346,0.13642694300932495
16.666666666666664,9.50118507318144,stable_coexistence,0,3.3495576187476547e-09,30.00000000263069,0.1364269430093612
16.666666666666664,10.525002852777327,stable_coexistence,0,3.301262689485739e-09,30.00000000259397,0.13642694300939637
16.666666666666664,11.659144011798324,stable_coexistence,0,3.2577456998225757e-09,30.000000002560828,0.13642694300942998
16.666666666666664,12.91549665014884,stable_coexistence,0,3.218482978626495e-09,30.000000002530882,0.13642694300946226
16.666666666666664,14.307229891937586,stable_coexistence,0,3.1827463910955315e-09,30.000000002503548,0.13642694300949385
16.666666666666664,15.848931924611142,stable_coexistence,0,3.1387649332132032e-09,30.000000002469466,0.13642694300957317
16.666666666666664,17.556762912750013,stable_coexistence,0,3.110137374568801e-09,30.00000000244752,0.13642694300959926
16.666666666666664,19.448624389373634,stable_coexistence,0,3.0843336524852263e-09,30.00000000242776,0.13642694300962335
16.666666666666664,21.544346900318846,stable_coexistence,0,3.0608541025104877e-09,30.000000002409774,0.1364269430096466
16.666666666666664,23.865897868585808,stable_coexistence,0,3.03656564949763e-09,30.00000000239103,0.13642694300968145
16.666666666666664,26.437611857491014,stable_coexistence,0,2.9359947510671252e-09,30.000000002311268,0.13642694301005048
16.666666666666664,29.286445646252375,stable_coexistence,0,5.210300256594407e-07,29.97837169044757,1.815992955806605
16.666666666666664,32.4422607917163,stable_coexistence,0,5.3287373537849333e-05,29.878225740870977,4.921304602438107
16.666666666666664,35.938136638046295,stable_coexistence,0,5.44267116252619e-05,29.878182761607576,4.913704742952059
16.666666666666664,39.810717055349734,stable_coexistence,0,5.5309075264689624e-05,29.878143797863608,4.906815786829758
16.666666666666664,44.100594541767364,stable_coexistence,0,5.597667368472241e-05,29.87810849501551,4.900573598108151
16.666666666666664,48.852735715193916,stable_coexistence,0,5.64672506317036e-05,29.878076525207568,4.894919410146733
16.666666666666664,54.116952654646376,stable_coexistence,0,5.681319728597786e-05,29.87804758635378,4.889799449538652
16.666666666666664,59.948425031894146,stable_coexistence,0,5.704251648058479e-05,29.878021400919952,4.885164573149989
16.666666666666664,66.40827850634845,stable_coexistence,0,5.7179176394680833e-05,29.87799771457142,4.880969920485386
16.666666666666664,73.56422544596414,stable_coexistence,0,5.7242937986099374e-05,29.877976294738286,4.877174582928469
16.666666666666664,81.49127469020749,stable_coexistence,0,5.725028021947877e-05,29.87795692914985,4.873741290841177
16.666666666666664,90.27251779484578,stable_coexistence,0,5.7214990386842616e-05,29.877939424371924,4.870636119050805
16.666666666666664,100.0,stable_coexistence,0,5.714794367011076e-05,29.87792360437542,4.867828210870333
16.88888888888889,0.01,predator_extinct,2,1.569353041409029,55.110580933990654,4.6317038295249206e-26
16.88888888888889,0.011077568505097092,predator_extinct,2,1.3456605636624481,64.0444106926341,8.298383753429578e-22
16.88888888888889,0.012271252398511897,predator_extinct,2,1.1449021463989861,72.22547382080836,6.189559772998449e-18
16.88888888888889,0.013593563908785255,predator_extinct,2,30.150910174718657,79.43649034088962,2.0146842462477473e-14
16.88888888888889,0.015058363542798407,predator_extinct,2,31.693778111148834,85.55002726874096,3.047195996516386e-11
16.88888888888889,0.016681005372000592,predator_extinct,2,31.710794017874594,90.48470538005468,2.2901468351713654e-08
16.88888888888889,0.018478497974222907,low_density_risk,4,31.707537065525564,94.20543386625782,9.127559558465324e-06
16.88888888888889,0.02046968271807521,low_density_risk,4,29.925546999963228,96.12962020642162,0.0019337104825233229
16.88888888888889,0.02267543125870802,low_density_risk,4,8.676164024853112,89.05483265000784,0.035673759023452115
16.88888888888889,0.025118864315095794,low_density_risk,4,5.872585499302042,79.46232253624794,0.049337330520649265
16.88888888888889,0.027825594022071243,low_density_risk,4,4.277278063799145,71.49728629528812,0.06356867018555645
16.88888888888889,0.030823992397451434,low_density_risk,4,3.215946665398851,63.437263312351924,0.07955086415599325
16.88888888888889,0.034145488738336005,low_density_risk,4,2.631207690783292,56.18253426345695,0.09173474338566148
16.88888888888889,0.037824899063893865,low_density_risk,4,2.2024283249073733,49.57301756820471,0.10369198372609105
16.88888888888889,0.04190079105786669,oscillatory_coexistence,1,1.8943219011725896,43.53818907498492,0.11432076028051363
16.88888888888889,0.046415888336127795,oscillatory_coexistence,1,1.9404788844568392,38.11303881687938,0.1238864940497442
16.88888888888889,0.051417518276839276,oscillatory_coexistence,1,1.9127686773717127,33.47905947089882,0.13213251725475375
16.88888888888889,0.056958108107376865,oscillatory_coexistence,1,1.0583675667114825,30.579043435589828,0.13708175682310486
16.88888888888889,0.06309573444801933,oscillatory_coexistence,1,0.44407337687280646,29.806788293030433,0.13627170860584442
16.88888888888889,0.06989473207273486,oscillatory_coexistence,1,0.23298701188362575,29.904292522173286,0.1343038619027691
16.88888888888889,0.0774263682681127,oscillatory_coexistence,1,0.08698723332611592,30.039795933470288,0.1342219478517281
16.88888888888889,0.08576958985908942,oscillatory_coexistence,1,0.06022331246218043,30.038932706989073,0.13461735967811417
16.88888888888889,0.0950118507318144,oscillatory_coexistence,1,0.023247872044905634,30.004745728320863,0.1347444476741189
16.88888888888889,0.10525002852777332,oscillatory_coexistence,1,0.00880319542253371,29.994531230469875,0.13471090147475212
16.88888888888889,0.11659144011798317,oscillatory_coexistence,1,0.0046469813442007405,29.997091511805706,0.13467878155850516
16.88888888888889,0.1291549665014884,oscillatory_coexistence,1,0.0017609422258320032,29.999632859272637,0.1346722489082043
16.88888888888889,0.14307229891937578,stable_coexistence,0,0.0004814471856454657,30.0002569886711,0.13467408285298796
16.88888888888889,0.15848931924611134,stable_coexistence,0,0.00025985024540449214,30.000180440128705,0.134675706929934
16.88888888888889,0.17556762912750015,stable_coexistence,0,9.964040682872444e-05,30.00006519092146,0.13467625054360355
16.88888888888889,0.19448624389373625,stable_coexistence,0,4.1602312184272654e-05,30.0000156056805,0.13467634206537035
16.88888888888889,0.21544346900318845,stable_coexistence,0,1.5798100239998776e-05,30.0000017109525,0.13467633218285627
16.88888888888889,0.2386589786858581,stable_coexistence,0,5.5139938051024846e-06,29.999999189319507,0.13467631639104652
16.88888888888889,0.26437611857491,stable_coexistence,0,1.9362625664729493e-06,29.99999920531535,0.1346763075988935
16.88888888888889,0.29286445646252374,stable_coexistence,0,7.340466787140688e-07,29.999999516652064,0.13467630355031196
16.88888888888889,0.324422607917163,stable_coexistence,0,3.6647574567438196e-07,29.999999736096548,0.13467630174994719
16.88888888888889,0.35938136638046275,stable_coexistence,0,1.9223097176770476e-07,29.999999859331634,0.13467630092574873
16.88888888888889,0.3981071705534973,stable_coexistence,0,1.0325703511274677e-07,29.99999992512612,0.1346763005258061
16.88888888888889,0.44100594541767385,stable_coexistence,0,6.182501239131103e-08,29.999999960383807,0.13467630031806652
16.88888888888889,0.4885273571519389,stable_coexistence,0,4.4993478721396916e-08,29.999999979699396,0.13467630020276214
16.88888888888889,0.5411695265464638,stable_coexistence,0,3.4897896494692764e-08,29.99999999054902,0.1346763001349062
16.88888888888889,0.5994842503189411,stable_coexistence,0,2.8235540841793093e-08,29.999999996766995,0.13467630009299136
16.88888888888889,0.6640827850634842,stable_coexistence,0,2.3494126821499075e-08,30.00000000036904,0.13467630006608475
16.88888888888889,0.7356422544596414,stable_coexistence,0,1.992670905156167e-08,30.000000002451443,0.13467630004828882
16.88888888888889,0.8149127469020745,stable_coexistence,0,1.7135743015057e-08,30.000000003630586,0.13467630003624775
16.88888888888889,0.9027251779484579,stable_coexistence,0,1.4893003569005105e-08,30.000000004264578,0.13467630002795855
16.88888888888889,1.0,stable_coexistence,0,1.305737491265013e-08,30.00000000456695,0.1346763000221779
16.88888888888889,1.1077568505097097,stable_coexistence,0,1.1535402557290808e-08,30.000000004667747,0.13467630001810854
16.88888888888889,1.2271252398511903,stable_coexistence,0,1.0261423827578686e-08,30.00000000464751,0.13467630001522501
16.88888888888889,1.3593563908785256,stable_coexistence,0,9.187167055346453e-09,30.00000000455674,0.1346763000131746
16.88888888888889,1.5058363542798414,stable_coexistence,0,8.275886404581478e-09,30.00000000442671,0.1346763000117143
16.88888888888889,1.6681005372000592,stable_coexistence,0,7.498911831164777e-09,30.000000004277588,0.13467630001067674
16.88888888888889,1.8478497974222907,stable_coexistence,0,6.8334675982451025e-09,30.000000004121823,0.13467630000994316
16.88888888888889,2.046968271807522,stable_coexistence,0,6.261231887687835e-09,30.000000003967077,0.13467630000942932
16.88888888888889,2.267543125870802,stable_coexistence,0,5.767315631739007e-09,30.00000000381791,0.13467630000907488
16.88888888888889,2.5118864315095797,stable_coexistence,0,5.339527693412287e-09,30.00000000367693,0.13467630000883615
16.88888888888889,2.782559402207126,stable_coexistence,0,4.967822419511754e-09,30.000000003545424,0.13467630000868144
16.88888888888889,3.0823992397451434,stable_coexistence,0,4.643876630856466e-09,30.000000003423896,0.13467630000858766
16.88888888888889,3.414548873833601,stable_coexistence,0,4.360761825231692e-09,30.000000003312365,0.1346763000085376
16.88888888888889,3.782489906389386,stable_coexistence,0,4.123464531322202e-09,30.00000000321045,0.13467630000851888
16.88888888888889,4.190079105786669,stable_coexistence,0,3.997110747158603e-09,30.00000000311765,0.13467630000852224
16.88888888888889,4.641588833612782,stable_coexistence,0,3.883233713155245e-09,30.000000003033435,0.13467630000854078
16.88888888888889,5.141751827683928,stable_coexistence,0,3.780667366338905e-09,30.000000002957083,0.13467630000856973
16.88888888888889,5.695810810737687,stable_coexistence,0,3.6883237522317137e-09,30.000000002887926,0.1346763000086049
16.88888888888889,6.309573444801936,stable_coexistence,0,3.6052043598570507e-09,30.000000002825487,0.1346763000086441
16.88888888888889,6.989473207273487,stable_coexistence,0,3.530394763373167e-09,30.000000002769102,0.13467630000868525
16.88888888888889,7.742636826811269,stable_coexistence,0,3.463064415982157e-09,30.00000000271818,0.13467630000872668
16.88888888888889,8.576958985908945,stable_coexistence,0,3.4024637646557162e-09,30.00000000267221,0.1346763000087677
16.88888888888889,9.50118507318144,stable_coexistence,0,3.3479069384897463e-09,30.000000002630735,0.1346763000088077
16.88888888888889,10.525002852777327,stable_coexistence,0,3.2987909151689305e-09,30.000000002593325,0.13467630000884587
16.88888888888889,11.659144011798324,stable_coexistence,0,3.25454317384843e-09,30.000000002559542,0.13467630000888214
16.88888888888889,12.91549665014884,stable_coexistence,0,3.214633854523894e-09,30.000000002529017,0.13467630000891656
16.88888888888889,14.307229891937586,stable_coexistence,0,3.178332364540526e-09,30.00000000250119,0.13467630000895023
16.88888888888889,15.848931924611142,stable_coexistence,0,3.1340512364743317e-09,30.00000000246683,0.13467630000903075
16.88888888888889,17.556762912750013,stable_coexistence,0,3.104971175721879e-09,30.000000002444548,0.13467630000905847
16.88888888888889,19.448624389373634,stable_coexistence,0,3.0787650541995788e-09,30.000000002424443,0.13467630000908415
16.88888888888889,21.544346900318846,stable_coexistence,0,3.05493000982627e-09,30.000000002406143,0.1346763000091088
16.88888888888889,23.865897868585808,stable_coexistence,0,3.0304204295545405e-09,30.000000002387214,0.1346763000091446
16.88888888888889,26.437611857491014,stable_coexistence,0,2.9311311359906135e-09,30.000000002308465,0.1346763000095088
16.88888888888889,29.286445646252375,stable_coexistence,0,8.850232591006523e-07,29.978540702850168,1.808121082537332
16.88888888888889,32.4422607917163,stable_coexistence,0,5.345103121007256e-05,29.878219938701218,4.920278525686765
16.88888888888889,35.938136638046295,stable_coexistence,0,5.4554583612120856e-05,29.878177500092185,4.912774488172559
16.88888888888889,39.810717055349734,stable_coexistence,0,5.5406856690295056e-05,29.8781390295696,4.905972737086957
16.88888888888889,44.100594541767364,stable_coexistence,0,5.604950398536221e-05,29.87810417602125,4.8998098529833625
16.88888888888889,48.852735715193916,stable_coexistence,0,5.6519643076863386e-05,29.878072614987357,4.894227736418215
16.88888888888889,54.116952654646376,stable_coexistence,0,5.684901712037206e-05,29.878044047632272,4.889173233411161
16.88888888888889,59.948425031894146,stable_coexistence,0,5.7065116677601625e-05,29.878018199503618,4.8845977743588875
16.88888888888889,66.40827850634845,stable_coexistence,0,5.719129141251988e-05,29.877994819162296,4.880457028510701
16.88888888888889,73.56422544596414,stable_coexistence,0,5.72468155527355e-05,29.877973676751438,4.876710575475238
16.88888888888889,81.49127469020749,stable_coexistence,0,5.7247997218761705e-05,29.877954562519665,4.873321594679314
16.88888888888889,90.27251779484578,stable_coexistence,0,5.720785913434722e-05,29.87793728536551,4.870256573251873
16.88888888888889,100.0,stable_coexistence,0,5.71374067008727e-05,29.877921671408664,4.867485032438177
17.11111111111111,0.01,predator_extinct,2,1.5770137683520489,54.884285511378906,2.998658343003999e-26
17.11111111111111,0.011077568505097092,predator_extinct,2,1.352188649956478,63.8408032854597,5.600402414464434e-22
17.11111111111111,0.012271252398511897,predator_extinct,2,1.1505371471600623,72.04906216319458,4.340707062152745e-18
17.11111111111111,0.013593563908785255,predator_extinct,2,29.622168872501845,79.28933648082786,1.4632700855292844e-14
17.11111111111111,0.015058363542798407,predator_extinct,2,31.693137001071868,85.43297256928926,2.2846149653035484e-11
17.11111111111111,0.016681005372000592,predator_extinct,2,31.710714222728654,90.39751713273974,1.7670229192155184e-08
17.11111111111111,0.018478497974222907,low_density_risk,4,31.70910709458672,94.14661787237206,7.2277629686460845e-06
17.11111111111111,0.02046968271807521,low_density_risk,4,30.22383544889452,96.19698560725506,0.0015834606903894878
17.11111111111111,0.02267543125870802,low_density_risk,4,8.984819156649348,89.46551502147746,0.03401481196470402
17.11111111111111,0.025118864315095794,low_density_risk,4,5.921417780369701,79.78761674073579,0.04831371070481169
17.11111111111111,0.027825594022071243,low_density_risk,4,4.324415072731828,71.79561634928653,0.06208203440803353
17.11111111111111,0.030823992397451434,low_density_risk,4,3.2367504920402137,63.71480699028353,0.07804035796810753
17.11111111111111,0.034145488738336005,low_density_risk,4,2.6444948596874793,56.423545210872135,0.09011849066143657
17.11111111111111,0.037824899063893865,low_density_risk,4,2.211394033653477,49.789764054192425,0.10196354553654756
17.11111111111111,0.04190079105786669,oscillatory_coexistence,1,1.9004948017356769,43.729506771066696,0.11251183664101841
17.11111111111111,0.046415888336127795,oscillatory_coexistence,1,1.934416260372991,38.27943822730016,0.12200010177416505
17.11111111111111,0.051417518276839276,oscillatory_coexistence,1,1.9235024815932031,33.6062735498311,0.13021105687428183
17.11111111111111,0.056958108107376865,oscillatory_coexistence,1,1.0918566701536303,30.6328426771498,0.13526326299178273
17.11111111111111,0.06309573444801933,oscillatory_coexistence,1,0.4437132151709478,29.811656910729962,0.13461652114218006
17.11111111111111,0.06989473207273486,oscillatory_coexistence,1,0.24114036221091134,29.899059982395574,0.1326327869183824
17.11111111111111,0.0774263682681127,oscillatory_coexistence,1,0.08691087503635588,30.037765584523353,0.1325137625994717
17.11111111111111,0.08576958985908942,oscillatory_coexistence,1,0.06099901517065425,30.03960427116485,0.13290458942386799
17.11111111111111,0.0950118507318144,oscillatory_coexistence,1,0.023552113770283194,30.00530791612015,0.1330363963440741
17.11111111111111,0.10525002852777332,oscillatory_coexistence,1,0.008784439244368072,29.99460540973713,0.1330049744390171
17.11111111111111,0.11659144011798317,oscillatory_coexistence,1,0.004710190406238791,29.997038824266586,0.13297287953108192
17.11111111111111,0.1291549665014884,oscillatory_coexistence,1,0.001778583647156736,29.99960299011243,0.13296609366609155
17.11111111111111,0.14307229891937578,stable_coexistence,0,0.0004931681679872629,30.00025064656646,0.13296782703209292
17.11111111111111,0.15848931924611134,stable_coexistence,0,0.0002601562662678445,30.000180826006712,0.13296943497514366
17.11111111111111,0.17556762912750015,stable_coexistence,0,0.00010060908737664113,30.00006605467631,0.1329699811183241
17.11111111111111,0.19448624389373625,stable_coexistence,0,4.172842221784759e-05,30.000016038283672,0.1329700754799225
17.11111111111111,0.21544346900318845,stable_coexistence,0,1.5920278083347328e-05,30.00000187783509,0.132970066904976
17.11111111111111,0.2386589786858581,stable_coexistence,0,5.576716294743129e-06,29.999999249832342,0.13297005160091796
17.11111111111111,0.26437611857491,stable_coexistence,0,1.9647028653303824e-06,29.999999228109377,0.13297004298013623
17.11111111111111,0.29286445646252374,stable_coexistence,0,7.47034346990974e-07,29.999999526134797,0.13297003899268517
17.11111111111111,0.324422607917163,stable_coexistence,0,3.6253503790061277e-07,29.9999997405895,0.13297003721556194
17.11111111111111,0.35938136638046275,stable_coexistence,0,1.9000120863978677e-07,29.999999861762852,0.1329700364010252
17.11111111111111,0.3981071705534973,stable_coexistence,0,1.0197190762480998e-07,29.9999999266028,0.13297003600560017
17.11111111111111,0.44100594541767385,stable_coexistence,0,6.307389309345427e-08,29.999999961365095,0.13297003580021569
17.11111111111111,0.4885273571519389,stable_coexistence,0,4.582725715978162e-08,29.999999980395472,0.13297003568627114
17.11111111111111,0.5411695265464638,stable_coexistence,0,3.547635063810781e-08,29.99999999106584,0.13297003561929538
17.11111111111111,0.5994842503189411,stable_coexistence,0,2.864660059066129e-08,29.999999997163005,0.13297003557795434
17.11111111111111,0.6640827850634842,stable_coexistence,0,2.3790091792298948e-08,30.00000000067926,0.13297003555142672
17.11111111111111,0.7356422544596414,stable_coexistence,0,2.0140794630272606e-08,30.000000002698368,0.13297003553392936
17.11111111111111,0.8149127469020745,stable_coexistence,0,1.729008722640929e-08,30.00000000382948,0.1329700355221124
17.11111111111111,0.9027251779484579,stable_coexistence,0,1.5002972728612927e-08,30.000000004426298,0.13297003551399558
17.11111111111111,1.0,stable_coexistence,0,1.3133918839333007e-08,30.00000000469935,0.1329700355083497
17.11111111111111,1.1077568505097097,stable_coexistence,0,1.1586482763971801e-08,30.0000000047768,0.13297003550438696
17.11111111111111,1.2271252398511903,stable_coexistence,0,1.0292920292238446e-08,30.000000004737796,0.13297003550158865
17.11111111111111,1.3593563908785256,stable_coexistence,0,9.203471642630862e-09,30.000000004631787,0.13297003549960731
17.11111111111111,1.5058363542798414,stable_coexistence,0,8.28032623084795e-09,30.000000004489273,0.1329700354982034
17.11111111111111,1.6681005372000592,stable_coexistence,0,7.494016428550605e-09,30.00000000432988,0.13297003549721131
17.11111111111111,1.8478497974222907,stable_coexistence,0,6.821183261725862e-09,30.00000000416559,0.13297003549651562
17.11111111111111,2.046968271807522,stable_coexistence,0,6.243063309929223e-09,30.000000004003734,0.13297003549603345
17.11111111111111,2.267543125870802,stable_coexistence,0,5.744435326678039e-09,30.000000003848616,0.13297003549573164
17.11111111111111,2.5118864315095797,stable_coexistence,0,5.312854155958158e-09,30.000000003702578,0.13297003549551525
17.11111111111111,2.782559402207126,stable_coexistence,0,4.938079929559356e-09,30.000000003566807,0.13297003549537936
17.11111111111111,3.0823992397451434,stable_coexistence,0,4.6116388332408245e-09,30.000000003441645,0.13297003549530148
17.11111111111111,3.414548873833601,stable_coexistence,0,4.326485598931664e-09,30.00000000332702,0.13297003549526504
17.11111111111111,3.782489906389386,stable_coexistence,0,4.135550648525718e-09,30.00000000322239,0.1329700354952579
17.11111111111111,4.190079105786669,stable_coexistence,0,4.006570020016967e-09,30.00000000312735,0.1329700354952713
17.11111111111111,4.641588833612782,stable_coexistence,0,3.890420992954464e-09,30.000000003041148,0.13297003549529862
17.11111111111111,5.141751827683928,stable_coexistence,0,3.785879959450687e-09,30.000000002963038,0.13297003549533482
17.11111111111111,5.695810810737687,stable_coexistence,0,3.6918093106712227e-09,30.00000000289242,0.13297003549537675
17.11111111111111,6.309573444801936,stable_coexistence,0,3.607177266713583e-09,30.00000000282867,0.1329700354954215
17.11111111111111,6.989473207273487,stable_coexistence,0,3.5310411777619004e-09,30.000000002771134,0.1329700354954676
17.11111111111111,7.742636826811269,stable_coexistence,0,3.4625439755823525e-09,30.000000002719187,0.13297003549551362
17.11111111111111,8.576958985908945,stable_coexistence,0,3.4009137560520206e-09,30.000000002672337,0.13297003549555833
17.11111111111111,9.50118507318144,stable_coexistence,0,3.345451881231616e-09,30.000000002630067,0.1329700354956015
17.11111111111111,10.525002852777327,stable_coexistence,0,3.2955311007454163e-09,30.00000000259197,0.13297003549564262
17.11111111111111,11.659144011798324,stable_coexistence,0,3.2505759306380487e-09,30.000000002557563,0.1329700354956817
17.11111111111111,12.91549665014884,stable_coexistence,0,3.210035935222059e-09,30.000000002526487,0.13297003549571856
17.11111111111111,14.307229891937586,stable_coexistence,0,3.1731859671418762e-09,30.000000002498187,0.1329700354957282
17.11111111111111,15.848931924611142,stable_coexistence,0,3.128618001508444e-09,30.000000002463622,0.13297003549580955
17.11111111111111,17.556762912750013,stable_coexistence,0,3.0990977828266976e-09,30.00000000244095,0.13297003549583897
17.11111111111111,19.448624389373634,stable_coexistence,0,3.0724992358618344e-09,30.00000000242052,0.13297003549586595
17.11111111111111,21.544346900318846,stable_coexistence,0,3.048322438933336e-09,30.000000002401904,0.13297003549589173
17.11111111111111,23.865897868585808,stable_coexistence,0,3.02359958976404e-09,30.000000002382794,0.13297003549592817
17.11111111111111,26.437611857491014,stable_coexistence,0,2.925586761079437e-09,30.00000000230504,0.13297003549628758
17.11111111111111,29.286445646252375,stable_coexistence,0,1.3254357320871746e-06,29.97870684926858,1.800395241827266
17.11111111111111,32.4422607917163,stable_coexistence,0,5.360762243743919e-05,29.878214283734962,4.919278524522812
17.11111111111111,35.938136638046295,stable_coexistence,0,5.4676615151113096e-05,29.878172372497286,4.911867921512956
17.11111111111111,39.810717055349734,stable_coexistence,0,5.5499912142344375e-05,29.878134382982978,4.905151194336869
17.11111111111111,44.100594541767364,stable_coexistence,0,5.611855903254619e-05,29.878099967532542,4.899065624367705
17.11111111111111,48.852735715193916,stable_coexistence,0,5.6569039740616397e-05,29.8780688050223,4.893553764481432
17.11111111111111,54.116952654646376,stable_coexistence,0,5.6882491519951654e-05,29.878040599803768,4.888563066093167
17.11111111111111,59.948425031894146,stable_coexistence,0,5.708593048948652e-05,29.878015080442403,4.884045519955769
17.11111111111111,66.40827850634845,stable_coexistence,0,5.720202042276264e-05,29.8779919983355,4.879957312741523
17.11111111111111,73.56422544596414,stable_coexistence,0,5.724981915592615e-05,29.877971126278805,4.876258500800887
17.11111111111111,81.49127469020749,stable_coexistence,0,5.7244977443121826e-05,29.87795225698041,4.872912701956778
17.11111111111111,90.27251779484578,stable_coexistence,0,5.720051146914344e-05,29.877935201619625,4.86988680575682
17.11111111111111,100.0,stable_coexistence,0,5.7126832639811125e-05,29.87791978841584,4.867150702246252
17.333333333333332,0.01,predator_extinct,2,1.5845997025124168,54.66074125977956,1.951755930598569e-26
17.333333333333332,0.011077568505097092,predator_extinct,2,1.35865204865824,63.63949266305532,3.797762129027749e-22
17.333333333333332,0.012271252398511897,predator_extinct,2,1.1561126646332753,71.87450148485082,3.057300932153998e-18
17.333333333333332,0.013593563908785255,predator_extinct,2,28.933747506369496,79.14359561005229,1.0669236613903799e-14
17.333333333333332,0.015058363542798407,predator_extinct,2,31.69238651097895,85.31690549159072,1.7188958069345488e-11
17.333333333333332,0.016681005372000592,predator_extinct,2,31.71063339102206,90.31093450305379,1.3677096942047392e-08
17.333333333333332,0.018478497974222907,low_density_risk,4,31.710348754879618,94.08798727418521,5.73964904780285e-06
17.333333333333332,0.02046968271807521,low_density_risk,4,30.47264534160118,96.2485417059065,0.0012976317526911354
17.333333333333332,0.02267543125870802,low_density_risk,4,9.334615545397979,89.86886731662923,0.03233341986016259
17.333333333333332,0.025118864315095794,low_density_risk,4,5.9698563901955355,80.11126519592271,0.04732524590994434
17.333333333333332,0.027825594022071243,low_density_risk,4,4.3716157101471,72.08899772764529,0.06064613269704568
17.333333333333332,0.030823992397451434,low_density_risk,4,3.257701529479954,63.98924620701639,0.07657042870376612
17.333333333333332,0.034145488738336005,low_density_risk,4,2.6577151706329936,56.661585281155375,0.08854946599648085
17.333333333333332,0.037824899063893865,low_density_risk,4,2.220323993096869,50.00382624023095,0.10028306486579992
17.333333333333332,0.04190079105786669,oscillatory_coexistence,1,1.9066233211945185,43.91852027532472,0.11075250481669696
17.333333333333332,0.046415888336127795,oscillatory_coexistence,1,1.9282982313939163,38.444005372092846,0.12016444183132115
17.333333333333332,0.051417518276839276,oscillatory_coexistence,1,1.933117605898845,33.73316195140776,0.12833849331051186
17.333333333333332,0.056958108107376865,oscillatory_coexistence,1,1.1249041452825572,30.687983776432993,0.13348491732065007
17.333333333333332,0.06309573444801933,oscillatory_coexistence,1,0.4433637584551597,29.81718334229199,0.13300014488107062
17.333333333333332,0.06989473207273486,oscillatory_coexistence,1,0.24915503911511122,29.893944902558932,0.13100472265809743
17.333333333333332,0.0774263682681127,oscillatory_coexistence,1,0.08844544800376519,30.035661486886337,0.13084887651429863
17.333333333333332,0.08576958985908942,oscillatory_coexistence,1,0.06172890461140837,30.0402362847957,0.13123467886464746
17.333333333333332,0.0950118507318144,oscillatory_coexistence,1,0.023841512284741143,30.005871026838175,0.13137102346525723
17.333333333333332,0.10525002852777332,oscillatory_coexistence,1,0.008766110811706777,29.994684717858856,0.13134172751416245
17.333333333333332,0.11659144011798317,oscillatory_coexistence,1,0.004771346969589065,29.996987843480625,0.13130968024432058
17.333333333333332,0.1291549665014884,oscillatory_coexistence,1,0.0017955477799497463,29.999573255014635,0.13130264947721998
17.333333333333332,0.14307229891937578,stable_coexistence,0,0.0005047896246585652,30.000244198601436,0.13130428340319586
17.333333333333332,0.15848931924611134,stable_coexistence,0,0.00026038995121344295,30.000181149527425,0.13130587490495266
17.333333333333332,0.17556762912750015,stable_coexistence,0,0.000101552422220356,30.000066895388542,0.13130642331103592
17.333333333333332,0.19448624389373625,stable_coexistence,0,4.1846720390078054e-05,30.00001646351809,0.13130652039876484
17.333333333333332,0.21544346900318845,stable_coexistence,0,1.6039182665647318e-05,30.00000204244242,0.1313065130925816
17.333333333333332,0.2386589786858581,stable_coexistence,0,5.638143657504464e-06,29.99999930962535,0.1313064982642907
17.333333333333332,0.26437611857491,stable_coexistence,0,1.992629162625228e-06,29.999999250658142,0.13130648981140142
17.333333333333332,0.29286445646252374,stable_coexistence,0,7.598061886132953e-07,29.999999535522296,0.1313064858840385
17.333333333333332,0.324422607917163,stable_coexistence,0,3.5872777957659637e-07,29.999999745038263,0.1313064841297808
17.333333333333332,0.35938136638046275,stable_coexistence,0,1.8784978519937887e-07,29.99999986416916,0.13130648332484757
17.333333333333332,0.3981071705534973,stable_coexistence,0,1.007319652507134e-07,29.999999928062973,0.1313064829338937
17.333333333333332,0.44100594541767385,stable_coexistence,0,6.430108341269144e-08,29.999999962334236,0.13130648273084283
17.333333333333332,0.4885273571519389,stable_coexistence,0,4.664518978458235e-08,29.99999998108197,0.13130648261824174
17.333333333333332,0.5411695265464638,stable_coexistence,0,3.60427558714912e-08,29.999999991574743,0.13130648255208377
17.333333333333332,0.5994842503189411,stable_coexistence,0,2.9048141790612256e-08,29.99999999755238,0.13130648251130847
17.333333333333332,0.6640827850634842,stable_coexistence,0,2.4078467811408223e-08,30.000000000983803,0.13130648248520577
17.333333333333332,0.7356422544596414,stable_coexistence,0,2.034870227674411e-08,30.000000002940364,0.13130648246799936
17.333333333333332,0.8149127469020745,stable_coexistence,0,1.743938220265861e-08,30.000000004024077,0.13130648245640217
17.333333333333332,0.9027251779484579,stable_coexistence,0,1.510878166050424e-08,30.00000000458421,0.13130648244845403
17.333333333333332,1.0,stable_coexistence,0,1.32070338051982e-08,30.0000000048285,0.13130648244293996
17.333333333333332,1.1077568505097097,stable_coexistence,0,1.1634716418030777e-08,30.000000004882924,0.1313064824390814
17.333333333333332,1.2271252398511903,stable_coexistence,0,1.0322048281113424e-08,30.00000000482549,0.1313064824363669
17.333333333333332,1.3593563908785256,stable_coexistence,0,9.217804473824487e-09,30.00000000470448,0.13130648243445206
17.333333333333332,1.5058363542798414,stable_coexistence,0,8.28311913747753e-09,30.000000004549744,0.13130648243310292
17.333333333333332,1.6681005372000592,stable_coexistence,0,7.487744823081747e-09,30.000000004380265,0.13130648243215612
17.333333333333332,1.8478497974222907,stable_coexistence,0,6.8077504512986425e-09,30.000000004207628,0.13130648243149728
17.333333333333332,2.046968271807522,stable_coexistence,0,6.223938104801201e-09,30.00000000403881,0.1313064824310454
17.333333333333332,2.267543125870802,stable_coexistence,0,5.72075791109177e-09,30.000000003877837,0.13130648243074242
17.333333333333332,2.5118864315095797,stable_coexistence,0,5.285521234845604e-09,30.000000003726907,0.13130648243054693
17.333333333333332,2.782559402207126,stable_coexistence,0,4.907793637566828e-09,30.00000000358699,0.13130648243042914
17.333333333333332,3.0823992397451434,stable_coexistence,0,4.578958841196222e-09,30.00000000345827,0.1313064824303667
17.333333333333332,3.414548873833601,stable_coexistence,0,4.292578911920418e-09,30.000000003340613,0.13130648243034324
17.333333333333332,3.782489906389386,stable_coexistence,0,4.146510410398946e-09,30.00000000323338,0.13130648243034737
17.333333333333332,4.190079105786669,stable_coexistence,0,4.014972176023698e-09,30.00000000313611,0.13130648243037032
17.333333333333332,4.641588833612782,stable_coexistence,0,3.89660545759882e-09,30.00000000304796,0.13130648243040563
17.333333333333332,5.141751827683928,stable_coexistence,0,3.790128446279851e-09,30.000000002968118,0.13130648243044915
17.333333333333332,5.695810810737687,stable_coexistence,0,3.6943751695097094e-09,30.000000002896098,0.13130648243049714
17.333333333333332,6.309573444801936,stable_coexistence,0,3.608269914028193e-09,30.00000000283108,0.1313064824305476
17.333333333333332,6.989473207273487,stable_coexistence,0,3.5308456159395718e-09,30.000000002772406,0.13130648243059817
17.333333333333332,7.742636826811269,stable_coexistence,0,3.4612119423194685e-09,30.000000002719478,0.1313064824306482
17.333333333333332,8.576958985908945,stable_coexistence,0,3.3985819251058207e-09,30.000000002671765,0.1313064824306967
17.333333333333332,9.50118507318144,stable_coexistence,0,3.342238985805356e-09,30.00000000262872,0.13130648243074328
17.333333333333332,10.525002852777327,stable_coexistence,0,3.291535667213103e-09,30.000000002589932,0.13130648243078716
17.333333333333332,11.659144011798324,stable_coexistence,0,3.2458862351093278e-09,30.00000000255493,0.13130648243082851
17.333333333333332,12.91549665014884,stable_coexistence,0,3.204736028147017e-09,30.00000000252332,0.13130648243086743
17.333333333333332,14.307229891937586,stable_coexistence,0,3.1673555736475894e-09,30.000000002494616,0.13130648243090504
17.333333333333332,15.848931924611142,stable_coexistence,0,3.122512345192867e-09,30.000000002459803,0.13130648243098753
17.333333333333332,17.556762912750013,stable_coexistence,0,3.0925673966167397e-09,30.00000000243677,0.13130648243101845
17.333333333333332,19.448624389373634,stable_coexistence,0,3.065587053753991e-09,30.000000002415995,0.13130648243104687
17.333333333333332,21.544346900318846,stable_coexistence,0,3.0410779554826757e-09,30.000000002397098,0.13130648243107396
17.333333333333332,23.865897868585808,stable_coexistence,0,3.016143560477075e-09,30.000000002377796,0.13130648243111134
17.333333333333332,26.437611857491014,stable_coexistence,0,2.919405463877833e-09,30.000000002301054,0.1313064824314659
17.333333333333332,29.286445646252375,stable_coexistence,0,1.8370934028829242e-06,29.978870220428128,1.7928109764511155
17.333333333333332,32.4422607917163,stable_coexistence,0,5.3757693358188166e-05,29.8782087704614,4.9183036171048835
17.333333333333332,35.938136638046295,stable_coexistence,0,5.479311649028155e-05,29.878167373789875,4.910984149306145
17.333333333333332,39.810717055349734,stable_coexistence,0,5.558849510400296e-05,29.87812985351394,4.904350345765208
17.333333333333332,44.100594541767364,stable_coexistence,0,5.61840426663672e-05,29.878095865371904,4.8983401734825
17.333333333333332,48.852735715193916,stable_coexistence,0,5.661560266379875e-05,29.87806509151389,4.892896823264622
17.333333333333332,54.116952654646376,stable_coexistence,0,5.691374687936665e-05,29.87803723941802,4.887968338359851
17.333333333333332,59.948425031894146,stable_coexistence,0,5.7105031330341516e-05,29.87801204060417,4.883507257149102
17.333333333333332,66.40827850634845,stable_coexistence,0,5.721145617766343e-05,29.87798924925018,4.879470271829411
17.333333333333332,73.56422544596414,stable_coexistence,0,5.725182997375354e-05,29.87796864074239,4.875817904408496
17.333333333333332,81.49127469020749,stable_coexistence,0,5.724137544600858e-05,29.877950010198155,4.872514200812106
17.333333333333332,90.27251779484578,stable_coexistence,0,5.71926203882806e-05,29.87793317102131,4.869526443473869
17.333333333333332,100.0,stable_coexistence,0,5.7115902240652216e-05,29.87791795348358,4.866824882433133
17.555555555555554,0.01,predator_extinct,2,1.5921123260980679,54.439886020742435,1.276970818903986e-26
17.555555555555554,0.011077568505097092,predator_extinct,2,1.3650521191228013,63.440428518738145,2.587431469198603e-22
17.555555555555554,0.012271252398511897,predator_extinct,2,1.1616301875721202,71.70175301986811,2.1624575397513556e-18
17.555555555555554,0.013593563908785255,predator_extinct,2,28.052379050703706,78.99924049830372,7.808950877099178e-15
17.555555555555554,0.015058363542798407,predator_extinct,2,31.691494170210955,85.20180937972673,1.2976965465918331e-11
17.555555555555554,0.016681005372000592,predator_extinct,2,31.71055170970882,90.22494916909227,1.0619041888437672e-08
17.555555555555554,0.018478497974222907,low_density_risk,4,31.71133260950129,94.02956586039275,4.570566139828497e-06
17.555555555555554,0.02046968271807521,low_density_risk,4,30.679765179759023,96.28645758753385,0.0010644770716459226
17.555555555555554,0.02267543125870802,low_density_risk,4,9.731593054399976,90.26453288085635,0.030633822168509663
17.555555555555554,0.025118864315095794,low_density_risk,4,6.018032932863988,80.4333794656395,0.04636919351187602
17.555555555555554,0.027825594022071243,low_density_risk,4,4.418810103201695,72.37755614301287,0.05925960677643037
17.555555555555554,0.030823992397451434,low_density_risk,4,3.2788153750494993,64.26063151080855,0.07513933062062278
17.555555555555554,0.034145488738336005,low_density_risk,4,2.670865370428547,56.896739248905796,0.0870257410053959
17.555555555555554,0.037824899063893865,low_density_risk,4,2.229226641033662,50.21526588269677,0.09864867224662907
17.555555555555554,0.04190079105786669,oscillatory_coexistence,1,1.912706748179008,44.10528401495481,0.10904081689572948
17.555555555555554,0.046415888336127795,oscillatory_coexistence,1,1.9221417862224843,38.60676779019409,0.11837757706132918
17.555555555555554,0.051417518276839276,oscillatory_coexistence,1,1.941688571062066,33.8596607402786,0.12651314142592424
17.555555555555554,0.056958108107376865,oscillatory_coexistence,1,1.157463193812581,30.7444171293639,0.1317455513857717
17.555555555555554,0.06309573444801933,oscillatory_coexistence,1,0.4430267493557052,29.82336735172249,0.13142102502558986
17.555555555555554,0.06989473207273486,oscillatory_coexistence,1,0.25701605317346754,29.888953062805992,0.1294180169626448
17.555555555555554,0.0774263682681127,oscillatory_coexistence,1,0.09095637883920625,30.033487549510284,0.12922568604456314
17.555555555555554,0.08576958985908942,oscillatory_coexistence,1,0.06241294077688344,30.040828700355714,0.12960604504553136
17.555555555555554,0.0950118507318144,oscillatory_coexistence,1,0.024116069247388787,30.006434598189134,0.12974674781015313
17.555555555555554,0.10525002852777332,oscillatory_coexistence,1,0.008748338364390068,29.99476900525681,0.1297195772713337
17.555555555555554,0.11659144011798317,oscillatory_coexistence,1,0.004830463627320286,29.99693855693231,0.12968759926297407
17.555555555555554,0.1291549665014884,oscillatory_coexistence,1,0.0018118463010774097,29.999543663025815,0.12968033172562946
17.555555555555554,0.14307229891937578,stable_coexistence,0,0.000516310248500493,30.000237650252227,0.12968186737216497
17.555555555555554,0.15848931924611134,stable_coexistence,0,0.0002605535862061436,30.000181412721524,0.12968344215473415
17.555555555555554,0.17556762912750015,stable_coexistence,0,0.00010247087593548605,30.000067713687923,0.12968399257063218
17.555555555555554,0.19448624389373625,stable_coexistence,0,4.195739565092133e-05,30.000016881561447,0.12968409227536265
17.555555555555554,0.21544346900318845,stable_coexistence,0,1.6154898265961652e-05,30.000002204821357,0.12968408620046112
17.555555555555554,0.2386589786858581,stable_coexistence,0,5.698316436728975e-06,29.999999368710046,0.12968407183633518
17.555555555555554,0.26437611857491,stable_coexistence,0,2.020055690648938e-06,29.99999927296398,0.12968406354785064
17.555555555555554,0.29286445646252374,stable_coexistence,0,7.723673887670403e-07,29.999999544814933,0.1296840596795427
17.555555555555554,0.324422607917163,stable_coexistence,0,3.550474907391421e-07,29.999999749442736,0.1296840579478512
17.555555555555554,0.35938136638046275,stable_coexistence,0,1.8577130546175959e-07,29.999999866550567,0.12968405715238285
17.555555555555554,0.3981071705534973,stable_coexistence,0,9.953576982032086e-08,29.999999929506792,0.12968405676585404
17.555555555555554,0.44100594541767385,stable_coexistence,0,6.550713401964689e-08,29.99999996329129,0.1296840565651101
17.555555555555554,0.4885273571519389,stable_coexistence,0,4.7448053811130406e-08,29.999999981759004,0.12968405645384004
17.555555555555554,0.5411695265464638,stable_coexistence,0,3.659749044042683e-08,29.999999992075942,0.12968405638851463
17.555555555555554,0.5994842503189411,stable_coexistence,0,2.9440591240983147e-08,29.99999999793524,0.12968405634829638
17.555555555555554,0.6640827850634842,stable_coexistence,0,2.435946010725398e-08,30.00000000128285,0.12968405632258603
17.555555555555554,0.7356422544596414,stable_coexistence,0,2.0550650482867537e-08,30.000000003177608,0.1296840563056659
17.555555555555554,0.8149127469020745,stable_coexistence,0,1.7583820619310174e-08,30.00000000421454,0.12968405629428395
17.555555555555554,0.9027251779484579,stable_coexistence,0,1.5210621500674943e-08,30.00000000473851,0.12968405628650104
17.555555555555554,1.0,stable_coexistence,0,1.3276869616339216e-08,30.00000000495439,0.1296840562811159
17.555555555555554,1.1077568505097097,stable_coexistence,0,1.1680238759435082e-08,30.000000004986248,0.1296840562773597
17.555555555555554,1.2271252398511903,stable_coexistence,0,1.0348929415435206e-08,30.00000000491066,0.12968405627472612
17.555555555555554,1.3593563908785256,stable_coexistence,0,9.230274143542076e-09,30.000000004774936,0.12968405627287624
17.555555555555554,1.5058363542798414,stable_coexistence,0,8.28436199512984e-09,30.00000000460818,0.1296840562715802
17.555555555555554,1.6681005372000592,stable_coexistence,0,7.48018476678604e-09,30.00000000442884,0.1296840562706767
17.555555555555554,1.8478497974222907,stable_coexistence,0,6.7932440107982565e-09,30.000000004248,0.12968405627005367
17.555555555555554,2.046968271807522,stable_coexistence,0,6.203921405387857e-09,30.000000004072376,0.1296840562696316
17.555555555555554,2.267543125870802,stable_coexistence,0,5.69634626801228e-09,30.00000000390571,0.12968405626935367
17.555555555555554,2.5118864315095797,stable_coexistence,0,5.2575862471886235e-09,30.000000003749975,0.12968405626917928
17.555555555555554,2.782559402207126,stable_coexistence,0,4.877020386953019e-09,30.000000003605976,0.12968405626907878
17.555555555555554,3.0823992397451434,stable_coexistence,0,4.5458837873907855e-09,30.000000003473794,0.12968405626903087
17.555555555555554,3.414548873833601,stable_coexistence,0,4.3053663834719616e-09,30.00000000335317,0.12968405626901996
17.555555555555554,3.782489906389386,stable_coexistence,0,4.156404420015425e-09,30.000000003243418,0.12968405626903468
17.555555555555554,4.190079105786669,stable_coexistence,0,4.022370670981086e-09,30.00000000314396,0.12968405626906673
17.555555555555554,4.641588833612782,stable_coexistence,0,3.901837592423657e-09,30.000000003053906,0.12968405626911014
17.555555555555554,5.141751827683928,stable_coexistence,0,3.793479302073062e-09,30.000000002972456,0.12968405626916024
17.555555555555554,5.695810810737687,stable_coexistence,0,3.6960833506863045e-09,30.000000002898997,0.1296840562692144
17.555555555555554,6.309573444801936,stable_coexistence,0,3.608543873260997e-09,30.000000002832746,0.1296840562692696
17.555555555555554,6.989473207273487,stable_coexistence,0,3.5298566664699707e-09,30.000000002772968,0.1296840562693249
17.555555555555554,7.742636826811269,stable_coexistence,0,3.459117476464707e-09,30.00000000271911,0.12968405626937898
17.555555555555554,8.576958985908945,stable_coexistence,0,3.3955130098429837e-09,30.000000002670525,0.1296840562694308
17.555555555555554,9.50118507318144,stable_coexistence,0,3.3383100183953034e-09,30.00000000262676,0.12968405626948018
17.555555555555554,10.525002852777327,stable_coexistence,0,3.286847380195477e-09,30.000000002587303,0.12968405626952675
17.555555555555554,11.659144011798324,stable_coexistence,0,3.2405268965436895e-09,30.000000002551698,0.12968405626957058
17.555555555555554,12.91549665014884,stable_coexistence,0,3.1987848266974357e-09,30.000000002519634,0.12968405626961166
17.555555555555554,14.307229891937586,stable_coexistence,0,3.1608827858572766e-09,30.000000002490474,0.12968405626965132
17.555555555555554,15.848931924611142,stable_coexistence,0,3.1157798880376078e-09,30.00000000245542,0.12968405626973462
17.555555555555554,17.556762912750013,stable_coexistence,0,3.0854185752084696e-09,30.000000002432028,0.12968405626976687
17.555555555555554,19.448624389373634,stable_coexistence,0,3.0580696583363716e-09,30.000000002410943,0.12968405626979657
17.555555555555554,21.544346900318846,stable_coexistence,0,3.0332351022247083e-09,30.000000002391776,0.12968405626982468
17.555555555555554,23.865897868585808,stable_coexistence,0,3.0081028379226987e-09,30.00000000237229,0.1296840562698624
17.555555555555554,26.437611857491014,stable_coexistence,0,2.912625188836529e-09,30.00000000229655,0.12968405627021237
17.555555555555554,29.286445646252375,stable_coexistence,0,2.5599488385340612e-06,29.97903090365329,1.7853640184374622
17.555555555555554,32.4422607917163,stable_coexistence,0,5.3901326088367406e-05,29.878203393638444,4.917352870289423
17.555555555555554,35.938136638046295,stable_coexistence,0,5.490450869559988e-05,29.87816249918465,4.910122322291732
17.555555555555554,39.810717055349734,stable_coexistence,0,5.567284184334919e-05,29.87812543680195,4.9035694190150325
17.555555555555554,44.100594541767364,stable_coexistence,0,5.624614451701547e-05,29.878091865568557,4.897632798378765
17.555555555555554,48.852735715193916,stable_coexistence,0,5.6659482334631356e-05,29.878061470851744,4.892256275198303
17.555555555555554,54.116952654646376,stable_coexistence,0,5.694294900723118e-05,29.878033963192976,4.8873884714403095
17.555555555555554,59.948425031894146,stable_coexistence,0,5.712250821931483e-05,29.878009077011683,4.882982460813041
17.555555555555554,66.40827850634845,stable_coexistence,0,5.721990627471952e-05,29.877986569206683,4.878995429543805
17.555555555555554,73.56422544596414,stable_coexistence,0,5.725312429942843e-05,29.87796621769579,4.875388354594701
17.555555555555554,81.49127469020749,stable_coexistence,0,5.723725847782249e-05,29.877947819956347,4.872125700057814
17.555555555555554,90.27251779484578,stable_coexistence,0,5.7184548499916615e-05,29.87793119156423,4.869175132054084
17.555555555555554,100.0,stable_coexistence,0,5.7104941311635796e-05,29.87791616479622,4.866507252122899
17.77777777777778,0.01,predator_extinct,2,1.599553077189263,54.221659751541864,8.397308012947914e-27
17.77777777777778,0.011077568505097092,predator_extinct,2,1.3713901651982714,63.243562220183435,1.7709002064576644e-22
17.77777777777778,0.012271252398511897,predator_extinct,2,1.1670911400109765,71.53077921645382,1.5358365456425922e-18
17.77777777777778,0.013593563908785255,predator_extinct,2,26.946581899827205,78.85624468663819,5.736713164920219e-15
17.77777777777778,0.015058363542798407,predator_extinct,2,31.690418445403324,85.08766799181183,9.829881585785269e-12
17.77777777777778,0.016681005372000592,predator_extinct,2,31.710469305852484,90.13955296186373,8.2695976628863e-09
17.77777777777778,0.018478497974222907,low_density_risk,4,31.712113477109376,93.97137144212742,3.649469637795083e-06
17.77777777777778,0.02046968271807521,low_density_risk,4,30.851951556314454,96.31270716497143,0.0008742812473198468
17.77777777777778,0.02267543125870802,low_density_risk,4,10.182690974248242,90.65214910970346,0.0289217943835315
17.77777777777778,0.025118864315095794,low_density_risk,4,6.066116126592199,80.75404720841803,0.045443001461974594
17.77777777777778,0.027825594022071243,low_density_risk,4,4.465943152132169,72.66142162119311,0.057921081797727925
17.77777777777778,0.030823992397451434,low_density_risk,4,3.300101365537882,64.52901014706457,0.07374542894954254
17.77777777777778,0.034145488738336005,low_density_risk,4,2.6839494943146693,57.129088817723215,0.08554548148375515
17.77777777777778,0.037824899063893865,low_density_risk,4,2.2380968478924803,50.424142692751154,0.09705859393633454
17.77777777777778,0.04190079105786669,oscillatory_coexistence,1,1.9187483126704925,44.289850586959275,0.10737492374987555
17.77777777777778,0.046415888336127795,oscillatory_coexistence,1,1.9159615951127922,38.767753588417875,0.1166376643240508
17.77777777777778,0.051417518276839276,oscillatory_coexistence,1,1.949284576318308,33.98571218858065,0.12473338307688157
17.77777777777778,0.056958108107376865,oscillatory_coexistence,1,1.189491582627095,30.802092477404344,0.13004404432670644
17.77777777777778,0.06309573444801933,oscillatory_coexistence,1,0.4427024620576027,29.83020833563898,0.1298776948821842
17.77777777777778,0.06989473207273486,oscillatory_coexistence,1,0.26471056503195206,29.884089871225274,0.12787109807763877
17.77777777777778,0.0774263682681127,oscillatory_coexistence,1,0.09341396172668283,30.03124761451526,0.12764266531500207
17.77777777777778,0.08576958985908942,oscillatory_coexistence,1,0.06305115395179316,30.041381519873003,0.12801718210532392
17.77777777777778,0.0950118507318144,oscillatory_coexistence,1,0.024375774209287694,30.00699818689931,0.12816206542280434
17.77777777777778,0.10525002852777332,oscillatory_coexistence,1,0.00873095957228522,29.99485812519741,0.12813701770058697
17.77777777777778,0.11659144011798317,oscillatory_coexistence,1,0.004887553519039038,29.996890951428867,0.1281051296088104
17.77777777777778,0.1291549665014884,oscillatory_coexistence,1,0.0018274903386493765,29.99951422258201,0.12809763325362863
17.77777777777778,0.14307229891937578,stable_coexistence,0,0.0005277288288024335,30.00023100674275,0.12809907179964666
17.77777777777778,0.15848931924611134,stable_coexistence,0,0.00026064935653428143,30.000181617538328,0.12810062961267127
17.77777777777778,0.17556762912750015,stable_coexistence,0,0.00010336533796142138,30.000068510181677,0.1281011817980866
17.77777777777778,0.19448624389373625,stable_coexistence,0,4.206084903346488e-05,30.00001729258626,0.12810128401511675
17.77777777777778,0.21544346900318845,stable_coexistence,0,1.626753404347554e-05,30.0000023650175,0.1281012791353139
17.77777777777778,0.2386589786858581,stable_coexistence,0,5.757277265464875e-06,29.999999427097464,0.1281012652240532
17.77777777777778,0.26437611857491,stable_coexistence,0,2.046996033796319e-06,29.9999992950293,0.12810125709658363
17.77777777777778,0.29286445646252374,stable_coexistence,0,7.847229285940142e-07,29.999999554013055,0.1281012532862992
17.77777777777778,0.324422607917163,stable_coexistence,0,3.51488183127241e-07,29.999999753803074,0.12810125157684557
17.77777777777778,0.35938136638046275,stable_coexistence,0,1.8376248736712933e-07,29.999999868907064,0.12810125079072146
17.77777777777778,0.3981071705534973,stable_coexistence,0,1.0093691322318453e-07,29.999999930934276,0.12810125040856618
17.77777777777778,0.44100594541767385,stable_coexistence,0,6.669290230255898e-08,29.999999964236544,0.12810125021010343
17.77777777777778,0.4885273571519389,stable_coexistence,0,4.823595167600511e-08,29.999999982426736,0.12810125010014695
17.77777777777778,0.5411695265464638,stable_coexistence,0,3.714095840688475e-08,29.999999992569542,0.1281012500356434
17.77777777777778,0.5994842503189411,stable_coexistence,0,2.9824100050529494e-08,29.999999998311807,0.1281012499959742
17.77777777777778,0.6640827850634842,stable_coexistence,0,2.4633435201464367e-08,30.000000001576492,0.128101249970649
17.77777777777778,0.7356422544596414,stable_coexistence,0,2.074689788619881e-08,30.000000003410253,0.12810124995401037
17.77777777777778,0.8149127469020745,stable_coexistence,0,1.7723603441534475e-08,30.000000004400988,0.12810124994283895
17.77777777777778,0.9027251779484579,stable_coexistence,0,1.5308656147649434e-08,30.00000000488931,0.12810124993521732
17.77777777777778,1.0,stable_coexistence,0,1.334357619727325e-08,30.000000005077222,0.12810124992995728
17.77777777777778,1.1077568505097097,stable_coexistence,0,1.1723183962337971e-08,30.000000005086854,0.1281012499262991
17.77777777777778,1.2271252398511903,stable_coexistence,0,1.0373678211008005e-08,30.00000000499343,0.12810124992374375
17.77777777777778,1.3593563908785256,stable_coexistence,0,9.240978351409768e-09,30.000000004843244,0.1281012499219581
17.77777777777778,1.5058363542798414,stable_coexistence,0,8.284143976918175e-09,30.00000000466471,0.12810124992071314
17.77777777777778,1.6681005372000592,stable_coexistence,0,7.471417972078077e-09,30.000000004475663,0.12810124991985136
17.77777777777778,1.8478497974222907,stable_coexistence,0,6.7777443499775966e-09,30.000000004286832,0.12810124991926228
17.77777777777778,2.046968271807522,stable_coexistence,0,6.18308876606673e-09,30.000000004104525,0.1281012499188684
17.77777777777778,2.267543125870802,stable_coexistence,0,5.671267188456718e-09,30.000000003932254,0.12810124991861432
17.77777777777778,2.5118864315095797,stable_coexistence,0,5.229105917982276e-09,30.00000000377179,0.12810124991845992
17.77777777777778,2.782559402207126,stable_coexistence,0,4.845804231367525e-09,30.000000003623846,0.12810124991837624
17.77777777777778,3.0823992397451434,stable_coexistence,0,4.512458909712006e-09,30.000000003488285,0.12810124991834262
17.77777777777778,3.414548873833601,stable_coexistence,0,4.317079175003538e-09,30.000000003364782,0.1281012499183437
17.77777777777778,3.782489906389386,stable_coexistence,0,4.165290591458057e-09,30.000000003252556,0.12810124991836874
17.77777777777778,4.190079105786669,stable_coexistence,0,4.0288183427763045e-09,30.000000003150962,0.12810124991840968
17.77777777777778,4.641588833612782,stable_coexistence,0,3.906169795900363e-09,30.000000003059032,0.12810124991846078
17.77777777777778,5.141751827683928,stable_coexistence,0,3.79597365243803e-09,30.000000002976023,0.12810124991851743
17.77777777777778,5.695810810737687,stable_coexistence,0,3.6969773486342464e-09,30.000000002901185,0.12810124991857735
17.77777777777778,6.309573444801936,stable_coexistence,0,3.6080364385879387e-09,30.0000000028337,0.12810124991863753
17.77777777777778,6.989473207273487,stable_coexistence,0,3.5281241276899633e-09,30.000000002772886,0.12810124991869706
17.77777777777778,7.742636826811269,stable_coexistence,0,3.4563100390566665e-09,30.00000000271807,0.12810124991875485
17.77777777777778,8.576958985908945,stable_coexistence,0,3.3917576135013143e-09,30.000000002668674,0.1281012499188103
17.77777777777778,9.50118507318144,stable_coexistence,0,3.3337156594413194e-09,30.000000002624187,0.12810124991886251
17.77777777777778,10.525002852777327,stable_coexistence,0,3.2815144528553757e-09,30.000000002584052,0.12810124991891164
17.77777777777778,11.659144011798324,stable_coexistence,0,3.234540603674151e-09,30.000000002547953,0.12810124991895772
17.77777777777778,12.91549665014884,stable_coexistence,0,3.1922182055732806e-09,30.000000002515392,0.1281012499190007
17.77777777777778,14.307229891937586,stable_coexistence,0,3.1538134004938117e-09,30.0000000024858,0.12810124991904184
17.77777777777778,15.848931924611142,stable_coexistence,0,3.1084652191641418e-09,30.000000002450523,0.12810124991912608
17.77777777777778,17.556762912750013,stable_coexistence,0,3.0776979979575802e-09,30.000000002426788,0.12810124991915983
17.77777777777778,19.448624389373634,stable_coexistence,0,3.0499897103429907e-09,30.00000000240539,0.128101249919191
17.77777777777778,21.544346900318846,stable_coexistence,0,3.0248407175002023e-09,30.00000000238596,0.1281012499192202
17.77777777777778,23.865897868585808,stable_coexistence,0,2.999507555968083e-09,30.000000002366292,0.12810124991925856
17.77777777777778,26.437611857491014,stable_coexistence,0,2.905286854602382e-09,30.000000002291543,0.12810124991960387
17.77777777777778,29.286445646252375,stable_coexistence,0,3.4607953534109697e-06,29.97918898303064,1.7780502788089452
17.77777777777778,32.4422607917163,stable_coexistence,0,5.4038849297836174e-05,29.87819814828032,4.916425396647467
17.77777777777778,35.938136638046295,stable_coexistence,0,5.5010918692709577e-05,29.878157744129933,4.909281632891136
17.77777777777778,39.810717055349734,stable_coexistence,0,5.575317270731732e-05,29.87812112869954,4.9028076797004525
17.77777777777778,44.100594541767364,stable_coexistence,0,5.6305041146044685e-05,29.878087964347777,4.896942831669927
17.77777777777778,48.852735715193916,stable_coexistence,0,5.6700818589920304e-05,29.878057939602993,4.891631514149294
17.77777777777778,54.116952654646376,stable_coexistence,0,5.6970301924463185e-05,29.878030768013776,4.886822915137873
17.77777777777778,59.948425031894146,stable_coexistence,0,5.713863604757196e-05,29.878006186838856,4.882470631777824
17.77777777777778,66.40827850634845,stable_coexistence,0,5.722718089366557e-05,29.87798395563762,4.878532333218982
17.77777777777778,73.56422544596414,stable_coexistence,0,5.725362462023809e-05,29.87796385481608,4.874969441038069
17.77777777777778,81.49127469020749,stable_coexistence,0,5.723255378701349e-05,29.877945684148983,4.87174682789863
17.77777777777778,90.27251779484578,stable_coexistence,0,5.717601374751761e-05,29.8779292613416,4.868832534729344
17.77777777777778,100.0,stable_coexistence,0,5.7093727319059624e-05,29.877914420629207,4.866197506371262
18.0,0.01,predator_extinct,2,1.6069233522699795,54.006004428241155,5.549470370169077e-27
18.0,0.011077568505097092,predator_extinct,2,1.3776674388544277,63.04884673598755,1.217465707166429e-22
18.0,0.012271252398511897,predator_extinct,2,1.17249688445757,71.36154368795195,1.0951870048170533e-18
18.0,0.013593563908785255,predator_extinct,2,25.592237138766343,78.71458245887408,4.229671968744553e-15
18.0,0.015058363542798407,predator_extinct,2,31.689106369396242,84.9744654863103,7.470345763746169e-12
18.0,0.016681005372000592,predator_extinct,2,31.71038625818437,90.0547378656158,6.458923994797917e-09
18.0,0.018478497974222907,low_density_risk,4,31.712734070580016,93.91341724274878,2.9217115882570415e-06
18.0,0.02046968271807521,low_density_risk,4,30.994989280623855,96.32905189245409,0.0007190614933659922
18.0,0.02267543125870802,low_density_risk,4,10.695767842779595,91.03134717077674,0.02720455488612713
18.0,0.025118864315095794,low_density_risk,4,6.114258166333322,81.0733342194218,0.0445442909396671
18.0,0.027825594022071243,low_density_risk,4,4.51293892502786,72.94072815130859,0.056629166150463144
18.0,0.030823992397451434,low_density_risk,4,3.321567291809358,64.79442639822994,0.07238719269288263
18.0,0.034145488738336005,low_density_risk,4,2.696967567117635,57.35871269988137,0.08410694205707554
18.0,0.037824899063893865,low_density_risk,4,2.246935367435288,50.63051444035102,0.09551114580285543
18.0,0.04190079105786669,oscillatory_coexistence,1,1.924747991621046,44.472270822875984,0.10575306896903469
18.0,0.046415888336127795,oscillatory_coexistence,1,1.9097702802945082,38.926991262318836,0.11494294910687802
18.0,0.051417518276839276,oscillatory_coexistence,1,1.9559737023100738,34.111264349265035,0.1229976645915181
18.0,0.056958108107376865,oscillatory_coexistence,1,1.2209505597743584,30.860959075975856,0.1283793192580987
18.0,0.06309573444801933,oscillatory_coexistence,1,0.4423915457999667,29.83770533949488,0.1283687702226647
18.0,0.06989473207273486,oscillatory_coexistence,1,0.2722256337323541,29.879360384327224,0.1263624699091117
18.0,0.0774263682681127,oscillatory_coexistence,1,0.09581574727265806,30.02894545339249,0.1260983614747124
18.0,0.08576958985908942,oscillatory_coexistence,1,0.06364369707681769,30.041894791827364,0.12646665662968873
18.0,0.0950118507318144,oscillatory_coexistence,1,0.02462065229957279,30.007561368045835,0.12661554495098407
18.0,0.10525002852777332,oscillatory_coexistence,1,0.008714045225599158,29.99495193378981,0.12659261553449389
18.0,0.11659144011798317,oscillatory_coexistence,1,0.004942630279513814,29.996845013173722,0.12656083708293353
18.0,0.1291549665014884,oscillatory_coexistence,1,0.0018424872602241433,29.999484941546275,0.12655311968444516
18.0,0.14307229891937578,stable_coexistence,0,0.0005390442458504588,30.000224273057764,0.12655446232403086
18.0,0.15848931924611134,stable_coexistence,0,0.00026067935248191143,30.000181765849913,0.12655600294284763
18.0,0.17556762912750015,stable_coexistence,0,0.0001042362032871694,30.00006928545559,0.1265565566695859
18.0,0.19448624389373625,stable_coexistence,0,4.2157247960560785e-05,30.000017696759727,0.12655666129839668
18.0,0.21544346900318845,stable_coexistence,0,1.637719365729615e-05,30.000002523075853,0.126556657578718
18.0,0.2386589786858581,stable_coexistence,0,5.815056933670037e-06,29.999999484799016,0.12655664410934508
18.0,0.26437611857491,stable_coexistence,0,2.073463179014058e-06,29.99999931685673,0.1265566361395676
18.0,0.29286445646252374,stable_coexistence,0,7.96877596915769e-07,29.999999563117225,0.12655663238629367
18.0,0.324422607917163,stable_coexistence,0,3.4804431924618963e-07,29.999999758119294,0.12655663069874884
18.0,0.35938136638046275,stable_coexistence,0,1.8181982699396386e-07,29.999999871238817,0.12655662992185152
18.0,0.3981071705534973,stable_coexistence,0,1.0279219146476653e-07,29.99999993234561,0.1265566295440196
18.0,0.44100594541767385,stable_coexistence,0,6.785848821110922e-08,29.999999965170026,0.12655662934781226
18.0,0.4885273571519389,stable_coexistence,0,4.90092553483303e-08,29.999999983085324,0.12655662923915328
18.0,0.5411695265464638,stable_coexistence,0,3.76733375249735e-08,29.99999999305571,0.12655662917545993
18.0,0.5994842503189411,stable_coexistence,0,3.0199035214574865e-08,29.99999999868213,0.12655662913633114
18.0,0.6640827850634842,stable_coexistence,0,2.4900500385992717e-08,30.000000001864862,0.12655662911138482
18.0,0.7356422544596414,stable_coexistence,0,2.0937626859373574e-08,30.000000003638387,0.12655662909502197
18.0,0.8149127469020745,stable_coexistence,0,1.785893009499271e-08,30.000000004583555,0.12655662908405685
18.0,0.9027251779484579,stable_coexistence,0,1.54030351706736e-08,30.00000000503671,0.1265566290765929
18.0,1.0,stable_coexistence,0,1.3407290445900734e-08,30.000000005197048,0.12655662907145535
18.0,1.1077568505097097,stable_coexistence,0,1.176367104264767e-08,30.00000000518482,0.12655662906789353
18.0,1.2271252398511903,stable_coexistence,0,1.0396406104617522e-08,30.00000000507388,0.12655662906541484
18.0,1.3593563908785256,stable_coexistence,0,9.250016099715386e-09,30.000000004909484,0.12655662906369072
18.0,1.5058363542798414,stable_coexistence,0,8.282553426989327e-09,30.000000004719386,0.12655662906249557
18.0,1.6681005372000592,stable_coexistence,0,7.461518453826131e-09,30.00000000452083,0.12655662906167428
18.0,1.8478497974222907,stable_coexistence,0,6.761315180835296e-09,30.000000004324118,0.12655662906111834
18.0,2.046968271807522,stable_coexistence,0,6.161494898628461e-09,30.00000000413528,0.12655662906075243
18.0,2.267543125870802,stable_coexistence,0,5.645568041940782e-09,30.000000003957517,0.1265566290605214
18.0,2.5118864315095797,stable_coexistence,0,5.200125721961623e-09,30.00000000379248,0.12655662906038612
18.0,2.782559402207126,stable_coexistence,0,4.814193606140154e-09,30.000000003640633,0.12655662906031862
18.0,3.0823992397451434,stable_coexistence,0,4.499673453363376e-09,30.000000003501803,0.12655662906029852
18.0,3.414548873833601,stable_coexistence,0,4.327773568471528e-09,30.00000000337541,0.12655662906031132
18.0,3.782489906389386,stable_coexistence,0,4.173224670098886e-09,30.000000003260833,0.12655662906034637
18.0,4.190079105786669,stable_coexistence,0,4.0343652392686564e-09,30.000000003157155,0.12655662906039566
18.0,4.641588833612782,stable_coexistence,0,3.9096539407947574e-09,30.00000000306337,0.12655662906045395
18.0,5.141751827683928,stable_coexistence,0,3.7976639211312435e-09,30.000000002978865,0.12655662906051696
18.0,5.695810810737687,stable_coexistence,0,3.6971043010940035e-09,30.000000002902688,0.12655662906058227
18.0,6.309573444801936,stable_coexistence,0,3.6067989024526017e-09,30.000000002834014,0.12655662906064719
18.0,6.989473207273487,stable_coexistence,0,3.525689976259498e-09,30.000000002772158,0.12655662906071086
18.0,7.742636826811269,stable_coexistence,0,3.4528265792352935e-09,30.000000002716448,0.12655662906077247
18.0,8.576958985908945,stable_coexistence,0,3.3873485638842e-09,30.000000002666283,0.12655662906083076
18.0,9.50118507318144,stable_coexistence,0,3.328496886227875e-09,30.000000002621043,0.1265566290608858
18.0,10.525002852777327,stable_coexistence,0,3.2755771997666357e-09,30.00000000258033,0.12655662906093743
18.0,11.659144011798324,stable_coexistence,0,3.2279657769435935e-09,30.00000000254368,0.1265566290609856
18.0,12.91549665014884,stable_coexistence,0,3.1850783666295065e-09,30.00000000251065,0.12655662906103055
18.0,14.307229891937586,stable_coexistence,0,3.1461861901072142e-09,30.000000002480625,0.12655662906107337
18.0,15.848931924611142,stable_coexistence,0,3.1005983728274297e-09,30.00000000244514,0.12655662906115833
18.0,17.556762912750013,stable_coexistence,0,3.0694405057360495e-09,30.00000000242107,0.1265566290611936
18.0,19.448624389373634,stable_coexistence,0,3.041382415469268e-09,30.000000002399368,0.12655662906122567
18.0,21.544346900318846,stable_coexistence,0,3.0159251638442444e-09,30.000000002379682,0.12655662906125587
18.0,23.865897868585808,stable_coexistence,0,2.990403214740377e-09,30.000000002359837,0.1265566290612948
18.0,26.437611857491014,stable_coexistence,0,2.897429428897858e-09,30.00000000228609,0.1265566290616354
18.0,29.286445646252375,stable_coexistence,0,4.487137890739038e-06,29.979344539561566,1.7708658379931381
18.0,32.4422607917163,stable_coexistence,0,5.4170570695542627e-05,29.878193029638204,4.91552035169852
18.0,35.938136638046295,stable_coexistence,0,5.511258479727982e-05,29.878153104294256,4.908461312679656
18.0,39.810717055349734,stable_coexistence,0,5.5829693334071644e-05,29.878116925257135,4.902064429100439
18.0,44.100594541767364,stable_coexistence,0,5.6360897034377045e-05,29.878084158116284,4.89626963843023
18.0,48.852735715193916,stable_coexistence,0,5.673979875161093e-05,29.878054494501743,4.891021963507303
18.0,54.116952654646376,stable_coexistence,0,5.699577692230913e-05,29.878027650911942,4.886271146088095
18.0,59.948425031894146,stable_coexistence,0,5.715336635372272e-05,29.87800336739115,4.8819712952458145
18.0,66.40827850634845,stable_coexistence,0,5.723339570160811e-05,29.877981406104826,4.8780805523137785
18.0,73.56422544596414,stable_coexistence,0,5.7253357756252244e-05,29.87796154988955,4.874560773491589
18.0,81.49127469020749,stable_coexistence,0,5.722749409370188e-05,29.877943600772973,4.8713772307449785
18.0,90.27251779484578,stable_coexistence,0,5.716736259258824e-05,29.877927378540843,4.8684983312346235
18.0,100.0,stable_coexistence,0,5.708244455598648e-05,29.87791271934093,4.8658953551886555
18.22222222222222,0.01,predator_extinct,2,1.6142245085271154,53.792863954245256,3.685241582349695e-27
18.22222222222222,0.011077568505097092,predator_extinct,2,1.3838851435649009,62.856236566102154,8.406432218147903e-23
18.22222222222222,0.012271252398511897,predator_extinct,2,1.1778487249355714,71.19401116627567,7.8403740768198035e-19
18.22222222222222,0.013593563908785255,predator_extinct,2,23.979699997305293,78.57422881437066,3.1295844988443084e-15
18.22222222222222,0.015058363542798407,predator_extinct,2,31.687490591076315,84.86218640891089,5.695309659078757e-12
18.22222222222222,0.016681005372000592,predator_extinct,2,31.710302604900427,89.9704960170159,5.059212342722493e-09
18.22222222222222,0.018478497974222907,low_density_risk,4,31.713227766744865,93.85571295640574,2.3451268930706885e-06
18.22222222222222,0.02046968271807521,low_density_risk,4,31.11378091241431,96.33703857851854,0.000592290645997957
18.22222222222222,0.02267543125870802,low_density_risk,4,11.279846740574753,91.40175202798058,0.025490585721791057
18.22222222222222,0.025118864315095794,low_density_risk,4,6.162598922570637,81.39128643481614,0.04367084004365225
18.22222222222222,0.027825594022071243,low_density_risk,4,4.559736549650113,73.21561328617861,0.055382452768392466
18.22222222222222,0.030823992397451434,low_density_risk,4,3.3432288138342163,65.0569218979937,0.07106318789657899
18.22222222222222,0.034145488738336005,low_density_risk,4,2.709922513085323,57.58568669515423,0.08270846120331264
18.22222222222222,0.037824899063893865,low_density_risk,4,2.255745594357549,50.83443705118183,0.09400472766935455
18.22222222222222,0.04190079105786669,oscillatory_coexistence,1,1.9307090364142414,44.65259385283024,0.10417358322931625
18.22222222222222,0.046415888336127795,oscillatory_coexistence,1,1.9035790916609592,39.08450954323203,0.11329176047467761
18.22222222222222,0.051417518276839276,oscillatory_coexistence,1,1.9618187507265614,34.23627064356147,0.12130449428560784
18.22222222222222,0.056958108107376865,oscillatory_coexistence,1,1.2518035689314921,30.92096586075,0.12675034011851422
18.22222222222222,0.06309573444801933,oscillatory_coexistence,1,0.44209426290909865,29.845857071792555,0.12689294401327697
18.22222222222222,0.06989473207273486,oscillatory_coexistence,1,0.27954876372552434,29.87476932658272,0.12489070761403559
18.22222222222222,0.0774263682681127,oscillatory_coexistence,1,0.09816004079597238,30.026584763796563,0.12459139037624982
18.22222222222222,0.08576958985908942,oscillatory_coexistence,1,0.06419053096474492,30.0423686082035,0.12495310333699858
18.22222222222222,0.0950118507318144,oscillatory_coexistence,1,0.024850738138187996,30.008123734415847,0.12510582331290895
18.22222222222222,0.10525002852777332,oscillatory_coexistence,1,0.008697568537217745,29.99505028997728,0.12508500590678734
18.22222222222222,0.11659144011798317,oscillatory_coexistence,1,0.004995707991503024,29.99680072783341,0.12505335592315384
18.22222222222222,0.1291549665014884,oscillatory_coexistence,1,0.001856848697149927,29.999455827245583,0.12504542507987945
18.22222222222222,0.14307229891937578,stable_coexistence,0,0.0005502554658282463,30.00021745395614,0.125046673019398
18.22222222222222,0.15848931924611134,stable_coexistence,0,0.00026064595594765117,30.000181859454052,0.12504819624332042
18.22222222222222,0.17556762912750015,stable_coexistence,0,0.00010508414416709605,30.000070040074636,0.12504875129465481
18.22222222222222,0.19448624389373625,stable_coexistence,0,4.224684811991489e-05,30.00001809424429,0.12504885823873307
18.22222222222222,0.21544346900318845,stable_coexistence,0,1.6483986525356887e-05,30.000002679040573,0.12504885564539167
18.22222222222222,0.2386589786858581,stable_coexistence,0,5.871689001234331e-06,29.99999954182605,0.12504884260723434
18.22222222222222,0.26437611857491,stable_coexistence,0,2.0994695444592914e-06,29.999999338449026,0.1250488347918973
18.22222222222222,0.29286445646252374,stable_coexistence,0,8.088359903520314e-07,29.999999572128093,0.1250488310946284
18.22222222222222,0.324422607917163,stable_coexistence,0,3.5307260920729063e-07,29.99999976239165,0.12504882942866383
18.22222222222222,0.35938136638046275,stable_coexistence,0,1.7994018129104082e-07,29.999999873545956,0.1250488286608713
18.22222222222222,0.3981071705534973,stable_coexistence,0,1.0461809290887397e-07,29.999999933740906,0.12504882828731023
18.22222222222222,0.44100594541767385,stable_coexistence,0,6.900436934844338e-08,29.99999996609185,0.12504882809333262
18.22222222222222,0.4885273571519389,stable_coexistence,0,4.976837208751902e-08,29.99999998373491,0.1250488279859521
18.22222222222222,0.5411695265464638,stable_coexistence,0,3.819499396105037e-08,29.99999999353461,0.12504882792305771
18.22222222222222,0.5994842503189411,stable_coexistence,0,3.056564862051938e-08,29.999999999046477,0.12504882788446042
18.22222222222222,0.6640827850634842,stable_coexistence,0,2.516101128747845e-08,30.000000002148138,0.1250488278598865
18.22222222222222,0.7356422544596414,stable_coexistence,0,2.112304606510864e-08,30.000000003862166,0.12504882784379362
18.22222222222222,0.8149127469020745,stable_coexistence,0,1.7989942569808287e-08,30.000000004762352,0.12504882783303142
18.22222222222222,0.9027251779484579,stable_coexistence,0,1.5493911454859423e-08,30.00000000518082,0.1250488278257225
18.22222222222222,1.0,stable_coexistence,0,1.346814629952732e-08,30.00000000531403,0.1250488278207043
18.22222222222222,1.1077568505097097,stable_coexistence,0,1.1801817476763119e-08,30.000000005280278,0.12504882781723628
18.22222222222222,1.2271252398511903,stable_coexistence,0,1.0417213282789473e-08,30.000000005152096,0.1250488278148329
18.22222222222222,1.3593563908785256,stable_coexistence,0,9.25747632472466e-09,30.00000000497374,0.12504882781316767
18.22222222222222,1.5058363542798414,stable_coexistence,0,8.279667676077686e-09,30.00000000477227,0.1250488278120211
18.22222222222222,1.6681005372000592,stable_coexistence,0,7.450561766407758e-09,30.000000004564377,0.12504882781123966
18.22222222222222,1.8478497974222907,stable_coexistence,0,6.74402009694617e-09,30.000000004359975,0.1250488278107168
18.22222222222222,2.046968271807522,stable_coexistence,0,6.139196528068095e-09,30.00000000416473,0.12504882781037757
18.22222222222222,2.267543125870802,stable_coexistence,0,5.6193023560172014e-09,30.00000000398163,0.12504882781016854
18.22222222222222,2.5118864315095797,stable_coexistence,0,5.170697647170145e-09,30.000000003812083,0.12504882781005175
18.22222222222222,2.782559402207126,stable_coexistence,0,4.782231854377765e-09,30.000000003656424,0.1250488278099997
18.22222222222222,3.0823992397451434,stable_coexistence,0,4.512541785517801e-09,30.000000003514362,0.1250488278099928
18.22222222222222,3.414548873833601,stable_coexistence,0,4.337501787828192e-09,30.000000003385207,0.1250488278100167
18.22222222222222,3.782489906389386,stable_coexistence,0,4.180251050203999e-09,30.000000003268298,0.12504882781006113
18.22222222222222,4.190079105786669,stable_coexistence,0,4.039061408411379e-09,30.00000000316257,0.12504882781011856
18.22222222222222,4.641588833612782,stable_coexistence,0,3.912331214221181e-09,30.00000000306706,0.12504882781018387
18.22222222222222,5.141751827683928,stable_coexistence,0,3.798592881977722e-09,30.000000002981054,0.12504882781025284
18.22222222222222,5.695810810737687,stable_coexistence,0,3.696509781188123e-09,30.000000002903533,0.1250488278103231
18.22222222222222,6.309573444801936,stable_coexistence,0,3.60487157540639e-09,30.00000000283372,0.12504882781039287
18.22222222222222,6.989473207273487,stable_coexistence,0,3.5225993272652093e-09,30.000000002770847,0.12504882781046037
18.22222222222222,7.742636826811269,stable_coexistence,0,3.448711316958822e-09,30.00000000271426,0.12504882781052507
18.22222222222222,8.576958985908945,stable_coexistence,0,3.382333918180315e-09,30.0000000026633,0.12504882781058652
18.22222222222222,9.50118507318144,stable_coexistence,0,3.3226869489000104e-09,30.000000002617373,0.1250488278106445
18.22222222222222,10.525002852777327,stable_coexistence,0,3.2690692441017695e-09,30.0000000025761,0.1250488278106985
18.22222222222222,11.659144011798324,stable_coexistence,0,3.220839123487494e-09,30.000000002538926,0.1250488278107486
18.22222222222222,12.91549665014884,stable_coexistence,0,3.1774075107821253e-09,30.00000000250542,0.12504882781079538
18.22222222222222,14.307229891937586,stable_coexistence,0,3.1380370618312805e-09,30.00000000247499,0.12504882781083965
18.22222222222222,15.848931924611142,stable_coexistence,0,3.092220289497476e-09,30.000000002439297,0.12504882781092524
18.22222222222222,17.556762912750013,stable_coexistence,0,3.0606811812446824e-09,30.0000000024149,0.1250488278109615
18.22222222222222,19.448624389373634,stable_coexistence,0,3.0322814455745108e-09,30.000000002392923,0.12504882781099474
18.22222222222222,21.544346900318846,stable_coexistence,0,3.0065285578997873e-09,30.000000002372968,0.12504882781102583
18.22222222222222,23.865897868585808,stable_coexistence,0,2.980822503342443e-09,30.000000002352976,0.12504882781106547
18.22222222222222,26.437611857491014,stable_coexistence,0,2.889087967825522e-09,30.000000002280192,0.12504882781140156
18.22222222222222,29.286445646252375,stable_coexistence,0,5.645290617834076e-06,29.979497651313256,1.7638069368588294
18.22222222222222,32.4422607917163,stable_coexistence,0,5.429694021322222e-05,29.878188033191044,4.91463693134241
18.22222222222222,35.938136638046295,stable_coexistence,0,5.520974476034955e-05,29.878148575552338,4.90766063004304
18.22222222222222,39.810717055349734,stable_coexistence,0,5.590259575704169e-05,29.878112822717487,4.901339002019815
18.22222222222222,44.100594541767364,stable_coexistence,0,5.6413865521901956e-05,29.878080443454742,4.895612614244358
18.22222222222222,48.852735715193916,stable_coexistence,0,5.677659406798455e-05,29.878051132439495,4.890427074408235
18.22222222222222,54.116952654646376,stable_coexistence,0,5.701946680450585e-05,29.87802460906622,4.88573266614236
18.22222222222222,59.948425031894146,stable_coexistence,0,5.716671351235895e-05,29.87800061610664,4.881483999321366
18.22222222222222,66.40827850634845,stable_coexistence,0,5.723880140592131e-05,29.877978918285617,4.877639677076383
18.22222222222222,73.56422544596414,stable_coexistence,0,5.7252546944831616e-05,29.87795930081316,4.8741619805699505
18.22222222222222,81.49127469020749,stable_coexistence,0,5.7221870998239536e-05,29.877941567923628,4.871016572111953
18.22222222222222,90.27251779484578,stable_coexistence,0,5.7158282154273115e-05,29.877925541436305,4.868172216809838
18.22222222222222,100.0,stable_coexistence,0,5.707103844906178e-05,29.877911059369442,4.865600522634636
18.444444444444443,0.01,predator_extinct,2,1.6214578659397219,53.58218407397786,2.4588716872331808e-27
18.444444444444443,0.011077568505097092,predator_extinct,2,1.390044437457193,62.6656876758976,5.829287792196623e-23
18.444444444444443,0.012271252398511897,predator_extinct,2,1.1831479098853523,71.02814745760261,5.634446414197313e-19
18.444444444444443,0.013593563908785255,predator_extinct,2,22.121030704592638,78.43515944206409,2.3236340265894923e-15
18.444444444444443,0.015058363542798407,predator_extinct,2,31.685485715218075,84.75081567993885,4.3555829482333236e-12
18.444444444444443,0.016681005372000592,predator_extinct,2,31.710218348535815,89.88681970352243,3.973962908050666e-09
18.444444444444443,0.018478497974222907,low_density_risk,4,31.713620721095726,93.79826555658127,1.8870837944430139e-06
18.444444444444443,0.02046968271807521,low_density_risk,4,31.21244883659782,96.33800788023454,0.0004886505805542849
18.444444444444443,0.02267543125870802,low_density_risk,4,11.945098308138883,91.76298283579105,0.023789370776770624
18.444444444444443,0.025118864315095794,low_density_risk,4,6.211328963311935,81.70793187435382,0.04282056860698787
18.444444444444443,0.027825594022071243,low_density_risk,4,4.6062795795051885,73.48621769760807,0.05417952164636812
18.444444444444443,0.030823992397451434,low_density_risk,4,3.3650827276417266,65.31653592102387,0.06977207135634628
18.444444444444443,0.034145488738336005,low_density_risk,4,2.7228160575914266,57.81008376899821,0.08134845661513965
18.444444444444443,0.037824899063893865,low_density_risk,4,2.2645262735733858,51.0359646970329,0.09253781807861866
18.444444444444443,0.04190079105786669,low_density_risk,4,1.936632992181715,44.83086716854354,0.10263487905955826
18.444444444444443,0.046415888336127795,oscillatory_coexistence,1,1.8973978857828349,39.24033726799913,0.11168250633991761
18.444444444444443,0.051417518276839276,oscillatory_coexistence,1,1.966880179636677,34.36068946503448,0.11965244002524542
18.444444444444443,0.056958108107376865,oscillatory_coexistence,1,1.282018154399734,30.982061610354105,0.1251561088987576
18.444444444444443,0.06309573444801933,oscillatory_coexistence,1,0.44180986524036353,29.854661916522595,0.12544898148565797
18.444444444444443,0.06989473207273486,oscillatory_coexistence,1,0.2866683305224787,29.870321109037373,0.1234544534983125
18.444444444444443,0.0774263682681127,oscillatory_coexistence,1,0.10044524898041628,30.024169166877588,0.12312043255862624
18.444444444444443,0.08576958985908942,oscillatory_coexistence,1,0.0646919097221695,30.042803101691092,0.12347522106939082
18.444444444444443,0.0950118507318144,oscillatory_coexistence,1,0.02506607693616274,30.008684895886194,0.12363160167083918
18.444444444444443,0.10525002852777332,oscillatory_coexistence,1,0.008681490334713158,29.99515305552184,0.12361288831835095
18.444444444444443,0.11659144011798317,oscillatory_coexistence,1,0.005046801142295968,29.996758080598312,0.12358138476873476
18.444444444444443,0.1291549665014884,oscillatory_coexistence,1,0.0018705841516994648,29.99942688650331,0.12357324790528505
18.444444444444443,0.14307229891937578,stable_coexistence,0,0.0005613615361012106,30.00021055398219,0.12357440236075465
18.444444444444443,0.15848931924611134,stable_coexistence,0,0.00026055079895184865,30.000181900078825,0.12357590801147787
18.444444444444443,0.17556762912750015,stable_coexistence,0,0.00010590967673066943,30.000070774584234,0.12357646418153663
18.444444444444443,0.19448624389373625,stable_coexistence,0,4.232995924543067e-05,30.00001848519761,0.12357657334816961
18.444444444444443,0.21544346900318845,stable_coexistence,0,1.6587996648173718e-05,30.00000283295474,0.12357657184851761
18.444444444444443,0.2386589786858581,stable_coexistence,0,5.927206991691002e-06,29.999999598190026,0.12357655923120874
18.444444444444443,0.26437611857491,stable_coexistence,0,2.1250270114740333e-06,29.999999359809042,0.12357655156713035
18.444444444444443,0.29286445646252374,stable_coexistence,0,8.206025327422054e-07,29.99999958104635,0.1235765479248823
18.444444444444443,0.324422607917163,stable_coexistence,0,3.588397744366479e-07,29.99999976662035,0.12357654628016804
18.444444444444443,0.35938136638046275,stable_coexistence,0,1.8191020238091573e-07,29.9999998758286,0.12357654552136285
18.444444444444443,0.3981071705534973,stable_coexistence,0,1.0641519427936869e-07,29.99999993512025,0.12357654515201973
18.444444444444443,0.44100594541767385,stable_coexistence,0,7.013102106765479e-08,29.999999967002253,0.12357654496024213
18.444444444444443,0.4885273571519389,stable_coexistence,0,5.0513688191973524e-08,29.99999998437563,0.12357654485412804
18.444444444444443,0.5411695265464638,stable_coexistence,0,3.870636126460877e-08,29.99999999400638,0.1235765447920211
18.444444444444443,0.5994842503189411,stable_coexistence,0,3.092414620733311e-08,29.999999999404867,0.12357654475394704
18.444444444444443,0.6640827850634842,stable_coexistence,0,2.5415098172089968e-08,30.00000000242646,0.12357654472973886
18.444444444444443,0.7356422544596414,stable_coexistence,0,2.1303349718418582e-08,30.000000004081656,0.12357654471391132
18.444444444444443,0.8149127469020745,stable_coexistence,0,1.8116842660118182e-08,30.0000000049375,0.12357654470334624
18.444444444444443,0.9027251779484579,stable_coexistence,0,1.5581454464649368e-08,30.00000000532177,0.12357654469618788
18.444444444444443,1.0,stable_coexistence,0,1.3526279708663113e-08,30.000000005428227,0.12357654469128747
18.444444444444443,1.1077568505097097,stable_coexistence,0,1.1837735412012767e-08,30.000000005373295,0.12357654468791097
18.444444444444443,1.2271252398511903,stable_coexistence,0,1.043619472140286e-08,30.000000005228124,0.12357654468558
18.444444444444443,1.3593563908785256,stable_coexistence,0,9.263449028517435e-09,30.000000005036068,0.12357654468397308
18.444444444444443,1.5058363542798414,stable_coexistence,0,8.27556405491763e-09,30.000000004823438,0.12357654468287343
18.444444444444443,1.6681005372000592,stable_coexistence,0,7.438609371769566e-09,30.00000000460641,0.12357654468213009
18.444444444444443,1.8478497974222907,stable_coexistence,0,6.72591984971411e-09,30.00000000439444,0.12357654468163853
18.444444444444443,2.046968271807522,stable_coexistence,0,6.116251918889952e-09,30.000000004192895,0.12357654468132505
18.444444444444443,2.267543125870802,stable_coexistence,0,5.592521408186728e-09,30.000000004004605,0.12357654468113745
18.444444444444443,2.5118864315095797,stable_coexistence,0,5.140864444595766e-09,30.00000000383063,0.12357654468103842
18.444444444444443,2.782559402207126,stable_coexistence,0,4.7499568716929255e-09,30.00000000367122,0.12357654468100145
18.444444444444443,3.0823992397451434,stable_coexistence,0,4.5244228940836995e-09,30.00000000352604,0.1235765446810071
18.444444444444443,3.414548873833601,stable_coexistence,0,4.346308444735428e-09,30.000000003394206,0.12357654468104168
18.444444444444443,3.782489906389386,stable_coexistence,0,4.1864163165307345e-09,30.000000003274994,0.12357654468109526
18.444444444444443,4.190079105786669,stable_coexistence,0,4.042949354201801e-09,30.000000003167273,0.12357654468116043
18.444444444444443,4.641588833612782,stable_coexistence,0,3.914250891216572e-09,30.00000000307007,0.12357654468123244
18.444444444444443,5.141751827683928,stable_coexistence,0,3.798801829948994e-09,30.000000002982585,0.1235765446813072
18.444444444444443,5.695810810737687,stable_coexistence,0,3.6952295134696624e-09,30.000000002903782,0.1235765446813825
18.444444444444443,6.309573444801936,stable_coexistence,0,3.6022957093230627e-09,30.000000002832838,0.12357654468145651
18.444444444444443,6.989473207273487,stable_coexistence,0,3.5188856040150903e-09,30.000000002769003,0.1235765446815278
18.444444444444443,7.742636826811269,stable_coexistence,0,3.4440018510522042e-09,30.000000002711545,0.12357654468159583
18.444444444444443,8.576958985908945,stable_coexistence,0,3.3767513194060153e-09,30.0000000026598,0.12357654468166009
18.444444444444443,9.50118507318144,stable_coexistence,0,3.3163316173755355e-09,30.000000002613262,0.12357654468172068
18.444444444444443,10.525002852777327,stable_coexistence,0,3.262028621961968e-09,30.000000002571397,0.12357654468177677
18.444444444444443,11.659144011798324,stable_coexistence,0,3.213195703156304e-09,30.000000002533714,0.12357654468182891
18.444444444444443,12.91549665014884,stable_coexistence,0,3.1692328359258783e-09,30.000000002499746,0.12357654468187736
18.444444444444443,14.307229891937586,stable_coexistence,0,3.1293989449963812e-09,30.000000002468923,0.12357654468192318
18.444444444444443,15.848931924611142,stable_coexistence,0,3.0833644584917826e-09,30.000000002433033,0.12357654468200935
18.444444444444443,17.556762912750013,stable_coexistence,0,3.0514544242495367e-09,30.000000002408306,0.12357654468204682
18.444444444444443,19.448624389373634,stable_coexistence,0,3.0227239724047875e-09,30.00000000238604,0.12357654468208111
18.444444444444443,21.544346900318846,stable_coexistence,0,2.9966824592428074e-09,30.00000000236585,0.12357654468211327
18.444444444444443,23.865897868585808,stable_coexistence,0,2.9707971569772292e-09,30.000000002345704,0.12357654468215327
18.444444444444443,26.437611857491014,stable_coexistence,0,2.8802900683282468e-09,30.000000002273893,0.12357654468248488
18.444444444444443,29.286445646252375,stable_coexistence,0,6.942352748118688e-06,29.979648393544625,1.7568699683251532
18.444444444444443,32.4422607917163,stable_coexistence,0,5.441804794943685e-05,29.878183154629788,4.913774369473701
18.444444444444443,35.938136638046295,stable_coexistence,0,5.530262111533255e-05,29.87814415397166,4.90687888799777
18.444444444444443,39.810717055349734,stable_coexistence,0,5.5972059418492484e-05,29.87810881749909,4.900630764801901
18.444444444444443,44.100594541767364,stable_coexistence,0,5.6464089632343967e-05,29.878076817103633,4.894971183396415
18.444444444444443,48.852735715193916,stable_coexistence,0,5.681122511575466e-05,29.87804785045486,4.889846324085354
18.444444444444443,54.116952654646376,stable_coexistence,0,5.704148426078042e-05,29.878021639788027,4.885207000867453
18.444444444444443,59.948425031894146,stable_coexistence,0,5.7178895071406506e-05,29.877997930550226,4.881008313646727
18.444444444444443,66.40827850634845,stable_coexistence,0,5.724319554821767e-05,29.877976489968407,4.8772093173042075
18.444444444444443,73.56422544596414,stable_coexistence,0,5.7250960446319646e-05,29.877957105583313,4.873772708623154
18.444444444444443,81.49127469020749,stable_coexistence,0,5.721599730326375e-05,29.877939583785768,4.870664531597116
18.444444444444443,90.27251779484578,stable_coexistence,0,5.714917126929346e-05,29.87792374838506,4.867853901272869
18.444444444444443,100.0,stable_coexistence,0,5.705948505349323e-05,29.877909439229597,4.865312745977319
18.666666666666664,0.01,predator_extinct,2,1.6286247091782953,53.37391229135726,1.648221534660727e-27
18.666666666666664,0.011077568505097092,predator_extinct,2,1.396146436243899,62.477157433642915,4.0590653394252966e-23
18.666666666666664,0.012271252398511897,predator_extinct,2,1.1883956349300437,70.86391940020509,4.064375083430171e-19
18.666666666666664,0.013593563908785255,predator_extinct,2,20.054895489049304,78.29735069568997,1.7310740352629143e-15
18.666666666666664,0.015058363542798407,predator_extinct,2,31.68298377451228,84.64033858227903,3.341155780212127e-12
18.666666666666664,0.016681005372000592,predator_extinct,2,31.710133458499072,89.80370136119636,3.1300775124207733e-09
18.666666666666664,0.018478497974222907,low_density_risk,4,31.713933487215538,93.74107991539317,1.5222538781359524e-06
18.666666666666664,0.02046968271807521,low_density_risk,4,31.29443877366946,96.3331095563199,0.00040381885351774836
18.666666666666664,0.02267543125870802,low_density_risk,4,12.703186026206883,92.11465377756835,0.02211106355080009
18.666666666666664,0.025118864315095794,low_density_risk,4,6.2606044210872716,82.02328250457693,0.04199152418309944
18.666666666666664,0.027825594022071243,low_density_risk,4,4.652519764306617,73.75268469206311,0.053018943292901646
18.666666666666664,0.030823992397451434,low_density_risk,4,3.3871442554056785,65.573305649519,0.06851258472159452
18.666666666666664,0.034145488738336005,low_density_risk,4,2.7356527305170872,58.03197413021907,0.08002542087205869
18.666666666666664,0.037824899063893865,low_density_risk,4,2.273277043104821,51.23514988008966,0.09110896944222234
18.666666666666664,0.04190079105786669,low_density_risk,4,1.9425198125928387,45.007136685029614,0.10113544597432711
18.666666666666664,0.046415888336127795,oscillatory_coexistence,1,1.891234708971811,39.394503268349354,0.11011366903212279
18.666666666666664,0.051417518276839276,oscillatory_coexistence,1,1.9712148663382925,34.48448380196267,0.11804012684368409
18.666666666666664,0.056958108107376865,oscillatory_coexistence,1,1.311565321765064,31.044195104159556,0.12359566319879792
18.666666666666664,0.06309573444801933,oscillatory_coexistence,1,0.4415377837333671,29.86411794405213,0.12403571552663491
18.666666666666664,0.06989473207273486,oscillatory_coexistence,1,0.29357325730189027,29.866019847010342,0.12205241319726147
18.666666666666664,0.0774263682681127,oscillatory_coexistence,1,0.10266966730482759,30.021702205105395,0.1216842295095006
18.666666666666664,0.08576958985908942,oscillatory_coexistence,1,0.06514794744519245,30.04319844302566,0.12203176906410206
18.666666666666664,0.0950118507318144,oscillatory_coexistence,1,0.02526675884819118,30.009244478825956,0.12219164168649284
18.666666666666664,0.10525002852777332,oscillatory_coexistence,1,0.008665795062233934,29.99526009498459,0.12217502288546635
18.666666666666664,0.11659144011798317,oscillatory_coexistence,1,0.005095925453606545,29.996717056238854,0.12214368290741315
18.666666666666664,0.1291549665014884,oscillatory_coexistence,1,0.0018837008301329824,29.99939812566973,0.1221353472767973
18.666666666666664,0.14307229891937578,stable_coexistence,0,0.0005723615807825658,30.000203577476878,0.12213640947150839
18.666666666666664,0.15848931924611134,stable_coexistence,0,0.00026039569105170573,30.00018188938527,0.12213789739162373
18.666666666666664,0.17556762912750015,stable_coexistence,0,0.00010671343412347548,30.0000714895104,0.1221384544848316
18.666666666666664,0.19448624389373625,stable_coexistence,0,4.240676822273029e-05,30.000018869772465,0.12213856578498478
18.666666666666664,0.21544346900318845,stable_coexistence,0,1.668930584963046e-05,30.00000298486077,0.12213856534747092
18.666666666666664,0.2386589786858581,stable_coexistence,0,5.981648945256246e-06,29.99999965390211,0.12213855314093061
18.666666666666664,0.26437611857491,stable_coexistence,0,2.150146956914875e-06,29.999999380939705,0.12213854562500012
18.666666666666664,0.29286445646252374,stable_coexistence,0,8.321814855666629e-07,29.99999958987287,0.12213854203678745
18.666666666666664,0.324422607917163,stable_coexistence,0,3.6451955463169484e-07,29.99999977080573,0.12213854041299874
18.666666666666664,0.35938136638046275,stable_coexistence,0,1.8494592682175287e-07,29.999999878086943,0.12213853966305185
18.666666666666664,0.3981071705534973,stable_coexistence,0,1.0818422861951372e-07,29.999999936483942,0.12213853929787229
18.666666666666664,0.44100594541767385,stable_coexistence,0,7.123890498467747e-08,29.999999967901317,0.12213853910826743
18.666666666666664,0.4885273571519389,stable_coexistence,0,5.1245668948763425e-08,29.999999985007655,0.12213853900339941
18.666666666666664,0.5411695265464638,stable_coexistence,0,3.920759267603274e-08,29.999999994471157,0.12213853894206814
18.666666666666664,0.5994842503189411,stable_coexistence,0,3.127483137676455e-08,29.999999999757488,0.12213853890450935
18.666666666666664,0.6640827850634842,stable_coexistence,0,2.5663004637562077e-08,30.000000002699903,0.12213853888066065
18.666666666666664,0.7356422544596414,stable_coexistence,0,2.147872800790906e-08,30.000000004297,0.12213853886509318
18.666666666666664,0.8149127469020745,stable_coexistence,0,1.82397588557338e-08,30.00000000510912,0.12213853885472156
18.666666666666664,0.9027251779484579,stable_coexistence,0,1.5665771136725182e-08,30.00000000545963,0.12213853884770984
18.666666666666664,1.0,stable_coexistence,0,1.3581802346941402e-08,30.00000000553974,0.12213853884292243
18.666666666666664,1.1077568505097097,stable_coexistence,0,1.1871533443011376e-08,30.000000005463942,0.12213853883963526
18.666666666666664,1.2271252398511903,stable_coexistence,0,1.0453452975459157e-08,30.00000000530212,0.12213853883737467
18.666666666666664,1.3593563908785256,stable_coexistence,0,9.26801000231882e-09,30.000000005096574,0.12213853883582465
18.666666666666664,1.5058363542798414,stable_coexistence,0,8.270313854630286e-09,30.000000004872977,0.12213853883477052
18.666666666666664,1.6681005372000592,stable_coexistence,0,7.425729363590379e-09,30.000000004646974,0.12213853883406416
18.666666666666664,1.8478497974222907,stable_coexistence,0,6.707070216743847e-09,30.000000004427594,0.1221385388336028
18.666666666666664,2.046968271807522,stable_coexistence,0,6.0927071379480294e-09,30.000000004219917,0.12213853883331406
18.666666666666664,2.267543125870802,stable_coexistence,0,5.565265817809082e-09,30.000000004026447,0.12213853883314735
18.666666666666664,2.5118864315095797,stable_coexistence,0,5.1106631808845165e-09,30.000000003848186,0.12213853883306529
18.666666666666664,2.782559402207126,stable_coexistence,0,4.737140914979489e-09,30.000000003685145,0.12213853883304242
18.666666666666664,3.0823992397451434,stable_coexistence,0,4.5353651924410105e-09,30.00000000353688,0.1221385388330601
18.666666666666664,3.414548873833601,stable_coexistence,0,4.354240624205227e-09,30.00000000340242,0.12213853883310478
18.666666666666664,3.782489906389386,stable_coexistence,0,4.19176528077742e-09,30.000000003280956,0.12213853883316647
18.666666666666664,4.190079105786669,stable_coexistence,0,4.046073580661655e-09,30.000000003171277,0.12213853883323925
18.666666666666664,4.641588833612782,stable_coexistence,0,3.915449811537504e-09,30.000000003072433,0.12213853883331763
18.666666666666664,5.141751827683928,stable_coexistence,0,3.798332902439976e-09,30.00000000298351,0.12213853883339802
18.666666666666664,5.695810810737687,stable_coexistence,0,3.6933094927362654e-09,30.00000000290345,0.12213853883347815
18.666666666666664,6.309573444801936,stable_coexistence,0,3.5991089326991565e-09,30.000000002831424,0.1221385388335563
18.666666666666664,6.989473207273487,stable_coexistence,0,3.5145906713171187e-09,30.000000002766605,0.1221385388336312
18.666666666666664,7.742636826811269,stable_coexistence,0,3.4387347119343717e-09,30.000000002708326,0.1221385388337024
18.666666666666664,8.576958985908945,stable_coexistence,0,3.3706302499176625e-09,30.000000002655824,0.12213853883376946
18.666666666666664,9.50118507318144,stable_coexistence,0,3.309457492923049e-09,30.00000000260868,0.1221385388338325
18.666666666666664,10.525002852777327,stable_coexistence,0,3.2544916377125795e-09,30.00000000256626,0.12213853883389074
18.666666666666664,11.659144011798324,stable_coexistence,0,3.205072759971118e-09,30.00000000252807,0.12213853883394479
18.666666666666664,12.91549665014884,stable_coexistence,0,3.160590475156509e-09,30.000000002493657,0.12213853883399486
18.666666666666664,14.307229891937586,stable_coexistence,0,3.120306117984193e-09,30.000000002462446,0.12213853883404215
18.666666666666664,15.848931924611142,stable_coexistence,0,3.0740635805017937e-09,30.00000000242638,0.12213853883412887
18.666666666666664,17.556762912750013,stable_coexistence,0,3.041792508853639e-09,30.00000000240135,0.12213853883416743
18.666666666666664,19.448624389373634,stable_coexistence,0,3.0127422041883488e-09,30.00000000237881,0.12213853883420277
18.666666666666664,21.544346900318846,stable_coexistence,0,2.986417382399573e-09,30.000000002358366,0.12213853883423571
18.666666666666664,23.865897868585808,stable_coexistence,0,2.9603561667420036e-09,30.00000000233807,0.12213853883427628
18.666666666666664,26.437611857491014,stable_coexistence,0,2.8710723155436344e-09,30.000000002267228,0.12213853883460331
18.666666666666664,29.286445646252375,stable_coexistence,0,8.385525423437227e-06,29.979796838839444,1.7500514695074296
18.666666666666664,32.4422607917163,stable_coexistence,0,5.4534138713614356e-05,29.878178389842244,4.912931935762936
18.666666666666664,35.938136638046295,stable_coexistence,0,5.539142226968679e-05,29.87813983580452,4.906115422165405
18.666666666666664,39.810717055349734,stable_coexistence,0,5.6038252095565697e-05,29.87810490618819,4.899939113480611
18.666666666666664,44.100594541767364,stable_coexistence,0,5.6511702869577205e-05,29.87807327595842,4.894344797186234
18.666666666666664,48.852735715193916,stable_coexistence,0,5.6843796090635394e-05,29.878044645725346,4.889279214335946
18.666666666666664,54.116952654646376,stable_coexistence,0,5.7062107989401536e-05,29.87801874051288,4.884693698150476
18.666666666666664,59.948425031894146,stable_coexistence,0,5.71899640337261e-05,29.87799530839213,4.880543828133693
18.666666666666664,66.40827850634845,stable_coexistence,0,5.724683202820655e-05,29.87797411904402,4.876789101191765
18.666666666666664,73.56422544596414,stable_coexistence,0,5.724899548134393e-05,29.87795496228852,4.873392620690633
18.666666666666664,81.49127469020749,stable_coexistence,0,5.720961308707981e-05,29.877937646630016,4.870320803931225
18.666666666666664,90.27251779484578,stable_coexistence,0,5.7139697274627864e-05,29.877921997823055,4.867543108157319
18.666666666666664,100.0,stable_coexistence,0,5.7047963000047134e-05,29.877907857505708,4.865031774912058
18.88888888888889,0.01,predator_extinct,2,1.6357262893329654,53.167997792753845,1.1098422484823103e-27
18.88888888888889,0.011077568505097092,predator_extinct,2,1.402192215948194,62.29060455119305,2.837936888014011e-23
18.88888888888889,0.012271252398511897,predator_extinct,2,1.1935930455136552,70.70129482428543,2.9425763478752295e-19
18.88888888888889,0.013593563908785255,predator_extinct,2,17.846392008307536,78.1607795701291,1.2938901364650626e-15
18.88888888888889,0.015058363542798407,predator_extinct,2,31.67984864437479,84.53074074978235,2.570625877043393e-12
18.88888888888889,0.016681005372000592,predator_extinct,2,31.71004787164981,89.72113357213016,2.472008238183347e-09
18.88888888888889,0.018478497974222907,low_density_risk,4,31.71418226060448,93.68415927925867,1.23092071779779e-06
18.88888888888889,0.02046968271807521,low_density_risk,4,31.362618004712374,96.32332134160566,0.0003342878086658137
18.88888888888889,0.02267543125870802,low_density_risk,4,13.567323381220879,92.45637543346156,0.020466104703307734
18.88888888888889,0.025118864315095794,low_density_risk,4,6.310616695919477,82.3373360103203,0.04118186922294623
18.88888888888889,0.027825594022071243,low_density_risk,4,4.698401969115641,74.0151596929007,0.05189928286078018
18.88888888888889,0.030823992397451434,low_density_risk,4,3.4094222839442296,65.82726641790538,0.06728354896382349
18.88888888888889,0.034145488738336005,low_density_risk,4,2.748430704843355,58.25142530822376,0.07873791739572181
18.88888888888889,0.037824899063893865,low_density_risk,4,2.28199727799468,51.43204351159204,0.08971680354263527
18.88888888888889,0.04190079105786669,low_density_risk,4,1.948371281747216,45.181446800765535,0.09967384594430928
18.88888888888889,0.046415888336127795,oscillatory_coexistence,1,1.8850967922216881,39.54703627729699,0.10858380114698973
18.88888888888889,0.051417518276839276,oscillatory_coexistence,1,1.9748761874210952,34.607620879158496,0.11646623461830281
18.88888888888889,0.056958108107376865,oscillatory_coexistence,1,1.340420070482184,31.10731527395948,0.1220680740686115
18.88888888888889,0.06309573444801933,oscillatory_coexistence,1,0.44127888166180934,29.874222920662042,0.12265204236573714
18.88888888888889,0.06989473207273486,oscillatory_coexistence,1,0.30025302489456346,29.861869376905716,0.12068335211591581
18.88888888888889,0.0774263682681127,oscillatory_coexistence,1,0.10483194561641546,30.01918734054148,0.12028158018414599
18.88888888888889,0.08576958985908942,oscillatory_coexistence,1,0.06555894198578474,30.043554838462565,0.12062156348244964
18.88888888888889,0.0950118507318144,oscillatory_coexistence,1,0.025452815750445206,30.009802125517016,0.12078476203551451
18.88888888888889,0.10525002852777332,oscillatory_coexistence,1,0.008650472989374351,29.995371275702148,0.12077022684752714
18.88888888888889,0.11659144011798317,oscillatory_coexistence,1,0.005143107304630849,29.99667763915683,0.12073906678192009
18.88888888888889,0.1291549665014884,oscillatory_coexistence,1,0.0018962117995935887,29.99936955065093,0.12073053946802093
18.88888888888889,0.14307229891937578,stable_coexistence,0,0.000583254796617187,30.00019652858968,0.12073151063037457
18.88888888888889,0.15848931924611134,stable_coexistence,0,0.00026018255430349543,30.00018182897055,0.12073298068197785
18.88888888888889,0.17556762912750015,stable_coexistence,0,0.00010749571867133811,30.00007218536126,0.12073353851250511
18.88888888888889,0.19448624389373625,stable_coexistence,0,4.247748351884217e-05,30.000019248117034,0.12073365186058989
18.88888888888889,0.21544346900318845,stable_coexistence,0,1.678799926118439e-05,30.00000313479982,0.12073365245471712
18.88888888888889,0.2386589786858581,stable_coexistence,0,6.035043126380256e-06,29.99999970897354,0.12073364064915401
18.88888888888889,0.26437611857491,stable_coexistence,0,2.1748433944624783e-06,29.9999994018441,0.12073363327833227
18.88888888888889,0.29286445646252374,stable_coexistence,0,8.435816678453598e-07,29.999999598608458,0.12073362974320014
18.88888888888889,0.324422607917163,stable_coexistence,0,3.701129045250853e-07,29.999999774948105,0.12073362814000904
18.88888888888889,0.35938136638046275,stable_coexistence,0,1.8793562194840603e-07,29.999999880321248,0.12073362739880206
18.88888888888889,0.3981071705534973,stable_coexistence,0,1.0992572303360265e-07,29.999999937832047,0.12073362703773458
18.88888888888889,0.44100594541767385,stable_coexistence,0,7.232846128073913e-08,29.99999996878924,0.12073362685027487
18.88888888888889,0.4885273571519389,stable_coexistence,0,5.196454042890376e-08,29.99999998563117,0.12073362674663729
18.88888888888889,0.5411695265464638,stable_coexistence,0,3.9698993610275577e-08,29.99999999492907,0.12073362668607071
18.88888888888889,0.5994842503189411,stable_coexistence,0,3.161797437190117e-08,30.0000000001045,0.12073362664901888
18.88888888888889,0.6640827850634842,stable_coexistence,0,2.5904976176410108e-08,30.00000000296862,0.12073362662552334
18.88888888888889,0.7356422544596414,stable_coexistence,0,2.1649327660655053e-08,30.00000000450835,0.12073362661021081
18.88888888888889,0.8149127469020745,stable_coexistence,0,1.83588725819004e-08,30.00000000527725,0.12073362660002886
18.88888888888889,0.9027251779484579,stable_coexistence,0,1.5747016961522186e-08,30.000000005594526,0.12073362659316082
18.88888888888889,1.0,stable_coexistence,0,1.3634824466909996e-08,30.000000005648662,0.12073362658848455
18.88888888888889,1.1077568505097097,stable_coexistence,0,1.1903304177162136e-08,30.000000005552337,0.12073362658528426
18.88888888888889,1.2271252398511903,stable_coexistence,0,1.046906466515003e-08,30.000000005374105,0.12073362658309218
18.88888888888889,1.3593563908785256,stable_coexistence,0,9.271237050558368e-09,30.000000005155297,0.12073362658159717
18.88888888888889,1.5058363542798414,stable_coexistence,0,8.263981853028375e-09,30.000000004920945,0.12073362658058705
18.88888888888889,1.6681005372000592,stable_coexistence,0,7.411978230017673e-09,30.000000004686118,0.12073362657991622
18.88888888888889,1.8478497974222907,stable_coexistence,0,6.68752093602687e-09,30.00000000445947,0.12073362657948344
18.88888888888889,2.046968271807522,stable_coexistence,0,6.068610146876988e-09,30.000000004245777,0.12073362657921914
18.88888888888889,2.267543125870802,stable_coexistence,0,5.537579046414904e-09,30.000000004047276,0.12073362657907223
18.88888888888889,2.5118864315095797,stable_coexistence,0,5.080131870072743e-09,30.000000003864802,0.12073362657900716
18.88888888888889,2.782559402207126,stable_coexistence,0,4.7506327070675265e-09,30.000000003698194,0.12073362657899851
18.88888888888889,3.0823992397451434,stable_coexistence,0,4.545413023606584e-09,30.000000003546894,0.12073362657902827
18.88888888888889,3.414548873833601,stable_coexistence,0,4.361343658099786e-09,30.00000000340988,0.1207336265790831
18.88888888888889,3.782489906389386,stable_coexistence,0,4.196339499067279e-09,30.000000003286207,0.12073362657915379
18.88888888888889,4.190079105786669,stable_coexistence,0,4.04847360004542e-09,30.00000000317458,0.12073362657923374
18.88888888888889,4.641588833612782,stable_coexistence,0,3.915969478237919e-09,30.000000003074213,0.12073362657931834
18.88888888888889,5.141751827683928,stable_coexistence,0,3.797221804706986e-09,30.00000000298386,0.12073362657940402
18.88888888888889,5.695810810737687,stable_coexistence,0,3.690781806294049e-09,30.000000002902578,0.12073362657948869
18.88888888888889,6.309573444801936,stable_coexistence,0,3.595344851505141e-09,30.0000000028295,0.12073362657957086
18.88888888888889,6.989473207273487,stable_coexistence,0,3.5097475768732554e-09,30.000000002763752,0.12073362657964931
18.88888888888889,7.742636826811269,stable_coexistence,0,3.4329435185110496e-09,30.00000000270462,0.1207336265797234
18.88888888888889,8.576958985908945,stable_coexistence,0,3.364004951238947e-09,30.00000000265144,0.12073362657979313
18.88888888888889,9.50118507318144,stable_coexistence,0,3.302101968503054e-09,30.000000002603674,0.12073362657985814
18.88888888888889,10.525002852777327,stable_coexistence,0,3.246488344077887e-09,30.0000000025607,0.12073362657991883
18.88888888888889,11.659144011798324,stable_coexistence,0,3.1964984285377495e-09,30.00000000252203,0.12073362657997463
18.88888888888889,12.91549665014884,stable_coexistence,0,3.1515123207683337e-09,30.000000002487184,0.12073362658002625
18.88888888888889,14.307229891937586,stable_coexistence,0,3.110786898072806e-09,30.0000000024556,0.12073362658007489
18.88888888888889,15.848931924611142,stable_coexistence,0,3.0643466147051734e-09,30.00000000241935,0.12073362658016218
18.88888888888889,17.556762912750013,stable_coexistence,0,3.0317249651339107e-09,30.000000002394017,0.12073362658020183
18.88888888888889,19.448624389373634,stable_coexistence,0,3.0023601815319484e-09,30.000000002371216,0.12073362658023809
18.88888888888889,21.544346900318846,stable_coexistence,0,2.9757637454984306e-09,30.000000002350543,0.12073362658027184
18.88888888888889,23.865897868585808,stable_coexistence,0,2.9495319166100274e-09,30.000000002330083,0.12073362658031284
18.88888888888889,26.437611857491014,stable_coexistence,0,2.861458485881386e-09,30.000000002260204,0.12073362658063545
18.88888888888889,29.286445646252375,stable_coexistence,0,9.9819708694242e-06,29.979943057238543,1.7433481143500136
18.88888888888889,32.4422607917163,stable_coexistence,0,5.464545150622291e-05,29.878173734908096,4.912108933592134
18.88888888888889,35.938136638046295,stable_coexistence,0,5.5476343516100346e-05,29.87813561747278,4.905369598888568
18.88888888888889,39.810717055349734,stable_coexistence,0,5.6101330750588475e-05,29.878101085525884,4.899263472061412
18.88888888888889,44.100594541767364,stable_coexistence,0,5.655682991645407e-05,29.87806981705605,4.893732932362997
18.88888888888889,48.852735715193916,stable_coexistence,0,5.687440411344001e-05,29.87804151556051,4.888725270095177
18.88888888888889,54.116952654646376,stable_coexistence,0,5.708119930185987e-05,29.878015908799846,4.884192326901416
18.88888888888889,59.948425031894146,stable_coexistence,0,5.7199840108604454e-05,29.877992747421267,4.880090151783876
18.88888888888889,66.40827850634845,stable_coexistence,0,5.7249680210647154e-05,29.877971803505666,4.876378674259099
18.88888888888889,73.56422544596414,stable_coexistence,0,5.724633073733579e-05,29.877952869111393,4.873021395527924
18.88888888888889,81.49127469020749,stable_coexistence,0,5.7203032593221444e-05,29.87793575480847,4.869985098095091
18.88888888888889,90.27251779484578,stable_coexistence,0,5.713015566245466e-05,29.877920288257712,4.867239573912543
18.88888888888889,100.0,stable_coexistence,0,5.703625240232364e-05,29.87790631284662,4.864757370835625
19.11111111111111,0.01,predator_extinct,2,1.642763825487393,52.964391374146835,7.50638425520493e-28
19.11111111111111,0.011077568505097092,predator_extinct,2,1.4081828154357932,62.105989027698165,1.9920778584485647e-23
19.11111111111111,0.012271252398511897,predator_extinct,2,1.1987412394173504,70.54024251370058,2.1380493742830164e-19
19.11111111111111,0.013593563908785255,predator_extinct,2,15.58023700165444,78.02542367880976,9.70244273093001e-16
19.11111111111111,0.015058363542798407,predator_extinct,2,31.675909174295704,84.42200815613849,1.9835536955330357e-12
19.11111111111111,0.016681005372000592,predator_extinct,2,31.70996149116469,89.63910906162675,1.9574123735467364e-09
19.11111111111111,0.018478497974222907,predator_extinct,2,31.714379836808046,93.62750563523704,9.976930559823745e-07
19.11111111111111,0.02046968271807521,low_density_risk,4,31.41936470586176,96.30946913752092,0.0002772134646492607
19.11111111111111,0.02267543125870802,low_density_risk,4,14.548280782519514,92.78775677765402,0.018864815517742856
19.11111111111111,0.025118864315095794,low_density_risk,4,6.361525706304252,82.65007746630569,0.0403898694459359
19.11111111111111,0.027825594022071243,low_density_risk,4,4.743880001156547,74.27378969593859,0.05081910472063847
19.11111111111111,0.030823992397451434,low_density_risk,4,3.431923704513941,66.07845193702374,0.06608385917930347
19.11111111111111,0.034145488738336005,low_density_risk,4,2.7611515704047043,58.46850222989548,0.07748457666473099
19.11111111111111,0.037824899063893865,low_density_risk,4,2.290689346786593,51.62669498526672,0.08836000735935531
19.11111111111111,0.04190079105786669,low_density_risk,4,1.9541906890378358,45.35384045618706,0.09824870917752752
19.11111111111111,0.046415888336127795,oscillatory_coexistence,1,1.8789906478243756,39.69796485026547,0.10709152165664257
19.11111111111111,0.051417518276839276,oscillatory_coexistence,1,1.9779141233774507,34.730071819843474,0.11492949581239693
19.11111111111111,0.056958108107376865,oscillatory_coexistence,1,1.3685594136554795,31.171371348490695,0.12057244409389685
19.11111111111111,0.06309573444801933,oscillatory_coexistence,1,0.44103428172082865,29.884974316920708,0.12129691754097251
19.11111111111111,0.06989473207273486,oscillatory_coexistence,1,0.3066978111255519,29.857873272151455,0.11934609210849864
19.11111111111111,0.0774263682681127,oscillatory_coexistence,1,0.10693086250385656,30.016627953518537,0.11891133776080262
19.11111111111111,0.08576958985908942,oscillatory_coexistence,1,0.06592502777505298,30.04387252737707,0.11924347417590864
19.11111111111111,0.0950118507318144,oscillatory_coexistence,1,0.02562431456484138,30.010357493595773,0.11940983516033044
19.11111111111111,0.10525002852777332,oscillatory_coexistence,1,0.008635520443736052,29.99548646775785,0.11939737131352829
19.11111111111111,0.11659144011798317,oscillatory_coexistence,1,0.005188352226124276,29.996639813432196,0.11936640673530799
19.11111111111111,0.1291549665014884,oscillatory_coexistence,1,0.0019081251163620633,29.999341166936087,0.1193576946554977
19.11111111111111,0.14307229891937578,stable_coexistence,0,0.0005940404491333772,30.000189411286946,0.11935857601703749
19.11111111111111,0.15848931924611134,stable_coexistence,0,0.00025991343902702986,30.000181720371614,0.11936002808044281
19.11111111111111,0.17556762912750015,stable_coexistence,0,0.0001082574449496819,30.000072862627224,0.11936058647171294
19.11111111111111,0.19448624389373625,stable_coexistence,0,4.25423211347787e-05,30.00001962037563,0.11936070178550415
19.11111111111111,0.21544346900318845,stable_coexistence,0,1.688415798030234e-05,30.00000328281242,0.11936070338178324
19.11111111111111,0.2386589786858581,stable_coexistence,0,6.0874175007296154e-06,29.99999976341539,0.11936069196768251
19.11111111111111,0.26437611857491,stable_coexistence,0,2.1991302513480725e-06,29.999999422525278,0.11936068473899163
19.11111111111111,0.29286445646252374,stable_coexistence,0,8.548032630169787e-07,29.999999607254136,0.11936068125598859
19.11111111111111,0.324422607917163,stable_coexistence,0,3.756214993398096e-07,29.999999779047876,0.11936067967307383
19.11111111111111,0.35938136638046275,stable_coexistence,0,1.9088016788649716e-07,29.99999988253168,0.11936067894048243
19.11111111111111,0.3981071705534973,stable_coexistence,0,1.1164024406105033e-07,29.999999939164752,0.1193606785834684
19.11111111111111,0.44100594541767385,stable_coexistence,0,7.340011983419769e-08,29.999999969666234,0.11936067839812428
19.11111111111111,0.4885273571519389,stable_coexistence,0,5.2670641324433237e-08,29.999999986246316,0.11936067829569956
19.11111111111111,0.5411695265464638,stable_coexistence,0,4.0180851126603027e-08,29.99999999538036,0.11936067823588596
19.11111111111111,0.5994842503189411,stable_coexistence,0,3.1953752236308305e-08,30.000000000446004,0.11936067819933219
19.11111111111111,0.6640827850634842,stable_coexistence,0,2.6141159278861567e-08,30.00000000323274,0.11936067817618295
19.11111111111111,0.7356422544596414,stable_coexistence,0,2.1815380787283656e-08,30.000000004715787,0.11936067816112067
19.11111111111111,0.8149127469020745,stable_coexistence,0,1.8474298235998447e-08,30.000000005442008,0.11936067815112444
19.11111111111111,0.9027251779484579,stable_coexistence,0,1.5825297691484227e-08,30.000000005726527,0.11936067814439712
19.11111111111111,1.0,stable_coexistence,0,1.3685470176700053e-08,30.000000005755084,0.1193606781398293
19.11111111111111,1.1077568505097097,stable_coexistence,0,1.193314401142952e-08,30.00000000563853,0.11936067813671371
19.11111111111111,1.2271252398511903,stable_coexistence,0,1.0483109371261853e-08,30.000000005444175,0.11936067813458853
19.11111111111111,1.3593563908785256,stable_coexistence,0,9.273197674795947e-09,30.000000005212314,0.11936067813314692
19.11111111111111,1.5058363542798414,stable_coexistence,0,8.256633775314937e-09,30.000000004967383,0.1193606781321797
19.11111111111111,1.6681005372000592,stable_coexistence,0,7.39741174865618e-09,30.00000000472391,0.11936067813154384
19.11111111111111,1.8478497974222907,stable_coexistence,0,6.667325771963493e-09,30.00000000449014,0.11936067813113993
19.11111111111111,2.046968271807522,stable_coexistence,0,6.044004288783694e-09,30.00000000427051,0.1193606781308982
19.11111111111111,2.267543125870802,stable_coexistence,0,5.5094999370070726e-09,30.000000004067104,0.11936067813077045
19.11111111111111,2.5118864315095797,stable_coexistence,0,5.0493067498399625e-09,30.000000003880483,0.11936067813072147
19.11111111111111,2.782559402207126,stable_coexistence,0,4.763203865506736e-09,30.000000003710408,0.11936067813072623
19.11111111111111,3.0823992397451434,stable_coexistence,0,4.5546087382891246e-09,30.000000003556128,0.11936067813076716
19.11111111111111,3.414548873833601,stable_coexistence,0,4.367655791232537e-09,30.000000003416638,0.11936067813083155
19.11111111111111,3.782489906389386,stable_coexistence,0,4.200181864356979e-09,30.000000003290804,0.11936067813091045
19.11111111111111,4.190079105786669,stable_coexistence,0,4.050186804954144e-09,30.000000003177362,0.11936067813099739
19.11111111111111,4.641588833612782,stable_coexistence,0,3.915843931677671e-09,30.000000003075396,0.11936067813108774
19.11111111111111,5.141751827683928,stable_coexistence,0,3.795505615391267e-09,30.000000002983665,0.11936067813117857
19.11111111111111,5.695810810737687,stable_coexistence,0,3.687681420847001e-09,30.000000002901203,0.11936067813126768
19.11111111111111,6.309573444801936,stable_coexistence,0,3.5910396181650045e-09,30.000000002827072,0.11936067813135351
19.11111111111111,6.989473207273487,stable_coexistence,0,3.5043866034560717e-09,30.000000002760423,0.11936067813143518
19.11111111111111,7.742636826811269,stable_coexistence,0,3.4266584112818388e-09,30.000000002700464,0.11936067813151235
19.11111111111111,8.576958985908945,stable_coexistence,0,3.3569100180292594e-09,30.00000000264665,0.11936067813158459
19.11111111111111,9.50118507318144,stable_coexistence,0,3.2942924371798103e-09,30.000000002598266,0.11936067813165194
19.11111111111111,10.525002852777327,stable_coexistence,0,3.2380492312794417e-09,30.000000002554753,0.11936067813171426
19.11111111111111,11.659144011798324,stable_coexistence,0,3.1875020947476168e-09,30.000000002515606,0.11936067813177176
19.11111111111111,12.91549665014884,stable_coexistence,0,3.142024577384136e-09,30.000000002480338,0.1193606781318249
19.11111111111111,14.307229891937586,stable_coexistence,0,3.1008725661078306e-09,30.000000002448406,0.11936067813187486
19.11111111111111,15.848931924611142,stable_coexistence,0,3.054242487341479e-09,30.000000002411962,0.11936067813196262
19.11111111111111,17.556762912750013,stable_coexistence,0,3.021278394114255e-09,30.000000002386358,0.11936067813200332
19.11111111111111,19.448624389373634,stable_coexistence,0,2.9916106055688578e-09,30.000000002363283,0.11936067813204047
19.11111111111111,21.544346900318846,stable_coexistence,0,2.9647463793243495e-09,30.000000002342386,0.11936067813207506
19.11111111111111,23.865897868585808,stable_coexistence,0,2.9383496653764383e-09,30.00000000232178,0.11936067813211648
19.11111111111111,26.437611857491014,stable_coexistence,0,2.851476555965578e-09,30.000000002252865,0.11936067813243474
19.11111111111111,29.286445646252375,stable_coexistence,0,1.173879552876295e-05,29.9800871163353,1.7367567067195884
19.11111111111111,32.4422607917163,stable_coexistence,0,5.475221076629352e-05,29.878169186083262,4.911304698131313
19.11111111111111,35.938136638046295,stable_coexistence,0,5.555756796719967e-05,29.878131495565047,4.904640813474094
19.11111111111111,39.810717055349734,stable_coexistence,0,5.616144232179054e-05,29.87809735240651,4.898603290920367
19.11111111111111,44.100594541767364,stable_coexistence,0,5.6599587295213354e-05,29.878066437569355,4.893135089665736
19.11111111111111,48.852735715193916,stable_coexistence,0,5.690327577966747e-05,29.878038457389618,4.888184038108116
19.11111111111111,54.116952654646376,stable_coexistence,0,5.709882691405315e-05,29.87801314231698,4.883702475845376
19.11111111111111,59.948425031894146,stable_coexistence,0,5.720880428430214e-05,29.877990245518774,4.879646911591209
19.11111111111111,66.40827850634845,stable_coexistence,0,5.725173297360132e-05,29.877969541437032,4.875977698353906
19.11111111111111,73.56422544596414,stable_coexistence,0,5.724331051165991e-05,29.877950824314997,4.872658726701016
19.11111111111111,81.49127469020749,stable_coexistence,0,5.719602169786771e-05,29.8779339067493,4.8696571364974215
19.11111111111111,90.27251779484578,stable_coexistence,0,5.712038273069484e-05,29.877918618266488,4.866943047157436
19.11111111111111,100.0,stable_coexistence,0,5.702460416831514e-05,29.877904803967137,4.864489306170335
19.333333333333332,0.01,predator_extinct,2,1.6497385061538996,52.76304537221475,5.098986949616213e-28
19.333333333333332,0.011077568505097092,predator_extinct,2,1.4141192387652797,61.923272096154534,1.4037792050417254e-23
19.333333333333332,0.012271252398511897,predator_extinct,2,1.203841269159408,70.38073216947751,1.5589404313760525e-19
19.333333333333332,0.013593563908785255,predator_extinct,2,13.34832902276745,77.89126123211659,7.298537388215803e-16
19.333333333333332,0.015058363542798407,predator_extinct,2,31.670950766983378,84.31412710418746,1.5349143978622352e-12
19.333333333333332,0.016681005372000592,predator_extinct,2,31.709874183816012,89.55762069521737,1.5539149876835133e-09
19.333333333333332,0.018478497974222907,predator_extinct,2,31.714536351590528,93.57111999392805,8.105227711800136e-07
19.333333333333332,0.02046968271807521,low_density_risk,4,31.46664687057972,96.29224695603175,0.00023029065099824483
19.333333333333332,0.02267543125870802,low_density_risk,4,15.56963930009699,93.10840791697767,0.0173169964133151
19.333333333333332,0.025118864315095794,low_density_risk,4,6.413545236410885,82.96148090364812,0.03961388339669648
19.333333333333332,0.027825594022071243,low_density_risk,4,4.788910862866971,74.5287227056386,0.04977697726862086
19.333333333333332,0.030823992397451434,low_density_risk,4,3.4546466203138464,66.32689449915007,0.06491247969874728
19.333333333333332,0.034145488738336005,low_density_risk,4,2.7738270667457936,58.683267296116576,0.07626409266775541
19.333333333333332,0.037824899063893865,low_density_risk,4,2.29935352927994,51.81915224593048,0.08703732919276376
19.333333333333332,0.04190079105786669,low_density_risk,4,1.959977349170711,45.52435919040287,0.09685873018715896
19.333333333333332,0.046415888336127795,oscillatory_coexistence,1,1.8729217650537853,39.847317298956696,0.10563551226363273
19.333333333333332,0.051417518276839276,oscillatory_coexistence,1,1.9803753815859069,34.851811327784084,0.11342869328534769
19.333333333333332,0.056958108107376865,oscillatory_coexistence,1,1.395964764674844,31.23631298991797,0.11910790569260027
19.333333333333332,0.06309573444801933,oscillatory_coexistence,1,0.4408012735284818,29.896369315064565,0.1199693521249034
19.333333333333332,0.06989473207273486,oscillatory_coexistence,1,0.31289877018037765,29.854034858300892,0.11803950837831396
19.333333333333332,0.0774263682681127,oscillatory_coexistence,1,0.10896531838697199,30.014027341687523,0.11757240661385611
19.333333333333332,0.08576958985908942,oscillatory_coexistence,1,0.0662465699524281,30.04415177998805,0.11789642167055761
19.333333333333332,0.0950118507318144,oscillatory_coexistence,1,0.025781365856038154,30.010910255513224,0.1180657842425639
19.333333333333332,0.10525002852777332,oscillatory_coexistence,1,0.008620933701853793,29.995605543951783,0.11805537822848132
19.333333333333332,0.11659144011798317,oscillatory_coexistence,1,0.005231676139095502,29.99660356286646,0.11802462397623342
19.333333333333332,0.1291549665014884,oscillatory_coexistence,1,0.0019194489674224913,29.999312979621806,0.11801573388410203
19.333333333333332,0.14307229891937578,stable_coexistence,0,0.0006047178690386366,30.000182229362178,0.11801652667773756
19.333333333333332,0.15848931924611134,stable_coexistence,0,0.0002595894910512196,30.00018156506674,0.11801796065026424
19.333333333333332,0.17556762912750015,stable_coexistence,0,0.00010899875733071308,30.000073521782067,0.11801851943446008
19.333333333333332,0.19448624389373625,stable_coexistence,0,4.260148650506604e-05,30.000019986687622,0.11801863663489348
19.333333333333332,0.21544346900318845,stable_coexistence,0,1.6977859317256187e-05,30.000003428938165,0.1180186392048123
19.333333333333332,0.2386589786858581,stable_coexistence,0,6.138799789070078e-06,29.999999817238834,0.11801862817292859
19.333333333333332,0.26437611857491,stable_coexistence,0,2.223012170377554e-06,29.99999944298644,0.1180186210834606
19.333333333333332,0.29286445646252374,stable_coexistence,0,8.658497407803965e-07,29.999999615810783,0.1180186176516539
19.333333333333332,0.324422607917163,stable_coexistence,0,3.8104696467928907e-07,29.99999978310539,0.1180186160886957
19.333333333333332,0.35938136638046275,stable_coexistence,0,1.9378172717286656e-07,29.999999884718434,0.11801861536459485
19.333333333333332,0.3981071705534973,stable_coexistence,0,1.1332833822765043e-07,29.999999940482393,0.11801861501157969
19.333333333333332,0.44100594541767385,stable_coexistence,0,7.445429193087617e-08,29.999999970532425,0.11801861482832161
19.333333333333332,0.4885273571519389,stable_coexistence,0,5.336430677467682e-08,29.99999998685324,0.11801861472709306
19.333333333333332,0.5411695265464638,stable_coexistence,0,4.065344186298759e-08,29.99999999582509,0.11801861466802074
19.333333333333332,0.5994842503189411,stable_coexistence,0,3.2282397317460784e-08,30.000000000782183,0.11801861463195769
19.333333333333332,0.6640827850634842,stable_coexistence,0,2.637175266003501e-08,30.00000000349239,0.11801861460914805
19.333333333333332,0.7356422544596414,stable_coexistence,0,2.197699787719031e-08,30.000000004919457,0.11801861459433233
19.333333333333332,0.8149127469020745,stable_coexistence,0,1.858620859833649e-08,30.000000005603553,0.11801861458451765
19.333333333333332,0.9027251779484579,stable_coexistence,0,1.590075590885359e-08,30.000000005855732,0.11801861457792794
19.333333333333332,1.0,stable_coexistence,0,1.3733823438778172e-08,30.00000000585907,0.11801861457346574
19.333333333333332,1.1077568505097097,stable_coexistence,0,1.1961144368978828e-08,30.000000005722622,0.11801861457043253
19.333333333333332,1.2271252398511903,stable_coexistence,0,1.0495675437941412e-08,30.000000005512394,0.11801861456837295
19.333333333333332,1.3593563908785256,stable_coexistence,0,9.27396778468046e-09,30.000000005267722,0.11801861456698232
19.333333333333332,1.5058363542798414,stable_coexistence,0,8.248328596537006e-09,30.00000000501239,0.11801861456605696
19.333333333333332,1.6681005372000592,stable_coexistence,0,7.382079420649803e-09,30.00000000476041,0.11801861456545505
19.333333333333332,1.8478497974222907,stable_coexistence,0,6.64652854135574e-09,30.000000004519638,0.11801861456507899
19.333333333333332,2.046968271807522,stable_coexistence,0,6.018928643518585e-09,30.000000004294222,0.11801861456486054
19.333333333333332,2.267543125870802,stable_coexistence,0,5.481064135146151e-09,30.00000000408597,0.11801861456475153
19.333333333333332,2.5118864315095797,stable_coexistence,0,5.018219557761683e-09,30.00000000389532,0.11801861456471804
19.333333333333332,2.782559402207126,stable_coexistence,0,4.774895678161885e-09,30.000000003721826,0.11801861456473578
19.333333333333332,3.0823992397451434,stable_coexistence,0,4.5629932932866e-09,30.00000000356462,0.11801861456478753
19.333333333333332,3.414548873833601,stable_coexistence,0,4.373219196180204e-09,30.000000003422734,0.11801861456486115
19.333333333333332,3.782489906389386,stable_coexistence,0,4.203324599098751e-09,30.000000003294787,0.11801861456494767
19.333333333333332,4.190079105786669,stable_coexistence,0,4.051248505242888e-09,30.000000003179554,0.1180186145650412
19.333333333333332,4.641588833612782,stable_coexistence,0,3.915111123727955e-09,30.000000003076032,0.11801861456513729
19.333333333333332,5.141751827683928,stable_coexistence,0,3.793216691739702e-09,30.00000000298297,0.118018614565233
19.333333333333332,5.695810810737687,stable_coexistence,0,3.684040892423437e-09,30.00000000289933,0.11801861456532622
19.333333333333332,6.309573444801936,stable_coexistence,0,3.5862225060067114e-09,30.00000000282419,0.11801861456541585
19.333333333333332,6.989473207273487,stable_coexistence,0,3.4985413029129296e-09,30.000000002756646,0.11801861456550068
19.333333333333332,7.742636826811269,stable_coexistence,0,3.419912987399e-09,30.000000002695945,0.11801861456558053
19.333333333333332,8.576958985908945,stable_coexistence,0,3.3493715590821595e-09,30.000000002641457,0.1180186145656551
19.333333333333332,9.50118507318144,stable_coexistence,0,3.2860574363680024e-09,30.000000002592486,0.11801861456572435
19.333333333333332,10.525002852777327,stable_coexistence,0,3.229201229055127e-09,30.000000002548447,0.11801861456578859
19.333333333333332,11.659144011798324,stable_coexistence,0,3.178112449712297e-09,30.00000000250883,0.11801861456584782
19.333333333333332,12.91549665014884,stable_coexistence,0,3.132156583663247e-09,30.00000000247316,0.11801861456590261
19.333333333333332,14.307229891937586,stable_coexistence,0,3.0905889345690642e-09,30.000000002440874,0.11801861456595375
19.333333333333332,15.848931924611142,stable_coexistence,0,3.043777014619497e-09,30.000000002404267,0.11801861456604194
19.333333333333332,17.556762912750013,stable_coexistence,0,3.0104801632031043e-09,30.00000000237838,0.11801861456608362
19.333333333333332,19.448624389373634,stable_coexistence,0,2.980516630453839e-09,30.000000002355048,0.11801861456612166
19.333333333333332,21.544346900318846,stable_coexistence,0,2.953392774301467e-09,30.000000002333916,0.11801861456615695
19.333333333333332,23.865897868585808,stable_coexistence,0,2.9268353483185965e-09,30.00000000231319,0.11801861456619876
19.333333333333332,26.437611857491014,stable_coexistence,0,2.841151878695988e-09,30.000000002245205,0.11801861456651272
19.333333333333332,29.286445646252375,stable_coexistence,0,1.366304134229801e-05,29.98022908139899,1.730274173919938
19.333333333333332,32.4422607917163,stable_coexistence,0,5.4854627358452595e-05,29.878164739790797,4.910518594544685
19.333333333333332,35.938136638046295,stable_coexistence,0,5.563526741668301e-05,29.878127466819848,4.903928488557432
19.333333333333332,39.810717055349734,stable_coexistence,0,5.621872443212448e-05,29.878093703860994,4.897958045311633
19.333333333333332,44.100594541767364,stable_coexistence,0,5.6640229861142124e-05,29.878063134799834,4.89255079246491
19.333333333333332,48.852735715193916,stable_coexistence,0,5.693046306175456e-05,29.878035468763898,4.887655085692147
19.333333333333332,54.116952654646376,stable_coexistence,0,5.711528994650615e-05,29.878010438839386,4.883223752396457
19.333333333333332,59.948425031894146,stable_coexistence,0,5.721677602378141e-05,29.877987800668954,4.879213751517726
19.333333333333332,66.40827850634845,stable_coexistence,0,5.7253218603595175e-05,29.87796733100729,4.875585850722363
19.333333333333332,73.56422544596414,stable_coexistence,0,5.7239699115902063e-05,29.877948826243024,4.8723043217425275
19.333333333333332,81.49127469020749,stable_coexistence,0,5.7188823575026585e-05,29.877932100953515,4.8693366542095085
19.333333333333332,90.27251779484578,stable_coexistence,0,5.711046643818851e-05,29.877916986492224,4.86665328798658
19.333333333333332,100.0,stable_coexistence,0,5.701287598451281e-05,29.877903329637686,4.8642273637338915
19.555555555555554,0.01,predator_extinct,2,1.6566514905839833,52.56391359910859,3.478420414296955e-28
19.555555555555554,0.011077568505097092,predator_extinct,2,1.420002457367879,61.742416172638805,9.92986854649543e-24
19.555555555555554,0.012271252398511897,predator_extinct,2,1.208894144284312,70.22273437500468,1.140591156925017e-19
19.555555555555554,0.013593563908785255,predator_extinct,2,11.23533243653559,77.75827101674197,5.50721202887262e-16
19.555555555555554,0.015058363542798407,predator_extinct,2,31.664705088136895,84.20708421565622,1.1910570317327628e-12
19.555555555555554,0.016681005372000592,predator_extinct,2,31.709785775704006,89.476661475592,1.2366888099219703e-09
19.555555555555554,0.018478497974222907,predator_extinct,2,31.714659854348696,93.51500260850298,6.599531945169218e-07
19.555555555555554,0.02046968271807521,low_density_risk,4,31.506090606201216,96.272235650872,0.00019165065955971687
19.555555555555554,0.02267543125870802,low_density_risk,4,16.59161304346645,93.41794368725886,0.015831559167974865
19.555555555555554,0.025118864315095794,low_density_risk,4,6.466883497697979,83.27151076835794,0.03885235317485693
19.555555555555554,0.027825594022071243,low_density_risk,4,4.833476761785736,74.78010715950106,0.04877147778765857
19.555555555555554,0.030823992397451434,low_density_risk,4,3.4776011590923654,66.5726251651753,0.06376843947944012
19.555555555555554,0.034145488738336005,low_density_risk,4,2.78644558187819,58.89578045792027,0.0750752195760173
19.555555555555554,0.037824899063893865,low_density_risk,4,2.307988139542892,52.009461853605565,0.08574757506174803
19.555555555555554,0.04190079105786669,low_density_risk,4,1.9657315856701765,45.69304319605209,0.09550266412382867
19.555555555555554,0.046415888336127795,oscillatory_coexistence,1,1.866894727301585,39.99512163623237,0.10421451398240372
19.555555555555554,0.051417518276839276,oscillatory_coexistence,1,1.9823040403480434,34.972817389568526,0.11196265817374647
19.555555555555554,0.056958108107376865,oscillatory_coexistence,1,1.4226209847048756,31.302090421559733,0.11767361959269433
19.555555555555554,0.06309573444801933,oscillatory_coexistence,1,0.44058225124662487,29.908404815541953,0.11866840919442091
19.555555555555554,0.06989473207273486,oscillatory_coexistence,1,0.31884662045692325,29.85035722731849,0.11676252658091578
19.555555555555554,0.0774263682681127,oscillatory_coexistence,1,0.11093432880691552,30.01138871939727,0.11626373948796384
19.555555555555554,0.08576958985908942,oscillatory_coexistence,1,0.0665238763489306,30.044392895192885,0.11657937435287993
19.555555555555554,0.0950118507318144,oscillatory_coexistence,1,0.025924064099483692,30.011460098014904,0.11675158037788051
19.555555555555554,0.10525002852777332,oscillatory_coexistence,1,0.008616397305657199,29.995728379766177,0.11674321754261113
19.555555555555554,0.11659144011798317,oscillatory_coexistence,1,0.005273113701774461,29.996568871021857,0.11671268774704951
19.555555555555554,0.1291549665014884,oscillatory_coexistence,1,0.0019301929601225724,29.999284993436472,0.11670362623523106
19.555555555555554,0.14307229891937578,stable_coexistence,0,0.0006152878135394596,30.000174986444694,0.11670433169362629
19.555555555555554,0.15848931924611134,stable_coexistence,0,0.0002592128669477189,30.00018136447957,0.11670574748847357
19.555555555555554,0.17556762912750015,stable_coexistence,0,0.00010972016823947038,30.000074163283482,0.11670630650610064
19.555555555555554,0.19448624389373625,stable_coexistence,0,4.265517511603436e-05,30.000020347188343,0.11670642551716227
19.555555555555554,0.21544346900318845,stable_coexistence,0,1.7069177556943265e-05,30.00000357321566,0.11670642903315498
19.555555555555554,0.2386589786858581,stable_coexistence,0,6.1892165028233185e-06,29.99999987045474,0.11670641837450083
19.555555555555554,0.26437611857491,stable_coexistence,0,2.2464987068125072e-06,29.999999463230626,0.11670641142142121
19.555555555555554,0.29286445646252374,stable_coexistence,0,8.767251027941434e-07,29.999999624279496,0.11670640803989327
19.555555555555554,0.324422607917163,stable_coexistence,0,3.863937441594523e-07,29.999999787121055,0.116706406496575
19.555555555555554,0.35938136638046275,stable_coexistence,0,1.9664019026552288e-07,29.999999886881834,0.11670640578084088
19.555555555555554,0.3981071705534973,stable_coexistence,0,1.1499053737464796e-07,29.999999941784907,0.1167064054317704
19.555555555555554,0.44100594541767385,stable_coexistence,0,7.549137381677614e-08,29.99999997138799,0.11670640525057102
19.555555555555554,0.4885273571519389,stable_coexistence,0,5.4045853800119626e-08,29.999999987452092,0.11670640515051982
19.555555555555554,0.5411695265464638,stable_coexistence,0,4.1117033457193614e-08,29.999999996263412,0.11670640509217788
19.555555555555554,0.5994842503189411,stable_coexistence,0,3.260413580479655e-08,30.000000001113058,0.11670640505659637
19.555555555555554,0.6640827850634842,stable_coexistence,0,2.6596946508536158e-08,30.000000003747694,0.11670640503412162
19.555555555555554,0.7356422544596414,stable_coexistence,0,2.213433749982896e-08,30.000000005119418,0.11670640501954524
19.555555555555554,0.8149127469020745,stable_coexistence,0,1.8694716289938182e-08,30.00000000576194,0.1167064050099085
19.555555555555554,0.9027251779484579,stable_coexistence,0,1.597348185255771e-08,30.00000000598224,0.11670640500345338
19.555555555555554,1.0,stable_coexistence,0,1.3779999597915096e-08,30.000000005960715,0.11670640499908046
19.555555555555554,1.1077568505097097,stable_coexistence,0,1.1987385659562979e-08,30.000000005804655,0.1167064049961417
19.555555555555554,1.2271252398511903,stable_coexistence,0,1.0506825037678067e-08,30.000000005578826,0.11670640499414553
19.555555555555554,1.3593563908785256,stable_coexistence,0,9.273604105206975e-09,30.000000005321514,0.11670640499280599
19.555555555555554,1.5058363542798414,stable_coexistence,0,8.239118896857016e-09,30.000000005055988,0.11670640499192038
19.555555555555554,1.6681005372000592,stable_coexistence,0,7.366033826160968e-09,30.000000004795666,0.11670640499135079
19.555555555555554,1.8478497974222907,stable_coexistence,0,6.625170692529843e-09,30.000000004548028,0.1167064049910014
19.555555555555554,2.046968271807522,stable_coexistence,0,5.993425014679273e-09,30.00000000431693,0.1167064049908048
19.555555555555554,2.267543125870802,stable_coexistence,0,5.452307760087854e-09,30.00000000410394,0.11670640499071387
19.555555555555554,2.5118864315095797,stable_coexistence,0,5.0259863353753694e-09,30.00000000390932,0.11670640499069536
19.555555555555554,2.782559402207126,stable_coexistence,0,4.785748613780574e-09,30.000000003732502,0.11670640499072558
19.555555555555554,3.0823992397451434,stable_coexistence,0,4.570607856708662e-09,30.000000003572467,0.11670640499078785
19.555555555555554,3.414548873833601,stable_coexistence,0,4.3780656048884e-09,30.00000000342818,0.11670640499087026
19.555555555555554,3.782489906389386,stable_coexistence,0,4.2058055721769e-09,30.000000003298158,0.11670640499096437
19.555555555555554,4.190079105786669,stable_coexistence,0,4.051693407735774e-09,30.000000003181217,0.11670640499106419
19.555555555555554,4.641588833612782,stable_coexistence,0,3.913801548631615e-09,30.00000000307616,0.1167064049911658
19.555555555555554,5.141751827683928,stable_coexistence,0,3.7903860320031085e-09,30.000000002981785,0.11670640499126625
19.555555555555554,5.695810810737687,stable_coexistence,0,3.6798911326276307e-09,30.000000002897007,0.11670640499136345
19.555555555555554,6.309573444801936,stable_coexistence,0,3.5809242724968847e-09,30.000000002820883,0.1167064049914564
19.555555555555554,6.989473207273487,stable_coexistence,0,3.4922397298778843e-09,30.000000002752447,0.11670640499154436
19.555555555555554,7.742636826811269,stable_coexistence,0,3.412731385683164e-09,30.000000002691046,0.11670640499162689
19.555555555555554,8.576958985908945,stable_coexistence,0,3.3414189296829754e-09,30.000000002635904,0.11670640499170376
19.555555555555554,9.50118507318144,stable_coexistence,0,3.277426456351795e-09,30.000000002586347,0.11670640499177523
19.555555555555554,10.525002852777327,stable_coexistence,0,3.219971406055714e-09,30.0000000025418,0.11670640499184112
19.555555555555554,11.659144011798324,stable_coexistence,0,3.168355527743157e-09,30.000000002501736,0.11670640499190188
19.555555555555554,12.91549665014884,stable_coexistence,0,3.1219331294505646e-09,30.000000002465665,0.11670640499195781
19.555555555555554,14.307229891937586,stable_coexistence,0,3.079958752076712e-09,30.000000002433026,0.11670640499201013
19.555555555555554,15.848931924611142,stable_coexistence,0,3.032973662370567e-09,30.00000000239627,0.11670640499209871
19.555555555555554,17.556762912750013,stable_coexistence,0,2.9993533261031593e-09,30.000000002370086,0.11670640499214133
19.555555555555554,19.448624389373634,stable_coexistence,0,2.9691009333871018e-09,30.000000002346525,0.11670640499218023
19.555555555555554,21.544346900318846,stable_coexistence,0,2.9417268047553606e-09,30.00000000232519,0.1167064049922163
19.555555555555554,23.865897868585808,stable_coexistence,0,2.9150103781953635e-09,30.00000000230432,0.11670640499225847
19.555555555555554,26.437611857491014,stable_coexistence,0,2.830507731515659e-09,30.000000002237268,0.11670640499256817
19.555555555555554,29.286445646252375,stable_coexistence,0,1.5761677764019543e-05,29.980369015461235,1.7238975606007123
19.555555555555554,32.4422607917163,stable_coexistence,0,5.495289951191743e-05,29.87816039261263,4.909750016318335
19.555555555555554,35.938136638046295,stable_coexistence,0,5.5709603116956806e-05,29.878123528123023,4.903232072574673
19.555555555555554,39.810717055349734,stable_coexistence,0,5.627330606821542e-05,29.878090137054276,4.897327233975753
19.555555555555554,44.100594541767364,stable_coexistence,0,5.667876543768301e-05,29.878059906170883,4.891979585493457
19.555555555555554,48.852735715193916,stable_coexistence,0,5.695595345787945e-05,29.878032547341455,4.887137999582872
19.555555555555554,54.116952654646376,stable_coexistence,0,5.713047793666126e-05,29.878007796240574,4.882755781608366
19.555555555555554,59.948425031894146,stable_coexistence,0,5.7223762274399923e-05,29.877985410943918,4.878790331540357
19.555555555555554,66.40827850634845,stable_coexistence,0,5.725390070696166e-05,29.877965170470986,4.875202823142257
19.555555555555554,73.56422544596414,stable_coexistence,0,5.723578293673411e-05,29.877946873311217,4.871957901364832
19.555555555555554,81.49127469020749,stable_coexistence,0,5.718130105798337e-05,29.877930335987074,4.869023398251004
19.555555555555554,90.27251779484578,stable_coexistence,0,5.710047460559216e-05,29.877915391638542,4.8663700673223245
19.555555555555554,100.0,stable_coexistence,0,5.700104510339741e-05,29.877901888685848,4.863971336153258
19.777777777777775,0.01,predator_extinct,2,1.6635039099670328,52.36695128067948,2.38280570054936e-28
19.777777777777775,0.011077568505097092,predator_extinct,2,1.42583341206768,61.563384808059745,7.050255512669663e-24
19.777777777777775,0.012271252398511897,predator_extinct,2,1.2139008335456867,70.06622056281809,8.373116400521333e-20
19.777777777777775,0.013593563908785255,predator_extinct,2,9.306859403856427,77.62643237593994,4.1681187398165396e-16
19.777777777777775,0.015058363542798407,predator_extinct,2,31.656837535463005,84.10086642129139,9.267511067981603e-13
19.777777777777775,0.016681005372000592,predator_extinct,2,31.70969604640309,89.39622453948641,9.86639235082225e-10
19.777777777777775,0.018478497974222907,predator_extinct,2,31.7147567535683,93.45915314471995,5.385420535067623e-07
19.777777777777775,0.02046968271807521,low_density_risk,4,31.53903835112798,96.24991991269519,0.00015977784375783167
19.777777777777775,0.02267543125870802,low_density_risk,4,17.60575772324826,93.71598821333305,0.014416217730018534
19.777777777777775,0.025118864315095794,low_density_risk,4,6.521752115530057,83.58012327049569,0.03810379632404148
19.777777777777775,0.027825594022071243,low_density_risk,4,4.877525955554467,75.02809134839843,0.04780119721108934
19.777777777777775,0.030823992397451434,low_density_risk,4,3.5007870777166423,66.81567393521901,0.06265082775791339
19.777777777777775,0.034145488738336005,low_density_risk,4,2.7990233063699113,59.106099292241645,0.07391676861816364
19.777777777777775,0.037824899063893865,low_density_risk,4,2.3165915622505935,52.19766904349252,0.08448960535326737
19.777777777777775,0.04190079105786669,low_density_risk,4,1.971455722311996,45.859931372273266,0.09417932335213396
19.777777777777775,0.046415888336127795,oscillatory_coexistence,1,1.860913316073572,40.14140553051527,0.10282732393297485
19.777777777777775,0.051417518276839276,oscillatory_coexistence,1,1.9837413869395772,35.09307099664954,0.11053026784512542
19.777777777777775,0.056958108107376865,oscillatory_coexistence,1,1.4485154794598953,31.368654546289072,0.11626877346562874
19.777777777777775,0.06309573444801933,oscillatory_coexistence,1,0.440376584383796,29.921077442866693,0.11739320052876832
19.777777777777775,0.06989473207273486,oscillatory_coexistence,1,0.32453370409829974,29.846843251085172,0.11551412011497118
19.777777777777775,0.0774263682681127,oscillatory_coexistence,1,0.11283725562285275,30.008715217377517,0.11498433485767373
19.777777777777775,0.08576958985908942,oscillatory_coexistence,1,0.06675721698143182,30.044596198515634,0.11529134584137221
19.777777777777775,0.0950118507318144,oscillatory_coexistence,1,0.026052477452990434,30.012006721637928,0.11546623993764352
19.777777777777775,0.10525002852777332,oscillatory_coexistence,1,0.008839566463448306,29.99585485333017,0.11545990456767866
19.777777777777775,0.11659144011798317,oscillatory_coexistence,1,0.005312663850263454,29.996535721257423,0.11542961267907019
19.777777777777775,0.1291549665014884,oscillatory_coexistence,1,0.0019403664974200264,29.999257212760998,0.1154203861821394
19.777777777777775,0.14307229891937578,stable_coexistence,0,0.0006257500565476712,30.000167686007142,0.11542100553624757
19.777777777777775,0.15848931924611134,stable_coexistence,0,0.0002587847277986119,30.00018111998071,0.11542240308143913
19.777777777777775,0.17556762912750015,stable_coexistence,0,0.00011042234817634811,30.000074787573794,0.11542296218091565
19.777777777777775,0.19448624389373625,stable_coexistence,0,4.2703573107529886e-05,30.00002070200923,0.11542308292948551
19.777777777777775,0.21544346900318845,stable_coexistence,0,1.715820175134807e-05,30.00000371568255,0.11542308736487143
19.777777777777775,0.2386589786858581,stable_coexistence,0,6.238693017608094e-06,29.999999923073837,0.11542307707071718
19.777777777777775,0.26437611857491,stable_coexistence,0,2.269603869951664e-06,29.99999948326108,0.11542307025125136
19.777777777777775,0.29286445646252374,stable_coexistence,0,8.874397778127145e-07,29.999999632661282,0.11542306691910408
19.777777777777775,0.324422607917163,stable_coexistence,0,3.9166151211492414e-07,29.99999979109535,0.11542306539510944
19.777777777777775,0.35938136638046275,stable_coexistence,0,1.9945615899417986e-07,29.999999889022135,0.11542306468762403
19.777777777777775,0.3981071705534973,stable_coexistence,0,1.166273573560743e-07,29.99999994307271,0.11542306434244293
19.777777777777775,0.44100594541767385,stable_coexistence,0,7.651197359805826e-08,29.99999997223312,0.11542306416327283
19.777777777777775,0.4885273571519389,stable_coexistence,0,5.4715657448903525e-08,29.99999998804302,0.11542306406438385
19.777777777777775,0.5411695265464638,stable_coexistence,0,4.157187744135012e-08,29.99999999669544,0.11542306400676032
19.777777777777775,0.5994842503189411,stable_coexistence,0,3.291917920320344e-08,30.000000001438817,0.11542306397165292
19.777777777777775,0.6640827850634842,stable_coexistence,0,2.681694818442024e-08,30.000000003998693,0.1154230639495054
19.777777777777775,0.7356422544596414,stable_coexistence,0,2.22875579878059e-08,30.000000005315815,0.11542306393516533
19.777777777777775,0.8149127469020745,stable_coexistence,0,1.8799943761001662e-08,30.00000000591726,0.11542306392570349
19.777777777777775,0.9027251779484579,stable_coexistence,0,1.604359963072776e-08,30.000000006106113,0.11542306391937955
19.777777777777775,1.0,stable_coexistence,0,1.3824078353321007e-08,30.00000000606008,0.11542306391512175
19.777777777777775,1.1077568505097097,stable_coexistence,0,1.2011951845648544e-08,30.00000000588473,0.11542306391224753
19.777777777777775,1.2271252398511903,stable_coexistence,0,1.0516636093325151e-08,30.000000005643518,0.11542306391031296
19.777777777777775,1.3593563908785256,stable_coexistence,0,9.272169637831361e-09,30.000000005373796,0.11542306390902195
19.777777777777775,1.5058363542798414,stable_coexistence,0,8.229059506489394e-09,30.000000005098215,0.11542306390817628
19.777777777777775,1.6681005372000592,stable_coexistence,0,7.349320321500958e-09,30.000000004829722,0.11542306390763879
19.777777777777775,1.8478497974222907,stable_coexistence,0,6.603293792235829e-09,30.000000004575348,0.11542306390731517
19.777777777777775,2.046968271807522,stable_coexistence,0,5.967524784569906e-09,30.000000004338666,0.11542306390713963
19.777777777777775,2.267543125870802,stable_coexistence,0,5.423258641422659e-09,30.000000004121027,0.11542306390706608
19.777777777777775,2.5118864315095797,stable_coexistence,0,5.0397738709962335e-09,30.000000003922526,0.11542306390706199
19.777777777777775,2.782559402207126,stable_coexistence,0,4.795799531441624e-09,30.00000000374245,0.11542306390710422
19.777777777777775,3.0823992397451434,stable_coexistence,0,4.577486274172406e-09,30.00000000357966,0.11542306390717659
19.777777777777775,3.414548873833601,stable_coexistence,0,4.38223668200177e-09,30.000000003433005,0.11542306390726745
19.777777777777775,3.782489906389386,stable_coexistence,0,4.207657134536294e-09,30.00000000330096,0.11542306390736881
19.777777777777775,4.190079105786669,stable_coexistence,0,4.051555764196409e-09,30.00000000318233,0.11542306390747477
19.777777777777775,4.641588833612782,stable_coexistence,0,3.91194498113245e-09,30.00000000307579,0.11542306390758159
19.777777777777775,5.141751827683928,stable_coexistence,0,3.787046162354482e-09,30.00000000298014,0.11542306390768635
19.777777777777775,5.695810810737687,stable_coexistence,0,3.675261516953703e-09,30.000000002894264,0.11542306390778756
19.777777777777775,6.309573444801936,stable_coexistence,0,3.575170960015984e-09,30.000000002817153,0.11542306390788379
19.777777777777775,6.989473207273487,stable_coexistence,0,3.4855066229933753e-09,30.00000000274789,0.11542306390797465
19.777777777777775,7.742636826811269,stable_coexistence,0,3.405141070762685e-09,30.000000002685777,0.11542306390805959
19.777777777777775,8.576958985908945,stable_coexistence,0,3.3330776828977347e-09,30.000000002629985,0.1154230639081387
19.777777777777775,9.50118507318144,stable_coexistence,0,3.268423240295367e-09,30.000000002579874,0.11542306390821204
19.777777777777775,10.525002852777327,stable_coexistence,0,3.2103837169820686e-09,30.000000002534826,0.11542306390827964
19.777777777777775,11.659144011798324,stable_coexistence,0,3.158253699513462e-09,30.000000002494325,0.11542306390834196
19.777777777777775,12.91549665014884,stable_coexistence,0,3.1113783929998203e-09,30.00000000245788,0.1154230639083992
19.777777777777775,14.307229891937586,stable_coexistence,0,3.069009580658384e-09,30.0000000024249,0.11542306390845265
19.777777777777775,15.848931924611142,stable_coexistence,0,3.021859178531139e-09,30.000000002387992,0.11542306390854162
19.777777777777775,17.556762912750013,stable_coexistence,0,2.9879227440820184e-09,30.00000000236155,0.11542306390858507
19.777777777777775,19.448624389373634,stable_coexistence,0,2.9573890547989255e-09,30.000000002337742,0.11542306390862472
19.777777777777775,21.544346900318846,stable_coexistence,0,2.929769118611243e-09,30.000000002316188,0.11542306390866143
19.777777777777775,23.865897868585808,stable_coexistence,0,2.902901006229034e-09,30.000000002295174,0.11542306390870401
19.777777777777775,26.437611857491014,stable_coexistence,0,2.819566393214177e-09,30.00000000222907,0.11542306390900951
19.777777777777775,29.286445646252375,stable_coexistence,0,1.8041594417779686e-05,29.98050697942401,1.7176240230288393
19.777777777777775,32.4422607917163,stable_coexistence,0,5.504721367292881e-05,29.878156141281938,4.9089983836978295
19.777777777777775,35.938136638046295,stable_coexistence,0,5.57807265214766e-05,29.878119676495473,4.902551038337917
19.777777777777775,39.810717055349734,stable_coexistence,0,5.6325308181322096e-05,29.878086649275815,4.89671037783921
19.777777777777775,44.100594541767364,stable_coexistence,0,5.671525117102855e-05,29.87805674921638,4.891421033663381
19.777777777777775,48.852735715193916,stable_coexistence,0,5.697982439309297e-05,29.878029690881476,4.886632384856627
19.777777777777775,54.116952654646376,stable_coexistence,0,5.714439092209596e-05,29.87800521249072,4.882298205194456
19.777777777777775,59.948425031894146,stable_coexistence,0,5.723004368290011e-05,29.8779830745036,4.878376326760049
19.777777777777775,66.40827850634845,stable_coexistence,0,5.72541805945154e-05,29.877963058159192,4.874828321114291
19.777777777777775,73.56422544596414,stable_coexistence,0,5.7231336143595836e-05,29.877944964010442,4.871619198725983
19.777777777777775,81.49127469020749,stable_coexistence,0,5.717355933775247e-05,29.87792861048251,4.868717126924022
19.777777777777775,90.27251779484578,stable_coexistence,0,5.709024208298202e-05,29.877913832466636,4.866093166310621
19.777777777777775,100.0,stable_coexistence,0,5.698934672450507e-05,29.877900479990622,4.8637210253164715
20.0,0.01,predator_extinct,2,1.6702968685288215,52.17211499794748,1.6389616674296827e-28
20.0,0.011077568505097092,predator_extinct,2,1.4316130149521762,61.38614264230038,5.02398667261875e-24
20.0,0.012271252398511897,predator_extinct,2,1.2188622669876674,69.9111629828907,6.166942396305903e-20
20.0,0.013593563908785255,predator_extinct,2,7.603410182115616,77.49572519062752,3.1639727341745014e-16
20.0,0.015058363542798407,predator_extinct,2,31.64693203625779,83.99546095137964,7.230205177245574e-13
20.0,0.016681005372000592,predator_extinct,2,31.709604721419556,89.3163031545703,7.890388485321109e-10
20.0,0.018478497974222907,predator_extinct,2,31.714832163818606,93.40357081320461,4.4041719873659914e-07
20.0,0.02046968271807521,low_density_risk,4,31.566597950890948,96.22570331217555,0.0001334419454195362
20.0,0.02267543125870802,low_density_risk,4,18.60398392453478,94.00218050713764,0.013077256062812959
20.0,0.025118864315095794,low_density_risk,4,6.578366000348393,83.8872676238019,0.03736679886812258
20.0,0.027825594022071243,low_density_risk,4,4.921044371490589,75.27282284054023,0.046864744666123906
20.0,0.030823992397451434,low_density_risk,4,3.5242113405424917,67.05606990393261,0.061558789943681344
20.0,0.034145488738336005,low_density_risk,4,2.8115541583906065,59.3142790772064,0.0727876051422671
20.0,0.037824899063893865,low_density_risk,4,2.325170803475961,52.383817782096,0.08326233170394026
20.0,0.04190079105786669,low_density_risk,4,1.9771508482958213,46.02506137575577,0.09288757425291451
20.0,0.046415888336127795,oscillatory_coexistence,1,1.854980603368336,40.28619626840902,0.10147279233261855
20.0,0.051417518276839276,oscillatory_coexistence,1,1.984725313269713,35.21255588658336,0.10913044392522529
20.0,0.056958108107376865,oscillatory_coexistence,1,1.4736386920789,31.435957055216313,0.11489258069336832
20.0,0.06309573444801933,oscillatory_coexistence,1,0.451241372896937,29.93438355090829,0.11614288352149114
20.0,0.06989473207273486,oscillatory_coexistence,1,0.3299525835649774,29.843495594152795,0.11429330758654294
20.0,0.0774263682681127,oscillatory_coexistence,1,0.11467322000508556,30.006009882686175,0.11373323445848774
20.0,0.08576958985908942,oscillatory_coexistence,1,0.0669469510659981,30.044762040157565,0.11403139252978492
20.0,0.0950118507318144,oscillatory_coexistence,1,0.02616676285009857,30.012549840225464,0.11420882210311145
20.0,0.10525002852777332,oscillatory_coexistence,1,0.009061476102821217,29.995984845381212,0.1142044975061668
20.0,0.11659144011798317,oscillatory_coexistence,1,0.005350361352251601,29.996504096762695,0.11417445632071717
20.0,0.1291549665014884,oscillatory_coexistence,1,0.0019499787831432451,29.999229641650327,0.11416507111813944
20.0,0.14307229891937578,stable_coexistence,0,0.0006361027666487948,30.000160331374257,0.11416560559588722
20.0,0.15848931924611134,stable_coexistence,0,0.0002583068949554108,30.000180832890972,0.11416698483329624
20.0,0.17556762912750015,stable_coexistence,0,0.0001111056397485138,30.000075395080422,0.11416754387051709
20.0,0.19448624389373625,stable_coexistence,0,4.274685780748051e-05,30.000021051277866,0.11416766628626437
20.0,0.21544346900318845,stable_coexistence,0,1.7244984330018823e-05,30.000003856375773,0.11416767161524816
20.0,0.2386589786858581,stable_coexistence,0,6.287271688408891e-06,29.99999997510677,0.1141676616770997
20.0,0.26437611857491,stable_coexistence,0,2.292341371376285e-06,29.999999503081,0.11416765498854203
20.0,0.29286445646252374,stable_coexistence,0,8.97990376547414e-07,29.999999640957256,0.11416765170488809
20.0,0.324422607917163,stable_coexistence,0,3.96850998273146e-07,29.99999979502876,0.11416765019990371
20.0,0.35938136638046275,stable_coexistence,0,2.0223084968959582e-07,29.999999891139556,0.11416764950054104
20.0,0.3981071705534973,stable_coexistence,0,1.1824003380575454e-07,29.999999944345902,0.11416764915919561
20.0,0.44100594541767385,stable_coexistence,0,7.751639763706791e-08,29.999999973067915,0.1141676489820258
20.0,0.4885273571519389,stable_coexistence,0,5.5374025149186545e-08,29.999999988626183,0.11416764888428003
20.0,0.5411695265464638,stable_coexistence,0,4.2018218952701376e-08,29.999999997121357,0.11416764882736329
20.0,0.5994842503189411,stable_coexistence,0,3.3227734280617766e-08,30.00000000175963,0.11416764879272144
20.0,0.6640827850634842,stable_coexistence,0,2.7031897427758686e-08,30.00000000424554,0.11416764877089645
20.0,0.7356422544596414,stable_coexistence,0,2.2436826555511654e-08,30.00000000550873,0.11416764875678741
20.0,0.8149127469020745,stable_coexistence,0,1.89020216329665e-08,30.000000006069637,0.11416764874749549
20.0,0.9027251779484579,stable_coexistence,0,1.6111211443093885e-08,30.000000006227438,0.11416764874130003
20.0,1.0,stable_coexistence,0,1.3866150772889834e-08,30.000000006157272,0.11416764873714076
20.0,1.1077568505097097,stable_coexistence,0,1.2034919310579604e-08,30.000000005962885,0.1141676487343429
20.0,1.2271252398511903,stable_coexistence,0,1.0525167224658347e-08,30.000000005706514,0.11416764873246857
20.0,1.3593563908785256,stable_coexistence,0,9.269721462820035e-09,30.000000005424617,0.11416764873122538
20.0,1.5058363542798414,stable_coexistence,0,8.21819921603529e-09,30.00000000513919,0.11416764873041743
20.0,1.6681005372000592,stable_coexistence,0,7.331978341791596e-09,30.000000004862603,0.11416764872991071
20.0,1.8478497974222907,stable_coexistence,0,6.580935736086255e-09,30.000000004601635,0.11416764872961212
20.0,2.046968271807522,stable_coexistence,0,5.941262414513156e-09,30.000000004359464,0.11416764872945705
20.0,2.267543125870802,stable_coexistence,0,5.393948990421238e-09,30.000000004137274,0.11416764872940037
20.0,2.5118864315095797,stable_coexistence,0,5.052729699747112e-09,30.000000003934936,0.11416764872941024
20.0,2.782559402207126,stable_coexistence,0,4.8050861304096954e-09,30.000000003751698,0.1141676487294641
20.0,3.0823992397451434,stable_coexistence,0,4.5836617514664295e-09,30.00000000358622,0.11416764872954616
20.0,3.414548873833601,stable_coexistence,0,4.3857610537428544e-09,30.00000000343727,0.1141676487296453
20.0,3.782489906389386,stable_coexistence,0,4.208914744189429e-09,30.000000003303203,0.11416764872975348
20.0,4.190079105786669,stable_coexistence,0,4.050862606454588e-09,30.00000000318295,0.11416764872986535
20.0,4.641588833612782,stable_coexistence,0,3.9095751378919454e-09,30.000000003074977,0.11416764872997721
20.0,5.141751827683928,stable_coexistence,0,3.783221823386949e-09,30.000000002978073,0.11416764873008635
20.0,5.695810810737687,stable_coexistence,0,3.6701773347240993e-09,30.00000000289111,0.11416764873019115
20.0,6.309573444801936,stable_coexistence,0,3.5689923570942103e-09,30.00000000281306,0.1141676487302907
20.0,6.989473207273487,stable_coexistence,0,3.478371708974853e-09,30.000000002742997,0.11416764873038421
20.0,7.742636826811269,stable_coexistence,0,3.3971693583253226e-09,30.000000002680167,0.11416764873047178
20.0,8.576958985908945,stable_coexistence,0,3.324371526272123e-09,30.00000000262375,0.11416764873055303
20.0,9.50118507318144,stable_coexistence,0,3.2590709171903292e-09,30.00000000257308,0.11416764873062805
20.0,10.525002852777327,stable_coexistence,0,3.2004650169165163e-09,30.000000002527564,0.11416764873069722
20.0,11.659144011798324,stable_coexistence,0,3.1478299581615014e-09,30.000000002486637,0.1141676487307609
20.0,12.91549665014884,stable_coexistence,0,3.1005132271371546e-09,30.000000002449802,0.11416764873081939
20.0,14.307229891937586,stable_coexistence,0,3.0577612968366376e-09,30.000000002416495,0.11416764873087386
20.0,15.848931924611142,stable_coexistence,0,3.010451494516104e-09,30.000000002379448,0.11416764873096308
20.0,17.556762912750013,stable_coexistence,0,2.976208621160998e-09,30.000000002352742,0.11416764873100745
20.0,19.448624389373634,stable_coexistence,0,2.9454012912473697e-09,30.0000000023287,0.1141676487310479
20.0,21.544346900318846,stable_coexistence,0,2.9175420643336306e-09,30.00000000230695,0.11416764873108524
20.0,23.865897868585808,stable_coexistence,0,2.8905254651357026e-09,30.00000000228582,0.11416764873112813
20.0,26.437611857491014,stable_coexistence,0,2.8083499353858516e-09,30.000000002220617,0.11416764873142954
20.0,29.286445646252375,stable_coexistence,0,2.0509594341377166e-05,29.980643032144126,1.7114508237021695
20.0,32.4422607917163,stable_coexistence,0,5.513774529987929e-05,29.878151982672065,4.908263142227236
20.0,35.938136638046295,stable_coexistence,0,5.584877995156779e-05,29.878115909089484,4.901884881702428
20.0,39.810717055349734,stable_coexistence,0,5.637485883038415e-05,29.87808323793286,4.896107018800963
20.0,44.100594541767364,stable_coexistence,0,5.6749775794431884e-05,29.87805366158066,4.890874720959906
20.0,48.852735715193916,stable_coexistence,0,5.7002414161113696e-05,29.87802689724711,4.886137863924105
20.0,54.116952654646376,stable_coexistence,0,5.7157385353913806e-05,29.87800268564973,4.881850680612533
20.0,59.948425031894146,stable_coexistence,0,5.723536859441469e-05,29.877980789584438,4.877971426570019
20.0,66.40827850634845,stable_coexistence,0,5.7253709556452584e-05,29.87796099247615,4.874462063106708
20.0,73.56422544596414,stable_coexistence,0,5.722666168808027e-05,29.87794309689573,4.871287958744095
20.0,81.49127469020749,stable_coexistence,0,5.716562376484713e-05,29.87792692313109,4.86841760919101
20.0,90.27251779484578,stable_coexistence,0,5.708008567101704e-05,29.877912307793054,4.865822375757227
20.0,100.0,stable_coexistence,0,5.6977540875070975e-05,29.877899102483322,4.863476241861407
