k,alpha,stable
0.0,0.01,False
0.0,0.011077568505097092,False
0.0,0.012271252398511897,False
0.0,0.013593563908785255,False
0.0,0.015058363542798407,False
0.0,0.016681005372000592,False
0.0,0.018478497974222907,False
0.0,0.02046968271807521,False
0.0,0.02267543125870802,False
0.0,0.025118864315095794,False
0.0,0.027825594022071243,False
0.0,0.030823992397451434,False
0.0,0.034145488738336005,False
0.0,0.037824899063893865,False
0.0,0.04190079105786669,False
0.0,0.046415888336127795,False
0.0,0.051417518276839276,False
0.0,0.056958108107376865,False
0.0,0.06309573444801933,False
0.0,0.06989473207273486,False
0.0,0.0774263682681127,False
0.0,0.08576958985908942,False
0.0,0.0950118507318144,False
0.0,0.10525002852777332,False
0.0,0.11659144011798317,False
0.0,0.1291549665014884,False
0.0,0.14307229891937578,False
0.0,0.15848931924611134,False
0.0,0.17556762912750015,False
0.0,0.19448624389373625,False
0.0,0.21544346900318845,False
0.0,0.2386589786858581,False
0.0,0.26437611857491,False
0.0,0.29286445646252374,False
0.0,0.324422607917163,False
0.0,0.35938136638046275,False
0.0,0.3981071705534973,False
0.0,0.44100594541767385,False
0.0,0.4885273571519389,False
0.0,0.5411695265464638,False
0.0,0.5994842503189411,False
0.0,0.6640827850634842,False
0.0,0.7356422544596414,False
0.0,0.8149127469020745,False
0.0,0.9027251779484579,False
0.0,1.0,False
0.0,1.1077568505097097,False
0.0,1.2271252398511903,False
0.0,1.3593563908785256,False
0.0,1.5058363542798414,False
0.0,1.6681005372000592,False
0.0,1.8478497974222907,False
0.0,2.046968271807522,False
0.0,2.267543125870802,False
0.0,2.5118864315095797,False
0.0,2.782559402207126,False
0.0,3.0823992397451434,False
0.0,3.414548873833601,False
0.0,3.782489906389386,False
0.0,4.190079105786669,False
0.0,4.641588833612782,False
0.0,5.141751827683928,False
0.0,5.695810810737687,False
0.0,6.309573444801936,False
0.0,6.989473207273487,False
0.0,7.742636826811269,False
0.0,8.576958985908945,False
0.0,9.50118507318144,False
0.0,10.525002852777327,False
0.0,11.659144011798324,False
0.0,12.91549665014884,False
0.0,14.307229891937586,False
0.0,15.848931924611142,False
0.0,17.556762912750013,False
0.0,19.448624389373634,False
0.0,21.544346900318846,False
0.0,23.865897868585808,False
0.0,26.437611857491014,False
0.0,29.286445646252375,False
0.0,32.4422607917163,False
0.0,35.938136638046295,False
0.0,39.810717055349734,False
0.0,44.100594541767364,False
0.0,48.852735715193916,False
0.0,54.116952654646376,False
0.0,59.948425031894146,False
0.0,66.40827850634845,False
0.0,73.56422544596414,False
0.0,81.49127469020749,False
0.0,90.27251779484578,False
0.0,100.0,False
0.2222222222222222,0.01,True
0.2222222222222222,0.011077568505097092,True
0.2222222222222222,0.012271252398511897,True
0.2222222222222222,0.013593563908785255,True
0.2222222222222222,0.015058363542798407,True
0.2222222222222222,0.016681005372000592,True
0.2222222222222222,0.018478497974222907,True
0.2222222222222222,0.02046968271807521,True
0.2222222222222222,0.02267543125870802,True
0.2222222222222222,0.025118864315095794,True
0.2222222222222222,0.027825594022071243,True
0.2222222222222222,0.030823992397451434,True
0.2222222222222222,0.034145488738336005,True
0.2222222222222222,0.037824899063893865,True
0.2222222222222222,0.04190079105786669,True
0.2222222222222222,0.046415888336127795,True
0.2222222222222222,0.051417518276839276,True
0.2222222222222222,0.056958108107376865,True
0.2222222222222222,0.06309573444801933,True
0.2222222222222222,0.06989473207273486,True
0.2222222222222222,0.0774263682681127,True
0.2222222222222222,0.08576958985908942,True
0.2222222222222222,0.0950118507318144,True
0.2222222222222222,0.10525002852777332,True
0.2222222222222222,0.11659144011798317,True
0.2222222222222222,0.1291549665014884,True
0.2222222222222222,0.14307229891937578,True
0.2222222222222222,0.15848931924611134,True
0.2222222222222222,0.17556762912750015,True
0.2222222222222222,0.19448624389373625,True
0.2222222222222222,0.21544346900318845,True
0.2222222222222222,0.2386589786858581,True
0.2222222222222222,0.26437611857491,True
0.2222222222222222,0.29286445646252374,True
0.2222222222222222,0.324422607917163,True
0.2222222222222222,0.35938136638046275,True
0.2222222222222222,0.3981071705534973,True
0.2222222222222222,0.44100594541767385,True
0.2222222222222222,0.4885273571519389,True
0.2222222222222222,0.5411695265464638,True
0.2222222222222222,0.5994842503189411,True
0.2222222222222222,0.6640827850634842,True
0.2222222222222222,0.7356422544596414,True
0.2222222222222222,0.8149127469020745,True
0.2222222222222222,0.9027251779484579,True
0.2222222222222222,1.0,True
0.2222222222222222,1.1077568505097097,True
0.2222222222222222,1.2271252398511903,True
0.2222222222222222,1.3593563908785256,True
0.2222222222222222,1.5058363542798414,True
0.2222222222222222,1.6681005372000592,True
0.2222222222222222,1.8478497974222907,True
0.2222222222222222,2.046968271807522,True
0.2222222222222222,2.267543125870802,True
0.2222222222222222,2.5118864315095797,True
0.2222222222222222,2.782559402207126,True
0.2222222222222222,3.0823992397451434,True
0.2222222222222222,3.414548873833601,True
0.2222222222222222,3.782489906389386,True
0.2222222222222222,4.190079105786669,True
0.2222222222222222,4.641588833612782,True
0.2222222222222222,5.141751827683928,True
0.2222222222222222,5.695810810737687,True
0.2222222222222222,6.309573444801936,True
0.2222222222222222,6.989473207273487,True
0.2222222222222222,7.742636826811269,True
0.2222222222222222,8.576958985908945,True
0.2222222222222222,9.50118507318144,True
0.2222222222222222,10.525002852777327,True
0.2222222222222222,11.659144011798324,True
0.2222222222222222,12.91549665014884,True
0.2222222222222222,14.307229891937586,True
0.2222222222222222,15.848931924611142,True
0.2222222222222222,17.556762912750013,True
0.2222222222222222,19.448624389373634,True
0.2222222222222222,21.544346900318846,True
0.2222222222222222,23.865897868585808,True
0.2222222222222222,26.437611857491014,True
0.2222222222222222,29.286445646252375,True
0.2222222222222222,32.4422607917163,True
0.2222222222222222,35.938136638046295,True
0.2222222222222222,39.810717055349734,True
0.2222222222222222,44.100594541767364,True
0.2222222222222222,48.852735715193916,True
0.2222222222222222,54.116952654646376,True
0.2222222222222222,59.948425031894146,True
0.2222222222222222,66.40827850634845,True
0.2222222222222222,73.56422544596414,True
0.2222222222222222,81.49127469020749,True
0.2222222222222222,90.27251779484578,True
0.2222222222222222,100.0,True
0.4444444444444444,0.01,True
0.4444444444444444,0.011077568505097092,True
0.4444444444444444,0.012271252398511897,True
0.4444444444444444,0.013593563908785255,True
0.4444444444444444,0.015058363542798407,True
0.4444444444444444,0.016681005372000592,True
0.4444444444444444,0.018478497974222907,True
0.4444444444444444,0.02046968271807521,True
0.4444444444444444,0.02267543125870802,True
0.4444444444444444,0.025118864315095794,True
0.4444444444444444,0.027825594022071243,True
0.4444444444444444,0.030823992397451434,True
0.4444444444444444,0.034145488738336005,True
0.4444444444444444,0.037824899063893865,True
0.4444444444444444,0.04190079105786669,True
0.4444444444444444,0.046415888336127795,True
0.4444444444444444,0.051417518276839276,True
0.4444444444444444,0.056958108107376865,True
0.4444444444444444,0.06309573444801933,True
0.4444444444444444,0.06989473207273486,True
0.4444444444444444,0.0774263682681127,True
0.4444444444444444,0.08576958985908942,True
0.4444444444444444,0.0950118507318144,True
0.4444444444444444,0.10525002852777332,True
0.4444444444444444,0.11659144011798317,True
0.4444444444444444,0.1291549665014884,True
0.4444444444444444,0.14307229891937578,True
0.4444444444444444,0.15848931924611134,True
0.4444444444444444,0.17556762912750015,True
0.4444444444444444,0.19448624389373625,True
0.4444444444444444,0.21544346900318845,True
0.4444444444444444,0.2386589786858581,True
0.4444444444444444,0.26437611857491,True
0.4444444444444444,0.29286445646252374,True
0.4444444444444444,0.324422607917163,True
0.4444444444444444,0.35938136638046275,True
0.4444444444444444,0.3981071705534973,True
0.4444444444444444,0.44100594541767385,True
0.4444444444444444,0.4885273571519389,True
0.4444444444444444,0.5411695265464638,True
0.4444444444444444,0.5994842503189411,True
0.4444444444444444,0.6640827850634842,True
0.4444444444444444,0.7356422544596414,True
0.4444444444444444,0.8149127469020745,True
0.4444444444444444,0.9027251779484579,True
0.4444444444444444,1.0,True
0.4444444444444444,1.1077568505097097,True
0.4444444444444444,1.2271252398511903,True
0.4444444444444444,1.3593563908785256,True
0.4444444444444444,1.5058363542798414,True
0.4444444444444444,1.6681005372000592,True
0.4444444444444444,1.8478497974222907,True
0.4444444444444444,2.046968271807522,True
0.4444444444444444,2.267543125870802,True
0.4444444444444444,2.5118864315095797,True
0.4444444444444444,2.782559402207126,True
0.4444444444444444,3.0823992397451434,True
0.4444444444444444,3.414548873833601,True
0.4444444444444444,3.782489906389386,True
0.4444444444444444,4.190079105786669,True
0.4444444444444444,4.641588833612782,True
0.4444444444444444,5.141751827683928,True
0.4444444444444444,5.695810810737687,True
0.4444444444444444,6.309573444801936,True
0.4444444444444444,6.989473207273487,True
0.4444444444444444,7.742636826811269,True
0.4444444444444444,8.576958985908945,True
0.4444444444444444,9.50118507318144,True
0.4444444444444444,10.525002852777327,True
0.4444444444444444,11.659144011798324,True
0.4444444444444444,12.91549665014884,True
0.4444444444444444,14.307229891937586,True
0.4444444444444444,15.848931924611142,True
0.4444444444444444,17.556762912750013,True
0.4444444444444444,19.448624389373634,True
0.4444444444444444,21.544346900318846,True
0.4444444444444444,23.865897868585808,True
0.4444444444444444,26.437611857491014,True
0.4444444444444444,29.286445646252375,True
0.4444444444444444,32.4422607917163,True
0.4444444444444444,35.938136638046295,True
0.4444444444444444,39.810717055349734,True
0.4444444444444444,44.100594541767364,True
0.4444444444444444,48.852735715193916,True
0.4444444444444444,54.116952654646376,True
0.4444444444444444,59.948425031894146,True
0.4444444444444444,66.40827850634845,True
0.4444444444444444,73.56422544596414,True
0.4444444444444444,81.49127469020749,True
0.4444444444444444,90.27251779484578,True
0.4444444444444444,100.0,True
0.6666666666666666,0.01,True
0.6666666666666666,0.011077568505097092,True
0.6666666666666666,0.012271252398511897,True
0.6666666666666666,0.013593563908785255,True
0.6666666666666666,0.015058363542798407,True
0.6666666666666666,0.016681005372000592,True
0.6666666666666666,0.018478497974222907,True
0.6666666666666666,0.02046968271807521,True
0.6666666666666666,0.02267543125870802,True
0.6666666666666666,0.025118864315095794,True
0.6666666666666666,0.027825594022071243,True
0.6666666666666666,0.030823992397451434,True
0.6666666666666666,0.034145488738336005,True
0.6666666666666666,0.037824899063893865,True
0.6666666666666666,0.04190079105786669,True
0.6666666666666666,0.046415888336127795,True
0.6666666666666666,0.051417518276839276,True
0.6666666666666666,0.056958108107376865,True
0.6666666666666666,0.06309573444801933,True
0.6666666666666666,0.06989473207273486,True
0.6666666666666666,0.0774263682681127,True
0.6666666666666666,0.08576958985908942,True
0.6666666666666666,0.0950118507318144,True
0.6666666666666666,0.10525002852777332,True
0.6666666666666666,0.11659144011798317,True
0.6666666666666666,0.1291549665014884,True
0.6666666666666666,0.14307229891937578,True
0.6666666666666666,0.15848931924611134,True
0.6666666666666666,0.17556762912750015,True
0.6666666666666666,0.19448624389373625,True
0.6666666666666666,0.21544346900318845,True
0.6666666666666666,0.2386589786858581,True
0.6666666666666666,0.26437611857491,True
0.6666666666666666,0.29286445646252374,True
0.6666666666666666,0.324422607917163,True
0.6666666666666666,0.35938136638046275,True
0.6666666666666666,0.3981071705534973,True
0.6666666666666666,0.44100594541767385,True
0.6666666666666666,0.4885273571519389,True
0.6666666666666666,0.5411695265464638,True
0.6666666666666666,0.5994842503189411,True
0.6666666666666666,0.6640827850634842,True
0.6666666666666666,0.7356422544596414,True
0.6666666666666666,0.8149127469020745,True
0.6666666666666666,0.9027251779484579,True
0.6666666666666666,1.0,True
0.6666666666666666,1.1077568505097097,True
0.6666666666666666,1.2271252398511903,True
0.6666666666666666,1.3593563908785256,True
0.6666666666666666,1.5058363542798414,True
0.6666666666666666,1.6681005372000592,True
0.6666666666666666,1.8478497974222907,True
0.6666666666666666,2.046968271807522,True
0.6666666666666666,2.267543125870802,True
0.6666666666666666,2.5118864315095797,True
0.6666666666666666,2.782559402207126,True
0.6666666666666666,3.0823992397451434,True
0.6666666666666666,3.414548873833601,True
0.6666666666666666,3.782489906389386,True
0.6666666666666666,4.190079105786669,True
0.6666666666666666,4.641588833612782,True
0.6666666666666666,5.141751827683928,True
0.6666666666666666,5.695810810737687,True
0.6666666666666666,6.309573444801936,True
0.6666666666666666,6.989473207273487,True
0.6666666666666666,7.742636826811269,True
0.6666666666666666,8.576958985908945,True
0.6666666666666666,9.50118507318144,True
0.6666666666666666,10.525002852777327,True
0.6666666666666666,11.659144011798324,True
0.6666666666666666,12.91549665014884,True
0.6666666666666666,14.307229891937586,True
0.6666666666666666,15.848931924611142,True
0.6666666666666666,17.556762912750013,True
0.6666666666666666,19.448624389373634,True
0.6666666666666666,21.544346900318846,True
0.6666666666666666,23.865897868585808,True
0.6666666666666666,26.437611857491014,True
0.6666666666666666,29.286445646252375,True
0.6666666666666666,32.4422607917163,True
0.6666666666666666,35.938136638046295,True
0.6666666666666666,39.810717055349734,True
0.6666666666666666,44.100594541767364,True
0.6666666666666666,48.852735715193916,True
0.6666666666666666,54.116952654646376,True
0.6666666666666666,59.948425031894146,True
0.6666666666666666,66.40827850634845,True
0.6666666666666666,73.56422544596414,True
0.6666666666666666,81.49127469020749,True
0.6666666666666666,90.27251779484578,True
0.6666666666666666,100.0,True
0.8888888888888888,0.01,True
0.8888888888888888,0.011077568505097092,True
0.8888888888888888,0.012271252398511897,True
0.8888888888888888,0.013593563908785255,True
0.8888888888888888,0.015058363542798407,True
0.8888888888888888,0.016681005372000592,True
0.8888888888888888,0.018478497974222907,True
0.8888888888888888,0.02046968271807521,True
0.8888888888888888,0.02267543125870802,True
0.8888888888888888,0.025118864315095794,True
0.8888888888888888,0.027825594022071243,True
0.8888888888888888,0.030823992397451434,True
0.8888888888888888,0.034145488738336005,True
0.8888888888888888,0.037824899063893865,True
0.8888888888888888,0.04190079105786669,True
0.8888888888888888,0.046415888336127795,True
0.8888888888888888,0.051417518276839276,True
0.8888888888888888,0.056958108107376865,True
0.8888888888888888,0.06309573444801933,True
0.8888888888888888,0.06989473207273486,True
0.8888888888888888,0.0774263682681127,True
0.8888888888888888,0.08576958985908942,True
0.8888888888888888,0.0950118507318144,True
0.8888888888888888,0.10525002852777332,True
0.8888888888888888,0.11659144011798317,True
0.8888888888888888,0.1291549665014884,True
0.8888888888888888,0.14307229891937578,True
0.8888888888888888,0.15848931924611134,True
0.8888888888888888,0.17556762912750015,True
0.8888888888888888,0.19448624389373625,True
0.8888888888888888,0.21544346900318845,True
0.8888888888888888,0.2386589786858581,True
0.8888888888888888,0.26437611857491,True
0.8888888888888888,0.29286445646252374,True
0.8888888888888888,0.324422607917163,True
0.8888888888888888,0.35938136638046275,True
0.8888888888888888,0.3981071705534973,True
0.8888888888888888,0.44100594541767385,True
0.8888888888888888,0.4885273571519389,True
0.8888888888888888,0.5411695265464638,True
0.8888888888888888,0.5994842503189411,True
0.8888888888888888,0.6640827850634842,True
0.8888888888888888,0.7356422544596414,True
0.8888888888888888,0.8149127469020745,True
0.8888888888888888,0.9027251779484579,True
0.8888888888888888,1.0,True
0.8888888888888888,1.1077568505097097,True
0.8888888888888888,1.2271252398511903,True
0.8888888888888888,1.3593563908785256,True
0.8888888888888888,1.5058363542798414,True
0.8888888888888888,1.6681005372000592,True
0.8888888888888888,1.8478497974222907,True
0.8888888888888888,2.046968271807522,True
0.8888888888888888,2.267543125870802,True
0.8888888888888888,2.5118864315095797,True
0.8888888888888888,2.782559402207126,True
0.8888888888888888,3.0823992397451434,True
0.8888888888888888,3.414548873833601,True
0.8888888888888888,3.782489906389386,True
0.8888888888888888,4.190079105786669,True
0.8888888888888888,4.641588833612782,True
0.8888888888888888,5.141751827683928,True
0.8888888888888888,5.695810810737687,True
0.8888888888888888,6.309573444801936,True
0.8888888888888888,6.989473207273487,True
0.8888888888888888,7.742636826811269,True
0.8888888888888888,8.576958985908945,True
0.8888888888888888,9.50118507318144,True
0.8888888888888888,10.525002852777327,True
0.8888888888888888,11.659144011798324,True
0.8888888888888888,12.91549665014884,True
0.8888888888888888,14.307229891937586,True
0.8888888888888888,15.848931924611142,True
0.8888888888888888,17.556762912750013,True
0.8888888888888888,19.448624389373634,True
0.8888888888888888,21.544346900318846,True
0.8888888888888888,23.865897868585808,True
0.8888888888888888,26.437611857491014,True
0.8888888888888888,29.286445646252375,True
0.8888888888888888,32.4422607917163,True
0.8888888888888888,35.938136638046295,True
0.8888888888888888,39.810717055349734,True
0.8888888888888888,44.100594541767364,True
0.8888888888888888,48.852735715193916,True
0.8888888888888888,54.116952654646376,True
0.8888888888888888,59.948425031894146,True
0.8888888888888888,66.40827850634845,True
0.8888888888888888,73.56422544596414,True
0.8888888888888888,81.49127469020749,True
0.8888888888888888,90.27251779484578,True
0.8888888888888888,100.0,True
1.1111111111111112,0.01,True
1.1111111111111112,0.011077568505097092,True
1.1111111111111112,0.012271252398511897,True
1.1111111111111112,0.013593563908785255,True
1.1111111111111112,0.015058363542798407,True
1.1111111111111112,0.016681005372000592,True
1.1111111111111112,0.018478497974222907,True
1.1111111111111112,0.02046968271807521,True
1.1111111111111112,0.02267543125870802,True
1.1111111111111112,0.025118864315095794,True
1.1111111111111112,0.027825594022071243,True
1.1111111111111112,0.030823992397451434,True
1.1111111111111112,0.034145488738336005,True
1.1111111111111112,0.037824899063893865,True
1.1111111111111112,0.04190079105786669,True
1.1111111111111112,0.046415888336127795,True
1.1111111111111112,0.051417518276839276,True
1.1111111111111112,0.056958108107376865,True
1.1111111111111112,0.06309573444801933,True
1.1111111111111112,0.06989473207273486,True
1.1111111111111112,0.0774263682681127,True
1.1111111111111112,0.08576958985908942,True
1.1111111111111112,0.0950118507318144,True
1.1111111111111112,0.10525002852777332,True
1.1111111111111112,0.11659144011798317,True
1.1111111111111112,0.1291549665014884,True
1.1111111111111112,0.14307229891937578,True
1.1111111111111112,0.15848931924611134,True
1.1111111111111112,0.17556762912750015,True
1.1111111111111112,0.19448624389373625,True
1.1111111111111112,0.21544346900318845,True
1.1111111111111112,0.2386589786858581,True
1.1111111111111112,0.26437611857491,True
1.1111111111111112,0.29286445646252374,True
1.1111111111111112,0.324422607917163,True
1.1111111111111112,0.35938136638046275,True
1.1111111111111112,0.3981071705534973,True
1.1111111111111112,0.44100594541767385,True
1.1111111111111112,0.4885273571519389,True
1.1111111111111112,0.5411695265464638,True
1.1111111111111112,0.5994842503189411,True
1.1111111111111112,0.6640827850634842,True
1.1111111111111112,0.7356422544596414,True
1.1111111111111112,0.8149127469020745,True
1.1111111111111112,0.9027251779484579,True
1.1111111111111112,1.0,True
1.1111111111111112,1.1077568505097097,True
1.1111111111111112,1.2271252398511903,True
1.1111111111111112,1.3593563908785256,True
1.1111111111111112,1.5058363542798414,True
1.1111111111111112,1.6681005372000592,True
1.1111111111111112,1.8478497974222907,True
1.1111111111111112,2.046968271807522,True
1.1111111111111112,2.267543125870802,True
1.1111111111111112,2.5118864315095797,True
1.1111111111111112,2.782559402207126,True
1.1111111111111112,3.0823992397451434,True
1.1111111111111112,3.414548873833601,True
1.1111111111111112,3.782489906389386,True
1.1111111111111112,4.190079105786669,True
1.1111111111111112,4.641588833612782,True
1.1111111111111112,5.141751827683928,True
1.1111111111111112,5.695810810737687,True
1.1111111111111112,6.309573444801936,True
1.1111111111111112,6.989473207273487,True
1.1111111111111112,7.742636826811269,True
1.1111111111111112,8.576958985908945,True
1.1111111111111112,9.50118507318144,True
1.1111111111111112,10.525002852777327,True
1.1111111111111112,11.659144011798324,True
1.1111111111111112,12.91549665014884,True
1.1111111111111112,14.307229891937586,True
1.1111111111111112,15.848931924611142,True
1.1111111111111112,17.556762912750013,True
1.1111111111111112,19.448624389373634,True
1.1111111111111112,21.544346900318846,True
1.1111111111111112,23.865897868585808,True
1.1111111111111112,26.437611857491014,True
1.1111111111111112,29.286445646252375,True
1.1111111111111112,32.4422607917163,True
1.1111111111111112,35.938136638046295,True
1.1111111111111112,39.810717055349734,True
1.1111111111111112,44.100594541767364,True
1.1111111111111112,48.852735715193916,True
1.1111111111111112,54.116952654646376,True
1.1111111111111112,59.948425031894146,True
1.1111111111111112,66.40827850634845,True
1.1111111111111112,73.56422544596414,True
1.1111111111111112,81.49127469020749,True
1.1111111111111112,90.27251779484578,True
1.1111111111111112,100.0,True
1.3333333333333333,0.01,True
1.3333333333333333,0.011077568505097092,True
1.3333333333333333,0.012271252398511897,True
1.3333333333333333,0.013593563908785255,True
1.3333333333333333,0.015058363542798407,True
1.3333333333333333,0.016681005372000592,True
1.3333333333333333,0.018478497974222907,True
1.3333333333333333,0.02046968271807521,True
1.3333333333333333,0.02267543125870802,True
1.3333333333333333,0.025118864315095794,True
1.3333333333333333,0.027825594022071243,True
1.3333333333333333,0.030823992397451434,True
1.3333333333333333,0.034145488738336005,True
1.3333333333333333,0.037824899063893865,True
1.3333333333333333,0.04190079105786669,True
1.3333333333333333,0.046415888336127795,True
1.3333333333333333,0.051417518276839276,True
1.3333333333333333,0.056958108107376865,True
1.3333333333333333,0.06309573444801933,True
1.3333333333333333,0.06989473207273486,True
1.3333333333333333,0.0774263682681127,True
1.3333333333333333,0.08576958985908942,True
1.3333333333333333,0.0950118507318144,True
1.3333333333333333,0.10525002852777332,True
1.3333333333333333,0.11659144011798317,True
1.3333333333333333,0.1291549665014884,True
1.3333333333333333,0.14307229891937578,True
1.3333333333333333,0.15848931924611134,True
1.3333333333333333,0.17556762912750015,True
1.3333333333333333,0.19448624389373625,True
1.3333333333333333,0.21544346900318845,True
1.3333333333333333,0.2386589786858581,True
1.3333333333333333,0.26437611857491,True
1.3333333333333333,0.29286445646252374,True
1.3333333333333333,0.324422607917163,True
1.3333333333333333,0.35938136638046275,True
1.3333333333333333,0.3981071705534973,True
1.3333333333333333,0.44100594541767385,True
1.3333333333333333,0.4885273571519389,True
1.3333333333333333,0.5411695265464638,True
1.3333333333333333,0.5994842503189411,True
1.3333333333333333,0.6640827850634842,True
1.3333333333333333,0.7356422544596414,True
1.3333333333333333,0.8149127469020745,True
1.3333333333333333,0.9027251779484579,True
1.3333333333333333,1.0,True
1.3333333333333333,1.1077568505097097,True
1.3333333333333333,1.2271252398511903,True
1.3333333333333333,1.3593563908785256,True
1.3333333333333333,1.5058363542798414,True
1.3333333333333333,1.6681005372000592,True
1.3333333333333333,1.8478497974222907,True
1.3333333333333333,2.046968271807522,True
1.3333333333333333,2.267543125870802,True
1.3333333333333333,2.5118864315095797,True
1.3333333333333333,2.782559402207126,True
1.3333333333333333,3.0823992397451434,True
1.3333333333333333,3.414548873833601,True
1.3333333333333333,3.782489906389386,True
1.3333333333333333,4.190079105786669,True
1.3333333333333333,4.641588833612782,True
1.3333333333333333,5.141751827683928,True
1.3333333333333333,5.695810810737687,True
1.3333333333333333,6.309573444801936,True
1.3333333333333333,6.989473207273487,True
1.3333333333333333,7.742636826811269,True
1.3333333333333333,8.576958985908945,True
1.3333333333333333,9.50118507318144,True
1.3333333333333333,10.525002852777327,True
1.3333333333333333,11.659144011798324,True
1.3333333333333333,12.91549665014884,True
1.3333333333333333,14.307229891937586,True
1.3333333333333333,15.848931924611142,True
1.3333333333333333,17.556762912750013,True
1.3333333333333333,19.448624389373634,True
1.3333333333333333,21.544346900318846,True
1.3333333333333333,23.865897868585808,True
1.3333333333333333,26.437611857491014,True
1.3333333333333333,29.286445646252375,True
1.3333333333333333,32.4422607917163,True
1.3333333333333333,35.938136638046295,True
1.3333333333333333,39.810717055349734,True
1.3333333333333333,44.100594541767364,True
1.3333333333333333,48.852735715193916,True
1.3333333333333333,54.116952654646376,True
1.3333333333333333,59.948425031894146,True
1.3333333333333333,66.40827850634845,True
1.3333333333333333,73.56422544596414,True
1.3333333333333333,81.49127469020749,True
1.3333333333333333,90.27251779484578,True
1.3333333333333333,100.0,True
1.5555555555555554,0.01,True
1.5555555555555554,0.011077568505097092,True
1.5555555555555554,0.012271252398511897,True
1.5555555555555554,0.013593563908785255,True
1.5555555555555554,0.015058363542798407,True
1.5555555555555554,0.016681005372000592,True
1.5555555555555554,0.018478497974222907,True
1.5555555555555554,0.02046968271807521,True
1.5555555555555554,0.02267543125870802,True
1.5555555555555554,0.025118864315095794,True
1.5555555555555554,0.027825594022071243,True
1.5555555555555554,0.030823992397451434,True
1.5555555555555554,0.034145488738336005,True
1.5555555555555554,0.037824899063893865,True
1.5555555555555554,0.04190079105786669,True
1.5555555555555554,0.046415888336127795,True
1.5555555555555554,0.051417518276839276,True
1.5555555555555554,0.056958108107376865,True
1.5555555555555554,0.06309573444801933,True
1.5555555555555554,0.06989473207273486,True
1.5555555555555554,0.0774263682681127,True
1.5555555555555554,0.08576958985908942,True
1.5555555555555554,0.0950118507318144,True
1.5555555555555554,0.10525002852777332,True
1.5555555555555554,0.11659144011798317,True
1.5555555555555554,0.1291549665014884,True
1.5555555555555554,0.14307229891937578,True
1.5555555555555554,0.15848931924611134,True
1.5555555555555554,0.17556762912750015,True
1.5555555555555554,0.19448624389373625,True
1.5555555555555554,0.21544346900318845,True
1.5555555555555554,0.2386589786858581,True
1.5555555555555554,0.26437611857491,True
1.5555555555555554,0.29286445646252374,True
1.5555555555555554,0.324422607917163,True
1.5555555555555554,0.35938136638046275,True
1.5555555555555554,0.3981071705534973,True
1.5555555555555554,0.44100594541767385,True
1.5555555555555554,0.4885273571519389,True
1.5555555555555554,0.5411695265464638,True
1.5555555555555554,0.5994842503189411,True
1.5555555555555554,0.6640827850634842,True
1.5555555555555554,0.7356422544596414,True
1.5555555555555554,0.8149127469020745,True
1.5555555555555554,0.9027251779484579,True
1.5555555555555554,1.0,True
1.5555555555555554,1.1077568505097097,True
1.5555555555555554,1.2271252398511903,True
1.5555555555555554,1.3593563908785256,True
1.5555555555555554,1.5058363542798414,True
1.5555555555555554,1.6681005372000592,True
1.5555555555555554,1.8478497974222907,True
1.5555555555555554,2.046968271807522,True
1.5555555555555554,2.267543125870802,True
1.5555555555555554,2.5118864315095797,True
1.5555555555555554,2.782559402207126,True
1.5555555555555554,3.0823992397451434,True
1.5555555555555554,3.414548873833601,True
1.5555555555555554,3.782489906389386,True
1.5555555555555554,4.190079105786669,True
1.5555555555555554,4.641588833612782,True
1.5555555555555554,5.141751827683928,True
1.5555555555555554,5.695810810737687,True
1.5555555555555554,6.309573444801936,True
1.5555555555555554,6.989473207273487,True
1.5555555555555554,7.742636826811269,True
1.5555555555555554,8.576958985908945,True
1.5555555555555554,9.50118507318144,True
1.5555555555555554,10.525002852777327,True
1.5555555555555554,11.659144011798324,True
1.5555555555555554,12.91549665014884,True
1.5555555555555554,14.307229891937586,True
1.5555555555555554,15.848931924611142,True
1.5555555555555554,17.556762912750013,True
1.5555555555555554,19.448624389373634,True
1.5555555555555554,21.544346900318846,True
1.5555555555555554,23.865897868585808,True
1.5555555555555554,26.437611857491014,True
1.5555555555555554,29.286445646252375,True
1.5555555555555554,32.4422607917163,True
1.5555555555555554,35.938136638046295,True
1.5555555555555554,39.810717055349734,True
1.5555555555555554,44.100594541767364,True
1.5555555555555554,48.852735715193916,True
1.5555555555555554,54.116952654646376,True
1.5555555555555554,59.948425031894146,True
1.5555555555555554,66.40827850634845,True
1.5555555555555554,73.56422544596414,True
1.5555555555555554,81.49127469020749,True
1.5555555555555554,90.27251779484578,True
1.5555555555555554,100.0,True
1.7777777777777777,0.01,True
1.7777777777777777,0.011077568505097092,True
1.7777777777777777,0.012271252398511897,True
1.7777777777777777,0.013593563908785255,True
1.7777777777777777,0.015058363542798407,True
1.7777777777777777,0.016681005372000592,True
1.7777777777777777,0.018478497974222907,True
1.7777777777777777,0.02046968271807521,True
1.7777777777777777,0.02267543125870802,True
1.7777777777777777,0.025118864315095794,True
1.7777777777777777,0.027825594022071243,True
1.7777777777777777,0.030823992397451434,True
1.7777777777777777,0.034145488738336005,True
1.7777777777777777,0.037824899063893865,True
1.7777777777777777,0.04190079105786669,True
1.7777777777777777,0.046415888336127795,True
1.7777777777777777,0.051417518276839276,True
1.7777777777777777,0.056958108107376865,True
1.7777777777777777,0.06309573444801933,True
1.7777777777777777,0.06989473207273486,True
1.7777777777777777,0.0774263682681127,True
1.7777777777777777,0.08576958985908942,True
1.7777777777777777,0.0950118507318144,True
1.7777777777777777,0.10525002852777332,True
1.7777777777777777,0.11659144011798317,True
1.7777777777777777,0.1291549665014884,True
1.7777777777777777,0.14307229891937578,True
1.7777777777777777,0.15848931924611134,True
1.7777777777777777,0.17556762912750015,True
1.7777777777777777,0.19448624389373625,True
1.7777777777777777,0.21544346900318845,True
1.7777777777777777,0.2386589786858581,True
1.7777777777777777,0.26437611857491,True
1.7777777777777777,0.29286445646252374,True
1.7777777777777777,0.324422607917163,True
1.7777777777777777,0.35938136638046275,True
1.7777777777777777,0.3981071705534973,True
1.7777777777777777,0.44100594541767385,True
1.7777777777777777,0.4885273571519389,True
1.7777777777777777,0.5411695265464638,True
1.7777777777777777,0.5994842503189411,True
1.7777777777777777,0.6640827850634842,True
1.7777777777777777,0.7356422544596414,True
1.7777777777777777,0.8149127469020745,True
1.7777777777777777,0.9027251779484579,True
1.7777777777777777,1.0,True
1.7777777777777777,1.1077568505097097,True
1.7777777777777777,1.2271252398511903,True
1.7777777777777777,1.3593563908785256,True
1.7777777777777777,1.5058363542798414,True
1.7777777777777777,1.6681005372000592,True
1.7777777777777777,1.8478497974222907,True
1.7777777777777777,2.046968271807522,True
1.7777777777777777,2.267543125870802,True
1.7777777777777777,2.5118864315095797,True
1.7777777777777777,2.782559402207126,True
1.7777777777777777,3.0823992397451434,True
1.7777777777777777,3.414548873833601,True
1.7777777777777777,3.782489906389386,True
1.7777777777777777,4.190079105786669,True
1.7777777777777777,4.641588833612782,True
1.7777777777777777,5.141751827683928,True
1.7777777777777777,5.695810810737687,True
1.7777777777777777,6.309573444801936,True
1.7777777777777777,6.989473207273487,True
1.7777777777777777,7.742636826811269,True
1.7777777777777777,8.576958985908945,True
1.7777777777777777,9.50118507318144,True
1.7777777777777777,10.525002852777327,True
1.7777777777777777,11.659144011798324,True
1.7777777777777777,12.91549665014884,True
1.7777777777777777,14.307229891937586,True
1.7777777777777777,15.848931924611142,True
1.7777777777777777,17.556762912750013,True
1.7777777777777777,19.448624389373634,True
1.7777777777777777,21.544346900318846,True
1.7777777777777777,23.865897868585808,True
1.7777777777777777,26.437611857491014,True
1.7777777777777777,29.286445646252375,True
1.7777777777777777,32.4422607917163,True
1.7777777777777777,35.938136638046295,True
1.7777777777777777,39.810717055349734,True
1.7777777777777777,44.100594541767364,True
1.7777777777777777,48.852735715193916,True
1.7777777777777777,54.116952654646376,True
1.7777777777777777,59.948425031894146,True
1.7777777777777777,66.40827850634845,True
1.7777777777777777,73.56422544596414,True
1.7777777777777777,81.49127469020749,True
1.7777777777777777,90.27251779484578,True
1.7777777777777777,100.0,True
2.0,0.01,True
2.0,0.011077568505097092,True
2.0,0.012271252398511897,True
2.0,0.013593563908785255,True
2.0,0.015058363542798407,True
2.0,0.016681005372000592,True
2.0,0.018478497974222907,True
2.0,0.02046968271807521,True
2.0,0.02267543125870802,True
2.0,0.025118864315095794,True
2.0,0.027825594022071243,True
2.0,0.030823992397451434,True
2.0,0.034145488738336005,True
2.0,0.037824899063893865,True
2.0,0.04190079105786669,True
2.0,0.046415888336127795,True
2.0,0.051417518276839276,True
2.0,0.056958108107376865,True
2.0,0.06309573444801933,True
2.0,0.06989473207273486,True
2.0,0.0774263682681127,True
2.0,0.08576958985908942,True
2.0,0.0950118507318144,True
2.0,0.10525002852777332,True
2.0,0.11659144011798317,True
2.0,0.1291549665014884,True
2.0,0.14307229891937578,True
2.0,0.15848931924611134,True
2.0,0.17556762912750015,True
2.0,0.19448624389373625,True
2.0,0.21544346900318845,True
2.0,0.2386589786858581,True
2.0,0.26437611857491,True
2.0,0.29286445646252374,True
2.0,0.324422607917163,True
2.0,0.35938136638046275,True
2.0,0.3981071705534973,True
2.0,0.44100594541767385,True
2.0,0.4885273571519389,True
2.0,0.5411695265464638,True
2.0,0.5994842503189411,True
2.0,0.6640827850634842,True
2.0,0.7356422544596414,True
2.0,0.8149127469020745,True
2.0,0.9027251779484579,True
2.0,1.0,True
2.0,1.1077568505097097,True
2.0,1.2271252398511903,True
2.0,1.3593563908785256,True
2.0,1.5058363542798414,True
2.0,1.6681005372000592,True
2.0,1.8478497974222907,True
2.0,2.046968271807522,True
2.0,2.267543125870802,True
2.0,2.5118864315095797,True
2.0,2.782559402207126,True
2.0,3.0823992397451434,True
2.0,3.414548873833601,True
2.0,3.782489906389386,True
2.0,4.190079105786669,True
2.0,4.641588833612782,True
2.0,5.141751827683928,True
2.0,5.695810810737687,True
2.0,6.309573444801936,True
2.0,6.989473207273487,True
2.0,7.742636826811269,True
2.0,8.576958985908945,True
2.0,9.50118507318144,True
2.0,10.525002852777327,True
2.0,11.659144011798324,True
2.0,12.91549665014884,True
2.0,14.307229891937586,True
2.0,15.848931924611142,True
2.0,17.556762912750013,True
2.0,19.448624389373634,True
2.0,21.544346900318846,True
2.0,23.865897868585808,True
2.0,26.437611857491014,True
2.0,29.286445646252375,True
2.0,32.4422607917163,True
2.0,35.938136638046295,True
2.0,39.810717055349734,True
2.0,44.100594541767364,True
2.0,48.852735715193916,True
2.0,54.116952654646376,True
2.0,59.948425031894146,True
2.0,66.40827850634845,True
2.0,73.56422544596414,True
2.0,81.49127469020749,True
2.0,90.27251779484578,True
2.0,100.0,True
2.2222222222222223,0.01,True
2.2222222222222223,0.011077568505097092,True
2.2222222222222223,0.012271252398511897,True
2.2222222222222223,0.013593563908785255,True
2.2222222222222223,0.015058363542798407,True
2.2222222222222223,0.016681005372000592,True
2.2222222222222223,0.018478497974222907,True
2.2222222222222223,0.02046968271807521,True
2.2222222222222223,0.02267543125870802,True
2.2222222222222223,0.025118864315095794,True
2.2222222222222223,0.027825594022071243,True
2.2222222222222223,0.030823992397451434,True
2.2222222222222223,0.034145488738336005,True
2.2222222222222223,0.037824899063893865,True
2.2222222222222223,0.04190079105786669,True
2.2222222222222223,0.046415888336127795,True
2.2222222222222223,0.051417518276839276,True
2.2222222222222223,0.056958108107376865,True
2.2222222222222223,0.06309573444801933,True
2.2222222222222223,0.06989473207273486,True
2.2222222222222223,0.0774263682681127,True
2.2222222222222223,0.08576958985908942,True
2.2222222222222223,0.0950118507318144,True
2.2222222222222223,0.10525002852777332,True
2.2222222222222223,0.11659144011798317,True
2.2222222222222223,0.1291549665014884,True
2.2222222222222223,0.14307229891937578,True
2.2222222222222223,0.15848931924611134,True
2.2222222222222223,0.17556762912750015,True
2.2222222222222223,0.19448624389373625,True
2.2222222222222223,0.21544346900318845,True
2.2222222222222223,0.2386589786858581,True
2.2222222222222223,0.26437611857491,True
2.2222222222222223,0.29286445646252374,True
2.2222222222222223,0.324422607917163,True
2.2222222222222223,0.35938136638046275,True
2.2222222222222223,0.3981071705534973,True
2.2222222222222223,0.44100594541767385,True
2.2222222222222223,0.4885273571519389,True
2.2222222222222223,0.5411695265464638,True
2.2222222222222223,0.5994842503189411,True
2.2222222222222223,0.6640827850634842,True
2.2222222222222223,0.7356422544596414,True
2.2222222222222223,0.8149127469020745,True
2.2222222222222223,0.9027251779484579,True
2.2222222222222223,1.0,True
2.2222222222222223,1.1077568505097097,True
2.2222222222222223,1.2271252398511903,True
2.2222222222222223,1.3593563908785256,True
2.2222222222222223,1.5058363542798414,True
2.2222222222222223,1.6681005372000592,True
2.2222222222222223,1.8478497974222907,True
2.2222222222222223,2.046968271807522,True
2.2222222222222223,2.267543125870802,True
2.2222222222222223,2.5118864315095797,True
2.2222222222222223,2.782559402207126,True
2.2222222222222223,3.0823992397451434,True
2.2222222222222223,3.414548873833601,True
2.2222222222222223,3.782489906389386,True
2.2222222222222223,4.190079105786669,True
2.2222222222222223,4.641588833612782,True
2.2222222222222223,5.141751827683928,True
2.2222222222222223,5.695810810737687,True
2.2222222222222223,6.309573444801936,True
2.2222222222222223,6.989473207273487,True
2.2222222222222223,7.742636826811269,True
2.2222222222222223,8.576958985908945,True
2.2222222222222223,9.50118507318144,True
2.2222222222222223,10.525002852777327,True
2.2222222222222223,11.659144011798324,True
2.2222222222222223,12.91549665014884,True
2.2222222222222223,14.307229891937586,True
2.2222222222222223,15.848931924611142,True
2.2222222222222223,17.556762912750013,True
2.2222222222222223,19.448624389373634,True
2.2222222222222223,21.544346900318846,True
2.2222222222222223,23.865897868585808,True
2.2222222222222223,26.437611857491014,True
2.2222222222222223,29.286445646252375,True
2.2222222222222223,32.4422607917163,True
2.2222222222222223,35.938136638046295,True
2.2222222222222223,39.810717055349734,True
2.2222222222222223,44.100594541767364,True
2.2222222222222223,48.852735715193916,True
2.2222222222222223,54.116952654646376,True
2.2222222222222223,59.948425031894146,True
2.2222222222222223,66.40827850634845,True
2.2222222222222223,73.56422544596414,True
2.2222222222222223,81.49127469020749,True
2.2222222222222223,90.27251779484578,True
2.2222222222222223,100.0,True
2.444444444444444,0.01,True
2.444444444444444,0.011077568505097092,True
2.444444444444444,0.012271252398511897,True
2.444444444444444,0.013593563908785255,True
2.444444444444444,0.015058363542798407,True
2.444444444444444,0.016681005372000592,True
2.444444444444444,0.018478497974222907,True
2.444444444444444,0.02046968271807521,True
2.444444444444444,0.02267543125870802,True
2.444444444444444,0.025118864315095794,True
2.444444444444444,0.027825594022071243,True
2.444444444444444,0.030823992397451434,True
2.444444444444444,0.034145488738336005,True
2.444444444444444,0.037824899063893865,True
2.444444444444444,0.04190079105786669,True
2.444444444444444,0.046415888336127795,True
2.444444444444444,0.051417518276839276,True
2.444444444444444,0.056958108107376865,True
2.444444444444444,0.06309573444801933,True
2.444444444444444,0.06989473207273486,True
2.444444444444444,0.0774263682681127,True
2.444444444444444,0.08576958985908942,True
2.444444444444444,0.0950118507318144,True
2.444444444444444,0.10525002852777332,True
2.444444444444444,0.11659144011798317,True
2.444444444444444,0.1291549665014884,True
2.444444444444444,0.14307229891937578,True
2.444444444444444,0.15848931924611134,True
2.444444444444444,0.17556762912750015,True
2.444444444444444,0.19448624389373625,True
2.444444444444444,0.21544346900318845,True
2.444444444444444,0.2386589786858581,True
2.444444444444444,0.26437611857491,True
2.444444444444444,0.29286445646252374,True
2.444444444444444,0.324422607917163,True
2.444444444444444,0.35938136638046275,True
2.444444444444444,0.3981071705534973,True
2.444444444444444,0.44100594541767385,True
2.444444444444444,0.4885273571519389,True
2.444444444444444,0.5411695265464638,True
2.444444444444444,0.5994842503189411,True
2.444444444444444,0.6640827850634842,True
2.444444444444444,0.7356422544596414,True
2.444444444444444,0.8149127469020745,True
2.444444444444444,0.9027251779484579,True
2.444444444444444,1.0,True
2.444444444444444,1.1077568505097097,True
2.444444444444444,1.2271252398511903,True
2.444444444444444,1.3593563908785256,True
2.444444444444444,1.5058363542798414,True
2.444444444444444,1.6681005372000592,True
2.444444444444444,1.8478497974222907,True
2.444444444444444,2.046968271807522,True
2.444444444444444,2.267543125870802,True
2.444444444444444,2.5118864315095797,True
2.444444444444444,2.782559402207126,True
2.444444444444444,3.0823992397451434,True
2.444444444444444,3.414548873833601,True
2.444444444444444,3.782489906389386,True
2.444444444444444,4.190079105786669,True
2.444444444444444,4.641588833612782,True
2.444444444444444,5.141751827683928,True
2.444444444444444,5.695810810737687,True
2.444444444444444,6.309573444801936,True
2.444444444444444,6.989473207273487,True
2.444444444444444,7.742636826811269,True
2.444444444444444,8.576958985908945,True
2.444444444444444,9.50118507318144,True
2.444444444444444,10.525002852777327,True
2.444444444444444,11.659144011798324,True
2.444444444444444,12.91549665014884,True
2.444444444444444,14.307229891937586,True
2.444444444444444,15.848931924611142,True
2.444444444444444,17.556762912750013,True
2.444444444444444,19.448624389373634,True
2.444444444444444,21.544346900318846,True
2.444444444444444,23.865897868585808,True
2.444444444444444,26.437611857491014,True
2.444444444444444,29.286445646252375,True
2.444444444444444,32.4422607917163,True
2.444444444444444,35.938136638046295,True
2.444444444444444,39.810717055349734,True
2.444444444444444,44.100594541767364,True
2.444444444444444,48.852735715193916,True
2.444444444444444,54.116952654646376,True
2.444444444444444,59.948425031894146,True
2.444444444444444,66.40827850634845,True
2.444444444444444,73.56422544596414,True
2.444444444444444,81.49127469020749,True
2.444444444444444,90.27251779484578,True
2.444444444444444,100.0,True
2.6666666666666665,0.01,True
2.6666666666666665,0.011077568505097092,True
2.6666666666666665,0.012271252398511897,True
2.6666666666666665,0.013593563908785255,True
2.6666666666666665,0.015058363542798407,True
2.6666666666666665,0.016681005372000592,True
2.6666666666666665,0.018478497974222907,True
2.6666666666666665,0.02046968271807521,True
2.6666666666666665,0.02267543125870802,True
2.6666666666666665,0.025118864315095794,True
2.6666666666666665,0.027825594022071243,True
2.6666666666666665,0.030823992397451434,True
2.6666666666666665,0.034145488738336005,True
2.6666666666666665,0.037824899063893865,True
2.6666666666666665,0.04190079105786669,True
2.6666666666666665,0.046415888336127795,True
2.6666666666666665,0.051417518276839276,True
2.6666666666666665,0.056958108107376865,True
2.6666666666666665,0.06309573444801933,True
2.6666666666666665,0.06989473207273486,True
2.6666666666666665,0.0774263682681127,True
2.6666666666666665,0.08576958985908942,True
2.6666666666666665,0.0950118507318144,True
2.6666666666666665,0.10525002852777332,True
2.6666666666666665,0.11659144011798317,True
2.6666666666666665,0.1291549665014884,True
2.6666666666666665,0.14307229891937578,True
2.6666666666666665,0.15848931924611134,True
2.6666666666666665,0.17556762912750015,True
2.6666666666666665,0.19448624389373625,True
2.6666666666666665,0.21544346900318845,True
2.6666666666666665,0.2386589786858581,True
2.6666666666666665,0.26437611857491,True
2.6666666666666665,0.29286445646252374,True
2.6666666666666665,0.324422607917163,True
2.6666666666666665,0.35938136638046275,True
2.6666666666666665,0.3981071705534973,True
2.6666666666666665,0.44100594541767385,True
2.6666666666666665,0.4885273571519389,True
2.6666666666666665,0.5411695265464638,True
2.6666666666666665,0.5994842503189411,True
2.6666666666666665,0.6640827850634842,True
2.6666666666666665,0.7356422544596414,True
2.6666666666666665,0.8149127469020745,True
2.6666666666666665,0.9027251779484579,True
2.6666666666666665,1.0,True
2.6666666666666665,1.1077568505097097,True
2.6666666666666665,1.2271252398511903,True
2.6666666666666665,1.3593563908785256,True
2.6666666666666665,1.5058363542798414,True
2.6666666666666665,1.6681005372000592,True
2.6666666666666665,1.8478497974222907,True
2.6666666666666665,2.046968271807522,True
2.6666666666666665,2.267543125870802,True
2.6666666666666665,2.5118864315095797,True
2.6666666666666665,2.782559402207126,True
2.6666666666666665,3.0823992397451434,True
2.6666666666666665,3.414548873833601,True
2.6666666666666665,3.782489906389386,True
2.6666666666666665,4.190079105786669,True
2.6666666666666665,4.641588833612782,True
2.6666666666666665,5.141751827683928,True
2.6666666666666665,5.695810810737687,True
2.6666666666666665,6.309573444801936,True
2.6666666666666665,6.989473207273487,True
2.6666666666666665,7.742636826811269,True
2.6666666666666665,8.576958985908945,True
2.6666666666666665,9.50118507318144,True
2.6666666666666665,10.525002852777327,True
2.6666666666666665,11.659144011798324,True
2.6666666666666665,12.91549665014884,True
2.6666666666666665,14.307229891937586,True
2.6666666666666665,15.848931924611142,True
2.6666666666666665,17.556762912750013,True
2.6666666666666665,19.448624389373634,True
2.6666666666666665,21.544346900318846,True
2.6666666666666665,23.865897868585808,True
2.6666666666666665,26.437611857491014,True
2.6666666666666665,29.286445646252375,True
2.6666666666666665,32.4422607917163,True
2.6666666666666665,35.938136638046295,True
2.6666666666666665,39.810717055349734,True
2.6666666666666665,44.100594541767364,True
2.6666666666666665,48.852735715193916,True
2.6666666666666665,54.116952654646376,True
2.6666666666666665,59.948425031894146,True
2.6666666666666665,66.40827850634845,True
2.6666666666666665,73.56422544596414,True
2.6666666666666665,81.49127469020749,True
2.6666666666666665,90.27251779484578,True
2.6666666666666665,100.0,True
2.888888888888889,0.01,True
2.888888888888889,0.011077568505097092,True
2.888888888888889,0.012271252398511897,True
2.888888888888889,0.013593563908785255,True
2.888888888888889,0.015058363542798407,True
2.888888888888889,0.016681005372000592,True
2.888888888888889,0.018478497974222907,True
2.888888888888889,0.02046968271807521,True
2.888888888888889,0.02267543125870802,True
2.888888888888889,0.025118864315095794,True
2.888888888888889,0.027825594022071243,True
2.888888888888889,0.030823992397451434,True
2.888888888888889,0.034145488738336005,True
2.888888888888889,0.037824899063893865,True
2.888888888888889,0.04190079105786669,True
2.888888888888889,0.046415888336127795,True
2.888888888888889,0.051417518276839276,True
2.888888888888889,0.056958108107376865,True
2.888888888888889,0.06309573444801933,True
2.888888888888889,0.06989473207273486,True
2.888888888888889,0.0774263682681127,True
2.888888888888889,0.08576958985908942,True
2.888888888888889,0.0950118507318144,True
2.888888888888889,0.10525002852777332,True
2.888888888888889,0.11659144011798317,True
2.888888888888889,0.1291549665014884,True
2.888888888888889,0.14307229891937578,True
2.888888888888889,0.15848931924611134,True
2.888888888888889,0.17556762912750015,True
2.888888888888889,0.19448624389373625,True
2.888888888888889,0.21544346900318845,True
2.888888888888889,0.2386589786858581,True
2.888888888888889,0.26437611857491,True
2.888888888888889,0.29286445646252374,True
2.888888888888889,0.324422607917163,True
2.888888888888889,0.35938136638046275,True
2.888888888888889,0.3981071705534973,True
2.888888888888889,0.44100594541767385,True
2.888888888888889,0.4885273571519389,True
2.888888888888889,0.5411695265464638,True
2.888888888888889,0.5994842503189411,True
2.888888888888889,0.6640827850634842,True
2.888888888888889,0.7356422544596414,True
2.888888888888889,0.8149127469020745,True
2.888888888888889,0.9027251779484579,True
2.888888888888889,1.0,True
2.888888888888889,1.1077568505097097,True
2.888888888888889,1.2271252398511903,True
2.888888888888889,1.3593563908785256,True
2.888888888888889,1.5058363542798414,True
2.888888888888889,1.6681005372000592,True
2.888888888888889,1.8478497974222907,True
2.888888888888889,2.046968271807522,True
2.888888888888889,2.267543125870802,True
2.888888888888889,2.5118864315095797,True
2.888888888888889,2.782559402207126,True
2.888888888888889,3.0823992397451434,True
2.888888888888889,3.414548873833601,True
2.888888888888889,3.782489906389386,True
2.888888888888889,4.190079105786669,True
2.888888888888889,4.641588833612782,True
2.888888888888889,5.141751827683928,True
2.888888888888889,5.695810810737687,True
2.888888888888889,6.309573444801936,True
2.888888888888889,6.989473207273487,True
2.888888888888889,7.742636826811269,True
2.888888888888889,8.576958985908945,True
2.888888888888889,9.50118507318144,True
2.888888888888889,10.525002852777327,True
2.888888888888889,11.659144011798324,True
2.888888888888889,12.91549665014884,True
2.888888888888889,14.307229891937586,True
2.888888888888889,15.848931924611142,True
2.888888888888889,17.556762912750013,True
2.888888888888889,19.448624389373634,True
2.888888888888889,21.544346900318846,True
2.888888888888889,23.865897868585808,True
2.888888888888889,26.437611857491014,True
2.888888888888889,29.286445646252375,True
2.888888888888889,32.4422607917163,True
2.888888888888889,35.938136638046295,True
2.888888888888889,39.810717055349734,True
2.888888888888889,44.100594541767364,True
2.888888888888889,48.852735715193916,True
2.888888888888889,54.116952654646376,True
2.888888888888889,59.948425031894146,True
2.888888888888889,66.40827850634845,True
2.888888888888889,73.56422544596414,True
2.888888888888889,81.49127469020749,True
2.888888888888889,90.27251779484578,True
2.888888888888889,100.0,True
3.1111111111111107,0.01,True
3.1111111111111107,0.011077568505097092,True
3.1111111111111107,0.012271252398511897,True
3.1111111111111107,0.013593563908785255,True
3.1111111111111107,0.015058363542798407,True
3.1111111111111107,0.016681005372000592,True
3.1111111111111107,0.018478497974222907,True
3.1111111111111107,0.02046968271807521,True
3.1111111111111107,0.02267543125870802,True
3.1111111111111107,0.025118864315095794,True
3.1111111111111107,0.027825594022071243,True
3.1111111111111107,0.030823992397451434,True
3.1111111111111107,0.034145488738336005,True
3.1111111111111107,0.037824899063893865,True
3.1111111111111107,0.04190079105786669,True
3.1111111111111107,0.046415888336127795,True
3.1111111111111107,0.051417518276839276,True
3.1111111111111107,0.056958108107376865,True
3.1111111111111107,0.06309573444801933,True
3.1111111111111107,0.06989473207273486,True
3.1111111111111107,0.0774263682681127,True
3.1111111111111107,0.08576958985908942,True
3.1111111111111107,0.0950118507318144,True
3.1111111111111107,0.10525002852777332,True
3.1111111111111107,0.11659144011798317,True
3.1111111111111107,0.1291549665014884,True
3.1111111111111107,0.14307229891937578,True
3.1111111111111107,0.15848931924611134,True
3.1111111111111107,0.17556762912750015,True
3.1111111111111107,0.19448624389373625,True
3.1111111111111107,0.21544346900318845,True
3.1111111111111107,0.2386589786858581,True
3.1111111111111107,0.26437611857491,True
3.1111111111111107,0.29286445646252374,True
3.1111111111111107,0.324422607917163,True
3.1111111111111107,0.35938136638046275,True
3.1111111111111107,0.3981071705534973,True
3.1111111111111107,0.44100594541767385,True
3.1111111111111107,0.4885273571519389,True
3.1111111111111107,0.5411695265464638,True
3.1111111111111107,0.5994842503189411,True
3.1111111111111107,0.6640827850634842,True
3.1111111111111107,0.7356422544596414,True
3.1111111111111107,0.8149127469020745,True
3.1111111111111107,0.9027251779484579,True
3.1111111111111107,1.0,True
3.1111111111111107,1.1077568505097097,True
3.1111111111111107,1.2271252398511903,True
3.1111111111111107,1.3593563908785256,True
3.1111111111111107,1.5058363542798414,True
3.1111111111111107,1.6681005372000592,True
3.1111111111111107,1.8478497974222907,True
3.1111111111111107,2.046968271807522,True
3.1111111111111107,2.267543125870802,True
3.1111111111111107,2.5118864315095797,True
3.1111111111111107,2.782559402207126,True
3.1111111111111107,3.0823992397451434,True
3.1111111111111107,3.414548873833601,True
3.1111111111111107,3.782489906389386,True
3.1111111111111107,4.190079105786669,True
3.1111111111111107,4.641588833612782,True
3.1111111111111107,5.141751827683928,True
3.1111111111111107,5.695810810737687,True
3.1111111111111107,6.309573444801936,True
3.1111111111111107,6.989473207273487,True
3.1111111111111107,7.742636826811269,True
3.1111111111111107,8.576958985908945,True
3.1111111111111107,9.50118507318144,True
3.1111111111111107,10.525002852777327,True
3.1111111111111107,11.659144011798324,True
3.1111111111111107,12.91549665014884,True
3.1111111111111107,14.307229891937586,True
3.1111111111111107,15.848931924611142,True
3.1111111111111107,17.556762912750013,True
3.1111111111111107,19.448624389373634,True
3.1111111111111107,21.544346900318846,True
3.1111111111111107,23.865897868585808,True
3.1111111111111107,26.437611857491014,True
3.1111111111111107,29.286445646252375,True
3.1111111111111107,32.4422607917163,True
3.1111111111111107,35.938136638046295,True
3.1111111111111107,39.810717055349734,True
3.1111111111111107,44.100594541767364,True
3.1111111111111107,48.852735715193916,True
3.1111111111111107,54.116952654646376,True
3.1111111111111107,59.948425031894146,True
3.1111111111111107,66.40827850634845,True
3.1111111111111107,73.56422544596414,True
3.1111111111111107,81.49127469020749,True
3.1111111111111107,90.27251779484578,True
3.1111111111111107,100.0,True
3.333333333333333,0.01,True
3.333333333333333,0.011077568505097092,True
3.333333333333333,0.012271252398511897,True
3.333333333333333,0.013593563908785255,True
3.333333333333333,0.015058363542798407,True
3.333333333333333,0.016681005372000592,True
3.333333333333333,0.018478497974222907,True
3.333333333333333,0.02046968271807521,True
3.333333333333333,0.02267543125870802,True
3.333333333333333,0.025118864315095794,True
3.333333333333333,0.027825594022071243,True
3.333333333333333,0.030823992397451434,True
3.333333333333333,0.034145488738336005,True
3.333333333333333,0.037824899063893865,True
3.333333333333333,0.04190079105786669,True
3.333333333333333,0.046415888336127795,True
3.333333333333333,0.051417518276839276,True
3.333333333333333,0.056958108107376865,True
3.333333333333333,0.06309573444801933,True
3.333333333333333,0.06989473207273486,True
3.333333333333333,0.0774263682681127,True
3.333333333333333,0.08576958985908942,True
3.333333333333333,0.0950118507318144,True
3.333333333333333,0.10525002852777332,True
3.333333333333333,0.11659144011798317,True
3.333333333333333,0.1291549665014884,True
3.333333333333333,0.14307229891937578,True
3.333333333333333,0.15848931924611134,True
3.333333333333333,0.17556762912750015,True
3.333333333333333,0.19448624389373625,True
3.333333333333333,0.21544346900318845,True
3.333333333333333,0.2386589786858581,True
3.333333333333333,0.26437611857491,True
3.333333333333333,0.29286445646252374,True
3.333333333333333,0.324422607917163,True
3.333333333333333,0.35938136638046275,True
3.333333333333333,0.3981071705534973,True
3.333333333333333,0.44100594541767385,True
3.333333333333333,0.4885273571519389,True
3.333333333333333,0.5411695265464638,True
3.333333333333333,0.5994842503189411,True
3.333333333333333,0.6640827850634842,True
3.333333333333333,0.7356422544596414,True
3.333333333333333,0.8149127469020745,True
3.333333333333333,0.9027251779484579,True
3.333333333333333,1.0,True
3.333333333333333,1.1077568505097097,True
3.333333333333333,1.2271252398511903,True
3.333333333333333,1.3593563908785256,True
3.333333333333333,1.5058363542798414,True
3.333333333333333,1.6681005372000592,True
3.333333333333333,1.8478497974222907,True
3.333333333333333,2.046968271807522,True
3.333333333333333,2.267543125870802,True
3.333333333333333,2.5118864315095797,True
3.333333333333333,2.782559402207126,True
3.333333333333333,3.0823992397451434,True
3.333333333333333,3.414548873833601,True
3.333333333333333,3.782489906389386,True
3.333333333333333,4.190079105786669,True
3.333333333333333,4.641588833612782,True
3.333333333333333,5.141751827683928,True
3.333333333333333,5.695810810737687,True
3.333333333333333,6.309573444801936,True
3.333333333333333,6.989473207273487,True
3.333333333333333,7.742636826811269,True
3.333333333333333,8.576958985908945,True
3.333333333333333,9.50118507318144,True
3.333333333333333,10.525002852777327,True
3.333333333333333,11.659144011798324,True
3.333333333333333,12.91549665014884,True
3.333333333333333,14.307229891937586,True
3.333333333333333,15.848931924611142,True
3.333333333333333,17.556762912750013,True
3.333333333333333,19.448624389373634,True
3.333333333333333,21.544346900318846,True
3.333333333333333,23.865897868585808,True
3.333333333333333,26.437611857491014,True
3.333333333333333,29.286445646252375,True
3.333333333333333,32.4422607917163,True
3.333333333333333,35.938136638046295,True
3.333333333333333,39.810717055349734,True
3.333333333333333,44.100594541767364,True
3.333333333333333,48.852735715193916,True
3.333333333333333,54.116952654646376,True
3.333333333333333,59.948425031894146,True
3.333333333333333,66.40827850634845,True
3.333333333333333,73.56422544596414,True
3.333333333333333,81.49127469020749,True
3.333333333333333,90.27251779484578,True
3.333333333333333,100.0,True
3.5555555555555554,0.01,True
3.5555555555555554,0.011077568505097092,True
3.5555555555555554,0.012271252398511897,True
3.5555555555555554,0.013593563908785255,True
3.5555555555555554,0.015058363542798407,True
3.5555555555555554,0.016681005372000592,True
3.5555555555555554,0.018478497974222907,True
3.5555555555555554,0.02046968271807521,True
3.5555555555555554,0.02267543125870802,True
3.5555555555555554,0.025118864315095794,True
3.5555555555555554,0.027825594022071243,True
3.5555555555555554,0.030823992397451434,True
3.5555555555555554,0.034145488738336005,True
3.5555555555555554,0.037824899063893865,True
3.5555555555555554,0.04190079105786669,True
3.5555555555555554,0.046415888336127795,True
3.5555555555555554,0.051417518276839276,True
3.5555555555555554,0.056958108107376865,True
3.5555555555555554,0.06309573444801933,True
3.5555555555555554,0.06989473207273486,True
3.5555555555555554,0.0774263682681127,True
3.5555555555555554,0.08576958985908942,True
3.5555555555555554,0.0950118507318144,True
3.5555555555555554,0.10525002852777332,True
3.5555555555555554,0.11659144011798317,True
3.5555555555555554,0.1291549665014884,True
3.5555555555555554,0.14307229891937578,True
3.5555555555555554,0.15848931924611134,True
3.5555555555555554,0.17556762912750015,True
3.5555555555555554,0.19448624389373625,True
3.5555555555555554,0.21544346900318845,True
3.5555555555555554,0.2386589786858581,True
3.5555555555555554,0.26437611857491,True
3.5555555555555554,0.29286445646252374,True
3.5555555555555554,0.324422607917163,True
3.5555555555555554,0.35938136638046275,True
3.5555555555555554,0.3981071705534973,True
3.5555555555555554,0.44100594541767385,True
3.5555555555555554,0.4885273571519389,True
3.5555555555555554,0.5411695265464638,True
3.5555555555555554,0.5994842503189411,True
3.5555555555555554,0.6640827850634842,True
3.5555555555555554,0.7356422544596414,True
3.5555555555555554,0.8149127469020745,True
3.5555555555555554,0.9027251779484579,True
3.5555555555555554,1.0,True
3.5555555555555554,1.1077568505097097,True
3.5555555555555554,1.2271252398511903,True
3.5555555555555554,1.3593563908785256,True
3.5555555555555554,1.5058363542798414,True
3.5555555555555554,1.6681005372000592,True
3.5555555555555554,1.8478497974222907,True
3.5555555555555554,2.046968271807522,True
3.5555555555555554,2.267543125870802,True
3.5555555555555554,2.5118864315095797,True
3.5555555555555554,2.782559402207126,True
3.5555555555555554,3.0823992397451434,True
3.5555555555555554,3.414548873833601,True
3.5555555555555554,3.782489906389386,True
3.5555555555555554,4.190079105786669,True
3.5555555555555554,4.641588833612782,True
3.5555555555555554,5.141751827683928,True
3.5555555555555554,5.695810810737687,True
3.5555555555555554,6.309573444801936,True
3.5555555555555554,6.989473207273487,True
3.5555555555555554,7.742636826811269,True
3.5555555555555554,8.576958985908945,True
3.5555555555555554,9.50118507318144,True
3.5555555555555554,10.525002852777327,True
3.5555555555555554,11.659144011798324,True
3.5555555555555554,12.91549665014884,True
3.5555555555555554,14.307229891937586,True
3.5555555555555554,15.848931924611142,True
3.5555555555555554,17.556762912750013,True
3.5555555555555554,19.448624389373634,True
3.5555555555555554,21.544346900318846,True
3.5555555555555554,23.865897868585808,True
3.5555555555555554,26.437611857491014,True
3.5555555555555554,29.286445646252375,True
3.5555555555555554,32.4422607917163,True
3.5555555555555554,35.938136638046295,True
3.5555555555555554,39.810717055349734,True
3.5555555555555554,44.100594541767364,True
3.5555555555555554,48.852735715193916,True
3.5555555555555554,54.116952654646376,True
3.5555555555555554,59.948425031894146,True
3.5555555555555554,66.40827850634845,True
3.5555555555555554,73.56422544596414,True
3.5555555555555554,81.49127469020749,True
3.5555555555555554,90.27251779484578,True
3.5555555555555554,100.0,True
3.7777777777777777,0.01,True
3.7777777777777777,0.011077568505097092,True
3.7777777777777777,0.012271252398511897,True
3.7777777777777777,0.013593563908785255,True
3.7777777777777777,0.015058363542798407,True
3.7777777777777777,0.016681005372000592,True
3.7777777777777777,0.018478497974222907,True
3.7777777777777777,0.02046968271807521,True
3.7777777777777777,0.02267543125870802,True
3.7777777777777777,0.025118864315095794,True
3.7777777777777777,0.027825594022071243,True
3.7777777777777777,0.030823992397451434,True
3.7777777777777777,0.034145488738336005,True
3.7777777777777777,0.037824899063893865,True
3.7777777777777777,0.04190079105786669,True
3.7777777777777777,0.046415888336127795,True
3.7777777777777777,0.051417518276839276,True
3.7777777777777777,0.056958108107376865,True
3.7777777777777777,0.06309573444801933,True
3.7777777777777777,0.06989473207273486,True
3.7777777777777777,0.0774263682681127,True
3.7777777777777777,0.08576958985908942,True
3.7777777777777777,0.0950118507318144,True
3.7777777777777777,0.10525002852777332,True
3.7777777777777777,0.11659144011798317,True
3.7777777777777777,0.1291549665014884,True
3.7777777777777777,0.14307229891937578,True
3.7777777777777777,0.15848931924611134,True
3.7777777777777777,0.17556762912750015,True
3.7777777777777777,0.19448624389373625,True
3.7777777777777777,0.21544346900318845,True
3.7777777777777777,0.2386589786858581,True
3.7777777777777777,0.26437611857491,True
3.7777777777777777,0.29286445646252374,True
3.7777777777777777,0.324422607917163,True
3.7777777777777777,0.35938136638046275,True
3.7777777777777777,0.3981071705534973,True
3.7777777777777777,0.44100594541767385,True
3.7777777777777777,0.4885273571519389,True
3.7777777777777777,0.5411695265464638,True
3.7777777777777777,0.5994842503189411,True
3.7777777777777777,0.6640827850634842,True
3.7777777777777777,0.7356422544596414,True
3.7777777777777777,0.8149127469020745,True
3.7777777777777777,0.9027251779484579,True
3.7777777777777777,1.0,True
3.7777777777777777,1.1077568505097097,True
3.7777777777777777,1.2271252398511903,True
3.7777777777777777,1.3593563908785256,True
3.7777777777777777,1.5058363542798414,True
3.7777777777777777,1.6681005372000592,True
3.7777777777777777,1.8478497974222907,True
3.7777777777777777,2.046968271807522,True
3.7777777777777777,2.267543125870802,True
3.7777777777777777,2.5118864315095797,True
3.7777777777777777,2.782559402207126,True
3.7777777777777777,3.0823992397451434,True
3.7777777777777777,3.414548873833601,True
3.7777777777777777,3.782489906389386,True
3.7777777777777777,4.190079105786669,True
3.7777777777777777,4.641588833612782,True
3.7777777777777777,5.141751827683928,True
3.7777777777777777,5.695810810737687,True
3.7777777777777777,6.309573444801936,True
3.7777777777777777,6.989473207273487,True
3.7777777777777777,7.742636826811269,True
3.7777777777777777,8.576958985908945,True
3.7777777777777777,9.50118507318144,True
3.7777777777777777,10.525002852777327,True
3.7777777777777777,11.659144011798324,True
3.7777777777777777,12.91549665014884,True
3.7777777777777777,14.307229891937586,True
3.7777777777777777,15.848931924611142,True
3.7777777777777777,17.556762912750013,True
3.7777777777777777,19.448624389373634,True
3.7777777777777777,21.544346900318846,True
3.7777777777777777,23.865897868585808,True
3.7777777777777777,26.437611857491014,True
3.7777777777777777,29.286445646252375,True
3.7777777777777777,32.4422607917163,True
3.7777777777777777,35.938136638046295,True
3.7777777777777777,39.810717055349734,True
3.7777777777777777,44.100594541767364,True
3.7777777777777777,48.852735715193916,True
3.7777777777777777,54.116952654646376,True
3.7777777777777777,59.948425031894146,True
3.7777777777777777,66.40827850634845,True
3.7777777777777777,73.56422544596414,True
3.7777777777777777,81.49127469020749,True
3.7777777777777777,90.27251779484578,True
3.7777777777777777,100.0,True
4.0,0.01,True
4.0,0.011077568505097092,True
4.0,0.012271252398511897,True
4.0,0.013593563908785255,True
4.0,0.015058363542798407,True
4.0,0.016681005372000592,True
4.0,0.018478497974222907,True
4.0,0.02046968271807521,True
4.0,0.02267543125870802,True
4.0,0.025118864315095794,True
4.0,0.027825594022071243,True
4.0,0.030823992397451434,True
4.0,0.034145488738336005,True
4.0,0.037824899063893865,True
4.0,0.04190079105786669,True
4.0,0.046415888336127795,True
4.0,0.051417518276839276,True
4.0,0.056958108107376865,True
4.0,0.06309573444801933,True
4.0,0.06989473207273486,True
4.0,0.0774263682681127,True
4.0,0.08576958985908942,True
4.0,0.0950118507318144,True
4.0,0.10525002852777332,True
4.0,0.11659144011798317,True
4.0,0.1291549665014884,True
4.0,0.14307229891937578,True
4.0,0.15848931924611134,True
4.0,0.17556762912750015,True
4.0,0.19448624389373625,True
4.0,0.21544346900318845,True
4.0,0.2386589786858581,True
4.0,0.26437611857491,True
4.0,0.29286445646252374,True
4.0,0.324422607917163,True
4.0,0.35938136638046275,True
4.0,0.3981071705534973,True
4.0,0.44100594541767385,True
4.0,0.4885273571519389,True
4.0,0.5411695265464638,True
4.0,0.5994842503189411,True
4.0,0.6640827850634842,True
4.0,0.7356422544596414,True
4.0,0.8149127469020745,True
4.0,0.9027251779484579,True
4.0,1.0,True
4.0,1.1077568505097097,True
4.0,1.2271252398511903,True
4.0,1.3593563908785256,True
4.0,1.5058363542798414,True
4.0,1.6681005372000592,True
4.0,1.8478497974222907,True
4.0,2.046968271807522,True
4.0,2.267543125870802,True
4.0,2.5118864315095797,True
4.0,2.782559402207126,True
4.0,3.0823992397451434,True
4.0,3.414548873833601,True
4.0,3.782489906389386,True
4.0,4.190079105786669,True
4.0,4.641588833612782,True
4.0,5.141751827683928,True
4.0,5.695810810737687,True
4.0,6.309573444801936,True
4.0,6.989473207273487,True
4.0,7.742636826811269,True
4.0,8.576958985908945,True
4.0,9.50118507318144,True
4.0,10.525002852777327,True
4.0,11.659144011798324,True
4.0,12.91549665014884,True
4.0,14.307229891937586,True
4.0,15.848931924611142,True
4.0,17.556762912750013,True
4.0,19.448624389373634,True
4.0,21.544346900318846,True
4.0,23.865897868585808,True
4.0,26.437611857491014,True
4.0,29.286445646252375,True
4.0,32.4422607917163,True
4.0,35.938136638046295,True
4.0,39.810717055349734,True
4.0,44.100594541767364,True
4.0,48.852735715193916,True
4.0,54.116952654646376,True
4.0,59.948425031894146,True
4.0,66.40827850634845,True
4.0,73.56422544596414,True
4.0,81.49127469020749,True
4.0,90.27251779484578,True
4.0,100.0,True
4.222222222222222,0.01,True
4.222222222222222,0.011077568505097092,True
4.222222222222222,0.012271252398511897,True
4.222222222222222,0.013593563908785255,True
4.222222222222222,0.015058363542798407,True
4.222222222222222,0.016681005372000592,True
4.222222222222222,0.018478497974222907,True
4.222222222222222,0.02046968271807521,True
4.222222222222222,0.02267543125870802,True
4.222222222222222,0.025118864315095794,True
4.222222222222222,0.027825594022071243,True
4.222222222222222,0.030823992397451434,True
4.222222222222222,0.034145488738336005,True
4.222222222222222,0.037824899063893865,True
4.222222222222222,0.04190079105786669,True
4.222222222222222,0.046415888336127795,True
4.222222222222222,0.051417518276839276,True
4.222222222222222,0.056958108107376865,True
4.222222222222222,0.06309573444801933,True
4.222222222222222,0.06989473207273486,True
4.222222222222222,0.0774263682681127,True
4.222222222222222,0.08576958985908942,True
4.222222222222222,0.0950118507318144,True
4.222222222222222,0.10525002852777332,True
4.222222222222222,0.11659144011798317,True
4.222222222222222,0.1291549665014884,True
4.222222222222222,0.14307229891937578,True
4.222222222222222,0.15848931924611134,True
4.222222222222222,0.17556762912750015,True
4.222222222222222,0.19448624389373625,True
4.222222222222222,0.21544346900318845,True
4.222222222222222,0.2386589786858581,True
4.222222222222222,0.26437611857491,True
4.222222222222222,0.29286445646252374,True
4.222222222222222,0.324422607917163,True
4.222222222222222,0.35938136638046275,True
4.222222222222222,0.3981071705534973,True
4.222222222222222,0.44100594541767385,True
4.222222222222222,0.4885273571519389,True
4.222222222222222,0.5411695265464638,True
4.222222222222222,0.5994842503189411,True
4.222222222222222,0.6640827850634842,True
4.222222222222222,0.7356422544596414,True
4.222222222222222,0.8149127469020745,True
4.222222222222222,0.9027251779484579,True
4.222222222222222,1.0,True
4.222222222222222,1.1077568505097097,True
4.222222222222222,1.2271252398511903,True
4.222222222222222,1.3593563908785256,True
4.222222222222222,1.5058363542798414,True
4.222222222222222,1.6681005372000592,True
4.222222222222222,1.8478497974222907,True
4.222222222222222,2.046968271807522,True
4.222222222222222,2.267543125870802,True
4.222222222222222,2.5118864315095797,True
4.222222222222222,2.782559402207126,True
4.222222222222222,3.0823992397451434,True
4.222222222222222,3.414548873833601,True
4.222222222222222,3.782489906389386,True
4.222222222222222,4.190079105786669,True
4.222222222222222,4.641588833612782,True
4.222222222222222,5.141751827683928,True
4.222222222222222,5.695810810737687,True
4.222222222222222,6.309573444801936,True
4.222222222222222,6.989473207273487,True
4.222222222222222,7.742636826811269,True
4.222222222222222,8.576958985908945,True
4.222222222222222,9.50118507318144,True
4.222222222222222,10.525002852777327,True
4.222222222222222,11.659144011798324,True
4.222222222222222,12.91549665014884,True
4.222222222222222,14.307229891937586,True
4.222222222222222,15.848931924611142,True
4.222222222222222,17.556762912750013,True
4.222222222222222,19.448624389373634,True
4.222222222222222,21.544346900318846,True
4.222222222222222,23.865897868585808,True
4.222222222222222,26.437611857491014,True
4.222222222222222,29.286445646252375,True
4.222222222222222,32.4422607917163,True
4.222222222222222,35.938136638046295,True
4.222222222222222,39.810717055349734,True
4.222222222222222,44.100594541767364,True
4.222222222222222,48.852735715193916,True
4.222222222222222,54.116952654646376,True
4.222222222222222,59.948425031894146,True
4.222222222222222,66.40827850634845,True
4.222222222222222,73.56422544596414,True
4.222222222222222,81.49127469020749,True
4.222222222222222,90.27251779484578,True
4.222222222222222,100.0,True
4.444444444444445,0.01,True
4.444444444444445,0.011077568505097092,True
4.444444444444445,0.012271252398511897,True
4.444444444444445,0.013593563908785255,True
4.444444444444445,0.015058363542798407,True
4.444444444444445,0.016681005372000592,True
4.444444444444445,0.018478497974222907,True
4.444444444444445,0.02046968271807521,True
4.444444444444445,0.02267543125870802,True
4.444444444444445,0.025118864315095794,True
4.444444444444445,0.027825594022071243,True
4.444444444444445,0.030823992397451434,True
4.444444444444445,0.034145488738336005,True
4.444444444444445,0.037824899063893865,True
4.444444444444445,0.04190079105786669,True
4.444444444444445,0.046415888336127795,True
4.444444444444445,0.051417518276839276,True
4.444444444444445,0.056958108107376865,True
4.444444444444445,0.06309573444801933,True
4.444444444444445,0.06989473207273486,True
4.444444444444445,0.0774263682681127,True
4.444444444444445,0.08576958985908942,True
4.444444444444445,0.0950118507318144,True
4.444444444444445,0.10525002852777332,True
4.444444444444445,0.11659144011798317,True
4.444444444444445,0.1291549665014884,True
4.444444444444445,0.14307229891937578,True
4.444444444444445,0.15848931924611134,True
4.444444444444445,0.17556762912750015,True
4.444444444444445,0.19448624389373625,True
4.444444444444445,0.21544346900318845,True
4.444444444444445,0.2386589786858581,True
4.444444444444445,0.26437611857491,True
4.444444444444445,0.29286445646252374,True
4.444444444444445,0.324422607917163,True
4.444444444444445,0.35938136638046275,True
4.444444444444445,0.3981071705534973,True
4.444444444444445,0.44100594541767385,True
4.444444444444445,0.4885273571519389,True
4.444444444444445,0.5411695265464638,True
4.444444444444445,0.5994842503189411,True
4.444444444444445,0.6640827850634842,True
4.444444444444445,0.7356422544596414,True
4.444444444444445,0.8149127469020745,True
4.444444444444445,0.9027251779484579,True
4.444444444444445,1.0,True
4.444444444444445,1.1077568505097097,True
4.444444444444445,1.2271252398511903,True
4.444444444444445,1.3593563908785256,True
4.444444444444445,1.5058363542798414,True
4.444444444444445,1.6681005372000592,True
4.444444444444445,1.8478497974222907,True
4.444444444444445,2.046968271807522,True
4.444444444444445,2.267543125870802,True
4.444444444444445,2.5118864315095797,True
4.444444444444445,2.782559402207126,True
4.444444444444445,3.0823992397451434,True
4.444444444444445,3.414548873833601,True
4.444444444444445,3.782489906389386,True
4.444444444444445,4.190079105786669,True
4.444444444444445,4.641588833612782,True
4.444444444444445,5.141751827683928,True
4.444444444444445,5.695810810737687,True
4.444444444444445,6.309573444801936,True
4.444444444444445,6.989473207273487,True
4.444444444444445,7.742636826811269,True
4.444444444444445,8.576958985908945,True
4.444444444444445,9.50118507318144,True
4.444444444444445,10.525002852777327,True
4.444444444444445,11.659144011798324,True
4.444444444444445,12.91549665014884,True
4.444444444444445,14.307229891937586,True
4.444444444444445,15.848931924611142,True
4.444444444444445,17.556762912750013,True
4.444444444444445,19.448624389373634,True
4.444444444444445,21.544346900318846,True
4.444444444444445,23.865897868585808,True
4.444444444444445,26.437611857491014,True
4.444444444444445,29.286445646252375,True
4.444444444444445,32.4422607917163,True
4.444444444444445,35.938136638046295,True
4.444444444444445,39.810717055349734,True
4.444444444444445,44.100594541767364,True
4.444444444444445,48.852735715193916,True
4.444444444444445,54.116952654646376,True
4.444444444444445,59.948425031894146,True
4.444444444444445,66.40827850634845,True
4.444444444444445,73.56422544596414,True
4.444444444444445,81.49127469020749,True
4.444444444444445,90.27251779484578,True
4.444444444444445,100.0,True
4.666666666666666,0.01,True
4.666666666666666,0.011077568505097092,True
4.666666666666666,0.012271252398511897,True
4.666666666666666,0.013593563908785255,True
4.666666666666666,0.015058363542798407,True
4.666666666666666,0.016681005372000592,True
4.666666666666666,0.018478497974222907,True
4.666666666666666,0.02046968271807521,True
4.666666666666666,0.02267543125870802,True
4.666666666666666,0.025118864315095794,True
4.666666666666666,0.027825594022071243,True
4.666666666666666,0.030823992397451434,True
4.666666666666666,0.034145488738336005,True
4.666666666666666,0.037824899063893865,True
4.666666666666666,0.04190079105786669,True
4.666666666666666,0.046415888336127795,True
4.666666666666666,0.051417518276839276,True
4.666666666666666,0.056958108107376865,True
4.666666666666666,0.06309573444801933,True
4.666666666666666,0.06989473207273486,True
4.666666666666666,0.0774263682681127,True
4.666666666666666,0.08576958985908942,True
4.666666666666666,0.0950118507318144,True
4.666666666666666,0.10525002852777332,True
4.666666666666666,0.11659144011798317,True
4.666666666666666,0.1291549665014884,True
4.666666666666666,0.14307229891937578,True
4.666666666666666,0.15848931924611134,True
4.666666666666666,0.17556762912750015,True
4.666666666666666,0.19448624389373625,True
4.666666666666666,0.21544346900318845,True
4.666666666666666,0.2386589786858581,True
4.666666666666666,0.26437611857491,True
4.666666666666666,0.29286445646252374,True
4.666666666666666,0.324422607917163,True
4.666666666666666,0.35938136638046275,True
4.666666666666666,0.3981071705534973,True
4.666666666666666,0.44100594541767385,True
4.666666666666666,0.4885273571519389,True
4.666666666666666,0.5411695265464638,True
4.666666666666666,0.5994842503189411,True
4.666666666666666,0.6640827850634842,True
4.666666666666666,0.7356422544596414,True
4.666666666666666,0.8149127469020745,True
4.666666666666666,0.9027251779484579,True
4.666666666666666,1.0,True
4.666666666666666,1.1077568505097097,True
4.666666666666666,1.2271252398511903,True
4.666666666666666,1.3593563908785256,True
4.666666666666666,1.5058363542798414,True
4.666666666666666,1.6681005372000592,True
4.666666666666666,1.8478497974222907,True
4.666666666666666,2.046968271807522,True
4.666666666666666,2.267543125870802,True
4.666666666666666,2.5118864315095797,True
4.666666666666666,2.782559402207126,True
4.666666666666666,3.0823992397451434,True
4.666666666666666,3.414548873833601,True
4.666666666666666,3.782489906389386,True
4.666666666666666,4.190079105786669,True
4.666666666666666,4.641588833612782,True
4.666666666666666,5.141751827683928,True
4.666666666666666,5.695810810737687,True
4.666666666666666,6.309573444801936,True
4.666666666666666,6.989473207273487,True
4.666666666666666,7.742636826811269,True
4.666666666666666,8.576958985908945,True
4.666666666666666,9.50118507318144,True
4.666666666666666,10.525002852777327,True
4.666666666666666,11.659144011798324,True
4.666666666666666,12.91549665014884,True
4.666666666666666,14.307229891937586,True
4.666666666666666,15.848931924611142,True
4.666666666666666,17.556762912750013,True
4.666666666666666,19.448624389373634,True
4.666666666666666,21.544346900318846,True
4.666666666666666,23.865897868585808,True
4.666666666666666,26.437611857491014,True
4.666666666666666,29.286445646252375,True
4.666666666666666,32.4422607917163,True
4.666666666666666,35.938136638046295,True
4.666666666666666,39.810717055349734,True
4.666666666666666,44.100594541767364,True
4.666666666666666,48.852735715193916,True
4.666666666666666,54.116952654646376,True
4.666666666666666,59.948425031894146,True
4.666666666666666,66.40827850634845,True
4.666666666666666,73.56422544596414,True
4.666666666666666,81.49127469020749,True
4.666666666666666,90.27251779484578,True
4.666666666666666,100.0,True
4.888888888888888,0.01,True
4.888888888888888,0.011077568505097092,True
4.888888888888888,0.012271252398511897,True
4.888888888888888,0.013593563908785255,True
4.888888888888888,0.015058363542798407,True
4.888888888888888,0.016681005372000592,True
4.888888888888888,0.018478497974222907,True
4.888888888888888,0.02046968271807521,True
4.888888888888888,0.02267543125870802,True
4.888888888888888,0.025118864315095794,True
4.888888888888888,0.027825594022071243,True
4.888888888888888,0.030823992397451434,True
4.888888888888888,0.034145488738336005,True
4.888888888888888,0.037824899063893865,True
4.888888888888888,0.04190079105786669,True
4.888888888888888,0.046415888336127795,True
4.888888888888888,0.051417518276839276,True
4.888888888888888,0.056958108107376865,True
4.888888888888888,0.06309573444801933,True
4.888888888888888,0.06989473207273486,True
4.888888888888888,0.0774263682681127,True
4.888888888888888,0.08576958985908942,True
4.888888888888888,0.0950118507318144,True
4.888888888888888,0.10525002852777332,True
4.888888888888888,0.11659144011798317,True
4.888888888888888,0.1291549665014884,True
4.888888888888888,0.14307229891937578,True
4.888888888888888,0.15848931924611134,True
4.888888888888888,0.17556762912750015,True
4.888888888888888,0.19448624389373625,True
4.888888888888888,0.21544346900318845,True
4.888888888888888,0.2386589786858581,True
4.888888888888888,0.26437611857491,True
4.888888888888888,0.29286445646252374,True
4.888888888888888,0.324422607917163,True
4.888888888888888,0.35938136638046275,True
4.888888888888888,0.3981071705534973,True
4.888888888888888,0.44100594541767385,True
4.888888888888888,0.4885273571519389,True
4.888888888888888,0.5411695265464638,True
4.888888888888888,0.5994842503189411,True
4.888888888888888,0.6640827850634842,True
4.888888888888888,0.7356422544596414,True
4.888888888888888,0.8149127469020745,True
4.888888888888888,0.9027251779484579,True
4.888888888888888,1.0,True
4.888888888888888,1.1077568505097097,True
4.888888888888888,1.2271252398511903,True
4.888888888888888,1.3593563908785256,True
4.888888888888888,1.5058363542798414,True
4.888888888888888,1.6681005372000592,True
4.888888888888888,1.8478497974222907,True
4.888888888888888,2.046968271807522,True
4.888888888888888,2.267543125870802,True
4.888888888888888,2.5118864315095797,True
4.888888888888888,2.782559402207126,True
4.888888888888888,3.0823992397451434,True
4.888888888888888,3.414548873833601,True
4.888888888888888,3.782489906389386,True
4.888888888888888,4.190079105786669,True
4.888888888888888,4.641588833612782,True
4.888888888888888,5.141751827683928,True
4.888888888888888,5.695810810737687,True
4.888888888888888,6.309573444801936,True
4.888888888888888,6.989473207273487,True
4.888888888888888,7.742636826811269,True
4.888888888888888,8.576958985908945,True
4.888888888888888,9.50118507318144,True
4.888888888888888,10.525002852777327,True
4.888888888888888,11.659144011798324,True
4.888888888888888,12.91549665014884,True
4.888888888888888,14.307229891937586,True
4.888888888888888,15.848931924611142,True
4.888888888888888,17.556762912750013,True
4.888888888888888,19.448624389373634,True
4.888888888888888,21.544346900318846,True
4.888888888888888,23.865897868585808,True
4.888888888888888,26.437611857491014,True
4.888888888888888,29.286445646252375,True
4.888888888888888,32.4422607917163,True
4.888888888888888,35.938136638046295,True
4.888888888888888,39.810717055349734,True
4.888888888888888,44.100594541767364,True
4.888888888888888,48.852735715193916,True
4.888888888888888,54.116952654646376,True
4.888888888888888,59.948425031894146,True
4.888888888888888,66.40827850634845,True
4.888888888888888,73.56422544596414,True
4.888888888888888,81.49127469020749,True
4.888888888888888,90.27251779484578,True
4.888888888888888,100.0,True
5.111111111111111,0.01,True
5.111111111111111,0.011077568505097092,True
5.111111111111111,0.012271252398511897,True
5.111111111111111,0.013593563908785255,True
5.111111111111111,0.015058363542798407,True
5.111111111111111,0.016681005372000592,True
5.111111111111111,0.018478497974222907,True
5.111111111111111,0.02046968271807521,True
5.111111111111111,0.02267543125870802,True
5.111111111111111,0.025118864315095794,True
5.111111111111111,0.027825594022071243,True
5.111111111111111,0.030823992397451434,True
5.111111111111111,0.034145488738336005,True
5.111111111111111,0.037824899063893865,True
5.111111111111111,0.04190079105786669,True
5.111111111111111,0.046415888336127795,True
5.111111111111111,0.051417518276839276,True
5.111111111111111,0.056958108107376865,True
5.111111111111111,0.06309573444801933,True
5.111111111111111,0.06989473207273486,True
5.111111111111111,0.0774263682681127,True
5.111111111111111,0.08576958985908942,True
5.111111111111111,0.0950118507318144,True
5.111111111111111,0.10525002852777332,True
5.111111111111111,0.11659144011798317,True
5.111111111111111,0.1291549665014884,True
5.111111111111111,0.14307229891937578,True
5.111111111111111,0.15848931924611134,True
5.111111111111111,0.17556762912750015,True
5.111111111111111,0.19448624389373625,True
5.111111111111111,0.21544346900318845,True
5.111111111111111,0.2386589786858581,True
5.111111111111111,0.26437611857491,True
5.111111111111111,0.29286445646252374,True
5.111111111111111,0.324422607917163,True
5.111111111111111,0.35938136638046275,True
5.111111111111111,0.3981071705534973,True
5.111111111111111,0.44100594541767385,True
5.111111111111111,0.4885273571519389,True
5.111111111111111,0.5411695265464638,True
5.111111111111111,0.5994842503189411,True
5.111111111111111,0.6640827850634842,True
5.111111111111111,0.7356422544596414,True
5.111111111111111,0.8149127469020745,True
5.111111111111111,0.9027251779484579,True
5.111111111111111,1.0,True
5.111111111111111,1.1077568505097097,True
5.111111111111111,1.2271252398511903,True
5.111111111111111,1.3593563908785256,True
5.111111111111111,1.5058363542798414,True
5.111111111111111,1.6681005372000592,True
5.111111111111111,1.8478497974222907,True
5.111111111111111,2.046968271807522,True
5.111111111111111,2.267543125870802,True
5.111111111111111,2.5118864315095797,True
5.111111111111111,2.782559402207126,True
5.111111111111111,3.0823992397451434,True
5.111111111111111,3.414548873833601,True
5.111111111111111,3.782489906389386,True
5.111111111111111,4.190079105786669,True
5.111111111111111,4.641588833612782,True
5.111111111111111,5.141751827683928,True
5.111111111111111,5.695810810737687,True
5.111111111111111,6.309573444801936,True
5.111111111111111,6.989473207273487,True
5.111111111111111,7.742636826811269,True
5.111111111111111,8.576958985908945,True
5.111111111111111,9.50118507318144,True
5.111111111111111,10.525002852777327,True
5.111111111111111,11.659144011798324,True
5.111111111111111,12.91549665014884,True
5.111111111111111,14.307229891937586,True
5.111111111111111,15.848931924611142,True
5.111111111111111,17.556762912750013,True
5.111111111111111,19.448624389373634,True
5.111111111111111,21.544346900318846,True
5.111111111111111,23.865897868585808,True
5.111111111111111,26.437611857491014,True
5.111111111111111,29.286445646252375,True
5.111111111111111,32.4422607917163,True
5.111111111111111,35.938136638046295,True
5.111111111111111,39.810717055349734,True
5.111111111111111,44.100594541767364,True
5.111111111111111,48.852735715193916,True
5.111111111111111,54.116952654646376,True
5.111111111111111,59.948425031894146,True
5.111111111111111,66.40827850634845,True
5.111111111111111,73.56422544596414,True
5.111111111111111,81.49127469020749,True
5.111111111111111,90.27251779484578,True
5.111111111111111,100.0,True
5.333333333333333,0.01,True
5.333333333333333,0.011077568505097092,True
5.333333333333333,0.012271252398511897,True
5.333333333333333,0.013593563908785255,True
5.333333333333333,0.015058363542798407,True
5.333333333333333,0.016681005372000592,True
5.333333333333333,0.018478497974222907,True
5.333333333333333,0.02046968271807521,True
5.333333333333333,0.02267543125870802,True
5.333333333333333,0.025118864315095794,True
5.333333333333333,0.027825594022071243,True
5.333333333333333,0.030823992397451434,True
5.333333333333333,0.034145488738336005,True
5.333333333333333,0.037824899063893865,True
5.333333333333333,0.04190079105786669,True
5.333333333333333,0.046415888336127795,True
5.333333333333333,0.051417518276839276,True
5.333333333333333,0.056958108107376865,True
5.333333333333333,0.06309573444801933,True
5.333333333333333,0.06989473207273486,True
5.333333333333333,0.0774263682681127,True
5.333333333333333,0.08576958985908942,True
5.333333333333333,0.0950118507318144,True
5.333333333333333,0.10525002852777332,True
5.333333333333333,0.11659144011798317,True
5.333333333333333,0.1291549665014884,True
5.333333333333333,0.14307229891937578,True
5.333333333333333,0.15848931924611134,True
5.333333333333333,0.17556762912750015,True
5.333333333333333,0.19448624389373625,True
5.333333333333333,0.21544346900318845,True
5.333333333333333,0.2386589786858581,True
5.333333333333333,0.26437611857491,True
5.333333333333333,0.29286445646252374,True
5.333333333333333,0.324422607917163,True
5.333333333333333,0.35938136638046275,True
5.333333333333333,0.3981071705534973,True
5.333333333333333,0.44100594541767385,True
5.333333333333333,0.4885273571519389,True
5.333333333333333,0.5411695265464638,True
5.333333333333333,0.5994842503189411,True
5.333333333333333,0.6640827850634842,True
5.333333333333333,0.7356422544596414,True
5.333333333333333,0.8149127469020745,True
5.333333333333333,0.9027251779484579,True
5.333333333333333,1.0,True
5.333333333333333,1.1077568505097097,True
5.333333333333333,1.2271252398511903,True
5.333333333333333,1.3593563908785256,True
5.333333333333333,1.5058363542798414,True
5.333333333333333,1.6681005372000592,True
5.333333333333333,1.8478497974222907,True
5.333333333333333,2.046968271807522,True
5.333333333333333,2.267543125870802,True
5.333333333333333,2.5118864315095797,True
5.333333333333333,2.782559402207126,True
5.333333333333333,3.0823992397451434,True
5.333333333333333,3.414548873833601,True
5.333333333333333,3.782489906389386,True
5.333333333333333,4.190079105786669,True
5.333333333333333,4.641588833612782,True
5.333333333333333,5.141751827683928,True
5.333333333333333,5.695810810737687,True
5.333333333333333,6.309573444801936,True
5.333333333333333,6.989473207273487,True
5.333333333333333,7.742636826811269,True
5.333333333333333,8.576958985908945,True
5.333333333333333,9.50118507318144,True
5.333333333333333,10.525002852777327,True
5.333333333333333,11.659144011798324,True
5.333333333333333,12.91549665014884,True
5.333333333333333,14.307229891937586,True
5.333333333333333,15.848931924611142,True
5.333333333333333,17.556762912750013,True
5.333333333333333,19.448624389373634,True
5.333333333333333,21.544346900318846,True
5.333333333333333,23.865897868585808,True
5.333333333333333,26.437611857491014,True
5.333333333333333,29.286445646252375,True
5.333333333333333,32.4422607917163,True
5.333333333333333,35.938136638046295,True
5.333333333333333,39.810717055349734,True
5.333333333333333,44.100594541767364,True
5.333333333333333,48.852735715193916,True
5.333333333333333,54.116952654646376,True
5.333333333333333,59.948425031894146,True
5.333333333333333,66.40827850634845,True
5.333333333333333,73.56422544596414,True
5.333333333333333,81.49127469020749,True
5.333333333333333,90.27251779484578,True
5.333333333333333,100.0,True
5.555555555555555,0.01,True
5.555555555555555,0.011077568505097092,True
5.555555555555555,0.012271252398511897,True
5.555555555555555,0.013593563908785255,True
5.555555555555555,0.015058363542798407,True
5.555555555555555,0.016681005372000592,True
5.555555555555555,0.018478497974222907,True
5.555555555555555,0.02046968271807521,True
5.555555555555555,0.02267543125870802,True
5.555555555555555,0.025118864315095794,True
5.555555555555555,0.027825594022071243,True
5.555555555555555,0.030823992397451434,True
5.555555555555555,0.034145488738336005,True
5.555555555555555,0.037824899063893865,True
5.555555555555555,0.04190079105786669,True
5.555555555555555,0.046415888336127795,True
5.555555555555555,0.051417518276839276,True
5.555555555555555,0.056958108107376865,True
5.555555555555555,0.06309573444801933,True
5.555555555555555,0.06989473207273486,True
5.555555555555555,0.0774263682681127,True
5.555555555555555,0.08576958985908942,True
5.555555555555555,0.0950118507318144,True
5.555555555555555,0.10525002852777332,True
5.555555555555555,0.11659144011798317,True
5.555555555555555,0.1291549665014884,True
5.555555555555555,0.14307229891937578,True
5.555555555555555,0.15848931924611134,True
5.555555555555555,0.17556762912750015,True
5.555555555555555,0.19448624389373625,True
5.555555555555555,0.21544346900318845,True
5.555555555555555,0.2386589786858581,True
5.555555555555555,0.26437611857491,True
5.555555555555555,0.29286445646252374,True
5.555555555555555,0.324422607917163,True
5.555555555555555,0.35938136638046275,True
5.555555555555555,0.3981071705534973,True
5.555555555555555,0.44100594541767385,True
5.555555555555555,0.4885273571519389,True
5.555555555555555,0.5411695265464638,True
5.555555555555555,0.5994842503189411,True
5.555555555555555,0.6640827850634842,True
5.555555555555555,0.7356422544596414,True
5.555555555555555,0.8149127469020745,True
5.555555555555555,0.9027251779484579,True
5.555555555555555,1.0,True
5.555555555555555,1.1077568505097097,True
5.555555555555555,1.2271252398511903,True
5.555555555555555,1.3593563908785256,True
5.555555555555555,1.5058363542798414,True
5.555555555555555,1.6681005372000592,True
5.555555555555555,1.8478497974222907,True
5.555555555555555,2.046968271807522,True
5.555555555555555,2.267543125870802,True
5.555555555555555,2.5118864315095797,True
5.555555555555555,2.782559402207126,True
5.555555555555555,3.0823992397451434,True
5.555555555555555,3.414548873833601,True
5.555555555555555,3.782489906389386,True
5.555555555555555,4.190079105786669,True
5.555555555555555,4.641588833612782,True
5.555555555555555,5.141751827683928,True
5.555555555555555,5.695810810737687,True
5.555555555555555,6.309573444801936,True
5.555555555555555,6.989473207273487,True
5.555555555555555,7.742636826811269,True
5.555555555555555,8.576958985908945,True
5.555555555555555,9.50118507318144,True
5.555555555555555,10.525002852777327,True
5.555555555555555,11.659144011798324,True
5.555555555555555,12.91549665014884,True
5.555555555555555,14.307229891937586,True
5.555555555555555,15.848931924611142,True
5.555555555555555,17.556762912750013,True
5.555555555555555,19.448624389373634,True
5.555555555555555,21.544346900318846,True
5.555555555555555,23.865897868585808,True
5.555555555555555,26.437611857491014,True
5.555555555555555,29.286445646252375,True
5.555555555555555,32.4422607917163,True
5.555555555555555,35.938136638046295,True
5.555555555555555,39.810717055349734,True
5.555555555555555,44.100594541767364,True
5.555555555555555,48.852735715193916,True
5.555555555555555,54.116952654646376,True
5.555555555555555,59.948425031894146,True
5.555555555555555,66.40827850634845,True
5.555555555555555,73.56422544596414,True
5.555555555555555,81.49127469020749,True
5.555555555555555,90.27251779484578,True
5.555555555555555,100.0,True
5.777777777777778,0.01,True
5.777777777777778,0.011077568505097092,True
5.777777777777778,0.012271252398511897,True
5.777777777777778,0.013593563908785255,True
5.777777777777778,0.015058363542798407,True
5.777777777777778,0.016681005372000592,True
5.777777777777778,0.018478497974222907,True
5.777777777777778,0.02046968271807521,True
5.777777777777778,0.02267543125870802,True
5.777777777777778,0.025118864315095794,True
5.777777777777778,0.027825594022071243,True
5.777777777777778,0.030823992397451434,True
5.777777777777778,0.034145488738336005,True
5.777777777777778,0.037824899063893865,True
5.777777777777778,0.04190079105786669,True
5.777777777777778,0.046415888336127795,True
5.777777777777778,0.051417518276839276,True
5.777777777777778,0.056958108107376865,True
5.777777777777778,0.06309573444801933,True
5.777777777777778,0.06989473207273486,True
5.777777777777778,0.0774263682681127,True
5.777777777777778,0.08576958985908942,True
5.777777777777778,0.0950118507318144,True
5.777777777777778,0.10525002852777332,True
5.777777777777778,0.11659144011798317,True
5.777777777777778,0.1291549665014884,True
5.777777777777778,0.14307229891937578,True
5.777777777777778,0.15848931924611134,True
5.777777777777778,0.17556762912750015,True
5.777777777777778,0.19448624389373625,True
5.777777777777778,0.21544346900318845,True
5.777777777777778,0.2386589786858581,True
5.777777777777778,0.26437611857491,True
5.777777777777778,0.29286445646252374,True
5.777777777777778,0.324422607917163,True
5.777777777777778,0.35938136638046275,True
5.777777777777778,0.3981071705534973,True
5.777777777777778,0.44100594541767385,True
5.777777777777778,0.4885273571519389,True
5.777777777777778,0.5411695265464638,True
5.777777777777778,0.5994842503189411,True
5.777777777777778,0.6640827850634842,True
5.777777777777778,0.7356422544596414,True
5.777777777777778,0.8149127469020745,True
5.777777777777778,0.9027251779484579,True
5.777777777777778,1.0,True
5.777777777777778,1.1077568505097097,True
5.777777777777778,1.2271252398511903,True
5.777777777777778,1.3593563908785256,True
5.777777777777778,1.5058363542798414,True
5.777777777777778,1.6681005372000592,True
5.777777777777778,1.8478497974222907,True
5.777777777777778,2.046968271807522,True
5.777777777777778,2.267543125870802,True
5.777777777777778,2.5118864315095797,True
5.777777777777778,2.782559402207126,True
5.777777777777778,3.0823992397451434,True
5.777777777777778,3.414548873833601,True
5.777777777777778,3.782489906389386,True
5.777777777777778,4.190079105786669,True
5.777777777777778,4.641588833612782,True
5.777777777777778,5.141751827683928,True
5.777777777777778,5.695810810737687,True
5.777777777777778,6.309573444801936,True
5.777777777777778,6.989473207273487,True
5.777777777777778,7.742636826811269,True
5.777777777777778,8.576958985908945,True
5.777777777777778,9.50118507318144,True
5.777777777777778,10.525002852777327,True
5.777777777777778,11.659144011798324,True
5.777777777777778,12.91549665014884,True
5.777777777777778,14.307229891937586,True
5.777777777777778,15.848931924611142,True
5.777777777777778,17.556762912750013,True
5.777777777777778,19.448624389373634,True
5.777777777777778,21.544346900318846,True
5.777777777777778,23.865897868585808,True
5.777777777777778,26.437611857491014,True
5.777777777777778,29.286445646252375,True
5.777777777777778,32.4422607917163,True
5.777777777777778,35.938136638046295,True
5.777777777777778,39.810717055349734,True
5.777777777777778,44.100594541767364,True
5.777777777777778,48.852735715193916,True
5.777777777777778,54.116952654646376,True
5.777777777777778,59.948425031894146,True
5.777777777777778,66.40827850634845,True
5.777777777777778,73.56422544596414,True
5.777777777777778,81.49127469020749,True
5.777777777777778,90.27251779484578,True
5.777777777777778,100.0,True
6.0,0.01,True
6.0,0.011077568505097092,True
6.0,0.012271252398511897,True
6.0,0.013593563908785255,True
6.0,0.015058363542798407,True
6.0,0.016681005372000592,True
6.0,0.018478497974222907,True
6.0,0.02046968271807521,True
6.0,0.02267543125870802,True
6.0,0.025118864315095794,True
6.0,0.027825594022071243,True
6.0,0.030823992397451434,True
6.0,0.034145488738336005,True
6.0,0.037824899063893865,True
6.0,0.04190079105786669,True
6.0,0.046415888336127795,True
6.0,0.051417518276839276,True
6.0,0.056958108107376865,True
6.0,0.06309573444801933,True
6.0,0.06989473207273486,True
6.0,0.0774263682681127,True
6.0,0.08576958985908942,True
6.0,0.0950118507318144,True
6.0,0.10525002852777332,True
6.0,0.11659144011798317,True
6.0,0.1291549665014884,True
6.0,0.14307229891937578,True
6.0,0.15848931924611134,True
6.0,0.17556762912750015,True
6.0,0.19448624389373625,True
6.0,0.21544346900318845,True
6.0,0.2386589786858581,True
6.0,0.26437611857491,True
6.0,0.29286445646252374,True
6.0,0.324422607917163,True
6.0,0.35938136638046275,True
6.0,0.3981071705534973,True
6.0,0.44100594541767385,True
6.0,0.4885273571519389,True
6.0,0.5411695265464638,True
6.0,0.5994842503189411,True
6.0,0.6640827850634842,True
6.0,0.7356422544596414,True
6.0,0.8149127469020745,True
6.0,0.9027251779484579,True
6.0,1.0,True
6.0,1.1077568505097097,True
6.0,1.2271252398511903,True
6.0,1.3593563908785256,True
6.0,1.5058363542798414,True
6.0,1.6681005372000592,True
6.0,1.8478497974222907,True
6.0,2.046968271807522,True
6.0,2.267543125870802,True
6.0,2.5118864315095797,True
6.0,2.782559402207126,True
6.0,3.0823992397451434,True
6.0,3.414548873833601,True
6.0,3.782489906389386,True
6.0,4.190079105786669,True
6.0,4.641588833612782,True
6.0,5.141751827683928,True
6.0,5.695810810737687,True
6.0,6.309573444801936,True
6.0,6.989473207273487,True
6.0,7.742636826811269,True
6.0,8.576958985908945,True
6.0,9.50118507318144,True
6.0,10.525002852777327,True
6.0,11.659144011798324,True
6.0,12.91549665014884,True
6.0,14.307229891937586,True
6.0,15.848931924611142,True
6.0,17.556762912750013,True
6.0,19.448624389373634,True
6.0,21.544346900318846,True
6.0,23.865897868585808,True
6.0,26.437611857491014,True
6.0,29.286445646252375,True
6.0,32.4422607917163,True
6.0,35.938136638046295,True
6.0,39.810717055349734,True
6.0,44.100594541767364,True
6.0,48.852735715193916,True
6.0,54.116952654646376,True
6.0,59.948425031894146,True
6.0,66.40827850634845,True
6.0,73.56422544596414,True
6.0,81.49127469020749,True
6.0,90.27251779484578,True
6.0,100.0,True
6.222222222222221,0.01,True
6.222222222222221,0.011077568505097092,True
6.222222222222221,0.012271252398511897,True
6.222222222222221,0.013593563908785255,True
6.222222222222221,0.015058363542798407,True
6.222222222222221,0.016681005372000592,True
6.222222222222221,0.018478497974222907,True
6.222222222222221,0.02046968271807521,True
6.222222222222221,0.02267543125870802,True
6.222222222222221,0.025118864315095794,True
6.222222222222221,0.027825594022071243,True
6.222222222222221,0.030823992397451434,True
6.222222222222221,0.034145488738336005,True
6.222222222222221,0.037824899063893865,True
6.222222222222221,0.04190079105786669,True
6.222222222222221,0.046415888336127795,True
6.222222222222221,0.051417518276839276,True
6.222222222222221,0.056958108107376865,True
6.222222222222221,0.06309573444801933,True
6.222222222222221,0.06989473207273486,True
6.222222222222221,0.0774263682681127,True
6.222222222222221,0.08576958985908942,True
6.222222222222221,0.0950118507318144,True
6.222222222222221,0.10525002852777332,True
6.222222222222221,0.11659144011798317,True
6.222222222222221,0.1291549665014884,True
6.222222222222221,0.14307229891937578,True
6.222222222222221,0.15848931924611134,True
6.222222222222221,0.17556762912750015,True
6.222222222222221,0.19448624389373625,True
6.222222222222221,0.21544346900318845,True
6.222222222222221,0.2386589786858581,True
6.222222222222221,0.26437611857491,True
6.222222222222221,0.29286445646252374,True
6.222222222222221,0.324422607917163,True
6.222222222222221,0.35938136638046275,True
6.222222222222221,0.3981071705534973,True
6.222222222222221,0.44100594541767385,True
6.222222222222221,0.4885273571519389,True
6.222222222222221,0.5411695265464638,True
6.222222222222221,0.5994842503189411,True
6.222222222222221,0.6640827850634842,True
6.222222222222221,0.7356422544596414,True
6.222222222222221,0.8149127469020745,True
6.222222222222221,0.9027251779484579,True
6.222222222222221,1.0,True
6.222222222222221,1.1077568505097097,True
6.222222222222221,1.2271252398511903,True
6.222222222222221,1.3593563908785256,True
6.222222222222221,1.5058363542798414,True
6.222222222222221,1.6681005372000592,True
6.222222222222221,1.8478497974222907,True
6.222222222222221,2.046968271807522,True
6.222222222222221,2.267543125870802,True
6.222222222222221,2.5118864315095797,True
6.222222222222221,2.782559402207126,True
6.222222222222221,3.0823992397451434,True
6.222222222222221,3.414548873833601,True
6.222222222222221,3.782489906389386,True
6.222222222222221,4.190079105786669,True
6.222222222222221,4.641588833612782,True
6.222222222222221,5.141751827683928,True
6.222222222222221,5.695810810737687,True
6.222222222222221,6.309573444801936,True
6.222222222222221,6.989473207273487,True
6.222222222222221,7.742636826811269,True
6.222222222222221,8.576958985908945,True
6.222222222222221,9.50118507318144,True
6.222222222222221,10.525002852777327,True
6.222222222222221,11.659144011798324,True
6.222222222222221,12.91549665014884,True
6.222222222222221,14.307229891937586,True
6.222222222222221,15.848931924611142,True
6.222222222222221,17.556762912750013,True
6.222222222222221,19.448624389373634,True
6.222222222222221,21.544346900318846,True
6.222222222222221,23.865897868585808,True
6.222222222222221,26.437611857491014,True
6.222222222222221,29.286445646252375,True
6.222222222222221,32.4422607917163,True
6.222222222222221,35.938136638046295,True
6.222222222222221,39.810717055349734,True
6.222222222222221,44.100594541767364,True
6.222222222222221,48.852735715193916,True
6.222222222222221,54.116952654646376,True
6.222222222222221,59.948425031894146,True
6.222222222222221,66.40827850634845,True
6.222222222222221,73.56422544596414,True
6.222222222222221,81.49127469020749,True
6.222222222222221,90.27251779484578,True
6.222222222222221,100.0,True
6.444444444444444,0.01,True
6.444444444444444,0.011077568505097092,True
6.444444444444444,0.012271252398511897,True
6.444444444444444,0.013593563908785255,True
6.444444444444444,0.015058363542798407,True
6.444444444444444,0.016681005372000592,True
6.444444444444444,0.018478497974222907,True
6.444444444444444,0.02046968271807521,True
6.444444444444444,0.02267543125870802,True
6.444444444444444,0.025118864315095794,True
6.444444444444444,0.027825594022071243,True
6.444444444444444,0.030823992397451434,True
6.444444444444444,0.034145488738336005,True
6.444444444444444,0.037824899063893865,True
6.444444444444444,0.04190079105786669,True
6.444444444444444,0.046415888336127795,True
6.444444444444444,0.051417518276839276,True
6.444444444444444,0.056958108107376865,True
6.444444444444444,0.06309573444801933,True
6.444444444444444,0.06989473207273486,True
6.444444444444444,0.0774263682681127,True
6.444444444444444,0.08576958985908942,True
6.444444444444444,0.0950118507318144,True
6.444444444444444,0.10525002852777332,True
6.444444444444444,0.11659144011798317,True
6.444444444444444,0.1291549665014884,True
6.444444444444444,0.14307229891937578,True
6.444444444444444,0.15848931924611134,True
6.444444444444444,0.17556762912750015,True
6.444444444444444,0.19448624389373625,True
6.444444444444444,0.21544346900318845,True
6.444444444444444,0.2386589786858581,True
6.444444444444444,0.26437611857491,True
6.444444444444444,0.29286445646252374,True
6.444444444444444,0.324422607917163,True
6.444444444444444,0.35938136638046275,True
6.444444444444444,0.3981071705534973,True
6.444444444444444,0.44100594541767385,True
6.444444444444444,0.4885273571519389,True
6.444444444444444,0.5411695265464638,True
6.444444444444444,0.5994842503189411,True
6.444444444444444,0.6640827850634842,True
6.444444444444444,0.7356422544596414,True
6.444444444444444,0.8149127469020745,True
6.444444444444444,0.9027251779484579,True
6.444444444444444,1.0,True
6.444444444444444,1.1077568505097097,True
6.444444444444444,1.2271252398511903,True
6.444444444444444,1.3593563908785256,True
6.444444444444444,1.5058363542798414,True
6.444444444444444,1.6681005372000592,True
6.444444444444444,1.8478497974222907,True
6.444444444444444,2.046968271807522,True
6.444444444444444,2.267543125870802,True
6.444444444444444,2.5118864315095797,True
6.444444444444444,2.782559402207126,True
6.444444444444444,3.0823992397451434,True
6.444444444444444,3.414548873833601,True
6.444444444444444,3.782489906389386,True
6.444444444444444,4.190079105786669,True
6.444444444444444,4.641588833612782,True
6.444444444444444,5.141751827683928,True
6.444444444444444,5.695810810737687,True
6.444444444444444,6.309573444801936,True
6.444444444444444,6.989473207273487,True
6.444444444444444,7.742636826811269,True
6.444444444444444,8.576958985908945,True
6.444444444444444,9.50118507318144,True
6.444444444444444,10.525002852777327,True
6.444444444444444,11.659144011798324,True
6.444444444444444,12.91549665014884,True
6.444444444444444,14.307229891937586,True
6.444444444444444,15.848931924611142,True
6.444444444444444,17.556762912750013,True
6.444444444444444,19.448624389373634,True
6.444444444444444,21.544346900318846,True
6.444444444444444,23.865897868585808,True
6.444444444444444,26.437611857491014,True
6.444444444444444,29.286445646252375,True
6.444444444444444,32.4422607917163,True
6.444444444444444,35.938136638046295,True
6.444444444444444,39.810717055349734,True
6.444444444444444,44.100594541767364,True
6.444444444444444,48.852735715193916,True
6.444444444444444,54.116952654646376,True
6.444444444444444,59.948425031894146,True
6.444444444444444,66.40827850634845,True
6.444444444444444,73.56422544596414,True
6.444444444444444,81.49127469020749,True
6.444444444444444,90.27251779484578,True
6.444444444444444,100.0,True
6.666666666666666,0.01,True
6.666666666666666,0.011077568505097092,True
6.666666666666666,0.012271252398511897,True
6.666666666666666,0.013593563908785255,True
6.666666666666666,0.015058363542798407,True
6.666666666666666,0.016681005372000592,True
6.666666666666666,0.018478497974222907,True
6.666666666666666,0.02046968271807521,True
6.666666666666666,0.02267543125870802,True
6.666666666666666,0.025118864315095794,True
6.666666666666666,0.027825594022071243,True
6.666666666666666,0.030823992397451434,True
6.666666666666666,0.034145488738336005,True
6.666666666666666,0.037824899063893865,True
6.666666666666666,0.04190079105786669,True
6.666666666666666,0.046415888336127795,True
6.666666666666666,0.051417518276839276,True
6.666666666666666,0.056958108107376865,True
6.666666666666666,0.06309573444801933,True
6.666666666666666,0.06989473207273486,True
6.666666666666666,0.0774263682681127,True
6.666666666666666,0.08576958985908942,True
6.666666666666666,0.0950118507318144,True
6.666666666666666,0.10525002852777332,True
6.666666666666666,0.11659144011798317,True
6.666666666666666,0.1291549665014884,True
6.666666666666666,0.14307229891937578,True
6.666666666666666,0.15848931924611134,True
6.666666666666666,0.17556762912750015,True
6.666666666666666,0.19448624389373625,True
6.666666666666666,0.21544346900318845,True
6.666666666666666,0.2386589786858581,True
6.666666666666666,0.26437611857491,True
6.666666666666666,0.29286445646252374,True
6.666666666666666,0.324422607917163,True
6.666666666666666,0.35938136638046275,True
6.666666666666666,0.3981071705534973,True
6.666666666666666,0.44100594541767385,True
6.666666666666666,0.4885273571519389,True
6.666666666666666,0.5411695265464638,True
6.666666666666666,0.5994842503189411,True
6.666666666666666,0.6640827850634842,True
6.666666666666666,0.7356422544596414,True
6.666666666666666,0.8149127469020745,True
6.666666666666666,0.9027251779484579,True
6.666666666666666,1.0,True
6.666666666666666,1.1077568505097097,True
6.666666666666666,1.2271252398511903,True
6.666666666666666,1.3593563908785256,True
6.666666666666666,1.5058363542798414,True
6.666666666666666,1.6681005372000592,True
6.666666666666666,1.8478497974222907,True
6.666666666666666,2.046968271807522,True
6.666666666666666,2.267543125870802,True
6.666666666666666,2.5118864315095797,True
6.666666666666666,2.782559402207126,True
6.666666666666666,3.0823992397451434,True
6.666666666666666,3.414548873833601,True
6.666666666666666,3.782489906389386,True
6.666666666666666,4.190079105786669,True
6.666666666666666,4.641588833612782,True
6.666666666666666,5.141751827683928,True
6.666666666666666,5.695810810737687,True
6.666666666666666,6.309573444801936,True
6.666666666666666,6.989473207273487,True
6.666666666666666,7.742636826811269,True
6.666666666666666,8.576958985908945,True
6.666666666666666,9.50118507318144,True
6.666666666666666,10.525002852777327,True
6.666666666666666,11.659144011798324,True
6.666666666666666,12.91549665014884,True
6.666666666666666,14.307229891937586,True
6.666666666666666,15.848931924611142,True
6.666666666666666,17.556762912750013,True
6.666666666666666,19.448624389373634,True
6.666666666666666,21.544346900318846,True
6.666666666666666,23.865897868585808,True
6.666666666666666,26.437611857491014,True
6.666666666666666,29.286445646252375,True
6.666666666666666,32.4422607917163,True
6.666666666666666,35.938136638046295,True
6.666666666666666,39.810717055349734,True
6.666666666666666,44.100594541767364,True
6.666666666666666,48.852735715193916,True
6.666666666666666,54.116952654646376,True
6.666666666666666,59.948425031894146,True
6.666666666666666,66.40827850634845,True
6.666666666666666,73.56422544596414,True
6.666666666666666,81.49127469020749,True
6.666666666666666,90.27251779484578,True
6.666666666666666,100.0,True
6.888888888888888,0.01,True
6.888888888888888,0.011077568505097092,True
6.888888888888888,0.012271252398511897,True
6.888888888888888,0.013593563908785255,True
6.888888888888888,0.015058363542798407,True
6.888888888888888,0.016681005372000592,True
6.888888888888888,0.018478497974222907,True
6.888888888888888,0.02046968271807521,True
6.888888888888888,0.02267543125870802,True
6.888888888888888,0.025118864315095794,True
6.888888888888888,0.027825594022071243,True
6.888888888888888,0.030823992397451434,True
6.888888888888888,0.034145488738336005,True
6.888888888888888,0.037824899063893865,True
6.888888888888888,0.04190079105786669,True
6.888888888888888,0.046415888336127795,True
6.888888888888888,0.051417518276839276,True
6.888888888888888,0.056958108107376865,True
6.888888888888888,0.06309573444801933,True
6.888888888888888,0.06989473207273486,True
6.888888888888888,0.0774263682681127,True
6.888888888888888,0.08576958985908942,True
6.888888888888888,0.0950118507318144,True
6.888888888888888,0.10525002852777332,True
6.888888888888888,0.11659144011798317,True
6.888888888888888,0.1291549665014884,True
6.888888888888888,0.14307229891937578,True
6.888888888888888,0.15848931924611134,True
6.888888888888888,0.17556762912750015,True
6.888888888888888,0.19448624389373625,True
6.888888888888888,0.21544346900318845,True
6.888888888888888,0.2386589786858581,True
6.888888888888888,0.26437611857491,True
6.888888888888888,0.29286445646252374,True
6.888888888888888,0.324422607917163,True
6.888888888888888,0.35938136638046275,True
6.888888888888888,0.3981071705534973,True
6.888888888888888,0.44100594541767385,True
6.888888888888888,0.4885273571519389,True
6.888888888888888,0.5411695265464638,True
6.888888888888888,0.5994842503189411,True
6.888888888888888,0.6640827850634842,True
6.888888888888888,0.7356422544596414,True
6.888888888888888,0.8149127469020745,True
6.888888888888888,0.9027251779484579,True
6.888888888888888,1.0,True
6.888888888888888,1.1077568505097097,True
6.888888888888888,1.2271252398511903,True
6.888888888888888,1.3593563908785256,True
6.888888888888888,1.5058363542798414,True
6.888888888888888,1.6681005372000592,True
6.888888888888888,1.8478497974222907,True
6.888888888888888,2.046968271807522,True
6.888888888888888,2.267543125870802,True
6.888888888888888,2.5118864315095797,True
6.888888888888888,2.782559402207126,True
6.888888888888888,3.0823992397451434,True
6.888888888888888,3.414548873833601,True
6.888888888888888,3.782489906389386,True
6.888888888888888,4.190079105786669,True
6.888888888888888,4.641588833612782,True
6.888888888888888,5.141751827683928,True
6.888888888888888,5.695810810737687,True
6.888888888888888,6.309573444801936,True
6.888888888888888,6.989473207273487,True
6.888888888888888,7.742636826811269,True
6.888888888888888,8.576958985908945,True
6.888888888888888,9.50118507318144,True
6.888888888888888,10.525002852777327,True
6.888888888888888,11.659144011798324,True
6.888888888888888,12.91549665014884,True
6.888888888888888,14.307229891937586,True
6.888888888888888,15.848931924611142,True
6.888888888888888,17.556762912750013,True
6.888888888888888,19.448624389373634,True
6.888888888888888,21.544346900318846,True
6.888888888888888,23.865897868585808,True
6.888888888888888,26.437611857491014,True
6.888888888888888,29.286445646252375,True
6.888888888888888,32.4422607917163,True
6.888888888888888,35.938136638046295,True
6.888888888888888,39.810717055349734,True
6.888888888888888,44.100594541767364,True
6.888888888888888,48.852735715193916,True
6.888888888888888,54.116952654646376,True
6.888888888888888,59.948425031894146,True
6.888888888888888,66.40827850634845,True
6.888888888888888,73.56422544596414,True
6.888888888888888,81.49127469020749,True
6.888888888888888,90.27251779484578,True
6.888888888888888,100.0,True
7.111111111111111,0.01,True
7.111111111111111,0.011077568505097092,True
7.111111111111111,0.012271252398511897,True
7.111111111111111,0.013593563908785255,True
7.111111111111111,0.015058363542798407,True
7.111111111111111,0.016681005372000592,True
7.111111111111111,0.018478497974222907,True
7.111111111111111,0.02046968271807521,True
7.111111111111111,0.02267543125870802,True
7.111111111111111,0.025118864315095794,True
7.111111111111111,0.027825594022071243,True
7.111111111111111,0.030823992397451434,True
7.111111111111111,0.034145488738336005,True
7.111111111111111,0.037824899063893865,True
7.111111111111111,0.04190079105786669,True
7.111111111111111,0.046415888336127795,True
7.111111111111111,0.051417518276839276,True
7.111111111111111,0.056958108107376865,True
7.111111111111111,0.06309573444801933,True
7.111111111111111,0.06989473207273486,True
7.111111111111111,0.0774263682681127,True
7.111111111111111,0.08576958985908942,True
7.111111111111111,0.0950118507318144,True
7.111111111111111,0.10525002852777332,True
7.111111111111111,0.11659144011798317,True
7.111111111111111,0.1291549665014884,True
7.111111111111111,0.14307229891937578,True
7.111111111111111,0.15848931924611134,True
7.111111111111111,0.17556762912750015,True
7.111111111111111,0.19448624389373625,True
7.111111111111111,0.21544346900318845,True
7.111111111111111,0.2386589786858581,True
7.111111111111111,0.26437611857491,True
7.111111111111111,0.29286445646252374,True
7.111111111111111,0.324422607917163,True
7.111111111111111,0.35938136638046275,True
7.111111111111111,0.3981071705534973,True
7.111111111111111,0.44100594541767385,True
7.111111111111111,0.4885273571519389,True
7.111111111111111,0.5411695265464638,True
7.111111111111111,0.5994842503189411,True
7.111111111111111,0.6640827850634842,True
7.111111111111111,0.7356422544596414,True
7.111111111111111,0.8149127469020745,True
7.111111111111111,0.9027251779484579,True
7.111111111111111,1.0,True
7.111111111111111,1.1077568505097097,True
7.111111111111111,1.2271252398511903,True
7.111111111111111,1.3593563908785256,True
7.111111111111111,1.5058363542798414,True
7.111111111111111,1.6681005372000592,True
7.111111111111111,1.8478497974222907,True
7.111111111111111,2.046968271807522,True
7.111111111111111,2.267543125870802,True
7.111111111111111,2.5118864315095797,True
7.111111111111111,2.782559402207126,True
7.111111111111111,3.0823992397451434,True
7.111111111111111,3.414548873833601,True
7.111111111111111,3.782489906389386,True
7.111111111111111,4.190079105786669,True
7.111111111111111,4.641588833612782,True
7.111111111111111,5.141751827683928,True
7.111111111111111,5.695810810737687,True
7.111111111111111,6.309573444801936,True
7.111111111111111,6.989473207273487,True
7.111111111111111,7.742636826811269,True
7.111111111111111,8.576958985908945,True
7.111111111111111,9.50118507318144,True
7.111111111111111,10.525002852777327,True
7.111111111111111,11.659144011798324,True
7.111111111111111,12.91549665014884,True
7.111111111111111,14.307229891937586,True
7.111111111111111,15.848931924611142,True
7.111111111111111,17.556762912750013,True
7.111111111111111,19.448624389373634,True
7.111111111111111,21.544346900318846,True
7.111111111111111,23.865897868585808,True
7.111111111111111,26.437611857491014,True
7.111111111111111,29.286445646252375,True
7.111111111111111,32.4422607917163,True
7.111111111111111,35.938136638046295,True
7.111111111111111,39.810717055349734,True
7.111111111111111,44.100594541767364,True
7.111111111111111,48.852735715193916,True
7.111111111111111,54.116952654646376,True
7.111111111111111,59.948425031894146,True
7.111111111111111,66.40827850634845,True
7.111111111111111,73.56422544596414,True
7.111111111111111,81.49127469020749,True
7.111111111111111,90.27251779484578,True
7.111111111111111,100.0,True
7.333333333333333,0.01,True
7.333333333333333,0.011077568505097092,True
7.333333333333333,0.012271252398511897,True
7.333333333333333,0.013593563908785255,True
7.333333333333333,0.015058363542798407,True
7.333333333333333,0.016681005372000592,True
7.333333333333333,0.018478497974222907,True
7.333333333333333,0.02046968271807521,True
7.333333333333333,0.02267543125870802,True
7.333333333333333,0.025118864315095794,True
7.333333333333333,0.027825594022071243,True
7.333333333333333,0.030823992397451434,True
7.333333333333333,0.034145488738336005,True
7.333333333333333,0.037824899063893865,True
7.333333333333333,0.04190079105786669,True
7.333333333333333,0.046415888336127795,True
7.333333333333333,0.051417518276839276,True
7.333333333333333,0.056958108107376865,True
7.333333333333333,0.06309573444801933,True
7.333333333333333,0.06989473207273486,True
7.333333333333333,0.0774263682681127,True
7.333333333333333,0.08576958985908942,True
7.333333333333333,0.0950118507318144,True
7.333333333333333,0.10525002852777332,True
7.333333333333333,0.11659144011798317,True
7.333333333333333,0.1291549665014884,True
7.333333333333333,0.14307229891937578,True
7.333333333333333,0.15848931924611134,True
7.333333333333333,0.17556762912750015,True
7.333333333333333,0.19448624389373625,True
7.333333333333333,0.21544346900318845,True
7.333333333333333,0.2386589786858581,True
7.333333333333333,0.26437611857491,True
7.333333333333333,0.29286445646252374,True
7.333333333333333,0.324422607917163,True
7.333333333333333,0.35938136638046275,True
7.333333333333333,0.3981071705534973,True
7.333333333333333,0.44100594541767385,True
7.333333333333333,0.4885273571519389,True
7.333333333333333,0.5411695265464638,True
7.333333333333333,0.5994842503189411,True
7.333333333333333,0.6640827850634842,True
7.333333333333333,0.7356422544596414,True
7.333333333333333,0.8149127469020745,True
7.333333333333333,0.9027251779484579,True
7.333333333333333,1.0,True
7.333333333333333,1.1077568505097097,True
7.333333333333333,1.2271252398511903,True
7.333333333333333,1.3593563908785256,True
7.333333333333333,1.5058363542798414,True
7.333333333333333,1.6681005372000592,True
7.333333333333333,1.8478497974222907,True
7.333333333333333,2.046968271807522,True
7.333333333333333,2.267543125870802,True
7.333333333333333,2.5118864315095797,True
7.333333333333333,2.782559402207126,True
7.333333333333333,3.0823992397451434,True
7.333333333333333,3.414548873833601,True
7.333333333333333,3.782489906389386,True
7.333333333333333,4.190079105786669,True
7.333333333333333,4.641588833612782,True
7.333333333333333,5.141751827683928,True
7.333333333333333,5.695810810737687,True
7.333333333333333,6.309573444801936,True
7.333333333333333,6.989473207273487,True
7.333333333333333,7.742636826811269,True
7.333333333333333,8.576958985908945,True
7.333333333333333,9.50118507318144,True
7.333333333333333,10.525002852777327,True
7.333333333333333,11.659144011798324,True
7.333333333333333,12.91549665014884,True
7.333333333333333,14.307229891937586,True
7.333333333333333,15.848931924611142,True
7.333333333333333,17.556762912750013,True
7.333333333333333,19.448624389373634,True
7.333333333333333,21.544346900318846,True
7.333333333333333,23.865897868585808,True
7.333333333333333,26.437611857491014,True
7.333333333333333,29.286445646252375,True
7.333333333333333,32.4422607917163,True
7.333333333333333,35.938136638046295,True
7.333333333333333,39.810717055349734,True
7.333333333333333,44.100594541767364,True
7.333333333333333,48.852735715193916,True
7.333333333333333,54.116952654646376,True
7.333333333333333,59.948425031894146,True
7.333333333333333,66.40827850634845,True
7.333333333333333,73.56422544596414,True
7.333333333333333,81.49127469020749,True
7.333333333333333,90.27251779484578,True
7.333333333333333,100.0,True
7.555555555555555,0.01,True
7.555555555555555,0.011077568505097092,True
7.555555555555555,0.012271252398511897,True
7.555555555555555,0.013593563908785255,True
7.555555555555555,0.015058363542798407,True
7.555555555555555,0.016681005372000592,True
7.555555555555555,0.018478497974222907,True
7.555555555555555,0.02046968271807521,True
7.555555555555555,0.02267543125870802,True
7.555555555555555,0.025118864315095794,True
7.555555555555555,0.027825594022071243,True
7.555555555555555,0.030823992397451434,True
7.555555555555555,0.034145488738336005,True
7.555555555555555,0.037824899063893865,True
7.555555555555555,0.04190079105786669,True
7.555555555555555,0.046415888336127795,True
7.555555555555555,0.051417518276839276,True
7.555555555555555,0.056958108107376865,True
7.555555555555555,0.06309573444801933,True
7.555555555555555,0.06989473207273486,True
7.555555555555555,0.0774263682681127,True
7.555555555555555,0.08576958985908942,True
7.555555555555555,0.0950118507318144,True
7.555555555555555,0.10525002852777332,True
7.555555555555555,0.11659144011798317,True
7.555555555555555,0.1291549665014884,True
7.555555555555555,0.14307229891937578,True
7.555555555555555,0.15848931924611134,True
7.555555555555555,0.17556762912750015,True
7.555555555555555,0.19448624389373625,True
7.555555555555555,0.21544346900318845,True
7.555555555555555,0.2386589786858581,True
7.555555555555555,0.26437611857491,True
7.555555555555555,0.29286445646252374,True
7.555555555555555,0.324422607917163,True
7.555555555555555,0.35938136638046275,True
7.555555555555555,0.3981071705534973,True
7.555555555555555,0.44100594541767385,True
7.555555555555555,0.4885273571519389,True
7.555555555555555,0.5411695265464638,True
7.555555555555555,0.5994842503189411,True
7.555555555555555,0.6640827850634842,True
7.555555555555555,0.7356422544596414,True
7.555555555555555,0.8149127469020745,True
7.555555555555555,0.9027251779484579,True
7.555555555555555,1.0,True
7.555555555555555,1.1077568505097097,True
7.555555555555555,1.2271252398511903,True
7.555555555555555,1.3593563908785256,True
7.555555555555555,1.5058363542798414,True
7.555555555555555,1.6681005372000592,True
7.555555555555555,1.8478497974222907,True
7.555555555555555,2.046968271807522,True
7.555555555555555,2.267543125870802,True
7.555555555555555,2.5118864315095797,True
7.555555555555555,2.782559402207126,True
7.555555555555555,3.0823992397451434,True
7.555555555555555,3.414548873833601,True
7.555555555555555,3.782489906389386,True
7.555555555555555,4.190079105786669,True
7.555555555555555,4.641588833612782,True
7.555555555555555,5.141751827683928,True
7.555555555555555,5.695810810737687,True
7.555555555555555,6.309573444801936,True
7.555555555555555,6.989473207273487,True
7.555555555555555,7.742636826811269,True
7.555555555555555,8.576958985908945,True
7.555555555555555,9.50118507318144,True
7.555555555555555,10.525002852777327,True
7.555555555555555,11.659144011798324,True
7.555555555555555,12.91549665014884,True
7.555555555555555,14.307229891937586,True
7.555555555555555,15.848931924611142,True
7.555555555555555,17.556762912750013,True
7.555555555555555,19.448624389373634,True
7.555555555555555,21.544346900318846,True
7.555555555555555,23.865897868585808,True
7.555555555555555,26.437611857491014,True
7.555555555555555,29.286445646252375,True
7.555555555555555,32.4422607917163,True
7.555555555555555,35.938136638046295,True
7.555555555555555,39.810717055349734,True
7.555555555555555,44.100594541767364,True
7.555555555555555,48.852735715193916,True
7.555555555555555,54.116952654646376,True
7.555555555555555,59.948425031894146,True
7.555555555555555,66.40827850634845,True
7.555555555555555,73.56422544596414,True
7.555555555555555,81.49127469020749,True
7.555555555555555,90.27251779484578,True
7.555555555555555,100.0,True
7.777777777777778,0.01,True
7.777777777777778,0.011077568505097092,True
7.777777777777778,0.012271252398511897,True
7.777777777777778,0.013593563908785255,True
7.777777777777778,0.015058363542798407,True
7.777777777777778,0.016681005372000592,True
7.777777777777778,0.018478497974222907,True
7.777777777777778,0.02046968271807521,True
7.777777777777778,0.02267543125870802,True
7.777777777777778,0.025118864315095794,True
7.777777777777778,0.027825594022071243,True
7.777777777777778,0.030823992397451434,True
7.777777777777778,0.034145488738336005,True
7.777777777777778,0.037824899063893865,True
7.777777777777778,0.04190079105786669,True
7.777777777777778,0.046415888336127795,True
7.777777777777778,0.051417518276839276,True
7.777777777777778,0.056958108107376865,True
7.777777777777778,0.06309573444801933,True
7.777777777777778,0.06989473207273486,True
7.777777777777778,0.0774263682681127,True
7.777777777777778,0.08576958985908942,True
7.777777777777778,0.0950118507318144,True
7.777777777777778,0.10525002852777332,True
7.777777777777778,0.11659144011798317,True
7.777777777777778,0.1291549665014884,True
7.777777777777778,0.14307229891937578,True
7.777777777777778,0.15848931924611134,True
7.777777777777778,0.17556762912750015,True
7.777777777777778,0.19448624389373625,True
7.777777777777778,0.21544346900318845,True
7.777777777777778,0.2386589786858581,True
7.777777777777778,0.26437611857491,True
7.777777777777778,0.29286445646252374,True
7.777777777777778,0.324422607917163,True
7.777777777777778,0.35938136638046275,True
7.777777777777778,0.3981071705534973,True
7.777777777777778,0.44100594541767385,True
7.777777777777778,0.4885273571519389,True
7.777777777777778,0.5411695265464638,True
7.777777777777778,0.5994842503189411,True
7.777777777777778,0.6640827850634842,True
7.777777777777778,0.7356422544596414,True
7.777777777777778,0.8149127469020745,True
7.777777777777778,0.9027251779484579,True
7.777777777777778,1.0,True
7.777777777777778,1.1077568505097097,True
7.777777777777778,1.2271252398511903,True
7.777777777777778,1.3593563908785256,True
7.777777777777778,1.5058363542798414,True
7.777777777777778,1.6681005372000592,True
7.777777777777778,1.8478497974222907,True
7.777777777777778,2.046968271807522,True
7.777777777777778,2.267543125870802,True
7.777777777777778,2.5118864315095797,True
7.777777777777778,2.782559402207126,True
7.777777777777778,3.0823992397451434,True
7.777777777777778,3.414548873833601,True
7.777777777777778,3.782489906389386,True
7.777777777777778,4.190079105786669,True
7.777777777777778,4.641588833612782,True
7.777777777777778,5.141751827683928,True
7.777777777777778,5.695810810737687,True
7.777777777777778,6.309573444801936,True
7.777777777777778,6.989473207273487,True
7.777777777777778,7.742636826811269,True
7.777777777777778,8.576958985908945,True
7.777777777777778,9.50118507318144,True
7.777777777777778,10.525002852777327,True
7.777777777777778,11.659144011798324,True
7.777777777777778,12.91549665014884,True
7.777777777777778,14.307229891937586,True
7.777777777777778,15.848931924611142,True
7.777777777777778,17.556762912750013,True
7.777777777777778,19.448624389373634,True
7.777777777777778,21.544346900318846,True
7.777777777777778,23.865897868585808,True
7.777777777777778,26.437611857491014,True
7.777777777777778,29.286445646252375,True
7.777777777777778,32.4422607917163,True
7.777777777777778,35.938136638046295,True
7.777777777777778,39.810717055349734,True
7.777777777777778,44.100594541767364,True
7.777777777777778,48.852735715193916,True
7.777777777777778,54.116952654646376,True
7.777777777777778,59.948425031894146,True
7.777777777777778,66.40827850634845,True
7.777777777777778,73.56422544596414,True
7.777777777777778,81.49127469020749,True
7.777777777777778,90.27251779484578,True
7.777777777777778,100.0,True
8.0,0.01,True
8.0,0.011077568505097092,True
8.0,0.012271252398511897,True
8.0,0.013593563908785255,True
8.0,0.015058363542798407,True
8.0,0.016681005372000592,True
8.0,0.018478497974222907,True
8.0,0.02046968271807521,True
8.0,0.02267543125870802,True
8.0,0.025118864315095794,True
8.0,0.027825594022071243,True
8.0,0.030823992397451434,True
8.0,0.034145488738336005,True
8.0,0.037824899063893865,True
8.0,0.04190079105786669,True
8.0,0.046415888336127795,True
8.0,0.051417518276839276,True
8.0,0.056958108107376865,True
8.0,0.06309573444801933,True
8.0,0.06989473207273486,True
8.0,0.0774263682681127,True
8.0,0.08576958985908942,True
8.0,0.0950118507318144,True
8.0,0.10525002852777332,True
8.0,0.11659144011798317,True
8.0,0.1291549665014884,True
8.0,0.14307229891937578,True
8.0,0.15848931924611134,True
8.0,0.17556762912750015,True
8.0,0.19448624389373625,True
8.0,0.21544346900318845,True
8.0,0.2386589786858581,True
8.0,0.26437611857491,True
8.0,0.29286445646252374,True
8.0,0.324422607917163,True
8.0,0.35938136638046275,True
8.0,0.3981071705534973,True
8.0,0.44100594541767385,True
8.0,0.4885273571519389,True
8.0,0.5411695265464638,True
8.0,0.5994842503189411,True
8.0,0.6640827850634842,True
8.0,0.7356422544596414,True
8.0,0.8149127469020745,True
8.0,0.9027251779484579,True
8.0,1.0,True
8.0,1.1077568505097097,True
8.0,1.2271252398511903,True
8.0,1.3593563908785256,True
8.0,1.5058363542798414,True
8.0,1.6681005372000592,True
8.0,1.8478497974222907,True
8.0,2.046968271807522,True
8.0,2.267543125870802,True
8.0,2.5118864315095797,True
8.0,2.782559402207126,True
8.0,3.0823992397451434,True
8.0,3.414548873833601,True
8.0,3.782489906389386,True
8.0,4.190079105786669,True
8.0,4.641588833612782,True
8.0,5.141751827683928,True
8.0,5.695810810737687,True
8.0,6.309573444801936,True
8.0,6.989473207273487,True
8.0,7.742636826811269,True
8.0,8.576958985908945,True
8.0,9.50118507318144,True
8.0,10.525002852777327,True
8.0,11.659144011798324,True
8.0,12.91549665014884,True
8.0,14.307229891937586,True
8.0,15.848931924611142,True
8.0,17.556762912750013,True
8.0,19.448624389373634,True
8.0,21.544346900318846,True
8.0,23.865897868585808,True
8.0,26.437611857491014,True
8.0,29.286445646252375,True
8.0,32.4422607917163,True
8.0,35.938136638046295,True
8.0,39.810717055349734,True
8.0,44.100594541767364,True
8.0,48.852735715193916,True
8.0,54.116952654646376,True
8.0,59.948425031894146,True
8.0,66.40827850634845,True
8.0,73.56422544596414,True
8.0,81.49127469020749,True
8.0,90.27251779484578,True
8.0,100.0,True
8.222222222222221,0.01,True
8.222222222222221,0.011077568505097092,True
8.222222222222221,0.012271252398511897,True
8.222222222222221,0.013593563908785255,True
8.222222222222221,0.015058363542798407,True
8.222222222222221,0.016681005372000592,True
8.222222222222221,0.018478497974222907,True
8.222222222222221,0.02046968271807521,True
8.222222222222221,0.02267543125870802,True
8.222222222222221,0.025118864315095794,True
8.222222222222221,0.027825594022071243,True
8.222222222222221,0.030823992397451434,True
8.222222222222221,0.034145488738336005,True
8.222222222222221,0.037824899063893865,True
8.222222222222221,0.04190079105786669,True
8.222222222222221,0.046415888336127795,True
8.222222222222221,0.051417518276839276,True
8.222222222222221,0.056958108107376865,True
8.222222222222221,0.06309573444801933,True
8.222222222222221,0.06989473207273486,True
8.222222222222221,0.0774263682681127,True
8.222222222222221,0.08576958985908942,True
8.222222222222221,0.0950118507318144,True
8.222222222222221,0.10525002852777332,True
8.222222222222221,0.11659144011798317,True
8.222222222222221,0.1291549665014884,True
8.222222222222221,0.14307229891937578,True
8.222222222222221,0.15848931924611134,True
8.222222222222221,0.17556762912750015,True
8.222222222222221,0.19448624389373625,True
8.222222222222221,0.21544346900318845,True
8.222222222222221,0.2386589786858581,True
8.222222222222221,0.26437611857491,True
8.222222222222221,0.29286445646252374,True
8.222222222222221,0.324422607917163,True
8.222222222222221,0.35938136638046275,True
8.222222222222221,0.3981071705534973,True
8.222222222222221,0.44100594541767385,True
8.222222222222221,0.4885273571519389,True
8.222222222222221,0.5411695265464638,True
8.222222222222221,0.5994842503189411,True
8.222222222222221,0.6640827850634842,True
8.222222222222221,0.7356422544596414,True
8.222222222222221,0.8149127469020745,True
8.222222222222221,0.9027251779484579,True
8.222222222222221,1.0,True
8.222222222222221,1.1077568505097097,True
8.222222222222221,1.2271252398511903,True
8.222222222222221,1.3593563908785256,True
8.222222222222221,1.5058363542798414,True
8.222222222222221,1.6681005372000592,True
8.222222222222221,1.8478497974222907,True
8.222222222222221,2.046968271807522,True
8.222222222222221,2.267543125870802,True
8.222222222222221,2.5118864315095797,True
8.222222222222221,2.782559402207126,True
8.222222222222221,3.0823992397451434,True
8.222222222222221,3.414548873833601,True
8.222222222222221,3.782489906389386,True
8.222222222222221,4.190079105786669,True
8.222222222222221,4.641588833612782,True
8.222222222222221,5.141751827683928,True
8.222222222222221,5.695810810737687,True
8.222222222222221,6.309573444801936,True
8.222222222222221,6.989473207273487,True
8.222222222222221,7.742636826811269,True
8.222222222222221,8.576958985908945,True
8.222222222222221,9.50118507318144,True
8.222222222222221,10.525002852777327,True
8.222222222222221,11.659144011798324,True
8.222222222222221,12.91549665014884,True
8.222222222222221,14.307229891937586,True
8.222222222222221,15.848931924611142,True
8.222222222222221,17.556762912750013,True
8.222222222222221,19.448624389373634,True
8.222222222222221,21.544346900318846,True
8.222222222222221,23.865897868585808,True
8.222222222222221,26.437611857491014,True
8.222222222222221,29.286445646252375,True
8.222222222222221,32.4422607917163,True
8.222222222222221,35.938136638046295,True
8.222222222222221,39.810717055349734,True
8.222222222222221,44.100594541767364,True
8.222222222222221,48.852735715193916,True
8.222222222222221,54.116952654646376,True
8.222222222222221,59.948425031894146,True
8.222222222222221,66.40827850634845,True
8.222222222222221,73.56422544596414,True
8.222222222222221,81.49127469020749,True
8.222222222222221,90.27251779484578,True
8.222222222222221,100.0,True
8.444444444444445,0.01,True
8.444444444444445,0.011077568505097092,True
8.444444444444445,0.012271252398511897,True
8.444444444444445,0.013593563908785255,True
8.444444444444445,0.015058363542798407,True
8.444444444444445,0.016681005372000592,True
8.444444444444445,0.018478497974222907,True
8.444444444444445,0.02046968271807521,True
8.444444444444445,0.02267543125870802,True
8.444444444444445,0.025118864315095794,True
8.444444444444445,0.027825594022071243,True
8.444444444444445,0.030823992397451434,True
8.444444444444445,0.034145488738336005,True
8.444444444444445,0.037824899063893865,True
8.444444444444445,0.04190079105786669,True
8.444444444444445,0.046415888336127795,True
8.444444444444445,0.051417518276839276,True
8.444444444444445,0.056958108107376865,True
8.444444444444445,0.06309573444801933,True
8.444444444444445,0.06989473207273486,True
8.444444444444445,0.0774263682681127,True
8.444444444444445,0.08576958985908942,True
8.444444444444445,0.0950118507318144,True
8.444444444444445,0.10525002852777332,True
8.444444444444445,0.11659144011798317,True
8.444444444444445,0.1291549665014884,True
8.444444444444445,0.14307229891937578,True
8.444444444444445,0.15848931924611134,True
8.444444444444445,0.17556762912750015,True
8.444444444444445,0.19448624389373625,True
8.444444444444445,0.21544346900318845,True
8.444444444444445,0.2386589786858581,True
8.444444444444445,0.26437611857491,True
8.444444444444445,0.29286445646252374,True
8.444444444444445,0.324422607917163,True
8.444444444444445,0.35938136638046275,True
8.444444444444445,0.3981071705534973,True
8.444444444444445,0.44100594541767385,True
8.444444444444445,0.4885273571519389,True
8.444444444444445,0.5411695265464638,True
8.444444444444445,0.5994842503189411,True
8.444444444444445,0.6640827850634842,True
8.444444444444445,0.7356422544596414,True
8.444444444444445,0.8149127469020745,True
8.444444444444445,0.9027251779484579,True
8.444444444444445,1.0,True
8.444444444444445,1.1077568505097097,True
8.444444444444445,1.2271252398511903,True
8.444444444444445,1.3593563908785256,True
8.444444444444445,1.5058363542798414,True
8.444444444444445,1.6681005372000592,True
8.444444444444445,1.8478497974222907,True
8.444444444444445,2.046968271807522,True
8.444444444444445,2.267543125870802,True
8.444444444444445,2.5118864315095797,True
8.444444444444445,2.782559402207126,True
8.444444444444445,3.0823992397451434,True
8.444444444444445,3.414548873833601,True
8.444444444444445,3.782489906389386,True
8.444444444444445,4.190079105786669,True
8.444444444444445,4.641588833612782,True
8.444444444444445,5.141751827683928,True
8.444444444444445,5.695810810737687,True
8.444444444444445,6.309573444801936,True
8.444444444444445,6.989473207273487,True
8.444444444444445,7.742636826811269,True
8.444444444444445,8.576958985908945,True
8.444444444444445,9.50118507318144,True
8.444444444444445,10.525002852777327,True
8.444444444444445,11.659144011798324,True
8.444444444444445,12.91549665014884,True
8.444444444444445,14.307229891937586,True
8.444444444444445,15.848931924611142,True
8.444444444444445,17.556762912750013,True
8.444444444444445,19.448624389373634,True
8.444444444444445,21.544346900318846,True
8.444444444444445,23.865897868585808,True
8.444444444444445,26.437611857491014,True
8.444444444444445,29.286445646252375,True
8.444444444444445,32.4422607917163,True
8.444444444444445,35.938136638046295,True
8.444444444444445,39.810717055349734,True
8.444444444444445,44.100594541767364,True
8.444444444444445,48.852735715193916,True
8.444444444444445,54.116952654646376,True
8.444444444444445,59.948425031894146,True
8.444444444444445,66.40827850634845,True
8.444444444444445,73.56422544596414,True
8.444444444444445,81.49127469020749,True
8.444444444444445,90.27251779484578,True
8.444444444444445,100.0,True
8.666666666666666,0.01,True
8.666666666666666,0.011077568505097092,True
8.666666666666666,0.012271252398511897,True
8.666666666666666,0.013593563908785255,True
8.666666666666666,0.015058363542798407,True
8.666666666666666,0.016681005372000592,True
8.666666666666666,0.018478497974222907,True
8.666666666666666,0.02046968271807521,True
8.666666666666666,0.02267543125870802,True
8.666666666666666,0.025118864315095794,True
8.666666666666666,0.027825594022071243,True
8.666666666666666,0.030823992397451434,True
8.666666666666666,0.034145488738336005,True
8.666666666666666,0.037824899063893865,True
8.666666666666666,0.04190079105786669,True
8.666666666666666,0.046415888336127795,True
8.666666666666666,0.051417518276839276,True
8.666666666666666,0.056958108107376865,True
8.666666666666666,0.06309573444801933,True
8.666666666666666,0.06989473207273486,True
8.666666666666666,0.0774263682681127,True
8.666666666666666,0.08576958985908942,True
8.666666666666666,0.0950118507318144,True
8.666666666666666,0.10525002852777332,True
8.666666666666666,0.11659144011798317,True
8.666666666666666,0.1291549665014884,True
8.666666666666666,0.14307229891937578,True
8.666666666666666,0.15848931924611134,True
8.666666666666666,0.17556762912750015,True
8.666666666666666,0.19448624389373625,True
8.666666666666666,0.21544346900318845,True
8.666666666666666,0.2386589786858581,True
8.666666666666666,0.26437611857491,True
8.666666666666666,0.29286445646252374,True
8.666666666666666,0.324422607917163,True
8.666666666666666,0.35938136638046275,True
8.666666666666666,0.3981071705534973,True
8.666666666666666,0.44100594541767385,True
8.666666666666666,0.4885273571519389,True
8.666666666666666,0.5411695265464638,True
8.666666666666666,0.5994842503189411,True
8.666666666666666,0.6640827850634842,True
8.666666666666666,0.7356422544596414,True
8.666666666666666,0.8149127469020745,True
8.666666666666666,0.9027251779484579,True
8.666666666666666,1.0,True
8.666666666666666,1.1077568505097097,True
8.666666666666666,1.2271252398511903,True
8.666666666666666,1.3593563908785256,True
8.666666666666666,1.5058363542798414,True
8.666666666666666,1.6681005372000592,True
8.666666666666666,1.8478497974222907,True
8.666666666666666,2.046968271807522,True
8.666666666666666,2.267543125870802,True
8.666666666666666,2.5118864315095797,True
8.666666666666666,2.782559402207126,True
8.666666666666666,3.0823992397451434,True
8.666666666666666,3.414548873833601,True
8.666666666666666,3.782489906389386,True
8.666666666666666,4.190079105786669,True
8.666666666666666,4.641588833612782,True
8.666666666666666,5.141751827683928,True
8.666666666666666,5.695810810737687,True
8.666666666666666,6.309573444801936,True
8.666666666666666,6.989473207273487,True
8.666666666666666,7.742636826811269,True
8.666666666666666,8.576958985908945,True
8.666666666666666,9.50118507318144,True
8.666666666666666,10.525002852777327,True
8.666666666666666,11.659144011798324,True
8.666666666666666,12.91549665014884,True
8.666666666666666,14.307229891937586,True
8.666666666666666,15.848931924611142,True
8.666666666666666,17.556762912750013,True
8.666666666666666,19.448624389373634,True
8.666666666666666,21.544346900318846,True
8.666666666666666,23.865897868585808,True
8.666666666666666,26.437611857491014,True
8.666666666666666,29.286445646252375,True
8.666666666666666,32.4422607917163,True
8.666666666666666,35.938136638046295,True
8.666666666666666,39.810717055349734,True
8.666666666666666,44.100594541767364,True
8.666666666666666,48.852735715193916,True
8.666666666666666,54.116952654646376,True
8.666666666666666,59.948425031894146,True
8.666666666666666,66.40827850634845,True
8.666666666666666,73.56422544596414,True
8.666666666666666,81.49127469020749,True
8.666666666666666,90.27251779484578,True
8.666666666666666,100.0,True
8.88888888888889,0.01,True
8.88888888888889,0.011077568505097092,True
8.88888888888889,0.012271252398511897,True
8.88888888888889,0.013593563908785255,True
8.88888888888889,0.015058363542798407,True
8.88888888888889,0.016681005372000592,True
8.88888888888889,0.018478497974222907,True
8.88888888888889,0.02046968271807521,True
8.88888888888889,0.02267543125870802,True
8.88888888888889,0.025118864315095794,True
8.88888888888889,0.027825594022071243,True
8.88888888888889,0.030823992397451434,True
8.88888888888889,0.034145488738336005,True
8.88888888888889,0.037824899063893865,True
8.88888888888889,0.04190079105786669,True
8.88888888888889,0.046415888336127795,True
8.88888888888889,0.051417518276839276,True
8.88888888888889,0.056958108107376865,True
8.88888888888889,0.06309573444801933,True
8.88888888888889,0.06989473207273486,True
8.88888888888889,0.0774263682681127,True
8.88888888888889,0.08576958985908942,True
8.88888888888889,0.0950118507318144,True
8.88888888888889,0.10525002852777332,True
8.88888888888889,0.11659144011798317,True
8.88888888888889,0.1291549665014884,True
8.88888888888889,0.14307229891937578,True
8.88888888888889,0.15848931924611134,True
8.88888888888889,0.17556762912750015,True
8.88888888888889,0.19448624389373625,True
8.88888888888889,0.21544346900318845,True
8.88888888888889,0.2386589786858581,True
8.88888888888889,0.26437611857491,True
8.88888888888889,0.29286445646252374,True
8.88888888888889,0.324422607917163,True
8.88888888888889,0.35938136638046275,True
8.88888888888889,0.3981071705534973,True
8.88888888888889,0.44100594541767385,True
8.88888888888889,0.4885273571519389,True
8.88888888888889,0.5411695265464638,True
8.88888888888889,0.5994842503189411,True
8.88888888888889,0.6640827850634842,True
8.88888888888889,0.7356422544596414,True
8.88888888888889,0.8149127469020745,True
8.88888888888889,0.9027251779484579,True
8.88888888888889,1.0,True
8.88888888888889,1.1077568505097097,True
8.88888888888889,1.2271252398511903,True
8.88888888888889,1.3593563908785256,True
8.88888888888889,1.5058363542798414,True
8.88888888888889,1.6681005372000592,True
8.88888888888889,1.8478497974222907,True
8.88888888888889,2.046968271807522,True
8.88888888888889,2.267543125870802,True
8.88888888888889,2.5118864315095797,True
8.88888888888889,2.782559402207126,True
8.88888888888889,3.0823992397451434,True
8.88888888888889,3.414548873833601,True
8.88888888888889,3.782489906389386,True
8.88888888888889,4.190079105786669,True
8.88888888888889,4.641588833612782,True
8.88888888888889,5.141751827683928,True
8.88888888888889,5.695810810737687,True
8.88888888888889,6.309573444801936,True
8.88888888888889,6.989473207273487,True
8.88888888888889,7.742636826811269,True
8.88888888888889,8.576958985908945,True
8.88888888888889,9.50118507318144,True
8.88888888888889,10.525002852777327,True
8.88888888888889,11.659144011798324,True
8.88888888888889,12.91549665014884,True
8.88888888888889,14.307229891937586,True
8.88888888888889,15.848931924611142,True
8.88888888888889,17.556762912750013,True
8.88888888888889,19.448624389373634,True
8.88888888888889,21.544346900318846,True
8.88888888888889,23.865897868585808,True
8.88888888888889,26.437611857491014,True
8.88888888888889,29.286445646252375,True
8.88888888888889,32.4422607917163,True
8.88888888888889,35.938136638046295,True
8.88888888888889,39.810717055349734,True
8.88888888888889,44.100594541767364,True
8.88888888888889,48.852735715193916,True
8.88888888888889,54.116952654646376,True
8.88888888888889,59.948425031894146,True
8.88888888888889,66.40827850634845,True
8.88888888888889,73.56422544596414,True
8.88888888888889,81.49127469020749,True
8.88888888888889,90.27251779484578,True
8.88888888888889,100.0,True
9.11111111111111,0.01,True
9.11111111111111,0.011077568505097092,True
9.11111111111111,0.012271252398511897,True
9.11111111111111,0.013593563908785255,True
9.11111111111111,0.015058363542798407,True
9.11111111111111,0.016681005372000592,True
9.11111111111111,0.018478497974222907,True
9.11111111111111,0.02046968271807521,True
9.11111111111111,0.02267543125870802,True
9.11111111111111,0.025118864315095794,True
9.11111111111111,0.027825594022071243,True
9.11111111111111,0.030823992397451434,True
9.11111111111111,0.034145488738336005,True
9.11111111111111,0.037824899063893865,True
9.11111111111111,0.04190079105786669,True
9.11111111111111,0.046415888336127795,True
9.11111111111111,0.051417518276839276,True
9.11111111111111,0.056958108107376865,True
9.11111111111111,0.06309573444801933,True
9.11111111111111,0.06989473207273486,True
9.11111111111111,0.0774263682681127,True
9.11111111111111,0.08576958985908942,True
9.11111111111111,0.0950118507318144,True
9.11111111111111,0.10525002852777332,True
9.11111111111111,0.11659144011798317,True
9.11111111111111,0.1291549665014884,True
9.11111111111111,0.14307229891937578,True
9.11111111111111,0.15848931924611134,True
9.11111111111111,0.17556762912750015,True
9.11111111111111,0.19448624389373625,True
9.11111111111111,0.21544346900318845,True
9.11111111111111,0.2386589786858581,True
9.11111111111111,0.26437611857491,True
9.11111111111111,0.29286445646252374,True
9.11111111111111,0.324422607917163,True
9.11111111111111,0.35938136638046275,True
9.11111111111111,0.3981071705534973,True
9.11111111111111,0.44100594541767385,True
9.11111111111111,0.4885273571519389,True
9.11111111111111,0.5411695265464638,True
9.11111111111111,0.5994842503189411,True
9.11111111111111,0.6640827850634842,True
9.11111111111111,0.7356422544596414,True
9.11111111111111,0.8149127469020745,True
9.11111111111111,0.9027251779484579,True
9.11111111111111,1.0,True
9.11111111111111,1.1077568505097097,True
9.11111111111111,1.2271252398511903,True
9.11111111111111,1.3593563908785256,True
9.11111111111111,1.5058363542798414,True
9.11111111111111,1.6681005372000592,True
9.11111111111111,1.8478497974222907,True
9.11111111111111,2.046968271807522,True
9.11111111111111,2.267543125870802,True
9.11111111111111,2.5118864315095797,True
9.11111111111111,2.782559402207126,True
9.11111111111111,3.0823992397451434,True
9.11111111111111,3.414548873833601,True
9.11111111111111,3.782489906389386,True
9.11111111111111,4.190079105786669,True
9.11111111111111,4.641588833612782,True
9.11111111111111,5.141751827683928,True
9.11111111111111,5.695810810737687,True
9.11111111111111,6.309573444801936,True
9.11111111111111,6.989473207273487,True
9.11111111111111,7.742636826811269,True
9.11111111111111,8.576958985908945,True
9.11111111111111,9.50118507318144,True
9.11111111111111,10.525002852777327,True
9.11111111111111,11.659144011798324,True
9.11111111111111,12.91549665014884,True
9.11111111111111,14.307229891937586,True
9.11111111111111,15.848931924611142,True
9.11111111111111,17.556762912750013,True
9.11111111111111,19.448624389373634,True
9.11111111111111,21.544346900318846,True
9.11111111111111,23.865897868585808,True
9.11111111111111,26.437611857491014,True
9.11111111111111,29.286445646252375,True
9.11111111111111,32.4422607917163,True
9.11111111111111,35.938136638046295,True
9.11111111111111,39.810717055349734,True
9.11111111111111,44.100594541767364,True
9.11111111111111,48.852735715193916,True
9.11111111111111,54.116952654646376,True
9.11111111111111,59.948425031894146,True
9.11111111111111,66.40827850634845,True
9.11111111111111,73.56422544596414,True
9.11111111111111,81.49127469020749,True
9.11111111111111,90.27251779484578,True
9.11111111111111,100.0,True
9.333333333333332,0.01,True
9.333333333333332,0.011077568505097092,True
9.333333333333332,0.012271252398511897,True
9.333333333333332,0.013593563908785255,True
9.333333333333332,0.015058363542798407,True
9.333333333333332,0.016681005372000592,True
9.333333333333332,0.018478497974222907,True
9.333333333333332,0.02046968271807521,True
9.333333333333332,0.02267543125870802,True
9.333333333333332,0.025118864315095794,True
9.333333333333332,0.027825594022071243,True
9.333333333333332,0.030823992397451434,True
9.333333333333332,0.034145488738336005,True
9.333333333333332,0.037824899063893865,True
9.333333333333332,0.04190079105786669,True
9.333333333333332,0.046415888336127795,True
9.333333333333332,0.051417518276839276,True
9.333333333333332,0.056958108107376865,True
9.333333333333332,0.06309573444801933,True
9.333333333333332,0.06989473207273486,True
9.333333333333332,0.0774263682681127,True
9.333333333333332,0.08576958985908942,True
9.333333333333332,0.0950118507318144,True
9.333333333333332,0.10525002852777332,True
9.333333333333332,0.11659144011798317,True
9.333333333333332,0.1291549665014884,True
9.333333333333332,0.14307229891937578,True
9.333333333333332,0.15848931924611134,True
9.333333333333332,0.17556762912750015,True
9.333333333333332,0.19448624389373625,True
9.333333333333332,0.21544346900318845,True
9.333333333333332,0.2386589786858581,True
9.333333333333332,0.26437611857491,True
9.333333333333332,0.29286445646252374,True
9.333333333333332,0.324422607917163,True
9.333333333333332,0.35938136638046275,True
9.333333333333332,0.3981071705534973,True
9.333333333333332,0.44100594541767385,True
9.333333333333332,0.4885273571519389,True
9.333333333333332,0.5411695265464638,True
9.333333333333332,0.5994842503189411,True
9.333333333333332,0.6640827850634842,True
9.333333333333332,0.7356422544596414,True
9.333333333333332,0.8149127469020745,True
9.333333333333332,0.9027251779484579,True
9.333333333333332,1.0,True
9.333333333333332,1.1077568505097097,True
9.333333333333332,1.2271252398511903,True
9.333333333333332,1.3593563908785256,True
9.333333333333332,1.5058363542798414,True
9.333333333333332,1.6681005372000592,True
9.333333333333332,1.8478497974222907,True
9.333333333333332,2.046968271807522,True
9.333333333333332,2.267543125870802,True
9.333333333333332,2.5118864315095797,True
9.333333333333332,2.782559402207126,True
9.333333333333332,3.0823992397451434,True
9.333333333333332,3.414548873833601,True
9.333333333333332,3.782489906389386,True
9.333333333333332,4.190079105786669,True
9.333333333333332,4.641588833612782,True
9.333333333333332,5.141751827683928,True
9.333333333333332,5.695810810737687,True
9.333333333333332,6.309573444801936,True
9.333333333333332,6.989473207273487,True
9.333333333333332,7.742636826811269,True
9.333333333333332,8.576958985908945,True
9.333333333333332,9.50118507318144,True
9.333333333333332,10.525002852777327,True
9.333333333333332,11.659144011798324,True
9.333333333333332,12.91549665014884,True
9.333333333333332,14.307229891937586,True
9.333333333333332,15.848931924611142,True
9.333333333333332,17.556762912750013,True
9.333333333333332,19.448624389373634,True
9.333333333333332,21.544346900318846,True
9.333333333333332,23.865897868585808,True
9.333333333333332,26.437611857491014,True
9.333333333333332,29.286445646252375,True
9.333333333333332,32.4422607917163,True
9.333333333333332,35.938136638046295,True
9.333333333333332,39.810717055349734,True
9.333333333333332,44.100594541767364,True
9.333333333333332,48.852735715193916,True
9.333333333333332,54.116952654646376,True
9.333333333333332,59.948425031894146,True
9.333333333333332,66.40827850634845,True
9.333333333333332,73.56422544596414,True
9.333333333333332,81.49127469020749,True
9.333333333333332,90.27251779484578,True
9.333333333333332,100.0,True
9.555555555555555,0.01,True
9.555555555555555,0.011077568505097092,True
9.555555555555555,0.012271252398511897,True
9.555555555555555,0.013593563908785255,True
9.555555555555555,0.015058363542798407,True
9.555555555555555,0.016681005372000592,True
9.555555555555555,0.018478497974222907,True
9.555555555555555,0.02046968271807521,True
9.555555555555555,0.02267543125870802,True
9.555555555555555,0.025118864315095794,True
9.555555555555555,0.027825594022071243,True
9.555555555555555,0.030823992397451434,True
9.555555555555555,0.034145488738336005,True
9.555555555555555,0.037824899063893865,True
9.555555555555555,0.04190079105786669,True
9.555555555555555,0.046415888336127795,True
9.555555555555555,0.051417518276839276,True
9.555555555555555,0.056958108107376865,True
9.555555555555555,0.06309573444801933,True
9.555555555555555,0.06989473207273486,True
9.555555555555555,0.0774263682681127,True
9.555555555555555,0.08576958985908942,True
9.555555555555555,0.0950118507318144,True
9.555555555555555,0.10525002852777332,True
9.555555555555555,0.11659144011798317,True
9.555555555555555,0.1291549665014884,True
9.555555555555555,0.14307229891937578,True
9.555555555555555,0.15848931924611134,True
9.555555555555555,0.17556762912750015,True
9.555555555555555,0.19448624389373625,True
9.555555555555555,0.21544346900318845,True
9.555555555555555,0.2386589786858581,True
9.555555555555555,0.26437611857491,True
9.555555555555555,0.29286445646252374,True
9.555555555555555,0.324422607917163,True
9.555555555555555,0.35938136638046275,True
9.555555555555555,0.3981071705534973,True
9.555555555555555,0.44100594541767385,True
9.555555555555555,0.4885273571519389,True
9.555555555555555,0.5411695265464638,True
9.555555555555555,0.5994842503189411,True
9.555555555555555,0.6640827850634842,True
9.555555555555555,0.7356422544596414,True
9.555555555555555,0.8149127469020745,True
9.555555555555555,0.9027251779484579,True
9.555555555555555,1.0,True
9.555555555555555,1.1077568505097097,True
9.555555555555555,1.2271252398511903,True
9.555555555555555,1.3593563908785256,True
9.555555555555555,1.5058363542798414,True
9.555555555555555,1.6681005372000592,True
9.555555555555555,1.8478497974222907,True
9.555555555555555,2.046968271807522,True
9.555555555555555,2.267543125870802,True
9.555555555555555,2.5118864315095797,True
9.555555555555555,2.782559402207126,True
9.555555555555555,3.0823992397451434,True
9.555555555555555,3.414548873833601,True
9.555555555555555,3.782489906389386,True
9.555555555555555,4.190079105786669,True
9.555555555555555,4.641588833612782,True
9.555555555555555,5.141751827683928,True
9.555555555555555,5.695810810737687,True
9.555555555555555,6.309573444801936,True
9.555555555555555,6.989473207273487,True
9.555555555555555,7.742636826811269,True
9.555555555555555,8.576958985908945,True
9.555555555555555,9.50118507318144,True
9.555555555555555,10.525002852777327,True
9.555555555555555,11.659144011798324,True
9.555555555555555,12.91549665014884,True
9.555555555555555,14.307229891937586,True
9.555555555555555,15.848931924611142,True
9.555555555555555,17.556762912750013,True
9.555555555555555,19.448624389373634,True
9.555555555555555,21.544346900318846,True
9.555555555555555,23.865897868585808,True
9.555555555555555,26.437611857491014,True
9.555555555555555,29.286445646252375,True
9.555555555555555,32.4422607917163,True
9.555555555555555,35.938136638046295,True
9.555555555555555,39.810717055349734,True
9.555555555555555,44.100594541767364,True
9.555555555555555,48.852735715193916,True
9.555555555555555,54.116952654646376,True
9.555555555555555,59.948425031894146,True
9.555555555555555,66.40827850634845,True
9.555555555555555,73.56422544596414,True
9.555555555555555,81.49127469020749,True
9.555555555555555,90.27251779484578,True
9.555555555555555,100.0,True
9.777777777777777,0.01,True
9.777777777777777,0.011077568505097092,True
9.777777777777777,0.012271252398511897,True
9.777777777777777,0.013593563908785255,True
9.777777777777777,0.015058363542798407,True
9.777777777777777,0.016681005372000592,True
9.777777777777777,0.018478497974222907,True
9.777777777777777,0.02046968271807521,True
9.777777777777777,0.02267543125870802,True
9.777777777777777,0.025118864315095794,True
9.777777777777777,0.027825594022071243,True
9.777777777777777,0.030823992397451434,True
9.777777777777777,0.034145488738336005,True
9.777777777777777,0.037824899063893865,True
9.777777777777777,0.04190079105786669,True
9.777777777777777,0.046415888336127795,True
9.777777777777777,0.051417518276839276,True
9.777777777777777,0.056958108107376865,True
9.777777777777777,0.06309573444801933,True
9.777777777777777,0.06989473207273486,True
9.777777777777777,0.0774263682681127,True
9.777777777777777,0.08576958985908942,True
9.777777777777777,0.0950118507318144,True
9.777777777777777,0.10525002852777332,True
9.777777777777777,0.11659144011798317,True
9.777777777777777,0.1291549665014884,True
9.777777777777777,0.14307229891937578,True
9.777777777777777,0.15848931924611134,True
9.777777777777777,0.17556762912750015,True
9.777777777777777,0.19448624389373625,True
9.777777777777777,0.21544346900318845,True
9.777777777777777,0.2386589786858581,True
9.777777777777777,0.26437611857491,True
9.777777777777777,0.29286445646252374,True
9.777777777777777,0.324422607917163,True
9.777777777777777,0.35938136638046275,True
9.777777777777777,0.3981071705534973,True
9.777777777777777,0.44100594541767385,True
9.777777777777777,0.4885273571519389,True
9.777777777777777,0.5411695265464638,True
9.777777777777777,0.5994842503189411,True
9.777777777777777,0.6640827850634842,True
9.777777777777777,0.7356422544596414,True
9.777777777777777,0.8149127469020745,True
9.777777777777777,0.9027251779484579,True
9.777777777777777,1.0,True
9.777777777777777,1.1077568505097097,True
9.777777777777777,1.2271252398511903,True
9.777777777777777,1.3593563908785256,True
9.777777777777777,1.5058363542798414,True
9.777777777777777,1.6681005372000592,True
9.777777777777777,1.8478497974222907,True
9.777777777777777,2.046968271807522,True
9.777777777777777,2.267543125870802,True
9.777777777777777,2.5118864315095797,True
9.777777777777777,2.782559402207126,True
9.777777777777777,3.0823992397451434,True
9.777777777777777,3.414548873833601,True
9.777777777777777,3.782489906389386,True
9.777777777777777,4.190079105786669,True
9.777777777777777,4.641588833612782,True
9.777777777777777,5.141751827683928,True
9.777777777777777,5.695810810737687,True
9.777777777777777,6.309573444801936,True
9.777777777777777,6.989473207273487,True
9.777777777777777,7.742636826811269,True
9.777777777777777,8.576958985908945,True
9.777777777777777,9.50118507318144,True
9.777777777777777,10.525002852777327,True
9.777777777777777,11.659144011798324,True
9.777777777777777,12.91549665014884,True
9.777777777777777,14.307229891937586,True
9.777777777777777,15.848931924611142,True
9.777777777777777,17.556762912750013,True
9.777777777777777,19.448624389373634,True
9.777777777777777,21.544346900318846,True
9.777777777777777,23.865897868585808,True
9.777777777777777,26.437611857491014,True
9.777777777777777,29.286445646252375,True
9.777777777777777,32.4422607917163,True
9.777777777777777,35.938136638046295,True
9.777777777777777,39.810717055349734,True
9.777777777777777,44.100594541767364,True
9.777777777777777,48.852735715193916,True
9.777777777777777,54.116952654646376,True
9.777777777777777,59.948425031894146,True
9.777777777777777,66.40827850634845,True
9.777777777777777,73.56422544596414,True
9.777777777777777,81.49127469020749,True
9.777777777777777,90.27251779484578,True
9.777777777777777,100.0,True
10.0,0.01,True
10.0,0.011077568505097092,True
10.0,0.012271252398511897,True
10.0,0.013593563908785255,True
10.0,0.015058363542798407,True
10.0,0.016681005372000592,True
10.0,0.018478497974222907,True
10.0,0.02046968271807521,True
10.0,0.02267543125870802,True
10.0,0.025118864315095794,True
10.0,0.027825594022071243,True
10.0,0.030823992397451434,True
10.0,0.034145488738336005,True
10.0,0.037824899063893865,True
10.0,0.04190079105786669,True
10.0,0.046415888336127795,True
10.0,0.051417518276839276,True
10.0,0.056958108107376865,True
10.0,0.06309573444801933,True
10.0,0.06989473207273486,True
10.0,0.0774263682681127,True
10.0,0.08576958985908942,True
10.0,0.0950118507318144,True
10.0,0.10525002852777332,True
10.0,0.11659144011798317,True
10.0,0.1291549665014884,True
10.0,0.14307229891937578,True
10.0,0.15848931924611134,True
10.0,0.17556762912750015,True
10.0,0.19448624389373625,True
10.0,0.21544346900318845,True
10.0,0.2386589786858581,True
10.0,0.26437611857491,True
10.0,0.29286445646252374,True
10.0,0.324422607917163,True
10.0,0.35938136638046275,True
10.0,0.3981071705534973,True
10.0,0.44100594541767385,True
10.0,0.4885273571519389,True
10.0,0.5411695265464638,True
10.0,0.5994842503189411,True
10.0,0.6640827850634842,True
10.0,0.7356422544596414,True
10.0,0.8149127469020745,True
10.0,0.9027251779484579,True
10.0,1.0,True
10.0,1.1077568505097097,True
10.0,1.2271252398511903,True
10.0,1.3593563908785256,True
10.0,1.5058363542798414,True
10.0,1.6681005372000592,True
10.0,1.8478497974222907,True
10.0,2.046968271807522,True
10.0,2.267543125870802,True
10.0,2.5118864315095797,True
10.0,2.782559402207126,True
10.0,3.0823992397451434,True
10.0,3.414548873833601,True
10.0,3.782489906389386,True
10.0,4.190079105786669,True
10.0,4.641588833612782,True
10.0,5.141751827683928,True
10.0,5.695810810737687,True
10.0,6.309573444801936,True
10.0,6.989473207273487,True
10.0,7.742636826811269,True
10.0,8.576958985908945,True
10.0,9.50118507318144,True
10.0,10.525002852777327,True
10.0,11.659144011798324,True
10.0,12.91549665014884,True
10.0,14.307229891937586,True
10.0,15.848931924611142,True
10.0,17.556762912750013,True
10.0,19.448624389373634,True
10.0,21.544346900318846,True
10.0,23.865897868585808,True
10.0,26.437611857491014,True
10.0,29.286445646252375,True
10.0,32.4422607917163,True
10.0,35.938136638046295,True
10.0,39.810717055349734,True
10.0,44.100594541767364,True
10.0,48.852735715193916,True
10.0,54.116952654646376,True
10.0,59.948425031894146,True
10.0,66.40827850634845,True
10.0,73.56422544596414,True
10.0,81.49127469020749,True
10.0,90.27251779484578,True
10.0,100.0,True
10.222222222222221,0.01,True
10.222222222222221,0.011077568505097092,True
10.222222222222221,0.012271252398511897,True
10.222222222222221,0.013593563908785255,True
10.222222222222221,0.015058363542798407,True
10.222222222222221,0.016681005372000592,True
10.222222222222221,0.018478497974222907,True
10.222222222222221,0.02046968271807521,True
10.222222222222221,0.02267543125870802,True
10.222222222222221,0.025118864315095794,True
10.222222222222221,0.027825594022071243,True
10.222222222222221,0.030823992397451434,True
10.222222222222221,0.034145488738336005,True
10.222222222222221,0.037824899063893865,True
10.222222222222221,0.04190079105786669,True
10.222222222222221,0.046415888336127795,True
10.222222222222221,0.051417518276839276,True
10.222222222222221,0.056958108107376865,True
10.222222222222221,0.06309573444801933,True
10.222222222222221,0.06989473207273486,True
10.222222222222221,0.0774263682681127,True
10.222222222222221,0.08576958985908942,True
10.222222222222221,0.0950118507318144,True
10.222222222222221,0.10525002852777332,True
10.222222222222221,0.11659144011798317,True
10.222222222222221,0.1291549665014884,True
10.222222222222221,0.14307229891937578,True
10.222222222222221,0.15848931924611134,True
10.222222222222221,0.17556762912750015,True
10.222222222222221,0.19448624389373625,True
10.222222222222221,0.21544346900318845,True
10.222222222222221,0.2386589786858581,True
10.222222222222221,0.26437611857491,True
10.222222222222221,0.29286445646252374,True
10.222222222222221,0.324422607917163,True
10.222222222222221,0.35938136638046275,True
10.222222222222221,0.3981071705534973,True
10.222222222222221,0.44100594541767385,True
10.222222222222221,0.4885273571519389,True
10.222222222222221,0.5411695265464638,True
10.222222222222221,0.5994842503189411,True
10.222222222222221,0.6640827850634842,True
10.222222222222221,0.7356422544596414,True
10.222222222222221,0.8149127469020745,True
10.222222222222221,0.9027251779484579,True
10.222222222222221,1.0,True
10.222222222222221,1.1077568505097097,True
10.222222222222221,1.2271252398511903,True
10.222222222222221,1.3593563908785256,True
10.222222222222221,1.5058363542798414,True
10.222222222222221,1.6681005372000592,True
10.222222222222221,1.8478497974222907,True
10.222222222222221,2.046968271807522,True
10.222222222222221,2.267543125870802,True
10.222222222222221,2.5118864315095797,True
10.222222222222221,2.782559402207126,True
10.222222222222221,3.0823992397451434,True
10.222222222222221,3.414548873833601,True
10.222222222222221,3.782489906389386,True
10.222222222222221,4.190079105786669,True
10.222222222222221,4.641588833612782,True
10.222222222222221,5.141751827683928,True
10.222222222222221,5.695810810737687,True
10.222222222222221,6.309573444801936,True
10.222222222222221,6.989473207273487,True
10.222222222222221,7.742636826811269,True
10.222222222222221,8.576958985908945,True
10.222222222222221,9.50118507318144,True
10.222222222222221,10.525002852777327,True
10.222222222222221,11.659144011798324,True
10.222222222222221,12.91549665014884,True
10.222222222222221,14.307229891937586,True
10.222222222222221,15.848931924611142,True
10.222222222222221,17.556762912750013,True
10.222222222222221,19.448624389373634,True
10.222222222222221,21.544346900318846,True
10.222222222222221,23.865897868585808,True
10.222222222222221,26.437611857491014,True
10.222222222222221,29.286445646252375,True
10.222222222222221,32.4422607917163,True
10.222222222222221,35.938136638046295,True
10.222222222222221,39.810717055349734,True
10.222222222222221,44.100594541767364,True
10.222222222222221,48.852735715193916,True
10.222222222222221,54.116952654646376,True
10.222222222222221,59.948425031894146,True
10.222222222222221,66.40827850634845,True
10.222222222222221,73.56422544596414,True
10.222222222222221,81.49127469020749,True
10.222222222222221,90.27251779484578,True
10.222222222222221,100.0,True
10.444444444444445,0.01,True
10.444444444444445,0.011077568505097092,True
10.444444444444445,0.012271252398511897,True
10.444444444444445,0.013593563908785255,True
10.444444444444445,0.015058363542798407,True
10.444444444444445,0.016681005372000592,True
10.444444444444445,0.018478497974222907,True
10.444444444444445,0.02046968271807521,True
10.444444444444445,0.02267543125870802,True
10.444444444444445,0.025118864315095794,True
10.444444444444445,0.027825594022071243,True
10.444444444444445,0.030823992397451434,True
10.444444444444445,0.034145488738336005,True
10.444444444444445,0.037824899063893865,True
10.444444444444445,0.04190079105786669,True
10.444444444444445,0.046415888336127795,True
10.444444444444445,0.051417518276839276,True
10.444444444444445,0.056958108107376865,True
10.444444444444445,0.06309573444801933,True
10.444444444444445,0.06989473207273486,True
10.444444444444445,0.0774263682681127,True
10.444444444444445,0.08576958985908942,True
10.444444444444445,0.0950118507318144,True
10.444444444444445,0.10525002852777332,True
10.444444444444445,0.11659144011798317,True
10.444444444444445,0.1291549665014884,True
10.444444444444445,0.14307229891937578,True
10.444444444444445,0.15848931924611134,True
10.444444444444445,0.17556762912750015,True
10.444444444444445,0.19448624389373625,True
10.444444444444445,0.21544346900318845,True
10.444444444444445,0.2386589786858581,True
10.444444444444445,0.26437611857491,True
10.444444444444445,0.29286445646252374,True
10.444444444444445,0.324422607917163,True
10.444444444444445,0.35938136638046275,True
10.444444444444445,0.3981071705534973,True
10.444444444444445,0.44100594541767385,True
10.444444444444445,0.4885273571519389,True
10.444444444444445,0.5411695265464638,True
10.444444444444445,0.5994842503189411,True
10.444444444444445,0.6640827850634842,True
10.444444444444445,0.7356422544596414,True
10.444444444444445,0.8149127469020745,True
10.444444444444445,0.9027251779484579,True
10.444444444444445,1.0,True
10.444444444444445,1.1077568505097097,True
10.444444444444445,1.2271252398511903,True
10.444444444444445,1.3593563908785256,True
10.444444444444445,1.5058363542798414,True
10.444444444444445,1.6681005372000592,True
10.444444444444445,1.8478497974222907,True
10.444444444444445,2.046968271807522,True
10.444444444444445,2.267543125870802,True
10.444444444444445,2.5118864315095797,True
10.444444444444445,2.782559402207126,True
10.444444444444445,3.0823992397451434,True
10.444444444444445,3.414548873833601,True
10.444444444444445,3.782489906389386,True
10.444444444444445,4.190079105786669,True
10.444444444444445,4.641588833612782,True
10.444444444444445,5.141751827683928,True
10.444444444444445,5.695810810737687,True
10.444444444444445,6.309573444801936,True
10.444444444444445,6.989473207273487,True
10.444444444444445,7.742636826811269,True
10.444444444444445,8.576958985908945,True
10.444444444444445,9.50118507318144,True
10.444444444444445,10.525002852777327,True
10.444444444444445,11.659144011798324,True
10.444444444444445,12.91549665014884,True
10.444444444444445,14.307229891937586,True
10.444444444444445,15.848931924611142,True
10.444444444444445,17.556762912750013,True
10.444444444444445,19.448624389373634,True
10.444444444444445,21.544346900318846,True
10.444444444444445,23.865897868585808,True
10.444444444444445,26.437611857491014,True
10.444444444444445,29.286445646252375,True
10.444444444444445,32.4422607917163,True
10.444444444444445,35.938136638046295,True
10.444444444444445,39.810717055349734,True
10.444444444444445,44.100594541767364,True
10.444444444444445,48.852735715193916,True
10.444444444444445,54.116952654646376,True
10.444444444444445,59.948425031894146,True
10.444444444444445,66.40827850634845,True
10.444444444444445,73.56422544596414,True
10.444444444444445,81.49127469020749,True
10.444444444444445,90.27251779484578,True
10.444444444444445,100.0,True
10.666666666666666,0.01,True
10.666666666666666,0.011077568505097092,True
10.666666666666666,0.012271252398511897,True
10.666666666666666,0.013593563908785255,True
10.666666666666666,0.015058363542798407,True
10.666666666666666,0.016681005372000592,True
10.666666666666666,0.018478497974222907,True
10.666666666666666,0.02046968271807521,True
10.666666666666666,0.02267543125870802,True
10.666666666666666,0.025118864315095794,True
10.666666666666666,0.027825594022071243,True
10.666666666666666,0.030823992397451434,True
10.666666666666666,0.034145488738336005,True
10.666666666666666,0.037824899063893865,True
10.666666666666666,0.04190079105786669,True
10.666666666666666,0.046415888336127795,True
10.666666666666666,0.051417518276839276,True
10.666666666666666,0.056958108107376865,True
10.666666666666666,0.06309573444801933,True
10.666666666666666,0.06989473207273486,True
10.666666666666666,0.0774263682681127,True
10.666666666666666,0.08576958985908942,True
10.666666666666666,0.0950118507318144,True
10.666666666666666,0.10525002852777332,True
10.666666666666666,0.11659144011798317,True
10.666666666666666,0.1291549665014884,True
10.666666666666666,0.14307229891937578,True
10.666666666666666,0.15848931924611134,True
10.666666666666666,0.17556762912750015,True
10.666666666666666,0.19448624389373625,True
10.666666666666666,0.21544346900318845,True
10.666666666666666,0.2386589786858581,True
10.666666666666666,0.26437611857491,True
10.666666666666666,0.29286445646252374,True
10.666666666666666,0.324422607917163,True
10.666666666666666,0.35938136638046275,True
10.666666666666666,0.3981071705534973,True
10.666666666666666,0.44100594541767385,True
10.666666666666666,0.4885273571519389,True
10.666666666666666,0.5411695265464638,True
10.666666666666666,0.5994842503189411,True
10.666666666666666,0.6640827850634842,True
10.666666666666666,0.7356422544596414,True
10.666666666666666,0.8149127469020745,True
10.666666666666666,0.9027251779484579,True
10.666666666666666,1.0,True
10.666666666666666,1.1077568505097097,True
10.666666666666666,1.2271252398511903,True
10.666666666666666,1.3593563908785256,True
10.666666666666666,1.5058363542798414,True
10.666666666666666,1.6681005372000592,True
10.666666666666666,1.8478497974222907,True
10.666666666666666,2.046968271807522,True
10.666666666666666,2.267543125870802,True
10.666666666666666,2.5118864315095797,True
10.666666666666666,2.782559402207126,True
10.666666666666666,3.0823992397451434,True
10.666666666666666,3.414548873833601,True
10.666666666666666,3.782489906389386,True
10.666666666666666,4.190079105786669,True
10.666666666666666,4.641588833612782,True
10.666666666666666,5.141751827683928,True
10.666666666666666,5.695810810737687,True
10.666666666666666,6.309573444801936,True
10.666666666666666,6.989473207273487,True
10.666666666666666,7.742636826811269,True
10.666666666666666,8.576958985908945,True
10.666666666666666,9.50118507318144,True
10.666666666666666,10.525002852777327,True
10.666666666666666,11.659144011798324,True
10.666666666666666,12.91549665014884,True
10.666666666666666,14.307229891937586,True
10.666666666666666,15.848931924611142,True
10.666666666666666,17.556762912750013,True
10.666666666666666,19.448624389373634,True
10.666666666666666,21.544346900318846,True
10.666666666666666,23.865897868585808,True
10.666666666666666,26.437611857491014,True
10.666666666666666,29.286445646252375,True
10.666666666666666,32.4422607917163,True
10.666666666666666,35.938136638046295,True
10.666666666666666,39.810717055349734,True
10.666666666666666,44.100594541767364,True
10.666666666666666,48.852735715193916,True
10.666666666666666,54.116952654646376,True
10.666666666666666,59.948425031894146,True
10.666666666666666,66.40827850634845,True
10.666666666666666,73.56422544596414,True
10.666666666666666,81.49127469020749,True
10.666666666666666,90.27251779484578,True
10.666666666666666,100.0,True
10.888888888888888,0.01,True
10.888888888888888,0.011077568505097092,True
10.888888888888888,0.012271252398511897,True
10.888888888888888,0.013593563908785255,True
10.888888888888888,0.015058363542798407,True
10.888888888888888,0.016681005372000592,True
10.888888888888888,0.018478497974222907,True
10.888888888888888,0.02046968271807521,True
10.888888888888888,0.02267543125870802,True
10.888888888888888,0.025118864315095794,True
10.888888888888888,0.027825594022071243,True
10.888888888888888,0.030823992397451434,True
10.888888888888888,0.034145488738336005,True
10.888888888888888,0.037824899063893865,True
10.888888888888888,0.04190079105786669,True
10.888888888888888,0.046415888336127795,True
10.888888888888888,0.051417518276839276,True
10.888888888888888,0.056958108107376865,True
10.888888888888888,0.06309573444801933,True
10.888888888888888,0.06989473207273486,True
10.888888888888888,0.0774263682681127,True
10.888888888888888,0.08576958985908942,True
10.888888888888888,0.0950118507318144,True
10.888888888888888,0.10525002852777332,True
10.888888888888888,0.11659144011798317,True
10.888888888888888,0.1291549665014884,True
10.888888888888888,0.14307229891937578,True
10.888888888888888,0.15848931924611134,True
10.888888888888888,0.17556762912750015,True
10.888888888888888,0.19448624389373625,True
10.888888888888888,0.21544346900318845,True
10.888888888888888,0.2386589786858581,True
10.888888888888888,0.26437611857491,True
10.888888888888888,0.29286445646252374,True
10.888888888888888,0.324422607917163,True
10.888888888888888,0.35938136638046275,True
10.888888888888888,0.3981071705534973,True
10.888888888888888,0.44100594541767385,True
10.888888888888888,0.4885273571519389,True
10.888888888888888,0.5411695265464638,True
10.888888888888888,0.5994842503189411,True
10.888888888888888,0.6640827850634842,True
10.888888888888888,0.7356422544596414,True
10.888888888888888,0.8149127469020745,True
10.888888888888888,0.9027251779484579,True
10.888888888888888,1.0,True
10.888888888888888,1.1077568505097097,True
10.888888888888888,1.2271252398511903,True
10.888888888888888,1.3593563908785256,True
10.888888888888888,1.5058363542798414,True
10.888888888888888,1.6681005372000592,True
10.888888888888888,1.8478497974222907,True
10.888888888888888,2.046968271807522,True
10.888888888888888,2.267543125870802,True
10.888888888888888,2.5118864315095797,True
10.888888888888888,2.782559402207126,True
10.888888888888888,3.0823992397451434,True
10.888888888888888,3.414548873833601,True
10.888888888888888,3.782489906389386,True
10.888888888888888,4.190079105786669,True
10.888888888888888,4.641588833612782,True
10.888888888888888,5.141751827683928,True
10.888888888888888,5.695810810737687,True
10.888888888888888,6.309573444801936,True
10.888888888888888,6.989473207273487,True
10.888888888888888,7.742636826811269,True
10.888888888888888,8.576958985908945,True
10.888888888888888,9.50118507318144,True
10.888888888888888,10.525002852777327,True
10.888888888888888,11.659144011798324,True
10.888888888888888,12.91549665014884,True
10.888888888888888,14.307229891937586,True
10.888888888888888,15.848931924611142,True
10.888888888888888,17.556762912750013,True
10.888888888888888,19.448624389373634,True
10.888888888888888,21.544346900318846,True
10.888888888888888,23.865897868585808,True
10.888888888888888,26.437611857491014,True
10.888888888888888,29.286445646252375,True
10.888888888888888,32.4422607917163,True
10.888888888888888,35.938136638046295,True
10.888888888888888,39.810717055349734,True
10.888888888888888,44.100594541767364,True
10.888888888888888,48.852735715193916,True
10.888888888888888,54.116952654646376,True
10.888888888888888,59.948425031894146,True
10.888888888888888,66.40827850634845,True
10.888888888888888,73.56422544596414,True
10.888888888888888,81.49127469020749,True
10.888888888888888,90.27251779484578,True
10.888888888888888,100.0,True
11.11111111111111,0.01,True
11.11111111111111,0.011077568505097092,True
11.11111111111111,0.012271252398511897,True
11.11111111111111,0.013593563908785255,True
11.11111111111111,0.015058363542798407,True
11.11111111111111,0.016681005372000592,True
11.11111111111111,0.018478497974222907,True
11.11111111111111,0.02046968271807521,True
11.11111111111111,0.02267543125870802,True
11.11111111111111,0.025118864315095794,True
11.11111111111111,0.027825594022071243,True
11.11111111111111,0.030823992397451434,True
11.11111111111111,0.034145488738336005,True
11.11111111111111,0.037824899063893865,True
11.11111111111111,0.04190079105786669,True
11.11111111111111,0.046415888336127795,True
11.11111111111111,0.051417518276839276,True
11.11111111111111,0.056958108107376865,True
11.11111111111111,0.06309573444801933,True
11.11111111111111,0.06989473207273486,True
11.11111111111111,0.0774263682681127,True
11.11111111111111,0.08576958985908942,True
11.11111111111111,0.0950118507318144,True
11.11111111111111,0.10525002852777332,True
11.11111111111111,0.11659144011798317,True
11.11111111111111,0.1291549665014884,True
11.11111111111111,0.14307229891937578,True
11.11111111111111,0.15848931924611134,True
11.11111111111111,0.17556762912750015,True
11.11111111111111,0.19448624389373625,True
11.11111111111111,0.21544346900318845,True
11.11111111111111,0.2386589786858581,True
11.11111111111111,0.26437611857491,True
11.11111111111111,0.29286445646252374,True
11.11111111111111,0.324422607917163,True
11.11111111111111,0.35938136638046275,True
11.11111111111111,0.3981071705534973,True
11.11111111111111,0.44100594541767385,True
11.11111111111111,0.4885273571519389,True
11.11111111111111,0.5411695265464638,True
11.11111111111111,0.5994842503189411,True
11.11111111111111,0.6640827850634842,True
11.11111111111111,0.7356422544596414,True
11.11111111111111,0.8149127469020745,True
11.11111111111111,0.9027251779484579,True
11.11111111111111,1.0,True
11.11111111111111,1.1077568505097097,True
11.11111111111111,1.2271252398511903,True
11.11111111111111,1.3593563908785256,True
11.11111111111111,1.5058363542798414,True
11.11111111111111,1.6681005372000592,True
11.11111111111111,1.8478497974222907,True
11.11111111111111,2.046968271807522,True
11.11111111111111,2.267543125870802,True
11.11111111111111,2.5118864315095797,True
11.11111111111111,2.782559402207126,True
11.11111111111111,3.0823992397451434,True
11.11111111111111,3.414548873833601,True
11.11111111111111,3.782489906389386,True
11.11111111111111,4.190079105786669,True
11.11111111111111,4.641588833612782,True
11.11111111111111,5.141751827683928,True
11.11111111111111,5.695810810737687,True
11.11111111111111,6.309573444801936,True
11.11111111111111,6.989473207273487,True
11.11111111111111,7.742636826811269,True
11.11111111111111,8.576958985908945,True
11.11111111111111,9.50118507318144,True
11.11111111111111,10.525002852777327,True
11.11111111111111,11.659144011798324,True
11.11111111111111,12.91549665014884,True
11.11111111111111,14.307229891937586,True
11.11111111111111,15.848931924611142,True
11.11111111111111,17.556762912750013,True
11.11111111111111,19.448624389373634,True
11.11111111111111,21.544346900318846,True
11.11111111111111,23.865897868585808,True
11.11111111111111,26.437611857491014,True
11.11111111111111,29.286445646252375,True
11.11111111111111,32.4422607917163,True
11.11111111111111,35.938136638046295,True
11.11111111111111,39.810717055349734,True
11.11111111111111,44.100594541767364,True
11.11111111111111,48.852735715193916,True
11.11111111111111,54.116952654646376,True
11.11111111111111,59.948425031894146,True
11.11111111111111,66.40827850634845,True
11.11111111111111,73.56422544596414,True
11.11111111111111,81.49127469020749,True
11.11111111111111,90.27251779484578,True
11.11111111111111,100.0,True
11.333333333333332,0.01,True
11.333333333333332,0.011077568505097092,True
11.333333333333332,0.012271252398511897,True
11.333333333333332,0.013593563908785255,True
11.333333333333332,0.015058363542798407,True
11.333333333333332,0.016681005372000592,True
11.333333333333332,0.018478497974222907,True
11.333333333333332,0.02046968271807521,True
11.333333333333332,0.02267543125870802,True
11.333333333333332,0.025118864315095794,True
11.333333333333332,0.027825594022071243,True
11.333333333333332,0.030823992397451434,True
11.333333333333332,0.034145488738336005,True
11.333333333333332,0.037824899063893865,True
11.333333333333332,0.04190079105786669,True
11.333333333333332,0.046415888336127795,True
11.333333333333332,0.051417518276839276,True
11.333333333333332,0.056958108107376865,True
11.333333333333332,0.06309573444801933,True
11.333333333333332,0.06989473207273486,True
11.333333333333332,0.0774263682681127,True
11.333333333333332,0.08576958985908942,True
11.333333333333332,0.0950118507318144,True
11.333333333333332,0.10525002852777332,True
11.333333333333332,0.11659144011798317,True
11.333333333333332,0.1291549665014884,True
11.333333333333332,0.14307229891937578,True
11.333333333333332,0.15848931924611134,True
11.333333333333332,0.17556762912750015,True
11.333333333333332,0.19448624389373625,True
11.333333333333332,0.21544346900318845,True
11.333333333333332,0.2386589786858581,True
11.333333333333332,0.26437611857491,True
11.333333333333332,0.29286445646252374,True
11.333333333333332,0.324422607917163,True
11.333333333333332,0.35938136638046275,True
11.333333333333332,0.3981071705534973,True
11.333333333333332,0.44100594541767385,True
11.333333333333332,0.4885273571519389,True
11.333333333333332,0.5411695265464638,True
11.333333333333332,0.5994842503189411,True
11.333333333333332,0.6640827850634842,True
11.333333333333332,0.7356422544596414,True
11.333333333333332,0.8149127469020745,True
11.333333333333332,0.9027251779484579,True
11.333333333333332,1.0,True
11.333333333333332,1.1077568505097097,True
11.333333333333332,1.2271252398511903,True
11.333333333333332,1.3593563908785256,True
11.333333333333332,1.5058363542798414,True
11.333333333333332,1.6681005372000592,True
11.333333333333332,1.8478497974222907,True
11.333333333333332,2.046968271807522,True
11.333333333333332,2.267543125870802,True
11.333333333333332,2.5118864315095797,True
11.333333333333332,2.782559402207126,True
11.333333333333332,3.0823992397451434,True
11.333333333333332,3.414548873833601,True
11.333333333333332,3.782489906389386,True
11.333333333333332,4.190079105786669,True
11.333333333333332,4.641588833612782,True
11.333333333333332,5.141751827683928,True
11.333333333333332,5.695810810737687,True
11.333333333333332,6.309573444801936,True
11.333333333333332,6.989473207273487,True
11.333333333333332,7.742636826811269,True
11.333333333333332,8.576958985908945,True
11.333333333333332,9.50118507318144,True
11.333333333333332,10.525002852777327,True
11.333333333333332,11.659144011798324,True
11.333333333333332,12.91549665014884,True
11.333333333333332,14.307229891937586,True
11.333333333333332,15.848931924611142,True
11.333333333333332,17.556762912750013,True
11.333333333333332,19.448624389373634,True
11.333333333333332,21.544346900318846,True
11.333333333333332,23.865897868585808,True
11.333333333333332,26.437611857491014,True
11.333333333333332,29.286445646252375,True
11.333333333333332,32.4422607917163,True
11.333333333333332,35.938136638046295,True
11.333333333333332,39.810717055349734,True
11.333333333333332,44.100594541767364,True
11.333333333333332,48.852735715193916,True
11.333333333333332,54.116952654646376,True
11.333333333333332,59.948425031894146,True
11.333333333333332,66.40827850634845,True
11.333333333333332,73.56422544596414,True
11.333333333333332,81.49127469020749,True
11.333333333333332,90.27251779484578,True
11.333333333333332,100.0,True
11.555555555555555,0.01,True
11.555555555555555,0.011077568505097092,True
11.555555555555555,0.012271252398511897,True
11.555555555555555,0.013593563908785255,True
11.555555555555555,0.015058363542798407,True
11.555555555555555,0.016681005372000592,True
11.555555555555555,0.018478497974222907,True
11.555555555555555,0.02046968271807521,True
11.555555555555555,0.02267543125870802,True
11.555555555555555,0.025118864315095794,True
11.555555555555555,0.027825594022071243,True
11.555555555555555,0.030823992397451434,True
11.555555555555555,0.034145488738336005,True
11.555555555555555,0.037824899063893865,True
11.555555555555555,0.04190079105786669,True
11.555555555555555,0.046415888336127795,True
11.555555555555555,0.051417518276839276,True
11.555555555555555,0.056958108107376865,True
11.555555555555555,0.06309573444801933,True
11.555555555555555,0.06989473207273486,True
11.555555555555555,0.0774263682681127,True
11.555555555555555,0.08576958985908942,True
11.555555555555555,0.0950118507318144,True
11.555555555555555,0.10525002852777332,True
11.555555555555555,0.11659144011798317,True
11.555555555555555,0.1291549665014884,True
11.555555555555555,0.14307229891937578,True
11.555555555555555,0.15848931924611134,True
11.555555555555555,0.17556762912750015,True
11.555555555555555,0.19448624389373625,True
11.555555555555555,0.21544346900318845,True
11.555555555555555,0.2386589786858581,True
11.555555555555555,0.26437611857491,True
11.555555555555555,0.29286445646252374,True
11.555555555555555,0.324422607917163,True
11.555555555555555,0.35938136638046275,True
11.555555555555555,0.3981071705534973,True
11.555555555555555,0.44100594541767385,True
11.555555555555555,0.4885273571519389,True
11.555555555555555,0.5411695265464638,True
11.555555555555555,0.5994842503189411,True
11.555555555555555,0.6640827850634842,True
11.555555555555555,0.7356422544596414,True
11.555555555555555,0.8149127469020745,True
11.555555555555555,0.9027251779484579,True
11.555555555555555,1.0,True
11.555555555555555,1.1077568505097097,True
11.555555555555555,1.2271252398511903,True
11.555555555555555,1.3593563908785256,True
11.555555555555555,1.5058363542798414,True
11.555555555555555,1.6681005372000592,True
11.555555555555555,1.8478497974222907,True
11.555555555555555,2.046968271807522,True
11.555555555555555,2.267543125870802,True
11.555555555555555,2.5118864315095797,True
11.555555555555555,2.782559402207126,True
11.555555555555555,3.0823992397451434,True
11.555555555555555,3.414548873833601,True
11.555555555555555,3.782489906389386,True
11.555555555555555,4.190079105786669,True
11.555555555555555,4.641588833612782,True
11.555555555555555,5.141751827683928,True
11.555555555555555,5.695810810737687,True
11.555555555555555,6.309573444801936,True
11.555555555555555,6.989473207273487,True
11.555555555555555,7.742636826811269,True
11.555555555555555,8.576958985908945,True
11.555555555555555,9.50118507318144,True
11.555555555555555,10.525002852777327,True
11.555555555555555,11.659144011798324,True
11.555555555555555,12.91549665014884,True
11.555555555555555,14.307229891937586,True
11.555555555555555,15.848931924611142,True
11.555555555555555,17.556762912750013,True
11.555555555555555,19.448624389373634,True
11.555555555555555,21.544346900318846,True
11.555555555555555,23.865897868585808,True
11.555555555555555,26.437611857491014,True
11.555555555555555,29.286445646252375,True
11.555555555555555,32.4422607917163,True
11.555555555555555,35.938136638046295,True
11.555555555555555,39.810717055349734,True
11.555555555555555,44.100594541767364,True
11.555555555555555,48.852735715193916,True
11.555555555555555,54.116952654646376,True
11.555555555555555,59.948425031894146,True
11.555555555555555,66.40827850634845,True
11.555555555555555,73.56422544596414,True
11.555555555555555,81.49127469020749,True
11.555555555555555,90.27251779484578,True
11.555555555555555,100.0,True
11.777777777777777,0.01,True
11.777777777777777,0.011077568505097092,True
11.777777777777777,0.012271252398511897,True
11.777777777777777,0.013593563908785255,True
11.777777777777777,0.015058363542798407,True
11.777777777777777,0.016681005372000592,True
11.777777777777777,0.018478497974222907,True
11.777777777777777,0.02046968271807521,True
11.777777777777777,0.02267543125870802,True
11.777777777777777,0.025118864315095794,True
11.777777777777777,0.027825594022071243,True
11.777777777777777,0.030823992397451434,True
11.777777777777777,0.034145488738336005,True
11.777777777777777,0.037824899063893865,True
11.777777777777777,0.04190079105786669,True
11.777777777777777,0.046415888336127795,True
11.777777777777777,0.051417518276839276,True
11.777777777777777,0.056958108107376865,True
11.777777777777777,0.06309573444801933,True
11.777777777777777,0.06989473207273486,True
11.777777777777777,0.0774263682681127,True
11.777777777777777,0.08576958985908942,True
11.777777777777777,0.0950118507318144,True
11.777777777777777,0.10525002852777332,True
11.777777777777777,0.11659144011798317,True
11.777777777777777,0.1291549665014884,True
11.777777777777777,0.14307229891937578,True
11.777777777777777,0.15848931924611134,True
11.777777777777777,0.17556762912750015,True
11.777777777777777,0.19448624389373625,True
11.777777777777777,0.21544346900318845,True
11.777777777777777,0.2386589786858581,True
11.777777777777777,0.26437611857491,True
11.777777777777777,0.29286445646252374,True
11.777777777777777,0.324422607917163,True
11.777777777777777,0.35938136638046275,True
11.777777777777777,0.3981071705534973,True
11.777777777777777,0.44100594541767385,True
11.777777777777777,0.4885273571519389,True
11.777777777777777,0.5411695265464638,True
11.777777777777777,0.5994842503189411,True
11.777777777777777,0.6640827850634842,True
11.777777777777777,0.7356422544596414,True
11.777777777777777,0.8149127469020745,True
11.777777777777777,0.9027251779484579,True
11.777777777777777,1.0,True
11.777777777777777,1.1077568505097097,True
11.777777777777777,1.2271252398511903,True
11.777777777777777,1.3593563908785256,True
11.777777777777777,1.5058363542798414,True
11.777777777777777,1.6681005372000592,True
11.777777777777777,1.8478497974222907,True
11.777777777777777,2.046968271807522,True
11.777777777777777,2.267543125870802,True
11.777777777777777,2.5118864315095797,True
11.777777777777777,2.782559402207126,True
11.777777777777777,3.0823992397451434,True
11.777777777777777,3.414548873833601,True
11.777777777777777,3.782489906389386,True
11.777777777777777,4.190079105786669,True
11.777777777777777,4.641588833612782,True
11.777777777777777,5.141751827683928,True
11.777777777777777,5.695810810737687,True
11.777777777777777,6.309573444801936,True
11.777777777777777,6.989473207273487,True
11.777777777777777,7.742636826811269,True
11.777777777777777,8.576958985908945,True
11.777777777777777,9.50118507318144,True
11.777777777777777,10.525002852777327,True
11.777777777777777,11.659144011798324,True
11.777777777777777,12.91549665014884,True
11.777777777777777,14.307229891937586,True
11.777777777777777,15.848931924611142,True
11.777777777777777,17.556762912750013,True
11.777777777777777,19.448624389373634,True
11.777777777777777,21.544346900318846,True
11.777777777777777,23.865897868585808,True
11.777777777777777,26.437611857491014,True
11.777777777777777,29.286445646252375,True
11.777777777777777,32.4422607917163,True
11.777777777777777,35.938136638046295,True
11.777777777777777,39.810717055349734,True
11.777777777777777,44.100594541767364,True
11.777777777777777,48.852735715193916,True
11.777777777777777,54.116952654646376,True
11.777777777777777,59.948425031894146,True
11.777777777777777,66.40827850634845,True
11.777777777777777,73.56422544596414,True
11.777777777777777,81.49127469020749,True
11.777777777777777,90.27251779484578,True
11.777777777777777,100.0,True
12.0,0.01,True
12.0,0.011077568505097092,True
12.0,0.012271252398511897,True
12.0,0.013593563908785255,True
12.0,0.015058363542798407,True
12.0,0.016681005372000592,True
12.0,0.018478497974222907,True
12.0,0.02046968271807521,True
12.0,0.02267543125870802,True
12.0,0.025118864315095794,True
12.0,0.027825594022071243,True
12.0,0.030823992397451434,True
12.0,0.034145488738336005,True
12.0,0.037824899063893865,True
12.0,0.04190079105786669,True
12.0,0.046415888336127795,True
12.0,0.051417518276839276,True
12.0,0.056958108107376865,True
12.0,0.06309573444801933,True
12.0,0.06989473207273486,True
12.0,0.0774263682681127,True
12.0,0.08576958985908942,True
12.0,0.0950118507318144,True
12.0,0.10525002852777332,True
12.0,0.11659144011798317,True
12.0,0.1291549665014884,True
12.0,0.14307229891937578,True
12.0,0.15848931924611134,True
12.0,0.17556762912750015,True
12.0,0.19448624389373625,True
12.0,0.21544346900318845,True
12.0,0.2386589786858581,True
12.0,0.26437611857491,True
12.0,0.29286445646252374,True
12.0,0.324422607917163,True
12.0,0.35938136638046275,True
12.0,0.3981071705534973,True
12.0,0.44100594541767385,True
12.0,0.4885273571519389,True
12.0,0.5411695265464638,True
12.0,0.5994842503189411,True
12.0,0.6640827850634842,True
12.0,0.7356422544596414,True
12.0,0.8149127469020745,True
12.0,0.9027251779484579,True
12.0,1.0,True
12.0,1.1077568505097097,True
12.0,1.2271252398511903,True
12.0,1.3593563908785256,True
12.0,1.5058363542798414,True
12.0,1.6681005372000592,True
12.0,1.8478497974222907,True
12.0,2.046968271807522,True
12.0,2.267543125870802,True
12.0,2.5118864315095797,True
12.0,2.782559402207126,True
12.0,3.0823992397451434,True
12.0,3.414548873833601,True
12.0,3.782489906389386,True
12.0,4.190079105786669,True
12.0,4.641588833612782,True
12.0,5.141751827683928,True
12.0,5.695810810737687,True
12.0,6.309573444801936,True
12.0,6.989473207273487,True
12.0,7.742636826811269,True
12.0,8.576958985908945,True
12.0,9.50118507318144,True
12.0,10.525002852777327,True
12.0,11.659144011798324,True
12.0,12.91549665014884,True
12.0,14.307229891937586,True
12.0,15.848931924611142,True
12.0,17.556762912750013,True
12.0,19.448624389373634,True
12.0,21.544346900318846,True
12.0,23.865897868585808,True
12.0,26.437611857491014,True
12.0,29.286445646252375,True
12.0,32.4422607917163,True
12.0,35.938136638046295,True
12.0,39.810717055349734,True
12.0,44.100594541767364,True
12.0,48.852735715193916,True
12.0,54.116952654646376,True
12.0,59.948425031894146,True
12.0,66.40827850634845,True
12.0,73.56422544596414,True
12.0,81.49127469020749,True
12.0,90.27251779484578,True
12.0,100.0,True
12.222222222222221,0.01,True
12.222222222222221,0.011077568505097092,True
12.222222222222221,0.012271252398511897,True
12.222222222222221,0.013593563908785255,True
12.222222222222221,0.015058363542798407,True
12.222222222222221,0.016681005372000592,True
12.222222222222221,0.018478497974222907,True
12.222222222222221,0.02046968271807521,True
12.222222222222221,0.02267543125870802,True
12.222222222222221,0.025118864315095794,True
12.222222222222221,0.027825594022071243,True
12.222222222222221,0.030823992397451434,True
12.222222222222221,0.034145488738336005,True
12.222222222222221,0.037824899063893865,True
12.222222222222221,0.04190079105786669,True
12.222222222222221,0.046415888336127795,True
12.222222222222221,0.051417518276839276,True
12.222222222222221,0.056958108107376865,True
12.222222222222221,0.06309573444801933,True
12.222222222222221,0.06989473207273486,True
12.222222222222221,0.0774263682681127,True
12.222222222222221,0.08576958985908942,True
12.222222222222221,0.0950118507318144,True
12.222222222222221,0.10525002852777332,True
12.222222222222221,0.11659144011798317,True
12.222222222222221,0.1291549665014884,True
12.222222222222221,0.14307229891937578,True
12.222222222222221,0.15848931924611134,True
12.222222222222221,0.17556762912750015,True
12.222222222222221,0.19448624389373625,True
12.222222222222221,0.21544346900318845,True
12.222222222222221,0.2386589786858581,True
12.222222222222221,0.26437611857491,True
12.222222222222221,0.29286445646252374,True
12.222222222222221,0.324422607917163,True
12.222222222222221,0.35938136638046275,True
12.222222222222221,0.3981071705534973,True
12.222222222222221,0.44100594541767385,True
12.222222222222221,0.4885273571519389,True
12.222222222222221,0.5411695265464638,True
12.222222222222221,0.5994842503189411,True
12.222222222222221,0.6640827850634842,True
12.222222222222221,0.7356422544596414,True
12.222222222222221,0.8149127469020745,True
12.222222222222221,0.9027251779484579,True
12.222222222222221,1.0,True
12.222222222222221,1.1077568505097097,True
12.222222222222221,1.2271252398511903,True
12.222222222222221,1.3593563908785256,True
12.222222222222221,1.5058363542798414,True
12.222222222222221,1.6681005372000592,True
12.222222222222221,1.8478497974222907,True
12.222222222222221,2.046968271807522,True
12.222222222222221,2.267543125870802,True
12.222222222222221,2.5118864315095797,True
12.222222222222221,2.782559402207126,True
12.222222222222221,3.0823992397451434,True
12.222222222222221,3.414548873833601,True
12.222222222222221,3.782489906389386,True
12.222222222222221,4.190079105786669,True
12.222222222222221,4.641588833612782,True
12.222222222222221,5.141751827683928,True
12.222222222222221,5.695810810737687,True
12.222222222222221,6.309573444801936,True
12.222222222222221,6.989473207273487,True
12.222222222222221,7.742636826811269,True
12.222222222222221,8.576958985908945,True
12.222222222222221,9.50118507318144,True
12.222222222222221,10.525002852777327,True
12.222222222222221,11.659144011798324,True
12.222222222222221,12.91549665014884,True
12.222222222222221,14.307229891937586,True
12.222222222222221,15.848931924611142,True
12.222222222222221,17.556762912750013,True
12.222222222222221,19.448624389373634,True
12.222222222222221,21.544346900318846,True
12.222222222222221,23.865897868585808,True
12.222222222222221,26.437611857491014,True
12.222222222222221,29.286445646252375,True
12.222222222222221,32.4422607917163,True
12.222222222222221,35.938136638046295,True
12.222222222222221,39.810717055349734,True
12.222222222222221,44.100594541767364,True
12.222222222222221,48.852735715193916,True
12.222222222222221,54.116952654646376,True
12.222222222222221,59.948425031894146,True
12.222222222222221,66.40827850634845,True
12.222222222222221,73.56422544596414,True
12.222222222222221,81.49127469020749,True
12.222222222222221,90.27251779484578,True
12.222222222222221,100.0,True
12.444444444444443,0.01,True
12.444444444444443,0.011077568505097092,True
12.444444444444443,0.012271252398511897,True
12.444444444444443,0.013593563908785255,True
12.444444444444443,0.015058363542798407,True
12.444444444444443,0.016681005372000592,True
12.444444444444443,0.018478497974222907,True
12.444444444444443,0.02046968271807521,True
12.444444444444443,0.02267543125870802,True
12.444444444444443,0.025118864315095794,True
12.444444444444443,0.027825594022071243,True
12.444444444444443,0.030823992397451434,True
12.444444444444443,0.034145488738336005,True
12.444444444444443,0.037824899063893865,True
12.444444444444443,0.04190079105786669,True
12.444444444444443,0.046415888336127795,True
12.444444444444443,0.051417518276839276,True
12.444444444444443,0.056958108107376865,True
12.444444444444443,0.06309573444801933,True
12.444444444444443,0.06989473207273486,True
12.444444444444443,0.0774263682681127,True
12.444444444444443,0.08576958985908942,True
12.444444444444443,0.0950118507318144,True
12.444444444444443,0.10525002852777332,True
12.444444444444443,0.11659144011798317,True
12.444444444444443,0.1291549665014884,True
12.444444444444443,0.14307229891937578,True
12.444444444444443,0.15848931924611134,True
12.444444444444443,0.17556762912750015,True
12.444444444444443,0.19448624389373625,True
12.444444444444443,0.21544346900318845,True
12.444444444444443,0.2386589786858581,True
12.444444444444443,0.26437611857491,True
12.444444444444443,0.29286445646252374,True
12.444444444444443,0.324422607917163,True
12.444444444444443,0.35938136638046275,True
12.444444444444443,0.3981071705534973,True
12.444444444444443,0.44100594541767385,True
12.444444444444443,0.4885273571519389,True
12.444444444444443,0.5411695265464638,True
12.444444444444443,0.5994842503189411,True
12.444444444444443,0.6640827850634842,True
12.444444444444443,0.7356422544596414,True
12.444444444444443,0.8149127469020745,True
12.444444444444443,0.9027251779484579,True
12.444444444444443,1.0,True
12.444444444444443,1.1077568505097097,True
12.444444444444443,1.2271252398511903,True
12.444444444444443,1.3593563908785256,True
12.444444444444443,1.5058363542798414,True
12.444444444444443,1.6681005372000592,True
12.444444444444443,1.8478497974222907,True
12.444444444444443,2.046968271807522,True
12.444444444444443,2.267543125870802,True
12.444444444444443,2.5118864315095797,True
12.444444444444443,2.782559402207126,True
12.444444444444443,3.0823992397451434,True
12.444444444444443,3.414548873833601,True
12.444444444444443,3.782489906389386,True
12.444444444444443,4.190079105786669,True
12.444444444444443,4.641588833612782,True
12.444444444444443,5.141751827683928,True
12.444444444444443,5.695810810737687,True
12.444444444444443,6.309573444801936,True
12.444444444444443,6.989473207273487,True
12.444444444444443,7.742636826811269,True
12.444444444444443,8.576958985908945,True
12.444444444444443,9.50118507318144,True
12.444444444444443,10.525002852777327,True
12.444444444444443,11.659144011798324,True
12.444444444444443,12.91549665014884,True
12.444444444444443,14.307229891937586,True
12.444444444444443,15.848931924611142,True
12.444444444444443,17.556762912750013,True
12.444444444444443,19.448624389373634,True
12.444444444444443,21.544346900318846,True
12.444444444444443,23.865897868585808,True
12.444444444444443,26.437611857491014,True
12.444444444444443,29.286445646252375,True
12.444444444444443,32.4422607917163,True
12.444444444444443,35.938136638046295,True
12.444444444444443,39.810717055349734,True
12.444444444444443,44.100594541767364,True
12.444444444444443,48.852735715193916,True
12.444444444444443,54.116952654646376,True
12.444444444444443,59.948425031894146,True
12.444444444444443,66.40827850634845,True
12.444444444444443,73.56422544596414,True
12.444444444444443,81.49127469020749,True
12.444444444444443,90.27251779484578,True
12.444444444444443,100.0,True
12.666666666666666,0.01,True
12.666666666666666,0.011077568505097092,True
12.666666666666666,0.012271252398511897,True
12.666666666666666,0.013593563908785255,True
12.666666666666666,0.015058363542798407,True
12.666666666666666,0.016681005372000592,True
12.666666666666666,0.018478497974222907,True
12.666666666666666,0.02046968271807521,True
12.666666666666666,0.02267543125870802,True
12.666666666666666,0.025118864315095794,True
12.666666666666666,0.027825594022071243,True
12.666666666666666,0.030823992397451434,True
12.666666666666666,0.034145488738336005,True
12.666666666666666,0.037824899063893865,True
12.666666666666666,0.04190079105786669,True
12.666666666666666,0.046415888336127795,True
12.666666666666666,0.051417518276839276,True
12.666666666666666,0.056958108107376865,True
12.666666666666666,0.06309573444801933,True
12.666666666666666,0.06989473207273486,True
12.666666666666666,0.0774263682681127,True
12.666666666666666,0.08576958985908942,True
12.666666666666666,0.0950118507318144,True
12.666666666666666,0.10525002852777332,True
12.666666666666666,0.11659144011798317,True
12.666666666666666,0.1291549665014884,True
12.666666666666666,0.14307229891937578,True
12.666666666666666,0.15848931924611134,True
12.666666666666666,0.17556762912750015,True
12.666666666666666,0.19448624389373625,True
12.666666666666666,0.21544346900318845,True
12.666666666666666,0.2386589786858581,True
12.666666666666666,0.26437611857491,True
12.666666666666666,0.29286445646252374,True
12.666666666666666,0.324422607917163,True
12.666666666666666,0.35938136638046275,True
12.666666666666666,0.3981071705534973,True
12.666666666666666,0.44100594541767385,True
12.666666666666666,0.4885273571519389,True
12.666666666666666,0.5411695265464638,True
12.666666666666666,0.5994842503189411,True
12.666666666666666,0.6640827850634842,True
12.666666666666666,0.7356422544596414,True
12.666666666666666,0.8149127469020745,True
12.666666666666666,0.9027251779484579,True
12.666666666666666,1.0,True
12.666666666666666,1.1077568505097097,True
12.666666666666666,1.2271252398511903,True
12.666666666666666,1.3593563908785256,True
12.666666666666666,1.5058363542798414,True
12.666666666666666,1.6681005372000592,True
12.666666666666666,1.8478497974222907,True
12.666666666666666,2.046968271807522,True
12.666666666666666,2.267543125870802,True
12.666666666666666,2.5118864315095797,True
12.666666666666666,2.782559402207126,True
12.666666666666666,3.0823992397451434,True
12.666666666666666,3.414548873833601,True
12.666666666666666,3.782489906389386,True
12.666666666666666,4.190079105786669,True
12.666666666666666,4.641588833612782,True
12.666666666666666,5.141751827683928,True
12.666666666666666,5.695810810737687,True
12.666666666666666,6.309573444801936,True
12.666666666666666,6.989473207273487,True
12.666666666666666,7.742636826811269,True
12.666666666666666,8.576958985908945,True
12.666666666666666,9.50118507318144,True
12.666666666666666,10.525002852777327,True
12.666666666666666,11.659144011798324,True
12.666666666666666,12.91549665014884,True
12.666666666666666,14.307229891937586,True
12.666666666666666,15.848931924611142,True
12.666666666666666,17.556762912750013,True
12.666666666666666,19.448624389373634,True
12.666666666666666,21.544346900318846,True
12.666666666666666,23.865897868585808,True
12.666666666666666,26.437611857491014,True
12.666666666666666,29.286445646252375,True
12.666666666666666,32.4422607917163,True
12.666666666666666,35.938136638046295,True
12.666666666666666,39.810717055349734,True
12.666666666666666,44.100594541767364,True
12.666666666666666,48.852735715193916,True
12.666666666666666,54.116952654646376,True
12.666666666666666,59.948425031894146,True
12.666666666666666,66.40827850634845,True
12.666666666666666,73.56422544596414,True
12.666666666666666,81.49127469020749,True
12.666666666666666,90.27251779484578,True
12.666666666666666,100.0,True
12.888888888888888,0.01,True
12.888888888888888,0.011077568505097092,True
12.888888888888888,0.012271252398511897,True
12.888888888888888,0.013593563908785255,True
12.888888888888888,0.015058363542798407,True
12.888888888888888,0.016681005372000592,True
12.888888888888888,0.018478497974222907,True
12.888888888888888,0.02046968271807521,True
12.888888888888888,0.02267543125870802,True
12.888888888888888,0.025118864315095794,True
12.888888888888888,0.027825594022071243,True
12.888888888888888,0.030823992397451434,True
12.888888888888888,0.034145488738336005,True
12.888888888888888,0.037824899063893865,True
12.888888888888888,0.04190079105786669,True
12.888888888888888,0.046415888336127795,True
12.888888888888888,0.051417518276839276,True
12.888888888888888,0.056958108107376865,True
12.888888888888888,0.06309573444801933,True
12.888888888888888,0.06989473207273486,True
12.888888888888888,0.0774263682681127,True
12.888888888888888,0.08576958985908942,True
12.888888888888888,0.0950118507318144,True
12.888888888888888,0.10525002852777332,True
12.888888888888888,0.11659144011798317,True
12.888888888888888,0.1291549665014884,True
12.888888888888888,0.14307229891937578,True
12.888888888888888,0.15848931924611134,True
12.888888888888888,0.17556762912750015,True
12.888888888888888,0.19448624389373625,True
12.888888888888888,0.21544346900318845,True
12.888888888888888,0.2386589786858581,True
12.888888888888888,0.26437611857491,True
12.888888888888888,0.29286445646252374,True
12.888888888888888,0.324422607917163,True
12.888888888888888,0.35938136638046275,True
12.888888888888888,0.3981071705534973,True
12.888888888888888,0.44100594541767385,True
12.888888888888888,0.4885273571519389,True
12.888888888888888,0.5411695265464638,True
12.888888888888888,0.5994842503189411,True
12.888888888888888,0.6640827850634842,True
12.888888888888888,0.7356422544596414,True
12.888888888888888,0.8149127469020745,True
12.888888888888888,0.9027251779484579,True
12.888888888888888,1.0,True
12.888888888888888,1.1077568505097097,True
12.888888888888888,1.2271252398511903,True
12.888888888888888,1.3593563908785256,True
12.888888888888888,1.5058363542798414,True
12.888888888888888,1.6681005372000592,True
12.888888888888888,1.8478497974222907,True
12.888888888888888,2.046968271807522,True
12.888888888888888,2.267543125870802,True
12.888888888888888,2.5118864315095797,True
12.888888888888888,2.782559402207126,True
12.888888888888888,3.0823992397451434,True
12.888888888888888,3.414548873833601,True
12.888888888888888,3.782489906389386,True
12.888888888888888,4.190079105786669,True
12.888888888888888,4.641588833612782,True
12.888888888888888,5.141751827683928,True
12.888888888888888,5.695810810737687,True
12.888888888888888,6.309573444801936,True
12.888888888888888,6.989473207273487,True
12.888888888888888,7.742636826811269,True
12.888888888888888,8.576958985908945,True
12.888888888888888,9.50118507318144,True
12.888888888888888,10.525002852777327,True
12.888888888888888,11.659144011798324,True
12.888888888888888,12.91549665014884,True
12.888888888888888,14.307229891937586,True
12.888888888888888,15.848931924611142,True
12.888888888888888,17.556762912750013,True
12.888888888888888,19.448624389373634,True
12.888888888888888,21.544346900318846,True
12.888888888888888,23.865897868585808,True
12.888888888888888,26.437611857491014,True
12.888888888888888,29.286445646252375,True
12.888888888888888,32.4422607917163,True
12.888888888888888,35.938136638046295,True
12.888888888888888,39.810717055349734,True
12.888888888888888,44.100594541767364,True
12.888888888888888,48.852735715193916,True
12.888888888888888,54.116952654646376,True
12.888888888888888,59.948425031894146,True
12.888888888888888,66.40827850634845,True
12.888888888888888,73.56422544596414,True
12.888888888888888,81.49127469020749,True
12.888888888888888,90.27251779484578,True
12.888888888888888,100.0,True
13.11111111111111,0.01,True
13.11111111111111,0.011077568505097092,True
13.11111111111111,0.012271252398511897,True
13.11111111111111,0.013593563908785255,True
13.11111111111111,0.015058363542798407,True
13.11111111111111,0.016681005372000592,True
13.11111111111111,0.018478497974222907,True
13.11111111111111,0.02046968271807521,True
13.11111111111111,0.02267543125870802,True
13.11111111111111,0.025118864315095794,True
13.11111111111111,0.027825594022071243,True
13.11111111111111,0.030823992397451434,True
13.11111111111111,0.034145488738336005,True
13.11111111111111,0.037824899063893865,True
13.11111111111111,0.04190079105786669,True
13.11111111111111,0.046415888336127795,True
13.11111111111111,0.051417518276839276,True
13.11111111111111,0.056958108107376865,True
13.11111111111111,0.06309573444801933,True
13.11111111111111,0.06989473207273486,True
13.11111111111111,0.0774263682681127,True
13.11111111111111,0.08576958985908942,True
13.11111111111111,0.0950118507318144,True
13.11111111111111,0.10525002852777332,True
13.11111111111111,0.11659144011798317,True
13.11111111111111,0.1291549665014884,True
13.11111111111111,0.14307229891937578,True
13.11111111111111,0.15848931924611134,True
13.11111111111111,0.17556762912750015,True
13.11111111111111,0.19448624389373625,True
13.11111111111111,0.21544346900318845,True
13.11111111111111,0.2386589786858581,True
13.11111111111111,0.26437611857491,True
13.11111111111111,0.29286445646252374,True
13.11111111111111,0.324422607917163,True
13.11111111111111,0.35938136638046275,True
13.11111111111111,0.3981071705534973,True
13.11111111111111,0.44100594541767385,True
13.11111111111111,0.4885273571519389,True
13.11111111111111,0.5411695265464638,True
13.11111111111111,0.5994842503189411,True
13.11111111111111,0.6640827850634842,True
13.11111111111111,0.7356422544596414,True
13.11111111111111,0.8149127469020745,True
13.11111111111111,0.9027251779484579,True
13.11111111111111,1.0,True
13.11111111111111,1.1077568505097097,True
13.11111111111111,1.2271252398511903,True
13.11111111111111,1.3593563908785256,True
13.11111111111111,1.5058363542798414,True
13.11111111111111,1.6681005372000592,True
13.11111111111111,1.8478497974222907,True
13.11111111111111,2.046968271807522,True
13.11111111111111,2.267543125870802,True
13.11111111111111,2.5118864315095797,True
13.11111111111111,2.782559402207126,True
13.11111111111111,3.0823992397451434,True
13.11111111111111,3.414548873833601,True
13.11111111111111,3.782489906389386,True
13.11111111111111,4.190079105786669,True
13.11111111111111,4.641588833612782,True
13.11111111111111,5.141751827683928,True
13.11111111111111,5.695810810737687,True
13.11111111111111,6.309573444801936,True
13.11111111111111,6.989473207273487,True
13.11111111111111,7.742636826811269,True
13.11111111111111,8.576958985908945,True
13.11111111111111,9.50118507318144,True
13.11111111111111,10.525002852777327,True
13.11111111111111,11.659144011798324,True
13.11111111111111,12.91549665014884,True
13.11111111111111,14.307229891937586,True
13.11111111111111,15.848931924611142,True
13.11111111111111,17.556762912750013,True
13.11111111111111,19.448624389373634,True
13.11111111111111,21.544346900318846,True
13.11111111111111,23.865897868585808,True
13.11111111111111,26.437611857491014,True
13.11111111111111,29.286445646252375,True
13.11111111111111,32.4422607917163,True
13.11111111111111,35.938136638046295,True
13.11111111111111,39.810717055349734,True
13.11111111111111,44.100594541767364,True
13.11111111111111,48.852735715193916,True
13.11111111111111,54.116952654646376,True
13.11111111111111,59.948425031894146,True
13.11111111111111,66.40827850634845,True
13.11111111111111,73.56422544596414,True
13.11111111111111,81.49127469020749,True
13.11111111111111,90.27251779484578,True
13.11111111111111,100.0,True
13.333333333333332,0.01,True
13.333333333333332,0.011077568505097092,True
13.333333333333332,0.012271252398511897,True
13.333333333333332,0.013593563908785255,True
13.333333333333332,0.015058363542798407,True
13.333333333333332,0.016681005372000592,True
13.333333333333332,0.018478497974222907,True
13.333333333333332,0.02046968271807521,True
13.333333333333332,0.02267543125870802,True
13.333333333333332,0.025118864315095794,True
13.333333333333332,0.027825594022071243,True
13.333333333333332,0.030823992397451434,True
13.333333333333332,0.034145488738336005,True
13.333333333333332,0.037824899063893865,True
13.333333333333332,0.04190079105786669,True
13.333333333333332,0.046415888336127795,True
13.333333333333332,0.051417518276839276,True
13.333333333333332,0.056958108107376865,True
13.333333333333332,0.06309573444801933,True
13.333333333333332,0.06989473207273486,True
13.333333333333332,0.0774263682681127,True
13.333333333333332,0.08576958985908942,True
13.333333333333332,0.0950118507318144,True
13.333333333333332,0.10525002852777332,True
13.333333333333332,0.11659144011798317,True
13.333333333333332,0.1291549665014884,True
13.333333333333332,0.14307229891937578,True
13.333333333333332,0.15848931924611134,True
13.333333333333332,0.17556762912750015,True
13.333333333333332,0.19448624389373625,True
13.333333333333332,0.21544346900318845,True
13.333333333333332,0.2386589786858581,True
13.333333333333332,0.26437611857491,True
13.333333333333332,0.29286445646252374,True
13.333333333333332,0.324422607917163,True
13.333333333333332,0.35938136638046275,True
13.333333333333332,0.3981071705534973,True
13.333333333333332,0.44100594541767385,True
13.333333333333332,0.4885273571519389,True
13.333333333333332,0.5411695265464638,True
13.333333333333332,0.5994842503189411,True
13.333333333333332,0.6640827850634842,True
13.333333333333332,0.7356422544596414,True
13.333333333333332,0.8149127469020745,True
13.333333333333332,0.9027251779484579,True
13.333333333333332,1.0,True
13.333333333333332,1.1077568505097097,True
13.333333333333332,1.2271252398511903,True
13.333333333333332,1.3593563908785256,True
13.333333333333332,1.5058363542798414,True
13.333333333333332,1.6681005372000592,True
13.333333333333332,1.8478497974222907,True
13.333333333333332,2.046968271807522,True
13.333333333333332,2.267543125870802,True
13.333333333333332,2.5118864315095797,True
13.333333333333332,2.782559402207126,True
13.333333333333332,3.0823992397451434,True
13.333333333333332,3.414548873833601,True
13.333333333333332,3.782489906389386,True
13.333333333333332,4.190079105786669,True
13.333333333333332,4.641588833612782,True
13.333333333333332,5.141751827683928,True
13.333333333333332,5.695810810737687,True
13.333333333333332,6.309573444801936,True
13.333333333333332,6.989473207273487,True
13.333333333333332,7.742636826811269,True
13.333333333333332,8.576958985908945,True
13.333333333333332,9.50118507318144,True
13.333333333333332,10.525002852777327,True
13.333333333333332,11.659144011798324,True
13.333333333333332,12.91549665014884,True
13.333333333333332,14.307229891937586,True
13.333333333333332,15.848931924611142,True
13.333333333333332,17.556762912750013,True
13.333333333333332,19.448624389373634,True
13.333333333333332,21.544346900318846,True
13.333333333333332,23.865897868585808,True
13.333333333333332,26.437611857491014,True
13.333333333333332,29.286445646252375,True
13.333333333333332,32.4422607917163,True
13.333333333333332,35.938136638046295,True
13.333333333333332,39.810717055349734,True
13.333333333333332,44.100594541767364,True
13.333333333333332,48.852735715193916,True
13.333333333333332,54.116952654646376,True
13.333333333333332,59.948425031894146,True
13.333333333333332,66.40827850634845,True
13.333333333333332,73.56422544596414,True
13.333333333333332,81.49127469020749,True
13.333333333333332,90.27251779484578,True
13.333333333333332,100.0,True
13.555555555555555,0.01,True
13.555555555555555,0.011077568505097092,True
13.555555555555555,0.012271252398511897,True
13.555555555555555,0.013593563908785255,True
13.555555555555555,0.015058363542798407,True
13.555555555555555,0.016681005372000592,True
13.555555555555555,0.018478497974222907,True
13.555555555555555,0.02046968271807521,True
13.555555555555555,0.02267543125870802,True
13.555555555555555,0.025118864315095794,True
13.555555555555555,0.027825594022071243,True
13.555555555555555,0.030823992397451434,True
13.555555555555555,0.034145488738336005,True
13.555555555555555,0.037824899063893865,True
13.555555555555555,0.04190079105786669,True
13.555555555555555,0.046415888336127795,True
13.555555555555555,0.051417518276839276,True
13.555555555555555,0.056958108107376865,True
13.555555555555555,0.06309573444801933,True
13.555555555555555,0.06989473207273486,True
13.555555555555555,0.0774263682681127,True
13.555555555555555,0.08576958985908942,True
13.555555555555555,0.0950118507318144,True
13.555555555555555,0.10525002852777332,True
13.555555555555555,0.11659144011798317,True
13.555555555555555,0.1291549665014884,True
13.555555555555555,0.14307229891937578,True
13.555555555555555,0.15848931924611134,True
13.555555555555555,0.17556762912750015,True
13.555555555555555,0.19448624389373625,True
13.555555555555555,0.21544346900318845,True
13.555555555555555,0.2386589786858581,True
13.555555555555555,0.26437611857491,True
13.555555555555555,0.29286445646252374,True
13.555555555555555,0.324422607917163,True
13.555555555555555,0.35938136638046275,True
13.555555555555555,0.3981071705534973,True
13.555555555555555,0.44100594541767385,True
13.555555555555555,0.4885273571519389,True
13.555555555555555,0.5411695265464638,True
13.555555555555555,0.5994842503189411,True
13.555555555555555,0.6640827850634842,True
13.555555555555555,0.7356422544596414,True
13.555555555555555,0.8149127469020745,True
13.555555555555555,0.9027251779484579,True
13.555555555555555,1.0,True
13.555555555555555,1.1077568505097097,True
13.555555555555555,1.2271252398511903,True
13.555555555555555,1.3593563908785256,True
13.555555555555555,1.5058363542798414,True
13.555555555555555,1.6681005372000592,True
13.555555555555555,1.8478497974222907,True
13.555555555555555,2.046968271807522,True
13.555555555555555,2.267543125870802,True
13.555555555555555,2.5118864315095797,True
13.555555555555555,2.782559402207126,True
13.555555555555555,3.0823992397451434,True
13.555555555555555,3.414548873833601,True
13.555555555555555,3.782489906389386,True
13.555555555555555,4.190079105786669,True
13.555555555555555,4.641588833612782,True
13.555555555555555,5.141751827683928,True
13.555555555555555,5.695810810737687,True
13.555555555555555,6.309573444801936,True
13.555555555555555,6.989473207273487,True
13.555555555555555,7.742636826811269,True
13.555555555555555,8.576958985908945,True
13.555555555555555,9.50118507318144,True
13.555555555555555,10.525002852777327,True
13.555555555555555,11.659144011798324,True
13.555555555555555,12.91549665014884,True
13.555555555555555,14.307229891937586,True
13.555555555555555,15.848931924611142,True
13.555555555555555,17.556762912750013,True
13.555555555555555,19.448624389373634,True
13.555555555555555,21.544346900318846,True
13.555555555555555,23.865897868585808,True
13.555555555555555,26.437611857491014,True
13.555555555555555,29.286445646252375,True
13.555555555555555,32.4422607917163,True
13.555555555555555,35.938136638046295,True
13.555555555555555,39.810717055349734,True
13.555555555555555,44.100594541767364,True
13.555555555555555,48.852735715193916,True
13.555555555555555,54.116952654646376,True
13.555555555555555,59.948425031894146,True
13.555555555555555,66.40827850634845,True
13.555555555555555,73.56422544596414,True
13.555555555555555,81.49127469020749,True
13.555555555555555,90.27251779484578,True
13.555555555555555,100.0,True
13.777777777777777,0.01,True
13.777777777777777,0.011077568505097092,True
13.777777777777777,0.012271252398511897,True
13.777777777777777,0.013593563908785255,True
13.777777777777777,0.015058363542798407,True
13.777777777777777,0.016681005372000592,True
13.777777777777777,0.018478497974222907,True
13.777777777777777,0.02046968271807521,True
13.777777777777777,0.02267543125870802,True
13.777777777777777,0.025118864315095794,True
13.777777777777777,0.027825594022071243,True
13.777777777777777,0.030823992397451434,True
13.777777777777777,0.034145488738336005,True
13.777777777777777,0.037824899063893865,True
13.777777777777777,0.04190079105786669,True
13.777777777777777,0.046415888336127795,True
13.777777777777777,0.051417518276839276,True
13.777777777777777,0.056958108107376865,True
13.777777777777777,0.06309573444801933,True
13.777777777777777,0.06989473207273486,True
13.777777777777777,0.0774263682681127,True
13.777777777777777,0.08576958985908942,True
13.777777777777777,0.0950118507318144,True
13.777777777777777,0.10525002852777332,True
13.777777777777777,0.11659144011798317,True
13.777777777777777,0.1291549665014884,True
13.777777777777777,0.14307229891937578,True
13.777777777777777,0.15848931924611134,True
13.777777777777777,0.17556762912750015,True
13.777777777777777,0.19448624389373625,True
13.777777777777777,0.21544346900318845,True
13.777777777777777,0.2386589786858581,True
13.777777777777777,0.26437611857491,True
13.777777777777777,0.29286445646252374,True
13.777777777777777,0.324422607917163,True
13.777777777777777,0.35938136638046275,True
13.777777777777777,0.3981071705534973,True
13.777777777777777,0.44100594541767385,True
13.777777777777777,0.4885273571519389,True
13.777777777777777,0.5411695265464638,True
13.777777777777777,0.5994842503189411,True
13.777777777777777,0.6640827850634842,True
13.777777777777777,0.7356422544596414,True
13.777777777777777,0.8149127469020745,True
13.777777777777777,0.9027251779484579,True
13.777777777777777,1.0,True
13.777777777777777,1.1077568505097097,True
13.777777777777777,1.2271252398511903,True
13.777777777777777,1.3593563908785256,True
13.777777777777777,1.5058363542798414,True
13.777777777777777,1.6681005372000592,True
13.777777777777777,1.8478497974222907,True
13.777777777777777,2.046968271807522,True
13.777777777777777,2.267543125870802,True
13.777777777777777,2.5118864315095797,True
13.777777777777777,2.782559402207126,True
13.777777777777777,3.0823992397451434,True
13.777777777777777,3.414548873833601,True
13.777777777777777,3.782489906389386,True
13.777777777777777,4.190079105786669,True
13.777777777777777,4.641588833612782,True
13.777777777777777,5.141751827683928,True
13.777777777777777,5.695810810737687,True
13.777777777777777,6.309573444801936,True
13.777777777777777,6.989473207273487,True
13.777777777777777,7.742636826811269,True
13.777777777777777,8.576958985908945,True
13.777777777777777,9.50118507318144,True
13.777777777777777,10.525002852777327,True
13.777777777777777,11.659144011798324,True
13.777777777777777,12.91549665014884,True
13.777777777777777,14.307229891937586,True
13.777777777777777,15.848931924611142,True
13.777777777777777,17.556762912750013,True
13.777777777777777,19.448624389373634,True
13.777777777777777,21.544346900318846,True
13.777777777777777,23.865897868585808,True
13.777777777777777,26.437611857491014,True
13.777777777777777,29.286445646252375,True
13.777777777777777,32.4422607917163,True
13.777777777777777,35.938136638046295,True
13.777777777777777,39.810717055349734,True
13.777777777777777,44.100594541767364,True
13.777777777777777,48.852735715193916,True
13.777777777777777,54.116952654646376,True
13.777777777777777,59.948425031894146,True
13.777777777777777,66.40827850634845,True
13.777777777777777,73.56422544596414,True
13.777777777777777,81.49127469020749,True
13.777777777777777,90.27251779484578,True
13.777777777777777,100.0,True
14.0,0.01,True
14.0,0.011077568505097092,True
14.0,0.012271252398511897,True
14.0,0.013593563908785255,True
14.0,0.015058363542798407,True
14.0,0.016681005372000592,True
14.0,0.018478497974222907,True
14.0,0.02046968271807521,True
14.0,0.02267543125870802,True
14.0,0.025118864315095794,True
14.0,0.027825594022071243,True
14.0,0.030823992397451434,True
14.0,0.034145488738336005,True
14.0,0.037824899063893865,True
14.0,0.04190079105786669,True
14.0,0.046415888336127795,True
14.0,0.051417518276839276,True
14.0,0.056958108107376865,True
14.0,0.06309573444801933,True
14.0,0.06989473207273486,True
14.0,0.0774263682681127,True
14.0,0.08576958985908942,True
14.0,0.0950118507318144,True
14.0,0.10525002852777332,True
14.0,0.11659144011798317,True
14.0,0.1291549665014884,True
14.0,0.14307229891937578,True
14.0,0.15848931924611134,True
14.0,0.17556762912750015,True
14.0,0.19448624389373625,True
14.0,0.21544346900318845,True
14.0,0.2386589786858581,True
14.0,0.26437611857491,True
14.0,0.29286445646252374,True
14.0,0.324422607917163,True
14.0,0.35938136638046275,True
14.0,0.3981071705534973,True
14.0,0.44100594541767385,True
14.0,0.4885273571519389,True
14.0,0.5411695265464638,True
14.0,0.5994842503189411,True
14.0,0.6640827850634842,True
14.0,0.7356422544596414,True
14.0,0.8149127469020745,True
14.0,0.9027251779484579,True
14.0,1.0,True
14.0,1.1077568505097097,True
14.0,1.2271252398511903,True
14.0,1.3593563908785256,True
14.0,1.5058363542798414,True
14.0,1.6681005372000592,True
14.0,1.8478497974222907,True
14.0,2.046968271807522,True
14.0,2.267543125870802,True
14.0,2.5118864315095797,True
14.0,2.782559402207126,True
14.0,3.0823992397451434,True
14.0,3.414548873833601,True
14.0,3.782489906389386,True
14.0,4.190079105786669,True
14.0,4.641588833612782,True
14.0,5.141751827683928,True
14.0,5.695810810737687,True
14.0,6.309573444801936,True
14.0,6.989473207273487,True
14.0,7.742636826811269,True
14.0,8.576958985908945,True
14.0,9.50118507318144,True
14.0,10.525002852777327,True
14.0,11.659144011798324,True
14.0,12.91549665014884,True
14.0,14.307229891937586,True
14.0,15.848931924611142,True
14.0,17.556762912750013,True
14.0,19.448624389373634,True
14.0,21.544346900318846,True
14.0,23.865897868585808,True
14.0,26.437611857491014,True
14.0,29.286445646252375,True
14.0,32.4422607917163,True
14.0,35.938136638046295,True
14.0,39.810717055349734,True
14.0,44.100594541767364,True
14.0,48.852735715193916,True
14.0,54.116952654646376,True
14.0,59.948425031894146,True
14.0,66.40827850634845,True
14.0,73.56422544596414,True
14.0,81.49127469020749,True
14.0,90.27251779484578,True
14.0,100.0,True
14.222222222222221,0.01,True
14.222222222222221,0.011077568505097092,True
14.222222222222221,0.012271252398511897,True
14.222222222222221,0.013593563908785255,True
14.222222222222221,0.015058363542798407,True
14.222222222222221,0.016681005372000592,True
14.222222222222221,0.018478497974222907,True
14.222222222222221,0.02046968271807521,True
14.222222222222221,0.02267543125870802,True
14.222222222222221,0.025118864315095794,True
14.222222222222221,0.027825594022071243,True
14.222222222222221,0.030823992397451434,True
14.222222222222221,0.034145488738336005,True
14.222222222222221,0.037824899063893865,True
14.222222222222221,0.04190079105786669,True
14.222222222222221,0.046415888336127795,True
14.222222222222221,0.051417518276839276,True
14.222222222222221,0.056958108107376865,True
14.222222222222221,0.06309573444801933,True
14.222222222222221,0.06989473207273486,True
14.222222222222221,0.0774263682681127,True
14.222222222222221,0.08576958985908942,True
14.222222222222221,0.0950118507318144,True
14.222222222222221,0.10525002852777332,True
14.222222222222221,0.11659144011798317,True
14.222222222222221,0.1291549665014884,True
14.222222222222221,0.14307229891937578,True
14.222222222222221,0.15848931924611134,True
14.222222222222221,0.17556762912750015,True
14.222222222222221,0.19448624389373625,True
14.222222222222221,0.21544346900318845,True
14.222222222222221,0.2386589786858581,True
14.222222222222221,0.26437611857491,True
14.222222222222221,0.29286445646252374,True
14.222222222222221,0.324422607917163,True
14.222222222222221,0.35938136638046275,True
14.222222222222221,0.3981071705534973,True
14.222222222222221,0.44100594541767385,True
14.222222222222221,0.4885273571519389,True
14.222222222222221,0.5411695265464638,True
14.222222222222221,0.5994842503189411,True
14.222222222222221,0.6640827850634842,True
14.222222222222221,0.7356422544596414,True
14.222222222222221,0.8149127469020745,True
14.222222222222221,0.9027251779484579,True
14.222222222222221,1.0,True
14.222222222222221,1.1077568505097097,True
14.222222222222221,1.2271252398511903,True
14.222222222222221,1.3593563908785256,True
14.222222222222221,1.5058363542798414,True
14.222222222222221,1.6681005372000592,True
14.222222222222221,1.8478497974222907,True
14.222222222222221,2.046968271807522,True
14.222222222222221,2.267543125870802,True
14.222222222222221,2.5118864315095797,True
14.222222222222221,2.782559402207126,True
14.222222222222221,3.0823992397451434,True
14.222222222222221,3.414548873833601,True
14.222222222222221,3.782489906389386,True
14.222222222222221,4.190079105786669,True
14.222222222222221,4.641588833612782,True
14.222222222222221,5.141751827683928,True
14.222222222222221,5.695810810737687,True
14.222222222222221,6.309573444801936,True
14.222222222222221,6.989473207273487,True
14.222222222222221,7.742636826811269,True
14.222222222222221,8.576958985908945,True
14.222222222222221,9.50118507318144,True
14.222222222222221,10.525002852777327,True
14.222222222222221,11.659144011798324,True
14.222222222222221,12.91549665014884,True
14.222222222222221,14.307229891937586,True
14.222222222222221,15.848931924611142,True
14.222222222222221,17.556762912750013,True
14.222222222222221,19.448624389373634,True
14.222222222222221,21.544346900318846,True
14.222222222222221,23.865897868585808,True
14.222222222222221,26.437611857491014,True
14.222222222222221,29.286445646252375,True
14.222222222222221,32.4422607917163,True
14.222222222222221,35.938136638046295,True
14.222222222222221,39.810717055349734,True
14.222222222222221,44.100594541767364,True
14.222222222222221,48.852735715193916,True
14.222222222222221,54.116952654646376,True
14.222222222222221,59.948425031894146,True
14.222222222222221,66.40827850634845,True
14.222222222222221,73.56422544596414,True
14.222222222222221,81.49127469020749,True
14.222222222222221,90.27251779484578,True
14.222222222222221,100.0,True
14.444444444444443,0.01,True
14.444444444444443,0.011077568505097092,True
14.444444444444443,0.012271252398511897,True
14.444444444444443,0.013593563908785255,True
14.444444444444443,0.015058363542798407,True
14.444444444444443,0.016681005372000592,True
14.444444444444443,0.018478497974222907,True
14.444444444444443,0.02046968271807521,True
14.444444444444443,0.02267543125870802,True
14.444444444444443,0.025118864315095794,True
14.444444444444443,0.027825594022071243,True
14.444444444444443,0.030823992397451434,True
14.444444444444443,0.034145488738336005,True
14.444444444444443,0.037824899063893865,True
14.444444444444443,0.04190079105786669,True
14.444444444444443,0.046415888336127795,True
14.444444444444443,0.051417518276839276,True
14.444444444444443,0.056958108107376865,True
14.444444444444443,0.06309573444801933,True
14.444444444444443,0.06989473207273486,True
14.444444444444443,0.0774263682681127,True
14.444444444444443,0.08576958985908942,True
14.444444444444443,0.0950118507318144,True
14.444444444444443,0.10525002852777332,True
14.444444444444443,0.11659144011798317,True
14.444444444444443,0.1291549665014884,True
14.444444444444443,0.14307229891937578,True
14.444444444444443,0.15848931924611134,True
14.444444444444443,0.17556762912750015,True
14.444444444444443,0.19448624389373625,True
14.444444444444443,0.21544346900318845,True
14.444444444444443,0.2386589786858581,True
14.444444444444443,0.26437611857491,True
14.444444444444443,0.29286445646252374,True
14.444444444444443,0.324422607917163,True
14.444444444444443,0.35938136638046275,True
14.444444444444443,0.3981071705534973,True
14.444444444444443,0.44100594541767385,True
14.444444444444443,0.4885273571519389,True
14.444444444444443,0.5411695265464638,True
14.444444444444443,0.5994842503189411,True
14.444444444444443,0.6640827850634842,True
14.444444444444443,0.7356422544596414,True
14.444444444444443,0.8149127469020745,True
14.444444444444443,0.9027251779484579,True
14.444444444444443,1.0,True
14.444444444444443,1.1077568505097097,True
14.444444444444443,1.2271252398511903,True
14.444444444444443,1.3593563908785256,True
14.444444444444443,1.5058363542798414,True
14.444444444444443,1.6681005372000592,True
14.444444444444443,1.8478497974222907,True
14.444444444444443,2.046968271807522,True
14.444444444444443,2.267543125870802,True
14.444444444444443,2.5118864315095797,True
14.444444444444443,2.782559402207126,True
14.444444444444443,3.0823992397451434,True
14.444444444444443,3.414548873833601,True
14.444444444444443,3.782489906389386,True
14.444444444444443,4.190079105786669,True
14.444444444444443,4.641588833612782,True
14.444444444444443,5.141751827683928,True
14.444444444444443,5.695810810737687,True
14.444444444444443,6.309573444801936,True
14.444444444444443,6.989473207273487,True
14.444444444444443,7.742636826811269,True
14.444444444444443,8.576958985908945,True
14.444444444444443,9.50118507318144,True
14.444444444444443,10.525002852777327,True
14.444444444444443,11.659144011798324,True
14.444444444444443,12.91549665014884,True
14.444444444444443,14.307229891937586,True
14.444444444444443,15.848931924611142,True
14.444444444444443,17.556762912750013,True
14.444444444444443,19.448624389373634,True
14.444444444444443,21.544346900318846,True
14.444444444444443,23.865897868585808,True
14.444444444444443,26.437611857491014,True
14.444444444444443,29.286445646252375,True
14.444444444444443,32.4422607917163,True
14.444444444444443,35.938136638046295,True
14.444444444444443,39.810717055349734,True
14.444444444444443,44.100594541767364,True
14.444444444444443,48.852735715193916,True
14.444444444444443,54.116952654646376,True
14.444444444444443,59.948425031894146,True
14.444444444444443,66.40827850634845,True
14.444444444444443,73.56422544596414,True
14.444444444444443,81.49127469020749,True
14.444444444444443,90.27251779484578,True
14.444444444444443,100.0,True
14.666666666666666,0.01,True
14.666666666666666,0.011077568505097092,True
14.666666666666666,0.012271252398511897,True
14.666666666666666,0.013593563908785255,True
14.666666666666666,0.015058363542798407,True
14.666666666666666,0.016681005372000592,True
14.666666666666666,0.018478497974222907,True
14.666666666666666,0.02046968271807521,True
14.666666666666666,0.02267543125870802,True
14.666666666666666,0.025118864315095794,True
14.666666666666666,0.027825594022071243,True
14.666666666666666,0.030823992397451434,True
14.666666666666666,0.034145488738336005,True
14.666666666666666,0.037824899063893865,True
14.666666666666666,0.04190079105786669,True
14.666666666666666,0.046415888336127795,True
14.666666666666666,0.051417518276839276,True
14.666666666666666,0.056958108107376865,True
14.666666666666666,0.06309573444801933,True
14.666666666666666,0.06989473207273486,True
14.666666666666666,0.0774263682681127,True
14.666666666666666,0.08576958985908942,True
14.666666666666666,0.0950118507318144,True
14.666666666666666,0.10525002852777332,True
14.666666666666666,0.11659144011798317,True
14.666666666666666,0.1291549665014884,True
14.666666666666666,0.14307229891937578,True
14.666666666666666,0.15848931924611134,True
14.666666666666666,0.17556762912750015,True
14.666666666666666,0.19448624389373625,True
14.666666666666666,0.21544346900318845,True
14.666666666666666,0.2386589786858581,True
14.666666666666666,0.26437611857491,True
14.666666666666666,0.29286445646252374,True
14.666666666666666,0.324422607917163,True
14.666666666666666,0.35938136638046275,True
14.666666666666666,0.3981071705534973,True
14.666666666666666,0.44100594541767385,True
14.666666666666666,0.4885273571519389,True
14.666666666666666,0.5411695265464638,True
14.666666666666666,0.5994842503189411,True
14.666666666666666,0.6640827850634842,True
14.666666666666666,0.7356422544596414,True
14.666666666666666,0.8149127469020745,True
14.666666666666666,0.9027251779484579,True
14.666666666666666,1.0,True
14.666666666666666,1.1077568505097097,True
14.666666666666666,1.2271252398511903,True
14.666666666666666,1.3593563908785256,True
14.666666666666666,1.5058363542798414,True
14.666666666666666,1.6681005372000592,True
14.666666666666666,1.8478497974222907,True
14.666666666666666,2.046968271807522,True
14.666666666666666,2.267543125870802,True
14.666666666666666,2.5118864315095797,True
14.666666666666666,2.782559402207126,True
14.666666666666666,3.0823992397451434,True
14.666666666666666,3.414548873833601,True
14.666666666666666,3.782489906389386,True
14.666666666666666,4.190079105786669,True
14.666666666666666,4.641588833612782,True
14.666666666666666,5.141751827683928,True
14.666666666666666,5.695810810737687,True
14.666666666666666,6.309573444801936,True
14.666666666666666,6.989473207273487,True
14.666666666666666,7.742636826811269,True
14.666666666666666,8.576958985908945,True
14.666666666666666,9.50118507318144,True
14.666666666666666,10.525002852777327,True
14.666666666666666,11.659144011798324,True
14.666666666666666,12.91549665014884,True
14.666666666666666,14.307229891937586,True
14.666666666666666,15.848931924611142,True
14.666666666666666,17.556762912750013,True
14.666666666666666,19.448624389373634,True
14.666666666666666,21.544346900318846,True
14.666666666666666,23.865897868585808,True
14.666666666666666,26.437611857491014,True
14.666666666666666,29.286445646252375,True
14.666666666666666,32.4422607917163,True
14.666666666666666,35.938136638046295,True
14.666666666666666,39.810717055349734,True
14.666666666666666,44.100594541767364,True
14.666666666666666,48.852735715193916,True
14.666666666666666,54.116952654646376,True
14.666666666666666,59.948425031894146,True
14.666666666666666,66.40827850634845,True
14.666666666666666,73.56422544596414,True
14.666666666666666,81.49127469020749,True
14.666666666666666,90.27251779484578,True
14.666666666666666,100.0,True
14.888888888888888,0.01,True
14.888888888888888,0.011077568505097092,True
14.888888888888888,0.012271252398511897,True
14.888888888888888,0.013593563908785255,True
14.888888888888888,0.015058363542798407,True
14.888888888888888,0.016681005372000592,True
14.888888888888888,0.018478497974222907,True
14.888888888888888,0.02046968271807521,True
14.888888888888888,0.02267543125870802,True
14.888888888888888,0.025118864315095794,True
14.888888888888888,0.027825594022071243,True
14.888888888888888,0.030823992397451434,True
14.888888888888888,0.034145488738336005,True
14.888888888888888,0.037824899063893865,True
14.888888888888888,0.04190079105786669,True
14.888888888888888,0.046415888336127795,True
14.888888888888888,0.051417518276839276,True
14.888888888888888,0.056958108107376865,True
14.888888888888888,0.06309573444801933,True
14.888888888888888,0.06989473207273486,True
14.888888888888888,0.0774263682681127,True
14.888888888888888,0.08576958985908942,True
14.888888888888888,0.0950118507318144,True
14.888888888888888,0.10525002852777332,True
14.888888888888888,0.11659144011798317,True
14.888888888888888,0.1291549665014884,True
14.888888888888888,0.14307229891937578,True
14.888888888888888,0.15848931924611134,True
14.888888888888888,0.17556762912750015,True
14.888888888888888,0.19448624389373625,True
14.888888888888888,0.21544346900318845,True
14.888888888888888,0.2386589786858581,True
14.888888888888888,0.26437611857491,True
14.888888888888888,0.29286445646252374,True
14.888888888888888,0.324422607917163,True
14.888888888888888,0.35938136638046275,True
14.888888888888888,0.3981071705534973,True
14.888888888888888,0.44100594541767385,True
14.888888888888888,0.4885273571519389,True
14.888888888888888,0.5411695265464638,True
14.888888888888888,0.5994842503189411,True
14.888888888888888,0.6640827850634842,True
14.888888888888888,0.7356422544596414,True
14.888888888888888,0.8149127469020745,True
14.888888888888888,0.9027251779484579,True
14.888888888888888,1.0,True
14.888888888888888,1.1077568505097097,True
14.888888888888888,1.2271252398511903,True
14.888888888888888,1.3593563908785256,True
14.888888888888888,1.5058363542798414,True
14.888888888888888,1.6681005372000592,True
14.888888888888888,1.8478497974222907,True
14.888888888888888,2.046968271807522,True
14.888888888888888,2.267543125870802,True
14.888888888888888,2.5118864315095797,True
14.888888888888888,2.782559402207126,True
14.888888888888888,3.0823992397451434,True
14.888888888888888,3.414548873833601,True
14.888888888888888,3.782489906389386,True
14.888888888888888,4.190079105786669,True
14.888888888888888,4.641588833612782,True
14.888888888888888,5.141751827683928,True
14.888888888888888,5.695810810737687,True
14.888888888888888,6.309573444801936,True
14.888888888888888,6.989473207273487,True
14.888888888888888,7.742636826811269,True
14.888888888888888,8.576958985908945,True
14.888888888888888,9.50118507318144,True
14.888888888888888,10.525002852777327,True
14.888888888888888,11.659144011798324,True
14.888888888888888,12.91549665014884,True
14.888888888888888,14.307229891937586,True
14.888888888888888,15.848931924611142,True
14.888888888888888,17.556762912750013,True
14.888888888888888,19.448624389373634,True
14.888888888888888,21.544346900318846,True
14.888888888888888,23.865897868585808,True
14.888888888888888,26.437611857491014,True
14.888888888888888,29.286445646252375,True
14.888888888888888,32.4422607917163,True
14.888888888888888,35.938136638046295,True
14.888888888888888,39.810717055349734,True
14.888888888888888,44.100594541767364,True
14.888888888888888,48.852735715193916,True
14.888888888888888,54.116952654646376,True
14.888888888888888,59.948425031894146,True
14.888888888888888,66.40827850634845,True
14.888888888888888,73.56422544596414,True
14.888888888888888,81.49127469020749,True
14.888888888888888,90.27251779484578,True
14.888888888888888,100.0,True
15.11111111111111,0.01,True
15.11111111111111,0.011077568505097092,True
15.11111111111111,0.012271252398511897,True
15.11111111111111,0.013593563908785255,True
15.11111111111111,0.015058363542798407,True
15.11111111111111,0.016681005372000592,True
15.11111111111111,0.018478497974222907,True
15.11111111111111,0.02046968271807521,True
15.11111111111111,0.02267543125870802,True
15.11111111111111,0.025118864315095794,True
15.11111111111111,0.027825594022071243,True
15.11111111111111,0.030823992397451434,True
15.11111111111111,0.034145488738336005,True
15.11111111111111,0.037824899063893865,True
15.11111111111111,0.04190079105786669,True
15.11111111111111,0.046415888336127795,True
15.11111111111111,0.051417518276839276,True
15.11111111111111,0.056958108107376865,True
15.11111111111111,0.06309573444801933,True
15.11111111111111,0.06989473207273486,True
15.11111111111111,0.0774263682681127,True
15.11111111111111,0.08576958985908942,True
15.11111111111111,0.0950118507318144,True
15.11111111111111,0.10525002852777332,True
15.11111111111111,0.11659144011798317,True
15.11111111111111,0.1291549665014884,True
15.11111111111111,0.14307229891937578,True
15.11111111111111,0.15848931924611134,True
15.11111111111111,0.17556762912750015,True
15.11111111111111,0.19448624389373625,True
15.11111111111111,0.21544346900318845,True
15.11111111111111,0.2386589786858581,True
15.11111111111111,0.26437611857491,True
15.11111111111111,0.29286445646252374,True
15.11111111111111,0.324422607917163,True
15.11111111111111,0.35938136638046275,True
15.11111111111111,0.3981071705534973,True
15.11111111111111,0.44100594541767385,True
15.11111111111111,0.4885273571519389,True
15.11111111111111,0.5411695265464638,True
15.11111111111111,0.5994842503189411,True
15.11111111111111,0.6640827850634842,True
15.11111111111111,0.7356422544596414,True
15.11111111111111,0.8149127469020745,True
15.11111111111111,0.9027251779484579,True
15.11111111111111,1.0,True
15.11111111111111,1.1077568505097097,True
15.11111111111111,1.2271252398511903,True
15.11111111111111,1.3593563908785256,True
15.11111111111111,1.5058363542798414,True
15.11111111111111,1.6681005372000592,True
15.11111111111111,1.8478497974222907,True
15.11111111111111,2.046968271807522,True
15.11111111111111,2.267543125870802,True
15.11111111111111,2.5118864315095797,True
15.11111111111111,2.782559402207126,True
15.11111111111111,3.0823992397451434,True
15.11111111111111,3.414548873833601,True
15.11111111111111,3.782489906389386,True
15.11111111111111,4.190079105786669,True
15.11111111111111,4.641588833612782,True
15.11111111111111,5.141751827683928,True
15.11111111111111,5.695810810737687,True
15.11111111111111,6.309573444801936,True
15.11111111111111,6.989473207273487,True
15.11111111111111,7.742636826811269,True
15.11111111111111,8.576958985908945,True
15.11111111111111,9.50118507318144,True
15.11111111111111,10.525002852777327,True
15.11111111111111,11.659144011798324,True
15.11111111111111,12.91549665014884,True
15.11111111111111,14.307229891937586,True
15.11111111111111,15.848931924611142,True
15.11111111111111,17.556762912750013,True
15.11111111111111,19.448624389373634,True
15.11111111111111,21.544346900318846,True
15.11111111111111,23.865897868585808,True
15.11111111111111,26.437611857491014,True
15.11111111111111,29.286445646252375,True
15.11111111111111,32.4422607917163,True
15.11111111111111,35.938136638046295,True
15.11111111111111,39.810717055349734,True
15.11111111111111,44.100594541767364,True
15.11111111111111,48.852735715193916,True
15.11111111111111,54.116952654646376,True
15.11111111111111,59.948425031894146,True
15.11111111111111,66.40827850634845,True
15.11111111111111,73.56422544596414,True
15.11111111111111,81.49127469020749,True
15.11111111111111,90.27251779484578,True
15.11111111111111,100.0,True
15.333333333333332,0.01,True
15.333333333333332,0.011077568505097092,True
15.333333333333332,0.012271252398511897,True
15.333333333333332,0.013593563908785255,True
15.333333333333332,0.015058363542798407,True
15.333333333333332,0.016681005372000592,True
15.333333333333332,0.018478497974222907,True
15.333333333333332,0.02046968271807521,True
15.333333333333332,0.02267543125870802,True
15.333333333333332,0.025118864315095794,True
15.333333333333332,0.027825594022071243,True
15.333333333333332,0.030823992397451434,True
15.333333333333332,0.034145488738336005,True
15.333333333333332,0.037824899063893865,True
15.333333333333332,0.04190079105786669,True
15.333333333333332,0.046415888336127795,True
15.333333333333332,0.051417518276839276,True
15.333333333333332,0.056958108107376865,True
15.333333333333332,0.06309573444801933,True
15.333333333333332,0.06989473207273486,True
15.333333333333332,0.0774263682681127,True
15.333333333333332,0.08576958985908942,True
15.333333333333332,0.0950118507318144,True
15.333333333333332,0.10525002852777332,True
15.333333333333332,0.11659144011798317,True
15.333333333333332,0.1291549665014884,True
15.333333333333332,0.14307229891937578,True
15.333333333333332,0.15848931924611134,True
15.333333333333332,0.17556762912750015,True
15.333333333333332,0.19448624389373625,True
15.333333333333332,0.21544346900318845,True
15.333333333333332,0.2386589786858581,True
15.333333333333332,0.26437611857491,True
15.333333333333332,0.29286445646252374,True
15.333333333333332,0.324422607917163,True
15.333333333333332,0.35938136638046275,True
15.333333333333332,0.3981071705534973,True
15.333333333333332,0.44100594541767385,True
15.333333333333332,0.4885273571519389,True
15.333333333333332,0.5411695265464638,True
15.333333333333332,0.5994842503189411,True
15.333333333333332,0.6640827850634842,True
15.333333333333332,0.7356422544596414,True
15.333333333333332,0.8149127469020745,True
15.333333333333332,0.9027251779484579,True
15.333333333333332,1.0,True
15.333333333333332,1.1077568505097097,True
15.333333333333332,1.2271252398511903,True
15.333333333333332,1.3593563908785256,True
15.333333333333332,1.5058363542798414,True
15.333333333333332,1.6681005372000592,True
15.333333333333332,1.8478497974222907,True
15.333333333333332,2.046968271807522,True
15.333333333333332,2.267543125870802,True
15.333333333333332,2.5118864315095797,True
15.333333333333332,2.782559402207126,True
15.333333333333332,3.0823992397451434,True
15.333333333333332,3.414548873833601,True
15.333333333333332,3.782489906389386,True
15.333333333333332,4.190079105786669,True
15.333333333333332,4.641588833612782,True
15.333333333333332,5.141751827683928,True
15.333333333333332,5.695810810737687,True
15.333333333333332,6.309573444801936,True
15.333333333333332,6.989473207273487,True
15.333333333333332,7.742636826811269,True
15.333333333333332,8.576958985908945,True
15.333333333333332,9.50118507318144,True
15.333333333333332,10.525002852777327,True
15.333333333333332,11.659144011798324,True
15.333333333333332,12.91549665014884,True
15.333333333333332,14.307229891937586,True
15.333333333333332,15.848931924611142,True
15.333333333333332,17.556762912750013,True
15.333333333333332,19.448624389373634,True
15.333333333333332,21.544346900318846,True
15.333333333333332,23.865897868585808,True
15.333333333333332,26.437611857491014,True
15.333333333333332,29.286445646252375,True
15.333333333333332,32.4422607917163,True
15.333333333333332,35.938136638046295,True
15.333333333333332,39.810717055349734,True
15.333333333333332,44.100594541767364,True
15.333333333333332,48.852735715193916,True
15.333333333333332,54.116952654646376,True
15.333333333333332,59.948425031894146,True
15.333333333333332,66.40827850634845,True
15.333333333333332,73.56422544596414,True
15.333333333333332,81.49127469020749,True
15.333333333333332,90.27251779484578,True
15.333333333333332,100.0,True
15.555555555555555,0.01,True
15.555555555555555,0.011077568505097092,True
15.555555555555555,0.012271252398511897,True
15.555555555555555,0.013593563908785255,True
15.555555555555555,0.015058363542798407,True
15.555555555555555,0.016681005372000592,True
15.555555555555555,0.018478497974222907,True
15.555555555555555,0.02046968271807521,True
15.555555555555555,0.02267543125870802,True
15.555555555555555,0.025118864315095794,True
15.555555555555555,0.027825594022071243,True
15.555555555555555,0.030823992397451434,True
15.555555555555555,0.034145488738336005,True
15.555555555555555,0.037824899063893865,True
15.555555555555555,0.04190079105786669,True
15.555555555555555,0.046415888336127795,True
15.555555555555555,0.051417518276839276,True
15.555555555555555,0.056958108107376865,True
15.555555555555555,0.06309573444801933,True
15.555555555555555,0.06989473207273486,True
15.555555555555555,0.0774263682681127,True
15.555555555555555,0.08576958985908942,True
15.555555555555555,0.0950118507318144,True
15.555555555555555,0.10525002852777332,True
15.555555555555555,0.11659144011798317,True
15.555555555555555,0.1291549665014884,True
15.555555555555555,0.14307229891937578,True
15.555555555555555,0.15848931924611134,True
15.555555555555555,0.17556762912750015,True
15.555555555555555,0.19448624389373625,True
15.555555555555555,0.21544346900318845,True
15.555555555555555,0.2386589786858581,True
15.555555555555555,0.26437611857491,True
15.555555555555555,0.29286445646252374,True
15.555555555555555,0.324422607917163,True
15.555555555555555,0.35938136638046275,True
15.555555555555555,0.3981071705534973,True
15.555555555555555,0.44100594541767385,True
15.555555555555555,0.4885273571519389,True
15.555555555555555,0.5411695265464638,True
15.555555555555555,0.5994842503189411,True
15.555555555555555,0.6640827850634842,True
15.555555555555555,0.7356422544596414,True
15.555555555555555,0.8149127469020745,True
15.555555555555555,0.9027251779484579,True
15.555555555555555,1.0,True
15.555555555555555,1.1077568505097097,True
15.555555555555555,1.2271252398511903,True
15.555555555555555,1.3593563908785256,True
15.555555555555555,1.5058363542798414,True
15.555555555555555,1.6681005372000592,True
15.555555555555555,1.8478497974222907,True
15.555555555555555,2.046968271807522,True
15.555555555555555,2.267543125870802,True
15.555555555555555,2.5118864315095797,True
15.555555555555555,2.782559402207126,True
15.555555555555555,3.0823992397451434,True
15.555555555555555,3.414548873833601,True
15.555555555555555,3.782489906389386,True
15.555555555555555,4.190079105786669,True
15.555555555555555,4.641588833612782,True
15.555555555555555,5.141751827683928,True
15.555555555555555,5.695810810737687,True
15.555555555555555,6.309573444801936,True
15.555555555555555,6.989473207273487,True
15.555555555555555,7.742636826811269,True
15.555555555555555,8.576958985908945,True
15.555555555555555,9.50118507318144,True
15.555555555555555,10.525002852777327,True
15.555555555555555,11.659144011798324,True
15.555555555555555,12.91549665014884,True
15.555555555555555,14.307229891937586,True
15.555555555555555,15.848931924611142,True
15.555555555555555,17.556762912750013,True
15.555555555555555,19.448624389373634,True
15.555555555555555,21.544346900318846,True
15.555555555555555,23.865897868585808,True
15.555555555555555,26.437611857491014,True
15.555555555555555,29.286445646252375,True
15.555555555555555,32.4422607917163,True
15.555555555555555,35.938136638046295,True
15.555555555555555,39.810717055349734,True
15.555555555555555,44.100594541767364,True
15.555555555555555,48.852735715193916,True
15.555555555555555,54.116952654646376,True
15.555555555555555,59.948425031894146,True
15.555555555555555,66.40827850634845,True
15.555555555555555,73.56422544596414,True
15.555555555555555,81.49127469020749,True
15.555555555555555,90.27251779484578,True
15.555555555555555,100.0,True
15.777777777777777,0.01,True
15.777777777777777,0.011077568505097092,True
15.777777777777777,0.012271252398511897,True
15.777777777777777,0.013593563908785255,True
15.777777777777777,0.015058363542798407,True
15.777777777777777,0.016681005372000592,True
15.777777777777777,0.018478497974222907,True
15.777777777777777,0.02046968271807521,True
15.777777777777777,0.02267543125870802,True
15.777777777777777,0.025118864315095794,True
15.777777777777777,0.027825594022071243,True
15.777777777777777,0.030823992397451434,True
15.777777777777777,0.034145488738336005,True
15.777777777777777,0.037824899063893865,True
15.777777777777777,0.04190079105786669,True
15.777777777777777,0.046415888336127795,True
15.777777777777777,0.051417518276839276,True
15.777777777777777,0.056958108107376865,True
15.777777777777777,0.06309573444801933,True
15.777777777777777,0.06989473207273486,True
15.777777777777777,0.0774263682681127,True
15.777777777777777,0.08576958985908942,True
15.777777777777777,0.0950118507318144,True
15.777777777777777,0.10525002852777332,True
15.777777777777777,0.11659144011798317,True
15.777777777777777,0.1291549665014884,True
15.777777777777777,0.14307229891937578,True
15.777777777777777,0.15848931924611134,True
15.777777777777777,0.17556762912750015,True
15.777777777777777,0.19448624389373625,True
15.777777777777777,0.21544346900318845,True
15.777777777777777,0.2386589786858581,True
15.777777777777777,0.26437611857491,True
15.777777777777777,0.29286445646252374,True
15.777777777777777,0.324422607917163,True
15.777777777777777,0.35938136638046275,True
15.777777777777777,0.3981071705534973,True
15.777777777777777,0.44100594541767385,True
15.777777777777777,0.4885273571519389,True
15.777777777777777,0.5411695265464638,True
15.777777777777777,0.5994842503189411,True
15.777777777777777,0.6640827850634842,True
15.777777777777777,0.7356422544596414,True
15.777777777777777,0.8149127469020745,True
15.777777777777777,0.9027251779484579,True
15.777777777777777,1.0,True
15.777777777777777,1.1077568505097097,True
15.777777777777777,1.2271252398511903,True
15.777777777777777,1.3593563908785256,True
15.777777777777777,1.5058363542798414,True
15.777777777777777,1.6681005372000592,True
15.777777777777777,1.8478497974222907,True
15.777777777777777,2.046968271807522,True
15.777777777777777,2.267543125870802,True
15.777777777777777,2.5118864315095797,True
15.777777777777777,2.782559402207126,True
15.777777777777777,3.0823992397451434,True
15.777777777777777,3.414548873833601,True
15.777777777777777,3.782489906389386,True
15.777777777777777,4.190079105786669,True
15.777777777777777,4.641588833612782,True
15.777777777777777,5.141751827683928,True
15.777777777777777,5.695810810737687,True
15.777777777777777,6.309573444801936,True
15.777777777777777,6.989473207273487,True
15.777777777777777,7.742636826811269,True
15.777777777777777,8.576958985908945,True
15.777777777777777,9.50118507318144,True
15.777777777777777,10.525002852777327,True
15.777777777777777,11.659144011798324,True
15.777777777777777,12.91549665014884,True
15.777777777777777,14.307229891937586,True
15.777777777777777,15.848931924611142,True
15.777777777777777,17.556762912750013,True
15.777777777777777,19.448624389373634,True
15.777777777777777,21.544346900318846,True
15.777777777777777,23.865897868585808,True
15.777777777777777,26.437611857491014,True
15.777777777777777,29.286445646252375,True
15.777777777777777,32.4422607917163,True
15.777777777777777,35.938136638046295,True
15.777777777777777,39.810717055349734,True
15.777777777777777,44.100594541767364,True
15.777777777777777,48.852735715193916,True
15.777777777777777,54.116952654646376,True
15.777777777777777,59.948425031894146,True
15.777777777777777,66.40827850634845,True
15.777777777777777,73.56422544596414,True
15.777777777777777,81.49127469020749,True
15.777777777777777,90.27251779484578,True
15.777777777777777,100.0,True
16.0,0.01,True
16.0,0.011077568505097092,True
16.0,0.012271252398511897,True
16.0,0.013593563908785255,True
16.0,0.015058363542798407,True
16.0,0.016681005372000592,True
16.0,0.018478497974222907,True
16.0,0.02046968271807521,True
16.0,0.02267543125870802,True
16.0,0.025118864315095794,True
16.0,0.027825594022071243,True
16.0,0.030823992397451434,True
16.0,0.034145488738336005,True
16.0,0.037824899063893865,True
16.0,0.04190079105786669,True
16.0,0.046415888336127795,True
16.0,0.051417518276839276,True
16.0,0.056958108107376865,True
16.0,0.06309573444801933,True
16.0,0.06989473207273486,True
16.0,0.0774263682681127,True
16.0,0.08576958985908942,True
16.0,0.0950118507318144,True
16.0,0.10525002852777332,True
16.0,0.11659144011798317,True
16.0,0.1291549665014884,True
16.0,0.14307229891937578,True
16.0,0.15848931924611134,True
16.0,0.17556762912750015,True
16.0,0.19448624389373625,True
16.0,0.21544346900318845,True
16.0,0.2386589786858581,True
16.0,0.26437611857491,True
16.0,0.29286445646252374,True
16.0,0.324422607917163,True
16.0,0.35938136638046275,True
16.0,0.3981071705534973,True
16.0,0.44100594541767385,True
16.0,0.4885273571519389,True
16.0,0.5411695265464638,True
16.0,0.5994842503189411,True
16.0,0.6640827850634842,True
16.0,0.7356422544596414,True
16.0,0.8149127469020745,True
16.0,0.9027251779484579,True
16.0,1.0,True
16.0,1.1077568505097097,True
16.0,1.2271252398511903,True
16.0,1.3593563908785256,True
16.0,1.5058363542798414,True
16.0,1.6681005372000592,True
16.0,1.8478497974222907,True
16.0,2.046968271807522,True
16.0,2.267543125870802,True
16.0,2.5118864315095797,True
16.0,2.782559402207126,True
16.0,3.0823992397451434,True
16.0,3.414548873833601,True
16.0,3.782489906389386,True
16.0,4.190079105786669,True
16.0,4.641588833612782,True
16.0,5.141751827683928,True
16.0,5.695810810737687,True
16.0,6.309573444801936,True
16.0,6.989473207273487,True
16.0,7.742636826811269,True
16.0,8.576958985908945,True
16.0,9.50118507318144,True
16.0,10.525002852777327,True
16.0,11.659144011798324,True
16.0,12.91549665014884,True
16.0,14.307229891937586,True
16.0,15.848931924611142,True
16.0,17.556762912750013,True
16.0,19.448624389373634,True
16.0,21.544346900318846,True
16.0,23.865897868585808,True
16.0,26.437611857491014,True
16.0,29.286445646252375,True
16.0,32.4422607917163,True
16.0,35.938136638046295,True
16.0,39.810717055349734,True
16.0,44.100594541767364,True
16.0,48.852735715193916,True
16.0,54.116952654646376,True
16.0,59.948425031894146,True
16.0,66.40827850634845,True
16.0,73.56422544596414,True
16.0,81.49127469020749,True
16.0,90.27251779484578,True
16.0,100.0,True
16.22222222222222,0.01,True
16.22222222222222,0.011077568505097092,True
16.22222222222222,0.012271252398511897,True
16.22222222222222,0.013593563908785255,True
16.22222222222222,0.015058363542798407,True
16.22222222222222,0.016681005372000592,True
16.22222222222222,0.018478497974222907,True
16.22222222222222,0.02046968271807521,True
16.22222222222222,0.02267543125870802,True
16.22222222222222,0.025118864315095794,True
16.22222222222222,0.027825594022071243,True
16.22222222222222,0.030823992397451434,True
16.22222222222222,0.034145488738336005,True
16.22222222222222,0.037824899063893865,True
16.22222222222222,0.04190079105786669,True
16.22222222222222,0.046415888336127795,True
16.22222222222222,0.051417518276839276,True
16.22222222222222,0.056958108107376865,True
16.22222222222222,0.06309573444801933,True
16.22222222222222,0.06989473207273486,True
16.22222222222222,0.0774263682681127,True
16.22222222222222,0.08576958985908942,True
16.22222222222222,0.0950118507318144,True
16.22222222222222,0.10525002852777332,True
16.22222222222222,0.11659144011798317,True
16.22222222222222,0.1291549665014884,True
16.22222222222222,0.14307229891937578,True
16.22222222222222,0.15848931924611134,True
16.22222222222222,0.17556762912750015,True
16.22222222222222,0.19448624389373625,True
16.22222222222222,0.21544346900318845,True
16.22222222222222,0.2386589786858581,True
16.22222222222222,0.26437611857491,True
16.22222222222222,0.29286445646252374,True
16.22222222222222,0.324422607917163,True
16.22222222222222,0.35938136638046275,True
16.22222222222222,0.3981071705534973,True
16.22222222222222,0.44100594541767385,True
16.22222222222222,0.4885273571519389,True
16.22222222222222,0.5411695265464638,True
16.22222222222222,0.5994842503189411,True
16.22222222222222,0.6640827850634842,True
16.22222222222222,0.7356422544596414,True
16.22222222222222,0.8149127469020745,True
16.22222222222222,0.9027251779484579,True
16.22222222222222,1.0,True
16.22222222222222,1.1077568505097097,True
16.22222222222222,1.2271252398511903,True
16.22222222222222,1.3593563908785256,True
16.22222222222222,1.5058363542798414,True
16.22222222222222,1.6681005372000592,True
16.22222222222222,1.8478497974222907,True
16.22222222222222,2.046968271807522,True
16.22222222222222,2.267543125870802,True
16.22222222222222,2.5118864315095797,True
16.22222222222222,2.782559402207126,True
16.22222222222222,3.0823992397451434,True
16.22222222222222,3.414548873833601,True
16.22222222222222,3.782489906389386,True
16.22222222222222,4.190079105786669,True
16.22222222222222,4.641588833612782,True
16.22222222222222,5.141751827683928,True
16.22222222222222,5.695810810737687,True
16.22222222222222,6.309573444801936,True
16.22222222222222,6.989473207273487,True
16.22222222222222,7.742636826811269,True
16.22222222222222,8.576958985908945,True
16.22222222222222,9.50118507318144,True
16.22222222222222,10.525002852777327,True
16.22222222222222,11.659144011798324,True
16.22222222222222,12.91549665014884,True
16.22222222222222,14.307229891937586,True
16.22222222222222,15.848931924611142,True
16.22222222222222,17.556762912750013,True
16.22222222222222,19.448624389373634,True
16.22222222222222,21.544346900318846,True
16.22222222222222,23.865897868585808,True
16.22222222222222,26.437611857491014,True
16.22222222222222,29.286445646252375,True
16.22222222222222,32.4422607917163,True
16.22222222222222,35.938136638046295,True
16.22222222222222,39.810717055349734,True
16.22222222222222,44.100594541767364,True
16.22222222222222,48.852735715193916,True
16.22222222222222,54.116952654646376,True
16.22222222222222,59.948425031894146,True
16.22222222222222,66.40827850634845,True
16.22222222222222,73.56422544596414,True
16.22222222222222,81.49127469020749,True
16.22222222222222,90.27251779484578,True
16.22222222222222,100.0,True
16.444444444444443,0.01,True
16.444444444444443,0.011077568505097092,True
16.444444444444443,0.012271252398511897,True
16.444444444444443,0.013593563908785255,True
16.444444444444443,0.015058363542798407,True
16.444444444444443,0.016681005372000592,True
16.444444444444443,0.018478497974222907,True
16.444444444444443,0.02046968271807521,True
16.444444444444443,0.02267543125870802,True
16.444444444444443,0.025118864315095794,True
16.444444444444443,0.027825594022071243,True
16.444444444444443,0.030823992397451434,True
16.444444444444443,0.034145488738336005,True
16.444444444444443,0.037824899063893865,True
16.444444444444443,0.04190079105786669,True
16.444444444444443,0.046415888336127795,True
16.444444444444443,0.051417518276839276,True
16.444444444444443,0.056958108107376865,True
16.444444444444443,0.06309573444801933,True
16.444444444444443,0.06989473207273486,True
16.444444444444443,0.0774263682681127,True
16.444444444444443,0.08576958985908942,True
16.444444444444443,0.0950118507318144,True
16.444444444444443,0.10525002852777332,True
16.444444444444443,0.11659144011798317,True
16.444444444444443,0.1291549665014884,True
16.444444444444443,0.14307229891937578,True
16.444444444444443,0.15848931924611134,True
16.444444444444443,0.17556762912750015,True
16.444444444444443,0.19448624389373625,True
16.444444444444443,0.21544346900318845,True
16.444444444444443,0.2386589786858581,True
16.444444444444443,0.26437611857491,True
16.444444444444443,0.29286445646252374,True
16.444444444444443,0.324422607917163,True
16.444444444444443,0.35938136638046275,True
16.444444444444443,0.3981071705534973,True
16.444444444444443,0.44100594541767385,True
16.444444444444443,0.4885273571519389,True
16.444444444444443,0.5411695265464638,True
16.444444444444443,0.5994842503189411,True
16.444444444444443,0.6640827850634842,True
16.444444444444443,0.7356422544596414,True
16.444444444444443,0.8149127469020745,True
16.444444444444443,0.9027251779484579,True
16.444444444444443,1.0,True
16.444444444444443,1.1077568505097097,True
16.444444444444443,1.2271252398511903,True
16.444444444444443,1.3593563908785256,True
16.444444444444443,1.5058363542798414,True
16.444444444444443,1.6681005372000592,True
16.444444444444443,1.8478497974222907,True
16.444444444444443,2.046968271807522,True
16.444444444444443,2.267543125870802,True
16.444444444444443,2.5118864315095797,True
16.444444444444443,2.782559402207126,True
16.444444444444443,3.0823992397451434,True
16.444444444444443,3.414548873833601,True
16.444444444444443,3.782489906389386,True
16.444444444444443,4.190079105786669,True
16.444444444444443,4.641588833612782,True
16.444444444444443,5.141751827683928,True
16.444444444444443,5.695810810737687,True
16.444444444444443,6.309573444801936,True
16.444444444444443,6.989473207273487,True
16.444444444444443,7.742636826811269,True
16.444444444444443,8.576958985908945,True
16.444444444444443,9.50118507318144,True
16.444444444444443,10.525002852777327,True
16.444444444444443,11.659144011798324,True
16.444444444444443,12.91549665014884,True
16.444444444444443,14.307229891937586,True
16.444444444444443,15.848931924611142,True
16.444444444444443,17.556762912750013,True
16.444444444444443,19.448624389373634,True
16.444444444444443,21.544346900318846,True
16.444444444444443,23.865897868585808,True
16.444444444444443,26.437611857491014,True
16.444444444444443,29.286445646252375,True
16.444444444444443,32.4422607917163,True
16.444444444444443,35.938136638046295,True
16.444444444444443,39.810717055349734,True
16.444444444444443,44.100594541767364,True
16.444444444444443,48.852735715193916,True
16.444444444444443,54.116952654646376,True
16.444444444444443,59.948425031894146,True
16.444444444444443,66.40827850634845,True
16.444444444444443,73.56422544596414,True
16.444444444444443,81.49127469020749,True
16.444444444444443,90.27251779484578,True
16.444444444444443,100.0,True
16.666666666666664,0.01,True
16.666666666666664,0.011077568505097092,True
16.666666666666664,0.012271252398511897,True
16.666666666666664,0.013593563908785255,True
16.666666666666664,0.015058363542798407,True
16.666666666666664,0.016681005372000592,True
16.666666666666664,0.018478497974222907,True
16.666666666666664,0.02046968271807521,True
16.666666666666664,0.02267543125870802,True
16.666666666666664,0.025118864315095794,True
16.666666666666664,0.027825594022071243,True
16.666666666666664,0.030823992397451434,True
16.666666666666664,0.034145488738336005,True
16.666666666666664,0.037824899063893865,True
16.666666666666664,0.04190079105786669,True
16.666666666666664,0.046415888336127795,True
16.666666666666664,0.051417518276839276,True
16.666666666666664,0.056958108107376865,True
16.666666666666664,0.06309573444801933,True
16.666666666666664,0.06989473207273486,True
16.666666666666664,0.0774263682681127,True
16.666666666666664,0.08576958985908942,True
16.666666666666664,0.0950118507318144,True
16.666666666666664,0.10525002852777332,True
16.666666666666664,0.11659144011798317,True
16.666666666666664,0.1291549665014884,True
16.666666666666664,0.14307229891937578,True
16.666666666666664,0.15848931924611134,True
16.666666666666664,0.17556762912750015,True
16.666666666666664,0.19448624389373625,True
16.666666666666664,0.21544346900318845,True
16.666666666666664,0.2386589786858581,True
16.666666666666664,0.26437611857491,True
16.666666666666664,0.29286445646252374,True
16.666666666666664,0.324422607917163,True
16.666666666666664,0.35938136638046275,True
16.666666666666664,0.3981071705534973,True
16.666666666666664,0.44100594541767385,True
16.666666666666664,0.4885273571519389,True
16.666666666666664,0.5411695265464638,True
16.666666666666664,0.5994842503189411,True
16.666666666666664,0.6640827850634842,True
16.666666666666664,0.7356422544596414,True
16.666666666666664,0.8149127469020745,True
16.666666666666664,0.9027251779484579,True
16.666666666666664,1.0,True
16.666666666666664,1.1077568505097097,True
16.666666666666664,1.2271252398511903,True
16.666666666666664,1.3593563908785256,True
16.666666666666664,1.5058363542798414,True
16.666666666666664,1.6681005372000592,True
16.666666666666664,1.8478497974222907,True
16.666666666666664,2.046968271807522,True
16.666666666666664,2.267543125870802,True
16.666666666666664,2.5118864315095797,True
16.666666666666664,2.782559402207126,True
16.666666666666664,3.0823992397451434,True
16.666666666666664,3.414548873833601,True
16.666666666666664,3.782489906389386,True
16.666666666666664,4.190079105786669,True
16.666666666666664,4.641588833612782,True
16.666666666666664,5.141751827683928,True
16.666666666666664,5.695810810737687,True
16.666666666666664,6.309573444801936,True
16.666666666666664,6.989473207273487,True
16.666666666666664,7.742636826811269,True
16.666666666666664,8.576958985908945,True
16.666666666666664,9.50118507318144,True
16.666666666666664,10.525002852777327,True
16.666666666666664,11.659144011798324,True
16.666666666666664,12.91549665014884,True
16.666666666666664,14.307229891937586,True
16.666666666666664,15.848931924611142,True
16.666666666666664,17.556762912750013,True
16.666666666666664,19.448624389373634,True
16.666666666666664,21.544346900318846,True
16.666666666666664,23.865897868585808,True
16.666666666666664,26.437611857491014,True
16.666666666666664,29.286445646252375,True
16.666666666666664,32.4422607917163,True
16.666666666666664,35.938136638046295,True
16.666666666666664,39.810717055349734,True
16.666666666666664,44.100594541767364,True
16.666666666666664,48.852735715193916,True
16.666666666666664,54.116952654646376,True
16.666666666666664,59.948425031894146,True
16.666666666666664,66.40827850634845,True
16.666666666666664,73.56422544596414,True
16.666666666666664,81.49127469020749,True
16.666666666666664,90.27251779484578,True
16.666666666666664,100.0,True
16.88888888888889,0.01,True
16.88888888888889,0.011077568505097092,True
16.88888888888889,0.012271252398511897,True
16.88888888888889,0.013593563908785255,True
16.88888888888889,0.015058363542798407,True
16.88888888888889,0.016681005372000592,True
16.88888888888889,0.018478497974222907,True
16.88888888888889,0.02046968271807521,True
16.88888888888889,0.02267543125870802,True
16.88888888888889,0.025118864315095794,True
16.88888888888889,0.027825594022071243,True
16.88888888888889,0.030823992397451434,True
16.88888888888889,0.034145488738336005,True
16.88888888888889,0.037824899063893865,True
16.88888888888889,0.04190079105786669,True
16.88888888888889,0.046415888336127795,True
16.88888888888889,0.051417518276839276,True
16.88888888888889,0.056958108107376865,True
16.88888888888889,0.06309573444801933,True
16.88888888888889,0.06989473207273486,True
16.88888888888889,0.0774263682681127,True
16.88888888888889,0.08576958985908942,True
16.88888888888889,0.0950118507318144,True
16.88888888888889,0.10525002852777332,True
16.88888888888889,0.11659144011798317,True
16.88888888888889,0.1291549665014884,True
16.88888888888889,0.14307229891937578,True
16.88888888888889,0.15848931924611134,True
16.88888888888889,0.17556762912750015,True
16.88888888888889,0.19448624389373625,True
16.88888888888889,0.21544346900318845,True
16.88888888888889,0.2386589786858581,True
16.88888888888889,0.26437611857491,True
16.88888888888889,0.29286445646252374,True
16.88888888888889,0.324422607917163,True
16.88888888888889,0.35938136638046275,True
16.88888888888889,0.3981071705534973,True
16.88888888888889,0.44100594541767385,True
16.88888888888889,0.4885273571519389,True
16.88888888888889,0.5411695265464638,True
16.88888888888889,0.5994842503189411,True
16.88888888888889,0.6640827850634842,True
16.88888888888889,0.7356422544596414,True
16.88888888888889,0.8149127469020745,True
16.88888888888889,0.9027251779484579,True
16.88888888888889,1.0,True
16.88888888888889,1.1077568505097097,True
16.88888888888889,1.2271252398511903,True
16.88888888888889,1.3593563908785256,True
16.88888888888889,1.5058363542798414,True
16.88888888888889,1.6681005372000592,True
16.88888888888889,1.8478497974222907,True
16.88888888888889,2.046968271807522,True
16.88888888888889,2.267543125870802,True
16.88888888888889,2.5118864315095797,True
16.88888888888889,2.782559402207126,True
16.88888888888889,3.0823992397451434,True
16.88888888888889,3.414548873833601,True
16.88888888888889,3.782489906389386,True
16.88888888888889,4.190079105786669,True
16.88888888888889,4.641588833612782,True
16.88888888888889,5.141751827683928,True
16.88888888888889,5.695810810737687,True
16.88888888888889,6.309573444801936,True
16.88888888888889,6.989473207273487,True
16.88888888888889,7.742636826811269,True
16.88888888888889,8.576958985908945,True
16.88888888888889,9.50118507318144,True
16.88888888888889,10.525002852777327,True
16.88888888888889,11.659144011798324,True
16.88888888888889,12.91549665014884,True
16.88888888888889,14.307229891937586,True
16.88888888888889,15.848931924611142,True
16.88888888888889,17.556762912750013,True
16.88888888888889,19.448624389373634,True
16.88888888888889,21.544346900318846,True
16.88888888888889,23.865897868585808,True
16.88888888888889,26.437611857491014,True
16.88888888888889,29.286445646252375,True
16.88888888888889,32.4422607917163,True
16.88888888888889,35.938136638046295,True
16.88888888888889,39.810717055349734,True
16.88888888888889,44.100594541767364,True
16.88888888888889,48.852735715193916,True
16.88888888888889,54.116952654646376,True
16.88888888888889,59.948425031894146,True
16.88888888888889,66.40827850634845,True
16.88888888888889,73.56422544596414,True
16.88888888888889,81.49127469020749,True
16.88888888888889,90.27251779484578,True
16.88888888888889,100.0,True
17.11111111111111,0.01,True
17.11111111111111,0.011077568505097092,True
17.11111111111111,0.012271252398511897,True
17.11111111111111,0.013593563908785255,True
17.11111111111111,0.015058363542798407,True
17.11111111111111,0.016681005372000592,True
17.11111111111111,0.018478497974222907,True
17.11111111111111,0.02046968271807521,True
17.11111111111111,0.02267543125870802,True
17.11111111111111,0.025118864315095794,True
17.11111111111111,0.027825594022071243,True
17.11111111111111,0.030823992397451434,True
17.11111111111111,0.034145488738336005,True
17.11111111111111,0.037824899063893865,True
17.11111111111111,0.04190079105786669,True
17.11111111111111,0.046415888336127795,True
17.11111111111111,0.051417518276839276,True
17.11111111111111,0.056958108107376865,True
17.11111111111111,0.06309573444801933,True
17.11111111111111,0.06989473207273486,True
17.11111111111111,0.0774263682681127,True
17.11111111111111,0.08576958985908942,True
17.11111111111111,0.0950118507318144,True
17.11111111111111,0.10525002852777332,True
17.11111111111111,0.11659144011798317,True
17.11111111111111,0.1291549665014884,True
17.11111111111111,0.14307229891937578,True
17.11111111111111,0.15848931924611134,True
17.11111111111111,0.17556762912750015,True
17.11111111111111,0.19448624389373625,True
17.11111111111111,0.21544346900318845,True
17.11111111111111,0.2386589786858581,True
17.11111111111111,0.26437611857491,True
17.11111111111111,0.29286445646252374,True
17.11111111111111,0.324422607917163,True
17.11111111111111,0.35938136638046275,True
17.11111111111111,0.3981071705534973,True
17.11111111111111,0.44100594541767385,True
17.11111111111111,0.4885273571519389,True
17.11111111111111,0.5411695265464638,True
17.11111111111111,0.5994842503189411,True
17.11111111111111,0.6640827850634842,True
17.11111111111111,0.7356422544596414,True
17.11111111111111,0.8149127469020745,True
17.11111111111111,0.9027251779484579,True
17.11111111111111,1.0,True
17.11111111111111,1.1077568505097097,True
17.11111111111111,1.2271252398511903,True
17.11111111111111,1.3593563908785256,True
17.11111111111111,1.5058363542798414,True
17.11111111111111,1.6681005372000592,True
17.11111111111111,1.8478497974222907,True
17.11111111111111,2.046968271807522,True
17.11111111111111,2.267543125870802,True
17.11111111111111,2.5118864315095797,True
17.11111111111111,2.782559402207126,True
17.11111111111111,3.0823992397451434,True
17.11111111111111,3.414548873833601,True
17.11111111111111,3.782489906389386,True
17.11111111111111,4.190079105786669,True
17.11111111111111,4.641588833612782,True
17.11111111111111,5.141751827683928,True
17.11111111111111,5.695810810737687,True
17.11111111111111,6.309573444801936,True
17.11111111111111,6.989473207273487,True
17.11111111111111,7.742636826811269,True
17.11111111111111,8.576958985908945,True
17.11111111111111,9.50118507318144,True
17.11111111111111,10.525002852777327,True
17.11111111111111,11.659144011798324,True
17.11111111111111,12.91549665014884,True
17.11111111111111,14.307229891937586,True
17.11111111111111,15.848931924611142,True
17.11111111111111,17.556762912750013,True
17.11111111111111,19.448624389373634,True
17.11111111111111,21.544346900318846,True
17.11111111111111,23.865897868585808,True
17.11111111111111,26.437611857491014,True
17.11111111111111,29.286445646252375,True
17.11111111111111,32.4422607917163,True
17.11111111111111,35.938136638046295,True
17.11111111111111,39.810717055349734,True
17.11111111111111,44.100594541767364,True
17.11111111111111,48.852735715193916,True
17.11111111111111,54.116952654646376,True
17.11111111111111,59.948425031894146,True
17.11111111111111,66.40827850634845,True
17.11111111111111,73.56422544596414,True
17.11111111111111,81.49127469020749,True
17.11111111111111,90.27251779484578,True
17.11111111111111,100.0,True
17.333333333333332,0.01,True
17.333333333333332,0.011077568505097092,True
17.333333333333332,0.012271252398511897,True
17.333333333333332,0.013593563908785255,True
17.333333333333332,0.015058363542798407,True
17.333333333333332,0.016681005372000592,True
17.333333333333332,0.018478497974222907,True
17.333333333333332,0.02046968271807521,True
17.333333333333332,0.02267543125870802,True
17.333333333333332,0.025118864315095794,True
17.333333333333332,0.027825594022071243,True
17.333333333333332,0.030823992397451434,True
17.333333333333332,0.034145488738336005,True
17.333333333333332,0.037824899063893865,True
17.333333333333332,0.04190079105786669,True
17.333333333333332,0.046415888336127795,True
17.333333333333332,0.051417518276839276,True
17.333333333333332,0.056958108107376865,True
17.333333333333332,0.06309573444801933,True
17.333333333333332,0.06989473207273486,True
17.333333333333332,0.0774263682681127,True
17.333333333333332,0.08576958985908942,True
17.333333333333332,0.0950118507318144,True
17.333333333333332,0.10525002852777332,True
17.333333333333332,0.11659144011798317,True
17.333333333333332,0.1291549665014884,True
17.333333333333332,0.14307229891937578,True
17.333333333333332,0.15848931924611134,True
17.333333333333332,0.17556762912750015,True
17.333333333333332,0.19448624389373625,True
17.333333333333332,0.21544346900318845,True
17.333333333333332,0.2386589786858581,True
17.333333333333332,0.26437611857491,True
17.333333333333332,0.29286445646252374,True
17.333333333333332,0.324422607917163,True
17.333333333333332,0.35938136638046275,True
17.333333333333332,0.3981071705534973,True
17.333333333333332,0.44100594541767385,True
17.333333333333332,0.4885273571519389,True
17.333333333333332,0.5411695265464638,True
17.333333333333332,0.5994842503189411,True
17.333333333333332,0.6640827850634842,True
17.333333333333332,0.7356422544596414,True
17.333333333333332,0.8149127469020745,True
17.333333333333332,0.9027251779484579,True
17.333333333333332,1.0,True
17.333333333333332,1.1077568505097097,True
17.333333333333332,1.2271252398511903,True
17.333333333333332,1.3593563908785256,True
17.333333333333332,1.5058363542798414,True
17.333333333333332,1.6681005372000592,True
17.333333333333332,1.8478497974222907,True
17.333333333333332,2.046968271807522,True
17.333333333333332,2.267543125870802,True
17.333333333333332,2.5118864315095797,True
17.333333333333332,2.782559402207126,True
17.333333333333332,3.0823992397451434,True
17.333333333333332,3.414548873833601,True
17.333333333333332,3.782489906389386,True
17.333333333333332,4.190079105786669,True
17.333333333333332,4.641588833612782,True
17.333333333333332,5.141751827683928,True
17.333333333333332,5.695810810737687,True
17.333333333333332,6.309573444801936,True
17.333333333333332,6.989473207273487,True
17.333333333333332,7.742636826811269,True
17.333333333333332,8.576958985908945,True
17.333333333333332,9.50118507318144,True
17.333333333333332,10.525002852777327,True
17.333333333333332,11.659144011798324,True
17.333333333333332,12.91549665014884,True
17.333333333333332,14.307229891937586,True
17.333333333333332,15.848931924611142,True
17.333333333333332,17.556762912750013,True
17.333333333333332,19.448624389373634,True
17.333333333333332,21.544346900318846,True
17.333333333333332,23.865897868585808,True
17.333333333333332,26.437611857491014,True
17.333333333333332,29.286445646252375,True
17.333333333333332,32.4422607917163,True
17.333333333333332,35.938136638046295,True
17.333333333333332,39.810717055349734,True
17.333333333333332,44.100594541767364,True
17.333333333333332,48.852735715193916,True
17.333333333333332,54.116952654646376,True
17.333333333333332,59.948425031894146,True
17.333333333333332,66.40827850634845,True
17.333333333333332,73.56422544596414,True
17.333333333333332,81.49127469020749,True
17.333333333333332,90.27251779484578,True
17.333333333333332,100.0,True
17.555555555555554,0.01,True
17.555555555555554,0.011077568505097092,True
17.555555555555554,0.012271252398511897,True
17.555555555555554,0.013593563908785255,True
17.555555555555554,0.015058363542798407,True
17.555555555555554,0.016681005372000592,True
17.555555555555554,0.018478497974222907,True
17.555555555555554,0.02046968271807521,True
17.555555555555554,0.02267543125870802,True
17.555555555555554,0.025118864315095794,True
17.555555555555554,0.027825594022071243,True
17.555555555555554,0.030823992397451434,True
17.555555555555554,0.034145488738336005,True
17.555555555555554,0.037824899063893865,True
17.555555555555554,0.04190079105786669,True
17.555555555555554,0.046415888336127795,True
17.555555555555554,0.051417518276839276,True
17.555555555555554,0.056958108107376865,True
17.555555555555554,0.06309573444801933,True
17.555555555555554,0.06989473207273486,True
17.555555555555554,0.0774263682681127,True
17.555555555555554,0.08576958985908942,True
17.555555555555554,0.0950118507318144,True
17.555555555555554,0.10525002852777332,True
17.555555555555554,0.11659144011798317,True
17.555555555555554,0.1291549665014884,True
17.555555555555554,0.14307229891937578,True
17.555555555555554,0.15848931924611134,True
17.555555555555554,0.17556762912750015,True
17.555555555555554,0.19448624389373625,True
17.555555555555554,0.21544346900318845,True
17.555555555555554,0.2386589786858581,True
17.555555555555554,0.26437611857491,True
17.555555555555554,0.29286445646252374,True
17.555555555555554,0.324422607917163,True
17.555555555555554,0.35938136638046275,True
17.555555555555554,0.3981071705534973,True
17.555555555555554,0.44100594541767385,True
17.555555555555554,0.4885273571519389,True
17.555555555555554,0.5411695265464638,True
17.555555555555554,0.5994842503189411,True
17.555555555555554,0.6640827850634842,True
17.555555555555554,0.7356422544596414,True
17.555555555555554,0.8149127469020745,True
17.555555555555554,0.9027251779484579,True
17.555555555555554,1.0,True
17.555555555555554,1.1077568505097097,True
17.555555555555554,1.2271252398511903,True
17.555555555555554,1.3593563908785256,True
17.555555555555554,1.5058363542798414,True
17.555555555555554,1.6681005372000592,True
17.555555555555554,1.8478497974222907,True
17.555555555555554,2.046968271807522,True
17.555555555555554,2.267543125870802,True
17.555555555555554,2.5118864315095797,True
17.555555555555554,2.782559402207126,True
17.555555555555554,3.0823992397451434,True
17.555555555555554,3.414548873833601,True
17.555555555555554,3.782489906389386,True
17.555555555555554,4.190079105786669,True
17.555555555555554,4.641588833612782,True
17.555555555555554,5.141751827683928,True
17.555555555555554,5.695810810737687,True
17.555555555555554,6.309573444801936,True
17.555555555555554,6.989473207273487,True
17.555555555555554,7.742636826811269,True
17.555555555555554,8.576958985908945,True
17.555555555555554,9.50118507318144,True
17.555555555555554,10.525002852777327,True
17.555555555555554,11.659144011798324,True
17.555555555555554,12.91549665014884,True
17.555555555555554,14.307229891937586,True
17.555555555555554,15.848931924611142,True
17.555555555555554,17.556762912750013,True
17.555555555555554,19.448624389373634,True
17.555555555555554,21.544346900318846,True
17.555555555555554,23.865897868585808,True
17.555555555555554,26.437611857491014,True
17.555555555555554,29.286445646252375,True
17.555555555555554,32.4422607917163,True
17.555555555555554,35.938136638046295,True
17.555555555555554,39.810717055349734,True
17.555555555555554,44.100594541767364,True
17.555555555555554,48.852735715193916,True
17.555555555555554,54.116952654646376,True
17.555555555555554,59.948425031894146,True
17.555555555555554,66.40827850634845,True
17.555555555555554,73.56422544596414,True
17.555555555555554,81.49127469020749,True
17.555555555555554,90.27251779484578,True
17.555555555555554,100.0,True
17.77777777777778,0.01,True
17.77777777777778,0.011077568505097092,True
17.77777777777778,0.012271252398511897,True
17.77777777777778,0.013593563908785255,True
17.77777777777778,0.015058363542798407,True
17.77777777777778,0.016681005372000592,True
17.77777777777778,0.018478497974222907,True
17.77777777777778,0.02046968271807521,True
17.77777777777778,0.02267543125870802,True
17.77777777777778,0.025118864315095794,True
17.77777777777778,0.027825594022071243,True
17.77777777777778,0.030823992397451434,True
17.77777777777778,0.034145488738336005,True
17.77777777777778,0.037824899063893865,True
17.77777777777778,0.04190079105786669,True
17.77777777777778,0.046415888336127795,True
17.77777777777778,0.051417518276839276,True
17.77777777777778,0.056958108107376865,True
17.77777777777778,0.06309573444801933,True
17.77777777777778,0.06989473207273486,True
17.77777777777778,0.0774263682681127,True
17.77777777777778,0.08576958985908942,True
17.77777777777778,0.0950118507318144,True
17.77777777777778,0.10525002852777332,True
17.77777777777778,0.11659144011798317,True
17.77777777777778,0.1291549665014884,True
17.77777777777778,0.14307229891937578,True
17.77777777777778,0.15848931924611134,True
17.77777777777778,0.17556762912750015,True
17.77777777777778,0.19448624389373625,True
17.77777777777778,0.21544346900318845,True
17.77777777777778,0.2386589786858581,True
17.77777777777778,0.26437611857491,True
17.77777777777778,0.29286445646252374,True
17.77777777777778,0.324422607917163,True
17.77777777777778,0.35938136638046275,True
17.77777777777778,0.3981071705534973,True
17.77777777777778,0.44100594541767385,True
17.77777777777778,0.4885273571519389,True
17.77777777777778,0.5411695265464638,True
17.77777777777778,0.5994842503189411,True
17.77777777777778,0.6640827850634842,True
17.77777777777778,0.7356422544596414,True
17.77777777777778,0.8149127469020745,True
17.77777777777778,0.9027251779484579,True
17.77777777777778,1.0,True
17.77777777777778,1.1077568505097097,True
17.77777777777778,1.2271252398511903,True
17.77777777777778,1.3593563908785256,True
17.77777777777778,1.5058363542798414,True
17.77777777777778,1.6681005372000592,True
17.77777777777778,1.8478497974222907,True
17.77777777777778,2.046968271807522,True
17.77777777777778,2.267543125870802,True
17.77777777777778,2.5118864315095797,True
17.77777777777778,2.782559402207126,True
17.77777777777778,3.0823992397451434,True
17.77777777777778,3.414548873833601,True
17.77777777777778,3.782489906389386,True
17.77777777777778,4.190079105786669,True
17.77777777777778,4.641588833612782,True
17.77777777777778,5.141751827683928,True
17.77777777777778,5.695810810737687,True
17.77777777777778,6.309573444801936,True
17.77777777777778,6.989473207273487,True
17.77777777777778,7.742636826811269,True
17.77777777777778,8.576958985908945,True
17.77777777777778,9.50118507318144,True
17.77777777777778,10.525002852777327,True
17.77777777777778,11.659144011798324,True
17.77777777777778,12.91549665014884,True
17.77777777777778,14.307229891937586,True
17.77777777777778,15.848931924611142,True
17.77777777777778,17.556762912750013,True
17.77777777777778,19.448624389373634,True
17.77777777777778,21.544346900318846,True
17.77777777777778,23.865897868585808,True
17.77777777777778,26.437611857491014,True
17.77777777777778,29.286445646252375,True
17.77777777777778,32.4422607917163,True
17.77777777777778,35.938136638046295,True
17.77777777777778,39.810717055349734,True
17.77777777777778,44.100594541767364,True
17.77777777777778,48.852735715193916,True
17.77777777777778,54.116952654646376,True
17.77777777777778,59.948425031894146,True
17.77777777777778,66.40827850634845,True
17.77777777777778,73.56422544596414,True
17.77777777777778,81.49127469020749,True
17.77777777777778,90.27251779484578,True
17.77777777777778,100.0,True
18.0,0.01,True
18.0,0.011077568505097092,True
18.0,0.012271252398511897,True
18.0,0.013593563908785255,True
18.0,0.015058363542798407,True
18.0,0.016681005372000592,True
18.0,0.018478497974222907,True
18.0,0.02046968271807521,True
18.0,0.02267543125870802,True
18.0,0.025118864315095794,True
18.0,0.027825594022071243,True
18.0,0.030823992397451434,True
18.0,0.034145488738336005,True
18.0,0.037824899063893865,True
18.0,0.04190079105786669,True
18.0,0.046415888336127795,True
18.0,0.051417518276839276,True
18.0,0.056958108107376865,True
18.0,0.06309573444801933,True
18.0,0.06989473207273486,True
18.0,0.0774263682681127,True
18.0,0.08576958985908942,True
18.0,0.0950118507318144,True
18.0,0.10525002852777332,True
18.0,0.11659144011798317,True
18.0,0.1291549665014884,True
18.0,0.14307229891937578,True
18.0,0.15848931924611134,True
18.0,0.17556762912750015,True
18.0,0.19448624389373625,True
18.0,0.21544346900318845,True
18.0,0.2386589786858581,True
18.0,0.26437611857491,True
18.0,0.29286445646252374,True
18.0,0.324422607917163,True
18.0,0.35938136638046275,True
18.0,0.3981071705534973,True
18.0,0.44100594541767385,True
18.0,0.4885273571519389,True
18.0,0.5411695265464638,True
18.0,0.5994842503189411,True
18.0,0.6640827850634842,True
18.0,0.7356422544596414,True
18.0,0.8149127469020745,True
18.0,0.9027251779484579,True
18.0,1.0,True
18.0,1.1077568505097097,True
18.0,1.2271252398511903,True
18.0,1.3593563908785256,True
18.0,1.5058363542798414,True
18.0,1.6681005372000592,True
18.0,1.8478497974222907,True
18.0,2.046968271807522,True
18.0,2.267543125870802,True
18.0,2.5118864315095797,True
18.0,2.782559402207126,True
18.0,3.0823992397451434,True
18.0,3.414548873833601,True
18.0,3.782489906389386,True
18.0,4.190079105786669,True
18.0,4.641588833612782,True
18.0,5.141751827683928,True
18.0,5.695810810737687,True
18.0,6.309573444801936,True
18.0,6.989473207273487,True
18.0,7.742636826811269,True
18.0,8.576958985908945,True
18.0,9.50118507318144,True
18.0,10.525002852777327,True
18.0,11.659144011798324,True
18.0,12.91549665014884,True
18.0,14.307229891937586,True
18.0,15.848931924611142,True
18.0,17.556762912750013,True
18.0,19.448624389373634,True
18.0,21.544346900318846,True
18.0,23.865897868585808,True
18.0,26.437611857491014,True
18.0,29.286445646252375,True
18.0,32.4422607917163,True
18.0,35.938136638046295,True
18.0,39.810717055349734,True
18.0,44.100594541767364,True
18.0,48.852735715193916,True
18.0,54.116952654646376,True
18.0,59.948425031894146,True
18.0,66.40827850634845,True
18.0,73.56422544596414,True
18.0,81.49127469020749,True
18.0,90.27251779484578,True
18.0,100.0,True
18.22222222222222,0.01,True
18.22222222222222,0.011077568505097092,True
18.22222222222222,0.012271252398511897,True
18.22222222222222,0.013593563908785255,True
18.22222222222222,0.015058363542798407,True
18.22222222222222,0.016681005372000592,True
18.22222222222222,0.018478497974222907,True
18.22222222222222,0.02046968271807521,True
18.22222222222222,0.02267543125870802,True
18.22222222222222,0.025118864315095794,True
18.22222222222222,0.027825594022071243,True
18.22222222222222,0.030823992397451434,True
18.22222222222222,0.034145488738336005,True
18.22222222222222,0.037824899063893865,True
18.22222222222222,0.04190079105786669,True
18.22222222222222,0.046415888336127795,True
18.22222222222222,0.051417518276839276,True
18.22222222222222,0.056958108107376865,True
18.22222222222222,0.06309573444801933,True
18.22222222222222,0.06989473207273486,True
18.22222222222222,0.0774263682681127,True
18.22222222222222,0.08576958985908942,True
18.22222222222222,0.0950118507318144,True
18.22222222222222,0.10525002852777332,True
18.22222222222222,0.11659144011798317,True
18.22222222222222,0.1291549665014884,True
18.22222222222222,0.14307229891937578,True
18.22222222222222,0.15848931924611134,True
18.22222222222222,0.17556762912750015,True
18.22222222222222,0.19448624389373625,True
18.22222222222222,0.21544346900318845,True
18.22222222222222,0.2386589786858581,True
18.22222222222222,0.26437611857491,True
18.22222222222222,0.29286445646252374,True
18.22222222222222,0.324422607917163,True
18.22222222222222,0.35938136638046275,True
18.22222222222222,0.3981071705534973,True
18.22222222222222,0.44100594541767385,True
18.22222222222222,0.4885273571519389,True
18.22222222222222,0.5411695265464638,True
18.22222222222222,0.5994842503189411,True
18.22222222222222,0.6640827850634842,True
18.22222222222222,0.7356422544596414,True
18.22222222222222,0.8149127469020745,True
18.22222222222222,0.9027251779484579,True
18.22222222222222,1.0,True
18.22222222222222,1.1077568505097097,True
18.22222222222222,1.2271252398511903,True
18.22222222222222,1.3593563908785256,True
18.22222222222222,1.5058363542798414,True
18.22222222222222,1.6681005372000592,True
18.22222222222222,1.8478497974222907,True
18.22222222222222,2.046968271807522,True
18.22222222222222,2.267543125870802,True
18.22222222222222,2.5118864315095797,True
18.22222222222222,2.782559402207126,True
18.22222222222222,3.0823992397451434,True
18.22222222222222,3.414548873833601,True
18.22222222222222,3.782489906389386,True
18.22222222222222,4.190079105786669,True
18.22222222222222,4.641588833612782,True
18.22222222222222,5.141751827683928,True
18.22222222222222,5.695810810737687,True
18.22222222222222,6.309573444801936,True
18.22222222222222,6.989473207273487,True
18.22222222222222,7.742636826811269,True
18.22222222222222,8.576958985908945,True
18.22222222222222,9.50118507318144,True
18.22222222222222,10.525002852777327,True
18.22222222222222,11.659144011798324,True
18.22222222222222,12.91549665014884,True
18.22222222222222,14.307229891937586,True
18.22222222222222,15.848931924611142,True
18.22222222222222,17.556762912750013,True
18.22222222222222,19.448624389373634,True
18.22222222222222,21.544346900318846,True
18.22222222222222,23.865897868585808,True
18.22222222222222,26.437611857491014,True
18.22222222222222,29.286445646252375,True
18.22222222222222,32.4422607917163,True
18.22222222222222,35.938136638046295,True
18.22222222222222,39.810717055349734,True
18.22222222222222,44.100594541767364,True
18.22222222222222,48.852735715193916,True
18.22222222222222,54.116952654646376,True
18.22222222222222,59.948425031894146,True
18.22222222222222,66.40827850634845,True
18.22222222222222,73.56422544596414,True
18.22222222222222,81.49127469020749,True
18.22222222222222,90.27251779484578,True
18.22222222222222,100.0,True
18.444444444444443,0.01,True
18.444444444444443,0.011077568505097092,True
18.444444444444443,0.012271252398511897,True
18.444444444444443,0.013593563908785255,True
18.444444444444443,0.015058363542798407,True
18.444444444444443,0.016681005372000592,True
18.444444444444443,0.018478497974222907,True
18.444444444444443,0.02046968271807521,True
18.444444444444443,0.02267543125870802,True
18.444444444444443,0.025118864315095794,True
18.444444444444443,0.027825594022071243,True
18.444444444444443,0.030823992397451434,True
18.444444444444443,0.034145488738336005,True
18.444444444444443,0.037824899063893865,True
18.444444444444443,0.04190079105786669,True
18.444444444444443,0.046415888336127795,True
18.444444444444443,0.051417518276839276,True
18.444444444444443,0.056958108107376865,True
18.444444444444443,0.06309573444801933,True
18.444444444444443,0.06989473207273486,True
18.444444444444443,0.0774263682681127,True
18.444444444444443,0.08576958985908942,True
18.444444444444443,0.0950118507318144,True
18.444444444444443,0.10525002852777332,True
18.444444444444443,0.11659144011798317,True
18.444444444444443,0.1291549665014884,True
18.444444444444443,0.14307229891937578,True
18.444444444444443,0.15848931924611134,True
18.444444444444443,0.17556762912750015,True
18.444444444444443,0.19448624389373625,True
18.444444444444443,0.21544346900318845,True
18.444444444444443,0.2386589786858581,True
18.444444444444443,0.26437611857491,True
18.444444444444443,0.29286445646252374,True
18.444444444444443,0.324422607917163,True
18.444444444444443,0.35938136638046275,True
18.444444444444443,0.3981071705534973,True
18.444444444444443,0.44100594541767385,True
18.444444444444443,0.4885273571519389,True
18.444444444444443,0.5411695265464638,True
18.444444444444443,0.5994842503189411,True
18.444444444444443,0.6640827850634842,True
18.444444444444443,0.7356422544596414,True
18.444444444444443,0.8149127469020745,True
18.444444444444443,0.9027251779484579,True
18.444444444444443,1.0,True
18.444444444444443,1.1077568505097097,True
18.444444444444443,1.2271252398511903,True
18.444444444444443,1.3593563908785256,True
18.444444444444443,1.5058363542798414,True
18.444444444444443,1.6681005372000592,True
18.444444444444443,1.8478497974222907,True
18.444444444444443,2.046968271807522,True
18.444444444444443,2.267543125870802,True
18.444444444444443,2.5118864315095797,True
18.444444444444443,2.782559402207126,True
18.444444444444443,3.0823992397451434,True
18.444444444444443,3.414548873833601,True
18.444444444444443,3.782489906389386,True
18.444444444444443,4.190079105786669,True
18.444444444444443,4.641588833612782,True
18.444444444444443,5.141751827683928,True
18.444444444444443,5.695810810737687,True
18.444444444444443,6.309573444801936,True
18.444444444444443,6.989473207273487,True
18.444444444444443,7.742636826811269,True
18.444444444444443,8.576958985908945,True
18.444444444444443,9.50118507318144,True
18.444444444444443,10.525002852777327,True
18.444444444444443,11.659144011798324,True
18.444444444444443,12.91549665014884,True
18.444444444444443,14.307229891937586,True
18.444444444444443,15.848931924611142,True
18.444444444444443,17.556762912750013,True
18.444444444444443,19.448624389373634,True
18.444444444444443,21.544346900318846,True
18.444444444444443,23.865897868585808,True
18.444444444444443,26.437611857491014,True
18.444444444444443,29.286445646252375,True
18.444444444444443,32.4422607917163,True
18.444444444444443,35.938136638046295,True
18.444444444444443,39.810717055349734,True
18.444444444444443,44.100594541767364,True
18.444444444444443,48.852735715193916,True
18.444444444444443,54.116952654646376,True
18.444444444444443,59.948425031894146,True
18.444444444444443,66.40827850634845,True
18.444444444444443,73.56422544596414,True
18.444444444444443,81.49127469020749,True
18.444444444444443,90.27251779484578,True
18.444444444444443,100.0,True
18.666666666666664,0.01,True
18.666666666666664,0.011077568505097092,True
18.666666666666664,0.012271252398511897,True
18.666666666666664,0.013593563908785255,True
18.666666666666664,0.015058363542798407,True
18.666666666666664,0.016681005372000592,True
18.666666666666664,0.018478497974222907,True
18.666666666666664,0.02046968271807521,True
18.666666666666664,0.02267543125870802,True
18.666666666666664,0.025118864315095794,True
18.666666666666664,0.027825594022071243,True
18.666666666666664,0.030823992397451434,True
18.666666666666664,0.034145488738336005,True
18.666666666666664,0.037824899063893865,True
18.666666666666664,0.04190079105786669,True
18.666666666666664,0.046415888336127795,True
18.666666666666664,0.051417518276839276,True
18.666666666666664,0.056958108107376865,True
18.666666666666664,0.06309573444801933,True
18.666666666666664,0.06989473207273486,True
18.666666666666664,0.0774263682681127,True
18.666666666666664,0.08576958985908942,True
18.666666666666664,0.0950118507318144,True
18.666666666666664,0.10525002852777332,True
18.666666666666664,0.11659144011798317,True
18.666666666666664,0.1291549665014884,True
18.666666666666664,0.14307229891937578,True
18.666666666666664,0.15848931924611134,True
18.666666666666664,0.17556762912750015,True
18.666666666666664,0.19448624389373625,True
18.666666666666664,0.21544346900318845,True
18.666666666666664,0.2386589786858581,True
18.666666666666664,0.26437611857491,True
18.666666666666664,0.29286445646252374,True
18.666666666666664,0.324422607917163,True
18.666666666666664,0.35938136638046275,True
18.666666666666664,0.3981071705534973,True
18.666666666666664,0.44100594541767385,True
18.666666666666664,0.4885273571519389,True
18.666666666666664,0.5411695265464638,True
18.666666666666664,0.5994842503189411,True
18.666666666666664,0.6640827850634842,True
18.666666666666664,0.7356422544596414,True
18.666666666666664,0.8149127469020745,True
18.666666666666664,0.9027251779484579,True
18.666666666666664,1.0,True
18.666666666666664,1.1077568505097097,True
18.666666666666664,1.2271252398511903,True
18.666666666666664,1.3593563908785256,True
18.666666666666664,1.5058363542798414,True
18.666666666666664,1.6681005372000592,True
18.666666666666664,1.8478497974222907,True
18.666666666666664,2.046968271807522,True
18.666666666666664,2.267543125870802,True
18.666666666666664,2.5118864315095797,True
18.666666666666664,2.782559402207126,True
18.666666666666664,3.0823992397451434,True
18.666666666666664,3.414548873833601,True
18.666666666666664,3.782489906389386,True
18.666666666666664,4.190079105786669,True
18.666666666666664,4.641588833612782,True
18.666666666666664,5.141751827683928,True
18.666666666666664,5.695810810737687,True
18.666666666666664,6.309573444801936,True
18.666666666666664,6.989473207273487,True
18.666666666666664,7.742636826811269,True
18.666666666666664,8.576958985908945,True
18.666666666666664,9.50118507318144,True
18.666666666666664,10.525002852777327,True
18.666666666666664,11.659144011798324,True
18.666666666666664,12.91549665014884,True
18.666666666666664,14.307229891937586,True
18.666666666666664,15.848931924611142,True
18.666666666666664,17.556762912750013,True
18.666666666666664,19.448624389373634,True
18.666666666666664,21.544346900318846,True
18.666666666666664,23.865897868585808,True
18.666666666666664,26.437611857491014,True
18.666666666666664,29.286445646252375,True
18.666666666666664,32.4422607917163,True
18.666666666666664,35.938136638046295,True
18.666666666666664,39.810717055349734,True
18.666666666666664,44.100594541767364,True
18.666666666666664,48.852735715193916,True
18.666666666666664,54.116952654646376,True
18.666666666666664,59.948425031894146,True
18.666666666666664,66.40827850634845,True
18.666666666666664,73.56422544596414,True
18.666666666666664,81.49127469020749,True
18.666666666666664,90.27251779484578,True
18.666666666666664,100.0,True
18.88888888888889,0.01,True
18.88888888888889,0.011077568505097092,True
18.88888888888889,0.012271252398511897,True
18.88888888888889,0.013593563908785255,True
18.88888888888889,0.015058363542798407,True
18.88888888888889,0.016681005372000592,True
18.88888888888889,0.018478497974222907,True
18.88888888888889,0.02046968271807521,True
18.88888888888889,0.02267543125870802,True
18.88888888888889,0.025118864315095794,True
18.88888888888889,0.027825594022071243,True
18.88888888888889,0.030823992397451434,True
18.88888888888889,0.034145488738336005,True
18.88888888888889,0.037824899063893865,True
18.88888888888889,0.04190079105786669,True
18.88888888888889,0.046415888336127795,True
18.88888888888889,0.051417518276839276,True
18.88888888888889,0.056958108107376865,True
18.88888888888889,0.06309573444801933,True
18.88888888888889,0.06989473207273486,True
18.88888888888889,0.0774263682681127,True
18.88888888888889,0.08576958985908942,True
18.88888888888889,0.0950118507318144,True
18.88888888888889,0.10525002852777332,True
18.88888888888889,0.11659144011798317,True
18.88888888888889,0.1291549665014884,True
18.88888888888889,0.14307229891937578,True
18.88888888888889,0.15848931924611134,True
18.88888888888889,0.17556762912750015,True
18.88888888888889,0.19448624389373625,True
18.88888888888889,0.21544346900318845,True
18.88888888888889,0.2386589786858581,True
18.88888888888889,0.26437611857491,True
18.88888888888889,0.29286445646252374,True
18.88888888888889,0.324422607917163,True
18.88888888888889,0.35938136638046275,True
18.88888888888889,0.3981071705534973,True
18.88888888888889,0.44100594541767385,True
18.88888888888889,0.4885273571519389,True
18.88888888888889,0.5411695265464638,True
18.88888888888889,0.5994842503189411,True
18.88888888888889,0.6640827850634842,True
18.88888888888889,0.7356422544596414,True
18.88888888888889,0.8149127469020745,True
18.88888888888889,0.9027251779484579,True
18.88888888888889,1.0,True
18.88888888888889,1.1077568505097097,True
18.88888888888889,1.2271252398511903,True
18.88888888888889,1.3593563908785256,True
18.88888888888889,1.5058363542798414,True
18.88888888888889,1.6681005372000592,True
18.88888888888889,1.8478497974222907,True
18.88888888888889,2.046968271807522,True
18.88888888888889,2.267543125870802,True
18.88888888888889,2.5118864315095797,True
18.88888888888889,2.782559402207126,True
18.88888888888889,3.0823992397451434,True
18.88888888888889,3.414548873833601,True
18.88888888888889,3.782489906389386,True
18.88888888888889,4.190079105786669,True
18.88888888888889,4.641588833612782,True
18.88888888888889,5.141751827683928,True
18.88888888888889,5.695810810737687,True
18.88888888888889,6.309573444801936,True
18.88888888888889,6.989473207273487,True
18.88888888888889,7.742636826811269,True
18.88888888888889,8.576958985908945,True
18.88888888888889,9.50118507318144,True
18.88888888888889,10.525002852777327,True
18.88888888888889,11.659144011798324,True
18.88888888888889,12.91549665014884,True
18.88888888888889,14.307229891937586,True
18.88888888888889,15.848931924611142,True
18.88888888888889,17.556762912750013,True
18.88888888888889,19.448624389373634,True
18.88888888888889,21.544346900318846,True
18.88888888888889,23.865897868585808,True
18.88888888888889,26.437611857491014,True
18.88888888888889,29.286445646252375,True
18.88888888888889,32.4422607917163,True
18.88888888888889,35.938136638046295,True
18.88888888888889,39.810717055349734,True
18.88888888888889,44.100594541767364,True
18.88888888888889,48.852735715193916,True
18.88888888888889,54.116952654646376,True
18.88888888888889,59.948425031894146,True
18.88888888888889,66.40827850634845,True
18.88888888888889,73.56422544596414,True
18.88888888888889,81.49127469020749,True
18.88888888888889,90.27251779484578,True
18.88888888888889,100.0,True
19.11111111111111,0.01,True
19.11111111111111,0.011077568505097092,True
19.11111111111111,0.012271252398511897,True
19.11111111111111,0.013593563908785255,True
19.11111111111111,0.015058363542798407,True
19.11111111111111,0.016681005372000592,True
19.11111111111111,0.018478497974222907,True
19.11111111111111,0.02046968271807521,True
19.11111111111111,0.02267543125870802,True
19.11111111111111,0.025118864315095794,True
19.11111111111111,0.027825594022071243,True
19.11111111111111,0.030823992397451434,True
19.11111111111111,0.034145488738336005,True
19.11111111111111,0.037824899063893865,True
19.11111111111111,0.04190079105786669,True
19.11111111111111,0.046415888336127795,True
19.11111111111111,0.051417518276839276,True
19.11111111111111,0.056958108107376865,True
19.11111111111111,0.06309573444801933,True
19.11111111111111,0.06989473207273486,True
19.11111111111111,0.0774263682681127,True
19.11111111111111,0.08576958985908942,True
19.11111111111111,0.0950118507318144,True
19.11111111111111,0.10525002852777332,True
19.11111111111111,0.11659144011798317,True
19.11111111111111,0.1291549665014884,True
19.11111111111111,0.14307229891937578,True
19.11111111111111,0.15848931924611134,True
19.11111111111111,0.17556762912750015,True
19.11111111111111,0.19448624389373625,True
19.11111111111111,0.21544346900318845,True
19.11111111111111,0.2386589786858581,True
19.11111111111111,0.26437611857491,True
19.11111111111111,0.29286445646252374,True
19.11111111111111,0.324422607917163,True
19.11111111111111,0.35938136638046275,True
19.11111111111111,0.3981071705534973,True
19.11111111111111,0.44100594541767385,True
19.11111111111111,0.4885273571519389,True
19.11111111111111,0.5411695265464638,True
19.11111111111111,0.5994842503189411,True
19.11111111111111,0.6640827850634842,True
19.11111111111111,0.7356422544596414,True
19.11111111111111,0.8149127469020745,True
19.11111111111111,0.9027251779484579,True
19.11111111111111,1.0,True
19.11111111111111,1.1077568505097097,True
19.11111111111111,1.2271252398511903,True
19.11111111111111,1.3593563908785256,True
19.11111111111111,1.5058363542798414,True
19.11111111111111,1.6681005372000592,True
19.11111111111111,1.8478497974222907,True
19.11111111111111,2.046968271807522,True
19.11111111111111,2.267543125870802,True
19.11111111111111,2.5118864315095797,True
19.11111111111111,2.782559402207126,True
19.11111111111111,3.0823992397451434,True
19.11111111111111,3.414548873833601,True
19.11111111111111,3.782489906389386,True
19.11111111111111,4.190079105786669,True
19.11111111111111,4.641588833612782,True
19.11111111111111,5.141751827683928,True
19.11111111111111,5.695810810737687,True
19.11111111111111,6.309573444801936,True
19.11111111111111,6.989473207273487,True
19.11111111111111,7.742636826811269,True
19.11111111111111,8.576958985908945,True
19.11111111111111,9.50118507318144,True
19.11111111111111,10.525002852777327,True
19.11111111111111,11.659144011798324,True
19.11111111111111,12.91549665014884,True
19.11111111111111,14.307229891937586,True
19.11111111111111,15.848931924611142,True
19.11111111111111,17.556762912750013,True
19.11111111111111,19.448624389373634,True
19.11111111111111,21.544346900318846,True
19.11111111111111,23.865897868585808,True
19.11111111111111,26.437611857491014,True
19.11111111111111,29.286445646252375,True
19.11111111111111,32.4422607917163,True
19.11111111111111,35.938136638046295,True
19.11111111111111,39.810717055349734,True
19.11111111111111,44.100594541767364,True
19.11111111111111,48.852735715193916,True
19.11111111111111,54.116952654646376,True
19.11111111111111,59.948425031894146,True
19.11111111111111,66.40827850634845,True
19.11111111111111,73.56422544596414,True
19.11111111111111,81.49127469020749,True
19.11111111111111,90.27251779484578,True
19.11111111111111,100.0,True
19.333333333333332,0.01,True
19.333333333333332,0.011077568505097092,True
19.333333333333332,0.012271252398511897,True
19.333333333333332,0.013593563908785255,True
19.333333333333332,0.015058363542798407,True
19.333333333333332,0.016681005372000592,True
19.333333333333332,0.018478497974222907,True
19.333333333333332,0.02046968271807521,True
19.333333333333332,0.02267543125870802,True
19.333333333333332,0.025118864315095794,True
19.333333333333332,0.027825594022071243,True
19.333333333333332,0.030823992397451434,True
19.333333333333332,0.034145488738336005,True
19.333333333333332,0.037824899063893865,True
19.333333333333332,0.04190079105786669,True
19.333333333333332,0.046415888336127795,True
19.333333333333332,0.051417518276839276,True
19.333333333333332,0.056958108107376865,True
19.333333333333332,0.06309573444801933,True
19.333333333333332,0.06989473207273486,True
19.333333333333332,0.0774263682681127,True
19.333333333333332,0.08576958985908942,True
19.333333333333332,0.0950118507318144,True
19.333333333333332,0.10525002852777332,True
19.333333333333332,0.11659144011798317,True
19.333333333333332,0.1291549665014884,True
19.333333333333332,0.14307229891937578,True
19.333333333333332,0.15848931924611134,True
19.333333333333332,0.17556762912750015,True
19.333333333333332,0.19448624389373625,True
19.333333333333332,0.21544346900318845,True
19.333333333333332,0.2386589786858581,True
19.333333333333332,0.26437611857491,True
19.333333333333332,0.29286445646252374,True
19.333333333333332,0.324422607917163,True
19.333333333333332,0.35938136638046275,True
19.333333333333332,0.3981071705534973,True
19.333333333333332,0.44100594541767385,True
19.333333333333332,0.4885273571519389,True
19.333333333333332,0.5411695265464638,True
19.333333333333332,0.5994842503189411,True
19.333333333333332,0.6640827850634842,True
19.333333333333332,0.7356422544596414,True
19.333333333333332,0.8149127469020745,True
19.333333333333332,0.9027251779484579,True
19.333333333333332,1.0,True
19.333333333333332,1.1077568505097097,True
19.333333333333332,1.2271252398511903,True
19.333333333333332,1.3593563908785256,True
19.333333333333332,1.5058363542798414,True
19.333333333333332,1.6681005372000592,True
19.333333333333332,1.8478497974222907,True
19.333333333333332,2.046968271807522,True
19.333333333333332,2.267543125870802,True
19.333333333333332,2.5118864315095797,True
19.333333333333332,2.782559402207126,True
19.333333333333332,3.0823992397451434,True
19.333333333333332,3.414548873833601,True
19.333333333333332,3.782489906389386,True
19.333333333333332,4.190079105786669,True
19.333333333333332,4.641588833612782,True
19.333333333333332,5.141751827683928,True
19.333333333333332,5.695810810737687,True
19.333333333333332,6.309573444801936,True
19.333333333333332,6.989473207273487,True
19.333333333333332,7.742636826811269,True
19.333333333333332,8.576958985908945,True
19.333333333333332,9.50118507318144,True
19.333333333333332,10.525002852777327,True
19.333333333333332,11.659144011798324,True
19.333333333333332,12.91549665014884,True
19.333333333333332,14.307229891937586,True
19.333333333333332,15.848931924611142,True
19.333333333333332,17.556762912750013,True
19.333333333333332,19.448624389373634,True
19.333333333333332,21.544346900318846,True
19.333333333333332,23.865897868585808,True
19.333333333333332,26.437611857491014,True
19.333333333333332,29.286445646252375,True
19.333333333333332,32.4422607917163,True
19.333333333333332,35.938136638046295,True
19.333333333333332,39.810717055349734,True
19.333333333333332,44.100594541767364,True
19.333333333333332,48.852735715193916,True
19.333333333333332,54.116952654646376,True
19.333333333333332,59.948425031894146,True
19.333333333333332,66.40827850634845,True
19.333333333333332,73.56422544596414,True
19.333333333333332,81.49127469020749,True
19.333333333333332,90.27251779484578,True
19.333333333333332,100.0,True
19.555555555555554,0.01,True
19.555555555555554,0.011077568505097092,True
19.555555555555554,0.012271252398511897,True
19.555555555555554,0.013593563908785255,True
19.555555555555554,0.015058363542798407,True
19.555555555555554,0.016681005372000592,True
19.555555555555554,0.018478497974222907,True
19.555555555555554,0.02046968271807521,True
19.555555555555554,0.02267543125870802,True
19.555555555555554,0.025118864315095794,True
19.555555555555554,0.027825594022071243,True
19.555555555555554,0.030823992397451434,True
19.555555555555554,0.034145488738336005,True
19.555555555555554,0.037824899063893865,True
19.555555555555554,0.04190079105786669,True
19.555555555555554,0.046415888336127795,True
19.555555555555554,0.051417518276839276,True
19.555555555555554,0.056958108107376865,True
19.555555555555554,0.06309573444801933,True
19.555555555555554,0.06989473207273486,True
19.555555555555554,0.0774263682681127,True
19.555555555555554,0.08576958985908942,True
19.555555555555554,0.0950118507318144,True
19.555555555555554,0.10525002852777332,True
19.555555555555554,0.11659144011798317,True
19.555555555555554,0.1291549665014884,True
19.555555555555554,0.14307229891937578,True
19.555555555555554,0.15848931924611134,True
19.555555555555554,0.17556762912750015,True
19.555555555555554,0.19448624389373625,True
19.555555555555554,0.21544346900318845,True
19.555555555555554,0.2386589786858581,True
19.555555555555554,0.26437611857491,True
19.555555555555554,0.29286445646252374,True
19.555555555555554,0.324422607917163,True
19.555555555555554,0.35938136638046275,True
19.555555555555554,0.3981071705534973,True
19.555555555555554,0.44100594541767385,True
19.555555555555554,0.4885273571519389,True
19.555555555555554,0.5411695265464638,True
19.555555555555554,0.5994842503189411,True
19.555555555555554,0.6640827850634842,True
19.555555555555554,0.7356422544596414,True
19.555555555555554,0.8149127469020745,True
19.555555555555554,0.9027251779484579,True
19.555555555555554,1.0,True
19.555555555555554,1.1077568505097097,True
19.555555555555554,1.2271252398511903,True
19.555555555555554,1.3593563908785256,True
19.555555555555554,1.5058363542798414,True
19.555555555555554,1.6681005372000592,True
19.555555555555554,1.8478497974222907,True
19.555555555555554,2.046968271807522,True
19.555555555555554,2.267543125870802,True
19.555555555555554,2.5118864315095797,True
19.555555555555554,2.782559402207126,True
19.555555555555554,3.0823992397451434,True
19.555555555555554,3.414548873833601,True
19.555555555555554,3.782489906389386,True
19.555555555555554,4.190079105786669,True
19.555555555555554,4.641588833612782,True
19.555555555555554,5.141751827683928,True
19.555555555555554,5.695810810737687,True
19.555555555555554,6.309573444801936,True
19.555555555555554,6.989473207273487,True
19.555555555555554,7.742636826811269,True
19.555555555555554,8.576958985908945,True
19.555555555555554,9.50118507318144,True
19.555555555555554,10.525002852777327,True
19.555555555555554,11.659144011798324,True
19.555555555555554,12.91549665014884,True
19.555555555555554,14.307229891937586,True
19.555555555555554,15.848931924611142,True
19.555555555555554,17.556762912750013,True
19.555555555555554,19.448624389373634,True
19.555555555555554,21.544346900318846,True
19.555555555555554,23.865897868585808,True
19.555555555555554,26.437611857491014,True
19.555555555555554,29.286445646252375,True
19.555555555555554,32.4422607917163,True
19.555555555555554,35.938136638046295,True
19.555555555555554,39.810717055349734,True
19.555555555555554,44.100594541767364,True
19.555555555555554,48.852735715193916,True
19.555555555555554,54.116952654646376,True
19.555555555555554,59.948425031894146,True
19.555555555555554,66.40827850634845,True
19.555555555555554,73.56422544596414,True
19.555555555555554,81.49127469020749,True
19.555555555555554,90.27251779484578,True
19.555555555555554,100.0,True
19.777777777777775,0.01,True
19.777777777777775,0.011077568505097092,True
19.777777777777775,0.012271252398511897,True
19.777777777777775,0.013593563908785255,True
19.777777777777775,0.015058363542798407,True
19.777777777777775,0.016681005372000592,True
19.777777777777775,0.018478497974222907,True
19.777777777777775,0.02046968271807521,True
19.777777777777775,0.02267543125870802,True
19.777777777777775,0.025118864315095794,True
19.777777777777775,0.027825594022071243,True
19.777777777777775,0.030823992397451434,True
19.777777777777775,0.034145488738336005,True
19.777777777777775,0.037824899063893865,True
19.777777777777775,0.04190079105786669,True
19.777777777777775,0.046415888336127795,True
19.777777777777775,0.051417518276839276,True
19.777777777777775,0.056958108107376865,True
19.777777777777775,0.06309573444801933,True
19.777777777777775,0.06989473207273486,True
19.777777777777775,0.0774263682681127,True
19.777777777777775,0.08576958985908942,True
19.777777777777775,0.0950118507318144,True
19.777777777777775,0.10525002852777332,True
19.777777777777775,0.11659144011798317,True
19.777777777777775,0.1291549665014884,True
19.777777777777775,0.14307229891937578,True
19.777777777777775,0.15848931924611134,True
19.777777777777775,0.17556762912750015,True
19.777777777777775,0.19448624389373625,True
19.777777777777775,0.21544346900318845,True
19.777777777777775,0.2386589786858581,True
19.777777777777775,0.26437611857491,True
19.777777777777775,0.29286445646252374,True
19.777777777777775,0.324422607917163,True
19.777777777777775,0.35938136638046275,True
19.777777777777775,0.3981071705534973,True
19.777777777777775,0.44100594541767385,True
19.777777777777775,0.4885273571519389,True
19.777777777777775,0.5411695265464638,True
19.777777777777775,0.5994842503189411,True
19.777777777777775,0.6640827850634842,True
19.777777777777775,0.7356422544596414,True
19.777777777777775,0.8149127469020745,True
19.777777777777775,0.9027251779484579,True
19.777777777777775,1.0,True
19.777777777777775,1.1077568505097097,True
19.777777777777775,1.2271252398511903,True
19.777777777777775,1.3593563908785256,True
19.777777777777775,1.5058363542798414,True
19.777777777777775,1.6681005372000592,True
19.777777777777775,1.8478497974222907,True
19.777777777777775,2.046968271807522,True
19.777777777777775,2.267543125870802,True
19.777777777777775,2.5118864315095797,True
19.777777777777775,2.782559402207126,True
19.777777777777775,3.0823992397451434,True
19.777777777777775,3.414548873833601,True
19.777777777777775,3.782489906389386,True
19.777777777777775,4.190079105786669,True
19.777777777777775,4.641588833612782,True
19.777777777777775,5.141751827683928,True
19.777777777777775,5.695810810737687,True
19.777777777777775,6.309573444801936,True
19.777777777777775,6.989473207273487,True
19.777777777777775,7.742636826811269,True
19.777777777777775,8.576958985908945,True
19.777777777777775,9.50118507318144,True
19.777777777777775,10.525002852777327,True
19.777777777777775,11.659144011798324,True
19.777777777777775,12.91549665014884,True
19.777777777777775,14.307229891937586,True
19.777777777777775,15.848931924611142,True
19.777777777777775,17.556762912750013,True
19.777777777777775,19.448624389373634,True
19.777777777777775,21.544346900318846,True
19.777777777777775,23.865897868585808,True
19.777777777777775,26.437611857491014,True
19.777777777777775,29.286445646252375,True
19.777777777777775,32.4422607917163,True
19.777777777777775,35.938136638046295,True
19.777777777777775,39.810717055349734,True
19.777777777777775,44.100594541767364,True
19.777777777777775,48.852735715193916,True
19.777777777777775,54.116952654646376,True
19.777777777777775,59.948425031894146,True
19.777777777777775,66.40827850634845,True
19.777777777777775,73.56422544596414,True
19.777777777777775,81.49127469020749,True
19.777777777777775,90.27251779484578,True
19.777777777777775,100.0,True
20.0,0.01,True
20.0,0.011077568505097092,True
20.0,0.012271252398511897,True
20.0,0.013593563908785255,True
20.0,0.015058363542798407,True
20.0,0.016681005372000592,True
20.0,0.018478497974222907,True
20.0,0.02046968271807521,True
20.0,0.02267543125870802,True
20.0,0.025118864315095794,True
20.0,0.027825594022071243,True
20.0,0.030823992397451434,True
20.0,0.034145488738336005,True
20.0,0.037824899063893865,True
20.0,0.04190079105786669,True
20.0,0.046415888336127795,True
20.0,0.051417518276839276,True
20.0,0.056958108107376865,True
20.0,0.06309573444801933,True
20.0,0.06989473207273486,True
20.0,0.0774263682681127,True
20.0,0.08576958985908942,True
20.0,0.0950118507318144,True
20.0,0.10525002852777332,True
20.0,0.11659144011798317,True
20.0,0.1291549665014884,True
20.0,0.14307229891937578,True
20.0,0.15848931924611134,True
20.0,0.17556762912750015,True
20.0,0.19448624389373625,True
20.0,0.21544346900318845,True
20.0,0.2386589786858581,True
20.0,0.26437611857491,True
20.0,0.29286445646252374,True
20.0,0.324422607917163,True
20.0,0.35938136638046275,True
20.0,0.3981071705534973,True
20.0,0.44100594541767385,True
20.0,0.4885273571519389,True
20.0,0.5411695265464638,True
20.0,0.5994842503189411,True
20.0,0.6640827850634842,True
20.0,0.7356422544596414,True
20.0,0.8149127469020745,True
20.0,0.9027251779484579,True
20.0,1.0,True
20.0,1.1077568505097097,True
20.0,1.2271252398511903,True
20.0,1.3593563908785256,True
20.0,1.5058363542798414,True
20.0,1.6681005372000592,True
20.0,1.8478497974222907,True
20.0,2.046968271807522,True
20.0,2.267543125870802,True
20.0,2.5118864315095797,True
20.0,2.782559402207126,True
20.0,3.0823992397451434,True
20.0,3.414548873833601,True
20.0,3.782489906389386,True
20.0,4.190079105786669,True
20.0,4.641588833612782,True
20.0,5.141751827683928,True
20.0,5.695810810737687,True
20.0,6.309573444801936,True
20.0,6.989473207273487,True
20.0,7.742636826811269,True
20.0,8.576958985908945,True
20.0,9.50118507318144,True
20.0,10.525002852777327,True
20.0,11.659144011798324,True
20.0,12.91549665014884,True
20.0,14.307229891937586,True
20.0,15.848931924611142,True
20.0,17.556762912750013,True
20.0,19.448624389373634,True
20.0,21.544346900318846,True
20.0,23.865897868585808,True
20.0,26.437611857491014,True
20.0,29.286445646252375,True
20.0,32.4422607917163,True
20.0,35.938136638046295,True
20.0,39.810717055349734,True
20.0,44.100594541767364,True
20.0,48.852735715193916,True
20.0,54.116952654646376,True
20.0,59.948425031894146,True
20.0,66.40827850634845,True
20.0,73.56422544596414,True
20.0,81.49127469020749,True
20.0,90.27251779484578,True
20.0,100.0,True
